sampler,seed,d,K,hall_gt,model,arch,n_per_mode,n_anchors,full_acc,mode_acc,mode_f1,hall_prec,hall_rec,hall_f1,balanced
flow,0,2,2,0.0094,knn,knn,20000,60000,0.9950,0.9965,0.9974,0.7000,0.8355,0.7618,0.8792
flow,0,2,2,0.0094,altered_knn,altered_knn,20000,40000,0.9817,0.9883,0.9908,0.1909,0.2891,0.2300,0.6091
flow,0,2,2,0.0094,quadratic,quadratic,20000,60000,0.9884,0.9929,0.9926,0.5449,0.5146,0.5293,0.7611
flow,0,2,2,0.0094,quadratic_cal,quadratic,20000,60000,0.9884,0.9929,0.9926,0.5447,0.5172,0.5306,0.7617
flow,0,2,2,0.0094,polar8,polar,20000,60000,0.9950,0.9971,0.9974,0.7289,0.7772,0.7522,0.8747
flow,0,2,2,0.0094,polar8_cal,polar,20000,60000,0.9950,0.9971,0.9974,0.7330,0.7719,0.7519,0.8745
flow,0,2,2,0.0094,knn,knn,50000,150000,0.9950,0.9970,0.9974,0.7273,0.7851,0.7551,0.8760
flow,0,2,2,0.0094,altered_knn,altered_knn,50000,100000,0.9887,0.9963,0.9943,0.3302,0.1883,0.2399,0.6181
flow,0,2,2,0.0094,quadratic,quadratic,50000,150000,0.9883,0.9929,0.9925,0.5527,0.5146,0.5330,0.7629
flow,0,2,2,0.0094,quadratic_cal,quadratic,50000,150000,0.9882,0.9927,0.9925,0.5462,0.5172,0.5313,0.7620
flow,0,2,2,0.0094,polar8,polar,50000,150000,0.9950,0.9970,0.9974,0.7259,0.7798,0.7519,0.8745
flow,0,2,2,0.0094,polar8_cal,polar,50000,150000,0.9950,0.9971,0.9974,0.7323,0.7692,0.7503,0.8737
flow,0,2,2,0.0094,knn,knn,100000,300000,0.9952,0.9973,0.9975,0.7468,0.7745,0.7604,0.8789
flow,0,2,2,0.0094,altered_knn,altered_knn,100000,200000,0.9890,0.9975,0.9944,0.2835,0.0955,0.1429,0.5702
flow,0,2,2,0.0094,quadratic,quadratic,100000,300000,0.9900,0.9944,0.9941,0.5609,0.5252,0.5425,0.7684
flow,0,2,2,0.0094,quadratic_cal,quadratic,100000,300000,0.9900,0.9944,0.9941,0.5629,0.5225,0.5420,0.7682
flow,0,2,2,0.0094,polar8,polar,100000,300000,0.9949,0.9971,0.9973,0.7268,0.7692,0.7474,0.8722
flow,0,2,2,0.0094,polar8_cal,polar,100000,300000,0.9949,0.9971,0.9973,0.7286,0.7692,0.7484,0.8727
flow,100,2,2,0.0088,knn,knn,20000,60000,0.9953,0.9964,0.9976,0.6868,0.8722,0.7685,0.8824
flow,100,2,2,0.0088,altered_knn,altered_knn,20000,40000,0.9864,0.9925,0.9931,0.2601,0.2926,0.2754,0.6340
flow,100,2,2,0.0088,quadratic,quadratic,20000,60000,0.9890,0.9928,0.9930,0.5355,0.5568,0.5460,0.7694
flow,100,2,2,0.0088,quadratic_cal,quadratic,20000,60000,0.9882,0.9918,0.9926,0.4940,0.5852,0.5358,0.7638
flow,100,2,2,0.0088,polar8,polar,20000,60000,0.9959,0.9973,0.9979,0.7437,0.8409,0.7893,0.8933
flow,100,2,2,0.0088,polar8_cal,polar,20000,60000,0.9959,0.9973,0.9978,0.7494,0.8324,0.7887,0.8930
flow,100,2,2,0.0088,knn,knn,50000,150000,0.9959,0.9974,0.9979,0.7405,0.8267,0.7812,0.8893
flow,100,2,2,0.0088,altered_knn,altered_knn,50000,100000,0.9900,0.9968,0.9950,0.3824,0.2216,0.2806,0.6387
flow,100,2,2,0.0088,quadratic,quadratic,50000,150000,0.9892,0.9930,0.9932,0.5393,0.5653,0.5520,0.7725
flow,100,2,2,0.0088,quadratic_cal,quadratic,50000,150000,0.9887,0.9922,0.9929,0.5086,0.5909,0.5466,0.7694
flow,100,2,2,0.0088,polar8,polar,50000,150000,0.9956,0.9970,0.9977,0.7248,0.8381,0.7773,0.8872
flow,100,2,2,0.0088,polar8_cal,polar,50000,150000,0.9958,0.9973,0.9978,0.7399,0.8324,0.7834,0.8903
flow,100,2,2,0.0088,knn,knn,100000,300000,0.9960,0.9976,0.9979,0.7573,0.8153,0.7852,0.8914
flow,100,2,2,0.0088,altered_knn,altered_knn,100000,200000,0.9902,0.9979,0.9951,0.3594,0.1307,0.1917,0.5948
flow,100,2,2,0.0088,quadratic,quadratic,100000,300000,0.9912,0.9949,0.9952,0.5381,0.5824,0.5593,0.7771
flow,100,2,2,0.0088,quadratic_cal,quadratic,100000,300000,0.9904,0.9938,0.9948,0.4965,0.6108,0.5478,0.7708
flow,100,2,2,0.0088,polar8,polar,100000,300000,0.9957,0.9971,0.9978,0.7302,0.8381,0.7804,0.8888
flow,100,2,2,0.0088,polar8_cal,polar,100000,300000,0.9959,0.9973,0.9978,0.7455,0.8324,0.7866,0.8920
flow,200,2,2,0.0102,knn,knn,20000,60000,0.9965,0.9970,0.9982,0.7683,0.9510,0.8499,0.9235
flow,200,2,2,0.0102,altered_knn,altered_knn,20000,40000,0.9852,0.9925,0.9925,0.2716,0.2696,0.2706,0.6316
flow,200,2,2,0.0102,quadratic,quadratic,20000,60000,0.9883,0.9929,0.9928,0.5567,0.5417,0.5491,0.7710
flow,200,2,2,0.0102,quadratic_cal,quadratic,20000,60000,0.9885,0.9932,0.9929,0.5696,0.5319,0.5501,0.7716
flow,200,2,2,0.0102,polar8,polar,20000,60000,0.9967,0.9978,0.9983,0.8040,0.8946,0.8469,0.9223
flow,200,2,2,0.0102,polar8_cal,polar,20000,60000,0.9967,0.9979,0.9983,0.8141,0.8799,0.8457,0.9218
flow,200,2,2,0.0102,knn,knn,50000,150000,0.9972,0.9979,0.9986,0.8214,0.9240,0.8697,0.9338
flow,200,2,2,0.0102,altered_knn,altered_knn,50000,100000,0.9891,0.9967,0.9945,0.4426,0.2549,0.3235,0.6601
flow,200,2,2,0.0102,quadratic,quadratic,50000,150000,0.9885,0.9932,0.9930,0.5609,0.5417,0.5511,0.7721
flow,200,2,2,0.0102,quadratic_cal,quadratic,50000,150000,0.9887,0.9935,0.9931,0.5733,0.5270,0.5492,0.7713
flow,200,2,2,0.0102,polar8,polar,50000,150000,0.9968,0.9978,0.9984,0.8097,0.8971,0.8512,0.9245
flow,200,2,2,0.0102,polar8_cal,polar,50000,150000,0.9967,0.9979,0.9984,0.8145,0.8824,0.8471,0.9225
flow,200,2,2,0.0102,knn,knn,100000,300000,0.9972,0.9984,0.9986,0.8474,0.8848,0.8657,0.9320
flow,200,2,2,0.0102,altered_knn,altered_knn,100000,200000,0.9904,0.9984,0.9952,0.5828,0.2157,0.3148,0.6566
flow,200,2,2,0.0102,quadratic,quadratic,100000,300000,0.9909,0.9954,0.9954,0.5608,0.5539,0.5573,0.7764
flow,200,2,2,0.0102,quadratic_cal,quadratic,100000,300000,0.9908,0.9954,0.9953,0.5567,0.5539,0.5553,0.7753
flow,200,2,2,0.0102,polar8,polar,100000,300000,0.9966,0.9978,0.9983,0.8067,0.8799,0.8417,0.9198
flow,200,2,2,0.0102,polar8_cal,polar,100000,300000,0.9965,0.9977,0.9982,0.7996,0.8799,0.8378,0.9178
flow,0,2,4,0.0109,knn,knn,20000,120000,0.9885,0.9912,0.9929,0.5655,0.7391,0.6408,0.8160
flow,0,2,4,0.0109,altered_knn,altered_knn,20000,80000,0.9801,0.9870,0.9891,0.2560,0.3529,0.2968,0.6419
flow,0,2,4,0.0109,quadratic,quadratic,20000,120000,0.9239,0.9285,0.9372,0.1903,0.5092,0.2770,0.6028
flow,0,2,4,0.0109,quadratic_cal,quadratic,20000,120000,0.9356,0.9425,0.9415,0.3841,0.3046,0.3397,0.6411
flow,0,2,4,0.0109,polar8,polar,20000,120000,0.9869,0.9893,0.9919,0.5215,0.7667,0.6208,0.8050
flow,0,2,4,0.0109,polar8_cal,polar,20000,120000,0.9889,0.9932,0.9925,0.6960,0.6000,0.6444,0.8188
flow,0,2,4,0.0109,knn,knn,50000,300000,0.9896,0.9930,0.9933,0.6528,0.6851,0.6685,0.8308
flow,0,2,4,0.0109,altered_knn,altered_knn,50000,200000,0.9835,0.9907,0.9907,0.3299,0.3276,0.3287,0.6597
flow,0,2,4,0.0109,quadratic,quadratic,50000,300000,0.9326,0.9372,0.9463,0.1882,0.5115,0.2751,0.6062
flow,0,2,4,0.0109,quadratic_cal,quadratic,50000,300000,0.9436,0.9505,0.9493,0.4157,0.3172,0.3598,0.6552
flow,0,2,4,0.0109,polar8,polar,50000,300000,0.9874,0.9901,0.9921,0.5456,0.7425,0.6290,0.8096
flow,0,2,4,0.0109,polar8_cal,polar,50000,300000,0.9897,0.9936,0.9929,0.7360,0.6345,0.6815,0.8375
flow,0,2,4,0.0109,knn,knn,100000,600000,0.9900,0.9936,0.9932,0.7087,0.6655,0.6864,0.8400
flow,0,2,4,0.0109,altered_knn,altered_knn,100000,400000,0.9849,0.9931,0.9910,0.3933,0.2414,0.2991,0.6461
flow,0,2,4,0.0109,quadratic,quadratic,100000,600000,0.9433,0.9479,0.9578,0.1856,0.5322,0.2752,0.6115
flow,0,2,4,0.0109,quadratic_cal,quadratic,100000,600000,0.9559,0.9624,0.9613,0.4618,0.3609,0.4052,0.6838
flow,0,2,4,0.0109,polar8,polar,100000,600000,0.9887,0.9916,0.9926,0.6084,0.7195,0.6593,0.8255
flow,0,2,4,0.0109,polar8_cal,polar,100000,600000,0.9896,0.9933,0.9929,0.7074,0.6586,0.6821,0.8377
flow,100,2,4,0.0101,knn,knn,20000,120000,0.9904,0.9932,0.9946,0.5635,0.7173,0.6312,0.8122
flow,100,2,4,0.0101,altered_knn,altered_knn,20000,80000,0.9848,0.9920,0.9918,0.2961,0.2815,0.2886,0.6403
flow,100,2,4,0.0101,quadratic,quadratic,20000,120000,0.9464,0.9523,0.9541,0.2651,0.3630,0.3064,0.6294
flow,100,2,4,0.0101,quadratic_cal,quadratic,20000,120000,0.9481,0.9543,0.9550,0.3011,0.3457,0.3218,0.6381
flow,100,2,4,0.0101,polar8,polar,20000,120000,0.9905,0.9927,0.9947,0.5595,0.7716,0.6487,0.8207
flow,100,2,4,0.0101,polar8_cal,polar,20000,120000,0.9914,0.9947,0.9949,0.6441,0.6704,0.6570,0.8258
flow,100,2,4,0.0101,knn,knn,50000,300000,0.9913,0.9945,0.9949,0.6307,0.6790,0.6540,0.8243
flow,100,2,4,0.0101,altered_knn,altered_knn,50000,200000,0.9858,0.9932,0.9923,0.3171,0.2654,0.2890,0.6411
flow,100,2,4,0.0101,quadratic,quadratic,50000,300000,0.9515,0.9572,0.9617,0.2020,0.3914,0.2665,0.6118
flow,100,2,4,0.0101,quadratic_cal,quadratic,50000,300000,0.9550,0.9612,0.9615,0.3223,0.3494,0.3353,0.6482
flow,100,2,4,0.0101,polar8,polar,50000,300000,0.9910,0.9937,0.9948,0.5951,0.7259,0.6541,0.8239
flow,100,2,4,0.0101,polar8_cal,polar,50000,300000,0.9915,0.9948,0.9949,0.6569,0.6642,0.6605,0.8277
flow,100,2,4,0.0101,knn,knn,100000,600000,0.9914,0.9948,0.9949,0.6540,0.6605,0.6572,0.8260
flow,100,2,4,0.0101,altered_knn,altered_knn,100000,400000,0.9871,0.9953,0.9928,0.3710,0.1864,0.2482,0.6217
flow,100,2,4,0.0101,quadratic,quadratic,100000,600000,0.9447,0.9489,0.9648,0.1250,0.5259,0.2020,0.5755
flow,100,2,4,0.0101,quadratic_cal,quadratic,100000,600000,0.9659,0.9726,0.9726,0.3143,0.3185,0.3164,0.6445
flow,100,2,4,0.0101,polar8,polar,100000,600000,0.9911,0.9941,0.9948,0.6168,0.6975,0.6547,0.8244
flow,100,2,4,0.0101,polar8_cal,polar,100000,600000,0.9912,0.9946,0.9948,0.6429,0.6667,0.6545,0.8246
flow,200,2,4,0.0109,knn,knn,20000,120000,0.9935,0.9952,0.9967,0.6598,0.8419,0.7398,0.8675
flow,200,2,4,0.0109,altered_knn,altered_knn,20000,80000,0.9850,0.9921,0.9923,0.3289,0.3425,0.3356,0.6638
flow,200,2,4,0.0109,quadratic,quadratic,20000,120000,0.9293,0.9351,0.9389,0.2320,0.3998,0.2936,0.6144
flow,200,2,4,0.0109,quadratic_cal,quadratic,20000,120000,0.9342,0.9407,0.9402,0.3910,0.3494,0.3690,0.6549
flow,200,2,4,0.0109,polar8,polar,20000,120000,0.9936,0.9952,0.9968,0.6646,0.8511,0.7464,0.8708
flow,200,2,4,0.0109,polar8_cal,polar,20000,120000,0.9941,0.9972,0.9970,0.7461,0.7171,0.7313,0.8642
flow,200,2,4,0.0109,knn,knn,50000,300000,0.9947,0.9970,0.9973,0.7416,0.7858,0.7631,0.8800
flow,200,2,4,0.0109,altered_knn,altered_knn,50000,200000,0.9874,0.9942,0.9936,0.4120,0.3700,0.3899,0.6920
flow,200,2,4,0.0109,quadratic,quadratic,50000,300000,0.9337,0.9389,0.9464,0.1900,0.4593,0.2689,0.6039
flow,200,2,4,0.0109,quadratic_cal,quadratic,50000,300000,0.9417,0.9482,0.9476,0.3961,0.3471,0.3700,0.6591
flow,200,2,4,0.0109,polar8,polar,50000,300000,0.9937,0.9954,0.9968,0.6706,0.8442,0.7475,0.8714
flow,200,2,4,0.0109,polar8_cal,polar,50000,300000,0.9943,0.9972,0.9970,0.7503,0.7262,0.7381,0.8676
flow,200,2,4,0.0109,knn,knn,100000,600000,0.9946,0.9973,0.9972,0.7608,0.7468,0.7538,0.8755
flow,200,2,4,0.0109,altered_knn,altered_knn,100000,400000,0.9892,0.9973,0.9945,0.5126,0.2566,0.3420,0.6696
flow,200,2,4,0.0109,quadratic,quadratic,100000,600000,0.9378,0.9421,0.9556,0.1547,0.5521,0.2417,0.5919
flow,200,2,4,0.0109,quadratic_cal,quadratic,100000,600000,0.9534,0.9602,0.9600,0.3543,0.3414,0.3477,0.6540
flow,200,2,4,0.0109,polar8,polar,100000,600000,0.9943,0.9965,0.9971,0.7198,0.7973,0.7565,0.8765
flow,200,2,4,0.0109,polar8_cal,polar,100000,600000,0.9945,0.9975,0.9972,0.7703,0.7182,0.7433,0.8704
flow,0,2,8,0.0117,knn,knn,20000,240000,0.9795,0.9851,0.9866,0.4087,0.5125,0.4547,0.7199
flow,0,2,8,0.0117,altered_knn,altered_knn,20000,160000,0.9704,0.9785,0.9829,0.1652,0.2893,0.2103,0.5944
flow,0,2,8,0.0117,quadratic,quadratic,20000,240000,0.8460,0.8498,0.9078,0.0448,0.5280,0.0825,0.4661
flow,0,2,8,0.0117,quadratic_cal,quadratic,20000,240000,0.9508,0.9588,0.9580,0.3100,0.2738,0.2908,0.6248
flow,0,2,8,0.0117,polar8,polar,20000,240000,0.9796,0.9847,0.9869,0.3995,0.5461,0.4614,0.7231
flow,0,2,8,0.0117,polar8_cal,polar,20000,240000,0.9809,0.9869,0.9869,0.4818,0.4795,0.4806,0.7338
flow,0,2,8,0.0117,knn,knn,50000,600000,0.9807,0.9867,0.9867,0.4709,0.4779,0.4744,0.7305
flow,0,2,8,0.0117,altered_knn,altered_knn,50000,400000,0.9749,0.9843,0.9845,0.1762,0.1822,0.1792,0.5817
flow,0,2,8,0.0117,quadratic,quadratic,50000,600000,0.8918,0.8963,0.9396,0.0589,0.5157,0.1057,0.5010
flow,0,2,8,0.0117,quadratic_cal,quadratic,50000,600000,0.9751,0.9832,0.9826,0.3268,0.2941,0.3096,0.6464
flow,0,2,8,0.0117,polar8,polar,50000,600000,0.9800,0.9855,0.9868,0.4238,0.5173,0.4659,0.7257
flow,0,2,8,0.0117,polar8_cal,polar,50000,600000,0.9810,0.9871,0.9867,0.4975,0.4678,0.4822,0.7346
flow,0,2,8,0.0117,knn,knn,100000,1200000,0.9812,0.9873,0.9868,0.5100,0.4635,0.4856,0.7365
flow,0,2,8,0.0117,altered_knn,altered_knn,100000,800000,0.9770,0.9872,0.9848,0.1961,0.1135,0.1438,0.5655
flow,0,2,8,0.0117,quadratic,quadratic,100000,1200000,0.9118,0.9167,0.9507,0.0713,0.5013,0.1249,0.5208
flow,0,2,8,0.0117,quadratic_cal,quadratic,100000,1200000,0.9762,0.9840,0.9832,0.3754,0.3186,0.3447,0.6644
flow,0,2,8,0.0117,polar8,polar,100000,1200000,0.9805,0.9863,0.9867,0.4582,0.4939,0.4754,0.7308
flow,0,2,8,0.0117,polar8_cal,polar,100000,1200000,0.9810,0.9872,0.9867,0.5050,0.4619,0.4825,0.7348
flow,100,2,8,0.0119,knn,knn,20000,240000,0.9847,0.9900,0.9913,0.4443,0.5412,0.4879,0.7390
flow,100,2,8,0.0119,altered_knn,altered_knn,20000,160000,0.9791,0.9882,0.9883,0.2252,0.2286,0.2269,0.6075
flow,100,2,8,0.0119,quadratic,quadratic,20000,240000,0.8357,0.8392,0.8981,0.0462,0.5501,0.0852,0.4622
flow,100,2,8,0.0119,quadratic_cal,quadratic,20000,240000,0.9433,0.9513,0.9502,0.3432,0.2800,0.3084,0.6298
flow,100,2,8,0.0119,polar8,polar,20000,240000,0.9847,0.9896,0.9913,0.4504,0.5815,0.5077,0.7486
flow,100,2,8,0.0119,polar8_cal,polar,20000,240000,0.9865,0.9930,0.9913,0.6201,0.4442,0.5176,0.7553
flow,100,2,8,0.0119,knn,knn,50000,600000,0.9857,0.9915,0.9915,0.5034,0.4987,0.5011,0.7463
flow,100,2,8,0.0119,altered_knn,altered_knn,50000,400000,0.9807,0.9897,0.9893,0.2525,0.2365,0.2442,0.6170
flow,100,2,8,0.0119,quadratic,quadratic,50000,600000,0.8901,0.8945,0.9378,0.0601,0.5212,0.1078,0.5012
flow,100,2,8,0.0119,quadratic_cal,quadratic,50000,600000,0.9714,0.9795,0.9789,0.3397,0.3057,0.3218,0.6507
flow,100,2,8,0.0119,polar8,polar,50000,600000,0.9853,0.9908,0.9915,0.4789,0.5364,0.5061,0.7484
flow,100,2,8,0.0119,polar8_cal,polar,50000,600000,0.9862,0.9926,0.9913,0.5734,0.4567,0.5085,0.7505
flow,100,2,8,0.0119,knn,knn,100000,1200000,0.9861,0.9922,0.9915,0.5378,0.4777,0.5060,0.7491
flow,100,2,8,0.0119,altered_knn,altered_knn,100000,800000,0.9822,0.9922,0.9897,0.2569,0.1474,0.1873,0.5898
flow,100,2,8,0.0119,quadratic,quadratic,100000,1200000,0.9134,0.9182,0.9524,0.0741,0.5155,0.1296,0.5239
flow,100,2,8,0.0119,quadratic_cal,quadratic,100000,1200000,0.9767,0.9846,0.9839,0.3648,0.3199,0.3409,0.6627
flow,100,2,8,0.0119,polar8,polar,100000,1200000,0.9857,0.9913,0.9915,0.5008,0.5139,0.5072,0.7493
flow,100,2,8,0.0119,polar8_cal,polar,100000,1200000,0.9861,0.9924,0.9914,0.5556,0.4641,0.5057,0.7491
flow,200,2,8,0.0110,knn,knn,20000,240000,0.9864,0.9902,0.9920,0.4838,0.6446,0.5527,0.7715
flow,200,2,8,0.0110,altered_knn,altered_knn,20000,160000,0.9813,0.9899,0.9892,0.2331,0.2039,0.2175,0.6037
flow,200,2,8,0.0110,quadratic,quadratic,20000,240000,0.8434,0.8464,0.9054,0.0445,0.5683,0.0826,0.4645
flow,200,2,8,0.0110,quadratic_cal,quadratic,20000,240000,0.9451,0.9519,0.9528,0.2835,0.3349,0.3070,0.6295
flow,200,2,8,0.0110,polar8,polar,20000,240000,0.9861,0.9897,0.9919,0.4759,0.6629,0.5540,0.7719
flow,200,2,8,0.0110,polar8_cal,polar,20000,240000,0.9871,0.9918,0.9920,0.5416,0.5592,0.5503,0.7711
flow,200,2,8,0.0110,knn,knn,50000,600000,0.9878,0.9922,0.9925,0.5554,0.5911,0.5727,0.7824
flow,200,2,8,0.0110,altered_knn,altered_knn,50000,400000,0.9829,0.9913,0.9902,0.2852,0.2318,0.2557,0.6235
flow,200,2,8,0.0110,quadratic,quadratic,50000,600000,0.8913,0.8951,0.9391,0.0579,0.5478,0.1047,0.4999
flow,200,2,8,0.0110,quadratic_cal,quadratic,50000,600000,0.9721,0.9789,0.9803,0.2846,0.3582,0.3172,0.6481
flow,200,2,8,0.0110,polar8,polar,50000,600000,0.9869,0.9910,0.9922,0.5108,0.6207,0.5604,0.7757
flow,200,2,8,0.0110,polar8_cal,polar,50000,600000,0.9875,0.9924,0.9922,0.5628,0.5433,0.5529,0.7726
flow,200,2,8,0.0110,knn,knn,100000,1200000,0.9879,0.9927,0.9925,0.5812,0.5564,0.5685,0.7806
flow,200,2,8,0.0110,altered_knn,altered_knn,100000,800000,0.9839,0.9929,0.9905,0.3016,0.1731,0.2200,0.6064
flow,200,2,8,0.0110,quadratic,quadratic,100000,1200000,0.9134,0.9177,0.9526,0.0693,0.5256,0.1224,0.5201
flow,200,2,8,0.0110,quadratic_cal,quadratic,100000,1200000,0.9770,0.9837,0.9849,0.3077,0.3753,0.3381,0.6609
flow,200,2,8,0.0110,polar8,polar,100000,1200000,0.9874,0.9918,0.9923,0.5426,0.5911,0.5658,0.7788
flow,200,2,8,0.0110,polar8_cal,polar,100000,1200000,0.9877,0.9925,0.9923,0.5758,0.5518,0.5635,0.7780
flow,0,4,2,0.0098,knn,knn,20000,60000,0.9505,0.9558,0.9541,0.6508,0.4173,0.5085,0.7322
flow,0,4,2,0.0098,altered_knn,altered_knn,20000,40000,0.9421,0.9506,0.9581,0.0316,0.0814,0.0455,0.4981
flow,0,4,2,0.0098,quadratic,quadratic,20000,60000,0.9914,0.9953,0.9939,0.8252,0.6005,0.6951,0.8452
flow,0,4,2,0.0098,quadratic_cal,quadratic,20000,60000,0.9909,0.9942,0.9937,0.7358,0.6590,0.6953,0.8447
flow,0,4,2,0.0098,polar8,polar,20000,60000,0.9968,0.9986,0.9983,0.8774,0.8193,0.8474,0.9230
flow,0,4,2,0.0098,polar8_cal,polar,20000,60000,0.9967,0.9986,0.9981,0.8895,0.7990,0.8418,0.9202
flow,0,4,2,0.0098,knn,knn,50000,150000,0.9619,0.9664,0.9650,0.7236,0.5064,0.5958,0.7811
flow,0,4,2,0.0098,altered_knn,altered_knn,50000,100000,0.9165,0.9223,0.9528,0.0440,0.3282,0.0776,0.5000
flow,0,4,2,0.0098,quadratic,quadratic,50000,150000,0.9920,0.9960,0.9946,0.8246,0.5980,0.6932,0.8446
flow,0,4,2,0.0098,quadratic_cal,quadratic,50000,150000,0.9918,0.9951,0.9945,0.7529,0.6590,0.7028,0.8490
flow,0,4,2,0.0098,polar8,polar,50000,150000,0.9968,0.9985,0.9982,0.8733,0.8244,0.8482,0.9233
flow,0,4,2,0.0098,polar8_cal,polar,50000,150000,0.9967,0.9986,0.9982,0.8760,0.8092,0.8413,0.9199
flow,0,4,2,0.0098,knn,knn,100000,300000,0.9694,0.9737,0.9723,0.7536,0.5293,0.6218,0.7978
flow,0,4,2,0.0098,altered_knn,altered_knn,100000,200000,0.9530,0.9613,0.9668,0.0502,0.1069,0.0683,0.5148
flow,0,4,2,0.0098,quadratic,quadratic,100000,300000,0.9942,0.9980,0.9967,0.8299,0.6081,0.7019,0.8500
flow,0,4,2,0.0098,quadratic_cal,quadratic,100000,300000,0.9940,0.9974,0.9966,0.7748,0.6565,0.7107,0.8541
flow,0,4,2,0.0098,polar8,polar,100000,300000,0.9968,0.9986,0.9983,0.8822,0.8193,0.8496,0.9241
flow,0,4,2,0.0098,polar8_cal,polar,100000,300000,0.9967,0.9987,0.9982,0.8876,0.8041,0.8438,0.9212
flow,100,4,2,0.0091,knn,knn,20000,60000,0.9527,0.9575,0.9560,0.6502,0.4341,0.5206,0.7390
flow,100,4,2,0.0091,altered_knn,altered_knn,20000,40000,0.9395,0.9470,0.9586,0.0340,0.1236,0.0534,0.5002
flow,100,4,2,0.0091,quadratic,quadratic,20000,60000,0.9890,0.9925,0.9915,0.7936,0.6126,0.6915,0.8420
flow,100,4,2,0.0091,quadratic_cal,quadratic,20000,60000,0.9874,0.9898,0.9906,0.6154,0.7253,0.6658,0.8278
flow,100,4,2,0.0091,polar8,polar,20000,60000,0.9960,0.9969,0.9973,0.8150,0.8956,0.8534,0.9251
flow,100,4,2,0.0091,polar8_cal,polar,20000,60000,0.9959,0.9968,0.9973,0.8034,0.8984,0.8482,0.9225
flow,100,4,2,0.0091,knn,knn,50000,150000,0.9643,0.9686,0.9672,0.7229,0.4945,0.5873,0.7779
flow,100,4,2,0.0091,altered_knn,altered_knn,50000,100000,0.9458,0.9535,0.9631,0.0363,0.1154,0.0552,0.5043
flow,100,4,2,0.0091,quadratic,quadratic,50000,150000,0.9907,0.9941,0.9930,0.8014,0.6209,0.6997,0.8469
flow,100,4,2,0.0091,quadratic_cal,quadratic,50000,150000,0.9889,0.9913,0.9921,0.6125,0.7253,0.6642,0.8277
flow,100,4,2,0.0091,polar8,polar,50000,150000,0.9959,0.9968,0.9973,0.8069,0.8956,0.8490,0.9229
flow,100,4,2,0.0091,polar8_cal,polar,50000,150000,0.9959,0.9968,0.9973,0.8069,0.8956,0.8490,0.9229
flow,100,4,2,0.0091,knn,knn,100000,300000,0.9696,0.9736,0.9726,0.6912,0.5412,0.6071,0.7903
flow,100,4,2,0.0091,altered_knn,altered_knn,100000,200000,0.9524,0.9601,0.9664,0.0487,0.1181,0.0690,0.5145
flow,100,4,2,0.0091,quadratic,quadratic,100000,300000,0.9924,0.9957,0.9948,0.8042,0.6319,0.7077,0.8517
flow,100,4,2,0.0091,quadratic_cal,quadratic,100000,300000,0.9906,0.9930,0.9939,0.6172,0.7308,0.6692,0.8311
flow,100,4,2,0.0091,polar8,polar,100000,300000,0.9961,0.9970,0.9974,0.8262,0.9011,0.8620,0.9295
flow,100,4,2,0.0091,polar8_cal,polar,100000,300000,0.9961,0.9971,0.9973,0.8381,0.8819,0.8594,0.9283
flow,200,4,2,0.0094,knn,knn,20000,60000,0.9489,0.9538,0.9521,0.6891,0.4362,0.5342,0.7440
flow,200,4,2,0.0094,altered_knn,altered_knn,20000,40000,0.8698,0.8749,0.9289,0.0249,0.3298,0.0463,0.4606
flow,200,4,2,0.0094,quadratic,quadratic,20000,60000,0.9889,0.9923,0.9914,0.7862,0.6356,0.7029,0.8476
flow,200,4,2,0.0094,quadratic_cal,quadratic,20000,60000,0.9886,0.9914,0.9912,0.7214,0.6888,0.7048,0.8481
flow,200,4,2,0.0094,polar8,polar,20000,60000,0.9954,0.9965,0.9968,0.8204,0.8750,0.8468,0.9217
flow,200,4,2,0.0094,polar8_cal,polar,20000,60000,0.9952,0.9963,0.9968,0.7995,0.8803,0.8380,0.9172
flow,200,4,2,0.0094,knn,knn,50000,150000,0.9595,0.9639,0.9628,0.6608,0.5027,0.5710,0.7674
flow,200,4,2,0.0094,altered_knn,altered_knn,50000,100000,0.9421,0.9499,0.9605,0.0366,0.1223,0.0564,0.5031
flow,200,4,2,0.0094,quadratic,quadratic,50000,150000,0.9885,0.9919,0.9909,0.7967,0.6356,0.7071,0.8495
flow,200,4,2,0.0094,quadratic_cal,quadratic,50000,150000,0.9880,0.9909,0.9907,0.7207,0.6862,0.7030,0.8469
flow,200,4,2,0.0094,polar8,polar,50000,150000,0.9952,0.9964,0.9967,0.8159,0.8723,0.8432,0.9198
flow,200,4,2,0.0094,polar8_cal,polar,50000,150000,0.9954,0.9965,0.9968,0.8283,0.8723,0.8497,0.9231
flow,200,4,2,0.0094,knn,knn,100000,300000,0.9679,0.9718,0.9706,0.7581,0.5585,0.6432,0.8075
flow,200,4,2,0.0094,altered_knn,altered_knn,100000,200000,0.9545,0.9631,0.9655,0.0280,0.0426,0.0338,0.4985
flow,200,4,2,0.0094,quadratic,quadratic,100000,300000,0.9912,0.9945,0.9936,0.7908,0.6436,0.7097,0.8521
flow,200,4,2,0.0094,quadratic_cal,quadratic,100000,300000,0.9908,0.9937,0.9935,0.7270,0.6941,0.7102,0.8519
flow,200,4,2,0.0094,polar8,polar,100000,300000,0.9954,0.9965,0.9968,0.8229,0.8777,0.8494,0.9230
flow,200,4,2,0.0094,polar8_cal,polar,100000,300000,0.9954,0.9964,0.9968,0.8173,0.8803,0.8476,0.9220
flow,0,4,4,0.0111,knn,knn,20000,120000,0.8977,0.9029,0.9036,0.4256,0.4299,0.4277,0.6653
flow,0,4,4,0.0111,altered_knn,altered_knn,20000,80000,0.8979,0.9065,0.9161,0.0497,0.1380,0.0731,0.4898
flow,0,4,4,0.0111,quadratic,quadratic,20000,120000,0.9367,0.9414,0.9421,0.4756,0.5253,0.4992,0.7203
flow,0,4,4,0.0111,quadratic_cal,quadratic,20000,120000,0.9378,0.9427,0.9427,0.5258,0.5039,0.5146,0.7286
flow,0,4,4,0.0111,polar8,polar,20000,120000,0.9880,0.9912,0.9910,0.7335,0.7104,0.7218,0.8565
flow,0,4,4,0.0111,polar8_cal,polar,20000,120000,0.9881,0.9913,0.9910,0.7429,0.7071,0.7246,0.8579
flow,0,4,4,0.0111,knn,knn,50000,300000,0.9203,0.9256,0.9257,0.4816,0.4557,0.4683,0.6969
flow,0,4,4,0.0111,altered_knn,altered_knn,50000,200000,0.9187,0.9282,0.9276,0.0980,0.0808,0.0886,0.5084
flow,0,4,4,0.0111,quadratic,quadratic,50000,300000,0.9397,0.9444,0.9449,0.5150,0.5219,0.5184,0.7314
flow,0,4,4,0.0111,quadratic_cal,quadratic,50000,300000,0.9396,0.9443,0.9448,0.5060,0.5230,0.5143,0.7293
flow,0,4,4,0.0111,polar8,polar,50000,300000,0.9884,0.9916,0.9914,0.7309,0.7104,0.7205,0.8561
flow,0,4,4,0.0111,polar8_cal,polar,50000,300000,0.9884,0.9917,0.9914,0.7396,0.7015,0.7200,0.8559
flow,0,4,4,0.0111,knn,knn,100000,600000,0.9345,0.9395,0.9395,0.5243,0.4972,0.5104,0.7249
flow,0,4,4,0.0111,altered_knn,altered_knn,100000,400000,0.9084,0.9165,0.9308,0.0517,0.1908,0.0814,0.4989
flow,0,4,4,0.0111,quadratic,quadratic,100000,600000,0.9472,0.9519,0.9520,0.5558,0.5253,0.5401,0.7460
flow,0,4,4,0.0111,quadratic_cal,quadratic,100000,600000,0.9471,0.9519,0.9520,0.5531,0.5264,0.5394,0.7456
flow,0,4,4,0.0111,polar8,polar,100000,600000,0.9885,0.9917,0.9916,0.7227,0.7048,0.7136,0.8527
flow,0,4,4,0.0111,polar8_cal,polar,100000,600000,0.9888,0.9921,0.9917,0.7527,0.7003,0.7256,0.8588
flow,100,4,4,0.0114,knn,knn,20000,120000,0.9131,0.9189,0.9220,0.2600,0.4092,0.3179,0.6184
flow,100,4,4,0.0114,altered_knn,altered_knn,20000,80000,0.9128,0.9219,0.9321,0.0408,0.1177,0.0606,0.4913
flow,100,4,4,0.0114,quadratic,quadratic,20000,120000,0.9416,0.9464,0.9470,0.4867,0.5248,0.5050,0.7257
flow,100,4,4,0.0114,quadratic_cal,quadratic,20000,120000,0.9428,0.9480,0.9476,0.5513,0.4961,0.5223,0.7351
flow,100,4,4,0.0114,polar8,polar,20000,120000,0.9894,0.9925,0.9930,0.6613,0.7239,0.6912,0.8418
flow,100,4,4,0.0114,polar8_cal,polar,20000,120000,0.9901,0.9936,0.9932,0.7327,0.6876,0.7094,0.8515
flow,100,4,4,0.0114,knn,knn,50000,300000,0.9346,0.9402,0.9422,0.3309,0.4477,0.3806,0.6604
flow,100,4,4,0.0114,altered_knn,altered_knn,50000,200000,0.8669,0.8717,0.9226,0.0419,0.4444,0.0766,0.4742
flow,100,4,4,0.0114,quadratic,quadratic,50000,300000,0.9419,0.9467,0.9471,0.5227,0.5193,0.5210,0.7339
flow,100,4,4,0.0114,quadratic_cal,quadratic,50000,300000,0.9420,0.9469,0.9471,0.5299,0.5160,0.5229,0.7349
flow,100,4,4,0.0114,polar8,polar,50000,300000,0.9901,0.9932,0.9935,0.6841,0.7195,0.7013,0.8473
flow,100,4,4,0.0114,polar8_cal,polar,50000,300000,0.9909,0.9943,0.9937,0.7738,0.6887,0.7288,0.8616
flow,100,4,4,0.0114,knn,knn,100000,600000,0.9457,0.9509,0.9522,0.3975,0.4884,0.4383,0.6946
flow,100,4,4,0.0114,altered_knn,altered_knn,100000,400000,0.9210,0.9292,0.9459,0.0522,0.2134,0.0839,0.5065
flow,100,4,4,0.0114,quadratic,quadratic,100000,600000,0.9519,0.9570,0.9571,0.5232,0.5094,0.5162,0.7366
flow,100,4,4,0.0114,quadratic_cal,quadratic,100000,600000,0.9518,0.9567,0.9570,0.5180,0.5226,0.5203,0.7385
flow,100,4,4,0.0114,polar8,polar,100000,600000,0.9905,0.9936,0.9937,0.7044,0.7184,0.7113,0.8525
flow,100,4,4,0.0114,polar8_cal,polar,100000,600000,0.9907,0.9940,0.9938,0.7374,0.7074,0.7221,0.8580
flow,200,4,4,0.0110,knn,knn,20000,120000,0.9118,0.9165,0.9192,0.3250,0.4869,0.3898,0.6532
flow,200,4,4,0.0110,altered_knn,altered_knn,20000,80000,0.8708,0.8769,0.9183,0.0358,0.3258,0.0645,0.4707
flow,200,4,4,0.0110,quadratic,quadratic,20000,120000,0.9446,0.9491,0.9496,0.5129,0.5426,0.5273,0.7382
flow,200,4,4,0.0110,quadratic_cal,quadratic,20000,120000,0.9461,0.9510,0.9503,0.6083,0.5006,0.5492,0.7501
flow,200,4,4,0.0110,polar8,polar,20000,120000,0.9904,0.9930,0.9936,0.6786,0.7503,0.7127,0.8529
flow,200,4,4,0.0110,polar8_cal,polar,20000,120000,0.9909,0.9940,0.9938,0.7408,0.7106,0.7254,0.8597
flow,200,4,4,0.0110,knn,knn,50000,300000,0.9327,0.9375,0.9397,0.3601,0.5040,0.4201,0.6788
flow,200,4,4,0.0110,altered_knn,altered_knn,50000,200000,0.9191,0.9278,0.9380,0.0489,0.1442,0.0730,0.5004
flow,200,4,4,0.0110,quadratic,quadratic,50000,300000,0.9462,0.9508,0.9509,0.5375,0.5369,0.5372,0.7440
flow,200,4,4,0.0110,quadratic_cal,quadratic,50000,300000,0.9472,0.9523,0.9514,0.6118,0.4938,0.5465,0.7494
flow,200,4,4,0.0110,polar8,polar,50000,300000,0.9910,0.9937,0.9942,0.6876,0.7446,0.7150,0.8544
flow,200,4,4,0.0110,polar8_cal,polar,50000,300000,0.9915,0.9946,0.9943,0.7554,0.7151,0.7347,0.8646
flow,200,4,4,0.0110,knn,knn,100000,600000,0.9444,0.9491,0.9506,0.4093,0.5199,0.4580,0.7036
flow,200,4,4,0.0110,altered_knn,altered_knn,100000,400000,0.9030,0.9092,0.9394,0.0513,0.3473,0.0893,0.4993
flow,200,4,4,0.0110,quadratic,quadratic,100000,600000,0.9530,0.9575,0.9578,0.5363,0.5539,0.5449,0.7512
flow,200,4,4,0.0110,quadratic_cal,quadratic,100000,600000,0.9541,0.9588,0.9583,0.6018,0.5267,0.5617,0.7603
flow,200,4,4,0.0110,polar8,polar,100000,600000,0.9916,0.9943,0.9946,0.7101,0.7480,0.7286,0.8614
flow,200,4,4,0.0110,polar8_cal,polar,100000,600000,0.9921,0.9951,0.9947,0.7716,0.7208,0.7453,0.8702
flow,0,4,8,0.0124,knn,knn,20000,240000,0.8747,0.8804,0.8887,0.1766,0.4231,0.2492,0.5648
flow,0,4,8,0.0124,altered_knn,altered_knn,20000,160000,0.8246,0.8288,0.8886,0.0420,0.4905,0.0773,0.4531
flow,0,4,8,0.0124,quadratic,quadratic,20000,240000,0.8895,0.8950,0.9001,0.2491,0.4548,0.3219,0.6084
flow,0,4,8,0.0124,quadratic_cal,quadratic,20000,240000,0.8973,0.9040,0.9036,0.4210,0.3588,0.3874,0.6457
flow,0,4,8,0.0124,polar8,polar,20000,240000,0.9781,0.9827,0.9846,0.4690,0.6151,0.5322,0.7574
flow,0,4,8,0.0124,polar8_cal,polar,20000,240000,0.9799,0.9854,0.9850,0.5877,0.5457,0.5659,0.7757
flow,0,4,8,0.0124,knn,knn,50000,600000,0.9032,0.9090,0.9151,0.2232,0.4462,0.2975,0.6033
flow,0,4,8,0.0124,altered_knn,altered_knn,50000,400000,0.9038,0.9136,0.9186,0.0698,0.1281,0.0904,0.5020
flow,0,4,8,0.0124,quadratic,quadratic,50000,600000,0.9027,0.9086,0.9124,0.2759,0.4372,0.3383,0.6234
flow,0,4,8,0.0124,quadratic_cal,quadratic,50000,600000,0.9078,0.9147,0.9143,0.4253,0.3603,0.3901,0.6524
flow,0,4,8,0.0124,polar8,polar,50000,600000,0.9804,0.9852,0.9863,0.5136,0.6070,0.5564,0.7708
flow,0,4,8,0.0124,polar8_cal,polar,50000,600000,0.9820,0.9875,0.9867,0.6321,0.5457,0.5858,0.7866
flow,0,4,8,0.0124,knn,knn,100000,1200000,0.9205,0.9263,0.9314,0.2506,0.4578,0.3239,0.6251
flow,0,4,8,0.0124,altered_knn,altered_knn,100000,800000,0.9168,0.9271,0.9291,0.0746,0.0975,0.0845,0.5058
flow,0,4,8,0.0124,quadratic,quadratic,100000,1200000,0.9105,0.9162,0.9217,0.2428,0.4543,0.3165,0.6164
flow,0,4,8,0.0124,quadratic_cal,quadratic,100000,1200000,0.9172,0.9244,0.9240,0.4013,0.3402,0.3682,0.6463
flow,0,4,8,0.0124,polar8,polar,100000,1200000,0.9822,0.9869,0.9875,0.5557,0.6095,0.5814,0.7841
flow,0,4,8,0.0124,polar8_cal,polar,100000,1200000,0.9833,0.9889,0.9877,0.6735,0.5422,0.6008,0.7948
flow,100,4,8,0.0109,knn,knn,20000,240000,0.8926,0.8975,0.9047,0.1853,0.4493,0.2624,0.5800
flow,100,4,8,0.0109,altered_knn,altered_knn,20000,160000,0.9026,0.9110,0.9167,0.0664,0.1408,0.0903,0.5006
flow,100,4,8,0.0109,quadratic,quadratic,20000,240000,0.9156,0.9205,0.9245,0.2755,0.4728,0.3482,0.6343
flow,100,4,8,0.0109,quadratic_cal,quadratic,20000,240000,0.9206,0.9263,0.9267,0.4027,0.4098,0.4062,0.6663
flow,100,4,8,0.0109,polar8,polar,20000,240000,0.9824,0.9862,0.9880,0.4765,0.6377,0.5454,0.7658
flow,100,4,8,0.0109,polar8_cal,polar,20000,240000,0.9843,0.9891,0.9886,0.6093,0.5489,0.5775,0.7833
flow,100,4,8,0.0109,knn,knn,50000,600000,0.9172,0.9222,0.9277,0.2285,0.4711,0.3077,0.6149
flow,100,4,8,0.0109,altered_knn,altered_knn,50000,400000,0.9196,0.9285,0.9295,0.0911,0.1076,0.0987,0.5136
flow,100,4,8,0.0109,quadratic,quadratic,50000,600000,0.9297,0.9348,0.9387,0.2781,0.4745,0.3507,0.6427
flow,100,4,8,0.0109,quadratic_cal,quadratic,50000,600000,0.9345,0.9404,0.9403,0.4310,0.4024,0.4162,0.6783
flow,100,4,8,0.0109,polar8,polar,50000,600000,0.9839,0.9878,0.9890,0.5174,0.6308,0.5685,0.7782
flow,100,4,8,0.0109,polar8_cal,polar,50000,600000,0.9858,0.9905,0.9896,0.6687,0.5604,0.6098,0.8002
flow,100,4,8,0.0109,knn,knn,100000,1200000,0.9335,0.9383,0.9424,0.2798,0.4940,0.3573,0.6478
flow,100,4,8,0.0109,altered_knn,altered_knn,100000,800000,0.9255,0.9344,0.9388,0.0658,0.1202,0.0851,0.5097
flow,100,4,8,0.0109,quadratic,quadratic,100000,1200000,0.9357,0.9405,0.9474,0.2192,0.5020,0.3051,0.6228
flow,100,4,8,0.0109,quadratic_cal,quadratic,100000,1200000,0.9450,0.9514,0.9509,0.4173,0.3641,0.3889,0.6701
flow,100,4,8,0.0109,polar8,polar,100000,1200000,0.9849,0.9887,0.9896,0.5477,0.6348,0.5880,0.7884
flow,100,4,8,0.0109,polar8_cal,polar,100000,1200000,0.9863,0.9908,0.9899,0.6815,0.5781,0.6256,0.8082
flow,200,4,8,0.0116,knn,knn,20000,240000,0.8833,0.8884,0.8958,0.1910,0.4468,0.2676,0.5780
flow,200,4,8,0.0116,altered_knn,altered_knn,20000,160000,0.8982,0.9075,0.9124,0.0597,0.1133,0.0782,0.4929
flow,200,4,8,0.0116,quadratic,quadratic,20000,240000,0.9122,0.9172,0.9207,0.3046,0.4866,0.3747,0.6460
flow,200,4,8,0.0116,quadratic_cal,quadratic,20000,240000,0.9175,0.9238,0.9232,0.4582,0.3856,0.4188,0.6713
flow,200,4,8,0.0116,polar8,polar,20000,240000,0.9824,0.9860,0.9880,0.5000,0.6794,0.5760,0.7810
flow,200,4,8,0.0116,polar8_cal,polar,20000,240000,0.9843,0.9889,0.9885,0.6369,0.5908,0.6130,0.8010
flow,200,4,8,0.0116,knn,knn,50000,600000,0.9119,0.9170,0.9228,0.2330,0.4715,0.3119,0.6145
flow,200,4,8,0.0116,altered_knn,altered_knn,50000,400000,0.9175,0.9279,0.9250,0.0775,0.0360,0.0491,0.4885
flow,200,4,8,0.0116,quadratic,quadratic,50000,600000,0.9241,0.9292,0.9328,0.3007,0.4834,0.3708,0.6500
flow,200,4,8,0.0116,quadratic_cal,quadratic,50000,600000,0.9282,0.9343,0.9342,0.4340,0.4060,0.4195,0.6769
flow,200,4,8,0.0116,polar8,polar,50000,600000,0.9849,0.9886,0.9899,0.5471,0.6767,0.6050,0.7968
flow,200,4,8,0.0116,polar8_cal,polar,50000,600000,0.9864,0.9910,0.9902,0.6841,0.5977,0.6380,0.8145
flow,200,4,8,0.0116,knn,knn,100000,1200000,0.9274,0.9323,0.9371,0.2742,0.5075,0.3561,0.6442
flow,200,4,8,0.0116,altered_knn,altered_knn,100000,800000,0.9143,0.9230,0.9333,0.0627,0.1810,0.0931,0.5080
flow,200,4,8,0.0116,quadratic,quadratic,100000,1200000,0.9266,0.9316,0.9384,0.2268,0.4973,0.3115,0.6216
flow,200,4,8,0.0116,quadratic_cal,quadratic,100000,1200000,0.9353,0.9420,0.9412,0.4545,0.3700,0.4079,0.6750
flow,200,4,8,0.0116,polar8,polar,100000,1200000,0.9860,0.9899,0.9907,0.5787,0.6633,0.6181,0.8040
flow,200,4,8,0.0116,polar8_cal,polar,100000,1200000,0.9871,0.9916,0.9909,0.6904,0.6085,0.6469,0.8192
flow,0,4,16,0.0139,knn,knn,20000,480000,0.8677,0.8740,0.8827,0.1788,0.4248,0.2516,0.5628
flow,0,4,16,0.0139,altered_knn,altered_knn,20000,320000,0.8845,0.8948,0.9000,0.0836,0.1510,0.1076,0.5012
flow,0,4,16,0.0139,quadratic,quadratic,20000,480000,0.8912,0.8974,0.9122,0.1351,0.4447,0.2072,0.5523
flow,0,4,16,0.0139,quadratic_cal,quadratic,20000,480000,0.9119,0.9206,0.9199,0.3342,0.2932,0.3124,0.6165
flow,0,4,16,0.0139,polar8,polar,20000,480000,0.9706,0.9769,0.9786,0.4181,0.5215,0.4641,0.7205
flow,0,4,16,0.0139,polar8_cal,polar,20000,480000,0.9733,0.9811,0.9791,0.5874,0.4190,0.4891,0.7351
flow,0,4,16,0.0139,knn,knn,50000,1200000,0.8974,0.9040,0.9104,0.2140,0.4246,0.2846,0.5943
flow,0,4,16,0.0139,altered_knn,altered_knn,50000,800000,0.9024,0.9135,0.9144,0.1008,0.1140,0.1070,0.5103
flow,0,4,16,0.0139,quadratic,quadratic,50000,1200000,0.8907,0.8969,0.9167,0.1109,0.4503,0.1779,0.5374
flow,0,4,16,0.0139,quadratic_cal,quadratic,50000,1200000,0.9209,0.9304,0.9291,0.3105,0.2468,0.2750,0.6027
flow,0,4,16,0.0139,polar8,polar,50000,1200000,0.9721,0.9787,0.9796,0.4421,0.5055,0.4717,0.7252
flow,0,4,16,0.0139,polar8_cal,polar,50000,1200000,0.9743,0.9820,0.9800,0.5962,0.4233,0.4951,0.7385
flow,0,4,16,0.0139,knn,knn,100000,2400000,0.9155,0.9223,0.9272,0.2500,0.4350,0.3175,0.6199
flow,0,4,16,0.0139,altered_knn,altered_knn,100000,1600000,0.9174,0.9296,0.9259,0.1290,0.0543,0.0764,0.5030
flow,0,4,16,0.0139,quadratic,quadratic,100000,2400000,0.8933,0.8995,0.9191,0.1120,0.4510,0.1794,0.5395
flow,0,4,16,0.0139,quadratic_cal,quadratic,100000,2400000,0.9229,0.9325,0.9312,0.3055,0.2412,0.2696,0.6010
flow,0,4,16,0.0139,polar8,polar,100000,2400000,0.9731,0.9797,0.9802,0.4650,0.5008,0.4823,0.7310
flow,0,4,16,0.0139,polar8_cal,polar,100000,2400000,0.9748,0.9824,0.9805,0.5990,0.4343,0.5035,0.7430
flow,100,4,16,0.0126,knn,knn,20000,480000,0.8789,0.8846,0.8940,0.1644,0.4316,0.2381,0.5614
flow,100,4,16,0.0126,altered_knn,altered_knn,20000,320000,0.8901,0.8994,0.9058,0.0787,0.1648,0.1065,0.5029
flow,100,4,16,0.0126,quadratic,quadratic,20000,480000,0.9041,0.9100,0.9261,0.1211,0.4501,0.1909,0.5504
flow,100,4,16,0.0126,quadratic_cal,quadratic,20000,480000,0.9284,0.9367,0.9356,0.3366,0.2747,0.3025,0.6196
flow,100,4,16,0.0126,polar8,polar,20000,480000,0.9732,0.9789,0.9809,0.4039,0.5324,0.4593,0.7191
flow,100,4,16,0.0126,polar8_cal,polar,20000,480000,0.9756,0.9823,0.9813,0.5388,0.4491,0.4899,0.7361
flow,100,4,16,0.0126,knn,knn,50000,1200000,0.9058,0.9117,0.9185,0.2060,0.4427,0.2811,0.5964
flow,100,4,16,0.0126,altered_knn,altered_knn,50000,800000,0.9074,0.9170,0.9210,0.0940,0.1576,0.1178,0.5174
flow,100,4,16,0.0126,quadratic,quadratic,50000,1200000,0.9028,0.9087,0.9288,0.1009,0.4419,0.1642,0.5364
flow,100,4,16,0.0126,quadratic_cal,quadratic,50000,1200000,0.9346,0.9436,0.9427,0.2746,0.2337,0.2525,0.5980
flow,100,4,16,0.0126,polar8,polar,50000,1200000,0.9744,0.9802,0.9816,0.4225,0.5205,0.4664,0.7233
flow,100,4,16,0.0126,polar8_cal,polar,50000,1200000,0.9762,0.9828,0.9820,0.5300,0.4610,0.4931,0.7379
flow,100,4,16,0.0126,knn,knn,100000,2400000,0.9228,0.9288,0.9340,0.2425,0.4536,0.3160,0.6224
flow,100,4,16,0.0126,altered_knn,altered_knn,100000,1600000,0.9197,0.9296,0.9318,0.1077,0.1487,0.1249,0.5272
flow,100,4,16,0.0126,quadratic,quadratic,100000,2400000,0.9057,0.9116,0.9315,0.1023,0.4437,0.1662,0.5389
flow,100,4,16,0.0126,quadratic_cal,quadratic,100000,2400000,0.9370,0.9461,0.9450,0.2786,0.2265,0.2499,0.5980
flow,100,4,16,0.0126,polar8,polar,100000,2400000,0.9751,0.9810,0.9821,0.4373,0.5109,0.4712,0.7261
flow,100,4,16,0.0126,polar8_cal,polar,100000,2400000,0.9765,0.9832,0.9823,0.5311,0.4583,0.4920,0.7376
flow,200,4,16,0.0129,knn,knn,20000,480000,0.8757,0.8815,0.8909,0.1672,0.4368,0.2418,0.5616
flow,200,4,16,0.0129,altered_knn,altered_knn,20000,320000,0.8824,0.8908,0.9047,0.0700,0.2342,0.1078,0.4993
flow,200,4,16,0.0129,quadratic,quadratic,20000,480000,0.8950,0.9007,0.9168,0.1231,0.4548,0.1938,0.5473
flow,200,4,16,0.0129,quadratic_cal,quadratic,20000,480000,0.9195,0.9281,0.9263,0.3723,0.2597,0.3060,0.6171
flow,200,4,16,0.0129,polar8,polar,20000,480000,0.9745,0.9800,0.9820,0.4180,0.5466,0.4737,0.7269
flow,200,4,16,0.0129,polar8_cal,polar,20000,480000,0.9771,0.9842,0.9825,0.5886,0.4269,0.4949,0.7395
flow,200,4,16,0.0129,knn,knn,50000,1200000,0.9039,0.9097,0.9165,0.2136,0.4572,0.2912,0.6004
flow,200,4,16,0.0129,altered_knn,altered_knn,50000,800000,0.9091,0.9195,0.9202,0.1008,0.1115,0.1059,0.5127
flow,200,4,16,0.0129,quadratic,quadratic,50000,1200000,0.8952,0.9011,0.9206,0.1043,0.4444,0.1689,0.5350
flow,200,4,16,0.0129,quadratic_cal,quadratic,50000,1200000,0.9261,0.9349,0.9341,0.2858,0.2454,0.2641,0.5995
flow,200,4,16,0.0129,polar8,polar,50000,1200000,0.9763,0.9819,0.9833,0.4478,0.5413,0.4902,0.7360
flow,200,4,16,0.0129,polar8_cal,polar,50000,1200000,0.9781,0.9849,0.9835,0.5757,0.4582,0.5103,0.7476
flow,200,4,16,0.0129,knn,knn,100000,2400000,0.9223,0.9283,0.9333,0.2540,0.4643,0.3284,0.6283
flow,200,4,16,0.0129,altered_knn,altered_knn,100000,1600000,0.8970,0.9046,0.9274,0.0654,0.3124,0.1082,0.5064
flow,200,4,16,0.0129,quadratic,quadratic,100000,2400000,0.8978,0.9038,0.9233,0.1031,0.4373,0.1669,0.5353
flow,200,4,16,0.0129,quadratic_cal,quadratic,100000,2400000,0.9289,0.9380,0.9369,0.2904,0.2371,0.2611,0.5995
flow,200,4,16,0.0129,polar8,polar,100000,2400000,0.9771,0.9829,0.9838,0.4635,0.5345,0.4965,0.7397
flow,200,4,16,0.0129,polar8_cal,polar,100000,2400000,0.9785,0.9852,0.9840,0.5761,0.4633,0.5136,0.7494
flow,0,8,2,0.0096,knn,knn,20000,60000,0.8559,0.8634,0.8596,0.6809,0.0831,0.1481,0.5058
flow,0,8,2,0.0096,altered_knn,altered_knn,20000,40000,0.8994,0.9064,0.9299,0.0282,0.1740,0.0485,0.4775
flow,0,8,2,0.0096,quadratic,quadratic,20000,60000,0.9903,0.9951,0.9929,0.9238,0.5039,0.6521,0.8236
flow,0,8,2,0.0096,quadratic_cal,quadratic,20000,60000,0.9891,0.9914,0.9922,0.6400,0.7481,0.6898,0.8406
flow,0,8,2,0.0096,polar8,polar,20000,60000,0.9946,0.9962,0.9961,0.8552,0.8286,0.8417,0.9190
flow,0,8,2,0.0096,polar8_cal,polar,20000,60000,0.9942,0.9957,0.9960,0.7971,0.8468,0.8212,0.9084
flow,0,8,2,0.0096,knn,knn,50000,150000,0.8666,0.8740,0.8702,0.8400,0.1091,0.1931,0.5336
flow,0,8,2,0.0096,altered_knn,altered_knn,50000,100000,0.9205,0.9288,0.9394,0.0203,0.0675,0.0312,0.4800
flow,0,8,2,0.0096,quadratic,quadratic,50000,150000,0.9912,0.9957,0.9936,0.9306,0.5221,0.6689,0.8323
flow,0,8,2,0.0096,quadratic_cal,quadratic,50000,150000,0.9900,0.9923,0.9930,0.6560,0.7481,0.6990,0.8457
flow,0,8,2,0.0096,polar8,polar,50000,150000,0.9946,0.9962,0.9961,0.8443,0.8312,0.8377,0.9169
flow,0,8,2,0.0096,polar8_cal,polar,50000,150000,0.9943,0.9956,0.9961,0.7757,0.8623,0.8167,0.9061
flow,0,8,2,0.0096,knn,knn,100000,300000,0.8750,0.8825,0.8787,0.7917,0.0987,0.1755,0.5290
flow,0,8,2,0.0096,altered_knn,altered_knn,100000,200000,0.9124,0.9196,0.9408,0.0309,0.1740,0.0525,0.4860
flow,0,8,2,0.0096,quadratic,quadratic,100000,300000,0.9922,0.9965,0.9945,0.9221,0.5532,0.6916,0.8440
flow,0,8,2,0.0096,quadratic_cal,quadratic,100000,300000,0.9913,0.9936,0.9941,0.6872,0.7532,0.7187,0.8561
flow,0,8,2,0.0096,polar8,polar,100000,300000,0.9946,0.9962,0.9962,0.8364,0.8364,0.8364,0.9163
flow,0,8,2,0.0096,polar8_cal,polar,100000,300000,0.9944,0.9956,0.9962,0.7791,0.8701,0.8221,0.9088
flow,100,8,2,0.0100,knn,knn,20000,60000,0.8547,0.8623,0.8584,0.8600,0.1078,0.1915,0.5269
flow,100,8,2,0.0100,altered_knn,altered_knn,20000,40000,0.8295,0.8345,0.9002,0.0213,0.3308,0.0401,0.4373
flow,100,8,2,0.0100,quadratic,quadratic,20000,60000,0.9891,0.9941,0.9918,0.9429,0.4962,0.6502,0.8222
flow,100,8,2,0.0100,quadratic_cal,quadratic,20000,60000,0.9887,0.9920,0.9915,0.7333,0.6617,0.6957,0.8438
flow,100,8,2,0.0100,polar8,polar,20000,60000,0.9945,0.9960,0.9958,0.8898,0.8496,0.8692,0.9326
flow,100,8,2,0.0100,polar8_cal,polar,20000,60000,0.9941,0.9952,0.9958,0.7871,0.8897,0.8353,0.9152
flow,100,8,2,0.0100,knn,knn,50000,150000,0.8665,0.8742,0.8703,0.8269,0.1078,0.1907,0.5324
flow,100,8,2,0.0100,altered_knn,altered_knn,50000,100000,0.9052,0.9130,0.9345,0.0235,0.1303,0.0398,0.4764
flow,100,8,2,0.0100,quadratic,quadratic,50000,150000,0.9893,0.9943,0.9920,0.9330,0.4887,0.6414,0.8179
flow,100,8,2,0.0100,quadratic_cal,quadratic,50000,150000,0.9891,0.9923,0.9918,0.7389,0.6667,0.7009,0.8466
flow,100,8,2,0.0100,polar8,polar,50000,150000,0.9952,0.9967,0.9964,0.9019,0.8521,0.8763,0.9365
flow,100,8,2,0.0100,polar8_cal,polar,50000,150000,0.9950,0.9961,0.9963,0.8462,0.8822,0.8638,0.9300
flow,100,8,2,0.0100,knn,knn,100000,300000,0.8777,0.8854,0.8815,0.7833,0.1178,0.2048,0.5451
flow,100,8,2,0.0100,altered_knn,altered_knn,100000,200000,0.9108,0.9182,0.9393,0.0322,0.1754,0.0544,0.4863
flow,100,8,2,0.0100,quadratic,quadratic,100000,300000,0.9913,0.9961,0.9939,0.9234,0.5138,0.6602,0.8282
flow,100,8,2,0.0100,quadratic_cal,quadratic,100000,300000,0.9912,0.9941,0.9938,0.7460,0.6992,0.7219,0.8580
flow,100,8,2,0.0100,polar8,polar,100000,300000,0.9954,0.9969,0.9967,0.8903,0.8546,0.8721,0.9345
flow,100,8,2,0.0100,polar8_cal,polar,100000,300000,0.9953,0.9964,0.9967,0.8389,0.8872,0.8624,0.9294
flow,200,8,2,0.0100,knn,knn,20000,60000,0.8535,0.8613,0.8572,0.7727,0.0848,0.1528,0.5070
flow,200,8,2,0.0100,altered_knn,altered_knn,20000,40000,0.8887,0.8954,0.9278,0.0293,0.2319,0.0521,0.4737
flow,200,8,2,0.0100,quadratic,quadratic,20000,60000,0.9903,0.9955,0.9931,0.8967,0.4763,0.6221,0.8088
flow,200,8,2,0.0100,quadratic_cal,quadratic,20000,60000,0.9899,0.9931,0.9929,0.6959,0.6733,0.6844,0.8387
flow,200,8,2,0.0100,polar8,polar,20000,60000,0.9943,0.9961,0.9957,0.8820,0.8204,0.8501,0.9231
flow,200,8,2,0.0100,polar8_cal,polar,20000,60000,0.9945,0.9958,0.9958,0.8582,0.8603,0.8593,0.9276
flow,200,8,2,0.0100,knn,knn,50000,150000,0.8674,0.8752,0.8713,0.7885,0.1022,0.1810,0.5281
flow,200,8,2,0.0100,altered_knn,altered_knn,50000,100000,0.8331,0.8375,0.9043,0.0258,0.4015,0.0484,0.4429
flow,200,8,2,0.0100,quadratic,quadratic,50000,150000,0.9900,0.9951,0.9928,0.9041,0.4938,0.6387,0.8169
flow,200,8,2,0.0100,quadratic_cal,quadratic,50000,150000,0.9896,0.9928,0.9925,0.7076,0.6758,0.6913,0.8420
flow,200,8,2,0.0100,polar8,polar,50000,150000,0.9946,0.9963,0.9960,0.8803,0.8254,0.8520,0.9241
flow,200,8,2,0.0100,polar8_cal,polar,50000,150000,0.9945,0.9959,0.9960,0.8407,0.8554,0.8480,0.9219
flow,200,8,2,0.0100,knn,knn,100000,300000,0.8748,0.8823,0.8784,0.8730,0.1372,0.2371,0.5597
flow,200,8,2,0.0100,altered_knn,altered_knn,100000,200000,0.9177,0.9260,0.9412,0.0238,0.0998,0.0385,0.4822
flow,200,8,2,0.0100,quadratic,quadratic,100000,300000,0.9920,0.9970,0.9948,0.9095,0.5012,0.6463,0.8217
flow,200,8,2,0.0100,quadratic_cal,quadratic,100000,300000,0.9914,0.9945,0.9944,0.6967,0.6933,0.6950,0.8447
flow,200,8,2,0.0100,polar8,polar,100000,300000,0.9947,0.9964,0.9961,0.8711,0.8254,0.8476,0.9220
flow,200,8,2,0.0100,polar8_cal,polar,100000,300000,0.9946,0.9959,0.9962,0.8238,0.8628,0.8429,0.9194
flow,0,8,4,0.0110,knn,knn,20000,120000,0.7389,0.7454,0.7437,0.4114,0.1550,0.2251,0.4853
flow,0,8,4,0.0110,altered_knn,altered_knn,20000,80000,0.8531,0.8606,0.8793,0.0385,0.1844,0.0637,0.4621
flow,0,8,4,0.0110,quadratic,quadratic,20000,120000,0.9440,0.9487,0.9472,0.7607,0.5249,0.6212,0.7849
flow,0,8,4,0.0110,quadratic_cal,quadratic,20000,120000,0.9440,0.9490,0.9472,0.7907,0.5000,0.6126,0.7808
flow,0,8,4,0.0110,polar8,polar,20000,120000,0.9854,0.9885,0.9877,0.8289,0.7070,0.7631,0.8758
flow,0,8,4,0.0110,polar8_cal,polar,20000,120000,0.9852,0.9882,0.9877,0.7935,0.7172,0.7534,0.8708
flow,0,8,4,0.0110,knn,knn,50000,300000,0.7550,0.7615,0.7600,0.4278,0.1742,0.2476,0.5045
flow,0,8,4,0.0110,altered_knn,altered_knn,50000,200000,0.8859,0.8955,0.8932,0.0443,0.0215,0.0289,0.4622
flow,0,8,4,0.0110,quadratic,quadratic,50000,300000,0.9463,0.9511,0.9494,0.7873,0.5192,0.6258,0.7884
flow,0,8,4,0.0110,quadratic_cal,quadratic,50000,300000,0.9463,0.9511,0.9494,0.7883,0.5181,0.6253,0.7882
flow,0,8,4,0.0110,polar8,polar,50000,300000,0.9870,0.9901,0.9894,0.8082,0.7104,0.7562,0.8731
flow,0,8,4,0.0110,polar8_cal,polar,50000,300000,0.9870,0.9901,0.9894,0.8132,0.7093,0.7577,0.8739
flow,0,8,4,0.0110,knn,knn,100000,600000,0.7716,0.7779,0.7765,0.5014,0.2070,0.2930,0.5355
flow,0,8,4,0.0110,altered_knn,altered_knn,100000,400000,0.8905,0.8998,0.8994,0.0577,0.0509,0.0541,0.4770
flow,0,8,4,0.0110,quadratic,quadratic,100000,600000,0.9543,0.9590,0.9572,0.8048,0.5317,0.6403,0.7997
flow,0,8,4,0.0110,quadratic_cal,quadratic,100000,600000,0.9543,0.9590,0.9572,0.8024,0.5328,0.6404,0.7997
flow,0,8,4,0.0110,polar8,polar,100000,600000,0.9884,0.9914,0.9907,0.8261,0.7149,0.7665,0.8790
flow,0,8,4,0.0110,polar8_cal,polar,100000,600000,0.9882,0.9910,0.9907,0.7778,0.7364,0.7565,0.8737
flow,100,8,4,0.0109,knn,knn,20000,120000,0.7521,0.7584,0.7560,0.3645,0.1739,0.2355,0.4970
flow,100,8,4,0.0109,altered_knn,altered_knn,20000,80000,0.8731,0.8818,0.8897,0.0346,0.0904,0.0500,0.4659
flow,100,8,4,0.0109,quadratic,quadratic,20000,120000,0.9645,0.9689,0.9676,0.7549,0.5709,0.6502,0.8095
flow,100,8,4,0.0109,quadratic_cal,quadratic,20000,120000,0.9632,0.9669,0.9669,0.6260,0.6224,0.6242,0.7956
flow,100,8,4,0.0109,polar8,polar,20000,120000,0.9885,0.9913,0.9909,0.7980,0.7414,0.7687,0.8800
flow,100,8,4,0.0109,polar8_cal,polar,20000,120000,0.9880,0.9905,0.9907,0.7338,0.7666,0.7499,0.8702
flow,100,8,4,0.0109,knn,knn,50000,300000,0.7727,0.7792,0.7767,0.4340,0.1842,0.2586,0.5189
flow,100,8,4,0.0109,altered_knn,altered_knn,50000,200000,0.8734,0.8815,0.8961,0.0370,0.1465,0.0591,0.4703
flow,100,8,4,0.0109,quadratic,quadratic,50000,300000,0.9672,0.9716,0.9701,0.7873,0.5675,0.6596,0.8156
flow,100,8,4,0.0109,quadratic_cal,quadratic,50000,300000,0.9661,0.9697,0.9696,0.6553,0.6396,0.6474,0.8085
flow,100,8,4,0.0109,polar8,polar,50000,300000,0.9896,0.9922,0.9917,0.8204,0.7529,0.7852,0.8887
flow,100,8,4,0.0109,polar8_cal,polar,50000,300000,0.9893,0.9917,0.9916,0.7823,0.7689,0.7755,0.8836
flow,100,8,4,0.0109,knn,knn,100000,600000,0.7911,0.7973,0.7950,0.4891,0.2300,0.3128,0.5551
flow,100,8,4,0.0109,altered_knn,altered_knn,100000,400000,0.8825,0.8907,0.9027,0.0410,0.1396,0.0634,0.4771
flow,100,8,4,0.0109,quadratic,quadratic,100000,600000,0.9724,0.9768,0.9752,0.8068,0.5732,0.6702,0.8235
flow,100,8,4,0.0109,quadratic_cal,quadratic,100000,600000,0.9709,0.9743,0.9745,0.6407,0.6670,0.6536,0.8139
flow,100,8,4,0.0109,polar8,polar,100000,600000,0.9904,0.9929,0.9926,0.8216,0.7643,0.7919,0.8924
flow,100,8,4,0.0109,polar8_cal,polar,100000,600000,0.9902,0.9926,0.9925,0.7932,0.7769,0.7850,0.8888
flow,200,8,4,0.0112,knn,knn,20000,120000,0.7452,0.7517,0.7505,0.3267,0.1644,0.2187,0.4852
flow,200,8,4,0.0112,altered_knn,altered_knn,20000,80000,0.8750,0.8845,0.8844,0.0381,0.0369,0.0375,0.4610
flow,200,8,4,0.0112,quadratic,quadratic,20000,120000,0.9554,0.9602,0.9585,0.7584,0.5302,0.6241,0.7921
flow,200,8,4,0.0112,quadratic_cal,quadratic,20000,120000,0.9544,0.9584,0.9581,0.6361,0.5984,0.6167,0.7876
flow,200,8,4,0.0112,polar8,polar,20000,120000,0.9865,0.9898,0.9891,0.8010,0.6935,0.7434,0.8666
flow,200,8,4,0.0112,polar8_cal,polar,20000,120000,0.9860,0.9890,0.9889,0.7337,0.7181,0.7258,0.8574
flow,200,8,4,0.0112,knn,knn,50000,300000,0.7676,0.7744,0.7727,0.3907,0.1600,0.2270,0.5007
flow,200,8,4,0.0112,altered_knn,altered_knn,50000,200000,0.8811,0.8904,0.8929,0.0403,0.0593,0.0480,0.4692
flow,200,8,4,0.0112,quadratic,quadratic,50000,300000,0.9587,0.9636,0.9618,0.7950,0.5336,0.6386,0.8011
flow,200,8,4,0.0112,quadratic_cal,quadratic,50000,300000,0.9577,0.9615,0.9613,0.6510,0.6197,0.6350,0.7982
flow,200,8,4,0.0112,polar8,polar,50000,300000,0.9876,0.9908,0.9901,0.8111,0.7013,0.7522,0.8715
flow,200,8,4,0.0112,polar8_cal,polar,50000,300000,0.9873,0.9902,0.9900,0.7540,0.7304,0.7420,0.8661
flow,200,8,4,0.0112,knn,knn,100000,600000,0.7854,0.7923,0.7901,0.4503,0.1823,0.2596,0.5259
flow,200,8,4,0.0112,altered_knn,altered_knn,100000,400000,0.8882,0.8977,0.8996,0.0339,0.0459,0.0390,0.4683
flow,200,8,4,0.0112,quadratic,quadratic,100000,600000,0.9636,0.9685,0.9668,0.7987,0.5324,0.6389,0.8037
flow,200,8,4,0.0112,quadratic_cal,quadratic,100000,600000,0.9624,0.9661,0.9662,0.6402,0.6409,0.6406,0.8033
flow,200,8,4,0.0112,polar8,polar,100000,600000,0.9886,0.9917,0.9911,0.8074,0.7081,0.7545,0.8731
flow,200,8,4,0.0112,polar8_cal,polar,100000,600000,0.9884,0.9912,0.9911,0.7611,0.7450,0.7530,0.8721
flow,0,8,8,0.0130,knn,knn,20000,240000,0.6712,0.6770,0.6787,0.1686,0.2362,0.1968,0.4369
flow,0,8,8,0.0130,altered_knn,altered_knn,20000,160000,0.8301,0.8399,0.8446,0.0468,0.0861,0.0606,0.4503
flow,0,8,8,0.0130,quadratic,quadratic,20000,240000,0.9259,0.9316,0.9307,0.5926,0.4925,0.5380,0.7348
flow,0,8,8,0.0130,quadratic_cal,quadratic,20000,240000,0.9268,0.9330,0.9312,0.6695,0.4570,0.5432,0.7381
flow,0,8,8,0.0130,polar8,polar,20000,240000,0.9773,0.9825,0.9813,0.7228,0.5859,0.6472,0.8148
flow,0,8,8,0.0130,polar8_cal,polar,20000,240000,0.9775,0.9832,0.9812,0.7996,0.5469,0.6495,0.8164
flow,0,8,8,0.0130,knn,knn,50000,600000,0.6994,0.7053,0.7064,0.2077,0.2487,0.2264,0.4658
flow,0,8,8,0.0130,altered_knn,altered_knn,50000,400000,0.8308,0.8392,0.8572,0.0457,0.1910,0.0737,0.4565
flow,0,8,8,0.0130,quadratic,quadratic,50000,600000,0.9438,0.9500,0.9482,0.6878,0.4747,0.5618,0.7559
flow,0,8,8,0.0130,quadratic_cal,quadratic,50000,600000,0.9435,0.9493,0.9480,0.6525,0.5012,0.5669,0.7581
flow,0,8,8,0.0130,polar8,polar,50000,600000,0.9800,0.9853,0.9838,0.7591,0.5791,0.6570,0.8212
flow,0,8,8,0.0130,polar8_cal,polar,50000,600000,0.9802,0.9857,0.9838,0.8005,0.5618,0.6603,0.8230
flow,0,8,8,0.0130,knn,knn,100000,1200000,0.7178,0.7238,0.7243,0.2479,0.2588,0.2532,0.4885
flow,0,8,8,0.0130,altered_knn,altered_knn,100000,800000,0.8481,0.8576,0.8647,0.0555,0.1246,0.0768,0.4672
flow,0,8,8,0.0130,quadratic,quadratic,100000,1200000,0.9508,0.9573,0.9554,0.6662,0.4627,0.5461,0.7517
flow,0,8,8,0.0130,quadratic_cal,quadratic,100000,1200000,0.9507,0.9569,0.9554,0.6456,0.4767,0.5484,0.7527
flow,0,8,8,0.0130,polar8,polar,100000,1200000,0.9807,0.9859,0.9844,0.7672,0.5849,0.6638,0.8248
flow,0,8,8,0.0130,polar8_cal,polar,100000,1200000,0.9809,0.9863,0.9844,0.8149,0.5676,0.6691,0.8277
flow,100,8,8,0.0121,knn,knn,20000,240000,0.6709,0.6762,0.6787,0.1718,0.2349,0.1985,0.4374
flow,100,8,8,0.0121,altered_knn,altered_knn,20000,160000,0.8214,0.8296,0.8446,0.0391,0.1513,0.0621,0.4459
flow,100,8,8,0.0121,quadratic,quadratic,20000,240000,0.9298,0.9352,0.9344,0.5801,0.4858,0.5288,0.7320
flow,100,8,8,0.0121,quadratic_cal,quadratic,20000,240000,0.9297,0.9350,0.9343,0.5697,0.4961,0.5304,0.7327
flow,100,8,8,0.0121,polar8,polar,20000,240000,0.9775,0.9821,0.9811,0.7176,0.6035,0.6556,0.8189
flow,100,8,8,0.0121,polar8_cal,polar,20000,240000,0.9776,0.9824,0.9811,0.7538,0.5865,0.6597,0.8211
flow,100,8,8,0.0121,knn,knn,50000,600000,0.6972,0.7027,0.7046,0.1968,0.2452,0.2183,0.4605
flow,100,8,8,0.0121,altered_knn,altered_knn,50000,400000,0.8372,0.8457,0.8576,0.0451,0.1466,0.0690,0.4573
flow,100,8,8,0.0121,quadratic,quadratic,50000,600000,0.9403,0.9461,0.9444,0.6796,0.4719,0.5570,0.7515
flow,100,8,8,0.0121,quadratic_cal,quadratic,50000,600000,0.9390,0.9440,0.9437,0.5668,0.5281,0.5468,0.7454
flow,100,8,8,0.0121,polar8,polar,50000,600000,0.9792,0.9838,0.9827,0.7346,0.6102,0.6667,0.8252
flow,100,8,8,0.0121,polar8_cal,polar,50000,600000,0.9795,0.9845,0.9828,0.8048,0.5767,0.6719,0.8282
flow,100,8,8,0.0121,knn,knn,100000,1200000,0.7167,0.7224,0.7239,0.2223,0.2473,0.2341,0.4783
flow,100,8,8,0.0121,altered_knn,altered_knn,100000,800000,0.8571,0.8671,0.8654,0.0521,0.0341,0.0412,0.4542
flow,100,8,8,0.0121,quadratic,quadratic,100000,1200000,0.9491,0.9550,0.9533,0.6676,0.4677,0.5501,0.7525
flow,100,8,8,0.0121,quadratic_cal,quadratic,100000,1200000,0.9487,0.9544,0.9531,0.6253,0.4868,0.5475,0.7509
flow,100,8,8,0.0121,polar8,polar,100000,1200000,0.9798,0.9843,0.9833,0.7349,0.6138,0.6689,0.8266
flow,100,8,8,0.0121,polar8_cal,polar,100000,1200000,0.9800,0.9847,0.9833,0.7784,0.5947,0.6743,0.8295
flow,200,8,8,0.0129,knn,knn,20000,240000,0.6749,0.6808,0.6823,0.1592,0.2217,0.1854,0.4331
flow,200,8,8,0.0129,altered_knn,altered_knn,20000,160000,0.8367,0.8468,0.8497,0.0433,0.0660,0.0523,0.4495
flow,200,8,8,0.0129,quadratic,quadratic,20000,240000,0.9414,0.9472,0.9462,0.5984,0.4988,0.5441,0.7456
flow,200,8,8,0.0129,quadratic_cal,quadratic,20000,240000,0.9416,0.9476,0.9463,0.6166,0.4876,0.5446,0.7461
flow,200,8,8,0.0129,polar8,polar,20000,240000,0.9789,0.9841,0.9829,0.7225,0.5837,0.6457,0.8149
flow,200,8,8,0.0129,polar8_cal,polar,20000,240000,0.9793,0.9848,0.9829,0.7953,0.5560,0.6545,0.8197
flow,200,8,8,0.0129,knn,knn,50000,600000,0.7029,0.7090,0.7098,0.1947,0.2344,0.2127,0.4608
flow,200,8,8,0.0129,altered_knn,altered_knn,50000,400000,0.8304,0.8386,0.8601,0.0409,0.1970,0.0677,0.4532
flow,200,8,8,0.0129,quadratic,quadratic,50000,600000,0.9517,0.9579,0.9560,0.6845,0.4706,0.5578,0.7579
flow,200,8,8,0.0129,quadratic_cal,quadratic,50000,600000,0.9513,0.9572,0.9558,0.6455,0.4983,0.5624,0.7598
flow,200,8,8,0.0129,polar8,polar,50000,600000,0.9810,0.9859,0.9846,0.7518,0.5997,0.6672,0.8266
flow,200,8,8,0.0129,polar8_cal,polar,50000,600000,0.9812,0.9864,0.9846,0.8031,0.5818,0.6747,0.8306
flow,200,8,8,0.0129,knn,knn,100000,1200000,0.7233,0.7295,0.7300,0.2231,0.2484,0.2351,0.4823
flow,200,8,8,0.0129,altered_knn,altered_knn,100000,800000,0.8412,0.8497,0.8682,0.0430,0.1829,0.0696,0.4597
flow,200,8,8,0.0129,quadratic,quadratic,100000,1200000,0.9553,0.9617,0.9597,0.6749,0.4614,0.5481,0.7549
flow,200,8,8,0.0129,quadratic_cal,quadratic,100000,1200000,0.9545,0.9603,0.9594,0.5987,0.5075,0.5494,0.7548
flow,200,8,8,0.0129,polar8,polar,100000,1200000,0.9820,0.9870,0.9855,0.7705,0.6026,0.6763,0.8316
flow,200,8,8,0.0129,polar8_cal,polar,100000,1200000,0.9821,0.9873,0.9856,0.8032,0.5861,0.6777,0.8325
flow,0,8,16,0.0141,knn,knn,20000,480000,0.6096,0.6144,0.6229,0.0943,0.2716,0.1400,0.3772
flow,0,8,16,0.0141,altered_knn,altered_knn,20000,320000,0.7838,0.7922,0.8101,0.0476,0.1938,0.0764,0.4343
flow,0,8,16,0.0141,quadratic,quadratic,20000,480000,0.9124,0.9192,0.9185,0.5012,0.4313,0.4636,0.6914
flow,0,8,16,0.0141,quadratic_cal,quadratic,20000,480000,0.9134,0.9210,0.9189,0.5796,0.3815,0.4601,0.6906
flow,0,8,16,0.0141,polar8,polar,20000,480000,0.9663,0.9731,0.9718,0.6052,0.4914,0.5424,0.7577
flow,0,8,16,0.0141,polar8_cal,polar,20000,480000,0.9667,0.9738,0.9718,0.6659,0.4690,0.5504,0.7621
flow,0,8,16,0.0141,knn,knn,50000,1200000,0.6425,0.6477,0.6548,0.1156,0.2833,0.1642,0.4059
flow,0,8,16,0.0141,altered_knn,altered_knn,50000,800000,0.7314,0.7346,0.8067,0.0374,0.5047,0.0696,0.4021
flow,0,8,16,0.0141,quadratic,quadratic,50000,1200000,0.9189,0.9261,0.9251,0.5021,0.4152,0.4545,0.6903
flow,0,8,16,0.0141,quadratic_cal,quadratic,50000,1200000,0.9196,0.9274,0.9254,0.5559,0.3766,0.4490,0.6882
flow,0,8,16,0.0141,polar8,polar,50000,1200000,0.9684,0.9752,0.9736,0.6399,0.4909,0.5556,0.7654
flow,0,8,16,0.0141,polar8_cal,polar,50000,1200000,0.9688,0.9758,0.9737,0.6823,0.4792,0.5630,0.7694
flow,0,8,16,0.0141,knn,knn,100000,2400000,0.6659,0.6712,0.6775,0.1321,0.2940,0.1823,0.4267
flow,0,8,16,0.0141,altered_knn,altered_knn,100000,1600000,0.8221,0.8330,0.8336,0.0597,0.0660,0.0627,0.4478
flow,0,8,16,0.0141,quadratic,quadratic,100000,2400000,0.9232,0.9305,0.9299,0.4650,0.4112,0.4364,0.6835
flow,0,8,16,0.0141,quadratic_cal,quadratic,100000,2400000,0.9236,0.9310,0.9301,0.4832,0.4014,0.4385,0.6848
flow,0,8,16,0.0141,polar8,polar,100000,2400000,0.9693,0.9761,0.9744,0.6506,0.4876,0.5574,0.7668
flow,0,8,16,0.0141,polar8_cal,polar,100000,2400000,0.9695,0.9766,0.9744,0.6874,0.4725,0.5601,0.7683
flow,100,8,16,0.0139,knn,knn,20000,480000,0.6082,0.6129,0.6211,0.0969,0.2775,0.1436,0.3783
flow,100,8,16,0.0139,altered_knn,altered_knn,20000,320000,0.7844,0.7927,0.8110,0.0461,0.1928,0.0744,0.4335
flow,100,8,16,0.0139,quadratic,quadratic,20000,480000,0.9089,0.9157,0.9150,0.4904,0.4269,0.4565,0.6861
flow,100,8,16,0.0139,quadratic_cal,quadratic,20000,480000,0.9091,0.9161,0.9151,0.5051,0.4190,0.4581,0.6871
flow,100,8,16,0.0139,polar8,polar,20000,480000,0.9660,0.9725,0.9717,0.5746,0.5055,0.5378,0.7552
flow,100,8,16,0.0139,polar8_cal,polar,20000,480000,0.9668,0.9739,0.9717,0.6769,0.4626,0.5496,0.7617
flow,100,8,16,0.0139,knn,knn,50000,1200000,0.6401,0.6451,0.6524,0.1154,0.2891,0.1650,0.4050
flow,100,8,16,0.0139,altered_knn,altered_knn,50000,800000,0.8047,0.8138,0.8256,0.0512,0.1541,0.0768,0.4453
flow,100,8,16,0.0139,quadratic,quadratic,50000,1200000,0.9179,0.9249,0.9240,0.4923,0.4179,0.4521,0.6885
flow,100,8,16,0.0139,quadratic_cal,quadratic,50000,1200000,0.9179,0.9250,0.9241,0.4941,0.4165,0.4520,0.6885
flow,100,8,16,0.0139,polar8,polar,50000,1200000,0.9687,0.9752,0.9740,0.6077,0.5021,0.5499,0.7626
flow,100,8,16,0.0139,polar8_cal,polar,50000,1200000,0.9688,0.9755,0.9740,0.6270,0.4920,0.5514,0.7634
flow,100,8,16,0.0139,knn,knn,100000,2400000,0.6597,0.6650,0.6710,0.1283,0.2844,0.1768,0.4209
flow,100,8,16,0.0139,altered_knn,altered_knn,100000,1600000,0.8209,0.8310,0.8355,0.0631,0.1105,0.0803,0.4557
flow,100,8,16,0.0139,quadratic,quadratic,100000,2400000,0.9216,0.9288,0.9282,0.4623,0.4174,0.4387,0.6837
flow,100,8,16,0.0139,quadratic_cal,quadratic,100000,2400000,0.9216,0.9287,0.9282,0.4604,0.4204,0.4395,0.6841
flow,100,8,16,0.0139,polar8,polar,100000,2400000,0.9701,0.9766,0.9753,0.6244,0.5062,0.5591,0.7679
flow,100,8,16,0.0139,polar8_cal,polar,100000,2400000,0.9704,0.9771,0.9754,0.6539,0.4958,0.5640,0.7705
flow,200,8,16,0.0141,knn,knn,20000,480000,0.6078,0.6125,0.6216,0.0950,0.2829,0.1422,0.3773
flow,200,8,16,0.0141,altered_knn,altered_knn,20000,320000,0.7608,0.7668,0.8081,0.0420,0.3418,0.0748,0.4208
flow,200,8,16,0.0141,quadratic,quadratic,20000,480000,0.9156,0.9224,0.9217,0.5004,0.4390,0.4677,0.6950
flow,200,8,16,0.0141,quadratic_cal,quadratic,20000,480000,0.9156,0.9225,0.9218,0.5033,0.4344,0.4663,0.6944
flow,200,8,16,0.0141,polar8,polar,20000,480000,0.9665,0.9730,0.9719,0.6019,0.5070,0.5504,0.7617
flow,200,8,16,0.0141,polar8_cal,polar,20000,480000,0.9664,0.9730,0.9719,0.6014,0.5070,0.5502,0.7616
flow,200,8,16,0.0141,knn,knn,50000,1200000,0.6399,0.6451,0.6525,0.1100,0.2769,0.1574,0.4013
flow,200,8,16,0.0141,altered_knn,altered_knn,50000,800000,0.8079,0.8175,0.8261,0.0543,0.1324,0.0770,0.4473
flow,200,8,16,0.0141,quadratic,quadratic,50000,1200000,0.9224,0.9297,0.9287,0.4955,0.4155,0.4520,0.6908
flow,200,8,16,0.0141,quadratic_cal,quadratic,50000,1200000,0.9223,0.9296,0.9287,0.4919,0.4177,0.4518,0.6907
flow,200,8,16,0.0141,polar8,polar,50000,1200000,0.9684,0.9751,0.9737,0.6304,0.5052,0.5609,0.7680
flow,200,8,16,0.0141,polar8_cal,polar,50000,1200000,0.9687,0.9755,0.9737,0.6662,0.4919,0.5659,0.7707
flow,200,8,16,0.0141,knn,knn,100000,2400000,0.6615,0.6667,0.6734,0.1300,0.2969,0.1808,0.4238
flow,200,8,16,0.0141,altered_knn,altered_knn,100000,1600000,0.8079,0.8162,0.8357,0.0534,0.2276,0.0866,0.4514
flow,200,8,16,0.0141,quadratic,quadratic,100000,2400000,0.9262,0.9335,0.9328,0.4758,0.4175,0.4448,0.6891
flow,200,8,16,0.0141,quadratic_cal,quadratic,100000,2400000,0.9264,0.9338,0.9329,0.4864,0.4093,0.4445,0.6892
flow,200,8,16,0.0141,polar8,polar,100000,2400000,0.9696,0.9763,0.9748,0.6433,0.4994,0.5623,0.7693
flow,200,8,16,0.0141,polar8_cal,polar,100000,2400000,0.9699,0.9769,0.9748,0.6972,0.4790,0.5679,0.7724
flow,0,16,2,0.0091,knn,knn,20000,60000,0.7981,0.8054,0.8009,0.2000,0.0055,0.0107,0.4080
flow,0,16,2,0.0091,altered_knn,altered_knn,20000,40000,0.7589,0.7620,0.8547,0.0169,0.4148,0.0324,0.3972
flow,0,16,2,0.0091,quadratic,quadratic,20000,60000,0.9870,0.9919,0.9895,0.9655,0.4615,0.6245,0.8082
flow,0,16,2,0.0091,quadratic_cal,quadratic,20000,60000,0.9858,0.9880,0.9889,0.6322,0.7555,0.6884,0.8382
flow,0,16,2,0.0091,polar8,polar,20000,60000,0.9900,0.9912,0.9932,0.5996,0.8599,0.7065,0.8489
flow,0,16,2,0.0091,polar8_cal,polar,20000,60000,0.9914,0.9929,0.9937,0.7053,0.8352,0.7648,0.8788
flow,0,16,2,0.0091,knn,knn,50000,150000,0.8090,0.8163,0.8121,0.5000,0.0137,0.0267,0.4215
flow,0,16,2,0.0091,altered_knn,altered_knn,50000,100000,0.8627,0.8688,0.9036,0.0216,0.2033,0.0391,0.4539
flow,0,16,2,0.0091,quadratic,quadratic,50000,150000,0.9885,0.9932,0.9909,0.9830,0.4753,0.6407,0.8170
flow,0,16,2,0.0091,quadratic_cal,quadratic,50000,150000,0.9877,0.9898,0.9904,0.6635,0.7582,0.7077,0.8487
flow,0,16,2,0.0091,polar8,polar,50000,150000,0.9903,0.9914,0.9935,0.5940,0.8681,0.7054,0.8484
flow,0,16,2,0.0091,polar8_cal,polar,50000,150000,0.9920,0.9933,0.9941,0.7233,0.8544,0.7834,0.8883
flow,0,16,2,0.0091,knn,knn,100000,300000,0.8113,0.8186,0.8143,0.5833,0.0192,0.0372,0.4279
flow,0,16,2,0.0091,altered_knn,altered_knn,100000,200000,0.8662,0.8724,0.9054,0.0215,0.1923,0.0387,0.4556
flow,0,16,2,0.0091,quadratic,quadratic,100000,300000,0.9894,0.9939,0.9917,0.9628,0.4973,0.6558,0.8249
flow,0,16,2,0.0091,quadratic_cal,quadratic,100000,300000,0.9888,0.9906,0.9914,0.6729,0.7912,0.7273,0.8589
flow,0,16,2,0.0091,polar8,polar,100000,300000,0.9921,0.9932,0.9947,0.6557,0.8736,0.7491,0.8712
flow,0,16,2,0.0091,polar8_cal,polar,100000,300000,0.9924,0.9935,0.9948,0.6832,0.8709,0.7657,0.8796
flow,100,16,2,0.0087,knn,knn,20000,60000,0.8012,0.8081,0.8042,0.5455,0.0173,0.0336,0.4208
flow,100,16,2,0.0087,altered_knn,altered_knn,20000,40000,0.7618,0.7649,0.8565,0.0162,0.4133,0.0312,0.3980
flow,100,16,2,0.0087,quadratic,quadratic,20000,60000,0.9888,0.9940,0.9915,0.9257,0.3960,0.5547,0.7743
flow,100,16,2,0.0087,quadratic_cal,quadratic,20000,60000,0.9874,0.9902,0.9908,0.5793,0.6647,0.6191,0.8047
flow,100,16,2,0.0087,polar8,polar,20000,60000,0.9898,0.9906,0.9933,0.5581,0.9017,0.6895,0.8401
flow,100,16,2,0.0087,polar8_cal,polar,20000,60000,0.9926,0.9937,0.9944,0.7525,0.8699,0.8070,0.9003
flow,100,16,2,0.0087,knn,knn,50000,150000,0.8073,0.8143,0.8103,0.4286,0.0087,0.0170,0.4156
flow,100,16,2,0.0087,altered_knn,altered_knn,50000,100000,0.8683,0.8745,0.9058,0.0178,0.1590,0.0321,0.4533
flow,100,16,2,0.0087,quadratic,quadratic,50000,150000,0.9905,0.9955,0.9931,0.9304,0.4249,0.5833,0.7894
flow,100,16,2,0.0087,quadratic_cal,quadratic,50000,150000,0.9896,0.9927,0.9927,0.6390,0.6445,0.6417,0.8172
flow,100,16,2,0.0087,polar8,polar,50000,150000,0.9918,0.9925,0.9948,0.5943,0.9104,0.7192,0.8558
flow,100,16,2,0.0087,polar8_cal,polar,50000,150000,0.9942,0.9951,0.9958,0.7624,0.8902,0.8213,0.9082
flow,100,16,2,0.0087,knn,knn,100000,300000,0.8134,0.8204,0.8163,0.4286,0.0087,0.0170,0.4187
flow,100,16,2,0.0087,altered_knn,altered_knn,100000,200000,0.8675,0.8731,0.9067,0.0232,0.2197,0.0419,0.4575
flow,100,16,2,0.0087,quadratic,quadratic,100000,300000,0.9919,0.9967,0.9944,0.9337,0.4480,0.6055,0.8011
flow,100,16,2,0.0087,quadratic_cal,quadratic,100000,300000,0.9910,0.9935,0.9939,0.6395,0.7023,0.6694,0.8315
flow,100,16,2,0.0087,polar8,polar,100000,300000,0.9940,0.9947,0.9961,0.6982,0.9162,0.7925,0.8936
flow,100,16,2,0.0087,polar8_cal,polar,100000,300000,0.9950,0.9958,0.9964,0.7949,0.8960,0.8424,0.9191
flow,200,16,2,0.0093,knn,knn,20000,60000,0.8013,0.8086,0.8046,0.5882,0.0268,0.0513,0.4299
flow,200,16,2,0.0093,altered_knn,altered_knn,20000,40000,0.8666,0.8730,0.9030,0.0227,0.1823,0.0403,0.4567
flow,200,16,2,0.0093,quadratic,quadratic,20000,60000,0.9886,0.9940,0.9914,0.9573,0.4209,0.5847,0.7894
flow,200,16,2,0.0093,quadratic_cal,quadratic,20000,60000,0.9875,0.9903,0.9908,0.6208,0.6890,0.6531,0.8217
flow,200,16,2,0.0093,polar8,polar,20000,60000,0.9894,0.9907,0.9933,0.5464,0.8525,0.6660,0.8283
flow,200,16,2,0.0093,polar8_cal,polar,20000,60000,0.9905,0.9919,0.9938,0.6046,0.8445,0.7047,0.8483
flow,200,16,2,0.0093,knn,knn,50000,150000,0.8094,0.8169,0.8129,0.3333,0.0080,0.0157,0.4163
flow,200,16,2,0.0093,altered_knn,altered_knn,50000,100000,0.8643,0.8706,0.9052,0.0203,0.1850,0.0366,0.4536
flow,200,16,2,0.0093,quadratic,quadratic,50000,150000,0.9905,0.9958,0.9932,0.9515,0.4209,0.5836,0.7897
flow,200,16,2,0.0093,quadratic_cal,quadratic,50000,150000,0.9895,0.9921,0.9927,0.6303,0.7131,0.6692,0.8306
flow,200,16,2,0.0093,polar8,polar,50000,150000,0.9913,0.9927,0.9947,0.5918,0.8472,0.6968,0.8448
flow,200,16,2,0.0093,polar8_cal,polar,50000,150000,0.9925,0.9939,0.9951,0.6688,0.8445,0.7464,0.8702
flow,200,16,2,0.0093,knn,knn,100000,300000,0.8103,0.8179,0.8137,0.3333,0.0027,0.0053,0.4116
flow,200,16,2,0.0093,altered_knn,altered_knn,100000,200000,0.8697,0.8763,0.9060,0.0222,0.1769,0.0395,0.4579
flow,200,16,2,0.0093,quadratic,quadratic,100000,300000,0.9914,0.9964,0.9940,0.9553,0.4584,0.6196,0.8080
flow,200,16,2,0.0093,quadratic_cal,quadratic,100000,300000,0.9908,0.9930,0.9937,0.6612,0.7534,0.7043,0.8486
flow,200,16,2,0.0093,polar8,polar,100000,300000,0.9938,0.9951,0.9960,0.7121,0.8552,0.7771,0.8861
flow,200,16,2,0.0093,polar8_cal,polar,100000,300000,0.9941,0.9955,0.9961,0.7500,0.8525,0.7980,0.8967
flow,0,16,4,0.0101,knn,knn,20000,120000,0.6557,0.6620,0.6583,0.2661,0.0409,0.0710,0.3665
flow,0,16,4,0.0101,altered_knn,altered_knn,20000,80000,0.8415,0.8494,0.8510,0.0473,0.0645,0.0546,0.4520
flow,0,16,4,0.0101,quadratic,quadratic,20000,120000,0.9685,0.9734,0.9713,0.8413,0.4801,0.6114,0.7924
flow,0,16,4,0.0101,quadratic_cal,quadratic,20000,120000,0.9681,0.9716,0.9711,0.6912,0.6166,0.6518,0.8117
flow,0,16,4,0.0101,polar8,polar,20000,120000,0.9844,0.9870,0.9866,0.7845,0.7270,0.7547,0.8708
flow,0,16,4,0.0101,polar8_cal,polar,20000,120000,0.9836,0.9860,0.9865,0.6844,0.7506,0.7160,0.8510
flow,0,16,4,0.0101,knn,knn,50000,300000,0.6661,0.6725,0.6691,0.3137,0.0397,0.0705,0.3715
flow,0,16,4,0.0101,altered_knn,altered_knn,50000,200000,0.8430,0.8509,0.8536,0.0415,0.0670,0.0513,0.4511
flow,0,16,4,0.0101,quadratic,quadratic,50000,300000,0.9743,0.9792,0.9770,0.8706,0.4926,0.6292,0.8042
flow,0,16,4,0.0101,quadratic_cal,quadratic,50000,300000,0.9742,0.9776,0.9769,0.7375,0.6414,0.6861,0.8319
flow,0,16,4,0.0101,polar8,polar,50000,300000,0.9869,0.9895,0.9889,0.8307,0.7308,0.7776,0.8835
flow,0,16,4,0.0101,polar8_cal,polar,50000,300000,0.9863,0.9885,0.9887,0.7357,0.7667,0.7509,0.8697
flow,0,16,4,0.0101,knn,knn,100000,600000,0.6747,0.6813,0.6777,0.3253,0.0335,0.0607,0.3710
flow,0,16,4,0.0101,altered_knn,altered_knn,100000,400000,0.8465,0.8544,0.8564,0.0473,0.0682,0.0559,0.4552
flow,0,16,4,0.0101,quadratic,quadratic,100000,600000,0.9805,0.9849,0.9830,0.8974,0.5533,0.6846,0.8347
flow,0,16,4,0.0101,quadratic_cal,quadratic,100000,600000,0.9803,0.9832,0.9828,0.7507,0.6911,0.7196,0.8514
flow,0,16,4,0.0101,polar8,polar,100000,600000,0.9875,0.9899,0.9894,0.8433,0.7543,0.7963,0.8931
flow,0,16,4,0.0101,polar8_cal,polar,100000,600000,0.9871,0.9891,0.9892,0.7747,0.7978,0.7861,0.8876
flow,100,16,4,0.0095,knn,knn,20000,120000,0.6499,0.6558,0.6520,0.2842,0.0356,0.0633,0.3595
flow,100,16,4,0.0095,altered_knn,altered_knn,20000,80000,0.8266,0.8335,0.8468,0.0248,0.1055,0.0402,0.4369
flow,100,16,4,0.0095,quadratic,quadratic,20000,120000,0.9659,0.9706,0.9686,0.8234,0.4736,0.6013,0.7860
flow,100,16,4,0.0095,quadratic_cal,quadratic,20000,120000,0.9654,0.9689,0.9684,0.6765,0.6042,0.6383,0.8036
flow,100,16,4,0.0095,polar8,polar,20000,120000,0.9834,0.9854,0.9857,0.7318,0.7704,0.7506,0.8680
flow,100,16,4,0.0095,polar8_cal,polar,20000,120000,0.9837,0.9860,0.9857,0.7943,0.7388,0.7656,0.8758
flow,100,16,4,0.0095,knn,knn,50000,300000,0.6597,0.6657,0.6625,0.2500,0.0317,0.0562,0.3610
flow,100,16,4,0.0095,altered_knn,altered_knn,50000,200000,0.8413,0.8486,0.8529,0.0375,0.0752,0.0500,0.4493
flow,100,16,4,0.0095,quadratic,quadratic,50000,300000,0.9712,0.9760,0.9739,0.8725,0.4697,0.6106,0.7933
flow,100,16,4,0.0095,quadratic_cal,quadratic,50000,300000,0.9709,0.9739,0.9737,0.6878,0.6570,0.6721,0.8230
flow,100,16,4,0.0095,polar8,polar,50000,300000,0.9853,0.9872,0.9869,0.8385,0.7810,0.8087,0.8980
flow,100,16,4,0.0095,polar8_cal,polar,50000,300000,0.9852,0.9870,0.9870,0.8070,0.7942,0.8005,0.8938
flow,100,16,4,0.0095,knn,knn,100000,600000,0.6703,0.6764,0.6732,0.2529,0.0290,0.0521,0.3643
flow,100,16,4,0.0095,altered_knn,altered_knn,100000,400000,0.8443,0.8516,0.8549,0.0455,0.0818,0.0584,0.4550
flow,100,16,4,0.0095,quadratic,quadratic,100000,600000,0.9779,0.9823,0.9804,0.8916,0.5211,0.6578,0.8200
flow,100,16,4,0.0095,quadratic_cal,quadratic,100000,600000,0.9775,0.9801,0.9802,0.7017,0.7045,0.7031,0.8416
flow,100,16,4,0.0095,polar8,polar,100000,600000,0.9870,0.9888,0.9886,0.8354,0.7968,0.8157,0.9023
flow,100,16,4,0.0095,polar8_cal,polar,100000,600000,0.9868,0.9884,0.9886,0.7869,0.8232,0.8046,0.8965
flow,200,16,4,0.0088,knn,knn,20000,120000,0.6479,0.6533,0.6508,0.2459,0.0424,0.0724,0.3628
flow,200,16,4,0.0088,altered_knn,altered_knn,20000,80000,0.7987,0.8036,0.8413,0.0227,0.2504,0.0416,0.4226
flow,200,16,4,0.0088,quadratic,quadratic,20000,120000,0.9738,0.9780,0.9764,0.8218,0.5021,0.6234,0.8007
flow,200,16,4,0.0088,quadratic_cal,quadratic,20000,120000,0.9720,0.9745,0.9754,0.5748,0.6902,0.6272,0.8009
flow,200,16,4,0.0088,polar8,polar,20000,120000,0.9874,0.9891,0.9893,0.7560,0.7977,0.7763,0.8827
flow,200,16,4,0.0088,polar8_cal,polar,20000,120000,0.9872,0.9888,0.9893,0.7244,0.8105,0.7650,0.8769
flow,200,16,4,0.0088,knn,knn,50000,300000,0.6635,0.6692,0.6665,0.2245,0.0311,0.0547,0.3619
flow,200,16,4,0.0088,altered_knn,altered_knn,50000,200000,0.8352,0.8416,0.8535,0.0292,0.1202,0.0470,0.4443
flow,200,16,4,0.0088,quadratic,quadratic,50000,300000,0.9792,0.9836,0.9818,0.8441,0.4823,0.6139,0.7987
flow,200,16,4,0.0088,quadratic_cal,quadratic,50000,300000,0.9782,0.9807,0.9812,0.6252,0.7030,0.6618,0.8212
flow,200,16,4,0.0088,polar8,polar,50000,300000,0.9895,0.9912,0.9912,0.7972,0.8006,0.7989,0.8950
flow,200,16,4,0.0088,polar8_cal,polar,50000,300000,0.9892,0.9907,0.9911,0.7497,0.8175,0.7821,0.8864
flow,200,16,4,0.0088,knn,knn,100000,600000,0.6735,0.6792,0.6764,0.3412,0.0410,0.0732,0.3762
flow,200,16,4,0.0088,altered_knn,altered_knn,100000,400000,0.8103,0.8154,0.8497,0.0242,0.2433,0.0440,0.4297
flow,200,16,4,0.0088,quadratic,quadratic,100000,600000,0.9845,0.9884,0.9868,0.8787,0.5431,0.6713,0.8299
flow,200,16,4,0.0088,quadratic_cal,quadratic,100000,600000,0.9835,0.9854,0.9862,0.6487,0.7652,0.7021,0.8438
flow,200,16,4,0.0088,polar8,polar,100000,600000,0.9906,0.9921,0.9920,0.8391,0.8190,0.8289,0.9105
flow,200,16,4,0.0088,polar8_cal,polar,100000,600000,0.9899,0.9910,0.9918,0.7386,0.8670,0.7977,0.8943
flow,0,16,8,0.0112,knn,knn,20000,240000,0.5342,0.5393,0.5375,0.1549,0.0821,0.1073,0.3233
flow,0,16,8,0.0112,altered_knn,altered_knn,20000,160000,0.7821,0.7905,0.7902,0.0462,0.0441,0.0451,0.4178
flow,0,16,8,0.0112,quadratic,quadratic,20000,240000,0.9423,0.9473,0.9457,0.7211,0.5008,0.5911,0.7692
flow,0,16,8,0.0112,quadratic_cal,quadratic,20000,240000,0.9411,0.9449,0.9451,0.5868,0.6041,0.5953,0.7701
flow,0,16,8,0.0112,polar8,polar,20000,240000,0.9748,0.9783,0.9772,0.8471,0.6650,0.7451,0.8617
flow,0,16,8,0.0112,polar8_cal,polar,20000,240000,0.9746,0.9779,0.9771,0.7945,0.6823,0.7342,0.8560
flow,0,16,8,0.0112,knn,knn,50000,600000,0.5523,0.5578,0.5560,0.1258,0.0637,0.0845,0.3212
flow,0,16,8,0.0112,altered_knn,altered_knn,50000,400000,0.7795,0.7872,0.7944,0.0359,0.0932,0.0519,0.4195
flow,0,16,8,0.0112,quadratic,quadratic,50000,600000,0.9553,0.9605,0.9583,0.8398,0.4975,0.6248,0.7927
flow,0,16,8,0.0112,quadratic_cal,quadratic,50000,600000,0.9544,0.9577,0.9578,0.6543,0.6583,0.6563,0.8070
flow,0,16,8,0.0112,polar8,polar,50000,600000,0.9770,0.9803,0.9792,0.8565,0.6801,0.7582,0.8693
flow,0,16,8,0.0112,polar8_cal,polar,50000,600000,0.9770,0.9801,0.9793,0.8310,0.7030,0.7616,0.8709
flow,0,16,8,0.0112,knn,knn,100000,1200000,0.5634,0.5690,0.5671,0.1756,0.0765,0.1066,0.3378
flow,0,16,8,0.0112,altered_knn,altered_knn,100000,800000,0.7910,0.7995,0.7997,0.0379,0.0396,0.0388,0.4192
flow,0,16,8,0.0112,quadratic,quadratic,100000,1200000,0.9614,0.9664,0.9643,0.8533,0.5198,0.6461,0.8062
flow,0,16,8,0.0112,quadratic_cal,quadratic,100000,1200000,0.9606,0.9639,0.9638,0.6802,0.6756,0.6779,0.8209
flow,0,16,8,0.0112,polar8,polar,100000,1200000,0.9771,0.9804,0.9798,0.7747,0.6912,0.7306,0.8555
flow,0,16,8,0.0112,polar8_cal,polar,100000,1200000,0.9771,0.9801,0.9798,0.7575,0.7080,0.7319,0.8560
flow,100,16,8,0.0101,knn,knn,20000,240000,0.5333,0.5380,0.5361,0.1119,0.0688,0.0852,0.3116
flow,100,16,8,0.0101,altered_knn,altered_knn,20000,160000,0.7544,0.7593,0.7947,0.0275,0.2677,0.0499,0.4046
flow,100,16,8,0.0101,quadratic,quadratic,20000,240000,0.9438,0.9484,0.9470,0.6898,0.4932,0.5751,0.7618
flow,100,16,8,0.0101,quadratic_cal,quadratic,20000,240000,0.9433,0.9475,0.9467,0.6300,0.5316,0.5766,0.7621
flow,100,16,8,0.0101,polar8,polar,20000,240000,0.9765,0.9794,0.9787,0.8085,0.6933,0.7465,0.8630
flow,100,16,8,0.0101,polar8_cal,polar,20000,240000,0.9759,0.9783,0.9786,0.6921,0.7367,0.7137,0.8460
flow,100,16,8,0.0101,knn,knn,50000,600000,0.5514,0.5562,0.5546,0.1522,0.0849,0.1090,0.3326
flow,100,16,8,0.0101,altered_knn,altered_knn,50000,400000,0.7584,0.7632,0.7995,0.0295,0.2924,0.0536,0.4084
flow,100,16,8,0.0101,quadratic,quadratic,50000,600000,0.9589,0.9637,0.9617,0.8208,0.4882,0.6123,0.7880
flow,100,16,8,0.0101,quadratic_cal,quadratic,50000,600000,0.9584,0.9621,0.9614,0.6924,0.5898,0.6370,0.7996
flow,100,16,8,0.0101,polar8,polar,50000,600000,0.9786,0.9814,0.9808,0.8018,0.7094,0.7528,0.8671
flow,100,16,8,0.0101,polar8_cal,polar,50000,600000,0.9785,0.9808,0.9809,0.7379,0.7553,0.7465,0.8636
flow,100,16,8,0.0101,knn,knn,100000,1200000,0.5614,0.5663,0.5642,0.1545,0.0762,0.1021,0.3342
flow,100,16,8,0.0101,altered_knn,altered_knn,100000,800000,0.7709,0.7761,0.8045,0.0325,0.2577,0.0577,0.4169
flow,100,16,8,0.0101,quadratic,quadratic,100000,1200000,0.9638,0.9684,0.9665,0.8364,0.5130,0.6359,0.8022
flow,100,16,8,0.0101,quadratic_cal,quadratic,100000,1200000,0.9632,0.9667,0.9662,0.6972,0.6264,0.6599,0.8133
flow,100,16,8,0.0101,polar8,polar,100000,1200000,0.9784,0.9811,0.9809,0.7473,0.7181,0.7324,0.8567
flow,100,16,8,0.0101,polar8_cal,polar,100000,1200000,0.9784,0.9809,0.9809,0.7311,0.7261,0.7286,0.8548
flow,200,16,8,0.0096,knn,knn,20000,240000,0.5304,0.5348,0.5341,0.1033,0.0764,0.0879,0.3114
flow,200,16,8,0.0096,altered_knn,altered_knn,20000,160000,0.7441,0.7484,0.7880,0.0263,0.2979,0.0484,0.3984
flow,200,16,8,0.0096,quadratic,quadratic,20000,240000,0.9371,0.9414,0.9402,0.6826,0.4987,0.5763,0.7589
flow,200,16,8,0.0096,quadratic_cal,quadratic,20000,240000,0.9359,0.9393,0.9396,0.5549,0.5887,0.5713,0.7553
flow,200,16,8,0.0096,polar8,polar,20000,240000,0.9752,0.9781,0.9774,0.8073,0.6729,0.7340,0.8561
flow,200,16,8,0.0096,polar8_cal,polar,20000,240000,0.9742,0.9767,0.9771,0.6631,0.7189,0.6899,0.8333
flow,200,16,8,0.0096,knn,knn,50000,600000,0.5488,0.5533,0.5524,0.1571,0.0829,0.1085,0.3309
flow,200,16,8,0.0096,altered_knn,altered_knn,50000,400000,0.7527,0.7573,0.7939,0.0272,0.2843,0.0496,0.4034
flow,200,16,8,0.0096,quadratic,quadratic,50000,600000,0.9536,0.9581,0.9563,0.8095,0.4981,0.6167,0.7874
flow,200,16,8,0.0096,quadratic_cal,quadratic,50000,600000,0.9520,0.9549,0.9554,0.5875,0.6503,0.6173,0.7861
flow,200,16,8,0.0096,polar8,polar,50000,600000,0.9778,0.9806,0.9799,0.8022,0.6988,0.7470,0.8638
flow,200,16,8,0.0096,polar8_cal,polar,50000,600000,0.9770,0.9792,0.9797,0.6813,0.7519,0.7149,0.8471
flow,200,16,8,0.0096,knn,knn,100000,1200000,0.5594,0.5641,0.5631,0.1555,0.0751,0.1013,0.3327
flow,200,16,8,0.0096,altered_knn,altered_knn,100000,800000,0.7731,0.7784,0.8010,0.0336,0.2273,0.0585,0.4184
flow,200,16,8,0.0096,quadratic,quadratic,100000,1200000,0.9599,0.9642,0.9624,0.8353,0.5123,0.6351,0.7997
flow,200,16,8,0.0096,quadratic_cal,quadratic,100000,1200000,0.9578,0.9605,0.9613,0.5780,0.6865,0.6276,0.7940
flow,200,16,8,0.0096,polar8,polar,100000,1200000,0.9781,0.9807,0.9804,0.7604,0.7131,0.7360,0.8583
flow,200,16,8,0.0096,polar8_cal,polar,100000,1200000,0.9777,0.9799,0.9803,0.6926,0.7500,0.7201,0.8500
flow,0,16,16,0.0111,knn,knn,20000,480000,0.4525,0.4563,0.4570,0.0739,0.1170,0.0906,0.2734
flow,0,16,16,0.0111,altered_knn,altered_knn,20000,320000,0.7416,0.7486,0.7546,0.0481,0.1162,0.0680,0.4083
flow,0,16,16,0.0111,quadratic,quadratic,20000,480000,0.9406,0.9458,0.9442,0.6810,0.4784,0.5620,0.7539
flow,0,16,16,0.0111,quadratic_cal,quadratic,20000,480000,0.9397,0.9441,0.9438,0.5839,0.5523,0.5677,0.7559
flow,0,16,16,0.0111,polar8,polar,20000,480000,0.9614,0.9652,0.9654,0.5957,0.6180,0.6066,0.7859
flow,0,16,16,0.0111,polar8_cal,polar,20000,480000,0.9615,0.9656,0.9654,0.6219,0.5963,0.6088,0.7872
flow,0,16,16,0.0111,knn,knn,50000,1200000,0.4706,0.4745,0.4752,0.0830,0.1257,0.1000,0.2872
flow,0,16,16,0.0111,altered_knn,altered_knn,50000,800000,0.7400,0.7464,0.7604,0.0394,0.1686,0.0639,0.4052
flow,0,16,16,0.0111,quadratic,quadratic,50000,1200000,0.9478,0.9529,0.9511,0.7560,0.4875,0.5927,0.7728
flow,0,16,16,0.0111,quadratic_cal,quadratic,50000,1200000,0.9468,0.9510,0.9506,0.6242,0.5760,0.5991,0.7751
flow,0,16,16,0.0111,polar8,polar,50000,1200000,0.9647,0.9685,0.9679,0.7001,0.6312,0.6639,0.8162
flow,0,16,16,0.0111,polar8_cal,polar,50000,1200000,0.9646,0.9681,0.9680,0.6689,0.6504,0.6595,0.8138
flow,0,16,16,0.0111,knn,knn,100000,2400000,0.4833,0.4872,0.4874,0.1055,0.1365,0.1190,0.3031
flow,0,16,16,0.0111,altered_knn,altered_knn,100000,1600000,0.7208,0.7256,0.7628,0.0304,0.2957,0.0552,0.3904
flow,0,16,16,0.0111,quadratic,quadratic,100000,2400000,0.9497,0.9549,0.9530,0.7564,0.4849,0.5910,0.7729
flow,0,16,16,0.0111,quadratic_cal,quadratic,100000,2400000,0.9489,0.9530,0.9526,0.6302,0.5827,0.6055,0.7793
flow,0,16,16,0.0111,polar8,polar,100000,2400000,0.9661,0.9698,0.9689,0.7582,0.6321,0.6894,0.8296
flow,0,16,16,0.0111,polar8_cal,polar,100000,2400000,0.9658,0.9691,0.9689,0.6942,0.6676,0.6807,0.8249
flow,100,16,16,0.0118,knn,knn,20000,480000,0.4431,0.4469,0.4473,0.0795,0.1204,0.0957,0.2713
flow,100,16,16,0.0118,altered_knn,altered_knn,20000,320000,0.7126,0.7181,0.7483,0.0334,0.2589,0.0592,0.3886
flow,100,16,16,0.0118,quadratic,quadratic,20000,480000,0.9340,0.9398,0.9379,0.6909,0.4455,0.5417,0.7407
flow,100,16,16,0.0118,quadratic_cal,quadratic,20000,480000,0.9338,0.9394,0.9378,0.6628,0.4682,0.5488,0.7441
flow,100,16,16,0.0118,polar8,polar,20000,480000,0.9605,0.9650,0.9642,0.6737,0.5810,0.6239,0.7945
flow,100,16,16,0.0118,polar8_cal,polar,20000,480000,0.9604,0.9649,0.9642,0.6661,0.5860,0.6235,0.7942
flow,100,16,16,0.0118,knn,knn,50000,1200000,0.4624,0.4665,0.4670,0.0838,0.1202,0.0987,0.2826
flow,100,16,16,0.0118,altered_knn,altered_knn,50000,800000,0.7408,0.7481,0.7569,0.0451,0.1318,0.0672,0.4077
flow,100,16,16,0.0118,quadratic,quadratic,50000,1200000,0.9420,0.9481,0.9458,0.7495,0.4373,0.5523,0.7502
flow,100,16,16,0.0118,quadratic_cal,quadratic,50000,1200000,0.9417,0.9469,0.9456,0.6732,0.5056,0.5775,0.7622
flow,100,16,16,0.0118,polar8,polar,50000,1200000,0.9637,0.9683,0.9673,0.6941,0.5831,0.6338,0.8010
flow,100,16,16,0.0118,polar8_cal,polar,50000,1200000,0.9637,0.9680,0.9674,0.6758,0.5998,0.6355,0.8018
flow,100,16,16,0.0118,knn,knn,100000,2400000,0.4751,0.4793,0.4793,0.0957,0.1204,0.1067,0.2930
flow,100,16,16,0.0118,altered_knn,altered_knn,100000,1600000,0.7496,0.7573,0.7608,0.0557,0.0974,0.0709,0.4141
flow,100,16,16,0.0118,quadratic,quadratic,100000,2400000,0.9455,0.9515,0.9492,0.7608,0.4402,0.5577,0.7546
flow,100,16,16,0.0118,quadratic_cal,quadratic,100000,2400000,0.9450,0.9502,0.9489,0.6691,0.5106,0.5792,0.7647
flow,100,16,16,0.0118,polar8,polar,100000,2400000,0.9659,0.9705,0.9691,0.7764,0.5863,0.6681,0.8193
flow,100,16,16,0.0118,polar8_cal,polar,100000,2400000,0.9657,0.9699,0.9691,0.7140,0.6178,0.6624,0.8161
flow,200,16,16,0.0113,knn,knn,20000,480000,0.4463,0.4499,0.4509,0.0798,0.1318,0.0994,0.2747
flow,200,16,16,0.0113,altered_knn,altered_knn,20000,320000,0.7378,0.7450,0.7506,0.0451,0.1049,0.0631,0.4040
flow,200,16,16,0.0113,quadratic,quadratic,20000,480000,0.9358,0.9412,0.9394,0.6924,0.4555,0.5495,0.7454
flow,200,16,16,0.0113,quadratic_cal,quadratic,20000,480000,0.9357,0.9410,0.9394,0.6754,0.4677,0.5526,0.7468
flow,200,16,16,0.0113,polar8,polar,20000,480000,0.9609,0.9650,0.9648,0.6267,0.6014,0.6138,0.7894
flow,200,16,16,0.0113,polar8_cal,polar,20000,480000,0.9609,0.9649,0.9648,0.6237,0.6023,0.6128,0.7889
flow,200,16,16,0.0113,knn,knn,50000,1200000,0.4659,0.4698,0.4702,0.0932,0.1293,0.1083,0.2891
flow,200,16,16,0.0113,altered_knn,altered_knn,50000,800000,0.7425,0.7498,0.7554,0.0467,0.1085,0.0653,0.4075
flow,200,16,16,0.0113,quadratic,quadratic,50000,1200000,0.9436,0.9491,0.9470,0.7621,0.4588,0.5728,0.7609
flow,200,16,16,0.0113,quadratic_cal,quadratic,50000,1200000,0.9433,0.9485,0.9469,0.7110,0.4896,0.5799,0.7642
flow,200,16,16,0.0113,polar8,polar,50000,1200000,0.9642,0.9682,0.9676,0.6857,0.6134,0.6475,0.8079
flow,200,16,16,0.0113,polar8_cal,polar,50000,1200000,0.9639,0.9675,0.9676,0.6294,0.6420,0.6356,0.8016
flow,200,16,16,0.0113,knn,knn,100000,2400000,0.4776,0.4816,0.4819,0.1006,0.1329,0.1145,0.2981
flow,200,16,16,0.0113,altered_knn,altered_knn,100000,1600000,0.7482,0.7554,0.7611,0.0512,0.1188,0.0715,0.4135
flow,200,16,16,0.0113,quadratic,quadratic,100000,2400000,0.9461,0.9517,0.9495,0.7682,0.4571,0.5732,0.7624
flow,200,16,16,0.0113,quadratic_cal,quadratic,100000,2400000,0.9458,0.9508,0.9494,0.6951,0.5062,0.5858,0.7683
flow,200,16,16,0.0113,polar8,polar,100000,2400000,0.9665,0.9705,0.9694,0.7703,0.6162,0.6847,0.8276
flow,200,16,16,0.0113,polar8_cal,polar,100000,2400000,0.9661,0.9696,0.9694,0.6806,0.6606,0.6704,0.8200
flow,0,32,2,0.0093,knn,knn,20000,60000,0.7635,0.7706,0.7662,0.1667,0.0054,0.0104,0.3905
flow,0,32,2,0.0093,altered_knn,altered_knn,20000,40000,0.8721,0.8794,0.8992,0.0156,0.0889,0.0265,0.4530
flow,0,32,2,0.0093,quadratic,quadratic,20000,60000,0.9839,0.9900,0.9872,0.8483,0.3315,0.4767,0.7334
flow,0,32,2,0.0093,quadratic_cal,quadratic,20000,60000,0.9823,0.9855,0.9865,0.5314,0.6388,0.5802,0.7829
flow,0,32,2,0.0093,polar8,polar,20000,60000,0.9915,0.9928,0.9927,0.8764,0.8598,0.8680,0.9304
flow,0,32,2,0.0093,polar8_cal,polar,20000,60000,0.9909,0.9919,0.9925,0.7801,0.8895,0.8312,0.9116
flow,0,32,2,0.0093,knn,knn,50000,150000,0.7735,0.7807,0.7766,0.3333,0.0027,0.0053,0.3930
flow,0,32,2,0.0093,altered_knn,altered_knn,50000,100000,0.8432,0.8489,0.8909,0.0207,0.2291,0.0380,0.4435
flow,0,32,2,0.0093,quadratic,quadratic,50000,150000,0.9872,0.9932,0.9904,0.8506,0.3531,0.4990,0.7461
flow,0,32,2,0.0093,quadratic_cal,quadratic,50000,150000,0.9850,0.9881,0.9894,0.5170,0.6550,0.5779,0.7830
flow,0,32,2,0.0093,polar8,polar,50000,150000,0.9934,0.9945,0.9948,0.8274,0.8787,0.8523,0.9234
flow,0,32,2,0.0093,polar8_cal,polar,50000,150000,0.9927,0.9935,0.9945,0.7511,0.9030,0.8201,0.9068
flow,0,32,2,0.0093,knn,knn,100000,300000,0.7806,0.7879,0.7837,0.3333,0.0027,0.0053,0.3966
flow,0,32,2,0.0093,altered_knn,altered_knn,100000,200000,0.8413,0.8473,0.8899,0.0178,0.1995,0.0326,0.4399
flow,0,32,2,0.0093,quadratic,quadratic,100000,300000,0.9889,0.9949,0.9920,0.9103,0.3558,0.5116,0.7533
flow,0,32,2,0.0093,quadratic_cal,quadratic,100000,300000,0.9884,0.9911,0.9917,0.6143,0.6954,0.6523,0.8217
flow,0,32,2,0.0093,polar8,polar,100000,300000,0.9902,0.9912,0.9939,0.5588,0.8841,0.6848,0.8380
flow,0,32,2,0.0093,polar8_cal,polar,100000,300000,0.9926,0.9939,0.9948,0.7082,0.8571,0.7756,0.8847
flow,100,32,2,0.0096,knn,knn,20000,60000,0.7661,0.7736,0.7688,0.1000,0.0026,0.0051,0.3893
flow,100,32,2,0.0096,altered_knn,altered_knn,20000,40000,0.7671,0.7711,0.8555,0.0167,0.3568,0.0319,0.4015
flow,100,32,2,0.0096,quadratic,quadratic,20000,60000,0.9838,0.9899,0.9872,0.8395,0.3542,0.4982,0.7440
flow,100,32,2,0.0096,quadratic_cal,quadratic,20000,60000,0.9822,0.9860,0.9865,0.5416,0.5938,0.5665,0.7762
flow,100,32,2,0.0096,polar8,polar,20000,60000,0.9918,0.9931,0.9929,0.8922,0.8620,0.8768,0.9350
flow,100,32,2,0.0096,polar8_cal,polar,20000,60000,0.9908,0.9917,0.9926,0.7500,0.8984,0.8175,0.9046
flow,100,32,2,0.0096,knn,knn,50000,150000,0.7760,0.7836,0.7792,0.0000,0.0000,0.0000,0.3918
flow,100,32,2,0.0096,altered_knn,altered_knn,50000,100000,0.8331,0.8391,0.8875,0.0178,0.2188,0.0330,0.4360
flow,100,32,2,0.0096,quadratic,quadratic,50000,150000,0.9882,0.9945,0.9915,0.8784,0.3385,0.4887,0.7416
flow,100,32,2,0.0096,quadratic_cal,quadratic,50000,150000,0.9866,0.9904,0.9908,0.5516,0.5990,0.5743,0.7823
flow,100,32,2,0.0096,polar8,polar,50000,150000,0.9935,0.9946,0.9949,0.8248,0.8828,0.8528,0.9237
flow,100,32,2,0.0096,polar8_cal,polar,50000,150000,0.9926,0.9935,0.9946,0.7393,0.9010,0.8122,0.9029
flow,100,32,2,0.0096,knn,knn,100000,300000,0.7777,0.7852,0.7806,0.2500,0.0026,0.0052,0.3952
flow,100,32,2,0.0096,altered_knn,altered_knn,100000,200000,0.8923,0.9005,0.9066,0.0185,0.0443,0.0261,0.4633
flow,100,32,2,0.0096,quadratic,quadratic,100000,300000,0.9895,0.9959,0.9928,0.9203,0.3307,0.4866,0.7413
flow,100,32,2,0.0096,quadratic_cal,quadratic,100000,300000,0.9890,0.9923,0.9926,0.6148,0.6484,0.6312,0.8117
flow,100,32,2,0.0096,polar8,polar,100000,300000,0.9925,0.9935,0.9950,0.6826,0.8906,0.7729,0.8832
flow,100,32,2,0.0096,polar8_cal,polar,100000,300000,0.9933,0.9944,0.9953,0.7396,0.8802,0.8038,0.8991
flow,200,32,2,0.0086,knn,knn,20000,60000,0.7644,0.7710,0.7672,0.1667,0.0058,0.0112,0.3911
flow,200,32,2,0.0086,altered_knn,altered_knn,20000,40000,0.8217,0.8264,0.8809,0.0190,0.2899,0.0357,0.4310
flow,200,32,2,0.0086,quadratic,quadratic,20000,60000,0.9846,0.9904,0.9877,0.8485,0.3246,0.4696,0.7300
flow,200,32,2,0.0086,quadratic_cal,quadratic,20000,60000,0.9840,0.9877,0.9875,0.5872,0.5565,0.5714,0.7796
flow,200,32,2,0.0086,polar8,polar,20000,60000,0.9920,0.9928,0.9929,0.8817,0.9072,0.8943,0.9435
flow,200,32,2,0.0086,polar8_cal,polar,20000,60000,0.9903,0.9908,0.9923,0.7000,0.9333,0.8000,0.8954
flow,200,32,2,0.0086,knn,knn,50000,150000,0.7751,0.7818,0.7781,0.0000,0.0000,0.0000,0.3909
flow,200,32,2,0.0086,altered_knn,altered_knn,50000,100000,0.8239,0.8289,0.8847,0.0166,0.2580,0.0312,0.4301
flow,200,32,2,0.0086,quadratic,quadratic,50000,150000,0.9879,0.9936,0.9910,0.8712,0.3333,0.4822,0.7379
flow,200,32,2,0.0086,quadratic_cal,quadratic,50000,150000,0.9872,0.9912,0.9906,0.6087,0.5275,0.5652,0.7782
flow,200,32,2,0.0086,polar8,polar,50000,150000,0.9944,0.9951,0.9955,0.8263,0.9101,0.8662,0.9307
flow,200,32,2,0.0086,polar8_cal,polar,50000,150000,0.9933,0.9939,0.9951,0.7273,0.9275,0.8153,0.9046
flow,200,32,2,0.0086,knn,knn,100000,300000,0.7790,0.7858,0.7819,0.1429,0.0029,0.0057,0.3957
flow,200,32,2,0.0086,altered_knn,altered_knn,100000,200000,0.8375,0.8426,0.8907,0.0186,0.2493,0.0346,0.4386
flow,200,32,2,0.0086,quadratic,quadratic,100000,300000,0.9902,0.9955,0.9930,0.9167,0.3826,0.5399,0.7677
flow,200,32,2,0.0086,quadratic_cal,quadratic,100000,300000,0.9899,0.9930,0.9928,0.6606,0.6261,0.6429,0.8179
flow,200,32,2,0.0086,polar8,polar,100000,300000,0.9926,0.9932,0.9951,0.6444,0.9246,0.7595,0.8764
flow,200,32,2,0.0086,polar8_cal,polar,100000,300000,0.9936,0.9943,0.9955,0.7085,0.9159,0.7990,0.8966
flow,0,32,4,0.0102,knn,knn,20000,120000,0.5936,0.5997,0.5957,0.0891,0.0110,0.0195,0.3096
flow,0,32,4,0.0102,altered_knn,altered_knn,20000,80000,0.7831,0.7887,0.8249,0.0250,0.2366,0.0452,0.4170
flow,0,32,4,0.0102,quadratic,quadratic,20000,120000,0.9695,0.9756,0.9731,0.7641,0.3793,0.5069,0.7413
flow,0,32,4,0.0102,quadratic_cal,quadratic,20000,120000,0.9689,0.9733,0.9728,0.6027,0.5439,0.5718,0.7725
flow,0,32,4,0.0102,polar8,polar,20000,120000,0.9819,0.9842,0.9833,0.9150,0.7610,0.8309,0.9075
flow,0,32,4,0.0102,polar8_cal,polar,20000,120000,0.9818,0.9839,0.9833,0.8791,0.7805,0.8269,0.9054
flow,0,32,4,0.0102,knn,knn,50000,300000,0.6039,0.6101,0.6064,0.1039,0.0098,0.0178,0.3140
flow,0,32,4,0.0102,altered_knn,altered_knn,50000,200000,0.8190,0.8268,0.8324,0.0286,0.0659,0.0399,0.4333
flow,0,32,4,0.0102,quadratic,quadratic,50000,300000,0.9751,0.9813,0.9785,0.8564,0.3780,0.5245,0.7529
flow,0,32,4,0.0102,quadratic_cal,quadratic,50000,300000,0.9749,0.9786,0.9784,0.6416,0.6134,0.6272,0.8029
flow,0,32,4,0.0102,polar8,polar,50000,300000,0.9863,0.9884,0.9880,0.8625,0.7805,0.8195,0.9039
flow,0,32,4,0.0102,polar8_cal,polar,50000,300000,0.9862,0.9883,0.9879,0.8453,0.7866,0.8149,0.9016
flow,0,32,4,0.0102,knn,knn,100000,600000,0.6135,0.6197,0.6158,0.2000,0.0159,0.0294,0.3245
flow,0,32,4,0.0102,altered_knn,altered_knn,100000,400000,0.7589,0.7640,0.8168,0.0202,0.2732,0.0377,0.4008
flow,0,32,4,0.0102,quadratic,quadratic,100000,600000,0.9804,0.9863,0.9835,0.9164,0.4146,0.5709,0.7786
flow,0,32,4,0.0102,quadratic_cal,quadratic,100000,600000,0.9810,0.9840,0.9838,0.7209,0.6866,0.7033,0.8437
flow,0,32,4,0.0102,polar8,polar,100000,600000,0.9846,0.9867,0.9882,0.6098,0.7890,0.6879,0.8373
flow,0,32,4,0.0102,polar8_cal,polar,100000,600000,0.9869,0.9897,0.9889,0.8432,0.7146,0.7736,0.8817
flow,100,32,4,0.0098,knn,knn,20000,120000,0.5987,0.6045,0.6010,0.0899,0.0102,0.0183,0.3114
flow,100,32,4,0.0098,altered_knn,altered_knn,20000,80000,0.7800,0.7849,0.8244,0.0273,0.2913,0.0499,0.4174
flow,100,32,4,0.0098,quadratic,quadratic,20000,120000,0.9661,0.9718,0.9692,0.8311,0.4008,0.5408,0.7563
flow,100,32,4,0.0098,quadratic_cal,quadratic,20000,120000,0.9654,0.9695,0.9689,0.6277,0.5598,0.5918,0.7806
flow,100,32,4,0.0098,polar8,polar,20000,120000,0.9830,0.9852,0.9845,0.9077,0.7634,0.8293,0.9073
flow,100,32,4,0.0098,polar8_cal,polar,20000,120000,0.9831,0.9849,0.9845,0.8670,0.7964,0.8302,0.9076
flow,100,32,4,0.0098,knn,knn,50000,300000,0.6087,0.6146,0.6113,0.1127,0.0102,0.0187,0.3167
flow,100,32,4,0.0098,altered_knn,altered_knn,50000,200000,0.7922,0.7980,0.8281,0.0254,0.2112,0.0453,0.4216
flow,100,32,4,0.0098,quadratic,quadratic,50000,300000,0.9722,0.9779,0.9752,0.8892,0.3982,0.5501,0.7640
flow,100,32,4,0.0098,quadratic_cal,quadratic,50000,300000,0.9723,0.9759,0.9753,0.6916,0.6107,0.6486,0.8123
flow,100,32,4,0.0098,polar8,polar,50000,300000,0.9847,0.9868,0.9863,0.8587,0.7812,0.8181,0.9024
flow,100,32,4,0.0098,polar8_cal,polar,50000,300000,0.9847,0.9867,0.9863,0.8494,0.7824,0.8146,0.9006
flow,100,32,4,0.0098,knn,knn,100000,600000,0.6168,0.6229,0.6194,0.1167,0.0089,0.0165,0.3197
flow,100,32,4,0.0098,altered_knn,altered_knn,100000,400000,0.8068,0.8135,0.8311,0.0246,0.1298,0.0414,0.4274
flow,100,32,4,0.0098,quadratic,quadratic,100000,600000,0.9778,0.9834,0.9807,0.9398,0.4173,0.5780,0.7807
flow,100,32,4,0.0098,quadratic_cal,quadratic,100000,600000,0.9787,0.9816,0.9811,0.7588,0.6883,0.7218,0.8517
flow,100,32,4,0.0098,polar8,polar,100000,600000,0.9853,0.9871,0.9880,0.6699,0.8003,0.7293,0.8582
flow,100,32,4,0.0098,polar8_cal,polar,100000,600000,0.9863,0.9884,0.9884,0.7827,0.7697,0.7761,0.8823
flow,200,32,4,0.0095,knn,knn,20000,120000,0.5967,0.6022,0.5988,0.1455,0.0210,0.0367,0.3194
flow,200,32,4,0.0095,altered_knn,altered_knn,20000,80000,0.8214,0.8287,0.8338,0.0277,0.0629,0.0384,0.4336
flow,200,32,4,0.0095,quadratic,quadratic,20000,120000,0.9665,0.9721,0.9697,0.7878,0.3893,0.5211,0.7466
flow,200,32,4,0.0095,quadratic_cal,quadratic,20000,120000,0.9658,0.9691,0.9694,0.5823,0.6212,0.6011,0.7851
flow,200,32,4,0.0095,polar8,polar,20000,120000,0.9841,0.9860,0.9854,0.9038,0.7877,0.8417,0.9139
flow,200,32,4,0.0095,polar8_cal,polar,20000,120000,0.9834,0.9848,0.9851,0.7863,0.8296,0.8074,0.8961
flow,200,32,4,0.0095,knn,knn,50000,300000,0.6090,0.6147,0.6112,0.1216,0.0118,0.0215,0.3181
flow,200,32,4,0.0095,altered_knn,altered_knn,50000,200000,0.8256,0.8333,0.8314,0.0469,0.0236,0.0314,0.4324
flow,200,32,4,0.0095,quadratic,quadratic,50000,300000,0.9735,0.9793,0.9766,0.8507,0.3735,0.5191,0.7492
flow,200,32,4,0.0095,quadratic_cal,quadratic,50000,300000,0.9731,0.9757,0.9765,0.6000,0.6959,0.6444,0.8101
flow,200,32,4,0.0095,polar8,polar,50000,300000,0.9873,0.9890,0.9888,0.8403,0.8139,0.8269,0.9079
flow,200,32,4,0.0095,polar8_cal,polar,50000,300000,0.9868,0.9883,0.9887,0.7763,0.8322,0.8033,0.8958
flow,200,32,4,0.0095,knn,knn,100000,600000,0.6154,0.6211,0.6176,0.2381,0.0197,0.0363,0.3287
flow,200,32,4,0.0095,altered_knn,altered_knn,100000,400000,0.8254,0.8332,0.8340,0.0164,0.0197,0.0179,0.4255
flow,200,32,4,0.0095,quadratic,quadratic,100000,600000,0.9791,0.9845,0.9819,0.9178,0.4246,0.5806,0.7826
flow,200,32,4,0.0095,quadratic_cal,quadratic,100000,600000,0.9797,0.9820,0.9822,0.7057,0.7418,0.7233,0.8526
flow,200,32,4,0.0095,polar8,polar,100000,600000,0.9867,0.9884,0.9896,0.6490,0.8165,0.7232,0.8558
flow,200,32,4,0.0095,polar8_cal,polar,100000,600000,0.9877,0.9894,0.9899,0.7302,0.8087,0.7674,0.8784
flow,0,32,8,0.0103,knn,knn,20000,240000,0.4642,0.4686,0.4660,0.0965,0.0405,0.0570,0.2628
flow,0,32,8,0.0103,altered_knn,altered_knn,20000,160000,0.7754,0.7833,0.7813,0.0455,0.0230,0.0305,0.4069
flow,0,32,8,0.0103,quadratic,quadratic,20000,240000,0.9514,0.9564,0.9547,0.7172,0.4749,0.5714,0.7639
flow,0,32,8,0.0103,quadratic_cal,quadratic,20000,240000,0.9507,0.9545,0.9544,0.5965,0.5903,0.5934,0.7739
flow,0,32,8,0.0103,polar8,polar,20000,240000,0.9741,0.9767,0.9758,0.8971,0.7269,0.8031,0.8899
flow,0,32,8,0.0103,polar8_cal,polar,20000,240000,0.9731,0.9748,0.9754,0.7278,0.8079,0.7658,0.8703
flow,0,32,8,0.0103,knn,knn,50000,600000,0.4766,0.4813,0.4789,0.0821,0.0290,0.0429,0.2621
flow,0,32,8,0.0103,altered_knn,altered_knn,50000,400000,0.7661,0.7729,0.7815,0.0384,0.1190,0.0581,0.4155
flow,0,32,8,0.0103,quadratic,quadratic,50000,600000,0.9665,0.9716,0.9692,0.8928,0.4779,0.6226,0.7971
flow,0,32,8,0.0103,quadratic_cal,quadratic,50000,600000,0.9663,0.9694,0.9692,0.7081,0.6671,0.6870,0.8282
flow,0,32,8,0.0103,polar8,polar,50000,600000,0.9782,0.9806,0.9799,0.8777,0.7505,0.8091,0.8949
flow,0,32,8,0.0103,polar8_cal,polar,50000,600000,0.9774,0.9793,0.9796,0.7487,0.7921,0.7698,0.8746
flow,0,32,8,0.0103,knn,knn,100000,1200000,0.4836,0.4884,0.4859,0.0996,0.0314,0.0478,0.2681
flow,0,32,8,0.0103,altered_knn,altered_knn,100000,800000,0.7406,0.7461,0.7745,0.0262,0.2097,0.0465,0.3963
flow,0,32,8,0.0103,quadratic,quadratic,100000,1200000,0.9718,0.9767,0.9745,0.9174,0.5033,0.6500,0.8134
flow,0,32,8,0.0103,quadratic_cal,quadratic,100000,1200000,0.9722,0.9748,0.9746,0.7562,0.7196,0.7375,0.8561
flow,0,32,8,0.0103,polar8,polar,100000,1200000,0.9784,0.9807,0.9808,0.7478,0.7650,0.7563,0.8685
flow,0,32,8,0.0103,polar8_cal,polar,100000,1200000,0.9785,0.9807,0.9808,0.7513,0.7631,0.7572,0.8690
flow,100,32,8,0.0098,knn,knn,20000,240000,0.4654,0.4696,0.4668,0.0838,0.0396,0.0538,0.2617
flow,100,32,8,0.0098,altered_knn,altered_knn,20000,160000,0.7594,0.7650,0.7807,0.0379,0.1923,0.0634,0.4142
flow,100,32,8,0.0098,quadratic,quadratic,20000,240000,0.9465,0.9512,0.9495,0.7370,0.4709,0.5747,0.7629
flow,100,32,8,0.0098,quadratic_cal,quadratic,20000,240000,0.9457,0.9494,0.9492,0.6038,0.5649,0.5837,0.7666
flow,100,32,8,0.0098,polar8,polar,20000,240000,0.9737,0.9763,0.9753,0.8954,0.7163,0.7959,0.8861
flow,100,32,8,0.0098,polar8_cal,polar,20000,240000,0.9738,0.9759,0.9754,0.8589,0.7546,0.8034,0.8897
flow,100,32,8,0.0098,knn,knn,50000,600000,0.4742,0.4787,0.4758,0.0683,0.0256,0.0372,0.2579
flow,100,32,8,0.0098,altered_knn,altered_knn,50000,400000,0.7585,0.7644,0.7794,0.0330,0.1617,0.0548,0.4096
flow,100,32,8,0.0098,quadratic,quadratic,50000,600000,0.9619,0.9669,0.9645,0.8991,0.4556,0.6047,0.7858
flow,100,32,8,0.0098,quadratic_cal,quadratic,50000,600000,0.9618,0.9647,0.9645,0.7000,0.6754,0.6875,0.8261
flow,100,32,8,0.0098,polar8,polar,50000,600000,0.9786,0.9810,0.9806,0.8029,0.7419,0.7712,0.8761
flow,100,32,8,0.0098,polar8_cal,polar,50000,600000,0.9786,0.9808,0.9807,0.7807,0.7642,0.7724,0.8766
flow,100,32,8,0.0098,knn,knn,100000,1200000,0.4835,0.4880,0.4851,0.0926,0.0294,0.0446,0.2663
flow,100,32,8,0.0098,altered_knn,altered_knn,100000,800000,0.7590,0.7655,0.7755,0.0267,0.0965,0.0419,0.4037
flow,100,32,8,0.0098,quadratic,quadratic,100000,1200000,0.9695,0.9741,0.9719,0.9289,0.5093,0.6579,0.8160
flow,100,32,8,0.0098,quadratic_cal,quadratic,100000,1200000,0.9698,0.9726,0.9720,0.7801,0.6914,0.7331,0.8528
flow,100,32,8,0.0098,polar8,polar,100000,1200000,0.9789,0.9811,0.9816,0.6906,0.7559,0.7218,0.8515
flow,100,32,8,0.0098,polar8_cal,polar,100000,1200000,0.9788,0.9819,0.9814,0.7288,0.6575,0.6913,0.8366
flow,200,32,8,0.0099,knn,knn,20000,240000,0.4628,0.4671,0.4653,0.0751,0.0323,0.0451,0.2561
flow,200,32,8,0.0099,altered_knn,altered_knn,20000,160000,0.7323,0.7362,0.7768,0.0297,0.3403,0.0546,0.3954
flow,200,32,8,0.0099,quadratic,quadratic,20000,240000,0.9508,0.9555,0.9538,0.7334,0.4820,0.5817,0.7686
flow,200,32,8,0.0099,quadratic_cal,quadratic,20000,240000,0.9503,0.9541,0.9536,0.6287,0.5731,0.5996,0.7768
flow,200,32,8,0.0099,polar8,polar,20000,240000,0.9746,0.9773,0.9763,0.8851,0.7065,0.7858,0.8815
flow,200,32,8,0.0099,polar8_cal,polar,20000,240000,0.9742,0.9763,0.9761,0.7907,0.7717,0.7810,0.8787
flow,200,32,8,0.0099,knn,knn,50000,600000,0.4787,0.4832,0.4810,0.0636,0.0221,0.0328,0.2580
flow,200,32,8,0.0099,altered_knn,altered_knn,50000,400000,0.7706,0.7777,0.7795,0.0392,0.0576,0.0466,0.4122
flow,200,32,8,0.0099,quadratic,quadratic,50000,600000,0.9663,0.9713,0.9690,0.8893,0.4674,0.6128,0.7920
flow,200,32,8,0.0099,quadratic_cal,quadratic,50000,600000,0.9663,0.9691,0.9690,0.7044,0.6844,0.6943,0.8317
flow,200,32,8,0.0099,polar8,polar,50000,600000,0.9786,0.9811,0.9804,0.8469,0.7312,0.7848,0.8829
flow,200,32,8,0.0099,polar8_cal,polar,50000,600000,0.9777,0.9796,0.9802,0.7028,0.7868,0.7425,0.8610
flow,200,32,8,0.0099,knn,knn,100000,1200000,0.4877,0.4922,0.4900,0.1155,0.0392,0.0585,0.2753
flow,200,32,8,0.0099,altered_knn,altered_knn,100000,800000,0.6630,0.6648,0.7516,0.0202,0.4877,0.0388,0.3518
flow,200,32,8,0.0099,quadratic,quadratic,100000,1200000,0.9717,0.9761,0.9741,0.9145,0.5275,0.6691,0.8226
flow,200,32,8,0.0099,quadratic_cal,quadratic,100000,1200000,0.9717,0.9740,0.9740,0.7308,0.7400,0.7354,0.8547
flow,200,32,8,0.0099,polar8,polar,100000,1200000,0.9806,0.9829,0.9825,0.8226,0.7508,0.7851,0.8840
flow,200,32,8,0.0099,polar8_cal,polar,100000,1200000,0.9803,0.9823,0.9825,0.7571,0.7887,0.7726,0.8774
flow,0,32,16,0.0099,knn,knn,20000,480000,0.3606,0.3637,0.3621,0.0472,0.0491,0.0481,0.2059
flow,0,32,16,0.0099,altered_knn,altered_knn,20000,320000,0.7265,0.7330,0.7354,0.0487,0.0815,0.0609,0.3970
flow,0,32,16,0.0099,quadratic,quadratic,20000,480000,0.9431,0.9478,0.9460,0.7587,0.4709,0.5811,0.7645
flow,0,32,16,0.0099,quadratic_cal,quadratic,20000,480000,0.9424,0.9459,0.9457,0.6166,0.5904,0.6032,0.7746
flow,0,32,16,0.0099,polar8,polar,20000,480000,0.9501,0.9528,0.9587,0.3026,0.6744,0.4177,0.6853
flow,0,32,16,0.0099,polar8_cal,polar,20000,480000,0.9543,0.9601,0.9597,0.4092,0.3740,0.3908,0.6755
flow,0,32,16,0.0099,knn,knn,50000,1200000,0.3724,0.3756,0.3739,0.0518,0.0462,0.0488,0.2122
flow,0,32,16,0.0099,altered_knn,altered_knn,50000,800000,0.7144,0.7197,0.7348,0.0355,0.1815,0.0594,0.3896
flow,0,32,16,0.0099,quadratic,quadratic,50000,1200000,0.9556,0.9601,0.9581,0.8581,0.5058,0.6365,0.7983
flow,0,32,16,0.0099,quadratic_cal,quadratic,50000,1200000,0.9550,0.9578,0.9578,0.6730,0.6738,0.6734,0.8156
flow,0,32,16,0.0099,polar8,polar,50000,1200000,0.9290,0.9313,0.9488,0.1488,0.6958,0.2452,0.5882
flow,0,32,16,0.0099,polar8_cal,polar,50000,1200000,0.9405,0.9481,0.9486,0.1825,0.1787,0.1805,0.5643
flow,0,32,16,0.0099,knn,knn,100000,2400000,0.3830,0.3864,0.3847,0.0596,0.0456,0.0517,0.2190
flow,0,32,16,0.0099,altered_knn,altered_knn,100000,1600000,0.7078,0.7132,0.7277,0.0334,0.1661,0.0556,0.3844
flow,0,32,16,0.0099,quadratic,quadratic,100000,2400000,0.9583,0.9625,0.9607,0.8621,0.5351,0.6603,0.8114
flow,0,32,16,0.0099,quadratic_cal,quadratic,100000,2400000,0.9577,0.9604,0.9604,0.6958,0.6920,0.6939,0.8272
flow,0,32,16,0.0099,polar8,polar,100000,2400000,0.9276,0.9298,0.9466,0.1561,0.7053,0.2556,0.5927
flow,0,32,16,0.0099,polar8_cal,polar,100000,2400000,0.9337,0.9416,0.9425,0.1672,0.1416,0.1533,0.5475
flow,100,32,16,0.0097,knn,knn,20000,480000,0.3570,0.3599,0.3583,0.0535,0.0550,0.0543,0.2071
flow,100,32,16,0.0097,altered_knn,altered_knn,20000,320000,0.7142,0.7194,0.7331,0.0365,0.1764,0.0605,0.3900
flow,100,32,16,0.0097,quadratic,quadratic,20000,480000,0.9394,0.9442,0.9423,0.7448,0.4545,0.5645,0.7544
flow,100,32,16,0.0097,quadratic_cal,quadratic,20000,480000,0.9389,0.9428,0.9421,0.6309,0.5374,0.5804,0.7616
flow,100,32,16,0.0097,polar8,polar,20000,480000,0.9469,0.9496,0.9576,0.2466,0.6701,0.3605,0.6551
flow,100,32,16,0.0097,polar8_cal,polar,20000,480000,0.9553,0.9619,0.9605,0.4038,0.2800,0.3307,0.6463
flow,100,32,16,0.0097,knn,knn,50000,1200000,0.3672,0.3703,0.3682,0.0589,0.0521,0.0553,0.2128
flow,100,32,16,0.0097,altered_knn,altered_knn,50000,800000,0.7191,0.7255,0.7275,0.0386,0.0609,0.0473,0.3864
flow,100,32,16,0.0097,quadratic,quadratic,50000,1200000,0.9533,0.9578,0.9559,0.8447,0.4947,0.6239,0.7909
flow,100,32,16,0.0097,quadratic_cal,quadratic,50000,1200000,0.9531,0.9567,0.9557,0.7330,0.5902,0.6539,0.8053
flow,100,32,16,0.0097,polar8,polar,50000,1200000,0.9193,0.9216,0.9436,0.1180,0.6847,0.2013,0.5614
flow,100,32,16,0.0097,polar8_cal,polar,50000,1200000,0.9340,0.9418,0.9424,0.1367,0.1360,0.1363,0.5391
flow,100,32,16,0.0097,knn,knn,100000,2400000,0.3762,0.3795,0.3776,0.0539,0.0437,0.0483,0.2139
flow,100,32,16,0.0097,altered_knn,altered_knn,100000,1600000,0.7031,0.7082,0.7236,0.0321,0.1725,0.0542,0.3812
flow,100,32,16,0.0097,quadratic,quadratic,100000,2400000,0.9566,0.9608,0.9589,0.8657,0.5257,0.6542,0.8075
flow,100,32,16,0.0097,quadratic_cal,quadratic,100000,2400000,0.9564,0.9597,0.9588,0.7587,0.6138,0.6786,0.8192
flow,100,32,16,0.0097,polar8,polar,100000,2400000,0.9187,0.9208,0.9440,0.1154,0.6986,0.1981,0.5594
flow,100,32,16,0.0097,polar8_cal,polar,100000,2400000,0.9354,0.9434,0.9432,0.1300,0.1136,0.1213,0.5323
flow,200,32,16,0.0097,knn,knn,20000,480000,0.3600,0.3630,0.3615,0.0471,0.0494,0.0482,0.2056
flow,200,32,16,0.0097,altered_knn,altered_knn,20000,320000,0.7099,0.7141,0.7389,0.0356,0.2803,0.0632,0.3886
flow,200,32,16,0.0097,quadratic,quadratic,20000,480000,0.9452,0.9496,0.9480,0.7646,0.4861,0.5944,0.7720
flow,200,32,16,0.0097,quadratic_cal,quadratic,20000,480000,0.9439,0.9469,0.9473,0.5766,0.6371,0.6054,0.7761
flow,200,32,16,0.0097,polar8,polar,20000,480000,0.9513,0.9538,0.9605,0.2852,0.6903,0.4037,0.6787
flow,200,32,16,0.0097,polar8_cal,polar,20000,480000,0.9566,0.9621,0.9627,0.3570,0.4010,0.3777,0.6699
flow,200,32,16,0.0097,knn,knn,50000,1200000,0.3723,0.3755,0.3739,0.0559,0.0500,0.0528,0.2141
flow,200,32,16,0.0097,altered_knn,altered_knn,50000,800000,0.7235,0.7300,0.7320,0.0339,0.0532,0.0415,0.3857
flow,200,32,16,0.0097,quadratic,quadratic,50000,1200000,0.9572,0.9616,0.9597,0.8637,0.5068,0.6387,0.8002
flow,200,32,16,0.0097,quadratic_cal,quadratic,50000,1200000,0.9566,0.9593,0.9594,0.6748,0.6868,0.6807,0.8200
flow,200,32,16,0.0097,polar8,polar,50000,1200000,0.9271,0.9292,0.9490,0.1354,0.7135,0.2276,0.5784
flow,200,32,16,0.0097,polar8_cal,polar,50000,1200000,0.9426,0.9498,0.9503,0.2042,0.2058,0.2050,0.5774
flow,200,32,16,0.0097,knn,knn,100000,2400000,0.3815,0.3848,0.3832,0.0578,0.0461,0.0513,0.2181
flow,200,32,16,0.0097,altered_knn,altered_knn,100000,1600000,0.7082,0.7135,0.7283,0.0314,0.1616,0.0526,0.3830
flow,200,32,16,0.0097,quadratic,quadratic,100000,2400000,0.9608,0.9649,0.9631,0.8695,0.5371,0.6640,0.8145
flow,200,32,16,0.0097,quadratic_cal,quadratic,100000,2400000,0.9604,0.9631,0.9629,0.7178,0.6819,0.6994,0.8313
flow,200,32,16,0.0097,polar8,polar,100000,2400000,0.9328,0.9348,0.9514,0.1593,0.7271,0.2614,0.5981
flow,200,32,16,0.0097,polar8_cal,polar,100000,2400000,0.9420,0.9494,0.9499,0.1928,0.1906,0.1917,0.5705
flow,0,64,2,0.0080,knn,knn,20000,60000,0.7288,0.7346,0.7309,0.1053,0.0062,0.0117,0.3732
flow,0,64,2,0.0080,altered_knn,altered_knn,20000,40000,0.8005,0.8053,0.8584,0.0134,0.2174,0.0252,0.4152
flow,0,64,2,0.0080,quadratic,quadratic,20000,60000,0.9706,0.9759,0.9742,0.5393,0.3199,0.4016,0.6887
flow,0,64,2,0.0080,quadratic_cal,quadratic,20000,60000,0.9665,0.9704,0.9725,0.3185,0.4876,0.3853,0.6778
flow,0,64,2,0.0080,polar8,polar,20000,60000,0.9890,0.9903,0.9900,0.9044,0.8230,0.8618,0.9261
flow,0,64,2,0.0080,polar8_cal,polar,20000,60000,0.9884,0.9894,0.9898,0.7827,0.8727,0.8253,0.9073
flow,0,64,2,0.0080,knn,knn,50000,150000,0.7339,0.7399,0.7360,0.0000,0.0000,0.0000,0.3700
flow,0,64,2,0.0080,altered_knn,altered_knn,50000,100000,0.8312,0.8366,0.8760,0.0141,0.1708,0.0261,0.4313
flow,0,64,2,0.0080,quadratic,quadratic,50000,150000,0.9794,0.9847,0.9828,0.6386,0.3292,0.4344,0.7096
flow,0,64,2,0.0080,quadratic_cal,quadratic,50000,150000,0.9758,0.9795,0.9812,0.3636,0.5217,0.4286,0.7040
flow,0,64,2,0.0080,polar8,polar,50000,150000,0.9928,0.9937,0.9939,0.8432,0.8851,0.8636,0.9287
flow,0,64,2,0.0080,polar8_cal,polar,50000,150000,0.9928,0.9935,0.9939,0.8249,0.9068,0.8639,0.9287
flow,0,64,2,0.0080,knn,knn,100000,300000,0.7414,0.7474,0.7435,0.0909,0.0031,0.0060,0.3767
flow,0,64,2,0.0080,altered_knn,altered_knn,100000,200000,0.8390,0.8445,0.8811,0.0138,0.1553,0.0254,0.4350
flow,0,64,2,0.0080,quadratic,quadratic,100000,300000,0.9844,0.9899,0.9876,0.7444,0.3075,0.4352,0.7126
flow,0,64,2,0.0080,quadratic_cal,quadratic,100000,300000,0.9806,0.9835,0.9858,0.3925,0.6180,0.4801,0.7318
flow,0,64,2,0.0080,polar8,polar,100000,300000,0.9925,0.9933,0.9937,0.8085,0.8913,0.8479,0.9206
flow,0,64,2,0.0080,polar8_cal,polar,100000,300000,0.9926,0.9935,0.9938,0.8237,0.8851,0.8533,0.9234
flow,100,64,2,0.0082,knn,knn,20000,60000,0.7292,0.7352,0.7314,0.1176,0.0061,0.0116,0.3734
flow,100,64,2,0.0082,altered_knn,altered_knn,20000,40000,0.8032,0.8079,0.8610,0.0149,0.2378,0.0281,0.4180
flow,100,64,2,0.0082,quadratic,quadratic,20000,60000,0.9688,0.9744,0.9730,0.4419,0.2896,0.3499,0.6621
flow,100,64,2,0.0082,quadratic_cal,quadratic,20000,60000,0.9660,0.9704,0.9720,0.3130,0.4390,0.3655,0.6679
flow,100,64,2,0.0082,polar8,polar,20000,60000,0.9891,0.9898,0.9899,0.8889,0.9024,0.8956,0.9427
flow,100,64,2,0.0082,polar8_cal,polar,20000,60000,0.9873,0.9877,0.9891,0.7039,0.9421,0.8057,0.8967
flow,100,64,2,0.0082,knn,knn,50000,150000,0.7357,0.7417,0.7378,0.1429,0.0030,0.0060,0.3738
flow,100,64,2,0.0082,altered_knn,altered_knn,50000,100000,0.5482,0.5478,0.7039,0.0110,0.6006,0.0216,0.2847
flow,100,64,2,0.0082,quadratic,quadratic,50000,150000,0.9786,0.9844,0.9825,0.5434,0.2866,0.3752,0.6798
flow,100,64,2,0.0082,quadratic_cal,quadratic,50000,150000,0.9752,0.9795,0.9811,0.3304,0.4604,0.3847,0.6821
flow,100,64,2,0.0082,polar8,polar,50000,150000,0.9929,0.9933,0.9938,0.8410,0.9512,0.8927,0.9430
flow,100,64,2,0.0082,polar8_cal,polar,50000,150000,0.9921,0.9923,0.9935,0.7541,0.9726,0.8495,0.9209
flow,100,64,2,0.0082,knn,knn,100000,300000,0.7422,0.7483,0.7444,0.1000,0.0030,0.0059,0.3771
flow,100,64,2,0.0082,altered_knn,altered_knn,100000,200000,0.8448,0.8507,0.8838,0.0133,0.1341,0.0242,0.4374
flow,100,64,2,0.0082,quadratic,quadratic,100000,300000,0.9845,0.9901,0.9878,0.7101,0.2988,0.4206,0.7054
flow,100,64,2,0.0082,quadratic_cal,quadratic,100000,300000,0.9816,0.9850,0.9864,0.4260,0.5793,0.4910,0.7380
flow,100,64,2,0.0082,polar8,polar,100000,300000,0.9934,0.9936,0.9946,0.7833,0.9695,0.8665,0.9300
flow,100,64,2,0.0082,polar8_cal,polar,100000,300000,0.9929,0.9931,0.9943,0.7430,0.9695,0.8413,0.9172
flow,200,64,2,0.0077,knn,knn,20000,60000,0.7245,0.7302,0.7265,0.0000,0.0000,0.0000,0.3651
flow,200,64,2,0.0077,altered_knn,altered_knn,20000,40000,0.8019,0.8061,0.8591,0.0154,0.2581,0.0290,0.4176
flow,200,64,2,0.0077,quadratic,quadratic,20000,60000,0.9695,0.9743,0.9729,0.5692,0.3581,0.4396,0.7070
flow,200,64,2,0.0077,quadratic_cal,quadratic,20000,60000,0.9664,0.9700,0.9717,0.3516,0.5161,0.4183,0.6941
flow,200,64,2,0.0077,polar8,polar,20000,60000,0.9871,0.9882,0.9881,0.8742,0.8516,0.8627,0.9255
flow,200,64,2,0.0077,polar8_cal,polar,20000,60000,0.9867,0.9875,0.9879,0.7971,0.8871,0.8397,0.9136
flow,200,64,2,0.0077,knn,knn,50000,150000,0.7336,0.7394,0.7356,0.0000,0.0000,0.0000,0.3697
flow,200,64,2,0.0077,altered_knn,altered_knn,50000,100000,0.7144,0.7172,0.8215,0.0108,0.3613,0.0209,0.3691
flow,200,64,2,0.0077,quadratic,quadratic,50000,150000,0.9797,0.9848,0.9829,0.6516,0.3258,0.4344,0.7096
flow,200,64,2,0.0077,quadratic_cal,quadratic,50000,150000,0.9767,0.9800,0.9817,0.3853,0.5581,0.4559,0.7179
flow,200,64,2,0.0077,polar8,polar,50000,150000,0.9915,0.9922,0.9925,0.8265,0.9065,0.8646,0.9284
flow,200,64,2,0.0077,polar8_cal,polar,50000,150000,0.9911,0.9917,0.9924,0.7851,0.9194,0.8470,0.9193
flow,200,64,2,0.0077,knn,knn,100000,300000,0.7416,0.7473,0.7436,0.2308,0.0097,0.0186,0.3829
flow,200,64,2,0.0077,altered_knn,altered_knn,100000,200000,0.8441,0.8496,0.8840,0.0130,0.1419,0.0237,0.4367
flow,200,64,2,0.0077,quadratic,quadratic,100000,300000,0.9851,0.9899,0.9878,0.7972,0.3677,0.5033,0.7466
flow,200,64,2,0.0077,quadratic_cal,quadratic,100000,300000,0.9825,0.9855,0.9866,0.4625,0.5968,0.5211,0.7533
flow,200,64,2,0.0077,polar8,polar,100000,300000,0.9929,0.9936,0.9942,0.7802,0.9161,0.8427,0.9181
flow,200,64,2,0.0077,polar8_cal,polar,100000,300000,0.9927,0.9932,0.9941,0.7560,0.9194,0.8297,0.9115
flow,0,64,4,0.0086,knn,knn,20000,120000,0.5429,0.5475,0.5446,0.0569,0.0102,0.0173,0.2824
flow,0,64,4,0.0086,altered_knn,altered_knn,20000,80000,0.7868,0.7930,0.8005,0.0216,0.0684,0.0328,0.4129
flow,0,64,4,0.0086,quadratic,quadratic,20000,120000,0.9487,0.9540,0.9530,0.4468,0.3362,0.3837,0.6688
flow,0,64,4,0.0086,quadratic_cal,quadratic,20000,120000,0.9476,0.9522,0.9526,0.3798,0.4163,0.3972,0.6747
flow,0,64,4,0.0086,polar8,polar,20000,120000,0.9717,0.9733,0.9730,0.8401,0.7875,0.8129,0.8931
flow,0,64,4,0.0086,polar8_cal,polar,20000,120000,0.9698,0.9710,0.9724,0.6205,0.8282,0.7095,0.8402
flow,0,64,4,0.0086,knn,knn,50000,300000,0.5527,0.5574,0.5546,0.0421,0.0058,0.0102,0.2838
flow,0,64,4,0.0086,altered_knn,altered_knn,50000,200000,0.7215,0.7251,0.7935,0.0146,0.3057,0.0279,0.3765
flow,0,64,4,0.0086,quadratic,quadratic,50000,300000,0.9645,0.9699,0.9682,0.5875,0.3421,0.4324,0.7011
flow,0,64,4,0.0086,quadratic_cal,quadratic,50000,300000,0.9630,0.9670,0.9676,0.4388,0.5007,0.4677,0.7174
flow,0,64,4,0.0086,polar8,polar,50000,300000,0.9824,0.9838,0.9839,0.8125,0.8137,0.8131,0.8985
flow,0,64,4,0.0086,polar8_cal,polar,50000,300000,0.9807,0.9819,0.9832,0.6529,0.8486,0.7380,0.8599
flow,0,64,4,0.0086,knn,knn,100000,600000,0.5619,0.5667,0.5637,0.0568,0.0073,0.0129,0.2898
flow,0,64,4,0.0086,altered_knn,altered_knn,100000,400000,0.8098,0.8164,0.8193,0.0255,0.0466,0.0330,0.4247
flow,0,64,4,0.0086,quadratic,quadratic,100000,600000,0.9738,0.9789,0.9767,0.7940,0.3872,0.5205,0.7497
flow,0,64,4,0.0086,quadratic_cal,quadratic,100000,600000,0.9717,0.9743,0.9758,0.4973,0.6812,0.5749,0.7746
flow,0,64,4,0.0086,polar8,polar,100000,600000,0.9825,0.9838,0.9845,0.7114,0.8326,0.7673,0.8755
flow,0,64,4,0.0086,polar8_cal,polar,100000,600000,0.9810,0.9822,0.9838,0.6135,0.8457,0.7111,0.8467
flow,100,64,4,0.0098,knn,knn,20000,120000,0.5364,0.5417,0.5381,0.0161,0.0025,0.0044,0.2731
flow,100,64,4,0.0098,altered_knn,altered_knn,20000,80000,0.6561,0.6589,0.7579,0.0137,0.3745,0.0264,0.3427
flow,100,64,4,0.0098,quadratic,quadratic,20000,120000,0.9505,0.9567,0.9552,0.4777,0.3274,0.3885,0.6726
flow,100,64,4,0.0098,quadratic_cal,quadratic,20000,120000,0.9478,0.9527,0.9543,0.3426,0.4561,0.3913,0.6720
flow,100,64,4,0.0098,polar8,polar,20000,120000,0.9801,0.9821,0.9814,0.9034,0.7745,0.8340,0.9081
flow,100,64,4,0.0098,polar8_cal,polar,20000,120000,0.9797,0.9813,0.9812,0.8220,0.8178,0.8199,0.9006
flow,100,64,4,0.0098,knn,knn,50000,300000,0.5490,0.5544,0.5508,0.0408,0.0051,0.0091,0.2817
flow,100,64,4,0.0098,altered_knn,altered_knn,50000,200000,0.7836,0.7904,0.8084,0.0174,0.0955,0.0295,0.4099
flow,100,64,4,0.0098,quadratic,quadratic,50000,300000,0.9682,0.9748,0.9723,0.6359,0.3070,0.4141,0.6944
flow,100,64,4,0.0098,quadratic_cal,quadratic,50000,300000,0.9650,0.9691,0.9709,0.4050,0.5567,0.4689,0.7190
flow,100,64,4,0.0098,polar8,polar,50000,300000,0.9850,0.9868,0.9863,0.9011,0.8013,0.8483,0.9176
flow,100,64,4,0.0098,polar8_cal,polar,50000,300000,0.9844,0.9860,0.9860,0.8190,0.8242,0.8216,0.9038
flow,100,64,4,0.0098,knn,knn,100000,600000,0.5591,0.5646,0.5610,0.0722,0.0089,0.0159,0.2902
flow,100,64,4,0.0098,altered_knn,altered_knn,100000,400000,0.8141,0.8220,0.8202,0.0378,0.0217,0.0275,0.4248
flow,100,64,4,0.0098,quadratic,quadratic,100000,600000,0.9758,0.9822,0.9793,0.8269,0.3287,0.4704,0.7263
flow,100,64,4,0.0098,quadratic_cal,quadratic,100000,600000,0.9743,0.9772,0.9786,0.5278,0.6777,0.5934,0.7853
flow,100,64,4,0.0098,polar8,polar,100000,600000,0.9862,0.9879,0.9880,0.8063,0.8115,0.8089,0.8984
flow,100,64,4,0.0098,polar8_cal,polar,100000,600000,0.9864,0.9882,0.9881,0.8314,0.8038,0.8174,0.9028
flow,200,64,4,0.0095,knn,knn,20000,120000,0.5372,0.5423,0.5391,0.0431,0.0066,0.0114,0.2768
flow,200,64,4,0.0095,altered_knn,altered_knn,20000,80000,0.7032,0.7070,0.7768,0.0155,0.3062,0.0296,0.3683
flow,200,64,4,0.0095,quadratic,quadratic,20000,120000,0.9475,0.9533,0.9518,0.5029,0.3456,0.4097,0.6815
flow,200,64,4,0.0095,quadratic_cal,quadratic,20000,120000,0.9454,0.9502,0.9511,0.3746,0.4494,0.4086,0.6794
flow,200,64,4,0.0095,polar8,polar,20000,120000,0.9779,0.9798,0.9792,0.8869,0.7832,0.8318,0.9058
flow,200,64,4,0.0095,polar8_cal,polar,20000,120000,0.9765,0.9779,0.9785,0.7282,0.8239,0.7731,0.8755
flow,200,64,4,0.0095,knn,knn,50000,300000,0.5475,0.5528,0.5496,0.0100,0.0013,0.0023,0.2776
flow,200,64,4,0.0095,altered_knn,altered_knn,50000,200000,0.8013,0.8085,0.8123,0.0232,0.0460,0.0308,0.4197
flow,200,64,4,0.0095,quadratic,quadratic,50000,300000,0.9642,0.9704,0.9681,0.6312,0.3193,0.4241,0.6972
flow,200,64,4,0.0095,quadratic_cal,quadratic,50000,300000,0.9617,0.9657,0.9671,0.4180,0.5427,0.4723,0.7190
flow,200,64,4,0.0095,polar8,polar,50000,300000,0.9821,0.9838,0.9836,0.8474,0.8029,0.8246,0.9042
flow,200,64,4,0.0095,polar8_cal,polar,50000,300000,0.9811,0.9825,0.9832,0.7353,0.8397,0.7840,0.8833
flow,200,64,4,0.0095,knn,knn,100000,600000,0.5590,0.5643,0.5613,0.0211,0.0026,0.0047,0.2845
flow,200,64,4,0.0095,altered_knn,altered_knn,100000,400000,0.7498,0.7545,0.8047,0.0190,0.2654,0.0354,0.3949
flow,200,64,4,0.0095,quadratic,quadratic,100000,600000,0.9728,0.9789,0.9763,0.7620,0.3325,0.4629,0.7209
flow,200,64,4,0.0095,quadratic_cal,quadratic,100000,600000,0.9718,0.9749,0.9758,0.5375,0.6505,0.5886,0.7817
flow,200,64,4,0.0095,polar8,polar,100000,600000,0.9844,0.9861,0.9865,0.7383,0.8081,0.7716,0.8789
flow,200,64,4,0.0095,polar8_cal,polar,100000,600000,0.9837,0.9853,0.9862,0.6850,0.8200,0.7464,0.8659
flow,0,64,8,0.0082,knn,knn,20000,240000,0.4002,0.4033,0.4013,0.0341,0.0236,0.0279,0.2156
flow,0,64,8,0.0082,altered_knn,altered_knn,20000,160000,0.7375,0.7434,0.7436,0.0230,0.0251,0.0240,0.3837
flow,0,64,8,0.0082,quadratic,quadratic,20000,240000,0.9309,0.9351,0.9348,0.4621,0.4170,0.4384,0.6868
flow,0,64,8,0.0082,quadratic_cal,quadratic,20000,240000,0.9288,0.9322,0.9340,0.3592,0.5213,0.4253,0.6788
flow,0,64,8,0.0082,polar8,polar,20000,240000,0.9676,0.9693,0.9690,0.8270,0.7603,0.7922,0.8808
flow,0,64,8,0.0082,polar8_cal,polar,20000,240000,0.9662,0.9675,0.9684,0.6665,0.8120,0.7321,0.8498
flow,0,64,8,0.0082,knn,knn,50000,600000,0.4104,0.4137,0.4113,0.0274,0.0152,0.0196,0.2166
flow,0,64,8,0.0082,altered_knn,altered_knn,50000,400000,0.7375,0.7426,0.7569,0.0213,0.1187,0.0361,0.3893
flow,0,64,8,0.0082,quadratic,quadratic,50000,600000,0.9581,0.9627,0.9608,0.7550,0.4033,0.5258,0.7442
flow,0,64,8,0.0082,quadratic_cal,quadratic,50000,600000,0.9561,0.9584,0.9599,0.4867,0.6682,0.5632,0.7608
flow,0,64,8,0.0082,polar8,polar,50000,600000,0.9773,0.9790,0.9789,0.8000,0.7763,0.7879,0.8835
flow,0,64,8,0.0082,polar8_cal,polar,50000,600000,0.9758,0.9771,0.9782,0.6420,0.8257,0.7224,0.8497
flow,0,64,8,0.0082,knn,knn,100000,1200000,0.4211,0.4245,0.4223,0.0411,0.0198,0.0267,0.2256
flow,0,64,8,0.0082,altered_knn,altered_knn,100000,800000,0.7196,0.7231,0.7642,0.0212,0.2960,0.0395,0.3813
flow,0,64,8,0.0082,quadratic,quadratic,100000,1200000,0.9650,0.9691,0.9674,0.8324,0.4726,0.6029,0.7860
flow,0,64,8,0.0082,quadratic_cal,quadratic,100000,1200000,0.9635,0.9653,0.9666,0.5622,0.7458,0.6412,0.8032
flow,0,64,8,0.0082,polar8,polar,100000,1200000,0.9789,0.9806,0.9808,0.7350,0.7831,0.7583,0.8694
flow,0,64,8,0.0082,polar8_cal,polar,100000,1200000,0.9784,0.9798,0.9807,0.6641,0.8006,0.7260,0.8529
flow,100,64,8,0.0083,knn,knn,20000,240000,0.3962,0.3993,0.3973,0.0356,0.0233,0.0281,0.2137
flow,100,64,8,0.0083,altered_knn,altered_knn,20000,160000,0.7352,0.7411,0.7416,0.0259,0.0293,0.0275,0.3843
flow,100,64,8,0.0083,quadratic,quadratic,20000,240000,0.9288,0.9331,0.9326,0.4766,0.4215,0.4474,0.6902
flow,100,64,8,0.0083,quadratic_cal,quadratic,20000,240000,0.9281,0.9317,0.9324,0.4215,0.4921,0.4541,0.6929
flow,100,64,8,0.0083,polar8,polar,20000,240000,0.9692,0.9708,0.9705,0.8198,0.7791,0.7989,0.8848
flow,100,64,8,0.0083,polar8_cal,polar,20000,240000,0.9676,0.9687,0.9699,0.6507,0.8370,0.7322,0.8504
flow,100,64,8,0.0083,knn,knn,50000,600000,0.4071,0.4104,0.4085,0.0288,0.0165,0.0210,0.2157
flow,100,64,8,0.0083,altered_knn,altered_knn,50000,400000,0.7495,0.7554,0.7561,0.0354,0.0421,0.0385,0.3970
flow,100,64,8,0.0083,quadratic,quadratic,50000,600000,0.9572,0.9617,0.9599,0.7735,0.4260,0.5494,0.7556
flow,100,64,8,0.0083,quadratic_cal,quadratic,50000,600000,0.9560,0.9585,0.9594,0.5404,0.6536,0.5916,0.7751
flow,100,64,8,0.0083,polar8,polar,50000,600000,0.9765,0.9780,0.9782,0.7636,0.7911,0.7771,0.8776
flow,100,64,8,0.0083,polar8_cal,polar,50000,600000,0.9757,0.9770,0.9779,0.6833,0.8234,0.7468,0.8619
flow,100,64,8,0.0083,knn,knn,100000,1200000,0.4154,0.4187,0.4168,0.0408,0.0203,0.0271,0.2229
flow,100,64,8,0.0083,altered_knn,altered_knn,100000,800000,0.7442,0.7491,0.7646,0.0280,0.1638,0.0478,0.3985
flow,100,64,8,0.0083,quadratic,quadratic,100000,1200000,0.9662,0.9701,0.9684,0.8597,0.4974,0.6302,0.8001
flow,100,64,8,0.0083,quadratic_cal,quadratic,100000,1200000,0.9656,0.9677,0.9681,0.6471,0.7205,0.6818,0.8248
flow,100,64,8,0.0083,polar8,polar,100000,1200000,0.9765,0.9780,0.9799,0.5451,0.8032,0.6495,0.8137
flow,100,64,8,0.0083,polar8_cal,polar,100000,1200000,0.9777,0.9797,0.9803,0.6370,0.7408,0.6850,0.8323
flow,200,64,8,0.0083,knn,knn,20000,240000,0.3977,0.4009,0.3990,0.0421,0.0264,0.0324,0.2166
flow,200,64,8,0.0083,altered_knn,altered_knn,20000,160000,0.7343,0.7399,0.7446,0.0236,0.0595,0.0338,0.3869
flow,200,64,8,0.0083,quadratic,quadratic,20000,240000,0.9328,0.9369,0.9367,0.4704,0.4428,0.4562,0.6966
flow,200,64,8,0.0083,quadratic_cal,quadratic,20000,240000,0.9301,0.9332,0.9356,0.3485,0.5655,0.4312,0.6822
flow,200,64,8,0.0083,polar8,polar,20000,240000,0.9680,0.9696,0.9697,0.7661,0.7718,0.7689,0.8693
flow,200,64,8,0.0083,polar8_cal,polar,20000,240000,0.9662,0.9673,0.9689,0.6010,0.8358,0.6992,0.8333
flow,200,64,8,0.0083,knn,knn,50000,600000,0.4130,0.4163,0.4144,0.0342,0.0173,0.0230,0.2196
flow,200,64,8,0.0083,altered_knn,altered_knn,50000,400000,0.7531,0.7591,0.7589,0.0375,0.0346,0.0360,0.3976
flow,200,64,8,0.0083,quadratic,quadratic,50000,600000,0.9590,0.9635,0.9617,0.7546,0.4307,0.5484,0.7559
flow,200,64,8,0.0083,quadratic_cal,quadratic,50000,600000,0.9568,0.9591,0.9607,0.4881,0.6928,0.5727,0.7659
flow,200,64,8,0.0083,polar8,polar,50000,600000,0.9763,0.9779,0.9782,0.7358,0.7801,0.7573,0.8676
flow,200,64,8,0.0083,polar8_cal,polar,50000,600000,0.9749,0.9762,0.9776,0.6049,0.8230,0.6973,0.8367
flow,200,64,8,0.0083,knn,knn,100000,1200000,0.4216,0.4250,0.4231,0.0342,0.0166,0.0223,0.2236
flow,200,64,8,0.0083,altered_knn,altered_knn,100000,800000,0.7614,0.7674,0.7677,0.0381,0.0414,0.0397,0.4036
flow,200,64,8,0.0083,quadratic,quadratic,100000,1200000,0.9675,0.9713,0.9697,0.8363,0.5038,0.6288,0.8001
flow,200,64,8,0.0083,quadratic_cal,quadratic,100000,1200000,0.9648,0.9663,0.9684,0.5160,0.7869,0.6233,0.7948
flow,200,64,8,0.0083,polar8,polar,100000,1200000,0.9760,0.9776,0.9798,0.5171,0.7869,0.6241,0.8008
flow,200,64,8,0.0083,polar8_cal,polar,100000,1200000,0.9772,0.9790,0.9802,0.5868,0.7560,0.6607,0.8199
flow,0,64,16,0.0081,knn,knn,20000,480000,0.2944,0.2965,0.2947,0.0236,0.0318,0.0271,0.1618
flow,0,64,16,0.0081,altered_knn,altered_knn,20000,320000,0.6933,0.6985,0.7010,0.0306,0.0579,0.0400,0.3693
flow,0,64,16,0.0081,quadratic,quadratic,20000,480000,0.9294,0.9334,0.9322,0.6292,0.4427,0.5197,0.7265
flow,0,64,16,0.0081,quadratic_cal,quadratic,20000,480000,0.9275,0.9301,0.9315,0.4420,0.6076,0.5117,0.7209
flow,0,64,16,0.0081,polar8,polar,20000,480000,0.9530,0.9550,0.9559,0.5756,0.7196,0.6396,0.7973
flow,0,64,16,0.0081,polar8_cal,polar,20000,480000,0.9529,0.9548,0.9559,0.5662,0.7234,0.6352,0.7950
flow,0,64,16,0.0081,knn,knn,50000,1200000,0.3068,0.3090,0.3071,0.0258,0.0295,0.0275,0.1683
flow,0,64,16,0.0081,altered_knn,altered_knn,50000,800000,0.6935,0.6972,0.7200,0.0279,0.2432,0.0501,0.3737
flow,0,64,16,0.0081,quadratic,quadratic,50000,1200000,0.9536,0.9575,0.9559,0.8213,0.4795,0.6055,0.7815
flow,0,64,16,0.0081,quadratic_cal,quadratic,50000,1200000,0.9513,0.9531,0.9548,0.5163,0.7357,0.6068,0.7799
flow,0,64,16,0.0081,polar8,polar,50000,1200000,0.9295,0.9311,0.9512,0.1200,0.7361,0.2063,0.5687
flow,0,64,16,0.0081,polar8_cal,polar,50000,1200000,0.9551,0.9614,0.9622,0.1581,0.1914,0.1731,0.5673
flow,0,64,16,0.0081,knn,knn,100000,2400000,0.3153,0.3176,0.3157,0.0295,0.0315,0.0304,0.1740
flow,0,64,16,0.0081,altered_knn,altered_knn,100000,1600000,0.7208,0.7262,0.7272,0.0467,0.0637,0.0539,0.3900
flow,0,64,16,0.0081,quadratic,quadratic,100000,2400000,0.9614,0.9649,0.9634,0.8542,0.5324,0.6560,0.8104
flow,0,64,16,0.0081,quadratic_cal,quadratic,100000,2400000,0.9595,0.9611,0.9625,0.5662,0.7710,0.6529,0.8070
flow,0,64,16,0.0081,polar8,polar,100000,2400000,0.8710,0.8720,0.9184,0.0564,0.7499,0.1049,0.4884
flow,0,64,16,0.0081,polar8_cal,polar,100000,2400000,0.9019,0.9087,0.9175,0.0604,0.0690,0.0644,0.4866
flow,100,64,16,0.0081,knn,knn,20000,480000,0.2922,0.2943,0.2926,0.0278,0.0395,0.0327,0.1635
flow,100,64,16,0.0081,altered_knn,altered_knn,20000,320000,0.6827,0.6869,0.7012,0.0262,0.1578,0.0449,0.3659
flow,100,64,16,0.0081,quadratic,quadratic,20000,480000,0.9274,0.9312,0.9301,0.6331,0.4553,0.5297,0.7305
flow,100,64,16,0.0081,quadratic_cal,quadratic,20000,480000,0.9252,0.9276,0.9293,0.4325,0.6213,0.5100,0.7188
flow,100,64,16,0.0081,polar8,polar,20000,480000,0.9542,0.9559,0.9573,0.5412,0.7420,0.6259,0.7909
flow,100,64,16,0.0081,polar8_cal,polar,20000,480000,0.9550,0.9571,0.9577,0.6031,0.6990,0.6476,0.8023
flow,100,64,16,0.0081,knn,knn,50000,1200000,0.3030,0.3052,0.3035,0.0220,0.0279,0.0246,0.1649
flow,100,64,16,0.0081,altered_knn,altered_knn,50000,800000,0.6976,0.7017,0.7175,0.0307,0.1969,0.0531,0.3774
flow,100,64,16,0.0081,quadratic,quadratic,50000,1200000,0.9523,0.9559,0.9544,0.8247,0.5079,0.6287,0.7923
flow,100,64,16,0.0081,quadratic_cal,quadratic,50000,1200000,0.9505,0.9523,0.9535,0.5496,0.7288,0.6266,0.7895
flow,100,64,16,0.0081,polar8,polar,50000,1200000,0.9259,0.9273,0.9487,0.1158,0.7598,0.2010,0.5641
flow,100,64,16,0.0081,polar8_cal,polar,50000,1200000,0.9548,0.9612,0.9616,0.1488,0.1640,0.1560,0.5586
flow,100,64,16,0.0081,knn,knn,100000,2400000,0.3107,0.3130,0.3111,0.0238,0.0267,0.0252,0.1691
flow,100,64,16,0.0081,altered_knn,altered_knn,100000,1600000,0.7031,0.7069,0.7259,0.0317,0.2360,0.0559,0.3814
flow,100,64,16,0.0081,quadratic,quadratic,100000,2400000,0.9608,0.9640,0.9626,0.8467,0.5683,0.6801,0.8220
flow,100,64,16,0.0081,quadratic_cal,quadratic,100000,2400000,0.9592,0.9608,0.9618,0.5964,0.7632,0.6696,0.8152
flow,100,64,16,0.0081,polar8,polar,100000,2400000,0.8710,0.8718,0.9207,0.0548,0.7694,0.1024,0.4871
flow,100,64,16,0.0081,polar8_cal,polar,100000,2400000,0.9371,0.9444,0.9453,0.0344,0.0402,0.0371,0.4907
flow,200,64,16,0.0081,knn,knn,20000,480000,0.2943,0.2965,0.2947,0.0243,0.0340,0.0283,0.1624
flow,200,64,16,0.0081,altered_knn,altered_knn,20000,320000,0.6363,0.6385,0.6933,0.0177,0.3619,0.0338,0.3361
flow,200,64,16,0.0081,quadratic,quadratic,20000,480000,0.9300,0.9339,0.9328,0.6324,0.4606,0.5330,0.7334
flow,200,64,16,0.0081,quadratic_cal,quadratic,20000,480000,0.9282,0.9308,0.9321,0.4528,0.6076,0.5189,0.7249
flow,200,64,16,0.0081,polar8,polar,20000,480000,0.9563,0.9579,0.9596,0.5250,0.7492,0.6174,0.7877
flow,200,64,16,0.0081,polar8_cal,polar,20000,480000,0.9573,0.9595,0.9601,0.5962,0.6898,0.6396,0.7996
flow,200,64,16,0.0081,knn,knn,50000,1200000,0.3061,0.3084,0.3067,0.0279,0.0320,0.0298,0.1691
flow,200,64,16,0.0081,altered_knn,altered_knn,50000,800000,0.7057,0.7104,0.7199,0.0313,0.1335,0.0507,0.3805
flow,200,64,16,0.0081,quadratic,quadratic,50000,1200000,0.9550,0.9586,0.9571,0.8097,0.5104,0.6261,0.7924
flow,200,64,16,0.0081,quadratic_cal,quadratic,50000,1200000,0.9523,0.9539,0.9559,0.5047,0.7635,0.6077,0.7808
flow,200,64,16,0.0081,polar8,polar,50000,1200000,0.9313,0.9327,0.9525,0.1254,0.7639,0.2154,0.5740
flow,200,64,16,0.0081,polar8_cal,polar,50000,1200000,0.9566,0.9624,0.9644,0.1651,0.2508,0.1991,0.5807
flow,200,64,16,0.0081,knn,knn,100000,2400000,0.3148,0.3171,0.3153,0.0275,0.0293,0.0284,0.1728
flow,200,64,16,0.0081,altered_knn,altered_knn,100000,1600000,0.7191,0.7242,0.7287,0.0372,0.0941,0.0534,0.3888
flow,200,64,16,0.0081,quadratic,quadratic,100000,2400000,0.9627,0.9659,0.9646,0.8411,0.5718,0.6808,0.8233
flow,200,64,16,0.0081,quadratic_cal,quadratic,100000,2400000,0.9614,0.9631,0.9639,0.6143,0.7558,0.6777,0.8204
flow,200,64,16,0.0081,polar8,polar,100000,2400000,0.8742,0.8750,0.9231,0.0562,0.7731,0.1048,0.4899
flow,200,64,16,0.0081,polar8_cal,polar,100000,2400000,0.9380,0.9452,0.9480,0.0383,0.0621,0.0474,0.4963
