sampler,d,K,n_seeds,hall_gt,hall_gt_std,model,arch,n_per_mode,n_anchors,full_acc,full_acc_std,mode_acc,mode_acc_std,mode_f1,mode_f1_std,hall_prec,hall_prec_std,hall_rec,hall_rec_std,hall_f1,hall_f1_std,balanced,balanced_std
dpmpp2m,2,2,3,0.0110,0.0005,knn,knn,2000,6000,0.9837,0.0011,0.9868,0.0009,0.9911,0.0006,0.3999,0.0178,0.7113,0.0120,0.5118,0.0168,0.7493,0.0089
dpmpp2m,2,2,3,0.0110,0.0005,altered_knn,altered_knn,2000,4000,0.9715,0.0010,0.9801,0.0011,0.9844,0.0006,0.1118,0.0172,0.1994,0.0182,0.1431,0.0185,0.5616,0.0098
dpmpp2m,2,2,3,0.0110,0.0005,quadratic,quadratic,2000,6000,0.9883,0.0010,0.9930,0.0006,0.9926,0.0008,0.6050,0.0255,0.5640,0.0371,0.5836,0.0307,0.7883,0.0154
dpmpp2m,2,2,3,0.0110,0.0005,polar3,polar,2000,6000,0.9956,0.0010,0.9972,0.0008,0.9976,0.0007,0.7955,0.0194,0.8559,0.0379,0.8242,0.0229,0.9107,0.0117
dpmpp2m,2,2,3,0.0110,0.0005,knn,knn,5000,15000,0.9899,0.0007,0.9922,0.0007,0.9947,0.0004,0.5396,0.0192,0.7849,0.0266,0.6390,0.0119,0.8156,0.0063
dpmpp2m,2,2,3,0.0110,0.0005,altered_knn,altered_knn,5000,10000,0.9759,0.0008,0.9841,0.0011,0.9875,0.0004,0.1512,0.0204,0.2431,0.0240,0.1860,0.0207,0.5850,0.0107
dpmpp2m,2,2,3,0.0110,0.0005,quadratic,quadratic,5000,15000,0.9875,0.0014,0.9923,0.0017,0.9919,0.0016,0.6067,0.0143,0.5581,0.0344,0.5811,0.0239,0.7867,0.0114
dpmpp2m,2,2,3,0.0110,0.0005,polar3,polar,5000,15000,0.9955,0.0010,0.9971,0.0008,0.9975,0.0007,0.7908,0.0173,0.8516,0.0356,0.8197,0.0214,0.9084,0.0109
dpmpp2m,2,2,3,0.0110,0.0005,knn,knn,10000,30000,0.9930,0.0007,0.9949,0.0005,0.9963,0.0005,0.6527,0.0193,0.8185,0.0302,0.7260,0.0192,0.8604,0.0098
dpmpp2m,2,2,3,0.0110,0.0005,altered_knn,altered_knn,10000,20000,0.9816,0.0029,0.9904,0.0032,0.9905,0.0014,0.2013,0.0317,0.1969,0.0271,0.1948,0.0043,0.5926,0.0038
dpmpp2m,2,2,3,0.0110,0.0005,quadratic,quadratic,10000,30000,0.9876,0.0012,0.9923,0.0016,0.9919,0.0015,0.6053,0.0210,0.5613,0.0377,0.5822,0.0285,0.7872,0.0136
dpmpp2m,2,2,3,0.0110,0.0005,polar3,polar,10000,30000,0.9955,0.0010,0.9971,0.0008,0.9975,0.0007,0.7937,0.0186,0.8482,0.0365,0.8197,0.0225,0.9084,0.0115
dpmpp2m,2,2,3,0.0110,0.0005,knn,knn,15000,45000,0.9940,0.0007,0.9959,0.0005,0.9969,0.0005,0.7025,0.0211,0.8235,0.0295,0.7579,0.0199,0.8769,0.0102
dpmpp2m,2,2,3,0.0110,0.0005,altered_knn,altered_knn,15000,30000,0.9826,0.0024,0.9910,0.0026,0.9911,0.0013,0.2272,0.0358,0.2223,0.0163,0.2220,0.0130,0.6065,0.0076
dpmpp2m,2,2,3,0.0110,0.0005,quadratic,quadratic,15000,45000,0.9879,0.0013,0.9926,0.0014,0.9922,0.0014,0.6060,0.0191,0.5637,0.0361,0.5837,0.0261,0.7882,0.0126
dpmpp2m,2,2,3,0.0110,0.0005,polar3,polar,15000,45000,0.9954,0.0010,0.9970,0.0008,0.9975,0.0008,0.7890,0.0208,0.8523,0.0347,0.8193,0.0252,0.9082,0.0129
dpmpp2m,2,2,3,0.0110,0.0005,knn,knn,20000,60000,0.9946,0.0009,0.9965,0.0007,0.9972,0.0006,0.7372,0.0272,0.8235,0.0351,0.7776,0.0262,0.8871,0.0134
dpmpp2m,2,2,3,0.0110,0.0005,altered_knn,altered_knn,20000,40000,0.9827,0.0026,0.9910,0.0027,0.9912,0.0013,0.2386,0.0447,0.2400,0.0093,0.2363,0.0203,0.6136,0.0114
dpmpp2m,2,2,3,0.0110,0.0005,quadratic,quadratic,20000,60000,0.9882,0.0013,0.9929,0.0012,0.9925,0.0013,0.6072,0.0193,0.5609,0.0359,0.5828,0.0266,0.7879,0.0130
dpmpp2m,2,2,3,0.0110,0.0005,polar3,polar,20000,60000,0.9954,0.0011,0.9970,0.0009,0.9975,0.0008,0.7844,0.0276,0.8530,0.0350,0.8170,0.0275,0.9070,0.0141
dpmpp2m,2,4,3,0.0120,0.0003,knn,knn,2000,12000,0.9621,0.0046,0.9675,0.0046,0.9750,0.0041,0.2274,0.0183,0.5127,0.0254,0.3149,0.0218,0.6412,0.0122
dpmpp2m,2,4,3,0.0120,0.0003,altered_knn,altered_knn,2000,8000,0.9455,0.0107,0.9535,0.0114,0.9677,0.0057,0.0863,0.0091,0.2874,0.0584,0.1311,0.0088,0.5423,0.0085
dpmpp2m,2,4,3,0.0120,0.0003,quadratic,quadratic,2000,12000,0.9273,0.0152,0.9334,0.0161,0.9377,0.0134,0.2513,0.0401,0.4226,0.0728,0.3083,0.0168,0.6208,0.0158
dpmpp2m,2,4,3,0.0120,0.0003,polar3,polar,2000,12000,0.9660,0.0037,0.9710,0.0039,0.9767,0.0035,0.2829,0.0141,0.5533,0.0302,0.3743,0.0181,0.6726,0.0093
dpmpp2m,2,4,3,0.0120,0.0003,knn,knn,5000,30000,0.9676,0.0043,0.9734,0.0044,0.9777,0.0040,0.2861,0.0228,0.4898,0.0332,0.3611,0.0261,0.6672,0.0137
dpmpp2m,2,4,3,0.0120,0.0003,altered_knn,altered_knn,5000,20000,0.9580,0.0028,0.9671,0.0029,0.9734,0.0027,0.0965,0.0137,0.2029,0.0685,0.1294,0.0279,0.5482,0.0131
dpmpp2m,2,4,3,0.0120,0.0003,quadratic,quadratic,5000,30000,0.9264,0.0138,0.9325,0.0146,0.9367,0.0120,0.2511,0.0427,0.4223,0.0712,0.3082,0.0206,0.6203,0.0167
dpmpp2m,2,4,3,0.0120,0.0003,polar3,polar,5000,30000,0.9660,0.0041,0.9710,0.0044,0.9766,0.0038,0.2877,0.0128,0.5574,0.0295,0.3793,0.0157,0.6751,0.0080
dpmpp2m,2,4,3,0.0120,0.0003,knn,knn,10000,60000,0.9703,0.0040,0.9762,0.0041,0.9785,0.0038,0.3477,0.0216,0.4805,0.0323,0.4032,0.0238,0.6897,0.0124
dpmpp2m,2,4,3,0.0120,0.0003,altered_knn,altered_knn,10000,40000,0.9614,0.0030,0.9711,0.0028,0.9748,0.0032,0.0986,0.0166,0.1595,0.0323,0.1218,0.0220,0.5465,0.0113
dpmpp2m,2,4,3,0.0120,0.0003,quadratic,quadratic,10000,60000,0.9275,0.0141,0.9336,0.0149,0.9377,0.0124,0.2566,0.0402,0.4230,0.0712,0.3127,0.0169,0.6232,0.0153
dpmpp2m,2,4,3,0.0120,0.0003,polar3,polar,10000,60000,0.9658,0.0038,0.9708,0.0040,0.9764,0.0037,0.2852,0.0134,0.5512,0.0302,0.3758,0.0179,0.6733,0.0089
dpmpp2m,2,4,3,0.0120,0.0003,knn,knn,15000,90000,0.9713,0.0038,0.9773,0.0040,0.9787,0.0037,0.3833,0.0176,0.4739,0.0301,0.4236,0.0206,0.7004,0.0106
dpmpp2m,2,4,3,0.0120,0.0003,altered_knn,altered_knn,15000,60000,0.9633,0.0042,0.9734,0.0043,0.9756,0.0035,0.0978,0.0132,0.1318,0.0211,0.1119,0.0153,0.5427,0.0072
dpmpp2m,2,4,3,0.0120,0.0003,quadratic,quadratic,15000,90000,0.9276,0.0140,0.9337,0.0149,0.9377,0.0124,0.2576,0.0402,0.4213,0.0712,0.3131,0.0175,0.6234,0.0152
dpmpp2m,2,4,3,0.0120,0.0003,polar3,polar,15000,90000,0.9663,0.0039,0.9713,0.0041,0.9766,0.0038,0.2966,0.0207,0.5588,0.0315,0.3874,0.0248,0.6793,0.0125
dpmpp2m,2,4,3,0.0120,0.0003,knn,knn,20000,120000,0.9718,0.0038,0.9779,0.0039,0.9788,0.0037,0.4089,0.0163,0.4723,0.0243,0.4381,0.0178,0.7080,0.0093
dpmpp2m,2,4,3,0.0120,0.0003,altered_knn,altered_knn,20000,80000,0.9658,0.0043,0.9763,0.0045,0.9760,0.0036,0.1051,0.0138,0.1006,0.0231,0.1021,0.0174,0.5392,0.0076
dpmpp2m,2,4,3,0.0120,0.0003,quadratic,quadratic,20000,120000,0.9270,0.0139,0.9332,0.0148,0.9371,0.0123,0.2595,0.0390,0.4214,0.0704,0.3147,0.0157,0.6239,0.0145
dpmpp2m,2,4,3,0.0120,0.0003,polar3,polar,20000,120000,0.9661,0.0035,0.9711,0.0037,0.9765,0.0035,0.2928,0.0185,0.5533,0.0326,0.3829,0.0233,0.6770,0.0115
dpmpp2m,2,8,3,0.0117,0.0006,knn,knn,2000,24000,0.9650,0.0048,0.9691,0.0043,0.9784,0.0043,0.2380,0.0248,0.6190,0.0540,0.3436,0.0332,0.6563,0.0187
dpmpp2m,2,8,3,0.0117,0.0006,altered_knn,altered_knn,2000,16000,0.9353,0.0115,0.9412,0.0127,0.9636,0.0058,0.0927,0.0164,0.4427,0.0799,0.1510,0.0179,0.5461,0.0149
dpmpp2m,2,8,3,0.0117,0.0006,quadratic,quadratic,2000,24000,0.8363,0.0034,0.8392,0.0034,0.9000,0.0035,0.0474,0.0023,0.5886,0.0094,0.0878,0.0040,0.4635,0.0008
dpmpp2m,2,8,3,0.0117,0.0006,polar3,polar,2000,24000,0.9663,0.0058,0.9706,0.0051,0.9793,0.0050,0.2415,0.0288,0.6052,0.0667,0.3452,0.0400,0.6579,0.0226
dpmpp2m,2,8,3,0.0117,0.0006,knn,knn,5000,60000,0.9732,0.0058,0.9776,0.0052,0.9832,0.0051,0.3066,0.0364,0.6009,0.0651,0.4058,0.0456,0.6917,0.0254
dpmpp2m,2,8,3,0.0117,0.0006,altered_knn,altered_knn,5000,40000,0.9603,0.0055,0.9679,0.0050,0.9767,0.0045,0.1274,0.0238,0.3195,0.0533,0.1821,0.0328,0.5750,0.0186
dpmpp2m,2,8,3,0.0117,0.0006,quadratic,quadratic,5000,60000,0.8335,0.0044,0.8364,0.0044,0.8980,0.0043,0.0468,0.0024,0.5902,0.0067,0.0868,0.0041,0.4616,0.0020
dpmpp2m,2,8,3,0.0117,0.0006,polar3,polar,5000,60000,0.9660,0.0059,0.9704,0.0053,0.9791,0.0051,0.2399,0.0309,0.5994,0.0669,0.3426,0.0420,0.6565,0.0237
dpmpp2m,2,8,3,0.0117,0.0006,knn,knn,10000,120000,0.9766,0.0063,0.9814,0.0056,0.9848,0.0055,0.3629,0.0499,0.5677,0.0675,0.4424,0.0560,0.7119,0.0308
dpmpp2m,2,8,3,0.0117,0.0006,altered_knn,altered_knn,10000,80000,0.9689,0.0056,0.9779,0.0054,0.9807,0.0050,0.1422,0.0289,0.2114,0.0740,0.1680,0.0407,0.5729,0.0216
dpmpp2m,2,8,3,0.0117,0.0006,quadratic,quadratic,10000,120000,0.8346,0.0052,0.8375,0.0053,0.8988,0.0049,0.0471,0.0020,0.5900,0.0093,0.0872,0.0035,0.4623,0.0018
dpmpp2m,2,8,3,0.0117,0.0006,polar3,polar,10000,120000,0.9656,0.0062,0.9701,0.0055,0.9789,0.0053,0.2338,0.0335,0.5892,0.0724,0.3346,0.0454,0.6523,0.0254
dpmpp2m,2,8,3,0.0117,0.0006,knn,knn,15000,180000,0.9778,0.0063,0.9829,0.0057,0.9851,0.0056,0.3971,0.0536,0.5495,0.0675,0.4607,0.0583,0.7218,0.0320
dpmpp2m,2,8,3,0.0117,0.0006,altered_knn,altered_knn,15000,120000,0.9711,0.0067,0.9803,0.0065,0.9819,0.0055,0.1590,0.0437,0.1956,0.0338,0.1741,0.0387,0.5772,0.0226
dpmpp2m,2,8,3,0.0117,0.0006,quadratic,quadratic,15000,180000,0.8356,0.0056,0.8385,0.0057,0.8994,0.0051,0.0474,0.0019,0.5896,0.0097,0.0877,0.0033,0.4631,0.0018
dpmpp2m,2,8,3,0.0117,0.0006,polar3,polar,15000,180000,0.9656,0.0065,0.9699,0.0058,0.9788,0.0055,0.2374,0.0341,0.5963,0.0733,0.3395,0.0463,0.6547,0.0261
dpmpp2m,2,8,3,0.0117,0.0006,knn,knn,20000,240000,0.9784,0.0064,0.9837,0.0058,0.9853,0.0057,0.4194,0.0566,0.5366,0.0653,0.4704,0.0591,0.7271,0.0325
dpmpp2m,2,8,3,0.0117,0.0006,altered_knn,altered_knn,20000,160000,0.9721,0.0070,0.9813,0.0068,0.9824,0.0056,0.1696,0.0489,0.1901,0.0323,0.1782,0.0422,0.5798,0.0244
dpmpp2m,2,8,3,0.0117,0.0006,quadratic,quadratic,20000,240000,0.8431,0.0049,0.8462,0.0050,0.9048,0.0046,0.0489,0.0020,0.5839,0.0096,0.0902,0.0035,0.4682,0.0011
dpmpp2m,2,8,3,0.0117,0.0006,polar3,polar,20000,240000,0.9666,0.0063,0.9711,0.0057,0.9794,0.0054,0.2427,0.0346,0.5890,0.0648,0.3435,0.0449,0.6573,0.0253
dpmpp2m,4,2,3,0.0115,0.0006,knn,knn,2000,6000,0.9141,0.0023,0.9216,0.0024,0.9186,0.0023,0.6125,0.0206,0.2696,0.0059,0.3743,0.0093,0.6480,0.0058
dpmpp2m,4,2,3,0.0115,0.0006,altered_knn,altered_knn,2000,4000,0.9005,0.0071,0.9086,0.0076,0.9383,0.0026,0.0321,0.0043,0.2041,0.0207,0.0553,0.0062,0.4820,0.0065
dpmpp2m,4,2,3,0.0115,0.0006,quadratic,quadratic,2000,6000,0.9867,0.0027,0.9917,0.0024,0.9896,0.0025,0.8686,0.0281,0.5602,0.0103,0.6809,0.0117,0.8363,0.0067
dpmpp2m,4,2,3,0.0115,0.0006,polar3,polar,2000,6000,0.9939,0.0005,0.9967,0.0001,0.9961,0.0002,0.8401,0.0092,0.7567,0.0362,0.7960,0.0240,0.8963,0.0120
dpmpp2m,4,2,3,0.0115,0.0006,knn,knn,5000,15000,0.9301,0.0013,0.9372,0.0015,0.9343,0.0014,0.6741,0.0102,0.3266,0.0211,0.4396,0.0191,0.6884,0.0090
dpmpp2m,4,2,3,0.0115,0.0006,altered_knn,altered_knn,5000,10000,0.9235,0.0175,0.9327,0.0182,0.9483,0.0056,0.0356,0.0008,0.1321,0.0747,0.0525,0.0078,0.4926,0.0062
dpmpp2m,4,2,3,0.0115,0.0006,quadratic,quadratic,5000,15000,0.9877,0.0015,0.9929,0.0012,0.9907,0.0014,0.8769,0.0262,0.5450,0.0133,0.6719,0.0095,0.8324,0.0050
dpmpp2m,4,2,3,0.0115,0.0006,polar3,polar,5000,15000,0.9940,0.0004,0.9967,0.0001,0.9962,0.0002,0.8374,0.0036,0.7587,0.0334,0.7958,0.0201,0.8962,0.0100
dpmpp2m,4,2,3,0.0115,0.0006,knn,knn,10000,30000,0.9412,0.0008,0.9479,0.0011,0.9451,0.0010,0.7252,0.0195,0.3660,0.0221,0.4863,0.0230,0.7171,0.0110
dpmpp2m,4,2,3,0.0115,0.0006,altered_knn,altered_knn,10000,20000,0.9254,0.0185,0.9344,0.0192,0.9510,0.0061,0.0374,0.0015,0.1436,0.0796,0.0552,0.0088,0.4948,0.0067
dpmpp2m,4,2,3,0.0115,0.0006,quadratic,quadratic,10000,30000,0.9886,0.0010,0.9938,0.0007,0.9916,0.0008,0.8764,0.0154,0.5472,0.0174,0.6735,0.0122,0.8336,0.0064
dpmpp2m,4,2,3,0.0115,0.0006,polar3,polar,10000,30000,0.9940,0.0005,0.9967,0.0002,0.9962,0.0002,0.8360,0.0075,0.7620,0.0375,0.7968,0.0219,0.8968,0.0109
dpmpp2m,4,2,3,0.0115,0.0006,knn,knn,15000,45000,0.9476,0.0005,0.9542,0.0003,0.9516,0.0003,0.7045,0.0266,0.3834,0.0170,0.4966,0.0209,0.7254,0.0103
dpmpp2m,4,2,3,0.0115,0.0006,altered_knn,altered_knn,15000,30000,0.8889,0.0328,0.8958,0.0341,0.9364,0.0142,0.0353,0.0021,0.2882,0.1121,0.0612,0.0025,0.4785,0.0164
dpmpp2m,4,2,3,0.0115,0.0006,quadratic,quadratic,15000,45000,0.9887,0.0011,0.9939,0.0007,0.9917,0.0009,0.8740,0.0162,0.5450,0.0188,0.6710,0.0124,0.8324,0.0065
dpmpp2m,4,2,3,0.0115,0.0006,polar3,polar,15000,45000,0.9939,0.0005,0.9966,0.0002,0.9962,0.0002,0.8301,0.0070,0.7632,0.0394,0.7948,0.0234,0.8957,0.0117
dpmpp2m,4,2,3,0.0115,0.0006,knn,knn,20000,60000,0.9505,0.0010,0.9571,0.0008,0.9546,0.0009,0.7130,0.0137,0.3888,0.0142,0.5030,0.0128,0.7301,0.0063
dpmpp2m,4,2,3,0.0115,0.0006,altered_knn,altered_knn,20000,40000,0.9130,0.0275,0.9211,0.0288,0.9478,0.0119,0.0366,0.0024,0.2084,0.1012,0.0604,0.0040,0.4908,0.0131
dpmpp2m,4,2,3,0.0115,0.0006,quadratic,quadratic,20000,60000,0.9888,0.0010,0.9939,0.0008,0.9917,0.0009,0.8761,0.0171,0.5458,0.0179,0.6722,0.0127,0.8331,0.0067
dpmpp2m,4,2,3,0.0115,0.0006,polar3,polar,20000,60000,0.9940,0.0005,0.9967,0.0002,0.9962,0.0002,0.8306,0.0082,0.7643,0.0381,0.7955,0.0201,0.8961,0.0100
dpmpp2m,4,4,3,0.0126,0.0003,knn,knn,2000,12000,0.8360,0.0123,0.8421,0.0121,0.8440,0.0138,0.2733,0.0693,0.3579,0.0119,0.3040,0.0393,0.5730,0.0143
dpmpp2m,4,4,3,0.0126,0.0003,altered_knn,altered_knn,2000,8000,0.8670,0.0199,0.8760,0.0213,0.8945,0.0094,0.0441,0.0107,0.1609,0.0901,0.0630,0.0069,0.4695,0.0122
dpmpp2m,4,4,3,0.0126,0.0003,quadratic,quadratic,2000,12000,0.9313,0.0055,0.9361,0.0054,0.9359,0.0058,0.5342,0.0174,0.5526,0.0070,0.5431,0.0108,0.7396,0.0067
dpmpp2m,4,4,3,0.0126,0.0003,polar3,polar,2000,12000,0.9657,0.0042,0.9702,0.0039,0.9714,0.0044,0.4994,0.0117,0.6178,0.0224,0.5520,0.0081,0.7611,0.0052
dpmpp2m,4,4,3,0.0126,0.0003,knn,knn,5000,30000,0.8667,0.0100,0.8729,0.0099,0.8739,0.0116,0.3151,0.0687,0.3852,0.0151,0.3415,0.0346,0.6072,0.0124
dpmpp2m,4,4,3,0.0126,0.0003,altered_knn,altered_knn,5000,20000,0.8842,0.0168,0.8938,0.0181,0.9055,0.0084,0.0477,0.0097,0.1337,0.0975,0.0577,0.0233,0.4757,0.0068
dpmpp2m,4,4,3,0.0126,0.0003,quadratic,quadratic,5000,30000,0.9313,0.0053,0.9362,0.0051,0.9358,0.0056,0.5453,0.0176,0.5513,0.0088,0.5482,0.0120,0.7422,0.0076
dpmpp2m,4,4,3,0.0126,0.0003,polar3,polar,5000,30000,0.9664,0.0044,0.9709,0.0041,0.9718,0.0046,0.5236,0.0093,0.6141,0.0246,0.5649,0.0071,0.7679,0.0053
dpmpp2m,4,4,3,0.0126,0.0003,knn,knn,10000,60000,0.8871,0.0087,0.8933,0.0086,0.8939,0.0102,0.3488,0.0804,0.3989,0.0069,0.3671,0.0418,0.6302,0.0167
dpmpp2m,4,4,3,0.0126,0.0003,altered_knn,altered_knn,10000,40000,0.8487,0.0365,0.8556,0.0391,0.8974,0.0111,0.0478,0.0188,0.3112,0.1591,0.0720,0.0123,0.4638,0.0248
dpmpp2m,4,4,3,0.0126,0.0003,quadratic,quadratic,10000,60000,0.9310,0.0057,0.9359,0.0056,0.9354,0.0060,0.5568,0.0168,0.5515,0.0058,0.5540,0.0108,0.7449,0.0067
dpmpp2m,4,4,3,0.0126,0.0003,polar3,polar,10000,60000,0.9665,0.0042,0.9710,0.0038,0.9720,0.0045,0.5204,0.0194,0.6153,0.0276,0.5630,0.0057,0.7670,0.0041
dpmpp2m,4,4,3,0.0126,0.0003,knn,knn,15000,90000,0.8975,0.0077,0.9038,0.0075,0.9044,0.0092,0.3490,0.0712,0.4020,0.0126,0.3689,0.0353,0.6364,0.0143
dpmpp2m,4,4,3,0.0126,0.0003,altered_knn,altered_knn,15000,60000,0.8696,0.0251,0.8774,0.0273,0.9082,0.0068,0.0556,0.0258,0.2531,0.1424,0.0708,0.0053,0.4741,0.0160
dpmpp2m,4,4,3,0.0126,0.0003,quadratic,quadratic,15000,90000,0.9311,0.0054,0.9360,0.0053,0.9355,0.0058,0.5547,0.0180,0.5509,0.0073,0.5527,0.0116,0.7443,0.0069
dpmpp2m,4,4,3,0.0126,0.0003,polar3,polar,15000,90000,0.9665,0.0041,0.9709,0.0037,0.9719,0.0044,0.5222,0.0258,0.6178,0.0286,0.5648,0.0076,0.7679,0.0042
dpmpp2m,4,4,3,0.0126,0.0003,knn,knn,20000,120000,0.9043,0.0076,0.9106,0.0074,0.9111,0.0090,0.3636,0.0757,0.4140,0.0147,0.3826,0.0392,0.6466,0.0162
dpmpp2m,4,4,3,0.0126,0.0003,altered_knn,altered_knn,20000,80000,0.8986,0.0148,0.9085,0.0162,0.9179,0.0073,0.0636,0.0254,0.1243,0.0994,0.0650,0.0146,0.4867,0.0073
dpmpp2m,4,4,3,0.0126,0.0003,quadratic,quadratic,20000,120000,0.9309,0.0057,0.9357,0.0056,0.9352,0.0060,0.5589,0.0187,0.5512,0.0071,0.5549,0.0116,0.7453,0.0073
dpmpp2m,4,4,3,0.0126,0.0003,polar3,polar,20000,120000,0.9666,0.0041,0.9711,0.0037,0.9720,0.0044,0.5240,0.0255,0.6156,0.0282,0.5649,0.0066,0.7680,0.0039
dpmpp2m,4,8,3,0.0132,0.0001,knn,knn,2000,24000,0.7865,0.0159,0.7919,0.0159,0.8040,0.0151,0.1184,0.0081,0.3789,0.0121,0.1804,0.0108,0.4862,0.0134
dpmpp2m,4,8,3,0.0132,0.0001,altered_knn,altered_knn,2000,16000,0.8442,0.0309,0.8533,0.0327,0.8713,0.0132,0.0457,0.0075,0.1628,0.1104,0.0627,0.0052,0.4580,0.0164
dpmpp2m,4,8,3,0.0132,0.0001,quadratic,quadratic,2000,24000,0.8941,0.0159,0.8995,0.0159,0.9035,0.0153,0.2901,0.0248,0.4878,0.0106,0.3634,0.0223,0.6315,0.0189
dpmpp2m,4,8,3,0.0132,0.0001,polar3,polar,2000,24000,0.9483,0.0118,0.9538,0.0115,0.9586,0.0112,0.3078,0.0221,0.5391,0.0293,0.3918,0.0256,0.6728,0.0185
dpmpp2m,4,8,3,0.0132,0.0001,knn,knn,5000,60000,0.8282,0.0153,0.8339,0.0153,0.8434,0.0145,0.1487,0.0120,0.3966,0.0131,0.2162,0.0147,0.5251,0.0150
dpmpp2m,4,8,3,0.0132,0.0001,altered_knn,altered_knn,5000,40000,0.8585,0.0237,0.8677,0.0249,0.8843,0.0115,0.0490,0.0081,0.1698,0.0678,0.0722,0.0047,0.4700,0.0147
dpmpp2m,4,8,3,0.0132,0.0001,quadratic,quadratic,5000,60000,0.8952,0.0160,0.9006,0.0160,0.9045,0.0152,0.2924,0.0286,0.4866,0.0111,0.3648,0.0257,0.6327,0.0208
dpmpp2m,4,8,3,0.0132,0.0001,polar3,polar,5000,60000,0.9499,0.0117,0.9555,0.0114,0.9599,0.0110,0.3190,0.0236,0.5369,0.0253,0.4001,0.0256,0.6778,0.0185
dpmpp2m,4,8,3,0.0132,0.0001,knn,knn,10000,120000,0.8535,0.0142,0.8596,0.0142,0.8676,0.0135,0.1689,0.0128,0.4034,0.0107,0.2379,0.0147,0.5488,0.0144
dpmpp2m,4,8,3,0.0132,0.0001,altered_knn,altered_knn,10000,80000,0.8472,0.0380,0.8550,0.0402,0.8870,0.0165,0.0493,0.0144,0.2640,0.1299,0.0741,0.0062,0.4646,0.0231
dpmpp2m,4,8,3,0.0132,0.0001,quadratic,quadratic,10000,120000,0.8948,0.0158,0.9002,0.0159,0.9041,0.0151,0.2925,0.0286,0.4864,0.0074,0.3647,0.0246,0.6325,0.0202
dpmpp2m,4,8,3,0.0132,0.0001,polar3,polar,10000,120000,0.9500,0.0118,0.9555,0.0116,0.9599,0.0110,0.3221,0.0278,0.5381,0.0234,0.4028,0.0284,0.6791,0.0200
dpmpp2m,4,8,3,0.0132,0.0001,knn,knn,15000,180000,0.8670,0.0133,0.8732,0.0133,0.8804,0.0126,0.1829,0.0152,0.4082,0.0157,0.2525,0.0174,0.5629,0.0153
dpmpp2m,4,8,3,0.0132,0.0001,altered_knn,altered_knn,15000,120000,0.8757,0.0282,0.8854,0.0298,0.8976,0.0128,0.0629,0.0164,0.1455,0.0966,0.0738,0.0031,0.4796,0.0163
dpmpp2m,4,8,3,0.0132,0.0001,quadratic,quadratic,15000,180000,0.8947,0.0160,0.9002,0.0160,0.9040,0.0152,0.2937,0.0280,0.4854,0.0077,0.3654,0.0241,0.6328,0.0200
dpmpp2m,4,8,3,0.0132,0.0001,polar3,polar,15000,180000,0.9496,0.0118,0.9551,0.0116,0.9595,0.0111,0.3196,0.0247,0.5371,0.0236,0.4006,0.0261,0.6779,0.0188
dpmpp2m,4,8,3,0.0132,0.0001,knn,knn,20000,240000,0.8761,0.0129,0.8824,0.0128,0.8890,0.0123,0.1934,0.0163,0.4091,0.0216,0.2625,0.0192,0.5725,0.0160
dpmpp2m,4,8,3,0.0132,0.0001,altered_knn,altered_knn,20000,160000,0.8724,0.0375,0.8816,0.0399,0.8991,0.0152,0.0634,0.0176,0.1777,0.1421,0.0743,0.0049,0.4780,0.0216
dpmpp2m,4,8,3,0.0132,0.0001,quadratic,quadratic,20000,240000,0.8962,0.0165,0.9018,0.0165,0.9052,0.0158,0.3041,0.0272,0.4812,0.0094,0.3722,0.0234,0.6370,0.0200
dpmpp2m,4,8,3,0.0132,0.0001,polar3,polar,20000,240000,0.9503,0.0118,0.9559,0.0116,0.9602,0.0112,0.3224,0.0251,0.5349,0.0254,0.4022,0.0266,0.6790,0.0191
dpmpp2m,4,16,3,0.0145,0.0004,knn,knn,2000,48000,0.7719,0.0048,0.7773,0.0049,0.7937,0.0055,0.1067,0.0041,0.4071,0.0024,0.1690,0.0053,0.4732,0.0022
dpmpp2m,4,16,3,0.0145,0.0004,altered_knn,altered_knn,2000,32000,0.7903,0.0832,0.7970,0.0886,0.8407,0.0342,0.0570,0.0168,0.3203,0.2928,0.0739,0.0123,0.4355,0.0472
dpmpp2m,4,16,3,0.0145,0.0004,quadratic,quadratic,2000,48000,0.8882,0.0063,0.8944,0.0064,0.9045,0.0067,0.1849,0.0070,0.4660,0.0111,0.2645,0.0053,0.5795,0.0040
dpmpp2m,4,16,3,0.0145,0.0004,polar3,polar,2000,48000,0.9409,0.0025,0.9473,0.0028,0.9542,0.0026,0.2529,0.0074,0.5006,0.0003,0.3360,0.0065,0.6417,0.0045
dpmpp2m,4,16,3,0.0145,0.0004,knn,knn,5000,120000,0.8162,0.0050,0.8220,0.0050,0.8349,0.0054,0.1356,0.0045,0.4220,0.0036,0.2051,0.0047,0.5136,0.0022
dpmpp2m,4,16,3,0.0145,0.0004,altered_knn,altered_knn,5000,80000,0.8544,0.0078,0.8639,0.0089,0.8785,0.0028,0.0659,0.0065,0.2100,0.0488,0.0985,0.0033,0.4812,0.0060
dpmpp2m,4,16,3,0.0145,0.0004,quadratic,quadratic,5000,120000,0.8890,0.0074,0.8952,0.0075,0.9051,0.0074,0.1875,0.0094,0.4662,0.0110,0.2671,0.0081,0.5812,0.0064
dpmpp2m,4,16,3,0.0145,0.0004,polar3,polar,5000,120000,0.9415,0.0024,0.9480,0.0026,0.9547,0.0023,0.2555,0.0083,0.4989,0.0029,0.3379,0.0069,0.6430,0.0047
dpmpp2m,4,16,3,0.0145,0.0004,knn,knn,10000,240000,0.8464,0.0043,0.8525,0.0043,0.8631,0.0045,0.1598,0.0049,0.4278,0.0039,0.2327,0.0050,0.5426,0.0018
dpmpp2m,4,16,3,0.0145,0.0004,altered_knn,altered_knn,10000,160000,0.8513,0.0383,0.8602,0.0415,0.8832,0.0113,0.0718,0.0183,0.2405,0.1911,0.0903,0.0108,0.4752,0.0233
dpmpp2m,4,16,3,0.0145,0.0004,quadratic,quadratic,10000,240000,0.8927,0.0068,0.8991,0.0069,0.9084,0.0068,0.1934,0.0106,0.4646,0.0107,0.2728,0.0090,0.5859,0.0066
dpmpp2m,4,16,3,0.0145,0.0004,polar3,polar,10000,240000,0.9425,0.0025,0.9490,0.0028,0.9555,0.0024,0.2585,0.0083,0.4984,0.0031,0.3403,0.0067,0.6446,0.0047
dpmpp2m,4,16,3,0.0145,0.0004,knn,knn,15000,360000,0.8615,0.0041,0.8678,0.0041,0.8773,0.0041,0.1739,0.0052,0.4304,0.0023,0.2476,0.0052,0.5577,0.0027
dpmpp2m,4,16,3,0.0145,0.0004,altered_knn,altered_knn,15000,240000,0.8736,0.0151,0.8840,0.0171,0.8945,0.0037,0.0823,0.0208,0.1756,0.1027,0.0953,0.0084,0.4896,0.0089
dpmpp2m,4,16,3,0.0145,0.0004,quadratic,quadratic,15000,360000,0.8955,0.0054,0.9018,0.0056,0.9131,0.0055,0.1752,0.0086,0.4703,0.0050,0.2552,0.0084,0.5785,0.0058
dpmpp2m,4,16,3,0.0145,0.0004,polar3,polar,15000,360000,0.9441,0.0031,0.9507,0.0034,0.9569,0.0030,0.2644,0.0119,0.4984,0.0018,0.3453,0.0103,0.6480,0.0068
dpmpp2m,4,16,3,0.0145,0.0004,knn,knn,20000,480000,0.8713,0.0039,0.8778,0.0039,0.8864,0.0040,0.1862,0.0059,0.4320,0.0041,0.2601,0.0054,0.5690,0.0027
dpmpp2m,4,16,3,0.0145,0.0004,altered_knn,altered_knn,20000,320000,0.8881,0.0052,0.8997,0.0058,0.8998,0.0025,0.1006,0.0125,0.0976,0.0392,0.0921,0.0177,0.4959,0.0059
dpmpp2m,4,16,3,0.0145,0.0004,quadratic,quadratic,20000,480000,0.8922,0.0053,0.8984,0.0055,0.9133,0.0054,0.1469,0.0051,0.4738,0.0027,0.2242,0.0057,0.5613,0.0046
dpmpp2m,4,16,3,0.0145,0.0004,polar3,polar,20000,480000,0.9451,0.0036,0.9518,0.0038,0.9577,0.0033,0.2685,0.0144,0.4961,0.0022,0.3482,0.0125,0.6500,0.0082
dpmpp2m,8,2,3,0.0136,0.0002,knn,knn,2000,6000,0.8160,0.0017,0.8265,0.0018,0.8209,0.0018,0.6157,0.0502,0.0542,0.0065,0.0996,0.0116,0.4631,0.0058
dpmpp2m,8,2,3,0.0136,0.0002,altered_knn,altered_knn,2000,4000,0.8689,0.0045,0.8779,0.0044,0.9122,0.0027,0.0341,0.0032,0.2193,0.0091,0.0590,0.0051,0.4684,0.0047
dpmpp2m,8,2,3,0.0136,0.0002,quadratic,quadratic,2000,6000,0.9840,0.0017,0.9918,0.0016,0.9880,0.0017,0.9522,0.0143,0.4130,0.0054,0.5761,0.0027,0.7840,0.0018
dpmpp2m,8,2,3,0.0136,0.0002,polar3,polar,2000,6000,0.9911,0.0010,0.9956,0.0008,0.9938,0.0008,0.9042,0.0193,0.6681,0.0203,0.7684,0.0195,0.8820,0.0101
dpmpp2m,8,2,3,0.0136,0.0002,knn,knn,5000,15000,0.8323,0.0023,0.8430,0.0024,0.8375,0.0024,0.7290,0.0515,0.0593,0.0055,0.1096,0.0097,0.4763,0.0044
dpmpp2m,8,2,3,0.0136,0.0002,altered_knn,altered_knn,5000,10000,0.8496,0.0403,0.8575,0.0421,0.9045,0.0185,0.0329,0.0026,0.2724,0.0996,0.0577,0.0026,0.4576,0.0221
dpmpp2m,8,2,3,0.0136,0.0002,quadratic,quadratic,5000,15000,0.9859,0.0006,0.9939,0.0006,0.9899,0.0006,0.9634,0.0080,0.4057,0.0062,0.5709,0.0047,0.7824,0.0023
dpmpp2m,8,2,3,0.0136,0.0002,polar3,polar,5000,15000,0.9919,0.0007,0.9963,0.0004,0.9944,0.0005,0.9356,0.0159,0.6674,0.0236,0.7790,0.0216,0.8877,0.0110
dpmpp2m,8,2,3,0.0136,0.0002,knn,knn,10000,30000,0.8436,0.0039,0.8544,0.0040,0.8487,0.0041,0.7462,0.0683,0.0615,0.0049,0.1136,0.0090,0.4840,0.0039
dpmpp2m,8,2,3,0.0136,0.0002,altered_knn,altered_knn,10000,20000,0.7771,0.0781,0.7818,0.0815,0.8649,0.0415,0.0310,0.0048,0.4381,0.1716,0.0561,0.0052,0.4190,0.0433
dpmpp2m,8,2,3,0.0136,0.0002,quadratic,quadratic,10000,30000,0.9863,0.0007,0.9944,0.0007,0.9904,0.0007,0.9687,0.0050,0.4010,0.0064,0.5672,0.0057,0.7808,0.0029
dpmpp2m,8,2,3,0.0136,0.0002,polar3,polar,10000,30000,0.9921,0.0006,0.9965,0.0002,0.9945,0.0004,0.9435,0.0070,0.6718,0.0216,0.7847,0.0166,0.8906,0.0084
dpmpp2m,8,2,3,0.0136,0.0002,knn,knn,15000,45000,0.8528,0.0035,0.8635,0.0036,0.8579,0.0036,0.8163,0.0215,0.0718,0.0038,0.1320,0.0066,0.4978,0.0016
dpmpp2m,8,2,3,0.0136,0.0002,altered_knn,altered_knn,15000,30000,0.8740,0.0307,0.8829,0.0324,0.9177,0.0123,0.0362,0.0028,0.2283,0.0957,0.0608,0.0014,0.4719,0.0168
dpmpp2m,8,2,3,0.0136,0.0002,quadratic,quadratic,15000,45000,0.9864,0.0008,0.9944,0.0008,0.9905,0.0008,0.9690,0.0075,0.4040,0.0065,0.5702,0.0052,0.7823,0.0027
dpmpp2m,8,2,3,0.0136,0.0002,polar3,polar,15000,45000,0.9920,0.0006,0.9964,0.0003,0.9945,0.0004,0.9438,0.0059,0.6723,0.0213,0.7851,0.0161,0.8908,0.0082
dpmpp2m,8,2,3,0.0136,0.0002,knn,knn,20000,60000,0.8537,0.0015,0.8644,0.0016,0.8589,0.0016,0.8080,0.0323,0.0723,0.0041,0.1328,0.0073,0.4986,0.0031
dpmpp2m,8,2,3,0.0136,0.0002,altered_knn,altered_knn,20000,40000,0.8455,0.0342,0.8525,0.0361,0.9070,0.0150,0.0359,0.0043,0.3368,0.0964,0.0637,0.0042,0.4581,0.0201
dpmpp2m,8,2,3,0.0136,0.0002,quadratic,quadratic,20000,60000,0.9861,0.0010,0.9941,0.0009,0.9901,0.0009,0.9699,0.0061,0.4010,0.0067,0.5674,0.0057,0.7808,0.0030
dpmpp2m,8,2,3,0.0136,0.0002,polar3,polar,20000,60000,0.9920,0.0006,0.9964,0.0003,0.9945,0.0004,0.9432,0.0068,0.6728,0.0213,0.7852,0.0168,0.8908,0.0085
dpmpp2m,8,4,3,0.0134,0.0002,knn,knn,2000,12000,0.6900,0.0108,0.6977,0.0109,0.6962,0.0111,0.2300,0.0690,0.1238,0.0020,0.1575,0.0210,0.4276,0.0062
dpmpp2m,8,4,3,0.0134,0.0002,altered_knn,altered_knn,2000,8000,0.8124,0.0325,0.8206,0.0344,0.8514,0.0106,0.0373,0.0068,0.2099,0.1130,0.0574,0.0020,0.4390,0.0175
dpmpp2m,8,4,3,0.0134,0.0002,quadratic,quadratic,2000,12000,0.9467,0.0095,0.9528,0.0095,0.9502,0.0096,0.8102,0.0032,0.4941,0.0070,0.6138,0.0061,0.7833,0.0076
dpmpp2m,8,4,3,0.0134,0.0002,polar3,polar,2000,12000,0.9699,0.0056,0.9748,0.0056,0.9741,0.0058,0.6660,0.0404,0.6073,0.0031,0.6346,0.0174,0.8047,0.0087
dpmpp2m,8,4,3,0.0134,0.0002,knn,knn,5000,30000,0.7113,0.0099,0.7192,0.0100,0.7172,0.0096,0.2762,0.0437,0.1315,0.0008,0.1773,0.0098,0.4482,0.0041
dpmpp2m,8,4,3,0.0134,0.0002,altered_knn,altered_knn,5000,20000,0.8485,0.0059,0.8587,0.0060,0.8670,0.0036,0.0419,0.0042,0.0993,0.0182,0.0579,0.0013,0.4583,0.0036
dpmpp2m,8,4,3,0.0134,0.0002,quadratic,quadratic,5000,30000,0.9477,0.0093,0.9539,0.0094,0.9511,0.0094,0.8313,0.0074,0.4932,0.0042,0.6191,0.0034,0.7865,0.0063
dpmpp2m,8,4,3,0.0134,0.0002,polar3,polar,5000,30000,0.9726,0.0053,0.9776,0.0054,0.9761,0.0054,0.7618,0.0179,0.6068,0.0028,0.6754,0.0055,0.8265,0.0045
dpmpp2m,8,4,3,0.0134,0.0002,knn,knn,10000,60000,0.7287,0.0100,0.7367,0.0100,0.7341,0.0095,0.3388,0.0358,0.1362,0.0023,0.1937,0.0038,0.4652,0.0049
dpmpp2m,8,4,3,0.0134,0.0002,altered_knn,altered_knn,10000,40000,0.8586,0.0037,0.8691,0.0045,0.8740,0.0032,0.0470,0.0029,0.0835,0.0517,0.0545,0.0094,0.4618,0.0025
dpmpp2m,8,4,3,0.0134,0.0002,quadratic,quadratic,10000,60000,0.9481,0.0100,0.9543,0.0100,0.9515,0.0100,0.8351,0.0042,0.4952,0.0016,0.6217,0.0023,0.7880,0.0054
dpmpp2m,8,4,3,0.0134,0.0002,polar3,polar,10000,60000,0.9742,0.0046,0.9791,0.0047,0.9775,0.0047,0.7899,0.0200,0.6093,0.0054,0.6878,0.0047,0.8335,0.0040
dpmpp2m,8,4,3,0.0134,0.0002,knn,knn,15000,90000,0.7380,0.0097,0.7461,0.0097,0.7433,0.0092,0.3917,0.0311,0.1435,0.0033,0.2096,0.0034,0.4779,0.0062
dpmpp2m,8,4,3,0.0134,0.0002,altered_knn,altered_knn,15000,60000,0.8632,0.0127,0.8739,0.0135,0.8783,0.0047,0.0478,0.0054,0.0758,0.0594,0.0486,0.0118,0.4612,0.0009
dpmpp2m,8,4,3,0.0134,0.0002,quadratic,quadratic,15000,90000,0.9485,0.0104,0.9547,0.0105,0.9518,0.0105,0.8362,0.0078,0.4937,0.0027,0.6208,0.0043,0.7878,0.0058
dpmpp2m,8,4,3,0.0134,0.0002,polar3,polar,15000,90000,0.9745,0.0048,0.9796,0.0049,0.9779,0.0048,0.7952,0.0241,0.6074,0.0043,0.6885,0.0068,0.8340,0.0052
dpmpp2m,8,4,3,0.0134,0.0002,knn,knn,20000,120000,0.7427,0.0093,0.7508,0.0093,0.7479,0.0089,0.4078,0.0290,0.1501,0.0033,0.2190,0.0008,0.4849,0.0043
dpmpp2m,8,4,3,0.0134,0.0002,altered_knn,altered_knn,20000,80000,0.8643,0.0105,0.8747,0.0111,0.8816,0.0044,0.0462,0.0043,0.0952,0.0408,0.0588,0.0039,0.4667,0.0036
dpmpp2m,8,4,3,0.0134,0.0002,quadratic,quadratic,20000,120000,0.9484,0.0105,0.9547,0.0106,0.9518,0.0106,0.8400,0.0066,0.4911,0.0012,0.6198,0.0026,0.7872,0.0055
dpmpp2m,8,4,3,0.0134,0.0002,polar3,polar,20000,120000,0.9747,0.0047,0.9797,0.0048,0.9780,0.0048,0.7996,0.0212,0.6088,0.0047,0.6911,0.0050,0.8354,0.0041
dpmpp2m,8,8,3,0.0143,0.0002,knn,knn,2000,24000,0.5986,0.0064,0.6045,0.0064,0.6082,0.0051,0.1073,0.0142,0.1921,0.0031,0.1371,0.0115,0.3708,0.0089
dpmpp2m,8,8,3,0.0143,0.0002,altered_knn,altered_knn,2000,16000,0.7608,0.0473,0.7680,0.0510,0.8049,0.0127,0.0477,0.0139,0.2675,0.2158,0.0578,0.0147,0.4129,0.0236
dpmpp2m,8,8,3,0.0143,0.0002,quadratic,quadratic,2000,24000,0.9219,0.0083,0.9280,0.0082,0.9268,0.0084,0.5896,0.0060,0.5002,0.0083,0.5411,0.0028,0.7346,0.0052
dpmpp2m,8,8,3,0.0143,0.0002,polar3,polar,2000,24000,0.9563,0.0037,0.9624,0.0036,0.9618,0.0035,0.5864,0.0241,0.5362,0.0078,0.5601,0.0146,0.7613,0.0091
dpmpp2m,8,8,3,0.0143,0.0002,knn,knn,5000,60000,0.6277,0.0052,0.6338,0.0052,0.6363,0.0047,0.1327,0.0042,0.2080,0.0064,0.1620,0.0049,0.3979,0.0040
dpmpp2m,8,8,3,0.0143,0.0002,altered_knn,altered_knn,5000,40000,0.7660,0.0459,0.7727,0.0492,0.8145,0.0135,0.0433,0.0079,0.3080,0.1851,0.0705,0.0066,0.4216,0.0277
dpmpp2m,8,8,3,0.0143,0.0002,quadratic,quadratic,5000,60000,0.9250,0.0082,0.9311,0.0081,0.9299,0.0083,0.5997,0.0095,0.5024,0.0045,0.5467,0.0029,0.7389,0.0035
dpmpp2m,8,8,3,0.0143,0.0002,polar3,polar,5000,60000,0.9615,0.0042,0.9678,0.0041,0.9664,0.0041,0.6517,0.0139,0.5325,0.0082,0.5861,0.0103,0.7769,0.0071
dpmpp2m,8,8,3,0.0143,0.0002,knn,knn,10000,120000,0.6494,0.0033,0.6557,0.0033,0.6574,0.0032,0.1552,0.0046,0.2165,0.0009,0.1807,0.0032,0.4182,0.0002
dpmpp2m,8,8,3,0.0143,0.0002,altered_knn,altered_knn,10000,80000,0.7403,0.0551,0.7450,0.0590,0.8111,0.0182,0.0394,0.0097,0.4204,0.2093,0.0659,0.0062,0.4054,0.0326
dpmpp2m,8,8,3,0.0143,0.0002,quadratic,quadratic,10000,120000,0.9253,0.0085,0.9315,0.0085,0.9302,0.0087,0.6035,0.0088,0.5012,0.0033,0.5476,0.0021,0.7395,0.0032
dpmpp2m,8,8,3,0.0143,0.0002,polar3,polar,10000,120000,0.9632,0.0041,0.9695,0.0040,0.9679,0.0040,0.6754,0.0094,0.5334,0.0059,0.5961,0.0066,0.7828,0.0050
dpmpp2m,8,8,3,0.0143,0.0002,knn,knn,15000,180000,0.6628,0.0032,0.6693,0.0031,0.6706,0.0031,0.1706,0.0106,0.2181,0.0011,0.1913,0.0065,0.4303,0.0024
dpmpp2m,8,8,3,0.0143,0.0002,altered_knn,altered_knn,15000,120000,0.8220,0.0087,0.8320,0.0095,0.8410,0.0026,0.0544,0.0040,0.1299,0.0596,0.0704,0.0126,0.4512,0.0016
dpmpp2m,8,8,3,0.0143,0.0002,quadratic,quadratic,15000,180000,0.9256,0.0086,0.9318,0.0085,0.9305,0.0087,0.6074,0.0106,0.4992,0.0039,0.5479,0.0027,0.7399,0.0032
dpmpp2m,8,8,3,0.0143,0.0002,polar3,polar,15000,180000,0.9639,0.0041,0.9701,0.0040,0.9685,0.0041,0.6813,0.0069,0.5347,0.0070,0.5992,0.0067,0.7846,0.0051
dpmpp2m,8,8,3,0.0143,0.0002,knn,knn,20000,240000,0.6706,0.0036,0.6772,0.0036,0.6782,0.0035,0.1819,0.0078,0.2205,0.0032,0.1992,0.0036,0.4382,0.0008
dpmpp2m,8,8,3,0.0143,0.0002,altered_knn,altered_knn,20000,160000,0.8252,0.0051,0.8351,0.0053,0.8450,0.0028,0.0535,0.0029,0.1393,0.0172,0.0769,0.0013,0.4560,0.0032
dpmpp2m,8,8,3,0.0143,0.0002,quadratic,quadratic,20000,240000,0.9276,0.0090,0.9339,0.0090,0.9322,0.0092,0.6377,0.0088,0.4919,0.0040,0.5553,0.0019,0.7446,0.0039
dpmpp2m,8,8,3,0.0143,0.0002,polar3,polar,20000,240000,0.9642,0.0044,0.9704,0.0042,0.9688,0.0043,0.6828,0.0066,0.5347,0.0083,0.5997,0.0076,0.7851,0.0059
dpmpp2m,8,16,3,0.0157,0.0006,knn,knn,2000,48000,0.5210,0.0033,0.5251,0.0032,0.5368,0.0029,0.0694,0.0007,0.2634,0.0024,0.1099,0.0007,0.3175,0.0018
dpmpp2m,8,16,3,0.0157,0.0006,altered_knn,altered_knn,2000,32000,0.7513,0.0125,0.7612,0.0146,0.7711,0.0011,0.0544,0.0071,0.1303,0.1120,0.0593,0.0223,0.4103,0.0080
dpmpp2m,8,16,3,0.0157,0.0006,quadratic,quadratic,2000,48000,0.8928,0.0025,0.8995,0.0024,0.9000,0.0024,0.4224,0.0114,0.4743,0.0078,0.4467,0.0055,0.6731,0.0020
dpmpp2m,8,16,3,0.0157,0.0006,polar3,polar,2000,48000,0.9336,0.0043,0.9409,0.0041,0.9408,0.0040,0.4722,0.0083,0.4742,0.0116,0.4732,0.0091,0.7070,0.0059
dpmpp2m,8,16,3,0.0157,0.0006,knn,knn,5000,120000,0.5538,0.0023,0.5583,0.0021,0.5686,0.0025,0.0816,0.0022,0.2685,0.0033,0.1252,0.0024,0.3417,0.0002
dpmpp2m,8,16,3,0.0157,0.0006,altered_knn,altered_knn,5000,80000,0.7581,0.0150,0.7671,0.0176,0.7859,0.0007,0.0507,0.0048,0.1976,0.1242,0.0714,0.0114,0.4192,0.0043
dpmpp2m,8,16,3,0.0157,0.0006,quadratic,quadratic,5000,120000,0.8946,0.0025,0.9013,0.0025,0.9018,0.0025,0.4274,0.0136,0.4765,0.0065,0.4505,0.0069,0.6759,0.0027
dpmpp2m,8,16,3,0.0157,0.0006,polar3,polar,5000,120000,0.9392,0.0036,0.9466,0.0034,0.9461,0.0035,0.4979,0.0044,0.4735,0.0127,0.4853,0.0087,0.7160,0.0052
dpmpp2m,8,16,3,0.0157,0.0006,knn,knn,10000,240000,0.5826,0.0021,0.5875,0.0018,0.5966,0.0022,0.0947,0.0025,0.2754,0.0064,0.1409,0.0020,0.3642,0.0002
dpmpp2m,8,16,3,0.0157,0.0006,altered_knn,altered_knn,10000,160000,0.7804,0.0061,0.7909,0.0067,0.7983,0.0019,0.0579,0.0033,0.1207,0.0573,0.0728,0.0117,0.4319,0.0039
dpmpp2m,8,16,3,0.0157,0.0006,quadratic,quadratic,10000,240000,0.8973,0.0030,0.9042,0.0029,0.9041,0.0030,0.4575,0.0125,0.4703,0.0056,0.4637,0.0057,0.6839,0.0018
dpmpp2m,8,16,3,0.0157,0.0006,polar3,polar,10000,240000,0.9422,0.0035,0.9497,0.0032,0.9490,0.0033,0.5140,0.0031,0.4728,0.0127,0.4925,0.0083,0.7211,0.0051
dpmpp2m,8,16,3,0.0157,0.0006,knn,knn,15000,360000,0.5979,0.0015,0.6029,0.0012,0.6115,0.0017,0.1030,0.0040,0.2831,0.0048,0.1509,0.0036,0.3769,0.0012
dpmpp2m,8,16,3,0.0157,0.0006,altered_knn,altered_knn,15000,240000,0.7914,0.0039,0.8027,0.0044,0.8047,0.0009,0.0612,0.0050,0.0797,0.0268,0.0664,0.0064,0.4346,0.0014
dpmpp2m,8,16,3,0.0157,0.0006,quadratic,quadratic,15000,360000,0.9025,0.0041,0.9097,0.0040,0.9086,0.0041,0.5206,0.0137,0.4518,0.0077,0.4835,0.0040,0.6966,0.0004
dpmpp2m,8,16,3,0.0157,0.0006,polar3,polar,15000,360000,0.9443,0.0036,0.9518,0.0033,0.9509,0.0034,0.5262,0.0010,0.4715,0.0139,0.4972,0.0079,0.7245,0.0048
dpmpp2m,8,16,3,0.0157,0.0006,knn,knn,20000,480000,0.6078,0.0014,0.6130,0.0012,0.6210,0.0017,0.1082,0.0051,0.2829,0.0032,0.1564,0.0048,0.3847,0.0019
dpmpp2m,8,16,3,0.0157,0.0006,altered_knn,altered_knn,20000,320000,0.7947,0.0020,0.8058,0.0024,0.8092,0.0015,0.0610,0.0047,0.0942,0.0111,0.0733,0.0010,0.4396,0.0013
dpmpp2m,8,16,3,0.0157,0.0006,quadratic,quadratic,20000,480000,0.9045,0.0043,0.9118,0.0042,0.9104,0.0043,0.5468,0.0127,0.4451,0.0077,0.4906,0.0034,0.7012,0.0004
dpmpp2m,8,16,3,0.0157,0.0006,polar3,polar,20000,480000,0.9455,0.0037,0.9531,0.0034,0.9521,0.0036,0.5345,0.0030,0.4714,0.0144,0.5009,0.0084,0.7270,0.0049
dpmpp2m,16,2,3,0.0147,0.0004,knn,knn,2000,6000,0.7855,0.0009,0.7971,0.0011,0.7910,0.0009,0.3182,0.0561,0.0113,0.0027,0.0219,0.0052,0.4095,0.0023
dpmpp2m,16,2,3,0.0147,0.0004,altered_knn,altered_knn,2000,4000,0.6621,0.1235,0.6638,0.1284,0.7801,0.0786,0.0264,0.0032,0.5435,0.2076,0.0494,0.0040,0.3566,0.0662
dpmpp2m,16,2,3,0.0147,0.0004,quadratic,quadratic,2000,6000,0.9749,0.0004,0.9850,0.0003,0.9801,0.0002,0.9118,0.0169,0.3045,0.0192,0.4563,0.0237,0.7206,0.0118
dpmpp2m,16,2,3,0.0147,0.0004,polar3,polar,2000,6000,0.9759,0.0005,0.9821,0.0010,0.9794,0.0006,0.8937,0.0395,0.5603,0.0230,0.6877,0.0128,0.8349,0.0062
dpmpp2m,16,2,3,0.0147,0.0004,knn,knn,5000,15000,0.7905,0.0022,0.8022,0.0025,0.7962,0.0023,0.4293,0.0605,0.0102,0.0019,0.0199,0.0036,0.4110,0.0022
dpmpp2m,16,2,3,0.0147,0.0004,altered_knn,altered_knn,5000,10000,0.8556,0.0060,0.8655,0.0068,0.8990,0.0012,0.0318,0.0012,0.1908,0.0274,0.0543,0.0015,0.4599,0.0033
dpmpp2m,16,2,3,0.0147,0.0004,quadratic,quadratic,5000,15000,0.9795,0.0005,0.9896,0.0010,0.9846,0.0008,0.9493,0.0120,0.3030,0.0160,0.4593,0.0197,0.7244,0.0094
dpmpp2m,16,2,3,0.0147,0.0004,polar3,polar,5000,15000,0.9870,0.0009,0.9923,0.0014,0.9910,0.0006,0.7836,0.1002,0.6318,0.0253,0.6950,0.0240,0.8436,0.0126
dpmpp2m,16,2,3,0.0147,0.0004,knn,knn,10000,30000,0.7970,0.0031,0.8087,0.0035,0.8024,0.0034,0.4945,0.1047,0.0111,0.0035,0.0218,0.0067,0.4152,0.0039
dpmpp2m,16,2,3,0.0147,0.0004,altered_knn,altered_knn,10000,20000,0.8254,0.0408,0.8336,0.0429,0.8863,0.0185,0.0318,0.0030,0.2786,0.0979,0.0561,0.0036,0.4449,0.0227
dpmpp2m,16,2,3,0.0147,0.0004,quadratic,quadratic,10000,30000,0.9814,0.0003,0.9916,0.0003,0.9865,0.0002,0.9596,0.0146,0.2973,0.0121,0.4539,0.0156,0.7227,0.0077
dpmpp2m,16,2,3,0.0147,0.0004,polar3,polar,10000,30000,0.9895,0.0005,0.9946,0.0007,0.9930,0.0002,0.8360,0.0577,0.6509,0.0288,0.7300,0.0169,0.8623,0.0086
dpmpp2m,16,2,3,0.0147,0.0004,knn,knn,15000,45000,0.7978,0.0015,0.8095,0.0018,0.8031,0.0017,0.4611,0.0926,0.0112,0.0032,0.0218,0.0063,0.4157,0.0024
dpmpp2m,16,2,3,0.0147,0.0004,altered_knn,altered_knn,15000,30000,0.8622,0.0054,0.8726,0.0057,0.9008,0.0010,0.0313,0.0024,0.1636,0.0304,0.0525,0.0049,0.4625,0.0009
dpmpp2m,16,2,3,0.0147,0.0004,quadratic,quadratic,15000,45000,0.9826,0.0002,0.9928,0.0004,0.9877,0.0002,0.9596,0.0134,0.3006,0.0093,0.4578,0.0121,0.7253,0.0059
dpmpp2m,16,2,3,0.0147,0.0004,polar3,polar,15000,45000,0.9895,0.0003,0.9945,0.0008,0.9930,0.0003,0.8195,0.0491,0.6530,0.0280,0.7252,0.0154,0.8599,0.0076
dpmpp2m,16,2,3,0.0147,0.0004,knn,knn,20000,60000,0.7980,0.0014,0.8098,0.0017,0.8033,0.0017,0.4553,0.1117,0.0068,0.0011,0.0135,0.0022,0.4116,0.0008
dpmpp2m,16,2,3,0.0147,0.0004,altered_knn,altered_knn,20000,40000,0.8542,0.0075,0.8640,0.0082,0.8990,0.0016,0.0312,0.0038,0.1949,0.0417,0.0536,0.0070,0.4588,0.0041
dpmpp2m,16,2,3,0.0147,0.0004,quadratic,quadratic,20000,60000,0.9832,0.0001,0.9934,0.0003,0.9883,0.0001,0.9636,0.0133,0.2980,0.0063,0.4552,0.0084,0.7243,0.0040
dpmpp2m,16,2,3,0.0147,0.0004,polar3,polar,20000,60000,0.9901,0.0002,0.9952,0.0006,0.9934,0.0002,0.8584,0.0346,0.6520,0.0263,0.7403,0.0167,0.8677,0.0082
dpmpp2m,16,4,3,0.0138,0.0003,knn,knn,2000,12000,0.6181,0.0013,0.6263,0.0011,0.6223,0.0012,0.1776,0.0177,0.0299,0.0029,0.0510,0.0033,0.3386,0.0021
dpmpp2m,16,4,3,0.0138,0.0003,altered_knn,altered_knn,2000,8000,0.8203,0.0093,0.8303,0.0101,0.8385,0.0029,0.0441,0.0037,0.1028,0.0675,0.0549,0.0143,0.4426,0.0059
dpmpp2m,16,4,3,0.0138,0.0003,quadratic,quadratic,2000,12000,0.9522,0.0020,0.9596,0.0020,0.9562,0.0021,0.8437,0.0060,0.4188,0.0081,0.5597,0.0061,0.7596,0.0027
dpmpp2m,16,4,3,0.0138,0.0003,polar3,polar,2000,12000,0.9510,0.0016,0.9561,0.0016,0.9575,0.0016,0.4711,0.0141,0.5801,0.0126,0.5200,0.0136,0.7381,0.0060
dpmpp2m,16,4,3,0.0138,0.0003,knn,knn,5000,30000,0.6302,0.0026,0.6386,0.0025,0.6344,0.0027,0.2194,0.0072,0.0308,0.0057,0.0539,0.0089,0.3462,0.0056
dpmpp2m,16,4,3,0.0138,0.0003,altered_knn,altered_knn,5000,20000,0.8282,0.0051,0.8385,0.0054,0.8452,0.0016,0.0442,0.0048,0.0889,0.0329,0.0562,0.0024,0.4473,0.0018
dpmpp2m,16,4,3,0.0138,0.0003,quadratic,quadratic,5000,30000,0.9596,0.0024,0.9672,0.0024,0.9636,0.0025,0.8789,0.0016,0.4149,0.0023,0.5637,0.0022,0.7655,0.0013
dpmpp2m,16,4,3,0.0138,0.0003,polar3,polar,5000,30000,0.9696,0.0034,0.9748,0.0034,0.9755,0.0029,0.5410,0.0472,0.6012,0.0019,0.5684,0.0268,0.7716,0.0151
dpmpp2m,16,4,3,0.0138,0.0003,knn,knn,10000,60000,0.6414,0.0012,0.6500,0.0013,0.6455,0.0012,0.2314,0.0166,0.0285,0.0042,0.0507,0.0069,0.3503,0.0038
dpmpp2m,16,4,3,0.0138,0.0003,altered_knn,altered_knn,10000,40000,0.8332,0.0023,0.8439,0.0025,0.8466,0.0021,0.0428,0.0056,0.0644,0.0194,0.0509,0.0106,0.4474,0.0046
dpmpp2m,16,4,3,0.0138,0.0003,quadratic,quadratic,10000,60000,0.9622,0.0031,0.9700,0.0031,0.9663,0.0031,0.8934,0.0025,0.4067,0.0009,0.5589,0.0004,0.7645,0.0015
dpmpp2m,16,4,3,0.0138,0.0003,polar3,polar,10000,60000,0.9731,0.0030,0.9783,0.0030,0.9790,0.0025,0.5466,0.0429,0.6004,0.0014,0.5714,0.0243,0.7749,0.0135
dpmpp2m,16,4,3,0.0138,0.0003,knn,knn,15000,90000,0.6448,0.0021,0.6534,0.0021,0.6489,0.0020,0.2452,0.0145,0.0281,0.0029,0.0504,0.0049,0.3519,0.0032
dpmpp2m,16,4,3,0.0138,0.0003,altered_knn,altered_knn,15000,60000,0.8196,0.0178,0.8291,0.0193,0.8446,0.0044,0.0415,0.0062,0.1362,0.0780,0.0583,0.0002,0.4437,0.0097
dpmpp2m,16,4,3,0.0138,0.0003,quadratic,quadratic,15000,90000,0.9627,0.0029,0.9705,0.0029,0.9667,0.0030,0.8965,0.0018,0.4080,0.0001,0.5608,0.0003,0.7656,0.0016
dpmpp2m,16,4,3,0.0138,0.0003,polar3,polar,15000,90000,0.9739,0.0028,0.9791,0.0028,0.9797,0.0023,0.5471,0.0402,0.6014,0.0004,0.5721,0.0224,0.7756,0.0125
dpmpp2m,16,4,3,0.0138,0.0003,knn,knn,20000,120000,0.6490,0.0037,0.6577,0.0038,0.6533,0.0038,0.2536,0.0164,0.0262,0.0048,0.0475,0.0082,0.3526,0.0051
dpmpp2m,16,4,3,0.0138,0.0003,altered_knn,altered_knn,20000,80000,0.8055,0.0272,0.8142,0.0291,0.8420,0.0087,0.0330,0.0031,0.1834,0.1010,0.0534,0.0022,0.4338,0.0141
dpmpp2m,16,4,3,0.0138,0.0003,quadratic,quadratic,20000,120000,0.9631,0.0028,0.9709,0.0028,0.9672,0.0029,0.9013,0.0025,0.4071,0.0048,0.5609,0.0046,0.7659,0.0018
dpmpp2m,16,4,3,0.0138,0.0003,polar3,polar,20000,120000,0.9750,0.0022,0.9802,0.0023,0.9806,0.0020,0.5626,0.0243,0.6024,0.0014,0.5815,0.0127,0.7808,0.0074
dpmpp2m,16,8,3,0.0146,0.0002,knn,knn,2000,24000,0.4921,0.0026,0.4983,0.0027,0.4962,0.0024,0.1114,0.0159,0.0776,0.0027,0.0907,0.0040,0.2945,0.0030
dpmpp2m,16,8,3,0.0146,0.0002,altered_knn,altered_knn,2000,16000,0.7657,0.0146,0.7753,0.0162,0.7831,0.0034,0.0590,0.0123,0.1146,0.0877,0.0628,0.0077,0.4191,0.0053
dpmpp2m,16,8,3,0.0146,0.0002,quadratic,quadratic,2000,24000,0.9192,0.0046,0.9261,0.0049,0.9235,0.0047,0.7092,0.0090,0.4512,0.0082,0.5514,0.0033,0.7388,0.0008
dpmpp2m,16,8,3,0.0146,0.0002,polar3,polar,2000,24000,0.9373,0.0028,0.9434,0.0029,0.9414,0.0028,0.7044,0.0115,0.5227,0.0086,0.6001,0.0078,0.7718,0.0044
dpmpp2m,16,8,3,0.0146,0.0002,knn,knn,5000,60000,0.5071,0.0035,0.5136,0.0036,0.5114,0.0034,0.1189,0.0083,0.0727,0.0008,0.0901,0.0030,0.3019,0.0032
dpmpp2m,16,8,3,0.0146,0.0002,altered_knn,altered_knn,5000,40000,0.7650,0.0200,0.7743,0.0221,0.7880,0.0038,0.0513,0.0114,0.1429,0.1168,0.0603,0.0062,0.4173,0.0088
dpmpp2m,16,8,3,0.0146,0.0002,quadratic,quadratic,5000,60000,0.9275,0.0050,0.9346,0.0052,0.9318,0.0050,0.7368,0.0137,0.4555,0.0048,0.5629,0.0008,0.7487,0.0029
dpmpp2m,16,8,3,0.0146,0.0002,polar3,polar,5000,60000,0.9522,0.0027,0.9586,0.0028,0.9563,0.0028,0.7568,0.0070,0.5220,0.0075,0.6178,0.0071,0.7882,0.0029
dpmpp2m,16,8,3,0.0146,0.0002,knn,knn,10000,120000,0.5203,0.0039,0.5270,0.0040,0.5246,0.0036,0.1333,0.0086,0.0706,0.0006,0.0922,0.0026,0.3096,0.0033
dpmpp2m,16,8,3,0.0146,0.0002,altered_knn,altered_knn,10000,80000,0.7778,0.0036,0.7884,0.0038,0.7903,0.0035,0.0523,0.0064,0.0661,0.0335,0.0516,0.0143,0.4200,0.0065
dpmpp2m,16,8,3,0.0146,0.0002,quadratic,quadratic,10000,120000,0.9297,0.0051,0.9367,0.0053,0.9339,0.0051,0.7462,0.0128,0.4567,0.0071,0.5665,0.0042,0.7516,0.0036
dpmpp2m,16,8,3,0.0146,0.0002,polar3,polar,10000,120000,0.9567,0.0028,0.9631,0.0030,0.9607,0.0029,0.7813,0.0050,0.5227,0.0100,0.6263,0.0084,0.7947,0.0030
dpmpp2m,16,8,3,0.0146,0.0002,knn,knn,15000,180000,0.5270,0.0043,0.5338,0.0045,0.5312,0.0041,0.1442,0.0056,0.0691,0.0021,0.0934,0.0014,0.3136,0.0024
dpmpp2m,16,8,3,0.0146,0.0002,altered_knn,altered_knn,15000,120000,0.7709,0.0157,0.7806,0.0174,0.7907,0.0024,0.0485,0.0066,0.1167,0.1055,0.0542,0.0122,0.4174,0.0026
dpmpp2m,16,8,3,0.0146,0.0002,quadratic,quadratic,15000,180000,0.9307,0.0052,0.9377,0.0053,0.9348,0.0052,0.7552,0.0141,0.4565,0.0060,0.5689,0.0041,0.7533,0.0043
dpmpp2m,16,8,3,0.0146,0.0002,polar3,polar,15000,180000,0.9586,0.0032,0.9651,0.0034,0.9625,0.0033,0.7984,0.0032,0.5228,0.0095,0.6318,0.0075,0.7984,0.0026
dpmpp2m,16,8,3,0.0146,0.0002,knn,knn,20000,240000,0.5322,0.0043,0.5391,0.0045,0.5365,0.0042,0.1536,0.0047,0.0703,0.0040,0.0964,0.0042,0.3177,0.0009
dpmpp2m,16,8,3,0.0146,0.0002,altered_knn,altered_knn,20000,160000,0.7731,0.0090,0.7828,0.0105,0.7917,0.0012,0.0468,0.0025,0.1181,0.0884,0.0596,0.0126,0.4212,0.0012
dpmpp2m,16,8,3,0.0146,0.0002,quadratic,quadratic,20000,240000,0.9334,0.0053,0.9406,0.0055,0.9374,0.0054,0.7923,0.0133,0.4447,0.0067,0.5696,0.0034,0.7551,0.0033
dpmpp2m,16,8,3,0.0146,0.0002,polar3,polar,20000,240000,0.9603,0.0034,0.9667,0.0036,0.9639,0.0035,0.8456,0.0032,0.5271,0.0080,0.6494,0.0070,0.8080,0.0024
dpmpp2m,16,16,3,0.0155,0.0001,knn,knn,2000,48000,0.3950,0.0022,0.3993,0.0022,0.3998,0.0017,0.0710,0.0052,0.1234,0.0035,0.0900,0.0043,0.2446,0.0032
dpmpp2m,16,16,3,0.0155,0.0001,altered_knn,altered_knn,2000,32000,0.7214,0.0060,0.7296,0.0072,0.7443,0.0026,0.0588,0.0067,0.1979,0.0670,0.0876,0.0026,0.4086,0.0046
dpmpp2m,16,16,3,0.0155,0.0001,quadratic,quadratic,2000,48000,0.9042,0.0044,0.9112,0.0044,0.9098,0.0045,0.5558,0.0020,0.4591,0.0043,0.5028,0.0018,0.7070,0.0030
dpmpp2m,16,16,3,0.0155,0.0001,polar3,polar,2000,48000,0.9288,0.0027,0.9359,0.0026,0.9331,0.0027,0.7458,0.0122,0.4741,0.0056,0.5797,0.0067,0.7578,0.0046
dpmpp2m,16,16,3,0.0155,0.0001,knn,knn,5000,120000,0.4162,0.0051,0.4209,0.0052,0.4212,0.0051,0.0811,0.0047,0.1219,0.0023,0.0973,0.0027,0.2591,0.0031
dpmpp2m,16,16,3,0.0155,0.0001,altered_knn,altered_knn,5000,80000,0.7151,0.0257,0.7231,0.0291,0.7442,0.0010,0.0498,0.0061,0.2025,0.1924,0.0632,0.0141,0.3932,0.0107
dpmpp2m,16,16,3,0.0155,0.0001,quadratic,quadratic,5000,120000,0.9117,0.0049,0.9188,0.0049,0.9172,0.0049,0.5760,0.0013,0.4652,0.0045,0.5147,0.0032,0.7167,0.0040
dpmpp2m,16,16,3,0.0155,0.0001,polar3,polar,5000,120000,0.9423,0.0024,0.9497,0.0024,0.9466,0.0024,0.7970,0.0121,0.4703,0.0063,0.5915,0.0053,0.7706,0.0037
dpmpp2m,16,16,3,0.0155,0.0001,knn,knn,10000,240000,0.4331,0.0043,0.4381,0.0043,0.4380,0.0042,0.0908,0.0042,0.1161,0.0008,0.1018,0.0026,0.2700,0.0026
dpmpp2m,16,16,3,0.0155,0.0001,altered_knn,altered_knn,10000,160000,0.7354,0.0030,0.7453,0.0031,0.7497,0.0027,0.0587,0.0022,0.1046,0.0126,0.0751,0.0049,0.4102,0.0023
dpmpp2m,16,16,3,0.0155,0.0001,quadratic,quadratic,10000,240000,0.9177,0.0051,0.9249,0.0051,0.9227,0.0051,0.6355,0.0012,0.4557,0.0043,0.5308,0.0034,0.7279,0.0042
dpmpp2m,16,16,3,0.0155,0.0001,polar3,polar,10000,240000,0.9484,0.0019,0.9559,0.0018,0.9526,0.0018,0.8259,0.0111,0.4724,0.0068,0.6010,0.0065,0.7784,0.0041
dpmpp2m,16,16,3,0.0155,0.0001,knn,knn,15000,360000,0.4423,0.0038,0.4475,0.0039,0.4474,0.0037,0.0960,0.0035,0.1174,0.0027,0.1055,0.0023,0.2765,0.0019
dpmpp2m,16,16,3,0.0155,0.0001,altered_knn,altered_knn,15000,240000,0.7321,0.0054,0.7416,0.0065,0.7513,0.0031,0.0513,0.0040,0.1316,0.0677,0.0665,0.0140,0.4040,0.0039
dpmpp2m,16,16,3,0.0155,0.0001,quadratic,quadratic,15000,360000,0.9272,0.0050,0.9350,0.0050,0.9318,0.0050,0.7402,0.0020,0.4311,0.0041,0.5448,0.0034,0.7399,0.0041
dpmpp2m,16,16,3,0.0155,0.0001,polar3,polar,15000,360000,0.9520,0.0014,0.9594,0.0013,0.9561,0.0014,0.8440,0.0054,0.4803,0.0059,0.6122,0.0057,0.7858,0.0035
dpmpp2m,16,16,3,0.0155,0.0001,knn,knn,20000,480000,0.4483,0.0035,0.4535,0.0036,0.4535,0.0035,0.0965,0.0018,0.1161,0.0043,0.1054,0.0028,0.2794,0.0019
dpmpp2m,16,16,3,0.0155,0.0001,altered_knn,altered_knn,20000,320000,0.7188,0.0279,0.7264,0.0306,0.7499,0.0064,0.0551,0.0103,0.2332,0.1515,0.0803,0.0039,0.4034,0.0172
dpmpp2m,16,16,3,0.0155,0.0001,quadratic,quadratic,20000,480000,0.9326,0.0048,0.9407,0.0048,0.9371,0.0048,0.7904,0.0042,0.4212,0.0036,0.5495,0.0029,0.7451,0.0038
dpmpp2m,16,16,3,0.0155,0.0001,polar3,polar,20000,480000,0.9534,0.0014,0.9607,0.0012,0.9574,0.0013,0.8494,0.0035,0.4847,0.0079,0.6172,0.0069,0.7890,0.0040
dpmpp2m,32,2,3,0.0154,0.0007,knn,knn,2000,6000,0.7394,0.0044,0.7509,0.0045,0.7446,0.0045,0.1353,0.0204,0.0045,0.0003,0.0088,0.0006,0.3798,0.0024
dpmpp2m,32,2,3,0.0154,0.0007,altered_knn,altered_knn,2000,4000,0.7244,0.1320,0.7304,0.1372,0.8080,0.0817,0.0260,0.0038,0.3360,0.2067,0.0467,0.0052,0.3885,0.0705
dpmpp2m,32,2,3,0.0154,0.0007,quadratic,quadratic,2000,6000,0.9537,0.0005,0.9641,0.0008,0.9601,0.0006,0.6295,0.0115,0.2880,0.0065,0.3951,0.0043,0.6796,0.0018
dpmpp2m,32,2,3,0.0154,0.0007,polar3,polar,2000,6000,0.9631,0.0009,0.9710,0.0007,0.9672,0.0008,0.9199,0.0029,0.4546,0.0137,0.6083,0.0120,0.7897,0.0063
dpmpp2m,32,2,3,0.0154,0.0007,knn,knn,5000,15000,0.7506,0.0049,0.7623,0.0049,0.7559,0.0050,0.1734,0.0426,0.0042,0.0010,0.0081,0.0020,0.3852,0.0029
dpmpp2m,32,2,3,0.0154,0.0007,altered_knn,altered_knn,5000,10000,0.7145,0.1044,0.7197,0.1090,0.8136,0.0626,0.0250,0.0038,0.3857,0.1748,0.0456,0.0041,0.3826,0.0561
dpmpp2m,32,2,3,0.0154,0.0007,quadratic,quadratic,5000,15000,0.9680,0.0003,0.9791,0.0003,0.9739,0.0001,0.8140,0.0121,0.2590,0.0050,0.3929,0.0045,0.6860,0.0021
dpmpp2m,32,2,3,0.0154,0.0007,polar3,polar,5000,15000,0.9814,0.0003,0.9882,0.0005,0.9848,0.0003,0.9767,0.0027,0.5457,0.0214,0.6999,0.0169,0.8441,0.0082
dpmpp2m,32,2,3,0.0154,0.0007,knn,knn,10000,30000,0.7555,0.0030,0.7673,0.0025,0.7606,0.0028,0.1889,0.0717,0.0032,0.0004,0.0063,0.0008,0.3868,0.0010
dpmpp2m,32,2,3,0.0154,0.0007,altered_knn,altered_knn,10000,20000,0.8534,0.0180,0.8647,0.0198,0.8895,0.0049,0.0261,0.0051,0.1322,0.0745,0.0416,0.0134,0.4532,0.0032
dpmpp2m,32,2,3,0.0154,0.0007,quadratic,quadratic,10000,30000,0.9747,0.0004,0.9860,0.0003,0.9805,0.0002,0.8627,0.0006,0.2533,0.0066,0.3915,0.0078,0.6887,0.0038
dpmpp2m,32,2,3,0.0154,0.0007,polar3,polar,10000,30000,0.9883,0.0005,0.9943,0.0005,0.9913,0.0003,0.9843,0.0047,0.6116,0.0279,0.7541,0.0222,0.8742,0.0110
dpmpp2m,32,2,3,0.0154,0.0007,knn,knn,15000,45000,0.7602,0.0018,0.7721,0.0015,0.7653,0.0017,0.1534,0.0634,0.0030,0.0015,0.0059,0.0029,0.3890,0.0020
dpmpp2m,32,2,3,0.0154,0.0007,altered_knn,altered_knn,15000,30000,0.8506,0.0018,0.8616,0.0017,0.8902,0.0011,0.0289,0.0022,0.1471,0.0063,0.0483,0.0035,0.4549,0.0017
dpmpp2m,32,2,3,0.0154,0.0007,quadratic,quadratic,15000,45000,0.9769,0.0006,0.9883,0.0004,0.9828,0.0003,0.8764,0.0104,0.2522,0.0116,0.3916,0.0147,0.6899,0.0073
dpmpp2m,32,2,3,0.0154,0.0007,polar3,polar,15000,45000,0.9894,0.0004,0.9951,0.0007,0.9923,0.0005,0.9867,0.0008,0.6267,0.0226,0.7663,0.0169,0.8807,0.0082
dpmpp2m,32,2,3,0.0154,0.0007,knn,knn,20000,60000,0.7629,0.0020,0.7748,0.0016,0.7682,0.0018,0.1864,0.0403,0.0028,0.0007,0.0055,0.0013,0.3901,0.0009
dpmpp2m,32,2,3,0.0154,0.0007,altered_knn,altered_knn,20000,40000,0.7986,0.0502,0.8065,0.0529,0.8680,0.0242,0.0286,0.0011,0.2892,0.1266,0.0511,0.0030,0.4288,0.0250
dpmpp2m,32,2,3,0.0154,0.0007,quadratic,quadratic,20000,60000,0.9783,0.0006,0.9897,0.0001,0.9841,0.0003,0.8898,0.0031,0.2504,0.0065,0.3908,0.0077,0.6902,0.0039
dpmpp2m,32,2,3,0.0154,0.0007,polar3,polar,20000,60000,0.9899,0.0007,0.9955,0.0006,0.9927,0.0006,0.9885,0.0015,0.6341,0.0192,0.7724,0.0137,0.8840,0.0068
dpmpp2m,32,4,3,0.0152,0.0004,knn,knn,2000,12000,0.5610,0.0021,0.5695,0.0023,0.5645,0.0022,0.0947,0.0032,0.0144,0.0006,0.0250,0.0009,0.2973,0.0015
dpmpp2m,32,4,3,0.0152,0.0004,altered_knn,altered_knn,2000,8000,0.6688,0.1370,0.6739,0.1433,0.7434,0.0771,0.0342,0.0112,0.3459,0.2809,0.0423,0.0143,0.3581,0.0713
dpmpp2m,32,4,3,0.0152,0.0004,quadratic,quadratic,2000,12000,0.9241,0.0016,0.9333,0.0015,0.9296,0.0015,0.6631,0.0050,0.3278,0.0073,0.4387,0.0075,0.6860,0.0044
dpmpp2m,32,4,3,0.0152,0.0004,polar3,polar,2000,12000,0.9305,0.0025,0.9373,0.0027,0.9338,0.0027,0.9409,0.0157,0.4909,0.0045,0.6452,0.0070,0.7912,0.0022
dpmpp2m,32,4,3,0.0152,0.0004,knn,knn,5000,30000,0.5772,0.0013,0.5860,0.0012,0.5813,0.0014,0.0975,0.0175,0.0104,0.0016,0.0188,0.0028,0.3024,0.0018
dpmpp2m,32,4,3,0.0152,0.0004,altered_knn,altered_knn,5000,20000,0.8093,0.0011,0.8208,0.0010,0.8226,0.0009,0.0516,0.0012,0.0664,0.0019,0.0581,0.0015,0.4395,0.0006
dpmpp2m,32,4,3,0.0152,0.0004,quadratic,quadratic,5000,30000,0.9481,0.0006,0.9578,0.0008,0.9533,0.0007,0.8008,0.0091,0.3222,0.0076,0.4595,0.0091,0.7087,0.0049
dpmpp2m,32,4,3,0.0152,0.0004,polar3,polar,5000,30000,0.9617,0.0012,0.9680,0.0013,0.9647,0.0012,0.9802,0.0056,0.5509,0.0047,0.7053,0.0027,0.8367,0.0017
dpmpp2m,32,4,3,0.0152,0.0004,knn,knn,10000,60000,0.5858,0.0033,0.5947,0.0031,0.5896,0.0032,0.1152,0.0168,0.0114,0.0019,0.0208,0.0034,0.3077,0.0030
dpmpp2m,32,4,3,0.0152,0.0004,altered_knn,altered_knn,10000,40000,0.7986,0.0195,0.8088,0.0215,0.8254,0.0035,0.0444,0.0074,0.1422,0.0941,0.0584,0.0067,0.4336,0.0093
dpmpp2m,32,4,3,0.0152,0.0004,quadratic,quadratic,10000,60000,0.9590,0.0011,0.9688,0.0012,0.9642,0.0011,0.8421,0.0086,0.3251,0.0029,0.4691,0.0021,0.7189,0.0016
dpmpp2m,32,4,3,0.0152,0.0004,polar3,polar,10000,60000,0.9726,0.0022,0.9787,0.0023,0.9756,0.0023,0.9847,0.0022,0.5760,0.0054,0.7269,0.0038,0.8528,0.0030
dpmpp2m,32,4,3,0.0152,0.0004,knn,knn,15000,90000,0.5925,0.0041,0.6015,0.0040,0.5963,0.0040,0.1251,0.0083,0.0113,0.0011,0.0207,0.0019,0.3111,0.0021
dpmpp2m,32,4,3,0.0152,0.0004,altered_knn,altered_knn,15000,60000,0.8052,0.0234,0.8159,0.0257,0.8279,0.0045,0.0509,0.0120,0.1156,0.1215,0.0476,0.0129,0.4318,0.0065
dpmpp2m,32,4,3,0.0152,0.0004,quadratic,quadratic,15000,90000,0.9630,0.0012,0.9728,0.0013,0.9682,0.0013,0.8521,0.0118,0.3258,0.0006,0.4714,0.0012,0.7221,0.0008
dpmpp2m,32,4,3,0.0152,0.0004,polar3,polar,15000,90000,0.9750,0.0023,0.9811,0.0024,0.9780,0.0024,0.9857,0.0023,0.5793,0.0031,0.7297,0.0019,0.8554,0.0021
dpmpp2m,32,4,3,0.0152,0.0004,knn,knn,20000,120000,0.5966,0.0021,0.6057,0.0019,0.6005,0.0019,0.1286,0.0197,0.0096,0.0008,0.0179,0.0016,0.3118,0.0015
dpmpp2m,32,4,3,0.0152,0.0004,altered_knn,altered_knn,20000,80000,0.8157,0.0055,0.8270,0.0058,0.8327,0.0012,0.0456,0.0021,0.0837,0.0374,0.0555,0.0094,0.4412,0.0023
dpmpp2m,32,4,3,0.0152,0.0004,quadratic,quadratic,20000,120000,0.9648,0.0013,0.9748,0.0013,0.9701,0.0013,0.8647,0.0108,0.3223,0.0014,0.4696,0.0014,0.7222,0.0012
dpmpp2m,32,4,3,0.0152,0.0004,polar3,polar,20000,120000,0.9749,0.0018,0.9810,0.0020,0.9779,0.0019,0.9858,0.0025,0.5814,0.0017,0.7314,0.0020,0.8562,0.0008
dpmpp2m,32,8,3,0.0154,0.0002,knn,knn,2000,24000,0.4259,0.0030,0.4321,0.0031,0.4289,0.0031,0.0698,0.0014,0.0324,0.0018,0.0442,0.0015,0.2382,0.0016
dpmpp2m,32,8,3,0.0154,0.0002,altered_knn,altered_knn,2000,16000,0.7345,0.0033,0.7442,0.0035,0.7524,0.0026,0.0466,0.0014,0.1142,0.0134,0.0661,0.0029,0.4051,0.0021
dpmpp2m,32,8,3,0.0154,0.0002,quadratic,quadratic,2000,24000,0.8928,0.0026,0.9008,0.0027,0.8983,0.0027,0.5821,0.0055,0.3794,0.0025,0.4594,0.0011,0.6801,0.0019
dpmpp2m,32,8,3,0.0154,0.0002,polar3,polar,2000,24000,0.9180,0.0055,0.9248,0.0057,0.9212,0.0056,0.9447,0.0068,0.4835,0.0015,0.6396,0.0005,0.7822,0.0030
dpmpp2m,32,8,3,0.0154,0.0002,knn,knn,5000,60000,0.4412,0.0033,0.4476,0.0034,0.4443,0.0035,0.0843,0.0015,0.0329,0.0003,0.0473,0.0002,0.2475,0.0017
dpmpp2m,32,8,3,0.0154,0.0002,altered_knn,altered_knn,5000,40000,0.7176,0.0583,0.7251,0.0629,0.7577,0.0165,0.0574,0.0189,0.2362,0.2353,0.0663,0.0049,0.3957,0.0339
dpmpp2m,32,8,3,0.0154,0.0002,quadratic,quadratic,5000,60000,0.9232,0.0037,0.9316,0.0037,0.9284,0.0037,0.6840,0.0041,0.3867,0.0093,0.4940,0.0082,0.7128,0.0059
dpmpp2m,32,8,3,0.0154,0.0002,polar3,polar,5000,60000,0.9484,0.0069,0.9554,0.0070,0.9517,0.0070,0.9777,0.0032,0.5042,0.0072,0.6652,0.0061,0.8103,0.0055
dpmpp2m,32,8,3,0.0154,0.0002,knn,knn,10000,120000,0.4546,0.0007,0.4613,0.0008,0.4580,0.0008,0.0819,0.0037,0.0259,0.0022,0.0393,0.0029,0.2503,0.0014
dpmpp2m,32,8,3,0.0154,0.0002,altered_knn,altered_knn,10000,80000,0.7664,0.0013,0.7771,0.0012,0.7778,0.0019,0.0662,0.0014,0.0757,0.0084,0.0703,0.0033,0.4237,0.0022
dpmpp2m,32,8,3,0.0154,0.0002,quadratic,quadratic,10000,120000,0.9348,0.0044,0.9434,0.0044,0.9399,0.0044,0.7204,0.0088,0.3857,0.0076,0.5024,0.0079,0.7229,0.0062
dpmpp2m,32,8,3,0.0154,0.0002,polar3,polar,10000,120000,0.9574,0.0081,0.9643,0.0082,0.9607,0.0081,0.9848,0.0010,0.5125,0.0068,0.6742,0.0061,0.8192,0.0068
dpmpp2m,32,8,3,0.0154,0.0002,knn,knn,15000,180000,0.4592,0.0014,0.4660,0.0015,0.4625,0.0016,0.0946,0.0116,0.0282,0.0036,0.0435,0.0054,0.2547,0.0028
dpmpp2m,32,8,3,0.0154,0.0002,altered_knn,altered_knn,15000,120000,0.7632,0.0061,0.7733,0.0072,0.7799,0.0018,0.0586,0.0053,0.1175,0.0647,0.0717,0.0097,0.4225,0.0033
dpmpp2m,32,8,3,0.0154,0.0002,quadratic,quadratic,15000,180000,0.9388,0.0049,0.9474,0.0050,0.9439,0.0049,0.7383,0.0121,0.3865,0.0072,0.5074,0.0084,0.7274,0.0066
dpmpp2m,32,8,3,0.0154,0.0002,polar3,polar,15000,180000,0.9580,0.0096,0.9649,0.0098,0.9613,0.0097,0.9863,0.0008,0.5137,0.0067,0.6755,0.0059,0.8202,0.0073
dpmpp2m,32,8,3,0.0154,0.0002,knn,knn,20000,240000,0.4619,0.0034,0.4687,0.0035,0.4650,0.0037,0.0931,0.0033,0.0265,0.0006,0.0413,0.0007,0.2550,0.0021
dpmpp2m,32,8,3,0.0154,0.0002,altered_knn,altered_knn,20000,160000,0.7557,0.0006,0.7645,0.0008,0.7801,0.0022,0.0529,0.0008,0.1895,0.0176,0.0826,0.0008,0.4235,0.0002
dpmpp2m,32,8,3,0.0154,0.0002,quadratic,quadratic,20000,240000,0.9430,0.0047,0.9519,0.0047,0.9479,0.0047,0.7948,0.0063,0.3720,0.0086,0.5067,0.0093,0.7293,0.0070
dpmpp2m,32,8,3,0.0154,0.0002,polar3,polar,20000,240000,0.9588,0.0083,0.9657,0.0084,0.9621,0.0083,0.9845,0.0005,0.5162,0.0049,0.6772,0.0041,0.8215,0.0058
dpmpp2m,32,16,3,0.0162,0.0006,knn,knn,2000,48000,0.3226,0.0034,0.3270,0.0036,0.3244,0.0034,0.0595,0.0008,0.0575,0.0016,0.0585,0.0010,0.1927,0.0016
dpmpp2m,32,16,3,0.0162,0.0006,altered_knn,altered_knn,2000,32000,0.6985,0.0054,0.7083,0.0064,0.7114,0.0022,0.0673,0.0063,0.1033,0.0380,0.0777,0.0058,0.3930,0.0008
dpmpp2m,32,16,3,0.0162,0.0006,quadratic,quadratic,2000,48000,0.8708,0.0014,0.8783,0.0018,0.8772,0.0015,0.4740,0.0120,0.4126,0.0077,0.4410,0.0057,0.6597,0.0032
dpmpp2m,32,16,3,0.0162,0.0006,polar3,polar,2000,48000,0.9109,0.0014,0.9184,0.0018,0.9144,0.0016,0.9551,0.0059,0.4557,0.0112,0.6168,0.0092,0.7676,0.0037
dpmpp2m,32,16,3,0.0162,0.0006,knn,knn,5000,120000,0.3377,0.0031,0.3424,0.0033,0.3397,0.0031,0.0656,0.0018,0.0544,0.0015,0.0595,0.0016,0.2009,0.0024
dpmpp2m,32,16,3,0.0162,0.0006,altered_knn,altered_knn,5000,80000,0.7114,0.0041,0.7203,0.0051,0.7291,0.0032,0.0702,0.0055,0.1662,0.0724,0.0926,0.0106,0.4065,0.0035
dpmpp2m,32,16,3,0.0162,0.0006,quadratic,quadratic,5000,120000,0.9034,0.0025,0.9112,0.0029,0.9094,0.0026,0.5484,0.0130,0.4279,0.0072,0.4805,0.0053,0.6959,0.0031
dpmpp2m,32,16,3,0.0162,0.0006,polar3,polar,5000,120000,0.9351,0.0033,0.9430,0.0038,0.9388,0.0035,0.9725,0.0047,0.4532,0.0110,0.6181,0.0094,0.7806,0.0028
dpmpp2m,32,16,3,0.0162,0.0006,knn,knn,10000,240000,0.3496,0.0026,0.3546,0.0028,0.3519,0.0026,0.0715,0.0022,0.0492,0.0022,0.0583,0.0021,0.2064,0.0021
dpmpp2m,32,16,3,0.0162,0.0006,altered_knn,altered_knn,10000,160000,0.7207,0.0004,0.7307,0.0005,0.7339,0.0025,0.0726,0.0022,0.1104,0.0302,0.0854,0.0094,0.4081,0.0046
dpmpp2m,32,16,3,0.0162,0.0006,quadratic,quadratic,10000,240000,0.9196,0.0035,0.9279,0.0040,0.9251,0.0037,0.6461,0.0137,0.4169,0.0093,0.5067,0.0081,0.7173,0.0039
dpmpp2m,32,16,3,0.0162,0.0006,polar3,polar,10000,240000,0.9441,0.0029,0.9522,0.0034,0.9480,0.0031,0.9768,0.0037,0.4547,0.0123,0.6204,0.0108,0.7863,0.0037
dpmpp2m,32,16,3,0.0162,0.0006,knn,knn,15000,360000,0.3549,0.0030,0.3600,0.0033,0.3572,0.0029,0.0743,0.0009,0.0492,0.0025,0.0592,0.0019,0.2096,0.0009
dpmpp2m,32,16,3,0.0162,0.0006,altered_knn,altered_knn,15000,240000,0.7202,0.0032,0.7299,0.0040,0.7356,0.0030,0.0712,0.0078,0.1285,0.0714,0.0784,0.0246,0.4042,0.0104
dpmpp2m,32,16,3,0.0162,0.0006,quadratic,quadratic,15000,360000,0.9317,0.0035,0.9409,0.0040,0.9367,0.0037,0.8004,0.0145,0.3804,0.0105,0.5156,0.0100,0.7282,0.0039
dpmpp2m,32,16,3,0.0162,0.0006,polar3,polar,15000,360000,0.9471,0.0020,0.9551,0.0025,0.9509,0.0022,0.9804,0.0032,0.4608,0.0112,0.6268,0.0097,0.7910,0.0037
dpmpp2m,32,16,3,0.0162,0.0006,knn,knn,20000,480000,0.3592,0.0036,0.3644,0.0038,0.3617,0.0035,0.0770,0.0014,0.0480,0.0016,0.0591,0.0014,0.2117,0.0014
dpmpp2m,32,16,3,0.0162,0.0006,altered_knn,altered_knn,20000,320000,0.7131,0.0095,0.7218,0.0111,0.7356,0.0026,0.0600,0.0052,0.1834,0.1008,0.0838,0.0071,0.4028,0.0039
dpmpp2m,32,16,3,0.0162,0.0006,quadratic,quadratic,20000,480000,0.9389,0.0031,0.9483,0.0036,0.9437,0.0034,0.8692,0.0102,0.3677,0.0095,0.5167,0.0092,0.7325,0.0033
dpmpp2m,32,16,3,0.0162,0.0006,polar3,polar,20000,480000,0.9493,0.0031,0.9572,0.0035,0.9532,0.0033,0.9381,0.0124,0.4758,0.0117,0.6312,0.0077,0.7942,0.0022
dpmpp2m,64,2,3,0.0177,0.0004,knn,knn,2000,6000,0.6954,0.0036,0.7079,0.0034,0.7007,0.0037,0.0884,0.0250,0.0039,0.0012,0.0075,0.0022,0.3577,0.0018
dpmpp2m,64,2,3,0.0177,0.0004,altered_knn,altered_knn,2000,4000,0.7722,0.0062,0.7824,0.0068,0.8297,0.0034,0.0280,0.0014,0.2059,0.0231,0.0492,0.0027,0.4158,0.0028
dpmpp2m,64,2,3,0.0177,0.0004,quadratic,quadratic,2000,6000,0.6720,0.0069,0.6782,0.0074,0.7462,0.0058,0.0297,0.0006,0.3300,0.0115,0.0544,0.0009,0.3663,0.0040
dpmpp2m,64,2,3,0.0177,0.0004,polar3,polar,2000,6000,0.9452,0.0026,0.9558,0.0031,0.9508,0.0028,0.8630,0.0125,0.3585,0.0156,0.5062,0.0140,0.7310,0.0055
dpmpp2m,64,2,3,0.0177,0.0004,knn,knn,5000,15000,0.7071,0.0019,0.7198,0.0017,0.7127,0.0019,0.0959,0.0060,0.0028,0.0001,0.0055,0.0001,0.3626,0.0009
dpmpp2m,64,2,3,0.0177,0.0004,altered_knn,altered_knn,5000,10000,0.7810,0.0015,0.7908,0.0016,0.8410,0.0009,0.0312,0.0020,0.2376,0.0077,0.0551,0.0033,0.4229,0.0025
dpmpp2m,64,2,3,0.0177,0.0004,quadratic,quadratic,5000,15000,0.9255,0.0011,0.9370,0.0012,0.9366,0.0010,0.3002,0.0116,0.2834,0.0145,0.2915,0.0123,0.6143,0.0065
dpmpp2m,64,2,3,0.0177,0.0004,polar3,polar,5000,15000,0.9656,0.0008,0.9752,0.0006,0.9703,0.0007,0.9829,0.0046,0.4309,0.0159,0.5989,0.0149,0.7871,0.0076
dpmpp2m,64,2,3,0.0177,0.0004,knn,knn,10000,30000,0.7151,0.0006,0.7280,0.0003,0.7205,0.0005,0.0446,0.0318,0.0009,0.0007,0.0018,0.0014,0.3649,0.0007
dpmpp2m,64,2,3,0.0177,0.0004,altered_knn,altered_knn,10000,20000,0.7458,0.0653,0.7538,0.0684,0.8269,0.0351,0.0281,0.0017,0.2989,0.1093,0.0507,0.0016,0.4022,0.0349
dpmpp2m,64,2,3,0.0177,0.0004,quadratic,quadratic,10000,30000,0.9527,0.0004,0.9651,0.0004,0.9606,0.0004,0.5551,0.0054,0.2664,0.0071,0.3599,0.0066,0.6625,0.0033
dpmpp2m,64,2,3,0.0177,0.0004,polar3,polar,10000,30000,0.9787,0.0006,0.9871,0.0002,0.9829,0.0004,0.9927,0.0004,0.5119,0.0170,0.6753,0.0148,0.8312,0.0075
dpmpp2m,64,2,3,0.0177,0.0004,knn,knn,15000,45000,0.7189,0.0009,0.7318,0.0007,0.7244,0.0010,0.0806,0.0142,0.0017,0.0004,0.0033,0.0008,0.3676,0.0001
dpmpp2m,64,2,3,0.0177,0.0004,altered_knn,altered_knn,15000,30000,0.6694,0.1344,0.6744,0.1404,0.7751,0.0889,0.0256,0.0032,0.3963,0.1965,0.0465,0.0035,0.3604,0.0718
dpmpp2m,64,2,3,0.0177,0.0004,quadratic,quadratic,15000,45000,0.9602,0.0004,0.9730,0.0004,0.9677,0.0004,0.6507,0.0075,0.2515,0.0084,0.3627,0.0099,0.6679,0.0050
dpmpp2m,64,2,3,0.0177,0.0004,polar3,polar,15000,45000,0.9831,0.0005,0.9911,0.0001,0.9870,0.0003,0.9965,0.0013,0.5409,0.0169,0.7010,0.0141,0.8461,0.0071
dpmpp2m,64,2,3,0.0177,0.0004,knn,knn,20000,60000,0.7212,0.0018,0.7342,0.0018,0.7268,0.0019,0.0945,0.0166,0.0017,0.0005,0.0033,0.0009,0.3688,0.0013
dpmpp2m,64,2,3,0.0177,0.0004,altered_knn,altered_knn,20000,40000,0.8209,0.0009,0.8326,0.0008,0.8675,0.0007,0.0312,0.0022,0.1706,0.0100,0.0528,0.0036,0.4427,0.0018
dpmpp2m,64,2,3,0.0177,0.0004,quadratic,quadratic,20000,60000,0.9627,0.0007,0.9757,0.0004,0.9700,0.0006,0.6838,0.0147,0.2413,0.0118,0.3566,0.0149,0.6662,0.0077
dpmpp2m,64,2,3,0.0177,0.0004,polar3,polar,20000,60000,0.9841,0.0012,0.9918,0.0007,0.9879,0.0009,0.9960,0.0007,0.5561,0.0203,0.7134,0.0167,0.8526,0.0087
dpmpp2m,64,4,3,0.0170,0.0005,knn,knn,2000,12000,0.5018,0.0016,0.5103,0.0015,0.5054,0.0014,0.0442,0.0085,0.0086,0.0017,0.0144,0.0028,0.2624,0.0009
dpmpp2m,64,4,3,0.0170,0.0005,altered_knn,altered_knn,2000,8000,0.7342,0.0133,0.7460,0.0149,0.7503,0.0015,0.0477,0.0131,0.0556,0.0631,0.0288,0.0147,0.3874,0.0010
dpmpp2m,64,4,3,0.0170,0.0005,quadratic,quadratic,2000,12000,0.7402,0.0012,0.7475,0.0010,0.7681,0.0012,0.0774,0.0022,0.3178,0.0074,0.1244,0.0028,0.4360,0.0009
dpmpp2m,64,4,3,0.0170,0.0005,polar3,polar,2000,12000,0.9184,0.0058,0.9273,0.0059,0.9227,0.0058,0.9671,0.0028,0.4008,0.0118,0.5666,0.0120,0.7470,0.0067
dpmpp2m,64,4,3,0.0170,0.0005,knn,knn,5000,30000,0.5178,0.0012,0.5267,0.0010,0.5216,0.0009,0.0528,0.0091,0.0079,0.0010,0.0138,0.0019,0.2702,0.0006
dpmpp2m,64,4,3,0.0170,0.0005,altered_knn,altered_knn,5000,20000,0.7515,0.0052,0.7631,0.0060,0.7732,0.0011,0.0340,0.0045,0.0824,0.0199,0.0469,0.0021,0.4050,0.0039
dpmpp2m,64,4,3,0.0170,0.0005,quadratic,quadratic,5000,30000,0.8928,0.0008,0.9029,0.0008,0.9011,0.0007,0.3998,0.0074,0.3106,0.0028,0.3496,0.0030,0.6262,0.0019
dpmpp2m,64,4,3,0.0170,0.0005,polar3,polar,5000,30000,0.9434,0.0014,0.9513,0.0018,0.9471,0.0016,0.9913,0.0022,0.4831,0.0132,0.6495,0.0115,0.8004,0.0050
dpmpp2m,64,4,3,0.0170,0.0005,knn,knn,10000,60000,0.5282,0.0012,0.5372,0.0011,0.5318,0.0008,0.0486,0.0099,0.0061,0.0015,0.0109,0.0026,0.2741,0.0012
dpmpp2m,64,4,3,0.0170,0.0005,altered_knn,altered_knn,10000,40000,0.7182,0.0540,0.7267,0.0574,0.7719,0.0198,0.0311,0.0048,0.2249,0.1386,0.0517,0.0048,0.3892,0.0300
dpmpp2m,64,4,3,0.0170,0.0005,quadratic,quadratic,10000,60000,0.9256,0.0008,0.9364,0.0008,0.9325,0.0008,0.5743,0.0108,0.3015,0.0040,0.3954,0.0060,0.6659,0.0032
dpmpp2m,64,4,3,0.0170,0.0005,polar3,polar,10000,60000,0.9646,0.0031,0.9720,0.0037,0.9681,0.0035,0.9958,0.0016,0.5370,0.0193,0.6976,0.0159,0.8348,0.0062
dpmpp2m,64,4,3,0.0170,0.0005,knn,knn,15000,90000,0.5330,0.0015,0.5421,0.0012,0.5366,0.0011,0.0534,0.0065,0.0059,0.0010,0.0106,0.0017,0.2764,0.0015
dpmpp2m,64,4,3,0.0170,0.0005,altered_knn,altered_knn,15000,60000,0.7158,0.0798,0.7242,0.0842,0.7712,0.0321,0.0333,0.0068,0.2228,0.1865,0.0504,0.0020,0.3873,0.0431
dpmpp2m,64,4,3,0.0170,0.0005,quadratic,quadratic,15000,90000,0.9379,0.0012,0.9489,0.0011,0.9446,0.0011,0.6289,0.0024,0.3042,0.0054,0.4100,0.0047,0.6795,0.0021
dpmpp2m,64,4,3,0.0170,0.0005,polar3,polar,15000,90000,0.9697,0.0022,0.9770,0.0025,0.9732,0.0023,0.9956,0.0006,0.5497,0.0173,0.7082,0.0141,0.8426,0.0066
dpmpp2m,64,4,3,0.0170,0.0005,knn,knn,20000,120000,0.5359,0.0024,0.5450,0.0023,0.5395,0.0021,0.0686,0.0050,0.0070,0.0003,0.0126,0.0006,0.2788,0.0009
dpmpp2m,64,4,3,0.0170,0.0005,altered_knn,altered_knn,20000,80000,0.7789,0.0090,0.7911,0.0098,0.7981,0.0014,0.0352,0.0013,0.0715,0.0489,0.0384,0.0203,0.4147,0.0056
dpmpp2m,64,4,3,0.0170,0.0005,quadratic,quadratic,20000,120000,0.9435,0.0011,0.9547,0.0010,0.9502,0.0010,0.6562,0.0070,0.2960,0.0058,0.4079,0.0051,0.6813,0.0027
dpmpp2m,64,4,3,0.0170,0.0005,polar3,polar,20000,120000,0.9708,0.0019,0.9780,0.0024,0.9742,0.0022,0.9958,0.0009,0.5566,0.0163,0.7139,0.0132,0.8459,0.0055
dpmpp2m,64,8,3,0.0177,0.0003,knn,knn,2000,24000,0.3600,0.0016,0.3661,0.0016,0.3626,0.0009,0.0413,0.0004,0.0207,0.0012,0.0276,0.0011,0.1969,0.0004
dpmpp2m,64,8,3,0.0177,0.0003,altered_knn,altered_knn,2000,16000,0.6622,0.0160,0.6728,0.0176,0.6825,0.0014,0.0373,0.0069,0.0805,0.0701,0.0389,0.0105,0.3559,0.0065
dpmpp2m,64,8,3,0.0177,0.0003,quadratic,quadratic,2000,24000,0.7246,0.0027,0.7320,0.0028,0.7417,0.0026,0.1279,0.0033,0.3153,0.0013,0.1820,0.0032,0.4570,0.0025
dpmpp2m,64,8,3,0.0177,0.0003,polar3,polar,2000,24000,0.8964,0.0034,0.9050,0.0033,0.9004,0.0033,0.9735,0.0036,0.4203,0.0007,0.5872,0.0013,0.7461,0.0019
dpmpp2m,64,8,3,0.0177,0.0003,knn,knn,5000,60000,0.3745,0.0023,0.3809,0.0022,0.3770,0.0016,0.0495,0.0047,0.0204,0.0022,0.0288,0.0030,0.2049,0.0026
dpmpp2m,64,8,3,0.0177,0.0003,altered_knn,altered_knn,5000,40000,0.6828,0.0227,0.6929,0.0251,0.7094,0.0016,0.0437,0.0097,0.1235,0.1043,0.0513,0.0066,0.3721,0.0116
dpmpp2m,64,8,3,0.0177,0.0003,quadratic,quadratic,5000,60000,0.8569,0.0009,0.8663,0.0008,0.8649,0.0009,0.4039,0.0032,0.3354,0.0037,0.3664,0.0018,0.6164,0.0007
dpmpp2m,64,8,3,0.0177,0.0003,polar3,polar,5000,60000,0.9351,0.0046,0.9433,0.0046,0.9390,0.0046,0.9899,0.0020,0.4774,0.0015,0.6442,0.0017,0.7938,0.0021
dpmpp2m,64,8,3,0.0177,0.0003,knn,knn,10000,120000,0.3868,0.0021,0.3935,0.0021,0.3898,0.0016,0.0493,0.0005,0.0176,0.0005,0.0259,0.0006,0.2097,0.0011
dpmpp2m,64,8,3,0.0177,0.0003,altered_knn,altered_knn,10000,80000,0.6934,0.0188,0.7030,0.0207,0.7265,0.0028,0.0394,0.0076,0.1640,0.0897,0.0571,0.0031,0.3800,0.0091
dpmpp2m,64,8,3,0.0177,0.0003,quadratic,quadratic,10000,120000,0.8970,0.0010,0.9070,0.0009,0.9041,0.0010,0.5271,0.0117,0.3409,0.0060,0.4140,0.0078,0.6605,0.0036
dpmpp2m,64,8,3,0.0177,0.0003,polar3,polar,10000,120000,0.9474,0.0032,0.9556,0.0032,0.9513,0.0032,0.9935,0.0013,0.4927,0.0014,0.6587,0.0011,0.8072,0.0019
dpmpp2m,64,8,3,0.0177,0.0003,knn,knn,15000,180000,0.3920,0.0023,0.3987,0.0023,0.3948,0.0018,0.0533,0.0025,0.0179,0.0010,0.0268,0.0014,0.2128,0.0008
dpmpp2m,64,8,3,0.0177,0.0003,altered_knn,altered_knn,15000,120000,0.6975,0.0117,0.7066,0.0128,0.7351,0.0015,0.0362,0.0040,0.1893,0.0589,0.0598,0.0056,0.3832,0.0063
dpmpp2m,64,8,3,0.0177,0.0003,quadratic,quadratic,15000,180000,0.9122,0.0013,0.9224,0.0012,0.9190,0.0013,0.5765,0.0100,0.3441,0.0026,0.4310,0.0048,0.6767,0.0019
dpmpp2m,64,8,3,0.0177,0.0003,polar3,polar,15000,180000,0.9524,0.0038,0.9607,0.0039,0.9563,0.0038,0.9940,0.0009,0.4942,0.0041,0.6602,0.0038,0.8104,0.0014
dpmpp2m,64,8,3,0.0177,0.0003,knn,knn,20000,240000,0.3966,0.0025,0.4034,0.0024,0.3996,0.0022,0.0584,0.0076,0.0187,0.0028,0.0284,0.0041,0.2159,0.0028
dpmpp2m,64,8,3,0.0177,0.0003,altered_knn,altered_knn,20000,160000,0.7171,0.0192,0.7276,0.0211,0.7418,0.0024,0.0496,0.0088,0.1305,0.0919,0.0619,0.0029,0.3948,0.0094
dpmpp2m,64,8,3,0.0177,0.0003,quadratic,quadratic,20000,240000,0.9232,0.0008,0.9340,0.0006,0.9296,0.0007,0.6639,0.0079,0.3266,0.0044,0.4378,0.0048,0.6859,0.0024
dpmpp2m,64,8,3,0.0177,0.0003,polar3,polar,20000,240000,0.9535,0.0041,0.9618,0.0042,0.9574,0.0042,0.9933,0.0012,0.4968,0.0030,0.6624,0.0028,0.8121,0.0011
dpmpp2m,64,16,3,0.0185,0.0004,knn,knn,2000,48000,0.2607,0.0011,0.2649,0.0011,0.2619,0.0009,0.0429,0.0009,0.0390,0.0004,0.0408,0.0005,0.1529,0.0008
dpmpp2m,64,16,3,0.0185,0.0004,altered_knn,altered_knn,2000,32000,0.6151,0.0077,0.6244,0.0096,0.6378,0.0036,0.0404,0.0057,0.1211,0.0800,0.0456,0.0211,0.3350,0.0058
dpmpp2m,64,16,3,0.0185,0.0004,quadratic,quadratic,2000,48000,0.7060,0.0009,0.7131,0.0010,0.7216,0.0008,0.1453,0.0033,0.3301,0.0055,0.2017,0.0026,0.4574,0.0015
dpmpp2m,64,16,3,0.0185,0.0004,polar3,polar,2000,48000,0.8842,0.0041,0.8927,0.0043,0.8881,0.0042,0.9761,0.0021,0.4322,0.0055,0.5991,0.0051,0.7459,0.0012
dpmpp2m,64,16,3,0.0185,0.0004,knn,knn,5000,120000,0.2739,0.0013,0.2784,0.0013,0.2751,0.0012,0.0433,0.0016,0.0347,0.0017,0.0385,0.0017,0.1585,0.0013
dpmpp2m,64,16,3,0.0185,0.0004,altered_knn,altered_knn,5000,80000,0.6485,0.0037,0.6586,0.0040,0.6693,0.0008,0.0421,0.0009,0.1149,0.0219,0.0612,0.0035,0.3599,0.0007
dpmpp2m,64,16,3,0.0185,0.0004,quadratic,quadratic,5000,120000,0.8326,0.0005,0.8412,0.0004,0.8420,0.0004,0.3388,0.0062,0.3737,0.0027,0.3554,0.0036,0.5983,0.0019
dpmpp2m,64,16,3,0.0185,0.0004,polar3,polar,5000,120000,0.9205,0.0042,0.9295,0.0044,0.9247,0.0043,0.9891,0.0016,0.4442,0.0036,0.6131,0.0033,0.7713,0.0007
dpmpp2m,64,16,3,0.0185,0.0004,knn,knn,10000,240000,0.2841,0.0007,0.2888,0.0006,0.2854,0.0005,0.0469,0.0029,0.0326,0.0015,0.0385,0.0020,0.1636,0.0011
dpmpp2m,64,16,3,0.0185,0.0004,altered_knn,altered_knn,10000,160000,0.6721,0.0033,0.6832,0.0034,0.6875,0.0020,0.0499,0.0033,0.0822,0.0200,0.0605,0.0044,0.3719,0.0013
dpmpp2m,64,16,3,0.0185,0.0004,quadratic,quadratic,10000,240000,0.8817,0.0010,0.8914,0.0009,0.8891,0.0009,0.5009,0.0070,0.3697,0.0036,0.4254,0.0004,0.6584,0.0006
dpmpp2m,64,16,3,0.0185,0.0004,polar3,polar,10000,240000,0.9321,0.0032,0.9413,0.0035,0.9364,0.0033,0.9908,0.0013,0.4475,0.0045,0.6165,0.0041,0.7789,0.0003
dpmpp2m,64,16,3,0.0185,0.0004,knn,knn,15000,360000,0.2900,0.0008,0.2949,0.0007,0.2917,0.0007,0.0476,0.0030,0.0310,0.0017,0.0376,0.0022,0.1662,0.0012
dpmpp2m,64,16,3,0.0185,0.0004,altered_knn,altered_knn,15000,240000,0.6856,0.0024,0.6977,0.0025,0.6954,0.0016,0.0683,0.0078,0.0431,0.0178,0.0491,0.0141,0.3734,0.0061
dpmpp2m,64,16,3,0.0185,0.0004,quadratic,quadratic,15000,360000,0.9082,0.0009,0.9192,0.0008,0.9143,0.0008,0.7315,0.0092,0.3251,0.0036,0.4501,0.0020,0.6846,0.0009
dpmpp2m,64,16,3,0.0185,0.0004,polar3,polar,15000,360000,0.9407,0.0028,0.9499,0.0029,0.9450,0.0029,0.9910,0.0018,0.4505,0.0044,0.6194,0.0040,0.7847,0.0011
dpmpp2m,64,16,3,0.0185,0.0004,knn,knn,20000,480000,0.2932,0.0013,0.2981,0.0013,0.2948,0.0012,0.0512,0.0011,0.0320,0.0010,0.0394,0.0011,0.1687,0.0006
dpmpp2m,64,16,3,0.0185,0.0004,altered_knn,altered_knn,20000,320000,0.6919,0.0017,0.7040,0.0015,0.7020,0.0019,0.0680,0.0019,0.0487,0.0049,0.0565,0.0030,0.3803,0.0019
dpmpp2m,64,16,3,0.0185,0.0004,quadratic,quadratic,20000,480000,0.9217,0.0013,0.9333,0.0012,0.9277,0.0013,0.8441,0.0056,0.3043,0.0019,0.4473,0.0013,0.6903,0.0010
dpmpp2m,64,16,3,0.0185,0.0004,polar3,polar,20000,480000,0.9449,0.0027,0.9542,0.0029,0.9493,0.0028,0.9905,0.0019,0.4522,0.0047,0.6209,0.0043,0.7875,0.0011
dpmpp2m,128,2,3,0.0196,0.0003,knn,knn,2000,6000,0.6547,0.0037,0.6678,0.0036,0.6600,0.0038,0.0546,0.0187,0.0027,0.0010,0.0052,0.0019,0.3365,0.0028
dpmpp2m,128,2,3,0.0196,0.0003,altered_knn,altered_knn,2000,4000,0.7265,0.0015,0.7377,0.0015,0.7861,0.0012,0.0236,0.0006,0.1683,0.0037,0.0414,0.0010,0.3895,0.0003
dpmpp2m,128,2,3,0.0196,0.0003,quadratic,quadratic,2000,6000,0.4098,0.0023,0.4116,0.0026,0.4834,0.0027,0.0201,0.0013,0.3181,0.0177,0.0378,0.0024,0.2247,0.0006
dpmpp2m,128,2,3,0.0196,0.0003,polar3,polar,2000,6000,0.9358,0.0019,0.9483,0.0019,0.9427,0.0019,0.7563,0.0245,0.3111,0.0105,0.4408,0.0145,0.6946,0.0072
dpmpp2m,128,2,3,0.0196,0.0003,knn,knn,5000,15000,0.6651,0.0026,0.6784,0.0025,0.6705,0.0026,0.0789,0.0103,0.0029,0.0006,0.0056,0.0012,0.3420,0.0017
dpmpp2m,128,2,3,0.0196,0.0003,altered_knn,altered_knn,5000,10000,0.5527,0.0444,0.5543,0.0464,0.6913,0.0351,0.0226,0.0007,0.4719,0.0568,0.0431,0.0013,0.2987,0.0236
dpmpp2m,128,2,3,0.0196,0.0003,quadratic,quadratic,5000,15000,0.4705,0.0013,0.4728,0.0011,0.5601,0.0011,0.0213,0.0009,0.3527,0.0097,0.0402,0.0017,0.2565,0.0014
dpmpp2m,128,2,3,0.0196,0.0003,polar3,polar,5000,15000,0.9510,0.0009,0.9634,0.0010,0.9571,0.0010,0.9707,0.0033,0.3367,0.0096,0.4999,0.0106,0.7316,0.0048
dpmpp2m,128,2,3,0.0196,0.0003,knn,knn,10000,30000,0.6727,0.0017,0.6862,0.0019,0.6780,0.0018,0.0395,0.0094,0.0012,0.0002,0.0023,0.0005,0.3442,0.0008
dpmpp2m,128,2,3,0.0196,0.0003,altered_knn,altered_knn,10000,20000,0.7634,0.0022,0.7756,0.0021,0.8184,0.0017,0.0245,0.0009,0.1525,0.0042,0.0423,0.0016,0.4089,0.0012
dpmpp2m,128,2,3,0.0196,0.0003,quadratic,quadratic,10000,30000,0.7470,0.0018,0.7554,0.0019,0.8136,0.0017,0.0403,0.0006,0.3284,0.0023,0.0718,0.0009,0.4136,0.0014
dpmpp2m,128,2,3,0.0196,0.0003,polar3,polar,10000,30000,0.9619,0.0012,0.9734,0.0012,0.9675,0.0012,0.9944,0.0022,0.3869,0.0104,0.5570,0.0103,0.7652,0.0052
dpmpp2m,128,2,3,0.0196,0.0003,knn,knn,15000,45000,0.6783,0.0015,0.6919,0.0017,0.6836,0.0015,0.0382,0.0031,0.0010,0.0000,0.0020,0.0000,0.3469,0.0008
dpmpp2m,128,2,3,0.0196,0.0003,altered_knn,altered_knn,15000,30000,0.7193,0.0739,0.7288,0.0783,0.7976,0.0389,0.0244,0.0006,0.2443,0.1440,0.0433,0.0032,0.3861,0.0375
dpmpp2m,128,2,3,0.0196,0.0003,quadratic,quadratic,15000,45000,0.8700,0.0020,0.8815,0.0019,0.9008,0.0015,0.0941,0.0058,0.2950,0.0137,0.1427,0.0082,0.5121,0.0050
dpmpp2m,128,2,3,0.0196,0.0003,polar3,polar,15000,45000,0.9672,0.0013,0.9778,0.0012,0.9723,0.0013,0.9985,0.0005,0.4364,0.0149,0.6072,0.0142,0.7925,0.0077
dpmpp2m,128,2,3,0.0196,0.0003,knn,knn,20000,60000,0.6806,0.0027,0.6942,0.0027,0.6861,0.0027,0.0233,0.0190,0.0005,0.0004,0.0010,0.0008,0.3476,0.0011
dpmpp2m,128,2,3,0.0196,0.0003,altered_knn,altered_knn,20000,40000,0.7238,0.0732,0.7334,0.0770,0.8016,0.0387,0.0253,0.0013,0.2394,0.1183,0.0447,0.0014,0.3891,0.0384
dpmpp2m,128,2,3,0.0196,0.0003,quadratic,quadratic,20000,60000,0.9060,0.0009,0.9183,0.0010,0.9260,0.0008,0.1589,0.0069,0.2894,0.0112,0.2052,0.0083,0.5617,0.0045
dpmpp2m,128,2,3,0.0196,0.0003,polar3,polar,20000,60000,0.9713,0.0010,0.9811,0.0010,0.9761,0.0010,0.9986,0.0010,0.4805,0.0095,0.6487,0.0085,0.8149,0.0043
dpmpp2m,128,4,3,0.0179,0.0003,knn,knn,2000,12000,0.4432,0.0009,0.4511,0.0010,0.4460,0.0012,0.0377,0.0018,0.0087,0.0005,0.0141,0.0007,0.2326,0.0008
dpmpp2m,128,4,3,0.0179,0.0003,altered_knn,altered_knn,2000,8000,0.6114,0.0531,0.6190,0.0565,0.6657,0.0190,0.0229,0.0014,0.1964,0.1336,0.0388,0.0022,0.3289,0.0278
dpmpp2m,128,4,3,0.0179,0.0003,quadratic,quadratic,2000,12000,0.3101,0.0019,0.3093,0.0018,0.3713,0.0022,0.0185,0.0003,0.3580,0.0082,0.0352,0.0007,0.1722,0.0012
dpmpp2m,128,4,3,0.0179,0.0003,polar3,polar,2000,12000,0.9108,0.0020,0.9212,0.0021,0.9157,0.0021,0.9768,0.0047,0.3385,0.0047,0.5028,0.0058,0.7120,0.0023
dpmpp2m,128,4,3,0.0179,0.0003,knn,knn,5000,30000,0.4581,0.0016,0.4663,0.0016,0.4611,0.0016,0.0427,0.0024,0.0079,0.0004,0.0134,0.0006,0.2398,0.0010
dpmpp2m,128,4,3,0.0179,0.0003,altered_knn,altered_knn,5000,20000,0.6666,0.0384,0.6771,0.0411,0.6976,0.0098,0.0449,0.0310,0.0935,0.1034,0.0244,0.0148,0.3507,0.0161
dpmpp2m,128,4,3,0.0179,0.0003,quadratic,quadratic,5000,30000,0.5014,0.0044,0.5046,0.0045,0.5720,0.0040,0.0233,0.0005,0.3250,0.0016,0.0435,0.0009,0.2741,0.0026
dpmpp2m,128,4,3,0.0179,0.0003,polar3,polar,5000,30000,0.9401,0.0019,0.9493,0.0018,0.9445,0.0019,0.9930,0.0019,0.4374,0.0072,0.6072,0.0070,0.7783,0.0039
dpmpp2m,128,4,3,0.0179,0.0003,knn,knn,10000,60000,0.4689,0.0012,0.4773,0.0013,0.4718,0.0013,0.0406,0.0026,0.0066,0.0003,0.0114,0.0005,0.2443,0.0007
dpmpp2m,128,4,3,0.0179,0.0003,altered_knn,altered_knn,10000,40000,0.6279,0.1119,0.6357,0.1184,0.6843,0.0530,0.0233,0.0020,0.2047,0.2407,0.0323,0.0050,0.3340,0.0567
dpmpp2m,128,4,3,0.0179,0.0003,quadratic,quadratic,10000,60000,0.7727,0.0005,0.7810,0.0005,0.8024,0.0003,0.0807,0.0022,0.3173,0.0018,0.1287,0.0029,0.4548,0.0016
dpmpp2m,128,4,3,0.0179,0.0003,polar3,polar,10000,60000,0.9578,0.0028,0.9658,0.0028,0.9616,0.0028,0.9971,0.0013,0.5167,0.0042,0.6807,0.0039,0.8233,0.0013
dpmpp2m,128,4,3,0.0179,0.0003,knn,knn,15000,90000,0.4736,0.0013,0.4821,0.0014,0.4765,0.0013,0.0388,0.0058,0.0058,0.0010,0.0101,0.0017,0.2461,0.0001
dpmpp2m,128,4,3,0.0179,0.0003,altered_knn,altered_knn,15000,60000,0.6347,0.0872,0.6422,0.0919,0.6987,0.0394,0.0229,0.0020,0.2192,0.1782,0.0377,0.0019,0.3399,0.0452
dpmpp2m,128,4,3,0.0179,0.0003,quadratic,quadratic,15000,90000,0.8483,0.0011,0.8581,0.0011,0.8655,0.0009,0.1606,0.0021,0.3132,0.0053,0.2123,0.0011,0.5352,0.0011
dpmpp2m,128,4,3,0.0179,0.0003,polar3,polar,15000,90000,0.9645,0.0027,0.9720,0.0028,0.9680,0.0027,0.9971,0.0010,0.5543,0.0061,0.7125,0.0052,0.8422,0.0013
dpmpp2m,128,4,3,0.0179,0.0003,knn,knn,20000,120000,0.4766,0.0013,0.4852,0.0012,0.4797,0.0011,0.0369,0.0086,0.0055,0.0013,0.0095,0.0022,0.2474,0.0005
dpmpp2m,128,4,3,0.0179,0.0003,altered_knn,altered_knn,20000,80000,0.5678,0.1103,0.5713,0.1164,0.6655,0.0552,0.0227,0.0019,0.3724,0.2290,0.0388,0.0033,0.3050,0.0568
dpmpp2m,128,4,3,0.0179,0.0003,quadratic,quadratic,20000,120000,0.8756,0.0013,0.8858,0.0014,0.8895,0.0012,0.2158,0.0084,0.3167,0.0065,0.2567,0.0081,0.5712,0.0046
dpmpp2m,128,4,3,0.0179,0.0003,polar3,polar,20000,120000,0.9669,0.0048,0.9741,0.0049,0.9703,0.0049,0.9971,0.0007,0.5707,0.0050,0.7259,0.0042,0.8500,0.0015
dpmpp2m,128,8,3,0.0173,0.0001,knn,knn,2000,24000,0.3019,0.0006,0.3069,0.0006,0.3032,0.0003,0.0343,0.0038,0.0219,0.0030,0.0267,0.0034,0.1668,0.0016
dpmpp2m,128,8,3,0.0173,0.0001,altered_knn,altered_knn,2000,16000,0.5818,0.0031,0.5913,0.0035,0.5944,0.0022,0.0236,0.0009,0.0413,0.0265,0.0253,0.0129,0.3083,0.0047
dpmpp2m,128,8,3,0.0173,0.0001,quadratic,quadratic,2000,24000,0.3297,0.0021,0.3287,0.0021,0.3938,0.0025,0.0194,0.0003,0.3857,0.0044,0.0370,0.0006,0.1829,0.0011
dpmpp2m,128,8,3,0.0173,0.0001,polar3,polar,2000,24000,0.8872,0.0037,0.8953,0.0037,0.8907,0.0039,0.9856,0.0020,0.4263,0.0119,0.5950,0.0113,0.7452,0.0061
dpmpp2m,128,8,3,0.0173,0.0001,knn,knn,5000,60000,0.3149,0.0003,0.3201,0.0002,0.3162,0.0002,0.0320,0.0023,0.0184,0.0012,0.0234,0.0016,0.1718,0.0007
dpmpp2m,128,8,3,0.0173,0.0001,altered_knn,altered_knn,5000,40000,0.5865,0.0220,0.5946,0.0237,0.6193,0.0057,0.0228,0.0015,0.1266,0.0742,0.0360,0.0035,0.3153,0.0102
dpmpp2m,128,8,3,0.0173,0.0001,quadratic,quadratic,5000,60000,0.5361,0.0008,0.5399,0.0009,0.5879,0.0013,0.0308,0.0008,0.3183,0.0098,0.0562,0.0015,0.2981,0.0008
dpmpp2m,128,8,3,0.0173,0.0001,polar3,polar,5000,60000,0.9294,0.0015,0.9366,0.0017,0.9327,0.0016,0.9947,0.0007,0.5181,0.0106,0.6812,0.0090,0.8089,0.0038
dpmpp2m,128,8,3,0.0173,0.0001,knn,knn,10000,120000,0.3256,0.0012,0.3310,0.0012,0.3271,0.0008,0.0355,0.0017,0.0172,0.0009,0.0232,0.0012,0.1771,0.0011
dpmpp2m,128,8,3,0.0173,0.0001,altered_knn,altered_knn,10000,80000,0.5666,0.0945,0.5732,0.1005,0.6156,0.0394,0.0242,0.0036,0.1961,0.2440,0.0285,0.0075,0.3009,0.0468
dpmpp2m,128,8,3,0.0173,0.0001,quadratic,quadratic,10000,120000,0.7428,0.0006,0.7498,0.0007,0.7642,0.0006,0.1077,0.0022,0.3405,0.0028,0.1636,0.0028,0.4567,0.0015
dpmpp2m,128,8,3,0.0173,0.0001,polar3,polar,10000,120000,0.9475,0.0021,0.9543,0.0023,0.9506,0.0022,0.9955,0.0007,0.5630,0.0090,0.7192,0.0074,0.8367,0.0027
dpmpp2m,128,8,3,0.0173,0.0001,knn,knn,15000,180000,0.3309,0.0016,0.3365,0.0016,0.3325,0.0011,0.0336,0.0053,0.0155,0.0024,0.0212,0.0033,0.1788,0.0024
dpmpp2m,128,8,3,0.0173,0.0001,altered_knn,altered_knn,15000,120000,0.6375,0.0056,0.6478,0.0060,0.6548,0.0014,0.0245,0.0019,0.0550,0.0157,0.0331,0.0013,0.3404,0.0025
dpmpp2m,128,8,3,0.0173,0.0001,quadratic,quadratic,15000,180000,0.8113,0.0004,0.8194,0.0002,0.8257,0.0003,0.1874,0.0029,0.3528,0.0048,0.2448,0.0035,0.5321,0.0018
dpmpp2m,128,8,3,0.0173,0.0001,polar3,polar,15000,180000,0.9526,0.0019,0.9593,0.0021,0.9557,0.0020,0.9960,0.0004,0.5732,0.0094,0.7276,0.0076,0.8434,0.0030
dpmpp2m,128,8,3,0.0173,0.0001,knn,knn,20000,240000,0.3336,0.0016,0.3392,0.0016,0.3351,0.0013,0.0359,0.0029,0.0160,0.0012,0.0222,0.0017,0.1807,0.0004
dpmpp2m,128,8,3,0.0173,0.0001,altered_knn,altered_knn,20000,160000,0.5996,0.0697,0.6071,0.0743,0.6453,0.0243,0.0254,0.0036,0.1786,0.1920,0.0355,0.0032,0.3213,0.0356
dpmpp2m,128,8,3,0.0173,0.0001,quadratic,quadratic,20000,240000,0.8485,0.0004,0.8574,0.0005,0.8591,0.0003,0.2789,0.0029,0.3439,0.0042,0.3080,0.0019,0.5827,0.0011
dpmpp2m,128,8,3,0.0173,0.0001,polar3,polar,20000,240000,0.9578,0.0017,0.9644,0.0016,0.9609,0.0017,0.9964,0.0002,0.5790,0.0096,0.7323,0.0076,0.8484,0.0044
dpmpp2m,128,16,3,0.0157,0.0004,knn,knn,2000,48000,0.2055,0.0001,0.2082,0.0001,0.2054,0.0001,0.0276,0.0018,0.0364,0.0014,0.0314,0.0017,0.1198,0.0009
dpmpp2m,128,16,3,0.0157,0.0004,altered_knn,altered_knn,2000,32000,0.4507,0.0597,0.4536,0.0638,0.5067,0.0230,0.0197,0.0015,0.2742,0.2056,0.0305,0.0075,0.2421,0.0294
dpmpp2m,128,16,3,0.0157,0.0004,quadratic,quadratic,2000,48000,0.3792,0.0011,0.3788,0.0012,0.4468,0.0014,0.0200,0.0007,0.4000,0.0049,0.0380,0.0013,0.2084,0.0003
dpmpp2m,128,16,3,0.0157,0.0004,polar3,polar,2000,48000,0.8617,0.0039,0.8672,0.0042,0.8639,0.0039,0.9765,0.0042,0.5162,0.0163,0.6752,0.0134,0.7712,0.0055
dpmpp2m,128,16,3,0.0157,0.0004,knn,knn,5000,120000,0.2158,0.0002,0.2187,0.0001,0.2157,0.0001,0.0281,0.0014,0.0337,0.0015,0.0306,0.0012,0.1247,0.0007
dpmpp2m,128,16,3,0.0157,0.0004,altered_knn,altered_knn,5000,80000,0.5268,0.0186,0.5327,0.0203,0.5618,0.0042,0.0204,0.0006,0.1538,0.0799,0.0341,0.0032,0.2834,0.0088
dpmpp2m,128,16,3,0.0157,0.0004,quadratic,quadratic,5000,120000,0.5470,0.0009,0.5505,0.0008,0.5873,0.0011,0.0364,0.0009,0.3227,0.0045,0.0654,0.0014,0.3080,0.0007
dpmpp2m,128,16,3,0.0157,0.0004,polar3,polar,5000,120000,0.9091,0.0051,0.9145,0.0055,0.9115,0.0052,0.9905,0.0019,0.5752,0.0165,0.7277,0.0131,0.8211,0.0052
dpmpp2m,128,16,3,0.0157,0.0004,knn,knn,10000,240000,0.2245,0.0003,0.2276,0.0003,0.2247,0.0002,0.0279,0.0005,0.0295,0.0018,0.0287,0.0011,0.1282,0.0006
dpmpp2m,128,16,3,0.0157,0.0004,altered_knn,altered_knn,10000,160000,0.5371,0.0156,0.5424,0.0166,0.5835,0.0065,0.0215,0.0015,0.2119,0.0372,0.0389,0.0019,0.2906,0.0092
dpmpp2m,128,16,3,0.0157,0.0004,quadratic,quadratic,10000,240000,0.7185,0.0004,0.7242,0.0004,0.7364,0.0002,0.1171,0.0023,0.3622,0.0054,0.1769,0.0024,0.4505,0.0014
dpmpp2m,128,16,3,0.0157,0.0004,polar3,polar,10000,240000,0.9239,0.0033,0.9292,0.0035,0.9263,0.0033,0.9916,0.0018,0.5909,0.0156,0.7404,0.0121,0.8348,0.0058
dpmpp2m,128,16,3,0.0157,0.0004,knn,knn,15000,360000,0.2290,0.0003,0.2322,0.0003,0.2293,0.0003,0.0281,0.0020,0.0286,0.0015,0.0284,0.0017,0.1303,0.0010
dpmpp2m,128,16,3,0.0157,0.0004,altered_knn,altered_knn,15000,240000,0.5772,0.0072,0.5851,0.0083,0.5984,0.0031,0.0225,0.0025,0.0865,0.0522,0.0336,0.0057,0.3094,0.0034
dpmpp2m,128,16,3,0.0157,0.0004,quadratic,quadratic,15000,360000,0.8078,0.0006,0.8150,0.0004,0.8153,0.0005,0.3365,0.0034,0.3571,0.0056,0.3464,0.0026,0.5807,0.0015
dpmpp2m,128,16,3,0.0157,0.0004,polar3,polar,15000,360000,0.9300,0.0032,0.9353,0.0032,0.9324,0.0031,0.9916,0.0022,0.6036,0.0159,0.7503,0.0120,0.8428,0.0064
dpmpp2m,128,16,3,0.0157,0.0004,knn,knn,20000,480000,0.2321,0.0009,0.2354,0.0009,0.2324,0.0009,0.0290,0.0005,0.0281,0.0005,0.0285,0.0002,0.1320,0.0005
dpmpp2m,128,16,3,0.0157,0.0004,altered_knn,altered_knn,20000,320000,0.5591,0.0488,0.5656,0.0524,0.5955,0.0123,0.0260,0.0055,0.1593,0.1751,0.0308,0.0081,0.2982,0.0237
dpmpp2m,128,16,3,0.0157,0.0004,quadratic,quadratic,20000,480000,0.8485,0.0003,0.8566,0.0004,0.8540,0.0003,0.5373,0.0076,0.3434,0.0058,0.4189,0.0042,0.6378,0.0022
dpmpp2m,128,16,3,0.0157,0.0004,polar3,polar,20000,480000,0.9396,0.0028,0.9449,0.0027,0.9419,0.0027,0.9906,0.0027,0.6085,0.0159,0.7538,0.0123,0.8493,0.0069
dpmpp2m,256,2,3,0.0261,0.0008,knn,knn,2000,6000,0.6138,0.0018,0.6302,0.0020,0.6202,0.0019,0.0392,0.0076,0.0023,0.0003,0.0043,0.0005,0.3173,0.0013
dpmpp2m,256,2,3,0.0261,0.0008,altered_knn,altered_knn,2000,4000,0.6723,0.0020,0.6855,0.0016,0.7371,0.0019,0.0287,0.0011,0.1786,0.0045,0.0494,0.0017,0.3675,0.0007
dpmpp2m,256,2,3,0.0261,0.0008,quadratic,quadratic,2000,6000,0.3873,0.0013,0.3899,0.0011,0.4509,0.0008,0.0262,0.0022,0.2905,0.0159,0.0480,0.0040,0.2190,0.0024
dpmpp2m,256,2,3,0.0261,0.0008,polar3,polar,2000,6000,0.9203,0.0010,0.9377,0.0009,0.9303,0.0008,0.6679,0.0224,0.2682,0.0061,0.3827,0.0097,0.6602,0.0053
dpmpp2m,256,2,3,0.0261,0.0008,knn,knn,5000,15000,0.6244,0.0006,0.6411,0.0003,0.6311,0.0001,0.0545,0.0047,0.0019,0.0001,0.0037,0.0001,0.3224,0.0002
dpmpp2m,256,2,3,0.0261,0.0008,altered_knn,altered_knn,5000,10000,0.5073,0.0031,0.5077,0.0033,0.6457,0.0033,0.0288,0.0011,0.4889,0.0067,0.0545,0.0020,0.2811,0.0009
dpmpp2m,256,2,3,0.0261,0.0008,quadratic,quadratic,5000,15000,0.3942,0.0013,0.3961,0.0013,0.4658,0.0014,0.0264,0.0013,0.3212,0.0070,0.0488,0.0023,0.2225,0.0017
dpmpp2m,256,2,3,0.0261,0.0008,polar3,polar,5000,15000,0.9424,0.0003,0.9605,0.0003,0.9513,0.0002,0.9582,0.0029,0.2671,0.0036,0.4178,0.0046,0.6891,0.0024
dpmpp2m,256,2,3,0.0261,0.0008,knn,knn,10000,30000,0.6308,0.0021,0.6477,0.0018,0.6373,0.0018,0.0641,0.0352,0.0019,0.0010,0.0037,0.0020,0.3257,0.0011
dpmpp2m,256,2,3,0.0261,0.0008,altered_knn,altered_knn,10000,20000,0.7084,0.0004,0.7230,0.0004,0.7700,0.0003,0.0293,0.0024,0.1629,0.0075,0.0497,0.0038,0.3864,0.0021
dpmpp2m,256,2,3,0.0261,0.0008,quadratic,quadratic,10000,30000,0.4151,0.0019,0.4170,0.0019,0.4956,0.0024,0.0267,0.0010,0.3420,0.0050,0.0495,0.0018,0.2333,0.0019
dpmpp2m,256,2,3,0.0261,0.0008,polar3,polar,10000,30000,0.9513,0.0018,0.9690,0.0013,0.9599,0.0015,0.9983,0.0016,0.2945,0.0121,0.4547,0.0145,0.7118,0.0078
dpmpp2m,256,2,3,0.0261,0.0008,knn,knn,15000,45000,0.6349,0.0023,0.6519,0.0029,0.6417,0.0027,0.0393,0.0086,0.0010,0.0002,0.0020,0.0004,0.3270,0.0012
dpmpp2m,256,2,3,0.0261,0.0008,altered_knn,altered_knn,15000,30000,0.5956,0.0852,0.6019,0.0909,0.7074,0.0496,0.0285,0.0008,0.3549,0.1392,0.0519,0.0034,0.3269,0.0439
dpmpp2m,256,2,3,0.0261,0.0008,quadratic,quadratic,15000,45000,0.4376,0.0026,0.4400,0.0028,0.5243,0.0037,0.0266,0.0005,0.3462,0.0038,0.0494,0.0008,0.2447,0.0018
dpmpp2m,256,2,3,0.0261,0.0008,polar3,polar,15000,45000,0.9564,0.0014,0.9734,0.0021,0.9647,0.0017,0.9996,0.0005,0.3215,0.0056,0.4865,0.0064,0.7300,0.0024
dpmpp2m,256,2,3,0.0261,0.0008,knn,knn,20000,60000,0.6370,0.0016,0.6541,0.0019,0.6438,0.0016,0.0071,0.0100,0.0001,0.0002,0.0003,0.0004,0.3272,0.0008
dpmpp2m,256,2,3,0.0261,0.0008,altered_knn,altered_knn,20000,40000,0.5451,0.0006,0.5476,0.0006,0.6810,0.0007,0.0290,0.0013,0.4531,0.0146,0.0545,0.0024,0.3010,0.0010
dpmpp2m,256,2,3,0.0261,0.0008,quadratic,quadratic,20000,60000,0.4708,0.0035,0.4737,0.0037,0.5652,0.0042,0.0276,0.0009,0.3615,0.0030,0.0513,0.0015,0.2625,0.0025
dpmpp2m,256,2,3,0.0261,0.0008,polar3,polar,20000,60000,0.9619,0.0010,0.9784,0.0009,0.9700,0.0009,0.9996,0.0005,0.3462,0.0028,0.5143,0.0031,0.7464,0.0018
dpmpp2m,256,4,3,0.0224,0.0003,knn,knn,2000,12000,0.3949,0.0007,0.4037,0.0009,0.3978,0.0008,0.0373,0.0030,0.0098,0.0010,0.0155,0.0014,0.2096,0.0008
dpmpp2m,256,4,3,0.0224,0.0003,altered_knn,altered_knn,2000,8000,0.5774,0.0046,0.5888,0.0051,0.6018,0.0006,0.0260,0.0018,0.0779,0.0222,0.0387,0.0046,0.3137,0.0005
dpmpp2m,256,4,3,0.0224,0.0003,quadratic,quadratic,2000,12000,0.2173,0.0011,0.2122,0.0012,0.2669,0.0014,0.0232,0.0003,0.4387,0.0018,0.0440,0.0005,0.1281,0.0006
dpmpp2m,256,4,3,0.0224,0.0003,polar3,polar,2000,12000,0.8904,0.0011,0.9048,0.0008,0.8973,0.0010,0.9601,0.0094,0.2589,0.0063,0.4078,0.0082,0.6563,0.0043
dpmpp2m,256,4,3,0.0224,0.0003,knn,knn,5000,30000,0.4061,0.0006,0.4153,0.0005,0.4090,0.0005,0.0349,0.0060,0.0059,0.0010,0.0101,0.0017,0.2127,0.0007
dpmpp2m,256,4,3,0.0224,0.0003,altered_knn,altered_knn,5000,20000,0.5337,0.0354,0.5401,0.0382,0.6023,0.0167,0.0249,0.0004,0.2533,0.0824,0.0448,0.0015,0.2924,0.0184
dpmpp2m,256,4,3,0.0224,0.0003,quadratic,quadratic,5000,30000,0.2772,0.0014,0.2746,0.0014,0.3361,0.0015,0.0229,0.0008,0.3885,0.0081,0.0432,0.0014,0.1589,0.0010
dpmpp2m,256,4,3,0.0224,0.0003,polar3,polar,5000,30000,0.9197,0.0060,0.9334,0.0060,0.9261,0.0061,0.9970,0.0009,0.3193,0.0012,0.4837,0.0015,0.7086,0.0022
dpmpp2m,256,4,3,0.0224,0.0003,knn,knn,10000,60000,0.4129,0.0012,0.4222,0.0011,0.4159,0.0011,0.0313,0.0037,0.0054,0.0007,0.0093,0.0012,0.2157,0.0010
dpmpp2m,256,4,3,0.0224,0.0003,altered_knn,altered_knn,10000,40000,0.6071,0.0085,0.6184,0.0092,0.6432,0.0023,0.0259,0.0014,0.1134,0.0210,0.0417,0.0014,0.3301,0.0045
dpmpp2m,256,4,3,0.0224,0.0003,quadratic,quadratic,10000,60000,0.3455,0.0011,0.3448,0.0011,0.4149,0.0013,0.0237,0.0008,0.3742,0.0071,0.0446,0.0014,0.1947,0.0009
dpmpp2m,256,4,3,0.0224,0.0003,polar3,polar,10000,60000,0.9429,0.0015,0.9551,0.0014,0.9487,0.0015,0.9989,0.0005,0.4059,0.0013,0.5772,0.0014,0.7662,0.0014
dpmpp2m,256,4,3,0.0224,0.0003,knn,knn,15000,90000,0.4170,0.0014,0.4264,0.0013,0.4201,0.0013,0.0306,0.0044,0.0047,0.0006,0.0081,0.0010,0.2173,0.0010
dpmpp2m,256,4,3,0.0224,0.0003,altered_knn,altered_knn,15000,60000,0.4761,0.0266,0.4771,0.0285,0.5883,0.0150,0.0248,0.0008,0.4352,0.0518,0.0469,0.0013,0.2620,0.0147
dpmpp2m,256,4,3,0.0224,0.0003,quadratic,quadratic,15000,90000,0.4184,0.0005,0.4201,0.0004,0.4947,0.0006,0.0242,0.0006,0.3427,0.0048,0.0451,0.0012,0.2326,0.0007
dpmpp2m,256,4,3,0.0224,0.0003,polar3,polar,15000,90000,0.9554,0.0028,0.9669,0.0027,0.9609,0.0028,0.9993,0.0002,0.4553,0.0057,0.6255,0.0053,0.7962,0.0029
dpmpp2m,256,4,3,0.0224,0.0003,knn,knn,20000,120000,0.4206,0.0011,0.4301,0.0011,0.4238,0.0009,0.0343,0.0091,0.0049,0.0014,0.0085,0.0024,0.2193,0.0007
dpmpp2m,256,4,3,0.0224,0.0003,altered_knn,altered_knn,20000,80000,0.6240,0.0087,0.6358,0.0095,0.6592,0.0026,0.0272,0.0009,0.1125,0.0223,0.0434,0.0009,0.3396,0.0043
dpmpp2m,256,4,3,0.0224,0.0003,quadratic,quadratic,20000,120000,0.4820,0.0009,0.4853,0.0009,0.5601,0.0008,0.0267,0.0005,0.3383,0.0037,0.0494,0.0010,0.2673,0.0002
dpmpp2m,256,4,3,0.0224,0.0003,polar3,polar,20000,120000,0.9582,0.0017,0.9691,0.0016,0.9634,0.0017,0.9994,0.0004,0.4808,0.0064,0.6492,0.0059,0.8092,0.0030
dpmpp2m,256,8,3,0.0209,0.0006,knn,knn,2000,24000,0.2530,0.0003,0.2579,0.0001,0.2539,0.0004,0.0277,0.0023,0.0195,0.0027,0.0229,0.0026,0.1404,0.0014
dpmpp2m,256,8,3,0.0209,0.0006,altered_knn,altered_knn,2000,16000,0.4300,0.0253,0.4344,0.0276,0.4774,0.0110,0.0234,0.0005,0.2285,0.0823,0.0420,0.0005,0.2382,0.0135
dpmpp2m,256,8,3,0.0209,0.0006,quadratic,quadratic,2000,24000,0.1670,0.0006,0.1594,0.0006,0.2136,0.0008,0.0210,0.0006,0.5225,0.0032,0.0405,0.0010,0.1000,0.0006
dpmpp2m,256,8,3,0.0209,0.0006,polar3,polar,2000,24000,0.8731,0.0021,0.8846,0.0017,0.8783,0.0019,0.9869,0.0009,0.3342,0.0071,0.4993,0.0078,0.6919,0.0048
dpmpp2m,256,8,3,0.0209,0.0006,knn,knn,5000,60000,0.2632,0.0001,0.2685,0.0002,0.2641,0.0001,0.0308,0.0026,0.0166,0.0019,0.0216,0.0023,0.1450,0.0010
dpmpp2m,256,8,3,0.0209,0.0006,altered_knn,altered_knn,5000,40000,0.4407,0.0476,0.4442,0.0522,0.5006,0.0166,0.0237,0.0013,0.2784,0.1590,0.0412,0.0024,0.2427,0.0249
dpmpp2m,256,8,3,0.0209,0.0006,quadratic,quadratic,5000,60000,0.2617,0.0004,0.2577,0.0003,0.3250,0.0003,0.0218,0.0007,0.4464,0.0049,0.0416,0.0012,0.1497,0.0008
dpmpp2m,256,8,3,0.0209,0.0006,polar3,polar,5000,60000,0.9127,0.0015,0.9230,0.0020,0.9174,0.0017,0.9992,0.0006,0.4254,0.0074,0.5967,0.0072,0.7599,0.0026
dpmpp2m,256,8,3,0.0209,0.0006,knn,knn,10000,120000,0.2706,0.0008,0.2761,0.0010,0.2716,0.0007,0.0295,0.0019,0.0148,0.0014,0.0197,0.0016,0.1479,0.0003
dpmpp2m,256,8,3,0.0209,0.0006,altered_knn,altered_knn,10000,80000,0.4729,0.0390,0.4779,0.0428,0.5277,0.0123,0.0246,0.0016,0.2433,0.1283,0.0419,0.0027,0.2599,0.0200
dpmpp2m,256,8,3,0.0209,0.0006,quadratic,quadratic,10000,120000,0.3746,0.0003,0.3744,0.0003,0.4451,0.0004,0.0241,0.0004,0.3832,0.0047,0.0453,0.0006,0.2099,0.0004
dpmpp2m,256,8,3,0.0209,0.0006,polar3,polar,10000,120000,0.9414,0.0017,0.9509,0.0018,0.9458,0.0018,0.9990,0.0002,0.4975,0.0061,0.6642,0.0055,0.8075,0.0024
dpmpp2m,256,8,3,0.0209,0.0006,knn,knn,15000,180000,0.2733,0.0006,0.2788,0.0007,0.2741,0.0006,0.0315,0.0024,0.0149,0.0008,0.0202,0.0012,0.1495,0.0007
dpmpp2m,256,8,3,0.0209,0.0006,altered_knn,altered_knn,15000,120000,0.4892,0.0399,0.4952,0.0439,0.5395,0.0112,0.0255,0.0027,0.2169,0.1354,0.0392,0.0066,0.2672,0.0188
dpmpp2m,256,8,3,0.0209,0.0006,quadratic,quadratic,15000,180000,0.4468,0.0009,0.4491,0.0010,0.5154,0.0009,0.0258,0.0008,0.3373,0.0049,0.0479,0.0013,0.2485,0.0009
dpmpp2m,256,8,3,0.0209,0.0006,polar3,polar,15000,180000,0.9516,0.0024,0.9609,0.0026,0.9559,0.0025,0.9988,0.0002,0.5138,0.0052,0.6785,0.0045,0.8197,0.0018
dpmpp2m,256,8,3,0.0209,0.0006,knn,knn,20000,240000,0.2764,0.0002,0.2820,0.0002,0.2774,0.0001,0.0302,0.0009,0.0135,0.0005,0.0187,0.0006,0.1504,0.0002
dpmpp2m,256,8,3,0.0209,0.0006,altered_knn,altered_knn,20000,160000,0.4855,0.0720,0.4910,0.0778,0.5385,0.0309,0.0248,0.0022,0.2317,0.1998,0.0404,0.0021,0.2657,0.0381
dpmpp2m,256,8,3,0.0209,0.0006,quadratic,quadratic,20000,240000,0.4979,0.0005,0.5017,0.0005,0.5611,0.0006,0.0292,0.0009,0.3196,0.0027,0.0535,0.0015,0.2776,0.0008
dpmpp2m,256,8,3,0.0209,0.0006,polar3,polar,20000,240000,0.9509,0.0035,0.9600,0.0035,0.9551,0.0035,0.9992,0.0003,0.5245,0.0058,0.6879,0.0050,0.8239,0.0030
dpmpp2m,256,16,3,0.0189,0.0004,knn,knn,2000,48000,0.1614,0.0003,0.1638,0.0002,0.1613,0.0003,0.0249,0.0002,0.0355,0.0014,0.0293,0.0006,0.0965,0.0004
dpmpp2m,256,16,3,0.0189,0.0004,altered_knn,altered_knn,2000,32000,0.3570,0.0574,0.3601,0.0631,0.3889,0.0229,0.0203,0.0003,0.1962,0.2380,0.0274,0.0101,0.1938,0.0273
dpmpp2m,256,16,3,0.0189,0.0004,quadratic,quadratic,2000,48000,0.1636,0.0004,0.1549,0.0006,0.2203,0.0009,0.0195,0.0004,0.6209,0.0018,0.0378,0.0008,0.0963,0.0001
dpmpp2m,256,16,3,0.0189,0.0004,polar3,polar,2000,48000,0.8389,0.0024,0.8469,0.0024,0.8419,0.0023,0.9880,0.0006,0.4245,0.0062,0.5938,0.0060,0.7203,0.0032
dpmpp2m,256,16,3,0.0189,0.0004,knn,knn,5000,120000,0.1692,0.0002,0.1718,0.0002,0.1689,0.0002,0.0264,0.0012,0.0315,0.0013,0.0287,0.0011,0.1003,0.0005
dpmpp2m,256,16,3,0.0189,0.0004,altered_knn,altered_knn,5000,80000,0.3264,0.0147,0.3240,0.0158,0.4047,0.0100,0.0207,0.0004,0.4525,0.0400,0.0396,0.0008,0.1818,0.0075
dpmpp2m,256,16,3,0.0189,0.0004,quadratic,quadratic,5000,120000,0.2933,0.0001,0.2894,0.0000,0.3705,0.0001,0.0210,0.0004,0.4991,0.0030,0.0403,0.0007,0.1648,0.0004
dpmpp2m,256,16,3,0.0189,0.0004,polar3,polar,5000,120000,0.8916,0.0026,0.8988,0.0023,0.8945,0.0026,0.9970,0.0005,0.5213,0.0073,0.6846,0.0061,0.7917,0.0042
dpmpp2m,256,16,3,0.0189,0.0004,knn,knn,10000,240000,0.1747,0.0003,0.1775,0.0003,0.1745,0.0002,0.0261,0.0009,0.0293,0.0008,0.0276,0.0008,0.1026,0.0003
dpmpp2m,256,16,3,0.0189,0.0004,altered_knn,altered_knn,10000,160000,0.3880,0.0477,0.3900,0.0523,0.4426,0.0168,0.0211,0.0006,0.2883,0.1859,0.0347,0.0066,0.2124,0.0230
dpmpp2m,256,16,3,0.0189,0.0004,quadratic,quadratic,10000,240000,0.4061,0.0002,0.4065,0.0002,0.4759,0.0001,0.0240,0.0005,0.3881,0.0004,0.0452,0.0009,0.2258,0.0004
dpmpp2m,256,16,3,0.0189,0.0004,polar3,polar,10000,240000,0.9110,0.0026,0.9179,0.0027,0.9140,0.0026,0.9976,0.0003,0.5514,0.0089,0.7102,0.0073,0.8141,0.0036
dpmpp2m,256,16,3,0.0189,0.0004,knn,knn,15000,360000,0.1777,0.0006,0.1806,0.0005,0.1776,0.0005,0.0251,0.0004,0.0263,0.0008,0.0257,0.0006,0.1031,0.0005
dpmpp2m,256,16,3,0.0189,0.0004,altered_knn,altered_knn,15000,240000,0.3731,0.0580,0.3733,0.0629,0.4404,0.0255,0.0217,0.0014,0.3692,0.1961,0.0392,0.0008,0.2062,0.0311
dpmpp2m,256,16,3,0.0189,0.0004,quadratic,quadratic,15000,360000,0.4619,0.0005,0.4644,0.0005,0.5197,0.0006,0.0276,0.0004,0.3331,0.0063,0.0509,0.0008,0.2576,0.0002
dpmpp2m,256,16,3,0.0189,0.0004,polar3,polar,15000,360000,0.9183,0.0021,0.9250,0.0022,0.9210,0.0023,0.9976,0.0005,0.5685,0.0095,0.7242,0.0077,0.8246,0.0037
dpmpp2m,256,16,3,0.0189,0.0004,knn,knn,20000,480000,0.1806,0.0002,0.1836,0.0003,0.1806,0.0003,0.0273,0.0019,0.0278,0.0015,0.0275,0.0017,0.1056,0.0008
dpmpp2m,256,16,3,0.0189,0.0004,altered_knn,altered_knn,20000,320000,0.4259,0.0458,0.4298,0.0502,0.4708,0.0164,0.0251,0.0050,0.2257,0.1802,0.0285,0.0166,0.2292,0.0194
dpmpp2m,256,16,3,0.0189,0.0004,quadratic,quadratic,20000,480000,0.5038,0.0002,0.5076,0.0003,0.5506,0.0003,0.0336,0.0005,0.3062,0.0021,0.0605,0.0008,0.2841,0.0006
dpmpp2m,256,16,3,0.0189,0.0004,polar3,polar,20000,480000,0.9249,0.0022,0.9316,0.0020,0.9279,0.0020,0.9971,0.0008,0.5778,0.0093,0.7316,0.0074,0.8316,0.0046
dpmpp2m,512,2,3,0.0356,0.0014,knn,knn,2000,6000,0.5837,0.0011,0.6052,0.0012,0.5923,0.0007,0.0409,0.0039,0.0016,0.0001,0.0031,0.0002,0.3041,0.0007
dpmpp2m,512,2,3,0.0356,0.0014,altered_knn,altered_knn,2000,4000,0.6189,0.0033,0.6344,0.0029,0.6876,0.0030,0.0384,0.0015,0.1994,0.0040,0.0644,0.0023,0.3494,0.0003
dpmpp2m,512,2,3,0.0356,0.0014,quadratic,quadratic,2000,6000,0.3733,0.0019,0.3763,0.0018,0.4336,0.0014,0.0359,0.0020,0.2928,0.0042,0.0640,0.0032,0.2201,0.0024
dpmpp2m,512,2,3,0.0356,0.0014,polar3,polar,2000,6000,0.8843,0.0005,0.9087,0.0012,0.8985,0.0006,0.5786,0.0153,0.2237,0.0042,0.3225,0.0025,0.6156,0.0006
dpmpp2m,512,2,3,0.0356,0.0014,knn,knn,5000,15000,0.5916,0.0023,0.6134,0.0027,0.6000,0.0030,0.0514,0.0149,0.0014,0.0004,0.0028,0.0008,0.3081,0.0010
dpmpp2m,512,2,3,0.0356,0.0014,altered_knn,altered_knn,5000,10000,0.5067,0.0912,0.5103,0.1009,0.6207,0.0594,0.0374,0.0009,0.4153,0.1640,0.0672,0.0031,0.2887,0.0490
dpmpp2m,512,2,3,0.0356,0.0014,quadratic,quadratic,5000,15000,0.3769,0.0001,0.3795,0.0003,0.4413,0.0004,0.0356,0.0016,0.3056,0.0073,0.0637,0.0027,0.2216,0.0013
dpmpp2m,512,2,3,0.0356,0.0014,polar3,polar,5000,15000,0.9219,0.0018,0.9475,0.0009,0.9346,0.0012,0.8860,0.0204,0.2280,0.0102,0.3625,0.0136,0.6550,0.0071
dpmpp2m,512,2,3,0.0356,0.0014,knn,knn,10000,30000,0.5972,0.0014,0.6192,0.0008,0.6055,0.0010,0.0427,0.0234,0.0010,0.0006,0.0020,0.0011,0.3106,0.0003
dpmpp2m,512,2,3,0.0356,0.0014,altered_knn,altered_knn,10000,20000,0.5238,0.0926,0.5277,0.1014,0.6371,0.0602,0.0385,0.0009,0.4099,0.1565,0.0693,0.0050,0.2985,0.0482
dpmpp2m,512,2,3,0.0356,0.0014,quadratic,quadratic,10000,30000,0.3857,0.0001,0.3879,0.0003,0.4536,0.0004,0.0370,0.0019,0.3268,0.0076,0.0664,0.0032,0.2272,0.0016
dpmpp2m,512,2,3,0.0356,0.0014,polar3,polar,10000,30000,0.9372,0.0025,0.9636,0.0014,0.9500,0.0019,0.9929,0.0030,0.2228,0.0132,0.3637,0.0175,0.6636,0.0093
dpmpp2m,512,2,3,0.0356,0.0014,knn,knn,15000,45000,0.6010,0.0015,0.6231,0.0009,0.6093,0.0010,0.0458,0.0282,0.0010,0.0006,0.0019,0.0011,0.3125,0.0008
dpmpp2m,512,2,3,0.0356,0.0014,altered_knn,altered_knn,15000,30000,0.5319,0.0910,0.5369,0.1001,0.6460,0.0580,0.0391,0.0031,0.4041,0.1478,0.0697,0.0023,0.3033,0.0504
dpmpp2m,512,2,3,0.0356,0.0014,quadratic,quadratic,15000,45000,0.3907,0.0021,0.3929,0.0022,0.4629,0.0020,0.0359,0.0015,0.3302,0.0009,0.0648,0.0024,0.2288,0.0022
dpmpp2m,512,2,3,0.0356,0.0014,polar3,polar,15000,45000,0.9423,0.0024,0.9681,0.0012,0.9548,0.0018,0.9989,0.0009,0.2442,0.0137,0.3922,0.0176,0.6802,0.0093
dpmpp2m,512,2,3,0.0356,0.0014,knn,knn,20000,60000,0.6015,0.0026,0.6237,0.0026,0.6100,0.0021,0.0580,0.0256,0.0012,0.0006,0.0024,0.0012,0.3130,0.0010
dpmpp2m,512,2,3,0.0356,0.0014,altered_knn,altered_knn,20000,40000,0.6649,0.0019,0.6827,0.0014,0.7318,0.0014,0.0397,0.0025,0.1842,0.0056,0.0654,0.0037,0.3740,0.0017
dpmpp2m,512,2,3,0.0356,0.0014,quadratic,quadratic,20000,60000,0.3983,0.0006,0.4009,0.0009,0.4726,0.0010,0.0356,0.0011,0.3281,0.0042,0.0642,0.0018,0.2326,0.0012
dpmpp2m,512,2,3,0.0356,0.0014,polar3,polar,20000,60000,0.9475,0.0002,0.9730,0.0016,0.9598,0.0008,0.9993,0.0010,0.2580,0.0127,0.4099,0.0159,0.6915,0.0072
dpmpp2m,512,4,3,0.0306,0.0023,knn,knn,2000,12000,0.3539,0.0011,0.3648,0.0014,0.3575,0.0014,0.0437,0.0038,0.0105,0.0009,0.0170,0.0014,0.1909,0.0002
dpmpp2m,512,4,3,0.0306,0.0023,altered_knn,altered_knn,2000,8000,0.4023,0.0526,0.4035,0.0589,0.4786,0.0310,0.0323,0.0027,0.3649,0.1379,0.0584,0.0052,0.2310,0.0281
dpmpp2m,512,4,3,0.0306,0.0023,quadratic,quadratic,2000,12000,0.1428,0.0021,0.1284,0.0011,0.1817,0.0013,0.0306,0.0023,0.5990,0.0011,0.0582,0.0042,0.0933,0.0026
dpmpp2m,512,4,3,0.0306,0.0023,polar3,polar,2000,12000,0.8508,0.0025,0.8701,0.0010,0.8601,0.0018,0.8794,0.0150,0.2391,0.0087,0.3758,0.0095,0.6230,0.0051
dpmpp2m,512,4,3,0.0306,0.0023,knn,knn,5000,30000,0.3623,0.0010,0.3735,0.0005,0.3660,0.0010,0.0341,0.0055,0.0071,0.0012,0.0118,0.0020,0.1926,0.0008
dpmpp2m,512,4,3,0.0306,0.0023,altered_knn,altered_knn,5000,20000,0.4970,0.0196,0.5070,0.0212,0.5436,0.0093,0.0333,0.0026,0.1782,0.0512,0.0557,0.0058,0.2814,0.0082
dpmpp2m,512,4,3,0.0306,0.0023,quadratic,quadratic,5000,30000,0.1870,0.0013,0.1768,0.0006,0.2345,0.0007,0.0308,0.0028,0.5097,0.0095,0.0580,0.0050,0.1174,0.0026
dpmpp2m,512,4,3,0.0306,0.0023,polar3,polar,5000,30000,0.8951,0.0017,0.9161,0.0003,0.9050,0.0008,0.9931,0.0038,0.2316,0.0133,0.3754,0.0170,0.6457,0.0084
dpmpp2m,512,4,3,0.0306,0.0023,knn,knn,10000,60000,0.3696,0.0009,0.3810,0.0011,0.3734,0.0006,0.0390,0.0070,0.0068,0.0007,0.0115,0.0014,0.1963,0.0009
dpmpp2m,512,4,3,0.0306,0.0023,altered_knn,altered_knn,10000,40000,0.4032,0.0141,0.4016,0.0157,0.5028,0.0094,0.0330,0.0025,0.4548,0.0329,0.0615,0.0045,0.2315,0.0076
dpmpp2m,512,4,3,0.0306,0.0023,quadratic,quadratic,10000,60000,0.2310,0.0005,0.2241,0.0010,0.2853,0.0013,0.0310,0.0024,0.4519,0.0038,0.0579,0.0043,0.1410,0.0018
dpmpp2m,512,4,3,0.0306,0.0023,polar3,polar,10000,60000,0.9207,0.0026,0.9406,0.0007,0.9302,0.0016,0.9974,0.0017,0.2911,0.0239,0.4501,0.0281,0.6954,0.0143
dpmpp2m,512,4,3,0.0306,0.0023,knn,knn,15000,90000,0.3719,0.0010,0.3835,0.0009,0.3756,0.0007,0.0330,0.0091,0.0054,0.0012,0.0092,0.0022,0.1964,0.0013
dpmpp2m,512,4,3,0.0306,0.0023,altered_knn,altered_knn,15000,60000,0.4705,0.0604,0.4764,0.0679,0.5400,0.0282,0.0344,0.0042,0.2914,0.1569,0.0565,0.0048,0.2665,0.0320
dpmpp2m,512,4,3,0.0306,0.0023,quadratic,quadratic,15000,90000,0.2588,0.0012,0.2534,0.0011,0.3175,0.0014,0.0312,0.0028,0.4296,0.0095,0.0582,0.0050,0.1558,0.0025
dpmpp2m,512,4,3,0.0306,0.0023,polar3,polar,15000,90000,0.9323,0.0005,0.9512,0.0025,0.9413,0.0014,0.9985,0.0014,0.3363,0.0249,0.5026,0.0274,0.7269,0.0125
dpmpp2m,512,4,3,0.0306,0.0023,knn,knn,20000,120000,0.3751,0.0006,0.3867,0.0014,0.3790,0.0007,0.0405,0.0088,0.0066,0.0012,0.0113,0.0021,0.1990,0.0015
dpmpp2m,512,4,3,0.0306,0.0023,altered_knn,altered_knn,20000,80000,0.4620,0.0716,0.4655,0.0790,0.5384,0.0341,0.0336,0.0018,0.3299,0.1844,0.0575,0.0102,0.2615,0.0345
dpmpp2m,512,4,3,0.0306,0.0023,quadratic,quadratic,20000,120000,0.2810,0.0014,0.2766,0.0014,0.3444,0.0016,0.0312,0.0021,0.4210,0.0038,0.0581,0.0036,0.1673,0.0020
dpmpp2m,512,4,3,0.0306,0.0023,polar3,polar,20000,120000,0.9416,0.0043,0.9596,0.0022,0.9502,0.0033,0.9988,0.0010,0.3724,0.0301,0.5418,0.0313,0.7507,0.0167
dpmpp2m,512,8,3,0.0271,0.0006,knn,knn,2000,24000,0.2148,0.0007,0.2202,0.0008,0.2153,0.0007,0.0365,0.0016,0.0197,0.0006,0.0256,0.0009,0.1229,0.0007
dpmpp2m,512,8,3,0.0271,0.0006,altered_knn,altered_knn,2000,16000,0.3412,0.0438,0.3438,0.0491,0.3820,0.0244,0.0290,0.0013,0.2482,0.1498,0.0501,0.0026,0.1969,0.0238
dpmpp2m,512,8,3,0.0271,0.0006,quadratic,quadratic,2000,24000,0.0794,0.0004,0.0607,0.0003,0.0962,0.0004,0.0273,0.0007,0.7526,0.0024,0.0527,0.0013,0.0567,0.0006
dpmpp2m,512,8,3,0.0271,0.0006,polar3,polar,2000,24000,0.8276,0.0038,0.8435,0.0035,0.8347,0.0038,0.9692,0.0049,0.2580,0.0046,0.4075,0.0058,0.6255,0.0036
dpmpp2m,512,8,3,0.0271,0.0006,knn,knn,5000,60000,0.2206,0.0008,0.2262,0.0006,0.2218,0.0007,0.0328,0.0028,0.0193,0.0023,0.0243,0.0026,0.1253,0.0015
dpmpp2m,512,8,3,0.0271,0.0006,altered_knn,altered_knn,5000,40000,0.3661,0.0523,0.3699,0.0590,0.4067,0.0253,0.0296,0.0015,0.2321,0.1885,0.0476,0.0047,0.2088,0.0274
dpmpp2m,512,8,3,0.0271,0.0006,quadratic,quadratic,5000,60000,0.1322,0.0007,0.1184,0.0008,0.1702,0.0011,0.0274,0.0006,0.6282,0.0024,0.0526,0.0010,0.0855,0.0004
dpmpp2m,512,8,3,0.0271,0.0006,polar3,polar,5000,60000,0.8788,0.0031,0.8941,0.0034,0.8857,0.0033,0.9977,0.0009,0.3313,0.0081,0.4973,0.0090,0.6957,0.0051
dpmpp2m,512,8,3,0.0271,0.0006,knn,knn,10000,120000,0.2264,0.0010,0.2322,0.0010,0.2274,0.0009,0.0359,0.0011,0.0192,0.0005,0.0250,0.0006,0.1286,0.0003
dpmpp2m,512,8,3,0.0271,0.0006,altered_knn,altered_knn,10000,80000,0.3402,0.0312,0.3390,0.0352,0.4066,0.0157,0.0293,0.0006,0.3871,0.1134,0.0540,0.0006,0.1965,0.0174
dpmpp2m,512,8,3,0.0271,0.0006,quadratic,quadratic,10000,120000,0.1926,0.0002,0.1828,0.0000,0.2464,0.0001,0.0279,0.0006,0.5451,0.0026,0.0531,0.0010,0.1179,0.0005
dpmpp2m,512,8,3,0.0271,0.0006,polar3,polar,10000,120000,0.9162,0.0016,0.9303,0.0017,0.9227,0.0017,0.9990,0.0004,0.4084,0.0084,0.5798,0.0084,0.7551,0.0037
dpmpp2m,512,8,3,0.0271,0.0006,knn,knn,15000,180000,0.2293,0.0005,0.2352,0.0004,0.2305,0.0003,0.0346,0.0018,0.0172,0.0009,0.0230,0.0012,0.1291,0.0007
dpmpp2m,512,8,3,0.0271,0.0006,altered_knn,altered_knn,15000,120000,0.3546,0.0343,0.3544,0.0386,0.4196,0.0163,0.0293,0.0009,0.3636,0.1188,0.0537,0.0004,0.2041,0.0192
dpmpp2m,512,8,3,0.0271,0.0006,quadratic,quadratic,15000,180000,0.2419,0.0008,0.2354,0.0006,0.3029,0.0007,0.0280,0.0008,0.4762,0.0029,0.0528,0.0015,0.1441,0.0010
dpmpp2m,512,8,3,0.0271,0.0006,polar3,polar,15000,180000,0.9274,0.0010,0.9409,0.0010,0.9337,0.0010,0.9984,0.0004,0.4400,0.0078,0.6107,0.0075,0.7758,0.0035
dpmpp2m,512,8,3,0.0271,0.0006,knn,knn,20000,240000,0.2312,0.0011,0.2372,0.0010,0.2325,0.0008,0.0335,0.0002,0.0170,0.0002,0.0226,0.0001,0.1299,0.0006
dpmpp2m,512,8,3,0.0271,0.0006,altered_knn,altered_knn,20000,160000,0.3597,0.0326,0.3594,0.0366,0.4268,0.0153,0.0294,0.0010,0.3696,0.1120,0.0541,0.0025,0.2067,0.0176
dpmpp2m,512,8,3,0.0271,0.0006,quadratic,quadratic,20000,240000,0.2745,0.0000,0.2692,0.0002,0.3423,0.0002,0.0283,0.0006,0.4632,0.0051,0.0534,0.0011,0.1613,0.0005
dpmpp2m,512,8,3,0.0271,0.0006,polar3,polar,20000,240000,0.9336,0.0011,0.9469,0.0007,0.9398,0.0009,0.9983,0.0007,0.4547,0.0073,0.6248,0.0067,0.7859,0.0037
dpmpp2m,512,16,3,0.0271,0.0001,knn,knn,2000,48000,0.1295,0.0005,0.1320,0.0004,0.1294,0.0005,0.0297,0.0010,0.0379,0.0023,0.0333,0.0015,0.0827,0.0008
dpmpp2m,512,16,3,0.0271,0.0001,altered_knn,altered_knn,2000,32000,0.2605,0.0321,0.2603,0.0388,0.2895,0.0114,0.0317,0.0017,0.2686,0.2080,0.0479,0.0116,0.1541,0.0155
dpmpp2m,512,16,3,0.0271,0.0001,quadratic,quadratic,2000,48000,0.0572,0.0003,0.0349,0.0002,0.0606,0.0003,0.0273,0.0001,0.8602,0.0041,0.0528,0.0003,0.0438,0.0002
dpmpp2m,512,16,3,0.0271,0.0001,polar3,polar,2000,48000,0.7926,0.0003,0.8070,0.0006,0.7992,0.0005,0.8194,0.0340,0.2728,0.0088,0.4093,0.0139,0.6082,0.0067
dpmpp2m,512,16,3,0.0271,0.0001,knn,knn,5000,120000,0.1349,0.0001,0.1377,0.0001,0.1349,0.0001,0.0308,0.0004,0.0340,0.0005,0.0323,0.0004,0.0850,0.0002
dpmpp2m,512,16,3,0.0271,0.0001,altered_knn,altered_knn,5000,80000,0.2647,0.0165,0.2604,0.0197,0.3143,0.0066,0.0311,0.0007,0.4187,0.1005,0.0576,0.0008,0.1590,0.0097
dpmpp2m,512,16,3,0.0271,0.0001,quadratic,quadratic,5000,120000,0.1201,0.0004,0.1031,0.0004,0.1591,0.0006,0.0278,0.0002,0.7305,0.0018,0.0535,0.0004,0.0783,0.0003
dpmpp2m,512,16,3,0.0271,0.0001,polar3,polar,5000,120000,0.8437,0.0042,0.8577,0.0039,0.8497,0.0040,0.8597,0.0355,0.3397,0.0140,0.4870,0.0201,0.6723,0.0118
dpmpp2m,512,16,3,0.0271,0.0001,knn,knn,10000,240000,0.1386,0.0005,0.1415,0.0005,0.1386,0.0005,0.0313,0.0003,0.0333,0.0004,0.0323,0.0002,0.0869,0.0003
dpmpp2m,512,16,3,0.0271,0.0001,altered_knn,altered_knn,10000,160000,0.3055,0.0138,0.3063,0.0169,0.3410,0.0014,0.0328,0.0010,0.2748,0.0957,0.0578,0.0004,0.1821,0.0083
dpmpp2m,512,16,3,0.0271,0.0001,quadratic,quadratic,10000,240000,0.2091,0.0001,0.1989,0.0000,0.2697,0.0001,0.0290,0.0001,0.5750,0.0014,0.0551,0.0002,0.1270,0.0001
dpmpp2m,512,16,3,0.0271,0.0001,polar3,polar,10000,240000,0.8715,0.0051,0.8855,0.0048,0.8784,0.0045,0.8396,0.0384,0.3699,0.0161,0.5136,0.0226,0.6995,0.0137
dpmpp2m,512,16,3,0.0271,0.0001,knn,knn,15000,360000,0.1410,0.0001,0.1441,0.0002,0.1410,0.0002,0.0306,0.0008,0.0312,0.0010,0.0309,0.0009,0.0875,0.0004
dpmpp2m,512,16,3,0.0271,0.0001,altered_knn,altered_knn,15000,240000,0.2775,0.0344,0.2732,0.0401,0.3309,0.0156,0.0316,0.0012,0.4343,0.1690,0.0578,0.0009,0.1655,0.0197
dpmpp2m,512,16,3,0.0271,0.0001,quadratic,quadratic,15000,360000,0.2594,0.0002,0.2514,0.0002,0.3320,0.0001,0.0296,0.0001,0.5461,0.0027,0.0562,0.0002,0.1538,0.0002
dpmpp2m,512,16,3,0.0271,0.0001,polar3,polar,15000,360000,0.8837,0.0075,0.8977,0.0073,0.8908,0.0073,0.8287,0.0370,0.3805,0.0154,0.5215,0.0217,0.7096,0.0143
dpmpp2m,512,16,3,0.0271,0.0001,knn,knn,20000,480000,0.1426,0.0004,0.1457,0.0004,0.1425,0.0004,0.0309,0.0008,0.0302,0.0005,0.0305,0.0007,0.0881,0.0003
dpmpp2m,512,16,3,0.0271,0.0001,altered_knn,altered_knn,20000,320000,0.3384,0.0133,0.3433,0.0165,0.3606,0.0013,0.0347,0.0007,0.1604,0.1034,0.0486,0.0157,0.1960,0.0014
dpmpp2m,512,16,3,0.0271,0.0001,quadratic,quadratic,20000,480000,0.2992,0.0006,0.2931,0.0007,0.3760,0.0007,0.0306,0.0001,0.5161,0.0047,0.0578,0.0002,0.1755,0.0002
dpmpp2m,512,16,3,0.0271,0.0001,polar3,polar,20000,480000,0.8932,0.0075,0.9073,0.0074,0.9006,0.0072,0.8234,0.0372,0.3862,0.0159,0.5258,0.0223,0.7166,0.0139
