process,d,K,T_train,hall_gt,T,model,arch,n_per_mode,n_anchors,roundtrip_acc,full_acc,mode_acc,mode_f1,hall_prec,hall_rec,hall_f1,balanced
ddim,2,2,150,0.0116,200,analytic,analytic,0,0,nan,0.9882,0.9912,0.9925,0.5975,0.7265,0.6557,0.8235
ddim,2,2,150,0.0116,200,analytic_T_train,analytic,0,0,nan,0.9862,0.9891,0.9916,0.5161,0.7342,0.6062,0.7977
ddim,2,2,150,0.0116,200,knn,knn,6667,20002,0.9998,0.9871,0.9895,0.9927,0.5042,0.7819,0.6130,0.8013
ddim,2,2,150,0.0116,200,kernel,kernel,6667,20002,0.9998,0.9855,0.9869,0.9920,0.4622,0.8592,0.6011,0.7940
ddim,2,2,150,0.0116,200,altered_knn,altered_knn,6667,13330,0.9998,0.9793,0.9887,0.9886,0.1839,0.1790,0.1815,0.5851
ddim,2,2,150,0.0116,200,linear,linear,6667,20002,0.9998,0.6582,0.6592,0.7922,0.0193,0.5681,0.0373,0.3482
ddim,2,2,150,0.0116,200,linear_cal,linear,6667,20002,0.9998,0.9760,0.9845,0.9871,0.1730,0.2490,0.2042,0.5943
ddim,2,2,150,0.0116,200,quadratic,quadratic,6667,20002,0.9998,0.9812,0.9855,0.9882,0.4213,0.6179,0.5010,0.7432
ddim,2,2,150,0.0116,200,quadratic_cal,quadratic,6667,20002,0.9998,0.9835,0.9882,0.9894,0.4879,0.5904,0.5343,0.7612
ddim,2,2,150,0.0116,200,polar2,polar,6667,20002,0.9998,0.9870,0.9900,0.9922,0.5329,0.7334,0.6173,0.8036
ddim,2,2,150,0.0116,200,polar2_cal,polar,6667,20002,0.9998,0.9885,0.9918,0.9926,0.6223,0.7132,0.6647,0.8282
ddim,2,2,150,0.0116,200,polar3,polar,6667,20002,0.9998,0.9873,0.9903,0.9925,0.5287,0.7269,0.6122,0.8013
ddim,2,2,150,0.0116,200,polar3_cal,polar,6667,20002,0.9998,0.9881,0.9914,0.9926,0.5866,0.7042,0.6400,0.8157
ddim,2,2,150,0.0116,200,polar8,polar,6667,20002,0.9998,0.9879,0.9910,0.9925,0.5767,0.7248,0.6423,0.8167
ddim,2,2,150,0.0116,200,polar8_cal,polar,6667,20002,0.9998,0.9881,0.9913,0.9926,0.5908,0.7222,0.6499,0.8206
ddim,2,2,150,0.0116,200,mlp,mlp,6667,20002,0.9998,0.9884,0.9915,0.9926,0.6086,0.7243,0.6614,0.8265
ddim,2,2,150,0.0116,200,mlp_cal,mlp,6667,20002,0.9998,0.9880,0.9911,0.9925,0.5884,0.7286,0.6511,0.8211
ddim,2,2,150,0.0116,200,knn,knn,16667,50002,0.9997,0.9877,0.9908,0.9929,0.5361,0.7265,0.6170,0.8039
ddim,2,2,150,0.0116,200,kernel,kernel,16667,50002,0.9997,0.9860,0.9884,0.9925,0.4586,0.7832,0.5785,0.7834
ddim,2,2,150,0.0116,200,altered_knn,altered_knn,16667,33330,0.9997,0.9823,0.9930,0.9898,0.1720,0.0786,0.1079,0.5504
ddim,2,2,150,0.0116,200,linear,linear,16667,50002,0.9997,0.6587,0.6598,0.7926,0.0193,0.5689,0.0374,0.3486
ddim,2,2,150,0.0116,200,linear_cal,linear,16667,50002,0.9997,0.9753,0.9840,0.9864,0.1667,0.2366,0.1956,0.5898
ddim,2,2,150,0.0116,200,quadratic,quadratic,16667,50002,0.9997,0.9812,0.9855,0.9882,0.4218,0.6161,0.5008,0.7431
ddim,2,2,150,0.0116,200,quadratic_cal,quadratic,16667,50002,0.9997,0.9835,0.9881,0.9894,0.4871,0.5900,0.5336,0.7609
ddim,2,2,150,0.0116,200,polar2,polar,16667,50002,0.9997,0.9870,0.9900,0.9922,0.5340,0.7342,0.6183,0.8042
ddim,2,2,150,0.0116,200,polar2_cal,polar,16667,50002,0.9997,0.9886,0.9918,0.9926,0.6241,0.7136,0.6659,0.8288
ddim,2,2,150,0.0116,200,polar3,polar,16667,50002,0.9997,0.9872,0.9903,0.9925,0.5282,0.7274,0.6120,0.8011
ddim,2,2,150,0.0116,200,polar3_cal,polar,16667,50002,0.9997,0.9881,0.9914,0.9926,0.5853,0.7067,0.6403,0.8159
ddim,2,2,150,0.0116,200,polar8,polar,16667,50002,0.9997,0.9879,0.9910,0.9925,0.5769,0.7265,0.6431,0.8171
ddim,2,2,150,0.0116,200,polar8_cal,polar,16667,50002,0.9997,0.9883,0.9914,0.9926,0.6004,0.7231,0.6560,0.8237
ddim,2,2,150,0.0116,200,mlp,mlp,16667,50002,0.9997,0.9883,0.9914,0.9925,0.6065,0.7248,0.6604,0.8259
ddim,2,2,150,0.0116,200,mlp_cal,mlp,16667,50002,0.9997,0.9884,0.9915,0.9926,0.6098,0.7248,0.6624,0.8269
ddim,2,2,150,0.0116,200,knn,knn,33333,99998,0.9997,0.9881,0.9913,0.9928,0.5753,0.7188,0.6391,0.8152
ddim,2,2,150,0.0116,200,kernel,kernel,33333,99998,0.9997,0.9863,0.9891,0.9926,0.4692,0.7497,0.5772,0.7831
ddim,2,2,150,0.0116,200,altered_knn,altered_knn,33333,66660,0.9997,0.9814,0.9917,0.9900,0.1463,0.1026,0.1206,0.5562
ddim,2,2,150,0.0116,200,linear,linear,33333,99998,0.9997,0.6577,0.6588,0.7919,0.0193,0.5689,0.0373,0.3480
ddim,2,2,150,0.0116,200,linear_cal,linear,33333,99998,0.9997,0.9772,0.9856,0.9883,0.1848,0.2722,0.2201,0.6028
ddim,2,2,150,0.0116,200,quadratic,quadratic,33333,99998,0.9997,0.9813,0.9856,0.9884,0.4190,0.6166,0.4990,0.7423
ddim,2,2,150,0.0116,200,quadratic_cal,quadratic,33333,99998,0.9997,0.9838,0.9885,0.9896,0.4891,0.5878,0.5339,0.7612
ddim,2,2,150,0.0116,200,polar2,polar,33333,99998,0.9997,0.9871,0.9901,0.9922,0.5353,0.7334,0.6188,0.8044
ddim,2,2,150,0.0116,200,polar2_cal,polar,33333,99998,0.9997,0.9885,0.9918,0.9926,0.6222,0.7115,0.6639,0.8278
ddim,2,2,150,0.0116,200,polar3,polar,33333,99998,0.9997,0.9873,0.9903,0.9925,0.5332,0.7282,0.6156,0.8030
ddim,2,2,150,0.0116,200,polar3_cal,polar,33333,99998,0.9997,0.9881,0.9914,0.9926,0.5865,0.7072,0.6412,0.8163
ddim,2,2,150,0.0116,200,polar8,polar,33333,99998,0.9997,0.9879,0.9910,0.9925,0.5766,0.7274,0.6433,0.8171
ddim,2,2,150,0.0116,200,polar8_cal,polar,33333,99998,0.9997,0.9882,0.9913,0.9926,0.5941,0.7235,0.6525,0.8219
ddim,2,2,150,0.0116,200,mlp,mlp,33333,99998,0.9997,0.9883,0.9914,0.9926,0.6062,0.7252,0.6604,0.8259
ddim,2,2,150,0.0116,200,mlp_cal,mlp,33333,99998,0.9997,0.9883,0.9914,0.9926,0.6068,0.7248,0.6605,0.8260
ddim,2,4,150,0.0167,200,analytic,analytic,0,0,nan,0.9829,0.9908,0.9893,0.6234,0.5135,0.5631,0.7770
ddim,2,4,150,0.0167,200,analytic_T_train,analytic,0,0,nan,0.9818,0.9892,0.9889,0.5662,0.5450,0.5554,0.7723
ddim,2,4,150,0.0167,200,knn,knn,3333,19996,0.9995,0.9784,0.9844,0.9869,0.4805,0.6208,0.5417,0.7631
ddim,2,4,150,0.0167,200,kernel,kernel,3333,19996,0.9995,0.9798,0.9859,0.9879,0.4982,0.6178,0.5516,0.7687
ddim,2,4,150,0.0167,200,altered_knn,altered_knn,3333,13320,0.9995,0.9615,0.9711,0.9782,0.2108,0.3918,0.2741,0.6226
ddim,2,4,150,0.0167,200,linear,linear,3333,19996,0.9995,0.2520,0.2435,0.3311,0.0166,0.7497,0.0325,0.1380
ddim,2,4,150,0.0167,200,linear_cal,linear,3333,19996,0.9995,0.8954,0.9099,0.9077,0.0654,0.0426,0.0516,0.4807
ddim,2,4,150,0.0167,200,quadratic,quadratic,3333,19996,0.9995,0.9618,0.9710,0.9734,0.3270,0.4209,0.3681,0.6695
ddim,2,4,150,0.0167,200,quadratic_cal,quadratic,3333,19996,0.9995,0.9664,0.9767,0.9749,0.4707,0.3591,0.4074,0.6921
ddim,2,4,150,0.0167,200,polar2,polar,3333,19996,0.9995,0.9598,0.9673,0.9754,0.2593,0.5192,0.3459,0.6566
ddim,2,4,150,0.0167,200,polar2_cal,polar,3333,19996,0.9995,0.9697,0.9804,0.9785,0.4362,0.3393,0.3817,0.6811
ddim,2,4,150,0.0167,200,polar3,polar,3333,19996,0.9995,0.9784,0.9852,0.9873,0.4623,0.5800,0.5145,0.7498
ddim,2,4,150,0.0167,200,polar3_cal,polar,3333,19996,0.9995,0.9808,0.9898,0.9879,0.5875,0.4538,0.5121,0.7509
ddim,2,4,150,0.0167,200,polar8,polar,3333,19996,0.9995,0.9812,0.9881,0.9885,0.5473,0.5752,0.5609,0.7745
ddim,2,4,150,0.0167,200,polar8_cal,polar,3333,19996,0.9995,0.9824,0.9907,0.9888,0.6412,0.4940,0.5581,0.7744
ddim,2,4,150,0.0167,200,mlp,mlp,3333,19996,0.9995,0.9831,0.9911,0.9894,0.6364,0.5120,0.5674,0.7793
ddim,2,4,150,0.0167,200,mlp_cal,mlp,3333,19996,0.9995,0.9831,0.9910,0.9895,0.6302,0.5174,0.5682,0.7796
ddim,2,4,150,0.0167,200,knn,knn,8333,49996,0.9994,0.9823,0.9889,0.9893,0.5678,0.5947,0.5810,0.7849
ddim,2,4,150,0.0167,200,kernel,kernel,8333,49996,0.9994,0.9815,0.9880,0.9890,0.5355,0.6010,0.5664,0.7772
ddim,2,4,150,0.0167,200,altered_knn,altered_knn,8333,33320,0.9994,0.9621,0.9698,0.9799,0.2305,0.5120,0.3179,0.6438
ddim,2,4,150,0.0167,200,linear,linear,8333,49996,0.9994,0.2566,0.2482,0.3358,0.0167,0.7476,0.0326,0.1404
ddim,2,4,150,0.0167,200,linear_cal,linear,8333,49996,0.9994,0.8919,0.9064,0.9042,0.0633,0.0393,0.0485,0.4774
ddim,2,4,150,0.0167,200,quadratic,quadratic,8333,49996,0.9994,0.9616,0.9708,0.9730,0.3335,0.4185,0.3712,0.6710
ddim,2,4,150,0.0167,200,quadratic_cal,quadratic,8333,49996,0.9994,0.9657,0.9760,0.9741,0.4684,0.3594,0.4067,0.6913
ddim,2,4,150,0.0167,200,polar2,polar,8333,49996,0.9994,0.9615,0.9689,0.9765,0.2698,0.5228,0.3559,0.6624
ddim,2,4,150,0.0167,200,polar2_cal,polar,8333,49996,0.9994,0.9711,0.9817,0.9798,0.4451,0.3465,0.3897,0.6857
ddim,2,4,150,0.0167,200,polar3,polar,8333,49996,0.9994,0.9789,0.9856,0.9876,0.4730,0.5854,0.5232,0.7544
ddim,2,4,150,0.0167,200,polar3_cal,polar,8333,49996,0.9994,0.9813,0.9900,0.9883,0.5869,0.4685,0.5211,0.7555
ddim,2,4,150,0.0167,200,polar8,polar,8333,49996,0.9994,0.9817,0.9886,0.9888,0.5630,0.5770,0.5699,0.7793
ddim,2,4,150,0.0167,200,polar8_cal,polar,8333,49996,0.9994,0.9826,0.9909,0.9889,0.6484,0.4931,0.5602,0.7756
ddim,2,4,150,0.0167,200,mlp,mlp,8333,49996,0.9994,0.9831,0.9910,0.9894,0.6349,0.5129,0.5674,0.7792
ddim,2,4,150,0.0167,200,mlp_cal,mlp,8333,49996,0.9994,0.9830,0.9910,0.9894,0.6304,0.5144,0.5665,0.7787
ddim,2,4,150,0.0167,200,knn,knn,16667,100004,0.9993,0.9831,0.9902,0.9896,0.6043,0.5662,0.5846,0.7874
ddim,2,4,150,0.0167,200,kernel,kernel,16667,100004,0.9993,0.9824,0.9891,0.9894,0.5637,0.5866,0.5749,0.7820
ddim,2,4,150,0.0167,200,altered_knn,altered_knn,16667,66660,0.9993,0.9621,0.9696,0.9798,0.2325,0.5186,0.3211,0.6453
ddim,2,4,150,0.0167,200,linear,linear,16667,100004,0.9993,0.2566,0.2483,0.3367,0.0166,0.7443,0.0325,0.1404
ddim,2,4,150,0.0167,200,linear_cal,linear,16667,100004,0.9993,0.8919,0.9064,0.9042,0.0624,0.0390,0.0480,0.4772
ddim,2,4,150,0.0167,200,quadratic,quadratic,16667,100004,0.9993,0.9616,0.9708,0.9729,0.3365,0.4170,0.3724,0.6716
ddim,2,4,150,0.0167,200,quadratic_cal,quadratic,16667,100004,0.9993,0.9655,0.9758,0.9740,0.4680,0.3591,0.4064,0.6911
ddim,2,4,150,0.0167,200,polar2,polar,16667,100004,0.9993,0.9624,0.9699,0.9771,0.2754,0.5219,0.3605,0.6652
ddim,2,4,150,0.0167,200,polar2_cal,polar,16667,100004,0.9993,0.9716,0.9821,0.9804,0.4430,0.3492,0.3905,0.6863
ddim,2,4,150,0.0167,200,polar3,polar,16667,100004,0.9993,0.9790,0.9858,0.9877,0.4677,0.5770,0.5166,0.7512
ddim,2,4,150,0.0167,200,polar3_cal,polar,16667,100004,0.9993,0.9813,0.9900,0.9884,0.5745,0.4658,0.5145,0.7522
ddim,2,4,150,0.0167,200,polar8,polar,16667,100004,0.9993,0.9812,0.9881,0.9886,0.5456,0.5737,0.5593,0.7737
ddim,2,4,150,0.0167,200,polar8_cal,polar,16667,100004,0.9993,0.9822,0.9906,0.9887,0.6287,0.4913,0.5516,0.7711
ddim,2,4,150,0.0167,200,mlp,mlp,16667,100004,0.9993,0.9831,0.9910,0.9895,0.6322,0.5138,0.5669,0.7790
ddim,2,4,150,0.0167,200,mlp_cal,mlp,16667,100004,0.9993,0.9831,0.9910,0.9895,0.6322,0.5138,0.5669,0.7790
ddim,2,8,150,0.0180,200,analytic,analytic,0,0,nan,0.9720,0.9824,0.9804,0.5200,0.4079,0.4572,0.7198
ddim,2,8,150,0.0180,200,analytic_T_train,analytic,0,0,nan,0.9709,0.9807,0.9800,0.4711,0.4368,0.4533,0.7170
ddim,2,8,150,0.0180,200,knn,knn,1667,20008,0.9994,0.9569,0.9653,0.9700,0.3242,0.4982,0.3928,0.6790
ddim,2,8,150,0.0180,200,kernel,kernel,1667,20008,0.9994,0.9633,0.9715,0.9755,0.3574,0.5188,0.4232,0.6973
ddim,2,8,150,0.0180,200,altered_knn,altered_knn,1667,13320,0.9994,0.9354,0.9483,0.9552,0.1313,0.2362,0.1687,0.5585
ddim,2,8,150,0.0180,200,linear,linear,1667,20008,0.9994,0.1282,0.1157,0.1740,0.0168,0.8122,0.0329,0.0743
ddim,2,8,150,0.0180,200,linear_cal,linear,1667,20008,0.9994,0.8014,0.8158,0.8144,0.0290,0.0200,0.0237,0.4197
ddim,2,8,150,0.0180,200,quadratic,quadratic,1667,20008,0.9994,0.9013,0.9095,0.9312,0.1288,0.4540,0.2006,0.5551
ddim,2,8,150,0.0180,200,quadratic_cal,quadratic,1667,20008,0.9994,0.9318,0.9441,0.9409,0.4444,0.2642,0.3314,0.6377
ddim,2,8,150,0.0180,200,polar2,polar,1667,20008,0.9994,0.8970,0.9050,0.9238,0.1390,0.4612,0.2137,0.5593
ddim,2,8,150,0.0180,200,polar2_cal,polar,1667,20008,0.9994,0.9175,0.9295,0.9270,0.3711,0.2587,0.3048,0.6172
ddim,2,8,150,0.0180,200,polar3,polar,1667,20008,0.9994,0.9366,0.9446,0.9561,0.2125,0.4968,0.2977,0.6212
ddim,2,8,150,0.0180,200,polar3_cal,polar,1667,20008,0.9994,0.9487,0.9603,0.9577,0.4478,0.3181,0.3720,0.6661
ddim,2,8,150,0.0180,200,polar8,polar,1667,20008,0.9994,0.9669,0.9758,0.9781,0.3836,0.4849,0.4283,0.7021
ddim,2,8,150,0.0180,200,polar8_cal,polar,1667,20008,0.9994,0.9693,0.9799,0.9783,0.4702,0.3907,0.4268,0.7033
ddim,2,8,150,0.0180,200,mlp,mlp,1667,20008,0.9994,0.9718,0.9821,0.9805,0.5027,0.4096,0.4514,0.7168
ddim,2,8,150,0.0180,200,mlp_cal,mlp,1667,20008,0.9994,0.9720,0.9824,0.9804,0.5137,0.4018,0.4509,0.7166
ddim,2,8,150,0.0180,200,knn,knn,4167,50008,0.9993,0.9666,0.9749,0.9778,0.3897,0.5165,0.4443,0.7096
ddim,2,8,150,0.0180,200,kernel,kernel,4167,50008,0.9993,0.9681,0.9764,0.9789,0.4066,0.5196,0.4562,0.7163
ddim,2,8,150,0.0180,200,altered_knn,altered_knn,4167,33320,0.9993,0.9467,0.9566,0.9686,0.1726,0.4082,0.2426,0.5996
ddim,2,8,150,0.0180,200,linear,linear,4167,50008,0.9993,0.1318,0.1194,0.1789,0.0168,0.8080,0.0329,0.0762
ddim,2,8,150,0.0180,200,linear_cal,linear,4167,50008,0.9993,0.8081,0.8226,0.8220,0.0289,0.0194,0.0233,0.4229
ddim,2,8,150,0.0180,200,quadratic,quadratic,4167,50008,0.9993,0.9035,0.9118,0.9336,0.1278,0.4496,0.1990,0.5554
ddim,2,8,150,0.0180,200,quadratic_cal,quadratic,4167,50008,0.9993,0.9344,0.9466,0.9436,0.4372,0.2681,0.3324,0.6395
ddim,2,8,150,0.0180,200,polar2,polar,4167,50008,0.9993,0.9003,0.9082,0.9268,0.1436,0.4693,0.2199,0.5640
ddim,2,8,150,0.0180,200,polar2_cal,polar,4167,50008,0.9993,0.9215,0.9335,0.9308,0.4001,0.2648,0.3187,0.6261
ddim,2,8,150,0.0180,200,polar3,polar,4167,50008,0.9993,0.9378,0.9457,0.9572,0.2165,0.5074,0.3034,0.6246
ddim,2,8,150,0.0180,200,polar3_cal,polar,4167,50008,0.9993,0.9498,0.9614,0.9588,0.4541,0.3162,0.3728,0.6671
ddim,2,8,150,0.0180,200,polar8,polar,4167,50008,0.9993,0.9664,0.9752,0.9776,0.3819,0.4851,0.4274,0.7013
ddim,2,8,150,0.0180,200,polar8_cal,polar,4167,50008,0.9993,0.9689,0.9798,0.9777,0.4882,0.3734,0.4232,0.7015
ddim,2,8,150,0.0180,200,mlp,mlp,4167,50008,0.9993,0.9717,0.9820,0.9804,0.5007,0.4084,0.4499,0.7160
ddim,2,8,150,0.0180,200,mlp_cal,mlp,4167,50008,0.9993,0.9717,0.9820,0.9804,0.5009,0.4082,0.4498,0.7159
ddim,2,8,150,0.0180,200,knn,knn,8333,99992,0.9993,0.9697,0.9785,0.9798,0.4247,0.4851,0.4529,0.7157
ddim,2,8,150,0.0180,200,kernel,kernel,8333,99992,0.9993,0.9694,0.9781,0.9796,0.4215,0.4918,0.4540,0.7161
ddim,2,8,150,0.0180,200,altered_knn,altered_knn,8333,66640,0.9993,0.9491,0.9584,0.9710,0.1829,0.4435,0.2590,0.6087
ddim,2,8,150,0.0180,200,linear,linear,8333,99992,0.9993,0.1334,0.1211,0.1806,0.0168,0.8077,0.0330,0.0770
ddim,2,8,150,0.0180,200,linear_cal,linear,8333,99992,0.9993,0.8039,0.8184,0.8171,0.0241,0.0156,0.0189,0.4186
ddim,2,8,150,0.0180,200,quadratic,quadratic,8333,99992,0.9993,0.9032,0.9115,0.9332,0.1281,0.4493,0.1994,0.5555
ddim,2,8,150,0.0180,200,quadratic_cal,quadratic,8333,99992,0.9993,0.9335,0.9457,0.9426,0.4378,0.2659,0.3309,0.6383
ddim,2,8,150,0.0180,200,polar2,polar,8333,99992,0.9993,0.9004,0.9085,0.9266,0.1429,0.4587,0.2179,0.5632
ddim,2,8,150,0.0180,200,polar2_cal,polar,8333,99992,0.9993,0.9222,0.9343,0.9312,0.4336,0.2615,0.3262,0.6303
ddim,2,8,150,0.0180,200,polar3,polar,8333,99992,0.9993,0.9384,0.9466,0.9577,0.2140,0.4904,0.2979,0.6223
ddim,2,8,150,0.0180,200,polar3_cal,polar,8333,99992,0.9993,0.9503,0.9618,0.9593,0.4490,0.3204,0.3739,0.6679
ddim,2,8,150,0.0180,200,polar8,polar,8333,99992,0.9993,0.9665,0.9753,0.9777,0.3838,0.4846,0.4283,0.7018
ddim,2,8,150,0.0180,200,polar8_cal,polar,8333,99992,0.9993,0.9688,0.9798,0.9777,0.4836,0.3687,0.4184,0.6991
ddim,2,8,150,0.0180,200,mlp,mlp,8333,99992,0.9993,0.9718,0.9821,0.9804,0.5036,0.4082,0.4509,0.7165
ddim,2,8,150,0.0180,200,mlp_cal,mlp,8333,99992,0.9993,0.9718,0.9822,0.9804,0.5068,0.4040,0.4496,0.7159
ddim,2,16,150,0.0158,200,analytic,analytic,0,0,nan,0.9615,0.9715,0.9698,0.4302,0.3354,0.3770,0.6742
ddim,2,16,150,0.0158,200,analytic_T_train,analytic,0,0,nan,0.9607,0.9703,0.9696,0.3954,0.3611,0.3774,0.6739
ddim,2,16,150,0.0158,200,knn,knn,833,19984,0.9993,0.9343,0.9423,0.9491,0.2289,0.4348,0.2999,0.6211
ddim,2,16,150,0.0158,200,kernel,kernel,833,19984,0.9993,0.9460,0.9536,0.9604,0.2523,0.4744,0.3294,0.6415
ddim,2,16,150,0.0158,200,altered_knn,altered_knn,833,13280,0.9993,0.8842,0.8954,0.9100,0.0607,0.1832,0.0912,0.4933
ddim,2,16,150,0.0158,200,linear,linear,833,19984,0.9993,0.0759,0.0650,0.1174,0.0130,0.7566,0.0255,0.0452
ddim,2,16,150,0.0158,200,linear_cal,linear,833,19984,0.9993,0.6170,0.6246,0.5977,0.1938,0.1434,0.1648,0.3947
ddim,2,16,150,0.0158,200,quadratic,quadratic,833,19984,0.9993,0.8374,0.8432,0.8855,0.0687,0.4804,0.1202,0.4817
ddim,2,16,150,0.0158,200,quadratic_cal,quadratic,833,19984,0.9993,0.9007,0.9108,0.9084,0.3780,0.2715,0.3160,0.6134
ddim,2,16,150,0.0158,200,polar2,polar,833,19984,0.9993,0.9259,0.9341,0.9396,0.2397,0.4146,0.3037,0.6189
ddim,2,16,150,0.0158,200,polar2_cal,polar,833,19984,0.9993,0.9326,0.9429,0.9417,0.3471,0.2908,0.3165,0.6297
ddim,2,16,150,0.0158,200,polar3,polar,833,19984,0.9993,0.9496,0.9579,0.9619,0.2871,0.4351,0.3460,0.6519
ddim,2,16,150,0.0158,200,polar3_cal,polar,833,19984,0.9993,0.9540,0.9639,0.9629,0.3849,0.3345,0.3579,0.6609
ddim,2,16,150,0.0158,200,polar8,polar,833,19984,0.9993,0.9590,0.9679,0.9692,0.3471,0.4038,0.3733,0.6706
ddim,2,16,150,0.0158,200,polar8_cal,polar,833,19984,0.9993,0.9608,0.9709,0.9693,0.4216,0.3342,0.3728,0.6719
ddim,2,16,150,0.0158,200,mlp,mlp,833,19984,0.9993,0.9610,0.9707,0.9698,0.3985,0.3541,0.3750,0.6728
ddim,2,16,150,0.0158,200,mlp_cal,mlp,833,19984,0.9993,0.9614,0.9715,0.9699,0.4229,0.3367,0.3749,0.6732
ddim,2,16,150,0.0158,200,knn,knn,2083,50000,0.9994,0.9503,0.9583,0.9633,0.2728,0.4491,0.3394,0.6489
ddim,2,16,150,0.0158,200,kernel,kernel,2083,50000,0.9994,0.9545,0.9627,0.9667,0.2925,0.4453,0.3531,0.6579
ddim,2,16,150,0.0158,200,altered_knn,altered_knn,2083,33280,0.9994,0.8773,0.8878,0.9053,0.0622,0.2190,0.0969,0.4924
ddim,2,16,150,0.0158,200,linear,linear,2083,50000,0.9994,0.0803,0.0695,0.1256,0.0129,0.7513,0.0254,0.0475
ddim,2,16,150,0.0158,200,linear_cal,linear,2083,50000,0.9994,0.6185,0.6259,0.6013,0.1964,0.1557,0.1737,0.3998
ddim,2,16,150,0.0158,200,quadratic,quadratic,2083,50000,0.9994,0.8391,0.8448,0.8874,0.0690,0.4832,0.1207,0.4828
ddim,2,16,150,0.0158,200,quadratic_cal,quadratic,2083,50000,0.9994,0.9022,0.9124,0.9098,0.3992,0.2693,0.3216,0.6170
ddim,2,16,150,0.0158,200,polar2,polar,2083,50000,0.9994,0.9268,0.9350,0.9405,0.2400,0.4158,0.3044,0.6197
ddim,2,16,150,0.0158,200,polar2_cal,polar,2083,50000,0.9994,0.9337,0.9440,0.9427,0.3575,0.2978,0.3249,0.6344
ddim,2,16,150,0.0158,200,polar3,polar,2083,50000,0.9994,0.9501,0.9581,0.9625,0.2873,0.4497,0.3506,0.6544
ddim,2,16,150,0.0158,200,polar3_cal,polar,2083,50000,0.9994,0.9555,0.9658,0.9640,0.4121,0.3168,0.3582,0.6620
ddim,2,16,150,0.0158,200,polar8,polar,2083,50000,0.9994,0.9592,0.9681,0.9693,0.3529,0.4070,0.3780,0.6731
ddim,2,16,150,0.0158,200,polar8_cal,polar,2083,50000,0.9994,0.9609,0.9711,0.9693,0.4253,0.3288,0.3709,0.6710
ddim,2,16,150,0.0158,200,mlp,mlp,2083,50000,0.9994,0.9609,0.9707,0.9699,0.3920,0.3494,0.3695,0.6701
ddim,2,16,150,0.0158,200,mlp_cal,mlp,2083,50000,0.9994,0.9615,0.9716,0.9699,0.4239,0.3313,0.3719,0.6718
ddim,2,16,150,0.0158,200,knn,knn,4167,100016,0.9992,0.9564,0.9648,0.9678,0.3129,0.4329,0.3633,0.6640
ddim,2,16,150,0.0158,200,kernel,kernel,4167,100016,0.9992,0.9572,0.9659,0.9687,0.3075,0.4187,0.3546,0.6602
ddim,2,16,150,0.0158,200,altered_knn,altered_knn,4167,66640,0.9992,0.8501,0.8625,0.8635,0.0625,0.0788,0.0697,0.4661
ddim,2,16,150,0.0158,200,linear,linear,4167,100016,0.9992,0.0814,0.0707,0.1283,0.0129,0.7487,0.0253,0.0480
ddim,2,16,150,0.0158,200,linear_cal,linear,4167,100016,0.9992,0.6243,0.6318,0.6067,0.1941,0.1532,0.1712,0.4015
ddim,2,16,150,0.0158,200,quadratic,quadratic,4167,100016,0.9992,0.8414,0.8471,0.8896,0.0693,0.4835,0.1212,0.4842
ddim,2,16,150,0.0158,200,quadratic_cal,quadratic,4167,100016,0.9992,0.9042,0.9143,0.9119,0.3879,0.2709,0.3190,0.6167
ddim,2,16,150,0.0158,200,polar2,polar,4167,100016,0.9992,0.9260,0.9343,0.9393,0.2439,0.4057,0.3047,0.6195
ddim,2,16,150,0.0158,200,polar2_cal,polar,4167,100016,0.9992,0.9327,0.9429,0.9415,0.3577,0.2959,0.3239,0.6334
ddim,2,16,150,0.0158,200,polar3,polar,4167,100016,0.9992,0.9498,0.9578,0.9620,0.2924,0.4509,0.3547,0.6563
ddim,2,16,150,0.0158,200,polar3_cal,polar,4167,100016,0.9992,0.9548,0.9649,0.9634,0.4038,0.3263,0.3609,0.6629
ddim,2,16,150,0.0158,200,polar8,polar,4167,100016,0.9992,0.9592,0.9681,0.9692,0.3542,0.4070,0.3787,0.6734
ddim,2,16,150,0.0158,200,polar8_cal,polar,4167,100016,0.9992,0.9607,0.9708,0.9692,0.4208,0.3345,0.3727,0.6718
ddim,2,16,150,0.0158,200,mlp,mlp,4167,100016,0.9992,0.9608,0.9707,0.9698,0.3907,0.3491,0.3687,0.6697
ddim,2,16,150,0.0158,200,mlp_cal,mlp,4167,100016,0.9992,0.9612,0.9712,0.9699,0.4076,0.3392,0.3703,0.6707
ddim,4,2,150,0.0128,200,analytic,analytic,0,0,nan,0.9875,0.9901,0.9913,0.6632,0.7928,0.7222,0.8562
ddim,4,2,150,0.0128,200,analytic_T_train,analytic,0,0,nan,0.9852,0.9873,0.9902,0.5669,0.8228,0.6713,0.8293
ddim,4,2,150,0.0128,200,knn,knn,6667,20002,0.9998,0.9404,0.9473,0.9451,0.6448,0.4100,0.5013,0.7243
ddim,4,2,150,0.0128,200,kernel,kernel,6667,20002,0.9998,0.9596,0.9654,0.9631,0.8121,0.5183,0.6328,0.7991
ddim,4,2,150,0.0128,200,altered_knn,altered_knn,6667,13330,0.9998,0.8357,0.8404,0.9089,0.0377,0.4743,0.0698,0.4551
ddim,4,2,150,0.0128,200,linear,linear,6667,20002,0.9998,0.6625,0.6644,0.7953,0.0196,0.5171,0.0379,0.3511
ddim,4,2,150,0.0128,200,linear_cal,linear,6667,20002,0.9998,0.9715,0.9823,0.9832,0.1191,0.1347,0.1264,0.5544
ddim,4,2,150,0.0128,200,quadratic,quadratic,6667,20002,0.9998,0.9850,0.9899,0.9897,0.6340,0.6106,0.6221,0.8060
ddim,4,2,150,0.0128,200,quadratic_cal,quadratic,6667,20002,0.9998,0.9838,0.9880,0.9890,0.5688,0.6612,0.6116,0.7998
ddim,4,2,150,0.0128,200,polar2,polar,6667,20002,0.9998,0.9874,0.9903,0.9913,0.6648,0.7667,0.7121,0.8512
ddim,4,2,150,0.0128,200,polar2_cal,polar,6667,20002,0.9998,0.9871,0.9900,0.9912,0.6494,0.7702,0.7047,0.8473
ddim,4,2,150,0.0128,200,polar3,polar,6667,20002,0.9998,0.9875,0.9901,0.9914,0.6549,0.7913,0.7166,0.8533
ddim,4,2,150,0.0128,200,polar3_cal,polar,6667,20002,0.9998,0.9876,0.9902,0.9914,0.6633,0.7886,0.7205,0.8554
ddim,4,2,150,0.0128,200,polar8,polar,6667,20002,0.9998,0.9877,0.9903,0.9915,0.6662,0.7866,0.7214,0.8559
ddim,4,2,150,0.0128,200,polar8_cal,polar,6667,20002,0.9998,0.9877,0.9903,0.9915,0.6662,0.7866,0.7214,0.8559
ddim,4,2,150,0.0128,200,mlp,mlp,6667,20002,0.9998,0.9878,0.9905,0.9915,0.6765,0.7827,0.7258,0.8581
ddim,4,2,150,0.0128,200,mlp_cal,mlp,6667,20002,0.9998,0.9874,0.9899,0.9914,0.6456,0.7917,0.7112,0.8506
ddim,4,2,150,0.0128,200,knn,knn,16667,50002,0.9998,0.9510,0.9572,0.9554,0.6705,0.4794,0.5590,0.7581
ddim,4,2,150,0.0128,200,kernel,kernel,16667,50002,0.9998,0.9681,0.9733,0.9713,0.8351,0.5701,0.6776,0.8254
ddim,4,2,150,0.0128,200,altered_knn,altered_knn,16667,33330,0.9998,0.9059,0.9136,0.9460,0.0490,0.3069,0.0845,0.4991
ddim,4,2,150,0.0128,200,linear,linear,16667,50002,0.9998,0.6634,0.6653,0.7960,0.0197,0.5183,0.0380,0.3517
ddim,4,2,150,0.0128,200,linear_cal,linear,16667,50002,0.9998,0.9738,0.9845,0.9852,0.1374,0.1523,0.1444,0.5645
ddim,4,2,150,0.0128,200,quadratic,quadratic,16667,50002,0.9998,0.9854,0.9903,0.9899,0.6488,0.6079,0.6277,0.8090
ddim,4,2,150,0.0128,200,quadratic_cal,quadratic,16667,50002,0.9998,0.9840,0.9881,0.9892,0.5711,0.6628,0.6136,0.8009
ddim,4,2,150,0.0128,200,polar2,polar,16667,50002,0.9998,0.9875,0.9904,0.9912,0.6722,0.7632,0.7148,0.8526
ddim,4,2,150,0.0128,200,polar2_cal,polar,16667,50002,0.9998,0.9871,0.9898,0.9911,0.6466,0.7745,0.7048,0.8473
ddim,4,2,150,0.0128,200,polar3,polar,16667,50002,0.9998,0.9875,0.9901,0.9914,0.6531,0.7932,0.7164,0.8532
ddim,4,2,150,0.0128,200,polar3_cal,polar,16667,50002,0.9998,0.9876,0.9901,0.9915,0.6548,0.7932,0.7174,0.8537
ddim,4,2,150,0.0128,200,polar8,polar,16667,50002,0.9998,0.9877,0.9902,0.9915,0.6628,0.7921,0.7217,0.8559
ddim,4,2,150,0.0128,200,polar8_cal,polar,16667,50002,0.9998,0.9876,0.9902,0.9915,0.6599,0.7924,0.7201,0.8551
ddim,4,2,150,0.0128,200,mlp,mlp,16667,50002,0.9998,0.9878,0.9904,0.9914,0.6748,0.7870,0.7266,0.8585
ddim,4,2,150,0.0128,200,mlp_cal,mlp,16667,50002,0.9998,0.9875,0.9901,0.9914,0.6571,0.7917,0.7181,0.8541
ddim,4,2,150,0.0128,200,knn,knn,33333,99998,0.9999,0.9582,0.9638,0.9622,0.6983,0.5245,0.5991,0.7814
ddim,4,2,150,0.0128,200,kernel,kernel,33333,99998,0.9999,0.9728,0.9776,0.9758,0.8354,0.6048,0.7016,0.8396
ddim,4,2,150,0.0128,200,altered_knn,altered_knn,33333,66660,0.9999,0.9306,0.9397,0.9575,0.0593,0.2290,0.0943,0.5170
ddim,4,2,150,0.0128,200,linear,linear,33333,99998,0.9999,0.6625,0.6644,0.7953,0.0197,0.5187,0.0380,0.3512
ddim,4,2,150,0.0128,200,linear_cal,linear,33333,99998,0.9999,0.9751,0.9858,0.9861,0.1420,0.1476,0.1447,0.5653
ddim,4,2,150,0.0128,200,quadratic,quadratic,33333,99998,0.9999,0.9851,0.9900,0.9897,0.6441,0.6102,0.6267,0.8083
ddim,4,2,150,0.0128,200,quadratic_cal,quadratic,33333,99998,0.9999,0.9837,0.9879,0.9890,0.5695,0.6636,0.6129,0.8004
ddim,4,2,150,0.0128,200,polar2,polar,33333,99998,0.9999,0.9875,0.9904,0.9912,0.6757,0.7636,0.7170,0.8537
ddim,4,2,150,0.0128,200,polar2_cal,polar,33333,99998,0.9999,0.9871,0.9899,0.9911,0.6512,0.7741,0.7073,0.8486
ddim,4,2,150,0.0128,200,polar3,polar,33333,99998,0.9999,0.9875,0.9900,0.9914,0.6534,0.7944,0.7170,0.8535
ddim,4,2,150,0.0128,200,polar3_cal,polar,33333,99998,0.9999,0.9875,0.9901,0.9914,0.6550,0.7932,0.7175,0.8538
ddim,4,2,150,0.0128,200,polar8,polar,33333,99998,0.9999,0.9876,0.9902,0.9914,0.6632,0.7921,0.7219,0.8560
ddim,4,2,150,0.0128,200,polar8_cal,polar,33333,99998,0.9999,0.9875,0.9900,0.9914,0.6525,0.7963,0.7173,0.8536
ddim,4,2,150,0.0128,200,mlp,mlp,33333,99998,0.9999,0.9877,0.9903,0.9914,0.6732,0.7878,0.7260,0.8582
ddim,4,2,150,0.0128,200,mlp_cal,mlp,33333,99998,0.9999,0.9876,0.9901,0.9914,0.6605,0.7917,0.7202,0.8551
ddim,4,4,150,0.0153,200,analytic,analytic,0,0,nan,0.9748,0.9808,0.9808,0.5913,0.5900,0.5906,0.7857
ddim,4,4,150,0.0153,200,analytic_T_train,analytic,0,0,nan,0.9728,0.9783,0.9799,0.5109,0.6167,0.5589,0.7686
ddim,4,4,150,0.0153,200,knn,knn,3333,19996,0.9998,0.8457,0.8534,0.8543,0.3849,0.3501,0.3667,0.6100
ddim,4,4,150,0.0153,200,kernel,kernel,3333,19996,0.9998,0.8778,0.8848,0.8859,0.4463,0.4306,0.4383,0.6615
ddim,4,4,150,0.0153,200,altered_knn,altered_knn,3333,13320,0.9998,0.8833,0.8957,0.8985,0.0711,0.0935,0.0808,0.4882
ddim,4,4,150,0.0153,200,linear,linear,3333,19996,0.9998,0.2800,0.2736,0.3799,0.0148,0.6936,0.0291,0.1513
ddim,4,4,150,0.0153,200,linear_cal,linear,3333,19996,0.9998,0.8738,0.8870,0.8879,0.0226,0.0212,0.0219,0.4545
ddim,4,4,150,0.0153,200,quadratic,quadratic,3333,19996,0.9998,0.9500,0.9572,0.9570,0.5150,0.4873,0.5008,0.7290
ddim,4,4,150,0.0153,200,quadratic_cal,quadratic,3333,19996,0.9998,0.9503,0.9575,0.9571,0.5264,0.4837,0.5042,0.7309
ddim,4,4,150,0.0153,200,polar2,polar,3333,19996,0.9998,0.9589,0.9649,0.9675,0.4246,0.5717,0.4873,0.7261
ddim,4,4,150,0.0153,200,polar2_cal,polar,3333,19996,0.9998,0.9613,0.9680,0.9682,0.5142,0.5264,0.5202,0.7441
ddim,4,4,150,0.0153,200,polar3,polar,3333,19996,0.9998,0.9691,0.9749,0.9764,0.5003,0.6014,0.5462,0.7605
ddim,4,4,150,0.0153,200,polar3_cal,polar,3333,19996,0.9998,0.9702,0.9763,0.9766,0.5584,0.5786,0.5683,0.7723
ddim,4,4,150,0.0153,200,polar8,polar,3333,19996,0.9998,0.9739,0.9798,0.9804,0.5529,0.5975,0.5743,0.7771
ddim,4,4,150,0.0153,200,polar8_cal,polar,3333,19996,0.9998,0.9742,0.9801,0.9805,0.5670,0.5945,0.5804,0.7803
ddim,4,4,150,0.0153,200,mlp,mlp,3333,19996,0.9998,0.9751,0.9814,0.9809,0.6158,0.5753,0.5949,0.7881
ddim,4,4,150,0.0153,200,mlp_cal,mlp,3333,19996,0.9998,0.9746,0.9806,0.9809,0.5694,0.5887,0.5788,0.7797
ddim,4,4,150,0.0153,200,knn,knn,8333,49996,0.9996,0.8785,0.8859,0.8862,0.4309,0.4016,0.4157,0.6508
ddim,4,4,150,0.0153,200,kernel,kernel,8333,49996,0.9996,0.9025,0.9094,0.9096,0.5012,0.4596,0.4795,0.6945
ddim,4,4,150,0.0153,200,altered_knn,altered_knn,8333,33320,0.9996,0.8949,0.9072,0.9100,0.0775,0.1027,0.0883,0.4978
ddim,4,4,150,0.0153,200,linear,linear,8333,49996,0.9996,0.2824,0.2761,0.3853,0.0148,0.6884,0.0290,0.1525
ddim,4,4,150,0.0153,200,linear_cal,linear,8333,49996,0.9996,0.8776,0.8909,0.8914,0.0235,0.0212,0.0223,0.4566
ddim,4,4,150,0.0153,200,quadratic,quadratic,8333,49996,0.9996,0.9510,0.9582,0.9579,0.5191,0.4870,0.5025,0.7304
ddim,4,4,150,0.0153,200,quadratic_cal,quadratic,8333,49996,0.9996,0.9514,0.9587,0.9581,0.5366,0.4798,0.5066,0.7327
ddim,4,4,150,0.0153,200,polar2,polar,8333,49996,0.9996,0.9594,0.9655,0.9685,0.4072,0.5698,0.4749,0.7202
ddim,4,4,150,0.0153,200,polar2_cal,polar,8333,49996,0.9996,0.9623,0.9694,0.9694,0.5107,0.5121,0.5114,0.7404
ddim,4,4,150,0.0153,200,polar3,polar,8333,49996,0.9996,0.9696,0.9754,0.9769,0.5044,0.5994,0.5478,0.7616
ddim,4,4,150,0.0153,200,polar3_cal,polar,8333,49996,0.9996,0.9706,0.9766,0.9771,0.5520,0.5808,0.5661,0.7714
ddim,4,4,150,0.0153,200,polar8,polar,8333,49996,0.9996,0.9741,0.9800,0.9805,0.5657,0.5965,0.5807,0.7804
ddim,4,4,150,0.0153,200,polar8_cal,polar,8333,49996,0.9996,0.9738,0.9794,0.9804,0.5413,0.6105,0.5738,0.7766
ddim,4,4,150,0.0153,200,mlp,mlp,8333,49996,0.9996,0.9752,0.9813,0.9809,0.6188,0.5789,0.5982,0.7898
ddim,4,4,150,0.0153,200,mlp_cal,mlp,8333,49996,0.9996,0.9746,0.9805,0.9809,0.5690,0.5903,0.5794,0.7800
ddim,4,4,150,0.0153,200,knn,knn,16667,100004,0.9995,0.8979,0.9053,0.9052,0.4626,0.4188,0.4396,0.6725
ddim,4,4,150,0.0153,200,kernel,kernel,16667,100004,0.9995,0.9169,0.9237,0.9235,0.5329,0.4860,0.5084,0.7160
ddim,4,4,150,0.0153,200,altered_knn,altered_knn,16667,66660,0.9995,0.7754,0.7775,0.8666,0.0446,0.6382,0.0833,0.4304
ddim,4,4,150,0.0153,200,linear,linear,16667,100004,0.9995,0.2780,0.2715,0.3794,0.0148,0.6936,0.0290,0.1502
ddim,4,4,150,0.0153,200,linear_cal,linear,16667,100004,0.9995,0.8762,0.8895,0.8899,0.0236,0.0209,0.0222,0.4558
ddim,4,4,150,0.0153,200,quadratic,quadratic,16667,100004,0.9995,0.9505,0.9577,0.9574,0.5210,0.4844,0.5020,0.7299
ddim,4,4,150,0.0153,200,quadratic_cal,quadratic,16667,100004,0.9995,0.9506,0.9579,0.9574,0.5242,0.4808,0.5015,0.7297
ddim,4,4,150,0.0153,200,polar2,polar,16667,100004,0.9995,0.9592,0.9653,0.9682,0.4089,0.5688,0.4757,0.7205
ddim,4,4,150,0.0153,200,polar2_cal,polar,16667,100004,0.9995,0.9621,0.9691,0.9691,0.5083,0.5117,0.5100,0.7395
ddim,4,4,150,0.0153,200,polar3,polar,16667,100004,0.9995,0.9703,0.9761,0.9774,0.5112,0.5962,0.5504,0.7633
ddim,4,4,150,0.0153,200,polar3_cal,polar,16667,100004,0.9995,0.9714,0.9774,0.9777,0.5651,0.5818,0.5733,0.7754
ddim,4,4,150,0.0153,200,polar8,polar,16667,100004,0.9995,0.9744,0.9803,0.9805,0.5796,0.5955,0.5875,0.7839
ddim,4,4,150,0.0153,200,polar8_cal,polar,16667,100004,0.9995,0.9742,0.9800,0.9805,0.5631,0.6017,0.5818,0.7809
ddim,4,4,150,0.0153,200,mlp,mlp,16667,100004,0.9995,0.9752,0.9814,0.9809,0.6239,0.5808,0.6016,0.7915
ddim,4,4,150,0.0153,200,mlp_cal,mlp,16667,100004,0.9995,0.9747,0.9807,0.9808,0.5826,0.5887,0.5856,0.7832
ddim,4,8,150,0.0175,200,analytic,analytic,0,0,nan,0.9677,0.9765,0.9754,0.5462,0.4747,0.5080,0.7422
ddim,4,8,150,0.0175,200,analytic_T_train,analytic,0,0,nan,0.9665,0.9745,0.9750,0.4865,0.5147,0.5002,0.7374
ddim,4,8,150,0.0175,200,knn,knn,1667,20008,0.9996,0.7788,0.7862,0.7996,0.1319,0.3629,0.1935,0.4899
ddim,4,8,150,0.0175,200,kernel,kernel,1667,20008,0.9996,0.8045,0.8112,0.8317,0.1144,0.4318,0.1809,0.4960
ddim,4,8,150,0.0175,200,altered_knn,altered_knn,1667,13320,0.9996,0.8351,0.8460,0.8697,0.0546,0.2202,0.0875,0.4668
ddim,4,8,150,0.0175,200,linear,linear,1667,20008,0.9996,0.1666,0.1569,0.2458,0.0149,0.7112,0.0292,0.0931
ddim,4,8,150,0.0175,200,linear_cal,linear,1667,20008,0.9996,0.8468,0.8614,0.8606,0.0351,0.0300,0.0324,0.4469
ddim,4,8,150,0.0175,200,quadratic,quadratic,1667,20008,0.9996,0.9054,0.9145,0.9185,0.2752,0.3986,0.3256,0.6200
ddim,4,8,150,0.0175,200,quadratic_cal,quadratic,1667,20008,0.9996,0.9104,0.9210,0.9202,0.3701,0.3146,0.3401,0.6305
ddim,4,8,150,0.0175,200,polar2,polar,1667,20008,0.9996,0.9266,0.9350,0.9417,0.2539,0.4532,0.3255,0.6303
ddim,4,8,150,0.0175,200,polar2_cal,polar,1667,20008,0.9996,0.9349,0.9454,0.9442,0.4058,0.3429,0.3717,0.6585
ddim,4,8,150,0.0175,200,polar3,polar,1667,20008,0.9996,0.9498,0.9575,0.9624,0.3313,0.5196,0.4046,0.6810
ddim,4,8,150,0.0175,200,polar3_cal,polar,1667,20008,0.9996,0.9555,0.9652,0.9636,0.5032,0.4075,0.4503,0.7078
ddim,4,8,150,0.0175,200,polar8,polar,1667,20008,0.9996,0.9605,0.9683,0.9703,0.4218,0.5190,0.4654,0.7169
ddim,4,8,150,0.0175,200,polar8_cal,polar,1667,20008,0.9996,0.9629,0.9719,0.9707,0.5291,0.4544,0.4889,0.7304
ddim,4,8,150,0.0175,200,mlp,mlp,1667,20008,0.9996,0.9667,0.9754,0.9749,0.5082,0.4781,0.4927,0.7341
ddim,4,8,150,0.0175,200,mlp_cal,mlp,1667,20008,0.9996,0.9673,0.9762,0.9749,0.5497,0.4635,0.5029,0.7396
ddim,4,8,150,0.0175,200,knn,knn,4167,50008,0.9995,0.8204,0.8282,0.8393,0.1618,0.3826,0.2274,0.5278
ddim,4,8,150,0.0175,200,kernel,kernel,4167,50008,0.9995,0.8408,0.8477,0.8649,0.1416,0.4512,0.2155,0.5316
ddim,4,8,150,0.0175,200,altered_knn,altered_knn,4167,33320,0.9995,0.8620,0.8744,0.8867,0.0665,0.1676,0.0952,0.4848
ddim,4,8,150,0.0175,200,linear,linear,4167,50008,0.9995,0.1644,0.1546,0.2441,0.0149,0.7112,0.0291,0.0919
ddim,4,8,150,0.0175,200,linear_cal,linear,4167,50008,0.9995,0.8472,0.8617,0.8609,0.0369,0.0300,0.0331,0.4474
ddim,4,8,150,0.0175,200,quadratic,quadratic,4167,50008,0.9995,0.9038,0.9128,0.9173,0.2657,0.3998,0.3193,0.6160
ddim,4,8,150,0.0175,200,quadratic_cal,quadratic,4167,50008,0.9995,0.9097,0.9203,0.9193,0.3761,0.3146,0.3426,0.6314
ddim,4,8,150,0.0175,200,polar2,polar,4167,50008,0.9995,0.9273,0.9357,0.9425,0.2519,0.4564,0.3246,0.6301
ddim,4,8,150,0.0175,200,polar2_cal,polar,4167,50008,0.9995,0.9360,0.9467,0.9452,0.4161,0.3346,0.3709,0.6588
ddim,4,8,150,0.0175,200,polar3,polar,4167,50008,0.9995,0.9515,0.9592,0.9640,0.3314,0.5176,0.4041,0.6817
ddim,4,8,150,0.0175,200,polar3_cal,polar,4167,50008,0.9995,0.9567,0.9663,0.9651,0.4843,0.4155,0.4473,0.7068
ddim,4,8,150,0.0175,200,polar8,polar,4167,50008,0.9995,0.9626,0.9706,0.9723,0.4307,0.5144,0.4689,0.7197
ddim,4,8,150,0.0175,200,polar8_cal,polar,4167,50008,0.9995,0.9647,0.9739,0.9725,0.5348,0.4524,0.4902,0.7320
ddim,4,8,150,0.0175,200,mlp,mlp,4167,50008,0.9995,0.9681,0.9770,0.9755,0.5649,0.4681,0.5120,0.7445
ddim,4,8,150,0.0175,200,mlp_cal,mlp,4167,50008,0.9995,0.9680,0.9769,0.9755,0.5598,0.4713,0.5117,0.7443
ddim,4,8,150,0.0175,200,knn,knn,8333,99992,0.9994,0.8495,0.8575,0.8670,0.1854,0.3986,0.2531,0.5553
ddim,4,8,150,0.0175,200,kernel,kernel,8333,99992,0.9994,0.8664,0.8735,0.8874,0.1702,0.4633,0.2490,0.5613
ddim,4,8,150,0.0175,200,altered_knn,altered_knn,8333,66640,0.9994,0.8747,0.8873,0.8966,0.0780,0.1656,0.1060,0.4967
ddim,4,8,150,0.0175,200,linear,linear,8333,99992,0.9994,0.1626,0.1529,0.2425,0.0148,0.7100,0.0290,0.0909
ddim,4,8,150,0.0175,200,linear_cal,linear,8333,99992,0.9994,0.8472,0.8618,0.8606,0.0377,0.0292,0.0329,0.4473
ddim,4,8,150,0.0175,200,quadratic,quadratic,8333,99992,0.9994,0.9048,0.9137,0.9183,0.2682,0.4055,0.3229,0.6183
ddim,4,8,150,0.0175,200,quadratic_cal,quadratic,8333,99992,0.9994,0.9107,0.9213,0.9203,0.3788,0.3154,0.3442,0.6327
ddim,4,8,150,0.0175,200,polar2,polar,8333,99992,0.9994,0.9272,0.9356,0.9423,0.2560,0.4570,0.3281,0.6319
ddim,4,8,150,0.0175,200,polar2_cal,polar,8333,99992,0.9994,0.9362,0.9470,0.9450,0.4426,0.3286,0.3772,0.6621
ddim,4,8,150,0.0175,200,polar3,polar,8333,99992,0.9994,0.9514,0.9591,0.9641,0.3282,0.5190,0.4021,0.6806
ddim,4,8,150,0.0175,200,polar3_cal,polar,8333,99992,0.9994,0.9568,0.9663,0.9654,0.4786,0.4275,0.4516,0.7089
ddim,4,8,150,0.0175,200,polar8,polar,8333,99992,0.9994,0.9632,0.9712,0.9728,0.4337,0.5179,0.4720,0.7216
ddim,4,8,150,0.0175,200,polar8_cal,polar,8333,99992,0.9994,0.9651,0.9742,0.9730,0.5241,0.4532,0.4861,0.7301
ddim,4,8,150,0.0175,200,mlp,mlp,8333,99992,0.9994,0.9683,0.9772,0.9755,0.5787,0.4690,0.5181,0.7476
ddim,4,8,150,0.0175,200,mlp_cal,mlp,8333,99992,0.9994,0.9681,0.9769,0.9755,0.5649,0.4744,0.5157,0.7463
ddim,4,16,150,0.0189,200,analytic,analytic,0,0,nan,0.9557,0.9663,0.9646,0.4971,0.4044,0.4460,0.7062
ddim,4,16,150,0.0189,200,analytic_T_train,analytic,0,0,nan,0.9547,0.9645,0.9644,0.4554,0.4498,0.4526,0.7085
ddim,4,16,150,0.0189,200,knn,knn,833,19984,0.9995,0.7232,0.7296,0.7492,0.1063,0.3910,0.1671,0.4484
ddim,4,16,150,0.0189,200,kernel,kernel,833,19984,0.9995,0.7291,0.7333,0.7779,0.0733,0.5106,0.1282,0.4307
ddim,4,16,150,0.0189,200,altered_knn,altered_knn,833,13280,0.9995,0.8189,0.8311,0.8443,0.0710,0.1861,0.1028,0.4670
ddim,4,16,150,0.0189,200,linear,linear,833,19984,0.9995,0.1042,0.0926,0.1647,0.0149,0.7064,0.0292,0.0609
ddim,4,16,150,0.0189,200,linear_cal,linear,833,19984,0.9995,0.8243,0.8392,0.8364,0.0758,0.0536,0.0628,0.4510
ddim,4,16,150,0.0189,200,quadratic,quadratic,833,19984,0.9995,0.8802,0.8886,0.9058,0.1505,0.4483,0.2253,0.5569
ddim,4,16,150,0.0189,200,quadratic_cal,quadratic,833,19984,0.9995,0.9054,0.9177,0.9154,0.3566,0.2658,0.3046,0.6112
ddim,4,16,150,0.0189,200,polar2,polar,833,19984,0.9995,0.9153,0.9239,0.9320,0.2469,0.4683,0.3233,0.6236
ddim,4,16,150,0.0189,200,polar2_cal,polar,833,19984,0.9995,0.9250,0.9367,0.9347,0.4061,0.3189,0.3572,0.6469
ddim,4,16,150,0.0189,200,polar3,polar,833,19984,0.9995,0.9333,0.9421,0.9492,0.2703,0.4815,0.3462,0.6441
ddim,4,16,150,0.0189,200,polar3_cal,polar,833,19984,0.9995,0.9410,0.9524,0.9512,0.4048,0.3543,0.3779,0.6651
ddim,4,16,150,0.0189,200,polar8,polar,833,19984,0.9995,0.9468,0.9560,0.9593,0.3497,0.4744,0.4026,0.6793
ddim,4,16,150,0.0189,200,polar8_cal,polar,833,19984,0.9995,0.9502,0.9609,0.9598,0.4530,0.3997,0.4247,0.6928
ddim,4,16,150,0.0189,200,mlp,mlp,833,19984,0.9995,0.9525,0.9623,0.9631,0.4121,0.4456,0.4282,0.6953
ddim,4,16,150,0.0189,200,mlp_cal,mlp,833,19984,0.9995,0.9549,0.9660,0.9632,0.5428,0.3783,0.4459,0.7059
ddim,4,16,150,0.0189,200,knn,knn,2083,50000,0.9996,0.7723,0.7796,0.7951,0.1323,0.3960,0.1983,0.4889
ddim,4,16,150,0.0189,200,kernel,kernel,2083,50000,0.9996,0.7803,0.7855,0.8190,0.0968,0.5077,0.1626,0.4741
ddim,4,16,150,0.0189,200,altered_knn,altered_knn,2083,33280,0.9996,0.8482,0.8628,0.8628,0.0909,0.0903,0.0906,0.4767
ddim,4,16,150,0.0189,200,linear,linear,2083,50000,0.9996,0.1039,0.0924,0.1649,0.0148,0.7017,0.0289,0.0607
ddim,4,16,150,0.0189,200,linear_cal,linear,2083,50000,0.9996,0.8320,0.8471,0.8443,0.0784,0.0533,0.0635,0.4553
ddim,4,16,150,0.0189,200,quadratic,quadratic,2083,50000,0.9996,0.8832,0.8916,0.9087,0.1509,0.4443,0.2253,0.5585
ddim,4,16,150,0.0189,200,quadratic_cal,quadratic,2083,50000,0.9996,0.9087,0.9211,0.9187,0.3639,0.2669,0.3080,0.6145
ddim,4,16,150,0.0189,200,polar2,polar,2083,50000,0.9996,0.9175,0.9263,0.9337,0.2527,0.4630,0.3270,0.6266
ddim,4,16,150,0.0189,200,polar2_cal,polar,2083,50000,0.9996,0.9268,0.9387,0.9366,0.4065,0.3139,0.3542,0.6464
ddim,4,16,150,0.0189,200,polar3,polar,2083,50000,0.9996,0.9350,0.9438,0.9504,0.2788,0.4797,0.3526,0.6482
ddim,4,16,150,0.0189,200,polar3_cal,polar,2083,50000,0.9996,0.9428,0.9543,0.9524,0.4374,0.3469,0.3869,0.6706
ddim,4,16,150,0.0189,200,polar8,polar,2083,50000,0.9996,0.9494,0.9585,0.9611,0.3766,0.4807,0.4224,0.6904
ddim,4,16,150,0.0189,200,polar8_cal,polar,2083,50000,0.9996,0.9527,0.9638,0.9614,0.5153,0.3772,0.4356,0.6997
ddim,4,16,150,0.0189,200,mlp,mlp,2083,50000,0.9996,0.9556,0.9661,0.9645,0.5000,0.4092,0.4501,0.7081
ddim,4,16,150,0.0189,200,mlp_cal,mlp,2083,50000,0.9996,0.9555,0.9660,0.9645,0.4920,0.4142,0.4498,0.7079
ddim,4,16,150,0.0189,200,knn,knn,4167,100016,0.9995,0.8056,0.8132,0.8257,0.1604,0.4087,0.2304,0.5218
ddim,4,16,150,0.0189,200,kernel,kernel,4167,100016,0.9995,0.8140,0.8197,0.8464,0.1209,0.5158,0.1959,0.5078
ddim,4,16,150,0.0189,200,altered_knn,altered_knn,4167,66640,0.9995,0.8597,0.8742,0.8749,0.0999,0.1074,0.1035,0.4889
ddim,4,16,150,0.0189,200,linear,linear,4167,100016,0.9995,0.1026,0.0910,0.1627,0.0148,0.7041,0.0290,0.0600
ddim,4,16,150,0.0189,200,linear_cal,linear,4167,100016,0.9995,0.8318,0.8468,0.8442,0.0793,0.0536,0.0639,0.4554
ddim,4,16,150,0.0189,200,quadratic,quadratic,4167,100016,0.9995,0.8831,0.8916,0.9085,0.1514,0.4435,0.2257,0.5586
ddim,4,16,150,0.0189,200,quadratic_cal,quadratic,4167,100016,0.9995,0.9084,0.9209,0.9185,0.3637,0.2658,0.3072,0.6140
ddim,4,16,150,0.0189,200,polar2,polar,4167,100016,0.9995,0.9178,0.9265,0.9339,0.2538,0.4622,0.3277,0.6271
ddim,4,16,150,0.0189,200,polar2_cal,polar,4167,100016,0.9995,0.9268,0.9386,0.9366,0.4077,0.3155,0.3557,0.6472
ddim,4,16,150,0.0189,200,polar3,polar,4167,100016,0.9995,0.9360,0.9448,0.9512,0.2853,0.4836,0.3589,0.6518
ddim,4,16,150,0.0189,200,polar3_cal,polar,4167,100016,0.9995,0.9432,0.9547,0.9529,0.4350,0.3487,0.3871,0.6709
ddim,4,16,150,0.0189,200,polar8,polar,4167,100016,0.9995,0.9504,0.9594,0.9617,0.3877,0.4810,0.4293,0.6944
ddim,4,16,150,0.0189,200,polar8_cal,polar,4167,100016,0.9995,0.9533,0.9644,0.9619,0.5180,0.3794,0.4380,0.7012
ddim,4,16,150,0.0189,200,mlp,mlp,4167,100016,0.9995,0.9562,0.9670,0.9647,0.5307,0.3968,0.4541,0.7105
ddim,4,16,150,0.0189,200,mlp_cal,mlp,4167,100016,0.9995,0.9561,0.9669,0.9647,0.5244,0.3994,0.4535,0.7102
ddim,8,2,150,0.0132,200,analytic,analytic,0,0,nan,0.9824,0.9848,0.9868,0.6142,0.7992,0.6946,0.8397
ddim,8,2,150,0.0132,200,analytic_T_train,analytic,0,0,nan,0.9788,0.9808,0.9851,0.5041,0.8335,0.6283,0.8045
ddim,8,2,150,0.0132,200,knn,knn,6667,20002,0.9997,0.8454,0.8556,0.8504,0.6817,0.0914,0.1611,0.5083
ddim,8,2,150,0.0132,200,kernel,kernel,6667,20002,0.9997,0.9627,0.9756,0.9691,1.0000,0.0053,0.0105,0.4930
ddim,8,2,150,0.0132,200,altered_knn,altered_knn,6667,13330,0.9997,0.8043,0.8091,0.8851,0.0327,0.4515,0.0610,0.4350
ddim,8,2,150,0.0132,200,linear,linear,6667,20002,0.9997,0.6768,0.6793,0.8058,0.0204,0.4964,0.0391,0.3592
ddim,8,2,150,0.0132,200,linear_cal,linear,6667,20002,0.9997,0.9667,0.9783,0.9802,0.0787,0.1015,0.0887,0.5335
ddim,8,2,150,0.0132,200,quadratic,quadratic,6667,20002,0.9997,0.9835,0.9879,0.9870,0.7547,0.6572,0.7026,0.8452
ddim,8,2,150,0.0132,200,quadratic_cal,quadratic,6667,20002,0.9997,0.9804,0.9834,0.9855,0.5783,0.7614,0.6573,0.8204
ddim,8,2,150,0.0132,200,polar2,polar,6667,20002,0.9997,0.9809,0.9838,0.9864,0.5531,0.7690,0.6434,0.8136
ddim,8,2,150,0.0132,200,polar2_cal,polar,6667,20002,0.9997,0.9816,0.9846,0.9866,0.5766,0.7558,0.6541,0.8194
ddim,8,2,150,0.0132,200,polar3,polar,6667,20002,0.9997,0.9832,0.9859,0.9871,0.6615,0.7777,0.7149,0.8504
ddim,8,2,150,0.0132,200,polar3_cal,polar,6667,20002,0.9997,0.9820,0.9844,0.9869,0.5869,0.8056,0.6791,0.8317
ddim,8,2,150,0.0132,200,polar8,polar,6667,20002,0.9997,0.9820,0.9848,0.9860,0.6524,0.7701,0.7064,0.8456
ddim,8,2,150,0.0132,200,polar8_cal,polar,6667,20002,0.9997,0.9812,0.9838,0.9859,0.5956,0.7852,0.6774,0.8306
ddim,8,2,150,0.0132,200,mlp,mlp,6667,20002,0.9997,0.9834,0.9863,0.9873,0.6706,0.7678,0.7159,0.8511
ddim,8,2,150,0.0132,200,mlp_cal,mlp,6667,20002,0.9997,0.9819,0.9845,0.9870,0.5735,0.7905,0.6648,0.8246
ddim,8,2,150,0.0132,200,knn,knn,16667,50002,0.9997,0.8621,0.8723,0.8672,0.7382,0.1065,0.1861,0.5292
ddim,8,2,150,0.0132,200,kernel,kernel,16667,50002,0.9997,0.9670,0.9799,0.9734,1.0000,0.0098,0.0194,0.4997
ddim,8,2,150,0.0132,200,altered_knn,altered_knn,16667,33330,0.9997,0.8897,0.8988,0.9264,0.0390,0.2122,0.0659,0.4823
ddim,8,2,150,0.0132,200,linear,linear,16667,50002,0.9997,0.6755,0.6780,0.8048,0.0202,0.4938,0.0387,0.3584
ddim,8,2,150,0.0132,200,linear_cal,linear,16667,50002,0.9997,0.9685,0.9802,0.9814,0.0842,0.0997,0.0913,0.5357
ddim,8,2,150,0.0132,200,quadratic,quadratic,16667,50002,0.9997,0.9838,0.9882,0.9873,0.7570,0.6572,0.7036,0.8459
ddim,8,2,150,0.0132,200,quadratic_cal,quadratic,16667,50002,0.9997,0.9809,0.9839,0.9858,0.5854,0.7584,0.6607,0.8223
ddim,8,2,150,0.0132,200,polar2,polar,16667,50002,0.9997,0.9813,0.9841,0.9866,0.5604,0.7693,0.6484,0.8163
ddim,8,2,150,0.0132,200,polar2_cal,polar,16667,50002,0.9997,0.9816,0.9846,0.9867,0.5750,0.7580,0.6540,0.8193
ddim,8,2,150,0.0132,200,polar3,polar,16667,50002,0.9997,0.9831,0.9858,0.9870,0.6635,0.7765,0.7156,0.8507
ddim,8,2,150,0.0132,200,polar3_cal,polar,16667,50002,0.9997,0.9823,0.9848,0.9868,0.6106,0.7984,0.6920,0.8384
ddim,8,2,150,0.0132,200,polar8,polar,16667,50002,0.9997,0.9829,0.9856,0.9867,0.6644,0.7788,0.7171,0.8513
ddim,8,2,150,0.0132,200,polar8_cal,polar,16667,50002,0.9997,0.9824,0.9851,0.9867,0.6320,0.7844,0.7000,0.8425
ddim,8,2,150,0.0132,200,mlp,mlp,16667,50002,0.9997,0.9830,0.9858,0.9870,0.6546,0.7792,0.7115,0.8486
ddim,8,2,150,0.0132,200,mlp_cal,mlp,16667,50002,0.9997,0.9823,0.9848,0.9869,0.6009,0.7935,0.6839,0.8344
ddim,8,2,150,0.0132,200,knn,knn,33333,99998,0.9998,0.8698,0.8798,0.8747,0.7799,0.1257,0.2165,0.5481
ddim,8,2,150,0.0132,200,kernel,kernel,33333,99998,0.9998,0.9693,0.9821,0.9757,1.0000,0.0143,0.0283,0.5052
ddim,8,2,150,0.0132,200,altered_knn,altered_knn,33333,66660,0.9998,0.9031,0.9129,0.9322,0.0428,0.1752,0.0687,0.4908
ddim,8,2,150,0.0132,200,linear,linear,33333,99998,0.9998,0.6737,0.6761,0.8035,0.0201,0.4960,0.0387,0.3574
ddim,8,2,150,0.0132,200,linear_cal,linear,33333,99998,0.9998,0.9664,0.9777,0.9808,0.0819,0.1200,0.0974,0.5376
ddim,8,2,150,0.0132,200,quadratic,quadratic,33333,99998,0.9998,0.9839,0.9883,0.9874,0.7575,0.6614,0.7062,0.8472
ddim,8,2,150,0.0132,200,quadratic_cal,quadratic,33333,99998,0.9998,0.9810,0.9840,0.9860,0.5871,0.7610,0.6628,0.8234
ddim,8,2,150,0.0132,200,polar2,polar,33333,99998,0.9998,0.9817,0.9846,0.9868,0.5754,0.7678,0.6578,0.8212
ddim,8,2,150,0.0132,200,polar2_cal,polar,33333,99998,0.9998,0.9817,0.9846,0.9868,0.5782,0.7659,0.6590,0.8218
ddim,8,2,150,0.0132,200,polar3,polar,33333,99998,0.9998,0.9830,0.9858,0.9869,0.6640,0.7750,0.7152,0.8505
ddim,8,2,150,0.0132,200,polar3_cal,polar,33333,99998,0.9998,0.9827,0.9853,0.9869,0.6358,0.7890,0.7042,0.8447
ddim,8,2,150,0.0132,200,polar8,polar,33333,99998,0.9998,0.9829,0.9857,0.9868,0.6637,0.7784,0.7165,0.8511
ddim,8,2,150,0.0132,200,polar8_cal,polar,33333,99998,0.9998,0.9824,0.9850,0.9867,0.6277,0.7912,0.7001,0.8425
ddim,8,2,150,0.0132,200,mlp,mlp,33333,99998,0.9998,0.9829,0.9856,0.9870,0.6454,0.7852,0.7084,0.8470
ddim,8,2,150,0.0132,200,mlp_cal,mlp,33333,99998,0.9998,0.9822,0.9847,0.9869,0.6004,0.8003,0.6861,0.8354
ddim,8,4,150,0.0138,200,analytic,analytic,0,0,nan,0.9747,0.9779,0.9797,0.5908,0.7522,0.6618,0.8198
ddim,8,4,150,0.0138,200,analytic_T_train,analytic,0,0,nan,0.9717,0.9742,0.9783,0.4944,0.7905,0.6083,0.7912
ddim,8,4,150,0.0138,200,knn,knn,3333,19996,0.9997,0.7021,0.7099,0.7089,0.2898,0.1499,0.1976,0.4538
ddim,8,4,150,0.0138,200,kernel,kernel,3333,19996,0.9997,0.8733,0.8845,0.8794,0.9655,0.0708,0.1319,0.5082
ddim,8,4,150,0.0138,200,altered_knn,altered_knn,3333,13320,0.9997,0.7423,0.7460,0.8302,0.0312,0.4819,0.0586,0.4023
ddim,8,4,150,0.0138,200,linear,linear,3333,19996,0.9997,0.3774,0.3752,0.5347,0.0120,0.5358,0.0235,0.1993
ddim,8,4,150,0.0138,200,linear_cal,linear,3333,19996,0.9997,0.9111,0.9234,0.9247,0.0331,0.0394,0.0360,0.4797
ddim,8,4,150,0.0138,200,quadratic,quadratic,3333,19996,0.9997,0.9548,0.9598,0.9590,0.6800,0.5997,0.6374,0.7986
ddim,8,4,150,0.0138,200,quadratic_cal,quadratic,3333,19996,0.9997,0.9531,0.9572,0.9582,0.5775,0.6593,0.6157,0.7865
ddim,8,4,150,0.0138,200,polar2,polar,3333,19996,0.9997,0.9650,0.9689,0.9712,0.5112,0.6835,0.5849,0.7769
ddim,8,4,150,0.0138,200,polar2_cal,polar,3333,19996,0.9997,0.9663,0.9708,0.9717,0.5709,0.6431,0.6048,0.7878
ddim,8,4,150,0.0138,200,polar3,polar,3333,19996,0.9997,0.9674,0.9708,0.9724,0.5848,0.7225,0.6464,0.8086
ddim,8,4,150,0.0138,200,polar3_cal,polar,3333,19996,0.9997,0.9677,0.9713,0.9725,0.6093,0.7117,0.6566,0.8139
ddim,8,4,150,0.0138,200,polar8,polar,3333,19996,0.9997,0.9650,0.9686,0.9703,0.5626,0.7045,0.6256,0.7971
ddim,8,4,150,0.0138,200,polar8_cal,polar,3333,19996,0.9997,0.9655,0.9693,0.9704,0.5968,0.6929,0.6413,0.8053
ddim,8,4,150,0.0138,200,mlp,mlp,3333,19996,0.9997,0.9740,0.9779,0.9790,0.6016,0.7009,0.6474,0.8126
ddim,8,4,150,0.0138,200,mlp_cal,mlp,3333,19996,0.9997,0.9738,0.9775,0.9790,0.5834,0.7066,0.6391,0.8083
ddim,8,4,150,0.0138,200,knn,knn,8333,49996,0.9997,0.7311,0.7388,0.7375,0.3937,0.1814,0.2483,0.4936
ddim,8,4,150,0.0138,200,kernel,kernel,8333,49996,0.9997,0.8751,0.8862,0.8815,0.9762,0.0889,0.1629,0.5245
ddim,8,4,150,0.0138,200,altered_knn,altered_knn,8333,33320,0.9997,0.8151,0.8228,0.8635,0.0345,0.2652,0.0610,0.4419
ddim,8,4,150,0.0138,200,linear,linear,8333,49996,0.9997,0.3727,0.3705,0.5297,0.0119,0.5332,0.0232,0.1968
ddim,8,4,150,0.0138,200,linear_cal,linear,8333,49996,0.9997,0.9101,0.9223,0.9238,0.0332,0.0408,0.0366,0.4794
ddim,8,4,150,0.0138,200,quadratic,quadratic,8333,49996,0.9997,0.9560,0.9609,0.9601,0.6827,0.6055,0.6418,0.8013
ddim,8,4,150,0.0138,200,quadratic_cal,quadratic,8333,49996,0.9997,0.9541,0.9583,0.9592,0.5788,0.6568,0.6153,0.7868
ddim,8,4,150,0.0138,200,polar2,polar,8333,49996,0.9997,0.9663,0.9703,0.9724,0.5203,0.6806,0.5898,0.7800
ddim,8,4,150,0.0138,200,polar2_cal,polar,8333,49996,0.9997,0.9675,0.9720,0.9728,0.5771,0.6517,0.6121,0.7920
ddim,8,4,150,0.0138,200,polar3,polar,8333,49996,0.9997,0.9702,0.9737,0.9749,0.6164,0.7182,0.6634,0.8186
ddim,8,4,150,0.0138,200,polar3_cal,polar,8333,49996,0.9997,0.9701,0.9736,0.9748,0.6106,0.7189,0.6604,0.8170
ddim,8,4,150,0.0138,200,polar8,polar,8333,49996,0.9997,0.9722,0.9757,0.9769,0.6142,0.7276,0.6661,0.8209
ddim,8,4,150,0.0138,200,polar8_cal,polar,8333,49996,0.9997,0.9719,0.9752,0.9769,0.5949,0.7392,0.6593,0.8172
ddim,8,4,150,0.0138,200,mlp,mlp,8333,49996,0.9997,0.9755,0.9790,0.9799,0.6442,0.7240,0.6817,0.8304
ddim,8,4,150,0.0138,200,mlp_cal,mlp,8333,49996,0.9997,0.9752,0.9786,0.9798,0.6206,0.7363,0.6735,0.8260
ddim,8,4,150,0.0138,200,knn,knn,16667,100004,0.9997,0.7460,0.7536,0.7521,0.4328,0.2023,0.2757,0.5147
ddim,8,4,150,0.0138,200,kernel,kernel,16667,100004,0.9997,0.8705,0.8813,0.8768,0.9859,0.1008,0.1829,0.5321
ddim,8,4,150,0.0138,200,altered_knn,altered_knn,16667,66660,0.9997,0.8511,0.8608,0.8768,0.0440,0.1575,0.0688,0.4648
ddim,8,4,150,0.0138,200,linear,linear,16667,100004,0.9997,0.3727,0.3704,0.5296,0.0118,0.5303,0.0231,0.1968
ddim,8,4,150,0.0138,200,linear_cal,linear,16667,100004,0.9997,0.9093,0.9216,0.9231,0.0316,0.0387,0.0348,0.4782
ddim,8,4,150,0.0138,200,quadratic,quadratic,16667,100004,0.9997,0.9553,0.9602,0.9595,0.6841,0.6055,0.6424,0.8013
ddim,8,4,150,0.0138,200,quadratic_cal,quadratic,16667,100004,0.9997,0.9534,0.9575,0.9585,0.5758,0.6615,0.6157,0.7866
ddim,8,4,150,0.0138,200,polar2,polar,16667,100004,0.9997,0.9662,0.9702,0.9723,0.5222,0.6806,0.5910,0.7806
ddim,8,4,150,0.0138,200,polar2_cal,polar,16667,100004,0.9997,0.9672,0.9716,0.9726,0.5671,0.6521,0.6066,0.7891
ddim,8,4,150,0.0138,200,polar3,polar,16667,100004,0.9997,0.9705,0.9741,0.9751,0.6240,0.7171,0.6673,0.8207
ddim,8,4,150,0.0138,200,polar3_cal,polar,16667,100004,0.9997,0.9705,0.9740,0.9751,0.6219,0.7189,0.6669,0.8205
ddim,8,4,150,0.0138,200,polar8,polar,16667,100004,0.9997,0.9733,0.9768,0.9779,0.6207,0.7247,0.6687,0.8227
ddim,8,4,150,0.0138,200,polar8_cal,polar,16667,100004,0.9997,0.9731,0.9765,0.9779,0.6075,0.7319,0.6639,0.8202
ddim,8,4,150,0.0138,200,mlp,mlp,16667,100004,0.9997,0.9754,0.9789,0.9798,0.6437,0.7283,0.6834,0.8311
ddim,8,4,150,0.0138,200,mlp_cal,mlp,16667,100004,0.9997,0.9751,0.9785,0.9797,0.6221,0.7352,0.6740,0.8262
ddim,8,8,150,0.0142,200,analytic,analytic,0,0,nan,0.9773,0.9811,0.9826,0.5914,0.7145,0.6472,0.8141
ddim,8,8,150,0.0142,200,analytic_T_train,analytic,0,0,nan,0.9738,0.9772,0.9810,0.4838,0.7447,0.5866,0.7819
ddim,8,8,150,0.0142,200,knn,knn,1667,20008,0.9995,0.6089,0.6146,0.6191,0.1126,0.2184,0.1486,0.3816
ddim,8,8,150,0.0142,200,kernel,kernel,1667,20008,0.9995,0.8497,0.8563,0.8616,0.2334,0.3904,0.2922,0.5742
ddim,8,8,150,0.0142,200,altered_knn,altered_knn,1667,13320,0.9995,0.7852,0.7936,0.8137,0.0464,0.2051,0.0757,0.4347
ddim,8,8,150,0.0142,200,linear,linear,1667,20008,0.9995,0.2406,0.2353,0.3756,0.0114,0.6096,0.0225,0.1289
ddim,8,8,150,0.0142,200,linear_cal,linear,1667,20008,0.9995,0.8948,0.9074,0.9082,0.0206,0.0228,0.0217,0.4645
ddim,8,8,150,0.0142,200,quadratic,quadratic,1667,20008,0.9995,0.9409,0.9469,0.9471,0.5176,0.5274,0.5224,0.7347
ddim,8,8,150,0.0142,200,quadratic_cal,quadratic,1667,20008,0.9995,0.9395,0.9451,0.9464,0.4694,0.5555,0.5088,0.7270
ddim,8,8,150,0.0142,200,polar2,polar,1667,20008,0.9995,0.9561,0.9611,0.9634,0.4630,0.6106,0.5267,0.7439
ddim,8,8,150,0.0142,200,polar2_cal,polar,1667,20008,0.9995,0.9579,0.9636,0.9641,0.5347,0.5629,0.5484,0.7560
ddim,8,8,150,0.0142,200,polar3,polar,1667,20008,0.9995,0.9590,0.9632,0.9660,0.4764,0.6692,0.5566,0.7599
ddim,8,8,150,0.0142,200,polar3_cal,polar,1667,20008,0.9995,0.9609,0.9659,0.9665,0.5701,0.6138,0.5911,0.7785
ddim,8,8,150,0.0142,200,polar8,polar,1667,20008,0.9995,0.9529,0.9572,0.9601,0.4686,0.6573,0.5471,0.7522
ddim,8,8,150,0.0142,200,polar8_cal,polar,1667,20008,0.9995,0.9549,0.9599,0.9604,0.5740,0.6099,0.5914,0.7757
ddim,8,8,150,0.0142,200,mlp,mlp,1667,20008,0.9995,0.9603,0.9647,0.9673,0.4779,0.6573,0.5534,0.7591
ddim,8,8,150,0.0142,200,mlp_cal,mlp,1667,20008,0.9995,0.9624,0.9673,0.9679,0.5701,0.6208,0.5944,0.7808
ddim,8,8,150,0.0142,200,knn,knn,4167,50008,0.9997,0.6410,0.6469,0.6505,0.1339,0.2331,0.1701,0.4085
ddim,8,8,150,0.0142,200,kernel,kernel,4167,50008,0.9997,0.8680,0.8757,0.8767,0.3497,0.3416,0.3456,0.6107
ddim,8,8,150,0.0142,200,altered_knn,altered_knn,4167,33320,0.9997,0.8039,0.8135,0.8246,0.0495,0.1415,0.0733,0.4434
ddim,8,8,150,0.0142,200,linear,linear,4167,50008,0.9997,0.2410,0.2357,0.3765,0.0114,0.6085,0.0224,0.1291
ddim,8,8,150,0.0142,200,linear_cal,linear,4167,50008,0.9997,0.8968,0.9094,0.9102,0.0223,0.0246,0.0234,0.4664
ddim,8,8,150,0.0142,200,quadratic,quadratic,4167,50008,0.9997,0.9438,0.9498,0.9499,0.5215,0.5242,0.5229,0.7363
ddim,8,8,150,0.0142,200,quadratic_cal,quadratic,4167,50008,0.9997,0.9422,0.9476,0.9491,0.4669,0.5629,0.5104,0.7290
ddim,8,8,150,0.0142,200,polar2,polar,4167,50008,0.9997,0.9594,0.9646,0.9668,0.4590,0.6032,0.5213,0.7430
ddim,8,8,150,0.0142,200,polar2_cal,polar,4167,50008,0.9997,0.9612,0.9669,0.9675,0.5253,0.5653,0.5446,0.7557
ddim,8,8,150,0.0142,200,polar3,polar,4167,50008,0.9997,0.9661,0.9704,0.9721,0.5422,0.6675,0.5984,0.7844
ddim,8,8,150,0.0142,200,polar3_cal,polar,4167,50008,0.9997,0.9664,0.9709,0.9722,0.5588,0.6559,0.6035,0.7872
ddim,8,8,150,0.0142,200,polar8,polar,4167,50008,0.9997,0.9677,0.9716,0.9734,0.5583,0.6924,0.6182,0.7949
ddim,8,8,150,0.0142,200,polar8_cal,polar,4167,50008,0.9997,0.9684,0.9726,0.9736,0.5993,0.6773,0.6359,0.8043
ddim,8,8,150,0.0142,200,mlp,mlp,4167,50008,0.9997,0.9757,0.9797,0.9808,0.6074,0.6987,0.6499,0.8148
ddim,8,8,150,0.0142,200,mlp_cal,mlp,4167,50008,0.9997,0.9761,0.9802,0.9809,0.6287,0.6903,0.6581,0.8191
ddim,8,8,150,0.0142,200,knn,knn,8333,99992,0.9996,0.6635,0.6694,0.6718,0.1678,0.2521,0.2015,0.4354
ddim,8,8,150,0.0142,200,kernel,kernel,8333,99992,0.9996,0.8789,0.8867,0.8862,0.4166,0.3332,0.3703,0.6285
ddim,8,8,150,0.0142,200,altered_knn,altered_knn,8333,66640,0.9996,0.7614,0.7664,0.8237,0.0390,0.4136,0.0712,0.4188
ddim,8,8,150,0.0142,200,linear,linear,8333,99992,0.9996,0.2409,0.2356,0.3764,0.0114,0.6096,0.0225,0.1290
ddim,8,8,150,0.0142,200,linear_cal,linear,8333,99992,0.9996,0.8959,0.9085,0.9092,0.0203,0.0221,0.0211,0.4648
ddim,8,8,150,0.0142,200,quadratic,quadratic,8333,99992,0.9996,0.9448,0.9508,0.9509,0.5306,0.5327,0.5316,0.7412
ddim,8,8,150,0.0142,200,quadratic_cal,quadratic,8333,99992,0.9996,0.9435,0.9491,0.9502,0.4843,0.5565,0.5179,0.7335
ddim,8,8,150,0.0142,200,polar2,polar,8333,99992,0.9996,0.9603,0.9655,0.9678,0.4567,0.6053,0.5206,0.7430
ddim,8,8,150,0.0142,200,polar2_cal,polar,8333,99992,0.9996,0.9623,0.9681,0.9685,0.5334,0.5614,0.5470,0.7576
ddim,8,8,150,0.0142,200,polar3,polar,8333,99992,0.9996,0.9694,0.9739,0.9751,0.5631,0.6647,0.6097,0.7918
ddim,8,8,150,0.0142,200,polar3_cal,polar,8333,99992,0.9996,0.9698,0.9743,0.9752,0.5815,0.6538,0.6155,0.7949
ddim,8,8,150,0.0142,200,polar8,polar,8333,99992,0.9996,0.9723,0.9763,0.9777,0.5844,0.6942,0.6346,0.8054
ddim,8,8,150,0.0142,200,polar8_cal,polar,8333,99992,0.9996,0.9727,0.9770,0.9778,0.6100,0.6794,0.6429,0.8099
ddim,8,8,150,0.0142,200,mlp,mlp,8333,99992,0.9996,0.9783,0.9824,0.9827,0.6655,0.6910,0.6780,0.8302
ddim,8,8,150,0.0142,200,mlp_cal,mlp,8333,99992,0.9996,0.9778,0.9816,0.9826,0.6240,0.7128,0.6655,0.8235
ddim,8,16,150,0.0172,200,analytic,analytic,0,0,nan,0.9599,0.9670,0.9671,0.5457,0.5514,0.5485,0.7578
ddim,8,16,150,0.0172,200,analytic_T_train,analytic,0,0,nan,0.9574,0.9637,0.9661,0.4635,0.5930,0.5203,0.7420
ddim,8,16,150,0.0172,200,knn,knn,833,19984,0.9996,0.5048,0.5092,0.5222,0.0653,0.2539,0.1039,0.3065
ddim,8,16,150,0.0172,200,kernel,kernel,833,19984,0.9996,0.2771,0.2664,0.4099,0.0214,0.8911,0.0417,0.1541
ddim,8,16,150,0.0172,200,altered_knn,altered_knn,833,13280,0.9996,0.7086,0.7146,0.7586,0.0482,0.3689,0.0852,0.3999
ddim,8,16,150,0.0172,200,linear,linear,833,19984,0.9996,0.1621,0.1529,0.2601,0.0141,0.6917,0.0277,0.0903
ddim,8,16,150,0.0172,200,linear_cal,linear,833,19984,0.9996,0.8622,0.8768,0.8768,0.0278,0.0285,0.0282,0.4525
ddim,8,16,150,0.0172,200,quadratic,quadratic,833,19984,0.9996,0.9061,0.9144,0.9150,0.4118,0.4294,0.4204,0.6674
ddim,8,16,150,0.0172,200,quadratic_cal,quadratic,833,19984,0.9996,0.9067,0.9153,0.9153,0.4287,0.4154,0.4219,0.6686
ddim,8,16,150,0.0172,200,polar2,polar,833,19984,0.9996,0.9224,0.9301,0.9328,0.3647,0.4806,0.4147,0.6724
ddim,8,16,150,0.0172,200,polar2_cal,polar,833,19984,0.9996,0.9239,0.9320,0.9333,0.3990,0.4606,0.4276,0.6798
ddim,8,16,150,0.0172,200,polar3,polar,833,19984,0.9996,0.9232,0.9304,0.9340,0.3596,0.5162,0.4239,0.6771
ddim,8,16,150,0.0172,200,polar3_cal,polar,833,19984,0.9996,0.9260,0.9340,0.9344,0.4490,0.4672,0.4579,0.6960
ddim,8,16,150,0.0172,200,polar8,polar,833,19984,0.9996,0.9164,0.9240,0.9268,0.3604,0.4838,0.4131,0.6686
ddim,8,16,150,0.0172,200,polar8_cal,polar,833,19984,0.9996,0.9189,0.9273,0.9271,0.4515,0.4390,0.4452,0.6862
ddim,8,16,150,0.0172,200,mlp,mlp,833,19984,0.9996,0.9247,0.9320,0.9351,0.3672,0.5051,0.4252,0.6786
ddim,8,16,150,0.0172,200,mlp_cal,mlp,833,19984,0.9996,0.9269,0.9347,0.9358,0.4247,0.4792,0.4503,0.6925
ddim,8,16,150,0.0172,200,knn,knn,2083,50000,0.9995,0.5423,0.5470,0.5593,0.0783,0.2737,0.1217,0.3344
ddim,8,16,150,0.0172,200,kernel,kernel,2083,50000,0.9995,0.4835,0.4783,0.6183,0.0283,0.7822,0.0547,0.2665
ddim,8,16,150,0.0172,200,altered_knn,altered_knn,2083,33280,0.9995,0.7264,0.7331,0.7727,0.0505,0.3467,0.0881,0.4106
ddim,8,16,150,0.0172,200,linear,linear,2083,50000,0.9995,0.1631,0.1538,0.2617,0.0142,0.6926,0.0278,0.0908
ddim,8,16,150,0.0172,200,linear_cal,linear,2083,50000,0.9995,0.8633,0.8779,0.8781,0.0261,0.0277,0.0269,0.4524
ddim,8,16,150,0.0172,200,quadratic,quadratic,2083,50000,0.9995,0.9099,0.9182,0.9187,0.4196,0.4344,0.4268,0.6725
ddim,8,16,150,0.0172,200,quadratic_cal,quadratic,2083,50000,0.9995,0.9105,0.9191,0.9190,0.4407,0.4195,0.4298,0.6745
ddim,8,16,150,0.0172,200,polar2,polar,2083,50000,0.9995,0.9280,0.9358,0.9382,0.3775,0.4821,0.4234,0.6796
ddim,8,16,150,0.0172,200,polar2_cal,polar,2083,50000,0.9995,0.9298,0.9382,0.9388,0.4226,0.4509,0.4363,0.6873
ddim,8,16,150,0.0172,200,polar3,polar,2083,50000,0.9995,0.9367,0.9440,0.9460,0.4198,0.5202,0.4646,0.7043
ddim,8,16,150,0.0172,200,polar3_cal,polar,2083,50000,0.9995,0.9374,0.9448,0.9463,0.4375,0.5115,0.4716,0.7082
ddim,8,16,150,0.0172,200,polar8,polar,2083,50000,0.9995,0.9416,0.9488,0.9504,0.4446,0.5278,0.4826,0.7157
ddim,8,16,150,0.0172,200,polar8_cal,polar,2083,50000,0.9995,0.9429,0.9507,0.9506,0.5083,0.4996,0.5039,0.7273
ddim,8,16,150,0.0172,200,mlp,mlp,2083,50000,0.9995,0.9466,0.9537,0.9553,0.4520,0.5415,0.4927,0.7232
ddim,8,16,150,0.0172,200,mlp_cal,mlp,2083,50000,0.9995,0.9467,0.9538,0.9554,0.4556,0.5400,0.4942,0.7240
ddim,8,16,150,0.0172,200,knn,knn,4167,100016,0.9996,0.5690,0.5738,0.5853,0.0912,0.2911,0.1389,0.3564
ddim,8,16,150,0.0172,200,kernel,kernel,4167,100016,0.9996,0.6060,0.6045,0.7103,0.0368,0.6870,0.0699,0.3372
ddim,8,16,150,0.0172,200,altered_knn,altered_knn,4167,66640,0.9996,0.7304,0.7367,0.7823,0.0482,0.3697,0.0853,0.4110
ddim,8,16,150,0.0172,200,linear,linear,4167,100016,0.9996,0.1633,0.1541,0.2622,0.0142,0.6914,0.0277,0.0909
ddim,8,16,150,0.0172,200,linear_cal,linear,4167,100016,0.9996,0.8632,0.8778,0.8781,0.0256,0.0274,0.0264,0.4521
ddim,8,16,150,0.0172,200,quadratic,quadratic,4167,100016,0.9996,0.9126,0.9209,0.9214,0.4243,0.4370,0.4305,0.6757
ddim,8,16,150,0.0172,200,quadratic_cal,quadratic,4167,100016,0.9996,0.9133,0.9219,0.9217,0.4456,0.4236,0.4343,0.6781
ddim,8,16,150,0.0172,200,polar2,polar,4167,100016,0.9996,0.9304,0.9382,0.9406,0.3788,0.4838,0.4249,0.6815
ddim,8,16,150,0.0172,200,polar2_cal,polar,4167,100016,0.9996,0.9318,0.9401,0.9411,0.4120,0.4565,0.4331,0.6866
ddim,8,16,150,0.0172,200,polar3,polar,4167,100016,0.9996,0.9411,0.9485,0.9501,0.4369,0.5191,0.4745,0.7115
ddim,8,16,150,0.0172,200,polar3_cal,polar,4167,100016,0.9996,0.9414,0.9488,0.9502,0.4435,0.5179,0.4778,0.7133
ddim,8,16,150,0.0172,200,polar8,polar,4167,100016,0.9996,0.9487,0.9558,0.9569,0.4788,0.5421,0.5085,0.7321
ddim,8,16,150,0.0172,200,polar8_cal,polar,4167,100016,0.9996,0.9494,0.9569,0.9570,0.5154,0.5202,0.5178,0.7374
ddim,8,16,150,0.0172,200,mlp,mlp,4167,100016,0.9996,0.9579,0.9652,0.9648,0.5673,0.5377,0.5521,0.7587
ddim,8,16,150,0.0172,200,mlp_cal,mlp,4167,100016,0.9996,0.9568,0.9636,0.9647,0.5065,0.5671,0.5351,0.7494
ddim,16,2,150,0.0124,200,analytic,analytic,0,0,nan,0.9867,0.9873,0.9910,0.5851,0.9380,0.7207,0.8540
ddim,16,2,150,0.0124,200,analytic_T_train,analytic,0,0,nan,0.9801,0.9805,0.9877,0.4395,0.9497,0.6009,0.7907
ddim,16,2,150,0.0124,200,knn,knn,6667,20002,0.9999,0.7975,0.8074,0.8022,0.3882,0.0133,0.0257,0.4165
ddim,16,2,150,0.0124,200,kernel,kernel,6667,20002,0.9999,0.9708,0.9830,0.9769,0.0000,0.0000,0.0000,0.4915
ddim,16,2,150,0.0124,200,altered_knn,altered_knn,6667,13330,0.9999,0.8589,0.8672,0.9014,0.0274,0.1924,0.0479,0.4576
ddim,16,2,150,0.0124,200,linear,linear,6667,20002,0.9999,0.6764,0.6798,0.8058,0.0158,0.4086,0.0304,0.3551
ddim,16,2,150,0.0124,200,linear_cal,linear,6667,20002,0.9999,0.9636,0.9747,0.9786,0.0499,0.0813,0.0619,0.5183
ddim,16,2,150,0.0124,200,quadratic,quadratic,6667,20002,0.9999,0.9881,0.9910,0.9906,0.8096,0.7617,0.7849,0.8879
ddim,16,2,150,0.0124,200,quadratic_cal,quadratic,6667,20002,0.9999,0.9844,0.9855,0.9887,0.5923,0.8973,0.7136,0.8496
ddim,16,2,150,0.0124,200,polar2,polar,6667,20002,0.9999,0.9720,0.9728,0.9838,0.3261,0.9082,0.4799,0.7263
ddim,16,2,150,0.0124,200,polar2_cal,polar,6667,20002,0.9999,0.9816,0.9842,0.9885,0.4590,0.7782,0.5774,0.7808
ddim,16,2,150,0.0124,200,polar3,polar,6667,20002,0.9999,0.9860,0.9869,0.9899,0.6200,0.9171,0.7399,0.8634
ddim,16,2,150,0.0124,200,polar3_cal,polar,6667,20002,0.9999,0.9853,0.9861,0.9896,0.5875,0.9219,0.7176,0.8519
ddim,16,2,150,0.0124,200,polar8,polar,6667,20002,0.9999,0.9789,0.9800,0.9830,0.5980,0.8889,0.7150,0.8475
ddim,16,2,150,0.0124,200,polar8_cal,polar,6667,20002,0.9999,0.9783,0.9793,0.9828,0.5716,0.8933,0.6971,0.8382
ddim,16,2,150,0.0124,200,mlp,mlp,6667,20002,0.9999,0.9845,0.9859,0.9876,0.6869,0.8772,0.7705,0.8782
ddim,16,2,150,0.0124,200,mlp_cal,mlp,6667,20002,0.9999,0.9819,0.9828,0.9868,0.5585,0.9110,0.6925,0.8377
ddim,16,2,150,0.0124,200,knn,knn,16667,50002,0.9998,0.8112,0.8212,0.8158,0.4388,0.0173,0.0333,0.4272
ddim,16,2,150,0.0124,200,kernel,kernel,16667,50002,0.9998,0.9754,0.9877,0.9815,0.0000,0.0000,0.0000,0.4938
ddim,16,2,150,0.0124,200,altered_knn,altered_knn,16667,33330,0.9998,0.7436,0.7471,0.8459,0.0236,0.4610,0.0448,0.3960
ddim,16,2,150,0.0124,200,linear,linear,16667,50002,0.9998,0.6791,0.6824,0.8077,0.0160,0.4118,0.0309,0.3567
ddim,16,2,150,0.0124,200,linear_cal,linear,16667,50002,0.9998,0.9674,0.9786,0.9813,0.0495,0.0709,0.0583,0.5185
ddim,16,2,150,0.0124,200,quadratic,quadratic,16667,50002,0.9998,0.9892,0.9920,0.9917,0.8041,0.7649,0.7840,0.8880
ddim,16,2,150,0.0124,200,quadratic_cal,quadratic,16667,50002,0.9998,0.9855,0.9865,0.9898,0.5910,0.9010,0.7138,0.8502
ddim,16,2,150,0.0124,200,polar2,polar,16667,50002,0.9998,0.9742,0.9750,0.9849,0.3481,0.9066,0.5031,0.7390
ddim,16,2,150,0.0124,200,polar2_cal,polar,16667,50002,0.9998,0.9817,0.9837,0.9886,0.4603,0.8237,0.5906,0.7871
ddim,16,2,150,0.0124,200,polar3,polar,16667,50002,0.9998,0.9873,0.9881,0.9911,0.6238,0.9207,0.7437,0.8659
ddim,16,2,150,0.0124,200,polar3_cal,polar,16667,50002,0.9998,0.9863,0.9871,0.9908,0.5820,0.9247,0.7144,0.8507
ddim,16,2,150,0.0124,200,polar8,polar,16667,50002,0.9998,0.9841,0.9849,0.9891,0.5494,0.9159,0.6868,0.8359
ddim,16,2,150,0.0124,200,polar8_cal,polar,16667,50002,0.9998,0.9845,0.9855,0.9892,0.5683,0.9126,0.7004,0.8430
ddim,16,2,150,0.0124,200,mlp,mlp,16667,50002,0.9998,0.9881,0.9890,0.9914,0.6572,0.9163,0.7654,0.8772
ddim,16,2,150,0.0124,200,mlp_cal,mlp,16667,50002,0.9998,0.9876,0.9884,0.9913,0.6319,0.9199,0.7492,0.8688
ddim,16,2,150,0.0124,200,knn,knn,33333,99998,0.9999,0.8134,0.8234,0.8180,0.5465,0.0189,0.0366,0.4300
ddim,16,2,150,0.0124,200,kernel,kernel,33333,99998,0.9999,0.9776,0.9899,0.9837,0.0000,0.0000,0.0000,0.4949
ddim,16,2,150,0.0124,200,altered_knn,altered_knn,33333,66660,0.9999,0.6522,0.6531,0.7856,0.0208,0.5781,0.0401,0.3466
ddim,16,2,150,0.0124,200,linear,linear,33333,99998,0.9999,0.6797,0.6831,0.8082,0.0160,0.4098,0.0308,0.3570
ddim,16,2,150,0.0124,200,linear_cal,linear,33333,99998,0.9999,0.9688,0.9799,0.9830,0.0546,0.0817,0.0654,0.5227
ddim,16,2,150,0.0124,200,quadratic,quadratic,33333,99998,0.9999,0.9899,0.9926,0.9924,0.8039,0.7709,0.7871,0.8899
ddim,16,2,150,0.0124,200,quadratic_cal,quadratic,33333,99998,0.9999,0.9858,0.9869,0.9903,0.5818,0.9050,0.7083,0.8476
ddim,16,2,150,0.0124,200,polar2,polar,33333,99998,0.9999,0.9770,0.9778,0.9863,0.3838,0.9090,0.5397,0.7588
ddim,16,2,150,0.0124,200,polar2_cal,polar,33333,99998,0.9999,0.9829,0.9846,0.9892,0.4857,0.8482,0.6177,0.8011
ddim,16,2,150,0.0124,200,polar3,polar,33333,99998,0.9999,0.9877,0.9886,0.9914,0.6314,0.9191,0.7485,0.8686
ddim,16,2,150,0.0124,200,polar3_cal,polar,33333,99998,0.9999,0.9867,0.9874,0.9910,0.5853,0.9255,0.7171,0.8523
ddim,16,2,150,0.0124,200,polar8,polar,33333,99998,0.9999,0.9855,0.9864,0.9903,0.5626,0.9195,0.6980,0.8422
ddim,16,2,150,0.0124,200,polar8_cal,polar,33333,99998,0.9999,0.9856,0.9865,0.9904,0.5651,0.9195,0.7000,0.8432
ddim,16,2,150,0.0124,200,mlp,mlp,33333,99998,0.9999,0.9884,0.9892,0.9918,0.6513,0.9255,0.7645,0.8769
ddim,16,2,150,0.0124,200,mlp_cal,mlp,33333,99998,0.9999,0.9868,0.9875,0.9912,0.5844,0.9356,0.7194,0.8534
ddim,16,4,150,0.0137,200,analytic,analytic,0,0,nan,0.9787,0.9802,0.9834,0.5943,0.8667,0.7051,0.8427
ddim,16,4,150,0.0137,200,analytic_T_train,analytic,0,0,nan,0.9727,0.9738,0.9804,0.4509,0.8927,0.5991,0.7865
ddim,16,4,150,0.0137,200,knn,knn,3333,19996,0.9999,0.6404,0.6487,0.6447,0.1778,0.0370,0.0612,0.3550
ddim,16,4,150,0.0137,200,kernel,kernel,3333,19996,0.9999,0.5080,0.5050,0.6646,0.0201,0.7194,0.0391,0.2721
ddim,16,4,150,0.0137,200,altered_knn,altered_knn,3333,13320,0.9999,0.8256,0.8355,0.8447,0.0414,0.1066,0.0597,0.4476
ddim,16,4,150,0.0137,200,linear,linear,3333,19996,0.9999,0.4611,0.4607,0.6265,0.0124,0.4890,0.0243,0.2425
ddim,16,4,150,0.0137,200,linear_cal,linear,3333,19996,0.9999,0.9458,0.9582,0.9609,0.0359,0.0502,0.0419,0.5001
ddim,16,4,150,0.0137,200,quadratic,quadratic,3333,19996,0.9999,0.9731,0.9770,0.9765,0.7475,0.6875,0.7163,0.8466
ddim,16,4,150,0.0137,200,quadratic_cal,quadratic,3333,19996,0.9999,0.9690,0.9714,0.9745,0.5478,0.7952,0.6487,0.8101
ddim,16,4,150,0.0137,200,polar2,polar,3333,19996,0.9999,0.9726,0.9751,0.9782,0.5420,0.7923,0.6437,0.8094
ddim,16,4,150,0.0137,200,polar2_cal,polar,3333,19996,0.9999,0.9731,0.9757,0.9785,0.5592,0.7839,0.6527,0.8142
ddim,16,4,150,0.0137,200,polar3,polar,3333,19996,0.9999,0.9632,0.9652,0.9693,0.5085,0.8179,0.6272,0.7962
ddim,16,4,150,0.0137,200,polar3_cal,polar,3333,19996,0.9999,0.9634,0.9654,0.9694,0.5140,0.8154,0.6305,0.7980
ddim,16,4,150,0.0137,200,polar8,polar,3333,19996,0.9999,0.9521,0.9547,0.9572,0.5595,0.7648,0.6462,0.8005
ddim,16,4,150,0.0137,200,polar8_cal,polar,3333,19996,0.9999,0.9519,0.9544,0.9572,0.5468,0.7678,0.6387,0.7966
ddim,16,4,150,0.0137,200,mlp,mlp,3333,19996,0.9999,0.9701,0.9728,0.9741,0.6456,0.7740,0.7040,0.8384
ddim,16,4,150,0.0137,200,mlp_cal,mlp,3333,19996,0.9999,0.9682,0.9705,0.9736,0.5511,0.8059,0.6546,0.8125
ddim,16,4,150,0.0137,200,knn,knn,8333,49996,0.9999,0.6536,0.6620,0.6575,0.2450,0.0447,0.0756,0.3688
ddim,16,4,150,0.0137,200,kernel,kernel,8333,49996,0.9999,0.9118,0.9200,0.9321,0.1109,0.3165,0.1643,0.5422
ddim,16,4,150,0.0137,200,altered_knn,altered_knn,8333,33320,0.9999,0.7931,0.8004,0.8388,0.0344,0.2623,0.0609,0.4306
ddim,16,4,150,0.0137,200,linear,linear,8333,49996,0.9999,0.4633,0.4630,0.6287,0.0125,0.4872,0.0243,0.2436
ddim,16,4,150,0.0137,200,linear_cal,linear,8333,49996,0.9999,0.9493,0.9617,0.9635,0.0379,0.0480,0.0424,0.5021
ddim,16,4,150,0.0137,200,quadratic,quadratic,8333,49996,0.9999,0.9762,0.9801,0.9795,0.7570,0.6938,0.7240,0.8520
ddim,16,4,150,0.0137,200,quadratic_cal,quadratic,8333,49996,0.9999,0.9720,0.9743,0.9774,0.5535,0.8066,0.6565,0.8154
ddim,16,4,150,0.0137,200,polar2,polar,8333,49996,0.9999,0.9756,0.9781,0.9806,0.5796,0.7985,0.6717,0.8249
ddim,16,4,150,0.0137,200,polar2_cal,polar,8333,49996,0.9999,0.9751,0.9775,0.9804,0.5643,0.8033,0.6629,0.8202
ddim,16,4,150,0.0137,200,polar3,polar,8333,49996,0.9999,0.9745,0.9766,0.9800,0.5490,0.8242,0.6591,0.8178
ddim,16,4,150,0.0137,200,polar3_cal,polar,8333,49996,0.9999,0.9750,0.9772,0.9802,0.5667,0.8205,0.6704,0.8238
ddim,16,4,150,0.0137,200,polar8,polar,8333,49996,0.9999,0.9734,0.9754,0.9777,0.6211,0.8311,0.7110,0.8432
ddim,16,4,150,0.0137,200,polar8_cal,polar,8333,49996,0.9999,0.9722,0.9740,0.9773,0.5687,0.8403,0.6783,0.8262
ddim,16,4,150,0.0137,200,mlp,mlp,8333,49996,0.9999,0.9786,0.9807,0.9820,0.6906,0.8223,0.7507,0.8657
ddim,16,4,150,0.0137,200,mlp_cal,mlp,8333,49996,0.9999,0.9770,0.9789,0.9816,0.5983,0.8425,0.6997,0.8393
ddim,16,4,150,0.0137,200,knn,knn,16667,100004,0.9998,0.6674,0.6759,0.6715,0.3138,0.0509,0.0876,0.3818
ddim,16,4,150,0.0137,200,kernel,kernel,16667,100004,0.9998,0.9455,0.9571,0.9521,0.5094,0.1095,0.1803,0.5687
ddim,16,4,150,0.0137,200,altered_knn,altered_knn,16667,66660,0.9998,0.8317,0.8420,0.8482,0.0417,0.0853,0.0560,0.4490
ddim,16,4,150,0.0137,200,linear,linear,16667,100004,0.9998,0.4634,0.4630,0.6289,0.0125,0.4886,0.0243,0.2437
ddim,16,4,150,0.0137,200,linear_cal,linear,16667,100004,0.9998,0.9517,0.9641,0.9665,0.0374,0.0505,0.0430,0.5036
ddim,16,4,150,0.0137,200,quadratic,quadratic,16667,100004,0.9998,0.9777,0.9816,0.9810,0.7640,0.6971,0.7290,0.8553
ddim,16,4,150,0.0137,200,quadratic_cal,quadratic,16667,100004,0.9998,0.9728,0.9749,0.9785,0.5363,0.8172,0.6476,0.8113
ddim,16,4,150,0.0137,200,polar2,polar,16667,100004,0.9998,0.9760,0.9785,0.9810,0.5769,0.7952,0.6687,0.8236
ddim,16,4,150,0.0137,200,polar2_cal,polar,16667,100004,0.9998,0.9757,0.9781,0.9809,0.5684,0.8018,0.6652,0.8217
ddim,16,4,150,0.0137,200,polar3,polar,16667,100004,0.9998,0.9753,0.9774,0.9808,0.5482,0.8231,0.6581,0.8178
ddim,16,4,150,0.0137,200,polar3_cal,polar,16667,100004,0.9998,0.9758,0.9780,0.9810,0.5641,0.8205,0.6686,0.8233
ddim,16,4,150,0.0137,200,polar8,polar,16667,100004,0.9998,0.9777,0.9796,0.9818,0.6356,0.8403,0.7238,0.8517
ddim,16,4,150,0.0137,200,polar8_cal,polar,16667,100004,0.9998,0.9763,0.9780,0.9813,0.5727,0.8553,0.6861,0.8320
ddim,16,4,150,0.0137,200,mlp,mlp,16667,100004,0.9998,0.9803,0.9822,0.9839,0.6757,0.8432,0.7502,0.8662
ddim,16,4,150,0.0137,200,mlp_cal,mlp,16667,100004,0.9998,0.9793,0.9809,0.9836,0.6179,0.8593,0.7189,0.8499
ddim,16,8,150,0.0154,200,analytic,analytic,0,0,nan,0.9709,0.9741,0.9764,0.5889,0.7654,0.6656,0.8199
ddim,16,8,150,0.0154,200,analytic_T_train,analytic,0,0,nan,0.9654,0.9680,0.9738,0.4551,0.8036,0.5811,0.7746
ddim,16,8,150,0.0154,200,knn,knn,1667,20008,0.9999,0.4998,0.5063,0.5047,0.1009,0.0839,0.0916,0.2990
ddim,16,8,150,0.0154,200,kernel,kernel,1667,20008,0.9999,0.0154,0.0000,0.0000,0.0154,1.0000,0.0304,0.0152
ddim,16,8,150,0.0154,200,altered_knn,altered_knn,1667,13320,0.9999,0.7397,0.7467,0.7794,0.0463,0.2946,0.0800,0.4133
ddim,16,8,150,0.0154,200,linear,linear,1667,20008,0.9999,0.3339,0.3306,0.4913,0.0127,0.5463,0.0249,0.1777
ddim,16,8,150,0.0154,200,linear_cal,linear,1667,20008,0.9999,0.9132,0.9270,0.9274,0.0302,0.0321,0.0311,0.4790
ddim,16,8,150,0.0154,200,quadratic,quadratic,1667,20008,0.9999,0.9468,0.9526,0.9515,0.6770,0.5781,0.6237,0.7881
ddim,16,8,150,0.0154,200,quadratic_cal,quadratic,1667,20008,0.9999,0.9431,0.9472,0.9497,0.5095,0.6792,0.5822,0.7647
ddim,16,8,150,0.0154,200,polar2,polar,1667,20008,0.9999,0.9406,0.9450,0.9505,0.3813,0.6581,0.4828,0.7139
ddim,16,8,150,0.0154,200,polar2_cal,polar,1667,20008,0.9999,0.9447,0.9506,0.9522,0.4717,0.5719,0.5170,0.7338
ddim,16,8,150,0.0154,200,polar3,polar,1667,20008,0.9999,0.9343,0.9383,0.9400,0.5530,0.6792,0.6097,0.7740
ddim,16,8,150,0.0154,200,polar3_cal,polar,1667,20008,0.9999,0.9342,0.9381,0.9400,0.5457,0.6808,0.6058,0.7720
ddim,16,8,150,0.0154,200,polar8,polar,1667,20008,0.9999,0.9094,0.9140,0.9161,0.4798,0.6124,0.5381,0.7260
ddim,16,8,150,0.0154,200,polar8_cal,polar,1667,20008,0.9999,0.9099,0.9148,0.9161,0.5097,0.6017,0.5519,0.7334
ddim,16,8,150,0.0154,200,mlp,mlp,1667,20008,0.9999,0.9500,0.9547,0.9553,0.6050,0.6523,0.6278,0.7912
ddim,16,8,150,0.0154,200,mlp_cal,mlp,1667,20008,0.9999,0.9496,0.9541,0.9552,0.5780,0.6601,0.6163,0.7852
ddim,16,8,150,0.0154,200,knn,knn,4167,50008,0.9999,0.5246,0.5316,0.5298,0.1181,0.0787,0.0945,0.3131
ddim,16,8,150,0.0154,200,kernel,kernel,4167,50008,0.9999,0.0154,0.0000,0.0000,0.0154,1.0000,0.0304,0.0152
ddim,16,8,150,0.0154,200,altered_knn,altered_knn,4167,33320,0.9999,0.7489,0.7565,0.7847,0.0475,0.2657,0.0806,0.4186
ddim,16,8,150,0.0154,200,linear,linear,4167,50008,0.9999,0.3309,0.3274,0.4879,0.0128,0.5538,0.0251,0.1762
ddim,16,8,150,0.0154,200,linear_cal,linear,4167,50008,0.9999,0.9149,0.9287,0.9293,0.0316,0.0340,0.0328,0.4807
ddim,16,8,150,0.0154,200,quadratic,quadratic,4167,50008,0.9999,0.9535,0.9592,0.9581,0.6935,0.5865,0.6355,0.7974
ddim,16,8,150,0.0154,200,quadratic_cal,quadratic,4167,50008,0.9999,0.9480,0.9519,0.9554,0.4801,0.7041,0.5709,0.7614
ddim,16,8,150,0.0154,200,polar2,polar,4167,50008,0.9999,0.9457,0.9501,0.9573,0.3393,0.6601,0.4482,0.6992
ddim,16,8,150,0.0154,200,polar2_cal,polar,4167,50008,0.9999,0.9512,0.9574,0.9597,0.4284,0.5557,0.4838,0.7206
ddim,16,8,150,0.0154,200,polar3,polar,4167,50008,0.9999,0.9562,0.9604,0.9612,0.6257,0.6873,0.6550,0.8077
ddim,16,8,150,0.0154,200,polar3_cal,polar,4167,50008,0.9999,0.9552,0.9592,0.9608,0.5797,0.7032,0.6355,0.7974
ddim,16,8,150,0.0154,200,polar8,polar,4167,50008,0.9999,0.9534,0.9572,0.9585,0.6069,0.7113,0.6549,0.8060
ddim,16,8,150,0.0154,200,polar8_cal,polar,4167,50008,0.9999,0.9532,0.9569,0.9584,0.5957,0.7132,0.6492,0.8031
ddim,16,8,150,0.0154,200,mlp,mlp,4167,50008,0.9999,0.9600,0.9643,0.9647,0.6514,0.6860,0.6682,0.8163
ddim,16,8,150,0.0154,200,mlp_cal,mlp,4167,50008,0.9999,0.9587,0.9626,0.9644,0.5742,0.7080,0.6342,0.7984
ddim,16,8,150,0.0154,200,knn,knn,8333,99992,0.9999,0.5371,0.5441,0.5419,0.1400,0.0859,0.1064,0.3253
ddim,16,8,150,0.0154,200,kernel,kernel,8333,99992,0.9999,0.0154,0.0000,0.0000,0.0154,0.9997,0.0304,0.0152
ddim,16,8,150,0.0154,200,altered_knn,altered_knn,8333,66640,0.9999,0.7505,0.7587,0.7852,0.0427,0.2268,0.0719,0.4153
ddim,16,8,150,0.0154,200,linear,linear,8333,99992,0.9999,0.3314,0.3279,0.4885,0.0128,0.5512,0.0250,0.1765
ddim,16,8,150,0.0154,200,linear_cal,linear,8333,99992,0.9999,0.9167,0.9306,0.9312,0.0301,0.0324,0.0312,0.4809
ddim,16,8,150,0.0154,200,quadratic,quadratic,8333,99992,0.9999,0.9561,0.9619,0.9607,0.6961,0.5878,0.6374,0.7996
ddim,16,8,150,0.0154,200,quadratic_cal,quadratic,8333,99992,0.9999,0.9512,0.9552,0.9583,0.4975,0.6970,0.5806,0.7679
ddim,16,8,150,0.0154,200,polar2,polar,8333,99992,0.9999,0.9500,0.9546,0.9612,0.3513,0.6598,0.4585,0.7065
ddim,16,8,150,0.0154,200,polar2_cal,polar,8333,99992,0.9999,0.9552,0.9613,0.9636,0.4353,0.5645,0.4915,0.7264
ddim,16,8,150,0.0154,200,polar3,polar,8333,99992,0.9999,0.9628,0.9671,0.9676,0.6422,0.6886,0.6646,0.8158
ddim,16,8,150,0.0154,200,polar3_cal,polar,8333,99992,0.9999,0.9618,0.9659,0.9673,0.5965,0.7051,0.6463,0.8061
ddim,16,8,150,0.0154,200,polar8,polar,8333,99992,0.9999,0.9645,0.9683,0.9693,0.6397,0.7242,0.6793,0.8238
ddim,16,8,150,0.0154,200,polar8_cal,polar,8333,99992,0.9999,0.9642,0.9678,0.9692,0.6187,0.7297,0.6696,0.8187
ddim,16,8,150,0.0154,200,mlp,mlp,8333,99992,0.9999,0.9689,0.9728,0.9734,0.6727,0.7200,0.6956,0.8342
ddim,16,8,150,0.0154,200,mlp_cal,mlp,8333,99992,0.9999,0.9678,0.9713,0.9731,0.6016,0.7434,0.6650,0.8182
ddim,16,16,150,0.0140,200,analytic,analytic,0,0,nan,0.9745,0.9774,0.9803,0.5447,0.7705,0.6382,0.8078
ddim,16,16,150,0.0140,200,analytic_T_train,analytic,0,0,nan,0.9689,0.9713,0.9776,0.4213,0.8040,0.5529,0.7621
ddim,16,16,150,0.0140,200,knn,knn,833,19984,0.9996,0.3917,0.3954,0.3974,0.0563,0.1333,0.0792,0.2373
ddim,16,16,150,0.0140,200,kernel,kernel,833,19984,0.9996,0.0140,0.0000,0.0000,0.0140,1.0000,0.0277,0.0138
ddim,16,16,150,0.0140,200,altered_knn,altered_knn,833,13280,0.9996,0.7210,0.7287,0.7397,0.0585,0.1821,0.0886,0.4086
ddim,16,16,150,0.0140,200,linear,linear,833,19984,0.9996,0.2521,0.2472,0.3927,0.0113,0.5991,0.0221,0.1346
ddim,16,16,150,0.0140,200,linear_cal,linear,833,19984,0.9996,0.9042,0.9167,0.9180,0.0193,0.0232,0.0211,0.4689
ddim,16,16,150,0.0140,200,quadratic,quadratic,833,19984,0.9996,0.9232,0.9287,0.9288,0.5323,0.5371,0.5347,0.7317
ddim,16,16,150,0.0140,200,quadratic_cal,quadratic,833,19984,0.9996,0.9208,0.9255,0.9276,0.4470,0.5909,0.5090,0.7172
ddim,16,16,150,0.0140,200,polar2,polar,833,19984,0.9996,0.8981,0.9022,0.9141,0.2164,0.6130,0.3199,0.6110
ddim,16,16,150,0.0140,200,polar2_cal,polar,833,19984,0.9996,0.9099,0.9165,0.9186,0.3394,0.4490,0.3866,0.6515
ddim,16,16,150,0.0140,200,polar3,polar,833,19984,0.9996,0.8953,0.8991,0.9016,0.4496,0.6283,0.5242,0.7116
ddim,16,16,150,0.0140,200,polar3_cal,polar,833,19984,0.9996,0.8958,0.8997,0.9017,0.4683,0.6194,0.5334,0.7165
ddim,16,16,150,0.0140,200,polar8,polar,833,19984,0.9996,0.8580,0.8627,0.8654,0.3687,0.5306,0.4351,0.6489
ddim,16,16,150,0.0140,200,polar8_cal,polar,833,19984,0.9996,0.8588,0.8637,0.8654,0.4036,0.5171,0.4534,0.6585
ddim,16,16,150,0.0140,200,mlp,mlp,833,19984,0.9996,0.9165,0.9210,0.9236,0.4300,0.5969,0.4999,0.7105
ddim,16,16,150,0.0140,200,mlp_cal,mlp,833,19984,0.9996,0.9168,0.9214,0.9237,0.4404,0.5930,0.5055,0.7134
ddim,16,16,150,0.0140,200,knn,knn,2083,50000,0.9997,0.4182,0.4224,0.4237,0.0638,0.1272,0.0850,0.2537
ddim,16,16,150,0.0140,200,kernel,kernel,2083,50000,0.9997,0.0140,0.0000,0.0000,0.0140,1.0000,0.0277,0.0138
ddim,16,16,150,0.0140,200,altered_knn,altered_knn,2083,33280,0.9997,0.7339,0.7429,0.7480,0.0486,0.0952,0.0643,0.4036
ddim,16,16,150,0.0140,200,linear,linear,2083,50000,0.9997,0.2516,0.2467,0.3922,0.0113,0.6005,0.0221,0.1344
ddim,16,16,150,0.0140,200,linear_cal,linear,2083,50000,0.9997,0.9111,0.9238,0.9253,0.0189,0.0232,0.0208,0.4723
ddim,16,16,150,0.0140,200,quadratic,quadratic,2083,50000,0.9997,0.9402,0.9458,0.9457,0.5608,0.5474,0.5540,0.7499
ddim,16,16,150,0.0140,200,quadratic_cal,quadratic,2083,50000,0.9997,0.9379,0.9427,0.9445,0.4757,0.6012,0.5312,0.7369
ddim,16,16,150,0.0140,200,polar2,polar,2083,50000,0.9997,0.9176,0.9219,0.9339,0.2193,0.6123,0.3229,0.6224
ddim,16,16,150,0.0140,200,polar2_cal,polar,2083,50000,0.9997,0.9302,0.9372,0.9393,0.3395,0.4408,0.3836,0.6604
ddim,16,16,150,0.0140,200,polar3,polar,2083,50000,0.9997,0.9419,0.9460,0.9473,0.5485,0.6504,0.5951,0.7706
ddim,16,16,150,0.0140,200,polar3_cal,polar,2083,50000,0.9997,0.9410,0.9449,0.9470,0.5118,0.6668,0.5791,0.7620
ddim,16,16,150,0.0140,200,polar8,polar,2083,50000,0.9997,0.9335,0.9370,0.9390,0.5333,0.6871,0.6005,0.7688
ddim,16,16,150,0.0140,200,polar8_cal,polar,2083,50000,0.9997,0.9336,0.9371,0.9390,0.5350,0.6871,0.6016,0.7693
ddim,16,16,150,0.0140,200,mlp,mlp,2083,50000,0.9997,0.9381,0.9423,0.9437,0.5338,0.6479,0.5853,0.7638
ddim,16,16,150,0.0140,200,mlp_cal,mlp,2083,50000,0.9997,0.9372,0.9410,0.9435,0.4919,0.6696,0.5672,0.7541
ddim,16,16,150,0.0140,200,knn,knn,4167,100016,0.9998,0.4373,0.4418,0.4431,0.0711,0.1247,0.0906,0.2662
ddim,16,16,150,0.0140,200,kernel,kernel,4167,100016,0.9998,0.0140,0.0000,0.0000,0.0140,1.0000,0.0277,0.0138
ddim,16,16,150,0.0140,200,altered_knn,altered_knn,4167,66640,0.9998,0.7298,0.7376,0.7515,0.0493,0.1775,0.0771,0.4074
ddim,16,16,150,0.0140,200,linear,linear,4167,100016,0.9998,0.2495,0.2445,0.3895,0.0113,0.6023,0.0221,0.1333
ddim,16,16,150,0.0140,200,linear_cal,linear,4167,100016,0.9998,0.9130,0.9257,0.9270,0.0201,0.0242,0.0220,0.4738
ddim,16,16,150,0.0140,200,quadratic,quadratic,4167,100016,0.9998,0.9462,0.9519,0.9517,0.5698,0.5499,0.5597,0.7558
ddim,16,16,150,0.0140,200,quadratic_cal,quadratic,4167,100016,0.9998,0.9447,0.9498,0.9509,0.5081,0.5891,0.5456,0.7477
ddim,16,16,150,0.0140,200,polar2,polar,4167,100016,0.9998,0.9238,0.9282,0.9414,0.2064,0.6126,0.3088,0.6185
ddim,16,16,150,0.0140,200,polar2_cal,polar,4167,100016,0.9998,0.9390,0.9463,0.9483,0.3297,0.4244,0.3711,0.6587
ddim,16,16,150,0.0140,200,polar3,polar,4167,100016,0.9998,0.9541,0.9585,0.9594,0.5730,0.6507,0.6094,0.7839
ddim,16,16,150,0.0140,200,polar3_cal,polar,4167,100016,0.9998,0.9530,0.9570,0.9590,0.5239,0.6728,0.5891,0.7731
ddim,16,16,150,0.0140,200,polar8,polar,4167,100016,0.9998,0.9564,0.9600,0.9621,0.5363,0.7049,0.6092,0.7846
ddim,16,16,150,0.0140,200,polar8_cal,polar,4167,100016,0.9998,0.9562,0.9596,0.9621,0.5239,0.7145,0.6046,0.7821
ddim,16,16,150,0.0140,200,mlp,mlp,4167,100016,0.9998,0.9584,0.9621,0.9635,0.5783,0.6939,0.6308,0.7965
ddim,16,16,150,0.0140,200,mlp_cal,mlp,4167,100016,0.9998,0.9578,0.9614,0.9633,0.5495,0.7038,0.6172,0.7893
ddim,32,2,150,0.0118,200,analytic,analytic,0,0,nan,0.9814,0.9817,0.9879,0.4659,0.9535,0.6259,0.8038
ddim,32,2,150,0.0118,200,analytic_T_train,analytic,0,0,nan,0.9704,0.9705,0.9823,0.3200,0.9620,0.4802,0.7254
ddim,32,2,150,0.0118,200,knn,knn,6667,20002,0.9999,0.7560,0.7651,0.7600,0.0460,0.0017,0.0033,0.3842
ddim,32,2,150,0.0118,200,kernel,kernel,6667,20002,0.9999,0.9669,0.9785,0.9726,0.0000,0.0000,0.0000,0.4892
ddim,32,2,150,0.0118,200,altered_knn,altered_knn,6667,13330,0.9999,0.7248,0.7285,0.8298,0.0196,0.4181,0.0374,0.3829
ddim,32,2,150,0.0118,200,linear,linear,6667,20002,0.9999,0.6844,0.6879,0.8116,0.0148,0.3923,0.0286,0.3582
ddim,32,2,150,0.0118,200,linear_cal,linear,6667,20002,0.9999,0.9609,0.9717,0.9762,0.0367,0.0650,0.0470,0.5093
ddim,32,2,150,0.0118,200,quadratic,quadratic,6667,20002,0.9999,0.9796,0.9819,0.9824,0.7261,0.7914,0.7573,0.8696
ddim,32,2,150,0.0118,200,quadratic_cal,quadratic,6667,20002,0.9999,0.9718,0.9723,0.9785,0.4502,0.9324,0.6072,0.7897
ddim,32,2,150,0.0118,200,polar2,polar,6667,20002,0.9999,0.9822,0.9827,0.9870,0.5454,0.9362,0.6893,0.8360
ddim,32,2,150,0.0118,200,polar2_cal,polar,6667,20002,0.9999,0.9784,0.9788,0.9851,0.4590,0.9468,0.6183,0.7986
ddim,32,2,150,0.0118,200,polar3,polar,6667,20002,0.9999,0.9814,0.9819,0.9860,0.5546,0.9379,0.6970,0.8394
ddim,32,2,150,0.0118,200,polar3_cal,polar,6667,20002,0.9999,0.9782,0.9785,0.9844,0.4752,0.9502,0.6335,0.8060
ddim,32,2,150,0.0118,200,polar8,polar,6667,20002,0.9999,0.9751,0.9758,0.9784,0.6359,0.9181,0.7513,0.8636
ddim,32,2,150,0.0118,200,polar8_cal,polar,6667,20002,0.9999,0.9693,0.9696,0.9758,0.4588,0.9510,0.6190,0.7943
ddim,32,2,150,0.0118,200,mlp,mlp,6667,20002,0.9999,0.9797,0.9807,0.9829,0.6536,0.8915,0.7542,0.8675
ddim,32,2,150,0.0118,200,mlp_cal,mlp,6667,20002,0.9999,0.9737,0.9744,0.9804,0.4515,0.9185,0.6054,0.7899
ddim,32,2,150,0.0118,200,knn,knn,16667,50002,0.9998,0.7660,0.7751,0.7699,0.0845,0.0025,0.0049,0.3900
ddim,32,2,150,0.0118,200,kernel,kernel,16667,50002,0.9998,0.9712,0.9829,0.9770,0.0000,0.0000,0.0000,0.4914
ddim,32,2,150,0.0118,200,altered_knn,altered_knn,16667,33330,0.9998,0.7331,0.7365,0.8357,0.0213,0.4434,0.0407,0.3886
ddim,32,2,150,0.0118,200,linear,linear,16667,50002,0.9998,0.6837,0.6872,0.8111,0.0148,0.3919,0.0285,0.3579
ddim,32,2,150,0.0118,200,linear_cal,linear,16667,50002,0.9998,0.9618,0.9724,0.9782,0.0355,0.0705,0.0473,0.5099
ddim,32,2,150,0.0118,200,quadratic,quadratic,16667,50002,0.9998,0.9842,0.9862,0.9869,0.7365,0.8167,0.7745,0.8804
ddim,32,2,150,0.0118,200,quadratic_cal,quadratic,16667,50002,0.9998,0.9762,0.9767,0.9828,0.4600,0.9409,0.6179,0.7973
ddim,32,2,150,0.0118,200,polar2,polar,16667,50002,0.9998,0.9835,0.9840,0.9885,0.5353,0.9371,0.6814,0.8327
ddim,32,2,150,0.0118,200,polar2_cal,polar,16667,50002,0.9998,0.9804,0.9808,0.9869,0.4655,0.9455,0.6239,0.8023
ddim,32,2,150,0.0118,200,polar3,polar,16667,50002,0.9998,0.9833,0.9838,0.9886,0.5199,0.9426,0.6702,0.8270
ddim,32,2,150,0.0118,200,polar3_cal,polar,16667,50002,0.9998,0.9815,0.9819,0.9877,0.4795,0.9485,0.6370,0.8095
ddim,32,2,150,0.0118,200,polar8,polar,16667,50002,0.9998,0.9820,0.9825,0.9868,0.5459,0.9426,0.6913,0.8369
ddim,32,2,150,0.0118,200,polar8_cal,polar,16667,50002,0.9998,0.9787,0.9790,0.9853,0.4601,0.9527,0.6205,0.7998
ddim,32,2,150,0.0118,200,mlp,mlp,16667,50002,0.9998,0.9802,0.9810,0.9836,0.6349,0.9134,0.7491,0.8651
ddim,32,2,150,0.0118,200,mlp_cal,mlp,16667,50002,0.9998,0.9757,0.9763,0.9824,0.4573,0.9261,0.6122,0.7943
ddim,32,2,150,0.0118,200,knn,knn,33333,99998,0.9999,0.7746,0.7838,0.7786,0.3261,0.0063,0.0124,0.3981
ddim,32,2,150,0.0118,200,kernel,kernel,33333,99998,0.9999,0.9772,0.9889,0.9830,0.0000,0.0000,0.0000,0.4944
ddim,32,2,150,0.0118,200,altered_knn,altered_knn,33333,66660,0.9999,0.8508,0.8591,0.8893,0.0232,0.1546,0.0403,0.4497
ddim,32,2,150,0.0118,200,linear,linear,33333,99998,0.9999,0.6833,0.6867,0.8108,0.0149,0.3961,0.0288,0.3578
ddim,32,2,150,0.0118,200,linear_cal,linear,33333,99998,0.9999,0.9622,0.9726,0.9794,0.0405,0.0874,0.0553,0.5140
ddim,32,2,150,0.0118,200,quadratic,quadratic,33333,99998,0.9999,0.9869,0.9890,0.9895,0.7481,0.8176,0.7813,0.8851
ddim,32,2,150,0.0118,200,quadratic_cal,quadratic,33333,99998,0.9999,0.9792,0.9796,0.9856,0.4694,0.9447,0.6271,0.8034
ddim,32,2,150,0.0118,200,polar2,polar,33333,99998,0.9999,0.9841,0.9847,0.9891,0.5375,0.9375,0.6833,0.8340
ddim,32,2,150,0.0118,200,polar2_cal,polar,33333,99998,0.9999,0.9806,0.9810,0.9873,0.4579,0.9464,0.6172,0.7991
ddim,32,2,150,0.0118,200,polar3,polar,33333,99998,0.9999,0.9834,0.9839,0.9889,0.5140,0.9434,0.6655,0.8247
ddim,32,2,150,0.0118,200,polar3_cal,polar,33333,99998,0.9999,0.9818,0.9822,0.9880,0.4772,0.9468,0.6346,0.8084
ddim,32,2,150,0.0118,200,polar8,polar,33333,99998,0.9999,0.9828,0.9833,0.9882,0.5133,0.9438,0.6650,0.8241
ddim,32,2,150,0.0118,200,polar8_cal,polar,33333,99998,0.9999,0.9813,0.9817,0.9875,0.4788,0.9481,0.6362,0.8090
ddim,32,2,150,0.0118,200,mlp,mlp,33333,99998,0.9999,0.9836,0.9842,0.9877,0.5900,0.9345,0.7233,0.8538
ddim,32,2,150,0.0118,200,mlp_cal,mlp,33333,99998,0.9999,0.9794,0.9798,0.9861,0.4591,0.9514,0.6194,0.7996
ddim,32,4,150,0.0139,200,analytic,analytic,0,0,nan,0.9765,0.9775,0.9829,0.5098,0.9010,0.6511,0.8143
ddim,32,4,150,0.0139,200,analytic_T_train,analytic,0,0,nan,0.9660,0.9666,0.9776,0.3554,0.9208,0.5128,0.7397
ddim,32,4,150,0.0139,200,knn,knn,3333,19996,0.9999,0.5783,0.5862,0.5819,0.0865,0.0148,0.0252,0.3057
ddim,32,4,150,0.0139,200,kernel,kernel,3333,19996,0.9999,0.0139,0.0000,0.0000,0.0139,1.0000,0.0274,0.0137
ddim,32,4,150,0.0139,200,altered_knn,altered_knn,3333,13320,0.9999,0.7471,0.7536,0.8043,0.0286,0.2848,0.0520,0.4028
ddim,32,4,150,0.0139,200,linear,linear,3333,19996,0.9999,0.5086,0.5089,0.6691,0.0138,0.4847,0.0269,0.2679
ddim,32,4,150,0.0139,200,linear_cal,linear,3333,19996,0.9999,0.9375,0.9499,0.9532,0.0391,0.0580,0.0467,0.4983
ddim,32,4,150,0.0139,200,quadratic,quadratic,3333,19996,0.9999,0.9569,0.9606,0.9606,0.6956,0.6954,0.6955,0.8280
ddim,32,4,150,0.0139,200,quadratic_cal,quadratic,3333,19996,0.9999,0.9525,0.9546,0.9586,0.5081,0.8088,0.6241,0.7894
ddim,32,4,150,0.0139,200,polar2,polar,3333,19996,0.9999,0.9586,0.9602,0.9651,0.4916,0.8473,0.6222,0.7912
ddim,32,4,150,0.0139,200,polar2_cal,polar,3333,19996,0.9999,0.9597,0.9615,0.9656,0.5205,0.8369,0.6418,0.8016
ddim,32,4,150,0.0139,200,polar3,polar,3333,19996,0.9999,0.9547,0.9563,0.9586,0.6294,0.8408,0.7199,0.8381
ddim,32,4,150,0.0139,200,polar3_cal,polar,3333,19996,0.9999,0.9505,0.9515,0.9565,0.5022,0.8732,0.6377,0.7946
ddim,32,4,150,0.0139,200,polar8,polar,3333,19996,0.9999,0.9381,0.9403,0.9412,0.6868,0.7793,0.7301,0.8352
ddim,32,4,150,0.0139,200,polar8_cal,polar,3333,19996,0.9999,0.9341,0.9355,0.9397,0.5104,0.8340,0.6332,0.7844
ddim,32,4,150,0.0139,200,mlp,mlp,3333,19996,0.9999,0.9560,0.9583,0.9611,0.5573,0.7933,0.6547,0.8065
ddim,32,4,150,0.0139,200,mlp_cal,mlp,3333,19996,0.9999,0.9557,0.9579,0.9610,0.5443,0.7980,0.6472,0.8025
ddim,32,4,150,0.0139,200,knn,knn,8333,49996,0.9999,0.5920,0.6002,0.5957,0.0943,0.0137,0.0239,0.3120
ddim,32,4,150,0.0139,200,kernel,kernel,8333,49996,0.9999,0.0139,0.0000,0.0000,0.0139,1.0000,0.0274,0.0137
ddim,32,4,150,0.0139,200,altered_knn,altered_knn,8333,33320,0.9999,0.7868,0.7950,0.8237,0.0352,0.2096,0.0603,0.4276
ddim,32,4,150,0.0139,200,linear,linear,8333,49996,0.9999,0.5085,0.5089,0.6697,0.0138,0.4851,0.0269,0.2679
ddim,32,4,150,0.0139,200,linear_cal,linear,8333,49996,0.9999,0.9439,0.9563,0.9603,0.0403,0.0637,0.0494,0.5028
ddim,32,4,150,0.0139,200,quadratic,quadratic,8333,49996,0.9999,0.9700,0.9736,0.9736,0.7179,0.7202,0.7190,0.8463
ddim,32,4,150,0.0139,200,quadratic_cal,quadratic,8333,49996,0.9999,0.9647,0.9664,0.9709,0.5085,0.8462,0.6353,0.8008
ddim,32,4,150,0.0139,200,polar2,polar,8333,49996,0.9999,0.9711,0.9729,0.9765,0.5541,0.8480,0.6703,0.8216
ddim,32,4,150,0.0139,200,polar2_cal,polar,8333,49996,0.9999,0.9687,0.9702,0.9753,0.4942,0.8639,0.6288,0.7995
ddim,32,4,150,0.0139,200,polar3,polar,8333,49996,0.9999,0.9699,0.9715,0.9742,0.6116,0.8538,0.7127,0.8421
ddim,32,4,150,0.0139,200,polar3_cal,polar,8333,49996,0.9999,0.9657,0.9669,0.9721,0.4989,0.8830,0.6375,0.8022
ddim,32,4,150,0.0139,200,polar8,polar,8333,49996,0.9999,0.9643,0.9658,0.9682,0.6333,0.8552,0.7277,0.8468
ddim,32,4,150,0.0139,200,polar8_cal,polar,8333,49996,0.9999,0.9614,0.9625,0.9670,0.5310,0.8819,0.6629,0.8127
ddim,32,4,150,0.0139,200,mlp,mlp,8333,49996,0.9999,0.9609,0.9628,0.9664,0.5363,0.8228,0.6493,0.8061
ddim,32,4,150,0.0139,200,mlp_cal,mlp,8333,49996,0.9999,0.9589,0.9607,0.9658,0.4783,0.8354,0.6083,0.7845
ddim,32,4,150,0.0139,200,knn,knn,16667,100004,0.9998,0.6004,0.6086,0.6041,0.1146,0.0144,0.0256,0.3171
ddim,32,4,150,0.0139,200,kernel,kernel,16667,100004,0.9998,0.0139,0.0000,0.0000,0.0139,1.0000,0.0274,0.0137
ddim,32,4,150,0.0139,200,altered_knn,altered_knn,16667,66660,0.9998,0.7661,0.7727,0.8184,0.0338,0.3014,0.0607,0.4167
ddim,32,4,150,0.0139,200,linear,linear,16667,100004,0.9998,0.5099,0.5102,0.6710,0.0138,0.4851,0.0269,0.2686
ddim,32,4,150,0.0139,200,linear_cal,linear,16667,100004,0.9998,0.9482,0.9607,0.9641,0.0412,0.0623,0.0496,0.5051
ddim,32,4,150,0.0139,200,quadratic,quadratic,16667,100004,0.9998,0.9751,0.9785,0.9785,0.7372,0.7353,0.7363,0.8574
ddim,32,4,150,0.0139,200,quadratic_cal,quadratic,16667,100004,0.9998,0.9690,0.9706,0.9754,0.5031,0.8588,0.6345,0.8025
ddim,32,4,150,0.0139,200,polar2,polar,16667,100004,0.9998,0.9737,0.9754,0.9792,0.5515,0.8509,0.6692,0.8223
ddim,32,4,150,0.0139,200,polar2_cal,polar,16667,100004,0.9998,0.9707,0.9722,0.9777,0.4820,0.8668,0.6195,0.7958
ddim,32,4,150,0.0139,200,polar3,polar,16667,100004,0.9998,0.9751,0.9768,0.9796,0.6042,0.8542,0.7077,0.8423
ddim,32,4,150,0.0139,200,polar3_cal,polar,16667,100004,0.9998,0.9714,0.9726,0.9778,0.5067,0.8826,0.6438,0.8082
ddim,32,4,150,0.0139,200,polar8,polar,16667,100004,0.9998,0.9737,0.9752,0.9784,0.5922,0.8653,0.7031,0.8392
ddim,32,4,150,0.0139,200,polar8_cal,polar,16667,100004,0.9998,0.9714,0.9725,0.9774,0.5213,0.8905,0.6576,0.8151
ddim,32,4,150,0.0139,200,mlp,mlp,16667,100004,0.9998,0.9738,0.9754,0.9782,0.6108,0.8642,0.7158,0.8456
ddim,32,4,150,0.0139,200,mlp_cal,mlp,16667,100004,0.9998,0.9701,0.9712,0.9770,0.4828,0.8884,0.6256,0.7984
ddim,32,8,150,0.0145,200,analytic,analytic,0,0,nan,0.9719,0.9742,0.9792,0.4844,0.8172,0.6083,0.7912
ddim,32,8,150,0.0145,200,analytic_T_train,analytic,0,0,nan,0.9620,0.9638,0.9742,0.3434,0.8399,0.4875,0.7256
ddim,32,8,150,0.0145,200,knn,knn,1667,20008,0.9999,0.4366,0.4425,0.4398,0.0552,0.0340,0.0421,0.2423
ddim,32,8,150,0.0145,200,kernel,kernel,1667,20008,0.9999,0.0145,0.0000,0.0000,0.0146,1.0000,0.0287,0.0143
ddim,32,8,150,0.0145,200,altered_knn,altered_knn,1667,13320,0.9999,0.7184,0.7256,0.7530,0.0384,0.2278,0.0658,0.3957
ddim,32,8,150,0.0145,200,linear,linear,1667,20008,0.9999,0.4106,0.4085,0.5745,0.0137,0.5505,0.0267,0.2176
ddim,32,8,150,0.0145,200,linear_cal,linear,1667,20008,0.9999,0.9199,0.9325,0.9362,0.0414,0.0636,0.0502,0.4913
ddim,32,8,150,0.0145,200,quadratic,quadratic,1667,20008,0.9999,0.9207,0.9255,0.9253,0.6121,0.5966,0.6042,0.7649
ddim,32,8,150,0.0145,200,quadratic_cal,quadratic,1667,20008,0.9999,0.9156,0.9185,0.9230,0.4328,0.7186,0.5402,0.7294
ddim,32,8,150,0.0145,200,polar2,polar,1667,20008,0.9999,0.8480,0.8494,0.8924,0.0995,0.7505,0.1757,0.5126
ddim,32,8,150,0.0145,200,polar2_cal,polar,1667,20008,0.9999,0.9039,0.9139,0.9187,0.1329,0.2258,0.1673,0.5406
ddim,32,8,150,0.0145,200,polar3,polar,1667,20008,0.9999,0.9157,0.9187,0.9201,0.5968,0.7148,0.6505,0.7846
ddim,32,8,150,0.0145,200,polar3_cal,polar,1667,20008,0.9999,0.9119,0.9142,0.9183,0.4754,0.7550,0.5835,0.7488
ddim,32,8,150,0.0145,200,polar8,polar,1667,20008,0.9999,0.8987,0.9023,0.9029,0.6113,0.6560,0.6329,0.7676
ddim,32,8,150,0.0145,200,polar8_cal,polar,1667,20008,0.9999,0.8944,0.8970,0.9014,0.4371,0.7230,0.5448,0.7209
ddim,32,8,150,0.0145,200,mlp,mlp,1667,20008,0.9999,0.9281,0.9321,0.9328,0.5971,0.6595,0.6267,0.7794
ddim,32,8,150,0.0145,200,mlp_cal,mlp,1667,20008,0.9999,0.9236,0.9268,0.9311,0.4375,0.7131,0.5423,0.7345
ddim,32,8,150,0.0145,200,knn,knn,4167,50008,0.9999,0.4537,0.4599,0.4572,0.0716,0.0399,0.0512,0.2555
ddim,32,8,150,0.0145,200,kernel,kernel,4167,50008,0.9999,0.0145,0.0000,0.0000,0.0146,1.0000,0.0287,0.0143
ddim,32,8,150,0.0145,200,altered_knn,altered_knn,4167,33320,0.9999,0.7267,0.7327,0.7689,0.0429,0.3158,0.0755,0.4041
ddim,32,8,150,0.0145,200,linear,linear,4167,50008,0.9999,0.4094,0.4072,0.5739,0.0138,0.5564,0.0269,0.2170
ddim,32,8,150,0.0145,200,linear_cal,linear,4167,50008,0.9999,0.9297,0.9424,0.9467,0.0405,0.0649,0.0499,0.4962
ddim,32,8,150,0.0145,200,quadratic,quadratic,4167,50008,0.9999,0.9505,0.9549,0.9547,0.6716,0.6564,0.6639,0.8094
ddim,32,8,150,0.0145,200,quadratic_cal,quadratic,4167,50008,0.9999,0.9459,0.9488,0.9525,0.4913,0.7467,0.5927,0.7707
ddim,32,8,150,0.0145,200,polar2,polar,4167,50008,0.9999,0.8867,0.8887,0.9247,0.1203,0.7550,0.2076,0.5481
ddim,32,8,150,0.0145,200,polar2_cal,polar,4167,50008,0.9999,0.9342,0.9437,0.9480,0.1805,0.2921,0.2231,0.5834
ddim,32,8,150,0.0145,200,polar3,polar,4167,50008,0.9999,0.9515,0.9546,0.9562,0.6041,0.7419,0.6659,0.8103
ddim,32,8,150,0.0145,200,polar3_cal,polar,4167,50008,0.9999,0.9465,0.9489,0.9537,0.4662,0.7828,0.5844,0.7666
ddim,32,8,150,0.0145,200,polar8,polar,4167,50008,0.9999,0.9391,0.9418,0.9434,0.6186,0.7598,0.6820,0.8119
ddim,32,8,150,0.0145,200,polar8_cal,polar,4167,50008,0.9999,0.9361,0.9381,0.9422,0.5037,0.7990,0.6179,0.7780
ddim,32,8,150,0.0145,200,mlp,mlp,4167,50008,0.9999,0.9376,0.9410,0.9431,0.5464,0.7117,0.6182,0.7796
ddim,32,8,150,0.0145,200,mlp_cal,mlp,4167,50008,0.9999,0.9359,0.9390,0.9426,0.4807,0.7292,0.5795,0.7592
ddim,32,8,150,0.0145,200,knn,knn,8333,99992,0.9998,0.4654,0.4717,0.4688,0.0751,0.0357,0.0484,0.2601
ddim,32,8,150,0.0145,200,kernel,kernel,8333,99992,0.9998,0.0145,0.0000,0.0000,0.0146,1.0000,0.0287,0.0143
ddim,32,8,150,0.0145,200,altered_knn,altered_knn,8333,66640,0.9998,0.7530,0.7611,0.7776,0.0534,0.2072,0.0849,0.4230
ddim,32,8,150,0.0145,200,linear,linear,8333,99992,0.9998,0.4101,0.4079,0.5748,0.0138,0.5584,0.0270,0.2174
ddim,32,8,150,0.0145,200,linear_cal,linear,8333,99992,0.9998,0.9346,0.9474,0.9520,0.0414,0.0680,0.0515,0.4994
ddim,32,8,150,0.0145,200,quadratic,quadratic,8333,99992,0.9998,0.9604,0.9648,0.9645,0.6879,0.6612,0.6743,0.8195
ddim,32,8,150,0.0145,200,quadratic_cal,quadratic,8333,99992,0.9998,0.9548,0.9576,0.9618,0.4831,0.7649,0.5922,0.7749
ddim,32,8,150,0.0145,200,polar2,polar,8333,99992,0.9998,0.9085,0.9108,0.9398,0.1452,0.7512,0.2434,0.5771
ddim,32,8,150,0.0145,200,polar2_cal,polar,8333,99992,0.9998,0.9456,0.9542,0.9582,0.2323,0.3643,0.2836,0.6189
ddim,32,8,150,0.0145,200,polar3,polar,8333,99992,0.9998,0.9621,0.9653,0.9670,0.6026,0.7450,0.6663,0.8158
ddim,32,8,150,0.0145,200,polar3_cal,polar,8333,99992,0.9998,0.9559,0.9584,0.9639,0.4466,0.7914,0.5710,0.7647
ddim,32,8,150,0.0145,200,polar8,polar,8333,99992,0.9998,0.9595,0.9624,0.9645,0.5892,0.7649,0.6657,0.8140
ddim,32,8,150,0.0145,200,polar8_cal,polar,8333,99992,0.9998,0.9558,0.9579,0.9629,0.4791,0.8144,0.6033,0.7806
ddim,32,8,150,0.0145,200,mlp,mlp,8333,99992,0.9998,0.9546,0.9575,0.9589,0.6297,0.7560,0.6871,0.8223
ddim,32,8,150,0.0145,200,mlp_cal,mlp,8333,99992,0.9998,0.9512,0.9536,0.9579,0.4918,0.7876,0.6055,0.7796
ddim,32,16,150,0.0142,200,analytic,analytic,0,0,nan,0.9693,0.9717,0.9768,0.4621,0.7994,0.5857,0.7787
ddim,32,16,150,0.0142,200,analytic_T_train,analytic,0,0,nan,0.9595,0.9613,0.9719,0.3299,0.8312,0.4723,0.7168
ddim,32,16,150,0.0142,200,knn,knn,833,19984,0.9998,0.3199,0.3236,0.3217,0.0460,0.0653,0.0540,0.1888
ddim,32,16,150,0.0142,200,kernel,kernel,833,19984,0.9998,0.0142,0.0000,0.0000,0.0142,1.0000,0.0279,0.0140
ddim,32,16,150,0.0142,200,altered_knn,altered_knn,833,13280,0.9998,0.6746,0.6815,0.6962,0.0496,0.1970,0.0793,0.3804
ddim,32,16,150,0.0142,200,linear,linear,833,19984,0.9998,0.3331,0.3298,0.4909,0.0119,0.5576,0.0234,0.1766
ddim,32,16,150,0.0142,200,linear_cal,linear,833,19984,0.9998,0.8924,0.9046,0.9090,0.0242,0.0406,0.0303,0.4675
ddim,32,16,150,0.0142,200,quadratic,quadratic,833,19984,0.9998,0.8431,0.8477,0.8482,0.4828,0.5215,0.5014,0.6746
ddim,32,16,150,0.0142,200,quadratic_cal,quadratic,833,19984,0.9998,0.8389,0.8422,0.8467,0.3532,0.6112,0.4477,0.6450
ddim,32,16,150,0.0142,200,polar2,polar,833,19984,0.9998,0.7590,0.7600,0.8164,0.0645,0.6857,0.1179,0.4390
ddim,32,16,150,0.0142,200,polar2_cal,polar,833,19984,0.9998,0.8348,0.8451,0.8487,0.0774,0.1222,0.0948,0.4699
ddim,32,16,150,0.0142,200,polar3,polar,833,19984,0.9998,0.8588,0.8618,0.8635,0.5104,0.6476,0.5709,0.7163
ddim,32,16,150,0.0142,200,polar3_cal,polar,833,19984,0.9998,0.8562,0.8586,0.8624,0.4262,0.6850,0.5255,0.6920
ddim,32,16,150,0.0142,200,polar8,polar,833,19984,0.9998,0.8286,0.8322,0.8338,0.4685,0.5802,0.5184,0.6753
ddim,32,16,150,0.0142,200,polar8_cal,polar,833,19984,0.9998,0.8269,0.8299,0.8333,0.4016,0.6158,0.4861,0.6580
ddim,32,16,150,0.0142,200,mlp,mlp,833,19984,0.9998,0.8830,0.8873,0.8887,0.4813,0.5809,0.5264,0.7069
ddim,32,16,150,0.0142,200,mlp_cal,mlp,833,19984,0.9998,0.8789,0.8825,0.8873,0.3598,0.6306,0.4582,0.6703
ddim,32,16,150,0.0142,200,knn,knn,2083,50000,0.9998,0.3381,0.3420,0.3406,0.0491,0.0643,0.0557,0.1988
ddim,32,16,150,0.0142,200,kernel,kernel,2083,50000,0.9998,0.0142,0.0000,0.0000,0.0142,1.0000,0.0279,0.0140
ddim,32,16,150,0.0142,200,altered_knn,altered_knn,2083,33280,0.9998,0.6908,0.6967,0.7207,0.0495,0.2790,0.0841,0.3904
ddim,32,16,150,0.0142,200,linear,linear,2083,50000,0.9998,0.3334,0.3301,0.4919,0.0120,0.5618,0.0235,0.1768
ddim,32,16,150,0.0142,200,linear_cal,linear,2083,50000,0.9998,0.9056,0.9179,0.9228,0.0261,0.0452,0.0331,0.4755
ddim,32,16,150,0.0142,200,quadratic,quadratic,2083,50000,0.9998,0.9160,0.9206,0.9207,0.5885,0.5964,0.5924,0.7565
ddim,32,16,150,0.0142,200,quadratic_cal,quadratic,2083,50000,0.9998,0.9117,0.9150,0.9187,0.4399,0.6843,0.5355,0.7253
ddim,32,16,150,0.0142,200,polar2,polar,2083,50000,0.9998,0.7994,0.8008,0.8627,0.0638,0.7020,0.1169,0.4589
ddim,32,16,150,0.0142,200,polar2_cal,polar,2083,50000,0.9998,0.8916,0.9027,0.9073,0.0701,0.1179,0.0879,0.4953
ddim,32,16,150,0.0142,200,polar3,polar,2083,50000,0.9998,0.9214,0.9248,0.9263,0.5670,0.6847,0.6203,0.7726
ddim,32,16,150,0.0142,200,polar3_cal,polar,2083,50000,0.9998,0.9173,0.9200,0.9242,0.4472,0.7270,0.5538,0.7369
ddim,32,16,150,0.0142,200,polar8,polar,2083,50000,0.9998,0.9039,0.9069,0.9084,0.5686,0.6999,0.6274,0.7671
ddim,32,16,150,0.0142,200,polar8_cal,polar,2083,50000,0.9998,0.9009,0.9031,0.9073,0.4559,0.7479,0.5665,0.7348
ddim,32,16,150,0.0142,200,mlp,mlp,2083,50000,0.9998,0.9096,0.9133,0.9162,0.4536,0.6458,0.5329,0.7231
ddim,32,16,150,0.0142,200,mlp_cal,mlp,2083,50000,0.9998,0.9067,0.9100,0.9154,0.3725,0.6769,0.4806,0.6953
ddim,32,16,150,0.0142,200,knn,knn,4167,100016,0.9998,0.3507,0.3548,0.3530,0.0561,0.0629,0.0593,0.2070
ddim,32,16,150,0.0142,200,kernel,kernel,4167,100016,0.9998,0.0142,0.0000,0.0000,0.0142,1.0000,0.0279,0.0140
ddim,32,16,150,0.0142,200,altered_knn,altered_knn,4167,66640,0.9998,0.7144,0.7228,0.7278,0.0636,0.1250,0.0843,0.4036
ddim,32,16,150,0.0142,200,linear,linear,4167,100016,0.9998,0.3352,0.3318,0.4942,0.0121,0.5681,0.0238,0.1778
ddim,32,16,150,0.0142,200,linear_cal,linear,4167,100016,0.9998,0.9148,0.9273,0.9317,0.0267,0.0441,0.0333,0.4803
ddim,32,16,150,0.0142,200,quadratic,quadratic,4167,100016,0.9998,0.9369,0.9415,0.9416,0.6117,0.6208,0.6162,0.7788
ddim,32,16,150,0.0142,200,quadratic_cal,quadratic,4167,100016,0.9998,0.9321,0.9354,0.9392,0.4495,0.7062,0.5494,0.7424
ddim,32,16,150,0.0142,200,polar2,polar,4167,100016,0.9998,0.8255,0.8274,0.8843,0.0702,0.6992,0.1276,0.4775
ddim,32,16,150,0.0142,200,polar2_cal,polar,4167,100016,0.9998,0.9118,0.9230,0.9269,0.0835,0.1324,0.1024,0.5127
ddim,32,16,150,0.0142,200,polar3,polar,4167,100016,0.9998,0.9409,0.9445,0.9459,0.5746,0.6879,0.6262,0.7854
ddim,32,16,150,0.0142,200,polar3_cal,polar,4167,100016,0.9998,0.9370,0.9400,0.9439,0.4626,0.7292,0.5661,0.7530
ddim,32,16,150,0.0142,200,polar8,polar,4167,100016,0.9998,0.9381,0.9411,0.9434,0.5433,0.7295,0.6228,0.7819
ddim,32,16,150,0.0142,200,polar8_cal,polar,4167,100016,0.9998,0.9365,0.9391,0.9427,0.4932,0.7542,0.5964,0.7677
ddim,32,16,150,0.0142,200,mlp,mlp,4167,100016,0.9998,0.9338,0.9371,0.9387,0.5697,0.7073,0.6311,0.7841
ddim,32,16,150,0.0142,200,mlp_cal,mlp,4167,100016,0.9998,0.9296,0.9322,0.9375,0.4190,0.7532,0.5384,0.7353
