sampler,d,K,n_seeds,hall_gt,hall_gt_std,model,arch,n_per_mode,n_anchors,full_acc,full_acc_std,mode_acc,mode_acc_std,mode_f1,mode_f1_std,hall_prec,hall_prec_std,hall_rec,hall_rec_std,hall_f1,hall_f1_std,balanced,balanced_std
heun,2,2,3,0.0107,0.0005,knn,knn,2000,6000,0.9839,0.0010,0.9867,0.0009,0.9912,0.0005,0.3965,0.0178,0.7268,0.0107,0.5129,0.0163,0.7498,0.0086
heun,2,2,3,0.0107,0.0005,altered_knn,altered_knn,2000,4000,0.9716,0.0010,0.9800,0.0012,0.9845,0.0006,0.1085,0.0176,0.1992,0.0191,0.1402,0.0191,0.5601,0.0101
heun,2,2,3,0.0107,0.0005,quadratic,quadratic,2000,6000,0.9884,0.0010,0.9929,0.0007,0.9927,0.0008,0.5945,0.0227,0.5713,0.0370,0.5825,0.0294,0.7877,0.0148
heun,2,2,3,0.0107,0.0005,polar3,polar,2000,6000,0.9956,0.0009,0.9970,0.0008,0.9976,0.0007,0.7821,0.0221,0.8670,0.0350,0.8219,0.0206,0.9094,0.0106
heun,2,2,3,0.0107,0.0005,knn,knn,5000,15000,0.9900,0.0006,0.9921,0.0007,0.9947,0.0004,0.5340,0.0199,0.8005,0.0262,0.6401,0.0114,0.8161,0.0060
heun,2,2,3,0.0107,0.0005,altered_knn,altered_knn,5000,10000,0.9761,0.0008,0.9840,0.0011,0.9876,0.0004,0.1476,0.0213,0.2445,0.0248,0.1836,0.0219,0.5838,0.0113
heun,2,2,3,0.0107,0.0005,quadratic,quadratic,5000,15000,0.9876,0.0014,0.9922,0.0017,0.9919,0.0016,0.5962,0.0115,0.5652,0.0342,0.5799,0.0225,0.7861,0.0106
heun,2,2,3,0.0107,0.0005,polar3,polar,5000,15000,0.9955,0.0009,0.9969,0.0008,0.9975,0.0007,0.7784,0.0203,0.8634,0.0329,0.8183,0.0195,0.9076,0.0100
heun,2,2,3,0.0107,0.0005,knn,knn,10000,30000,0.9931,0.0007,0.9948,0.0005,0.9964,0.0005,0.6474,0.0204,0.8366,0.0292,0.7296,0.0186,0.8622,0.0095
heun,2,2,3,0.0107,0.0005,altered_knn,altered_knn,10000,20000,0.9818,0.0029,0.9903,0.0033,0.9906,0.0014,0.1966,0.0333,0.1977,0.0259,0.1928,0.0065,0.5915,0.0048
heun,2,2,3,0.0107,0.0005,quadratic,quadratic,10000,30000,0.9876,0.0012,0.9922,0.0016,0.9919,0.0015,0.5948,0.0181,0.5685,0.0377,0.5811,0.0272,0.7866,0.0129
heun,2,2,3,0.0107,0.0005,polar3,polar,10000,30000,0.9955,0.0010,0.9970,0.0008,0.9975,0.0007,0.7801,0.0213,0.8583,0.0334,0.8170,0.0208,0.9070,0.0107
heun,2,2,3,0.0107,0.0005,knn,knn,15000,45000,0.9942,0.0007,0.9958,0.0006,0.9969,0.0005,0.6968,0.0223,0.8417,0.0281,0.7621,0.0194,0.8790,0.0100
heun,2,2,3,0.0107,0.0005,altered_knn,altered_knn,15000,30000,0.9828,0.0024,0.9910,0.0026,0.9912,0.0013,0.2219,0.0378,0.2232,0.0155,0.2197,0.0158,0.6053,0.0090
heun,2,2,3,0.0107,0.0005,quadratic,quadratic,15000,45000,0.9880,0.0013,0.9925,0.0014,0.9922,0.0014,0.5955,0.0162,0.5709,0.0360,0.5826,0.0247,0.7875,0.0119
heun,2,2,3,0.0107,0.0005,polar3,polar,15000,45000,0.9954,0.0010,0.9969,0.0008,0.9975,0.0008,0.7743,0.0222,0.8626,0.0310,0.8158,0.0227,0.9063,0.0117
heun,2,2,3,0.0107,0.0005,knn,knn,20000,60000,0.9947,0.0009,0.9964,0.0007,0.9972,0.0006,0.7307,0.0296,0.8410,0.0347,0.7816,0.0268,0.8890,0.0137
heun,2,2,3,0.0107,0.0005,altered_knn,altered_knn,20000,40000,0.9829,0.0026,0.9909,0.0027,0.9913,0.0013,0.2328,0.0465,0.2407,0.0091,0.2336,0.0230,0.6122,0.0128
heun,2,2,3,0.0107,0.0005,quadratic,quadratic,20000,60000,0.9883,0.0012,0.9928,0.0013,0.9925,0.0013,0.5967,0.0164,0.5681,0.0358,0.5817,0.0252,0.7873,0.0123
heun,2,2,3,0.0107,0.0005,polar3,polar,20000,60000,0.9954,0.0011,0.9968,0.0009,0.9975,0.0008,0.7706,0.0289,0.8639,0.0316,0.8142,0.0255,0.9055,0.0131
heun,2,4,3,0.0116,0.0003,knn,knn,2000,12000,0.9622,0.0046,0.9674,0.0046,0.9751,0.0041,0.2234,0.0173,0.5195,0.0271,0.3124,0.0212,0.6399,0.0118
heun,2,4,3,0.0116,0.0003,altered_knn,altered_knn,2000,8000,0.9456,0.0107,0.9533,0.0114,0.9678,0.0057,0.0840,0.0086,0.2883,0.0584,0.1285,0.0082,0.5409,0.0084
heun,2,4,3,0.0116,0.0003,quadratic,quadratic,2000,12000,0.9273,0.0152,0.9332,0.0161,0.9377,0.0134,0.2447,0.0382,0.4244,0.0740,0.3036,0.0161,0.6184,0.0155
heun,2,4,3,0.0116,0.0003,polar3,polar,2000,12000,0.9660,0.0037,0.9708,0.0039,0.9767,0.0035,0.2775,0.0142,0.5595,0.0338,0.3709,0.0192,0.6708,0.0098
heun,2,4,3,0.0116,0.0003,knn,knn,5000,30000,0.9677,0.0044,0.9733,0.0044,0.9777,0.0040,0.2815,0.0222,0.4969,0.0347,0.3593,0.0261,0.6663,0.0138
heun,2,4,3,0.0116,0.0003,altered_knn,altered_knn,5000,20000,0.9581,0.0028,0.9670,0.0030,0.9734,0.0027,0.0939,0.0130,0.2038,0.0688,0.1272,0.0270,0.5471,0.0126
heun,2,4,3,0.0116,0.0003,quadratic,quadratic,5000,30000,0.9264,0.0138,0.9323,0.0146,0.9367,0.0120,0.2442,0.0408,0.4238,0.0725,0.3033,0.0200,0.6178,0.0164
heun,2,4,3,0.0116,0.0003,polar3,polar,5000,30000,0.9660,0.0041,0.9708,0.0044,0.9766,0.0039,0.2818,0.0130,0.5626,0.0333,0.3753,0.0170,0.6730,0.0086
heun,2,4,3,0.0116,0.0003,knn,knn,10000,60000,0.9704,0.0040,0.9761,0.0041,0.9786,0.0038,0.3422,0.0210,0.4876,0.0341,0.4019,0.0240,0.6890,0.0125
heun,2,4,3,0.0116,0.0003,altered_knn,altered_knn,10000,40000,0.9615,0.0030,0.9710,0.0028,0.9748,0.0032,0.0955,0.0159,0.1593,0.0324,0.1193,0.0215,0.5452,0.0109
heun,2,4,3,0.0116,0.0003,quadratic,quadratic,10000,60000,0.9275,0.0141,0.9334,0.0149,0.9376,0.0124,0.2498,0.0383,0.4248,0.0725,0.3080,0.0161,0.6207,0.0150
heun,2,4,3,0.0116,0.0003,polar3,polar,10000,60000,0.9659,0.0037,0.9707,0.0039,0.9764,0.0037,0.2812,0.0151,0.5570,0.0325,0.3737,0.0202,0.6722,0.0100
heun,2,4,3,0.0116,0.0003,knn,knn,15000,90000,0.9713,0.0038,0.9771,0.0040,0.9787,0.0037,0.3767,0.0165,0.4802,0.0324,0.4219,0.0209,0.6995,0.0106
heun,2,4,3,0.0116,0.0003,altered_knn,altered_knn,15000,60000,0.9635,0.0042,0.9733,0.0044,0.9756,0.0035,0.0946,0.0122,0.1316,0.0212,0.1097,0.0147,0.5415,0.0069
heun,2,4,3,0.0116,0.0003,quadratic,quadratic,15000,90000,0.9276,0.0141,0.9335,0.0149,0.9376,0.0124,0.2507,0.0383,0.4230,0.0725,0.3083,0.0168,0.6209,0.0150
heun,2,4,3,0.0116,0.0003,polar3,polar,15000,90000,0.9664,0.0041,0.9711,0.0042,0.9765,0.0039,0.2913,0.0200,0.5625,0.0353,0.3838,0.0249,0.6774,0.0126
heun,2,4,3,0.0116,0.0003,knn,knn,20000,120000,0.9719,0.0038,0.9777,0.0039,0.9788,0.0037,0.4017,0.0152,0.4785,0.0270,0.4366,0.0184,0.7072,0.0095
heun,2,4,3,0.0116,0.0003,altered_knn,altered_knn,20000,80000,0.9660,0.0043,0.9762,0.0045,0.9761,0.0036,0.1016,0.0130,0.1003,0.0230,0.1003,0.0168,0.5382,0.0073
heun,2,4,3,0.0116,0.0003,quadratic,quadratic,20000,120000,0.9270,0.0140,0.9329,0.0148,0.9370,0.0123,0.2526,0.0373,0.4236,0.0716,0.3101,0.0152,0.6215,0.0143
heun,2,4,3,0.0116,0.0003,polar3,polar,20000,120000,0.9661,0.0036,0.9709,0.0037,0.9763,0.0037,0.2880,0.0199,0.5546,0.0300,0.3791,0.0242,0.6750,0.0118
heun,2,8,3,0.0114,0.0006,knn,knn,2000,24000,0.9650,0.0048,0.9689,0.0043,0.9784,0.0043,0.2338,0.0245,0.6238,0.0545,0.3399,0.0330,0.6544,0.0186
heun,2,8,3,0.0114,0.0006,altered_knn,altered_knn,2000,16000,0.9353,0.0115,0.9410,0.0127,0.9636,0.0058,0.0903,0.0158,0.4424,0.0800,0.1477,0.0174,0.5443,0.0147
heun,2,8,3,0.0114,0.0006,quadratic,quadratic,2000,24000,0.8362,0.0034,0.8390,0.0034,0.8999,0.0035,0.0463,0.0022,0.5890,0.0093,0.0858,0.0039,0.4624,0.0008
heun,2,8,3,0.0114,0.0006,polar3,polar,2000,24000,0.9662,0.0059,0.9703,0.0052,0.9793,0.0051,0.2366,0.0286,0.6096,0.0652,0.3408,0.0397,0.6556,0.0225
heun,2,8,3,0.0114,0.0006,knn,knn,5000,60000,0.9732,0.0058,0.9775,0.0052,0.9832,0.0051,0.3016,0.0351,0.6064,0.0646,0.4026,0.0443,0.6900,0.0247
heun,2,8,3,0.0114,0.0006,altered_knn,altered_knn,5000,40000,0.9604,0.0054,0.9678,0.0050,0.9767,0.0045,0.1239,0.0227,0.3188,0.0524,0.1784,0.0317,0.5731,0.0180
heun,2,8,3,0.0114,0.0006,quadratic,quadratic,5000,60000,0.8334,0.0044,0.8362,0.0044,0.8980,0.0043,0.0457,0.0023,0.5906,0.0066,0.0848,0.0040,0.4605,0.0020
heun,2,8,3,0.0114,0.0006,polar3,polar,5000,60000,0.9660,0.0060,0.9702,0.0053,0.9791,0.0051,0.2344,0.0306,0.6000,0.0664,0.3369,0.0416,0.6536,0.0235
heun,2,8,3,0.0114,0.0006,knn,knn,10000,120000,0.9766,0.0062,0.9813,0.0056,0.9847,0.0055,0.3567,0.0480,0.5726,0.0670,0.4392,0.0545,0.7103,0.0300
heun,2,8,3,0.0114,0.0006,altered_knn,altered_knn,10000,80000,0.9690,0.0056,0.9778,0.0054,0.9807,0.0049,0.1386,0.0278,0.2115,0.0737,0.1655,0.0396,0.5716,0.0211
heun,2,8,3,0.0114,0.0006,quadratic,quadratic,10000,120000,0.8345,0.0052,0.8373,0.0053,0.8988,0.0049,0.0459,0.0020,0.5905,0.0092,0.0851,0.0035,0.4612,0.0018
heun,2,8,3,0.0114,0.0006,polar3,polar,10000,120000,0.9657,0.0062,0.9700,0.0055,0.9790,0.0053,0.2304,0.0324,0.5922,0.0727,0.3316,0.0444,0.6508,0.0250
heun,2,8,3,0.0114,0.0006,knn,knn,15000,180000,0.9779,0.0063,0.9827,0.0057,0.9851,0.0056,0.3905,0.0522,0.5546,0.0677,0.4580,0.0574,0.7204,0.0315
heun,2,8,3,0.0114,0.0006,altered_knn,altered_knn,15000,120000,0.9712,0.0067,0.9802,0.0065,0.9820,0.0055,0.1550,0.0425,0.1957,0.0336,0.1718,0.0380,0.5760,0.0222
heun,2,8,3,0.0114,0.0006,quadratic,quadratic,15000,180000,0.8356,0.0055,0.8384,0.0056,0.8994,0.0050,0.0462,0.0019,0.5898,0.0098,0.0857,0.0033,0.4620,0.0017
heun,2,8,3,0.0114,0.0006,polar3,polar,15000,180000,0.9657,0.0065,0.9700,0.0058,0.9789,0.0055,0.2323,0.0331,0.5960,0.0722,0.3341,0.0453,0.6521,0.0256
heun,2,8,3,0.0114,0.0006,knn,knn,20000,240000,0.9785,0.0064,0.9835,0.0058,0.9853,0.0057,0.4127,0.0550,0.5418,0.0653,0.4681,0.0582,0.7258,0.0320
heun,2,8,3,0.0114,0.0006,altered_knn,altered_knn,20000,160000,0.9722,0.0070,0.9812,0.0068,0.9824,0.0056,0.1651,0.0471,0.1900,0.0316,0.1757,0.0411,0.5785,0.0238
heun,2,8,3,0.0114,0.0006,quadratic,quadratic,20000,240000,0.8430,0.0050,0.8460,0.0050,0.9047,0.0046,0.0477,0.0020,0.5842,0.0093,0.0882,0.0034,0.4671,0.0012
heun,2,8,3,0.0114,0.0006,polar3,polar,20000,240000,0.9663,0.0065,0.9706,0.0059,0.9792,0.0055,0.2356,0.0349,0.5893,0.0678,0.3365,0.0463,0.6535,0.0260
heun,4,2,3,0.0111,0.0006,knn,knn,2000,6000,0.9144,0.0022,0.9215,0.0024,0.9187,0.0023,0.6065,0.0216,0.2761,0.0056,0.3794,0.0093,0.6505,0.0057
heun,4,2,3,0.0111,0.0006,altered_knn,altered_knn,2000,4000,0.9007,0.0071,0.9086,0.0076,0.9384,0.0026,0.0311,0.0041,0.2043,0.0202,0.0538,0.0059,0.4812,0.0064
heun,4,2,3,0.0111,0.0006,quadratic,quadratic,2000,6000,0.9869,0.0027,0.9916,0.0024,0.9897,0.0025,0.8592,0.0281,0.5732,0.0117,0.6874,0.0132,0.8395,0.0074
heun,4,2,3,0.0111,0.0006,polar3,polar,2000,6000,0.9941,0.0005,0.9966,0.0001,0.9962,0.0002,0.8286,0.0084,0.7720,0.0366,0.7990,0.0229,0.8978,0.0114
heun,4,2,3,0.0111,0.0006,knn,knn,5000,15000,0.9303,0.0012,0.9371,0.0015,0.9344,0.0014,0.6657,0.0118,0.3338,0.0235,0.4442,0.0216,0.6906,0.0103
heun,4,2,3,0.0111,0.0006,altered_knn,altered_knn,5000,10000,0.9237,0.0175,0.9326,0.0182,0.9484,0.0057,0.0344,0.0008,0.1316,0.0738,0.0511,0.0070,0.4918,0.0064
heun,4,2,3,0.0111,0.0006,quadratic,quadratic,5000,15000,0.9879,0.0015,0.9928,0.0011,0.9908,0.0014,0.8662,0.0296,0.5568,0.0140,0.6775,0.0122,0.8351,0.0063
heun,4,2,3,0.0111,0.0006,polar3,polar,5000,15000,0.9941,0.0004,0.9966,0.0001,0.9962,0.0001,0.8259,0.0033,0.7741,0.0336,0.7988,0.0188,0.8977,0.0093
heun,4,2,3,0.0111,0.0006,knn,knn,10000,30000,0.9414,0.0007,0.9478,0.0011,0.9452,0.0009,0.7154,0.0242,0.3736,0.0247,0.4906,0.0261,0.7192,0.0126
heun,4,2,3,0.0111,0.0006,altered_knn,altered_knn,10000,20000,0.9256,0.0186,0.9344,0.0192,0.9511,0.0061,0.0364,0.0014,0.1438,0.0792,0.0540,0.0081,0.4942,0.0069
heun,4,2,3,0.0111,0.0006,quadratic,quadratic,10000,30000,0.9889,0.0010,0.9937,0.0007,0.9917,0.0008,0.8666,0.0173,0.5598,0.0181,0.6799,0.0128,0.8368,0.0067
heun,4,2,3,0.0111,0.0006,polar3,polar,10000,30000,0.9941,0.0004,0.9966,0.0002,0.9962,0.0002,0.8243,0.0042,0.7771,0.0363,0.7995,0.0185,0.8980,0.0092
heun,4,2,3,0.0111,0.0006,knn,knn,15000,45000,0.9478,0.0005,0.9541,0.0003,0.9517,0.0003,0.6976,0.0276,0.3927,0.0189,0.5025,0.0226,0.7283,0.0112
heun,4,2,3,0.0111,0.0006,altered_knn,altered_knn,15000,30000,0.8890,0.0328,0.8957,0.0341,0.9365,0.0142,0.0340,0.0019,0.2870,0.1123,0.0591,0.0024,0.4774,0.0164
heun,4,2,3,0.0111,0.0006,quadratic,quadratic,15000,45000,0.9889,0.0011,0.9938,0.0006,0.9918,0.0009,0.8642,0.0173,0.5575,0.0198,0.6774,0.0133,0.8356,0.0070
heun,4,2,3,0.0111,0.0006,polar3,polar,15000,45000,0.9941,0.0004,0.9965,0.0002,0.9962,0.0002,0.8182,0.0031,0.7781,0.0384,0.7971,0.0204,0.8968,0.0101
heun,4,2,3,0.0111,0.0006,knn,knn,20000,60000,0.9508,0.0009,0.9570,0.0007,0.9547,0.0009,0.7055,0.0167,0.3980,0.0155,0.5087,0.0146,0.7329,0.0071
heun,4,2,3,0.0111,0.0006,altered_knn,altered_knn,20000,40000,0.9132,0.0276,0.9211,0.0288,0.9479,0.0119,0.0355,0.0025,0.2085,0.1003,0.0589,0.0039,0.4900,0.0132
heun,4,2,3,0.0111,0.0006,quadratic,quadratic,20000,60000,0.9890,0.0010,0.9938,0.0007,0.9918,0.0008,0.8654,0.0173,0.5577,0.0191,0.6779,0.0133,0.8359,0.0070
heun,4,2,3,0.0111,0.0006,polar3,polar,20000,60000,0.9941,0.0004,0.9965,0.0002,0.9962,0.0002,0.8184,0.0074,0.7789,0.0375,0.7976,0.0174,0.8970,0.0086
heun,4,4,3,0.0121,0.0003,knn,knn,2000,12000,0.8362,0.0123,0.8420,0.0121,0.8440,0.0138,0.2680,0.0679,0.3637,0.0131,0.3027,0.0397,0.5724,0.0146
heun,4,4,3,0.0121,0.0003,altered_knn,altered_knn,2000,8000,0.8672,0.0200,0.8759,0.0213,0.8945,0.0094,0.0423,0.0100,0.1604,0.0903,0.0611,0.0064,0.4685,0.0122
heun,4,4,3,0.0121,0.0003,quadratic,quadratic,2000,12000,0.9313,0.0055,0.9359,0.0054,0.9359,0.0058,0.5216,0.0174,0.5591,0.0077,0.5396,0.0114,0.7377,0.0069
heun,4,4,3,0.0121,0.0003,polar3,polar,2000,12000,0.9658,0.0042,0.9700,0.0039,0.9715,0.0044,0.4903,0.0123,0.6282,0.0228,0.5503,0.0080,0.7602,0.0050
heun,4,4,3,0.0121,0.0003,knn,knn,5000,30000,0.8669,0.0100,0.8728,0.0099,0.8740,0.0116,0.3093,0.0672,0.3918,0.0160,0.3406,0.0348,0.6067,0.0125
heun,4,4,3,0.0121,0.0003,altered_knn,altered_knn,5000,20000,0.8844,0.0168,0.8937,0.0182,0.9056,0.0084,0.0458,0.0093,0.1334,0.0977,0.0560,0.0224,0.4748,0.0066
heun,4,4,3,0.0121,0.0003,quadratic,quadratic,5000,30000,0.9314,0.0053,0.9360,0.0051,0.9358,0.0055,0.5327,0.0173,0.5580,0.0089,0.5449,0.0121,0.7405,0.0075
heun,4,4,3,0.0121,0.0003,polar3,polar,5000,30000,0.9665,0.0044,0.9707,0.0041,0.9718,0.0046,0.5137,0.0099,0.6242,0.0255,0.5631,0.0070,0.7669,0.0052
heun,4,4,3,0.0121,0.0003,knn,knn,10000,60000,0.8873,0.0087,0.8932,0.0086,0.8940,0.0102,0.3430,0.0780,0.4067,0.0078,0.3671,0.0412,0.6301,0.0164
heun,4,4,3,0.0121,0.0003,altered_knn,altered_knn,10000,40000,0.8488,0.0366,0.8554,0.0391,0.8975,0.0111,0.0461,0.0182,0.3114,0.1595,0.0700,0.0123,0.4627,0.0248
heun,4,4,3,0.0121,0.0003,quadratic,quadratic,10000,60000,0.9311,0.0057,0.9356,0.0055,0.9354,0.0059,0.5436,0.0166,0.5579,0.0062,0.5506,0.0111,0.7431,0.0067
heun,4,4,3,0.0121,0.0003,polar3,polar,10000,60000,0.9666,0.0042,0.9708,0.0038,0.9720,0.0044,0.5103,0.0199,0.6250,0.0282,0.5609,0.0060,0.7659,0.0040
heun,4,4,3,0.0121,0.0003,knn,knn,15000,90000,0.8977,0.0077,0.9037,0.0075,0.9045,0.0092,0.3439,0.0702,0.4104,0.0132,0.3695,0.0358,0.6366,0.0145
heun,4,4,3,0.0121,0.0003,altered_knn,altered_knn,15000,60000,0.8697,0.0252,0.8773,0.0273,0.9082,0.0068,0.0538,0.0252,0.2533,0.1429,0.0691,0.0059,0.4732,0.0162
heun,4,4,3,0.0121,0.0003,quadratic,quadratic,15000,90000,0.9312,0.0054,0.9358,0.0053,0.9355,0.0058,0.5415,0.0180,0.5571,0.0075,0.5491,0.0119,0.7424,0.0069
heun,4,4,3,0.0121,0.0003,polar3,polar,15000,90000,0.9666,0.0041,0.9707,0.0036,0.9719,0.0044,0.5122,0.0262,0.6279,0.0291,0.5630,0.0080,0.7669,0.0042
heun,4,4,3,0.0121,0.0003,knn,knn,20000,120000,0.9045,0.0076,0.9104,0.0074,0.9112,0.0090,0.3573,0.0739,0.4215,0.0159,0.3822,0.0392,0.6463,0.0162
heun,4,4,3,0.0121,0.0003,altered_knn,altered_knn,20000,80000,0.8988,0.0149,0.9084,0.0163,0.9180,0.0072,0.0614,0.0257,0.1236,0.0985,0.0635,0.0154,0.4860,0.0080
heun,4,4,3,0.0121,0.0003,quadratic,quadratic,20000,120000,0.9309,0.0057,0.9355,0.0056,0.9352,0.0060,0.5458,0.0187,0.5575,0.0074,0.5515,0.0120,0.7435,0.0073
heun,4,4,3,0.0121,0.0003,polar3,polar,20000,120000,0.9667,0.0041,0.9709,0.0037,0.9720,0.0044,0.5137,0.0261,0.6251,0.0283,0.5627,0.0071,0.7668,0.0038
heun,4,8,3,0.0128,0.0002,knn,knn,2000,24000,0.7866,0.0159,0.7918,0.0159,0.8040,0.0151,0.1159,0.0079,0.3838,0.0118,0.1780,0.0106,0.4849,0.0132
heun,4,8,3,0.0128,0.0002,altered_knn,altered_knn,2000,16000,0.8443,0.0310,0.8531,0.0328,0.8714,0.0132,0.0438,0.0071,0.1616,0.1097,0.0607,0.0050,0.4569,0.0165
heun,4,8,3,0.0128,0.0002,quadratic,quadratic,2000,24000,0.8940,0.0159,0.8993,0.0159,0.9034,0.0153,0.2815,0.0245,0.4901,0.0120,0.3573,0.0230,0.6283,0.0193
heun,4,8,3,0.0128,0.0002,polar3,polar,2000,24000,0.9483,0.0118,0.9535,0.0115,0.9586,0.0112,0.3008,0.0217,0.5453,0.0306,0.3877,0.0258,0.6706,0.0185
heun,4,8,3,0.0128,0.0002,knn,knn,5000,60000,0.8283,0.0153,0.8338,0.0153,0.8435,0.0145,0.1458,0.0122,0.4024,0.0141,0.2139,0.0151,0.5239,0.0152
heun,4,8,3,0.0128,0.0002,altered_knn,altered_knn,5000,40000,0.8586,0.0238,0.8675,0.0249,0.8844,0.0115,0.0474,0.0079,0.1702,0.0677,0.0706,0.0048,0.4691,0.0148
heun,4,8,3,0.0128,0.0002,quadratic,quadratic,5000,60000,0.8951,0.0160,0.9004,0.0160,0.9044,0.0152,0.2838,0.0282,0.4890,0.0125,0.3587,0.0262,0.6295,0.0211
heun,4,8,3,0.0128,0.0002,polar3,polar,5000,60000,0.9500,0.0117,0.9553,0.0114,0.9599,0.0110,0.3117,0.0232,0.5431,0.0261,0.3960,0.0256,0.6756,0.0185
heun,4,8,3,0.0128,0.0002,knn,knn,10000,120000,0.8537,0.0142,0.8594,0.0142,0.8677,0.0135,0.1656,0.0126,0.4095,0.0108,0.2357,0.0147,0.5476,0.0144
heun,4,8,3,0.0128,0.0002,altered_knn,altered_knn,10000,80000,0.8473,0.0381,0.8549,0.0403,0.8871,0.0165,0.0477,0.0141,0.2637,0.1295,0.0721,0.0065,0.4635,0.0233
heun,4,8,3,0.0128,0.0002,quadratic,quadratic,10000,120000,0.8947,0.0158,0.9000,0.0159,0.9041,0.0151,0.2839,0.0282,0.4887,0.0086,0.3586,0.0252,0.6293,0.0205
heun,4,8,3,0.0128,0.0002,polar3,polar,10000,120000,0.9500,0.0118,0.9553,0.0116,0.9599,0.0110,0.3147,0.0276,0.5442,0.0247,0.3986,0.0289,0.6769,0.0202
heun,4,8,3,0.0128,0.0002,knn,knn,15000,180000,0.8672,0.0133,0.8730,0.0133,0.8805,0.0126,0.1794,0.0153,0.4143,0.0169,0.2503,0.0179,0.5617,0.0156
heun,4,8,3,0.0128,0.0002,altered_knn,altered_knn,15000,120000,0.8759,0.0283,0.8853,0.0298,0.8976,0.0129,0.0609,0.0161,0.1451,0.0954,0.0723,0.0037,0.4788,0.0167
heun,4,8,3,0.0128,0.0002,quadratic,quadratic,15000,180000,0.8946,0.0160,0.8999,0.0160,0.9039,0.0152,0.2851,0.0277,0.4877,0.0089,0.3593,0.0247,0.6296,0.0204
heun,4,8,3,0.0128,0.0002,polar3,polar,15000,180000,0.9496,0.0118,0.9549,0.0116,0.9595,0.0111,0.3122,0.0246,0.5431,0.0248,0.3963,0.0264,0.6756,0.0190
heun,4,8,3,0.0128,0.0002,knn,knn,20000,240000,0.8763,0.0129,0.8822,0.0128,0.8890,0.0123,0.1895,0.0162,0.4150,0.0225,0.2601,0.0193,0.5712,0.0160
heun,4,8,3,0.0128,0.0002,altered_knn,altered_knn,20000,160000,0.8725,0.0377,0.8815,0.0399,0.8992,0.0153,0.0614,0.0171,0.1773,0.1411,0.0728,0.0051,0.4772,0.0219
heun,4,8,3,0.0128,0.0002,quadratic,quadratic,20000,240000,0.8962,0.0165,0.9015,0.0165,0.9052,0.0158,0.2953,0.0270,0.4836,0.0107,0.3662,0.0241,0.6339,0.0203
heun,4,8,3,0.0128,0.0002,polar3,polar,20000,240000,0.9504,0.0118,0.9557,0.0116,0.9602,0.0112,0.3149,0.0251,0.5409,0.0266,0.3980,0.0269,0.6768,0.0192
heun,4,16,3,0.0141,0.0004,knn,knn,2000,48000,0.7719,0.0048,0.7771,0.0049,0.7937,0.0056,0.1040,0.0038,0.4093,0.0023,0.1659,0.0049,0.4715,0.0022
heun,4,16,3,0.0141,0.0004,altered_knn,altered_knn,2000,32000,0.7903,0.0834,0.7969,0.0887,0.8406,0.0343,0.0554,0.0165,0.3197,0.2928,0.0722,0.0115,0.4345,0.0473
heun,4,16,3,0.0141,0.0004,quadratic,quadratic,2000,48000,0.8882,0.0063,0.8942,0.0065,0.9044,0.0067,0.1794,0.0064,0.4663,0.0117,0.2589,0.0048,0.5765,0.0039
heun,4,16,3,0.0141,0.0004,polar3,polar,2000,48000,0.9408,0.0025,0.9471,0.0027,0.9542,0.0026,0.2467,0.0070,0.5035,0.0005,0.3311,0.0063,0.6391,0.0044
heun,4,16,3,0.0141,0.0004,knn,knn,5000,120000,0.8162,0.0050,0.8218,0.0050,0.8349,0.0054,0.1324,0.0042,0.4249,0.0035,0.2018,0.0045,0.5118,0.0023
heun,4,16,3,0.0141,0.0004,altered_knn,altered_knn,5000,80000,0.8545,0.0079,0.8637,0.0089,0.8785,0.0028,0.0638,0.0061,0.2099,0.0495,0.0961,0.0034,0.4799,0.0060
heun,4,16,3,0.0141,0.0004,quadratic,quadratic,5000,120000,0.8889,0.0074,0.8950,0.0075,0.9050,0.0074,0.1820,0.0088,0.4668,0.0117,0.2617,0.0076,0.5783,0.0063
heun,4,16,3,0.0141,0.0004,polar3,polar,5000,120000,0.9415,0.0024,0.9478,0.0026,0.9547,0.0023,0.2493,0.0078,0.5018,0.0035,0.3330,0.0066,0.6404,0.0045
heun,4,16,3,0.0141,0.0004,knn,knn,10000,240000,0.8464,0.0043,0.8523,0.0043,0.8632,0.0045,0.1562,0.0047,0.4311,0.0038,0.2293,0.0049,0.5408,0.0018
heun,4,16,3,0.0141,0.0004,altered_knn,altered_knn,10000,160000,0.8514,0.0385,0.8600,0.0416,0.8833,0.0113,0.0702,0.0181,0.2417,0.1916,0.0890,0.0108,0.4745,0.0237
heun,4,16,3,0.0141,0.0004,quadratic,quadratic,10000,240000,0.8927,0.0068,0.8988,0.0069,0.9083,0.0068,0.1878,0.0099,0.4651,0.0114,0.2672,0.0084,0.5830,0.0064
heun,4,16,3,0.0141,0.0004,polar3,polar,10000,240000,0.9424,0.0025,0.9487,0.0027,0.9555,0.0024,0.2521,0.0078,0.5012,0.0035,0.3354,0.0064,0.6420,0.0045
heun,4,16,3,0.0141,0.0004,knn,knn,15000,360000,0.8616,0.0041,0.8676,0.0041,0.8774,0.0041,0.1702,0.0050,0.4344,0.0023,0.2445,0.0051,0.5561,0.0028
heun,4,16,3,0.0141,0.0004,altered_knn,altered_knn,15000,240000,0.8738,0.0152,0.8838,0.0171,0.8945,0.0037,0.0804,0.0204,0.1768,0.1032,0.0942,0.0082,0.4890,0.0091
heun,4,16,3,0.0141,0.0004,quadratic,quadratic,15000,360000,0.8955,0.0054,0.9015,0.0056,0.9130,0.0055,0.1701,0.0080,0.4709,0.0055,0.2498,0.0080,0.5757,0.0056
heun,4,16,3,0.0141,0.0004,polar3,polar,15000,360000,0.9441,0.0031,0.9504,0.0034,0.9569,0.0030,0.2579,0.0114,0.5014,0.0021,0.3405,0.0101,0.6455,0.0067
heun,4,16,3,0.0141,0.0004,knn,knn,20000,480000,0.8714,0.0039,0.8776,0.0039,0.8864,0.0039,0.1822,0.0059,0.4360,0.0040,0.2570,0.0055,0.5673,0.0028
heun,4,16,3,0.0141,0.0004,altered_knn,altered_knn,20000,320000,0.8883,0.0052,0.8995,0.0058,0.8999,0.0025,0.0982,0.0126,0.0982,0.0394,0.0912,0.0170,0.4954,0.0056
heun,4,16,3,0.0141,0.0004,quadratic,quadratic,20000,480000,0.8921,0.0053,0.8981,0.0055,0.9132,0.0054,0.1426,0.0047,0.4743,0.0031,0.2192,0.0052,0.5586,0.0045
heun,4,16,3,0.0141,0.0004,polar3,polar,20000,480000,0.9451,0.0036,0.9515,0.0038,0.9577,0.0033,0.2620,0.0137,0.4991,0.0025,0.3434,0.0121,0.6475,0.0079
heun,8,2,3,0.0130,0.0002,knn,knn,2000,6000,0.8165,0.0016,0.8265,0.0018,0.8212,0.0018,0.6076,0.0437,0.0560,0.0059,0.1025,0.0105,0.4645,0.0053
heun,8,2,3,0.0130,0.0002,altered_knn,altered_knn,2000,4000,0.8692,0.0045,0.8778,0.0044,0.9124,0.0027,0.0326,0.0028,0.2197,0.0083,0.0567,0.0045,0.4672,0.0044
heun,8,2,3,0.0130,0.0002,quadratic,quadratic,2000,6000,0.9844,0.0017,0.9917,0.0017,0.9882,0.0017,0.9409,0.0165,0.4279,0.0061,0.5881,0.0033,0.7899,0.0024
heun,8,2,3,0.0130,0.0002,polar3,polar,2000,6000,0.9915,0.0010,0.9955,0.0008,0.9940,0.0008,0.8937,0.0198,0.6922,0.0213,0.7801,0.0192,0.8878,0.0099
heun,8,2,3,0.0130,0.0002,knn,knn,5000,15000,0.8328,0.0023,0.8430,0.0024,0.8377,0.0024,0.7290,0.0515,0.0621,0.0054,0.1145,0.0096,0.4787,0.0043
heun,8,2,3,0.0130,0.0002,altered_knn,altered_knn,5000,10000,0.8498,0.0405,0.8574,0.0422,0.9047,0.0185,0.0315,0.0027,0.2721,0.0968,0.0555,0.0029,0.4564,0.0223
heun,8,2,3,0.0130,0.0002,quadratic,quadratic,5000,15000,0.9863,0.0006,0.9938,0.0006,0.9901,0.0006,0.9548,0.0119,0.4215,0.0071,0.5847,0.0050,0.7892,0.0025
heun,8,2,3,0.0130,0.0002,polar3,polar,5000,15000,0.9923,0.0007,0.9962,0.0004,0.9946,0.0005,0.9243,0.0129,0.6913,0.0246,0.7909,0.0207,0.8935,0.0105
heun,8,2,3,0.0130,0.0002,knn,knn,10000,30000,0.8441,0.0039,0.8543,0.0040,0.8489,0.0041,0.7254,0.0719,0.0626,0.0051,0.1153,0.0095,0.4848,0.0042
heun,8,2,3,0.0130,0.0002,altered_knn,altered_knn,10000,20000,0.7772,0.0783,0.7816,0.0815,0.8650,0.0415,0.0296,0.0046,0.4398,0.1729,0.0539,0.0052,0.4178,0.0433
heun,8,2,3,0.0130,0.0002,quadratic,quadratic,10000,30000,0.9868,0.0007,0.9943,0.0007,0.9906,0.0007,0.9610,0.0082,0.4171,0.0079,0.5817,0.0067,0.7880,0.0034
heun,8,2,3,0.0130,0.0002,polar3,polar,10000,30000,0.9925,0.0005,0.9964,0.0002,0.9947,0.0004,0.9314,0.0023,0.6953,0.0220,0.7961,0.0154,0.8962,0.0078
heun,8,2,3,0.0130,0.0002,knn,knn,15000,45000,0.8533,0.0035,0.8635,0.0036,0.8582,0.0036,0.8076,0.0263,0.0745,0.0042,0.1364,0.0074,0.5000,0.0020
heun,8,2,3,0.0130,0.0002,altered_knn,altered_knn,15000,30000,0.8743,0.0307,0.8828,0.0325,0.9179,0.0123,0.0348,0.0027,0.2304,0.0979,0.0589,0.0012,0.4708,0.0168
heun,8,2,3,0.0130,0.0002,quadratic,quadratic,15000,45000,0.9869,0.0008,0.9944,0.0008,0.9907,0.0008,0.9614,0.0097,0.4202,0.0080,0.5847,0.0061,0.7895,0.0031
heun,8,2,3,0.0130,0.0002,polar3,polar,15000,45000,0.9924,0.0006,0.9963,0.0003,0.9946,0.0004,0.9321,0.0028,0.6961,0.0230,0.7968,0.0162,0.8966,0.0082
heun,8,2,3,0.0130,0.0002,knn,knn,20000,60000,0.8541,0.0016,0.8644,0.0016,0.8591,0.0017,0.7969,0.0401,0.0748,0.0048,0.1368,0.0086,0.5006,0.0038
heun,8,2,3,0.0130,0.0002,altered_knn,altered_knn,20000,40000,0.8457,0.0342,0.8524,0.0361,0.9071,0.0150,0.0342,0.0037,0.3383,0.1005,0.0610,0.0034,0.4567,0.0197
heun,8,2,3,0.0130,0.0002,quadratic,quadratic,20000,60000,0.9866,0.0010,0.9941,0.0009,0.9904,0.0010,0.9616,0.0085,0.4169,0.0085,0.5815,0.0071,0.7878,0.0037
heun,8,2,3,0.0130,0.0002,polar3,polar,20000,60000,0.9924,0.0006,0.9963,0.0003,0.9947,0.0004,0.9315,0.0056,0.6966,0.0229,0.7970,0.0171,0.8966,0.0087
heun,8,4,3,0.0129,0.0002,knn,knn,2000,12000,0.6903,0.0108,0.6977,0.0109,0.6964,0.0111,0.2255,0.0664,0.1267,0.0013,0.1587,0.0206,0.4282,0.0060
heun,8,4,3,0.0129,0.0002,altered_knn,altered_knn,2000,8000,0.8126,0.0325,0.8205,0.0344,0.8515,0.0106,0.0357,0.0063,0.2101,0.1137,0.0555,0.0020,0.4380,0.0175
heun,8,4,3,0.0129,0.0002,quadratic,quadratic,2000,12000,0.9469,0.0095,0.9526,0.0095,0.9502,0.0096,0.7928,0.0034,0.5036,0.0075,0.6159,0.0065,0.7843,0.0076
heun,8,4,3,0.0129,0.0002,polar3,polar,2000,12000,0.9702,0.0056,0.9747,0.0056,0.9743,0.0058,0.6580,0.0406,0.6250,0.0020,0.6404,0.0193,0.8076,0.0094
heun,8,4,3,0.0129,0.0002,knn,knn,5000,30000,0.7116,0.0099,0.7191,0.0100,0.7174,0.0096,0.2704,0.0419,0.1342,0.0012,0.1785,0.0100,0.4488,0.0047
heun,8,4,3,0.0129,0.0002,altered_knn,altered_knn,5000,20000,0.8488,0.0059,0.8586,0.0061,0.8671,0.0036,0.0405,0.0039,0.1001,0.0189,0.0567,0.0018,0.4576,0.0038
heun,8,4,3,0.0129,0.0002,quadratic,quadratic,5000,30000,0.9479,0.0094,0.9537,0.0094,0.9511,0.0094,0.8140,0.0060,0.5030,0.0057,0.6218,0.0040,0.7877,0.0066
heun,8,4,3,0.0129,0.0002,polar3,polar,5000,30000,0.9729,0.0053,0.9774,0.0054,0.9762,0.0054,0.7531,0.0173,0.6248,0.0014,0.6829,0.0064,0.8302,0.0043
heun,8,4,3,0.0129,0.0002,knn,knn,10000,60000,0.7290,0.0100,0.7367,0.0100,0.7342,0.0095,0.3332,0.0344,0.1395,0.0024,0.1961,0.0039,0.4664,0.0050
heun,8,4,3,0.0129,0.0002,altered_knn,altered_knn,10000,40000,0.8589,0.0038,0.8690,0.0045,0.8741,0.0032,0.0453,0.0031,0.0834,0.0510,0.0533,0.0084,0.4611,0.0020
heun,8,4,3,0.0129,0.0002,quadratic,quadratic,10000,60000,0.9483,0.0100,0.9541,0.0100,0.9516,0.0101,0.8171,0.0036,0.5047,0.0024,0.6240,0.0024,0.7891,0.0062
heun,8,4,3,0.0129,0.0002,polar3,polar,10000,60000,0.9745,0.0046,0.9790,0.0046,0.9777,0.0047,0.7802,0.0197,0.6269,0.0039,0.6951,0.0057,0.8370,0.0040
heun,8,4,3,0.0129,0.0002,knn,knn,15000,90000,0.7384,0.0097,0.7461,0.0097,0.7434,0.0092,0.3858,0.0294,0.1473,0.0030,0.2128,0.0023,0.4794,0.0054
heun,8,4,3,0.0129,0.0002,altered_knn,altered_knn,15000,60000,0.8635,0.0127,0.8738,0.0135,0.8784,0.0047,0.0460,0.0052,0.0767,0.0610,0.0477,0.0116,0.4607,0.0011
heun,8,4,3,0.0129,0.0002,quadratic,quadratic,15000,90000,0.9487,0.0104,0.9545,0.0105,0.9519,0.0105,0.8187,0.0067,0.5036,0.0011,0.6236,0.0026,0.7890,0.0062
heun,8,4,3,0.0129,0.0002,polar3,polar,15000,90000,0.9748,0.0048,0.9794,0.0048,0.9780,0.0048,0.7851,0.0231,0.6247,0.0031,0.6956,0.0074,0.8375,0.0053
heun,8,4,3,0.0129,0.0002,knn,knn,20000,120000,0.7431,0.0093,0.7508,0.0093,0.7481,0.0089,0.4027,0.0287,0.1544,0.0033,0.2228,0.0018,0.4868,0.0038
heun,8,4,3,0.0129,0.0002,altered_knn,altered_knn,20000,80000,0.8646,0.0105,0.8746,0.0111,0.8817,0.0044,0.0448,0.0040,0.0965,0.0422,0.0578,0.0039,0.4662,0.0036
heun,8,4,3,0.0129,0.0002,quadratic,quadratic,20000,120000,0.9486,0.0105,0.9545,0.0106,0.9519,0.0106,0.8226,0.0054,0.5010,0.0019,0.6227,0.0018,0.7886,0.0061
heun,8,4,3,0.0129,0.0002,polar3,polar,20000,120000,0.9750,0.0047,0.9796,0.0048,0.9782,0.0048,0.7898,0.0203,0.6264,0.0037,0.6985,0.0058,0.8390,0.0041
heun,8,8,3,0.0138,0.0002,knn,knn,2000,24000,0.5988,0.0064,0.6044,0.0064,0.6083,0.0050,0.1042,0.0143,0.1941,0.0025,0.1350,0.0121,0.3697,0.0092
heun,8,8,3,0.0138,0.0002,altered_knn,altered_knn,2000,16000,0.7609,0.0475,0.7678,0.0511,0.8049,0.0128,0.0455,0.0130,0.2667,0.2150,0.0559,0.0141,0.4118,0.0239
heun,8,8,3,0.0138,0.0002,quadratic,quadratic,2000,24000,0.9219,0.0083,0.9277,0.0082,0.9268,0.0084,0.5728,0.0048,0.5055,0.0078,0.5370,0.0028,0.7324,0.0052
heun,8,8,3,0.0138,0.0002,polar3,polar,2000,24000,0.9566,0.0037,0.9623,0.0036,0.9619,0.0035,0.5773,0.0246,0.5491,0.0072,0.5627,0.0147,0.7625,0.0091
heun,8,8,3,0.0138,0.0002,knn,knn,5000,60000,0.6279,0.0052,0.6337,0.0052,0.6364,0.0047,0.1297,0.0044,0.2115,0.0071,0.1608,0.0053,0.3973,0.0043
heun,8,8,3,0.0138,0.0002,altered_knn,altered_knn,5000,40000,0.7661,0.0460,0.7725,0.0492,0.8146,0.0135,0.0415,0.0074,0.3081,0.1858,0.0681,0.0062,0.4203,0.0276
heun,8,8,3,0.0138,0.0002,quadratic,quadratic,5000,60000,0.9250,0.0082,0.9308,0.0082,0.9298,0.0083,0.5831,0.0085,0.5082,0.0041,0.5430,0.0031,0.7369,0.0035
heun,8,8,3,0.0138,0.0002,polar3,polar,5000,60000,0.9618,0.0042,0.9676,0.0041,0.9665,0.0040,0.6422,0.0139,0.5458,0.0078,0.5900,0.0100,0.7788,0.0069
heun,8,8,3,0.0138,0.0002,knn,knn,10000,120000,0.6496,0.0033,0.6556,0.0033,0.6576,0.0031,0.1520,0.0042,0.2205,0.0005,0.1799,0.0030,0.4178,0.0002
heun,8,8,3,0.0138,0.0002,altered_knn,altered_knn,10000,80000,0.7403,0.0553,0.7448,0.0590,0.8111,0.0182,0.0379,0.0094,0.4205,0.2090,0.0638,0.0064,0.4043,0.0327
heun,8,8,3,0.0138,0.0002,quadratic,quadratic,10000,120000,0.9254,0.0085,0.9312,0.0085,0.9302,0.0087,0.5868,0.0071,0.5070,0.0031,0.5439,0.0018,0.7376,0.0034
heun,8,8,3,0.0138,0.0002,polar3,polar,10000,120000,0.9635,0.0040,0.9693,0.0040,0.9680,0.0040,0.6657,0.0092,0.5469,0.0056,0.6005,0.0068,0.7849,0.0050
heun,8,8,3,0.0138,0.0002,knn,knn,15000,180000,0.6631,0.0031,0.6692,0.0031,0.6707,0.0031,0.1676,0.0106,0.2228,0.0017,0.1911,0.0070,0.4302,0.0026
heun,8,8,3,0.0138,0.0002,altered_knn,altered_knn,15000,120000,0.8222,0.0087,0.8319,0.0096,0.8411,0.0026,0.0521,0.0035,0.1299,0.0600,0.0683,0.0123,0.4501,0.0014
heun,8,8,3,0.0138,0.0002,quadratic,quadratic,15000,180000,0.9257,0.0085,0.9316,0.0086,0.9305,0.0087,0.5907,0.0091,0.5049,0.0036,0.5444,0.0027,0.7380,0.0033
heun,8,8,3,0.0138,0.0002,polar3,polar,15000,180000,0.9641,0.0041,0.9699,0.0040,0.9686,0.0041,0.6711,0.0066,0.5478,0.0065,0.6032,0.0065,0.7866,0.0049
heun,8,8,3,0.0138,0.0002,knn,knn,20000,240000,0.6709,0.0036,0.6771,0.0036,0.6784,0.0035,0.1784,0.0078,0.2249,0.0032,0.1988,0.0039,0.4379,0.0009
heun,8,8,3,0.0138,0.0002,altered_knn,altered_knn,20000,160000,0.8254,0.0051,0.8350,0.0053,0.8451,0.0028,0.0516,0.0029,0.1395,0.0170,0.0749,0.0011,0.4549,0.0032
heun,8,8,3,0.0138,0.0002,quadratic,quadratic,20000,240000,0.9276,0.0090,0.9336,0.0090,0.9322,0.0092,0.6206,0.0075,0.4979,0.0038,0.5525,0.0023,0.7431,0.0039
heun,8,8,3,0.0138,0.0002,polar3,polar,20000,240000,0.9644,0.0043,0.9703,0.0042,0.9689,0.0043,0.6729,0.0067,0.5481,0.0078,0.6041,0.0074,0.7872,0.0057
heun,8,16,3,0.0151,0.0006,knn,knn,2000,48000,0.5211,0.0033,0.5250,0.0032,0.5368,0.0029,0.0675,0.0004,0.2657,0.0028,0.1076,0.0004,0.3163,0.0017
heun,8,16,3,0.0151,0.0006,altered_knn,altered_knn,2000,32000,0.7514,0.0126,0.7610,0.0146,0.7712,0.0010,0.0528,0.0071,0.1306,0.1120,0.0581,0.0212,0.4096,0.0077
heun,8,16,3,0.0151,0.0006,quadratic,quadratic,2000,48000,0.8928,0.0025,0.8992,0.0024,0.8999,0.0024,0.4101,0.0113,0.4779,0.0077,0.4412,0.0059,0.6702,0.0022
heun,8,16,3,0.0151,0.0006,polar3,polar,2000,48000,0.9337,0.0043,0.9407,0.0041,0.9409,0.0040,0.4629,0.0076,0.4824,0.0119,0.4724,0.0089,0.7065,0.0057
heun,8,16,3,0.0151,0.0006,knn,knn,5000,120000,0.5539,0.0022,0.5583,0.0021,0.5687,0.0024,0.0795,0.0024,0.2715,0.0034,0.1230,0.0027,0.3406,0.0004
heun,8,16,3,0.0151,0.0006,altered_knn,altered_knn,5000,80000,0.7582,0.0151,0.7669,0.0176,0.7859,0.0007,0.0488,0.0044,0.1977,0.1245,0.0693,0.0109,0.4181,0.0045
heun,8,16,3,0.0151,0.0006,quadratic,quadratic,5000,120000,0.8946,0.0025,0.9010,0.0025,0.9017,0.0025,0.4149,0.0136,0.4801,0.0064,0.4449,0.0073,0.6730,0.0029
heun,8,16,3,0.0151,0.0006,polar3,polar,5000,120000,0.9393,0.0036,0.9464,0.0034,0.9462,0.0034,0.4880,0.0044,0.4818,0.0130,0.4848,0.0087,0.7156,0.0051
heun,8,16,3,0.0151,0.0006,knn,knn,10000,240000,0.5828,0.0020,0.5874,0.0018,0.5967,0.0022,0.0923,0.0027,0.2787,0.0056,0.1387,0.0023,0.3631,0.0004
heun,8,16,3,0.0151,0.0006,altered_knn,altered_knn,10000,160000,0.7806,0.0061,0.7907,0.0067,0.7983,0.0019,0.0558,0.0033,0.1206,0.0573,0.0710,0.0108,0.4309,0.0034
heun,8,16,3,0.0151,0.0006,quadratic,quadratic,10000,240000,0.8974,0.0030,0.9039,0.0029,0.9040,0.0030,0.4444,0.0126,0.4741,0.0055,0.4587,0.0063,0.6813,0.0021
heun,8,16,3,0.0151,0.0006,polar3,polar,10000,240000,0.9423,0.0034,0.9494,0.0032,0.9490,0.0033,0.5040,0.0032,0.4812,0.0128,0.4923,0.0081,0.7208,0.0049
heun,8,16,3,0.0151,0.0006,knn,knn,15000,360000,0.5981,0.0014,0.6028,0.0012,0.6116,0.0017,0.1005,0.0042,0.2869,0.0042,0.1488,0.0040,0.3758,0.0014
heun,8,16,3,0.0151,0.0006,altered_knn,altered_knn,15000,240000,0.7916,0.0039,0.8026,0.0044,0.8048,0.0009,0.0594,0.0051,0.0803,0.0267,0.0656,0.0061,0.4341,0.0015
heun,8,16,3,0.0151,0.0006,quadratic,quadratic,15000,360000,0.9026,0.0041,0.9094,0.0040,0.9086,0.0041,0.5066,0.0139,0.4563,0.0075,0.4799,0.0045,0.6947,0.0007
heun,8,16,3,0.0151,0.0006,polar3,polar,15000,360000,0.9444,0.0036,0.9516,0.0033,0.9510,0.0034,0.5164,0.0014,0.4802,0.0140,0.4975,0.0077,0.7246,0.0047
heun,8,16,3,0.0151,0.0006,knn,knn,20000,480000,0.6079,0.0014,0.6129,0.0012,0.6211,0.0016,0.1058,0.0052,0.2871,0.0029,0.1546,0.0051,0.3837,0.0020
heun,8,16,3,0.0151,0.0006,altered_knn,altered_knn,20000,320000,0.7949,0.0020,0.8056,0.0024,0.8092,0.0014,0.0589,0.0043,0.0944,0.0114,0.0719,0.0008,0.4388,0.0012
heun,8,16,3,0.0151,0.0006,quadratic,quadratic,20000,480000,0.9046,0.0043,0.9115,0.0042,0.9103,0.0043,0.5326,0.0128,0.4500,0.0075,0.4877,0.0039,0.6996,0.0001
heun,8,16,3,0.0151,0.0006,polar3,polar,20000,480000,0.9457,0.0037,0.9529,0.0034,0.9522,0.0035,0.5246,0.0035,0.4802,0.0144,0.5013,0.0080,0.7271,0.0047
heun,16,2,3,0.0139,0.0005,knn,knn,2000,6000,0.7861,0.0009,0.7970,0.0011,0.7913,0.0009,0.3120,0.0530,0.0118,0.0028,0.0227,0.0053,0.4099,0.0023
heun,16,2,3,0.0139,0.0005,altered_knn,altered_knn,2000,4000,0.6621,0.1237,0.6636,0.1284,0.7802,0.0787,0.0250,0.0028,0.5475,0.2113,0.0469,0.0035,0.3553,0.0659
heun,16,2,3,0.0139,0.0005,quadratic,quadratic,2000,6000,0.9756,0.0004,0.9849,0.0003,0.9804,0.0001,0.9030,0.0167,0.3196,0.0214,0.4719,0.0257,0.7284,0.0127
heun,16,2,3,0.0139,0.0005,polar3,polar,2000,6000,0.9765,0.0005,0.9820,0.0010,0.9797,0.0006,0.8813,0.0380,0.5853,0.0284,0.7022,0.0154,0.8421,0.0074
heun,16,2,3,0.0139,0.0005,knn,knn,5000,15000,0.7903,0.0029,0.8013,0.0033,0.7956,0.0031,0.4001,0.0421,0.0113,0.0010,0.0220,0.0019,0.4117,0.0009
heun,16,2,3,0.0139,0.0005,altered_knn,altered_knn,5000,10000,0.8561,0.0061,0.8654,0.0068,0.8992,0.0012,0.0304,0.0014,0.1929,0.0263,0.0523,0.0015,0.4589,0.0037
heun,16,2,3,0.0139,0.0005,quadratic,quadratic,5000,15000,0.9804,0.0003,0.9897,0.0008,0.9851,0.0006,0.9457,0.0148,0.3203,0.0202,0.4784,0.0245,0.7340,0.0119
heun,16,2,3,0.0139,0.0005,polar3,polar,5000,15000,0.9877,0.0005,0.9923,0.0011,0.9913,0.0002,0.7787,0.0810,0.6625,0.0310,0.7121,0.0164,0.8522,0.0087
heun,16,2,3,0.0139,0.0005,knn,knn,10000,30000,0.7948,0.0016,0.8059,0.0020,0.7998,0.0019,0.4543,0.0952,0.0108,0.0035,0.0210,0.0067,0.4135,0.0035
heun,16,2,3,0.0139,0.0005,altered_knn,altered_knn,10000,20000,0.8257,0.0409,0.8334,0.0429,0.8864,0.0186,0.0298,0.0030,0.2768,0.0980,0.0529,0.0041,0.4432,0.0227
heun,16,2,3,0.0139,0.0005,quadratic,quadratic,10000,30000,0.9820,0.0003,0.9914,0.0004,0.9867,0.0003,0.9551,0.0150,0.3172,0.0131,0.4762,0.0166,0.7338,0.0081
heun,16,2,3,0.0139,0.0005,polar3,polar,10000,30000,0.9900,0.0001,0.9944,0.0008,0.9932,0.0001,0.8263,0.0607,0.6810,0.0378,0.7438,0.0098,0.8691,0.0049
heun,16,2,3,0.0139,0.0005,knn,knn,15000,45000,0.7981,0.0024,0.8092,0.0025,0.8030,0.0026,0.5154,0.0876,0.0103,0.0022,0.0203,0.0043,0.4147,0.0011
heun,16,2,3,0.0139,0.0005,altered_knn,altered_knn,15000,30000,0.8627,0.0054,0.8725,0.0056,0.9011,0.0010,0.0298,0.0029,0.1655,0.0335,0.0505,0.0056,0.4615,0.0006
heun,16,2,3,0.0139,0.0005,quadratic,quadratic,15000,45000,0.9832,0.0002,0.9926,0.0004,0.9880,0.0002,0.9580,0.0151,0.3140,0.0176,0.4728,0.0217,0.7327,0.0107
heun,16,2,3,0.0139,0.0005,polar3,polar,15000,45000,0.9904,0.0005,0.9947,0.0011,0.9935,0.0005,0.8265,0.0604,0.6846,0.0375,0.7460,0.0074,0.8704,0.0036
heun,16,2,3,0.0139,0.0005,knn,knn,20000,60000,0.7968,0.0024,0.8079,0.0027,0.8017,0.0027,0.4666,0.0661,0.0097,0.0015,0.0189,0.0029,0.4134,0.0012
heun,16,2,3,0.0139,0.0005,altered_knn,altered_knn,20000,40000,0.8547,0.0076,0.8639,0.0083,0.8992,0.0016,0.0298,0.0043,0.1969,0.0416,0.0516,0.0076,0.4578,0.0047
heun,16,2,3,0.0139,0.0005,quadratic,quadratic,20000,60000,0.9839,0.0003,0.9933,0.0006,0.9886,0.0004,0.9649,0.0102,0.3159,0.0110,0.4759,0.0135,0.7346,0.0064
heun,16,2,3,0.0139,0.0005,polar3,polar,20000,60000,0.9910,0.0002,0.9953,0.0004,0.9939,0.0001,0.8618,0.0255,0.6874,0.0343,0.7636,0.0125,0.8795,0.0060
heun,16,4,3,0.0130,0.0003,knn,knn,2000,12000,0.6185,0.0013,0.6263,0.0011,0.6225,0.0012,0.1731,0.0167,0.0309,0.0033,0.0521,0.0040,0.3392,0.0025
heun,16,4,3,0.0130,0.0003,altered_knn,altered_knn,2000,8000,0.8207,0.0094,0.8301,0.0102,0.8387,0.0029,0.0422,0.0036,0.1032,0.0672,0.0534,0.0133,0.4417,0.0057
heun,16,4,3,0.0130,0.0003,quadratic,quadratic,2000,12000,0.9526,0.0020,0.9594,0.0020,0.9564,0.0021,0.8291,0.0090,0.4347,0.0065,0.5702,0.0035,0.7648,0.0015
heun,16,4,3,0.0130,0.0003,polar3,polar,2000,12000,0.9512,0.0018,0.9558,0.0019,0.9575,0.0019,0.4654,0.0140,0.6049,0.0121,0.5261,0.0135,0.7409,0.0058
heun,16,4,3,0.0130,0.0003,knn,knn,5000,30000,0.6298,0.0030,0.6377,0.0030,0.6338,0.0031,0.2029,0.0165,0.0301,0.0059,0.0523,0.0093,0.3450,0.0059
heun,16,4,3,0.0130,0.0003,altered_knn,altered_knn,5000,20000,0.8286,0.0051,0.8384,0.0054,0.8454,0.0016,0.0424,0.0049,0.0898,0.0326,0.0549,0.0018,0.4466,0.0021
heun,16,4,3,0.0130,0.0003,quadratic,quadratic,5000,30000,0.9602,0.0026,0.9672,0.0026,0.9640,0.0027,0.8713,0.0041,0.4316,0.0020,0.5772,0.0017,0.7722,0.0005
heun,16,4,3,0.0130,0.0003,polar3,polar,5000,30000,0.9709,0.0033,0.9754,0.0033,0.9765,0.0027,0.5408,0.0537,0.6274,0.0034,0.5794,0.0324,0.7774,0.0177
heun,16,4,3,0.0130,0.0003,knn,knn,10000,60000,0.6407,0.0015,0.6488,0.0017,0.6447,0.0013,0.2214,0.0194,0.0287,0.0035,0.0507,0.0056,0.3498,0.0028
heun,16,4,3,0.0130,0.0003,altered_knn,altered_knn,10000,40000,0.8336,0.0022,0.8438,0.0025,0.8468,0.0021,0.0404,0.0049,0.0642,0.0189,0.0492,0.0098,0.4465,0.0041
heun,16,4,3,0.0130,0.0003,quadratic,quadratic,10000,60000,0.9623,0.0030,0.9694,0.0030,0.9661,0.0031,0.8806,0.0035,0.4250,0.0015,0.5733,0.0020,0.7713,0.0016
heun,16,4,3,0.0130,0.0003,polar3,polar,10000,60000,0.9743,0.0026,0.9788,0.0026,0.9798,0.0022,0.5460,0.0393,0.6290,0.0031,0.5838,0.0232,0.7813,0.0127
heun,16,4,3,0.0130,0.0003,knn,knn,15000,90000,0.6458,0.0023,0.6539,0.0024,0.6497,0.0022,0.2567,0.0095,0.0307,0.0020,0.0548,0.0031,0.3544,0.0023
heun,16,4,3,0.0130,0.0003,altered_knn,altered_knn,15000,60000,0.8199,0.0179,0.8290,0.0193,0.8447,0.0044,0.0395,0.0059,0.1370,0.0784,0.0564,0.0005,0.4427,0.0099
heun,16,4,3,0.0130,0.0003,quadratic,quadratic,15000,90000,0.9633,0.0028,0.9704,0.0027,0.9670,0.0028,0.8917,0.0008,0.4267,0.0027,0.5772,0.0024,0.7738,0.0020
heun,16,4,3,0.0130,0.0003,polar3,polar,15000,90000,0.9750,0.0023,0.9796,0.0023,0.9805,0.0019,0.5477,0.0325,0.6281,0.0036,0.5846,0.0195,0.7821,0.0108
heun,16,4,3,0.0130,0.0003,knn,knn,20000,120000,0.6497,0.0033,0.6579,0.0035,0.6539,0.0032,0.2807,0.0218,0.0293,0.0021,0.0531,0.0036,0.3555,0.0019
heun,16,4,3,0.0130,0.0003,altered_knn,altered_knn,20000,80000,0.8059,0.0273,0.8141,0.0290,0.8422,0.0087,0.0315,0.0030,0.1852,0.1031,0.0514,0.0025,0.4328,0.0141
heun,16,4,3,0.0130,0.0003,quadratic,quadratic,20000,120000,0.9629,0.0028,0.9700,0.0030,0.9666,0.0030,0.8912,0.0022,0.4255,0.0069,0.5759,0.0066,0.7729,0.0019
heun,16,4,3,0.0130,0.0003,polar3,polar,20000,120000,0.9765,0.0031,0.9811,0.0031,0.9816,0.0023,0.5826,0.0661,0.6287,0.0045,0.6028,0.0358,0.7919,0.0194
heun,16,8,3,0.0139,0.0002,knn,knn,2000,24000,0.4924,0.0026,0.4982,0.0027,0.4963,0.0024,0.1067,0.0149,0.0782,0.0029,0.0895,0.0039,0.2939,0.0030
heun,16,8,3,0.0139,0.0002,altered_knn,altered_knn,2000,16000,0.7659,0.0147,0.7751,0.0162,0.7832,0.0035,0.0561,0.0117,0.1144,0.0877,0.0608,0.0066,0.4180,0.0055
heun,16,8,3,0.0139,0.0002,quadratic,quadratic,2000,24000,0.9194,0.0047,0.9259,0.0049,0.9236,0.0047,0.6901,0.0094,0.4618,0.0073,0.5532,0.0021,0.7395,0.0014
heun,16,8,3,0.0139,0.0002,polar3,polar,2000,24000,0.9377,0.0029,0.9433,0.0029,0.9416,0.0028,0.6949,0.0121,0.5422,0.0083,0.6090,0.0077,0.7762,0.0045
heun,16,8,3,0.0139,0.0002,knn,knn,5000,60000,0.5076,0.0033,0.5137,0.0035,0.5116,0.0032,0.1140,0.0051,0.0731,0.0021,0.0890,0.0006,0.3013,0.0018
heun,16,8,3,0.0139,0.0002,altered_knn,altered_knn,5000,40000,0.7653,0.0201,0.7741,0.0222,0.7881,0.0038,0.0491,0.0108,0.1433,0.1163,0.0587,0.0055,0.4164,0.0093
heun,16,8,3,0.0139,0.0002,quadratic,quadratic,5000,60000,0.9280,0.0047,0.9345,0.0049,0.9321,0.0048,0.7155,0.0111,0.4671,0.0047,0.5651,0.0023,0.7498,0.0030
heun,16,8,3,0.0139,0.0002,polar3,polar,5000,60000,0.9533,0.0027,0.9590,0.0028,0.9571,0.0028,0.7497,0.0055,0.5442,0.0061,0.6306,0.0057,0.7948,0.0024
heun,16,8,3,0.0139,0.0002,knn,knn,10000,120000,0.5206,0.0042,0.5269,0.0043,0.5248,0.0039,0.1277,0.0074,0.0704,0.0029,0.0907,0.0036,0.3088,0.0032
heun,16,8,3,0.0139,0.0002,altered_knn,altered_knn,10000,80000,0.7782,0.0036,0.7882,0.0038,0.7904,0.0035,0.0502,0.0065,0.0664,0.0335,0.0505,0.0134,0.4193,0.0061
heun,16,8,3,0.0139,0.0002,quadratic,quadratic,10000,120000,0.9297,0.0049,0.9363,0.0051,0.9338,0.0049,0.7264,0.0147,0.4678,0.0061,0.5690,0.0050,0.7526,0.0045
heun,16,8,3,0.0139,0.0002,polar3,polar,10000,120000,0.9576,0.0026,0.9634,0.0028,0.9613,0.0027,0.7749,0.0081,0.5423,0.0094,0.6381,0.0092,0.8008,0.0034
heun,16,8,3,0.0139,0.0002,knn,knn,15000,180000,0.5278,0.0035,0.5343,0.0036,0.5321,0.0032,0.1362,0.0064,0.0693,0.0033,0.0917,0.0019,0.3130,0.0018
heun,16,8,3,0.0139,0.0002,altered_knn,altered_knn,15000,120000,0.7712,0.0159,0.7804,0.0175,0.7908,0.0024,0.0459,0.0062,0.1161,0.1046,0.0523,0.0111,0.4163,0.0032
heun,16,8,3,0.0139,0.0002,quadratic,quadratic,15000,180000,0.9307,0.0051,0.9372,0.0053,0.9347,0.0051,0.7369,0.0146,0.4681,0.0059,0.5724,0.0039,0.7548,0.0043
heun,16,8,3,0.0139,0.0002,polar3,polar,15000,180000,0.9587,0.0029,0.9646,0.0031,0.9624,0.0031,0.7825,0.0056,0.5429,0.0103,0.6410,0.0090,0.8028,0.0032
heun,16,8,3,0.0139,0.0002,knn,knn,20000,240000,0.5326,0.0040,0.5392,0.0041,0.5367,0.0037,0.1504,0.0152,0.0687,0.0013,0.0941,0.0018,0.3166,0.0023
heun,16,8,3,0.0139,0.0002,altered_knn,altered_knn,20000,160000,0.7734,0.0090,0.7826,0.0104,0.7918,0.0012,0.0448,0.0023,0.1190,0.0893,0.0579,0.0119,0.4203,0.0009
heun,16,8,3,0.0139,0.0002,quadratic,quadratic,20000,240000,0.9335,0.0052,0.9402,0.0053,0.9374,0.0052,0.7760,0.0138,0.4586,0.0060,0.5764,0.0052,0.7583,0.0047
heun,16,8,3,0.0139,0.0002,polar3,polar,20000,240000,0.9610,0.0026,0.9668,0.0028,0.9644,0.0027,0.8386,0.0007,0.5482,0.0077,0.6630,0.0055,0.8149,0.0017
heun,16,16,3,0.0147,0.0001,knn,knn,2000,48000,0.3952,0.0022,0.3993,0.0022,0.4000,0.0017,0.0681,0.0050,0.1247,0.0031,0.0880,0.0042,0.2436,0.0032
heun,16,16,3,0.0147,0.0001,altered_knn,altered_knn,2000,32000,0.7215,0.0061,0.7294,0.0072,0.7443,0.0026,0.0559,0.0064,0.1980,0.0668,0.0843,0.0029,0.4068,0.0048
heun,16,16,3,0.0147,0.0001,quadratic,quadratic,2000,48000,0.9043,0.0044,0.9109,0.0044,0.9098,0.0045,0.5375,0.0024,0.4679,0.0041,0.5003,0.0014,0.7056,0.0028
heun,16,16,3,0.0147,0.0001,polar3,polar,2000,48000,0.9292,0.0027,0.9357,0.0026,0.9333,0.0026,0.7330,0.0104,0.4909,0.0056,0.5880,0.0059,0.7619,0.0042
heun,16,16,3,0.0147,0.0001,knn,knn,5000,120000,0.4170,0.0042,0.4214,0.0042,0.4219,0.0040,0.0776,0.0042,0.1225,0.0043,0.0948,0.0022,0.2581,0.0029
heun,16,16,3,0.0147,0.0001,altered_knn,altered_knn,5000,80000,0.7152,0.0259,0.7229,0.0291,0.7442,0.0011,0.0472,0.0057,0.2027,0.1930,0.0609,0.0130,0.3919,0.0110
heun,16,16,3,0.0147,0.0001,quadratic,quadratic,5000,120000,0.9119,0.0049,0.9185,0.0049,0.9173,0.0050,0.5579,0.0007,0.4736,0.0043,0.5123,0.0024,0.7154,0.0037
heun,16,16,3,0.0147,0.0001,polar3,polar,5000,120000,0.9431,0.0022,0.9498,0.0021,0.9471,0.0022,0.7851,0.0129,0.4886,0.0081,0.6022,0.0066,0.7760,0.0043
heun,16,16,3,0.0147,0.0001,knn,knn,10000,240000,0.4336,0.0031,0.4383,0.0031,0.4386,0.0029,0.0866,0.0043,0.1174,0.0004,0.0997,0.0028,0.2690,0.0026
heun,16,16,3,0.0147,0.0001,altered_knn,altered_knn,10000,160000,0.7357,0.0030,0.7451,0.0031,0.7497,0.0027,0.0560,0.0021,0.1051,0.0129,0.0729,0.0048,0.4090,0.0023
heun,16,16,3,0.0147,0.0001,quadratic,quadratic,10000,240000,0.9178,0.0051,0.9245,0.0050,0.9227,0.0051,0.6162,0.0013,0.4658,0.0042,0.5305,0.0028,0.7275,0.0039
heun,16,16,3,0.0147,0.0001,polar3,polar,10000,240000,0.9488,0.0017,0.9556,0.0016,0.9527,0.0017,0.8158,0.0114,0.4909,0.0074,0.6129,0.0069,0.7842,0.0042
heun,16,16,3,0.0147,0.0001,knn,knn,15000,360000,0.4418,0.0037,0.4467,0.0038,0.4469,0.0036,0.0902,0.0026,0.1163,0.0024,0.1016,0.0011,0.2741,0.0024
heun,16,16,3,0.0147,0.0001,altered_knn,altered_knn,15000,240000,0.7324,0.0055,0.7413,0.0065,0.7514,0.0030,0.0490,0.0039,0.1324,0.0681,0.0645,0.0131,0.4029,0.0035
heun,16,16,3,0.0147,0.0001,quadratic,quadratic,15000,360000,0.9274,0.0049,0.9346,0.0049,0.9318,0.0050,0.7199,0.0038,0.4425,0.0036,0.5481,0.0022,0.7413,0.0034
heun,16,16,3,0.0147,0.0001,polar3,polar,15000,360000,0.9523,0.0013,0.9591,0.0011,0.9561,0.0012,0.8318,0.0056,0.4994,0.0077,0.6241,0.0069,0.7916,0.0040
heun,16,16,3,0.0147,0.0001,knn,knn,20000,480000,0.4485,0.0032,0.4534,0.0033,0.4535,0.0030,0.0949,0.0027,0.1168,0.0023,0.1047,0.0019,0.2790,0.0015
heun,16,16,3,0.0147,0.0001,altered_knn,altered_knn,20000,320000,0.7190,0.0280,0.7262,0.0306,0.7499,0.0065,0.0525,0.0097,0.2345,0.1526,0.0776,0.0041,0.4019,0.0173
heun,16,16,3,0.0147,0.0001,quadratic,quadratic,20000,480000,0.9333,0.0045,0.9408,0.0045,0.9376,0.0046,0.7722,0.0023,0.4332,0.0042,0.5550,0.0032,0.7479,0.0038
heun,16,16,3,0.0147,0.0001,polar3,polar,20000,480000,0.9544,0.0012,0.9611,0.0010,0.9582,0.0011,0.8372,0.0048,0.5027,0.0072,0.6281,0.0060,0.7946,0.0035
heun,32,2,3,0.0143,0.0007,knn,knn,2000,6000,0.7402,0.0043,0.7509,0.0045,0.7450,0.0044,0.1157,0.0281,0.0042,0.0009,0.0080,0.0017,0.3795,0.0021
heun,32,2,3,0.0143,0.0007,altered_knn,altered_knn,2000,4000,0.7247,0.1325,0.7303,0.1373,0.8082,0.0818,0.0247,0.0040,0.3405,0.2052,0.0446,0.0057,0.3874,0.0710
heun,32,2,3,0.0143,0.0007,quadratic,quadratic,2000,6000,0.9545,0.0005,0.9640,0.0009,0.9604,0.0006,0.6059,0.0154,0.2990,0.0071,0.4002,0.0030,0.6821,0.0015
heun,32,2,3,0.0143,0.0007,polar3,polar,2000,6000,0.9639,0.0009,0.9709,0.0006,0.9676,0.0008,0.9052,0.0103,0.4817,0.0142,0.6286,0.0107,0.7997,0.0056
heun,32,2,3,0.0143,0.0007,knn,knn,5000,15000,0.7540,0.0041,0.7649,0.0043,0.7590,0.0043,0.1473,0.0154,0.0035,0.0007,0.0069,0.0014,0.3859,0.0021
heun,32,2,3,0.0143,0.0007,altered_knn,altered_knn,5000,10000,0.7147,0.1047,0.7195,0.1090,0.8138,0.0627,0.0233,0.0036,0.3866,0.1747,0.0426,0.0041,0.3811,0.0563
heun,32,2,3,0.0143,0.0007,quadratic,quadratic,5000,15000,0.9697,0.0002,0.9797,0.0006,0.9751,0.0003,0.7966,0.0169,0.2758,0.0024,0.4097,0.0009,0.6947,0.0005
heun,32,2,3,0.0143,0.0007,polar3,polar,5000,15000,0.9816,0.0005,0.9873,0.0010,0.9845,0.0008,0.9681,0.0077,0.5875,0.0237,0.7309,0.0192,0.8591,0.0091
heun,32,2,3,0.0143,0.0007,knn,knn,10000,30000,0.7579,0.0050,0.7688,0.0051,0.7625,0.0052,0.2185,0.0481,0.0050,0.0019,0.0097,0.0036,0.3892,0.0041
heun,32,2,3,0.0143,0.0007,altered_knn,altered_knn,10000,20000,0.8541,0.0181,0.8646,0.0198,0.8899,0.0049,0.0246,0.0046,0.1344,0.0758,0.0398,0.0124,0.4522,0.0038
heun,32,2,3,0.0143,0.0007,quadratic,quadratic,10000,30000,0.9756,0.0007,0.9857,0.0005,0.9809,0.0005,0.8562,0.0166,0.2773,0.0111,0.4187,0.0127,0.7022,0.0064
heun,32,2,3,0.0143,0.0007,polar3,polar,10000,30000,0.9892,0.0005,0.9942,0.0002,0.9918,0.0002,0.9755,0.0053,0.6501,0.0253,0.7800,0.0198,0.8871,0.0098
heun,32,2,3,0.0143,0.0007,knn,knn,15000,45000,0.7605,0.0045,0.7715,0.0045,0.7652,0.0046,0.2256,0.0952,0.0033,0.0015,0.0065,0.0030,0.3890,0.0037
heun,32,2,3,0.0143,0.0007,altered_knn,altered_knn,15000,30000,0.8599,0.0160,0.8705,0.0173,0.8932,0.0032,0.0253,0.0041,0.1246,0.0729,0.0400,0.0118,0.4553,0.0028
heun,32,2,3,0.0143,0.0007,quadratic,quadratic,15000,45000,0.9778,0.0001,0.9880,0.0005,0.9831,0.0002,0.8705,0.0116,0.2744,0.0125,0.4170,0.0143,0.7025,0.0069
heun,32,2,3,0.0143,0.0007,polar3,polar,15000,45000,0.9905,0.0002,0.9952,0.0004,0.9929,0.0002,0.9759,0.0039,0.6719,0.0237,0.7957,0.0177,0.8954,0.0087
heun,32,2,3,0.0143,0.0007,knn,knn,20000,60000,0.7629,0.0026,0.7739,0.0025,0.7676,0.0026,0.2211,0.0633,0.0038,0.0018,0.0075,0.0034,0.3907,0.0020
heun,32,2,3,0.0143,0.0007,altered_knn,altered_knn,20000,40000,0.8372,0.0124,0.8463,0.0128,0.8870,0.0048,0.0287,0.0020,0.2114,0.0459,0.0504,0.0043,0.4483,0.0043
heun,32,2,3,0.0143,0.0007,quadratic,quadratic,20000,60000,0.9793,0.0001,0.9895,0.0005,0.9846,0.0002,0.8774,0.0056,0.2711,0.0113,0.4140,0.0133,0.7018,0.0064
heun,32,2,3,0.0143,0.0007,polar3,polar,20000,60000,0.9910,0.0003,0.9956,0.0003,0.9934,0.0002,0.9758,0.0055,0.6762,0.0253,0.7986,0.0193,0.8971,0.0095
heun,32,4,3,0.0142,0.0004,knn,knn,2000,12000,0.5616,0.0021,0.5695,0.0022,0.5648,0.0022,0.0880,0.0027,0.0144,0.0009,0.0247,0.0014,0.2971,0.0015
heun,32,4,3,0.0142,0.0004,altered_knn,altered_knn,2000,8000,0.6690,0.1375,0.6737,0.1433,0.7435,0.0772,0.0330,0.0118,0.3462,0.2799,0.0407,0.0124,0.3572,0.0718
heun,32,4,3,0.0142,0.0004,quadratic,quadratic,2000,12000,0.9246,0.0016,0.9330,0.0015,0.9298,0.0015,0.6408,0.0041,0.3398,0.0072,0.4441,0.0071,0.6886,0.0041
heun,32,4,3,0.0142,0.0004,polar3,polar,2000,12000,0.9312,0.0024,0.9371,0.0026,0.9341,0.0025,0.9278,0.0142,0.5186,0.0056,0.6653,0.0077,0.8012,0.0026
heun,32,4,3,0.0142,0.0004,knn,knn,5000,30000,0.5779,0.0022,0.5861,0.0021,0.5815,0.0022,0.1062,0.0054,0.0120,0.0013,0.0215,0.0022,0.3038,0.0020
heun,32,4,3,0.0142,0.0004,altered_knn,altered_knn,5000,20000,0.8100,0.0011,0.8207,0.0010,0.8228,0.0009,0.0478,0.0007,0.0659,0.0016,0.0554,0.0011,0.4381,0.0000
heun,32,4,3,0.0142,0.0004,quadratic,quadratic,5000,30000,0.9494,0.0005,0.9582,0.0005,0.9543,0.0005,0.7789,0.0008,0.3455,0.0065,0.4787,0.0062,0.7184,0.0033
heun,32,4,3,0.0142,0.0004,polar3,polar,5000,30000,0.9651,0.0021,0.9706,0.0021,0.9678,0.0021,0.9704,0.0054,0.5872,0.0032,0.7316,0.0031,0.8511,0.0009
heun,32,4,3,0.0142,0.0004,knn,knn,10000,60000,0.5884,0.0039,0.5967,0.0037,0.5919,0.0039,0.1274,0.0221,0.0128,0.0029,0.0233,0.0051,0.3100,0.0044
heun,32,4,3,0.0142,0.0004,altered_knn,altered_knn,10000,40000,0.7992,0.0197,0.8086,0.0215,0.8256,0.0036,0.0422,0.0075,0.1436,0.0947,0.0564,0.0052,0.4325,0.0097
heun,32,4,3,0.0142,0.0004,quadratic,quadratic,10000,60000,0.9594,0.0008,0.9683,0.0008,0.9642,0.0008,0.8270,0.0103,0.3429,0.0088,0.4847,0.0075,0.7265,0.0042
heun,32,4,3,0.0142,0.0004,polar3,polar,10000,60000,0.9724,0.0020,0.9777,0.0020,0.9751,0.0019,0.9767,0.0047,0.6056,0.0027,0.7476,0.0028,0.8627,0.0014
heun,32,4,3,0.0142,0.0004,knn,knn,15000,90000,0.5925,0.0038,0.6009,0.0036,0.5960,0.0038,0.1371,0.0083,0.0109,0.0004,0.0202,0.0007,0.3105,0.0016
heun,32,4,3,0.0142,0.0004,altered_knn,altered_knn,15000,60000,0.8038,0.0090,0.8133,0.0097,0.8303,0.0020,0.0391,0.0038,0.1500,0.0485,0.0608,0.0078,0.4370,0.0043
heun,32,4,3,0.0142,0.0004,quadratic,quadratic,15000,90000,0.9631,0.0012,0.9721,0.0012,0.9679,0.0012,0.8430,0.0042,0.3440,0.0088,0.4886,0.0083,0.7303,0.0048
heun,32,4,3,0.0142,0.0004,polar3,polar,15000,90000,0.9752,0.0020,0.9804,0.0021,0.9778,0.0021,0.9801,0.0052,0.6129,0.0014,0.7542,0.0026,0.8673,0.0011
heun,32,4,3,0.0142,0.0004,knn,knn,20000,120000,0.5969,0.0028,0.6054,0.0026,0.6005,0.0028,0.1237,0.0135,0.0098,0.0012,0.0181,0.0021,0.3117,0.0023
heun,32,4,3,0.0142,0.0004,altered_knn,altered_knn,20000,80000,0.7940,0.0229,0.8028,0.0247,0.8272,0.0052,0.0418,0.0081,0.1867,0.1135,0.0562,0.0102,0.4295,0.0075
heun,32,4,3,0.0142,0.0004,quadratic,quadratic,20000,120000,0.9651,0.0012,0.9740,0.0013,0.9698,0.0013,0.8532,0.0113,0.3435,0.0072,0.4897,0.0064,0.7319,0.0037
heun,32,4,3,0.0142,0.0004,polar3,polar,20000,120000,0.9759,0.0023,0.9811,0.0025,0.9785,0.0024,0.9811,0.0049,0.6168,0.0042,0.7574,0.0044,0.8693,0.0010
heun,32,8,3,0.0144,0.0002,knn,knn,2000,24000,0.4263,0.0030,0.4321,0.0031,0.4291,0.0031,0.0668,0.0018,0.0331,0.0014,0.0442,0.0009,0.2381,0.0016
heun,32,8,3,0.0144,0.0002,altered_knn,altered_knn,2000,16000,0.7349,0.0033,0.7440,0.0034,0.7526,0.0026,0.0439,0.0014,0.1146,0.0130,0.0633,0.0026,0.4037,0.0022
heun,32,8,3,0.0144,0.0002,quadratic,quadratic,2000,24000,0.8932,0.0026,0.9006,0.0027,0.8985,0.0027,0.5621,0.0053,0.3909,0.0031,0.4611,0.0023,0.6808,0.0025
heun,32,8,3,0.0144,0.0002,polar3,polar,2000,24000,0.9187,0.0055,0.9247,0.0057,0.9216,0.0056,0.9300,0.0066,0.5084,0.0012,0.6574,0.0011,0.7910,0.0032
heun,32,8,3,0.0144,0.0002,knn,knn,5000,60000,0.4424,0.0018,0.4484,0.0019,0.4451,0.0021,0.0798,0.0051,0.0327,0.0017,0.0464,0.0025,0.2474,0.0008
heun,32,8,3,0.0144,0.0002,altered_knn,altered_knn,5000,40000,0.7179,0.0586,0.7249,0.0629,0.7579,0.0166,0.0541,0.0177,0.2383,0.2376,0.0641,0.0054,0.3945,0.0341
heun,32,8,3,0.0144,0.0002,quadratic,quadratic,5000,60000,0.9238,0.0036,0.9315,0.0036,0.9287,0.0036,0.6667,0.0125,0.3954,0.0075,0.4964,0.0089,0.7139,0.0062
heun,32,8,3,0.0144,0.0002,polar3,polar,5000,60000,0.9490,0.0071,0.9550,0.0072,0.9519,0.0071,0.9674,0.0028,0.5351,0.0046,0.6891,0.0040,0.8221,0.0051
heun,32,8,3,0.0144,0.0002,knn,knn,10000,120000,0.4535,0.0016,0.4597,0.0016,0.4562,0.0016,0.0849,0.0040,0.0297,0.0013,0.0440,0.0020,0.2519,0.0018
heun,32,8,3,0.0144,0.0002,altered_knn,altered_knn,10000,80000,0.7669,0.0013,0.7769,0.0012,0.7780,0.0019,0.0633,0.0015,0.0772,0.0083,0.0693,0.0030,0.4231,0.0020
heun,32,8,3,0.0144,0.0002,quadratic,quadratic,10000,120000,0.9354,0.0039,0.9432,0.0040,0.9402,0.0039,0.7024,0.0095,0.4043,0.0068,0.5131,0.0066,0.7282,0.0052
heun,32,8,3,0.0144,0.0002,polar3,polar,10000,120000,0.9559,0.0069,0.9620,0.0070,0.9589,0.0070,0.9748,0.0022,0.5409,0.0048,0.6958,0.0039,0.8289,0.0053
heun,32,8,3,0.0144,0.0002,knn,knn,15000,180000,0.4580,0.0022,0.4642,0.0023,0.4607,0.0023,0.0918,0.0063,0.0296,0.0014,0.0447,0.0023,0.2545,0.0023
heun,32,8,3,0.0144,0.0002,altered_knn,altered_knn,15000,120000,0.7651,0.0034,0.7748,0.0041,0.7800,0.0022,0.0573,0.0053,0.1048,0.0567,0.0644,0.0192,0.4196,0.0075
heun,32,8,3,0.0144,0.0002,quadratic,quadratic,15000,180000,0.9396,0.0044,0.9474,0.0044,0.9443,0.0044,0.7215,0.0087,0.4038,0.0066,0.5178,0.0068,0.7326,0.0056
heun,32,8,3,0.0144,0.0002,polar3,polar,15000,180000,0.9587,0.0076,0.9647,0.0077,0.9616,0.0077,0.9749,0.0022,0.5441,0.0041,0.6984,0.0036,0.8316,0.0056
heun,32,8,3,0.0144,0.0002,knn,knn,20000,240000,0.4631,0.0031,0.4694,0.0032,0.4660,0.0034,0.1035,0.0051,0.0318,0.0010,0.0487,0.0017,0.2591,0.0009
heun,32,8,3,0.0144,0.0002,altered_knn,altered_knn,20000,160000,0.7634,0.0044,0.7726,0.0052,0.7810,0.0014,0.0548,0.0026,0.1340,0.0513,0.0751,0.0058,0.4239,0.0015
heun,32,8,3,0.0144,0.0002,quadratic,quadratic,20000,240000,0.9436,0.0049,0.9517,0.0049,0.9482,0.0048,0.7790,0.0128,0.3891,0.0067,0.5189,0.0084,0.7353,0.0066
heun,32,8,3,0.0144,0.0002,polar3,polar,20000,240000,0.9601,0.0074,0.9661,0.0075,0.9630,0.0074,0.9759,0.0023,0.5461,0.0043,0.7003,0.0037,0.8332,0.0055
heun,32,16,3,0.0153,0.0007,knn,knn,2000,48000,0.3229,0.0034,0.3270,0.0036,0.3246,0.0034,0.0568,0.0008,0.0583,0.0016,0.0575,0.0008,0.1922,0.0017
heun,32,16,3,0.0153,0.0007,altered_knn,altered_knn,2000,32000,0.6988,0.0054,0.7081,0.0065,0.7116,0.0023,0.0640,0.0063,0.1043,0.0384,0.0756,0.0048,0.3918,0.0011
heun,32,16,3,0.0153,0.0007,quadratic,quadratic,2000,48000,0.8710,0.0014,0.8780,0.0018,0.8773,0.0015,0.4556,0.0140,0.4211,0.0084,0.4375,0.0065,0.6577,0.0037
heun,32,16,3,0.0153,0.0007,polar3,polar,2000,48000,0.9115,0.0013,0.9182,0.0018,0.9147,0.0016,0.9399,0.0085,0.4760,0.0132,0.6318,0.0098,0.7750,0.0040
heun,32,16,3,0.0153,0.0007,knn,knn,5000,120000,0.3377,0.0026,0.3421,0.0028,0.3394,0.0025,0.0606,0.0026,0.0540,0.0014,0.0571,0.0019,0.1996,0.0023
heun,32,16,3,0.0153,0.0007,altered_knn,altered_knn,5000,80000,0.7117,0.0041,0.7201,0.0051,0.7292,0.0032,0.0667,0.0050,0.1677,0.0727,0.0898,0.0097,0.4050,0.0032
heun,32,16,3,0.0153,0.0007,quadratic,quadratic,5000,120000,0.9035,0.0027,0.9108,0.0032,0.9094,0.0029,0.5269,0.0144,0.4353,0.0102,0.4765,0.0074,0.6937,0.0043
heun,32,16,3,0.0153,0.0007,polar3,polar,5000,120000,0.9345,0.0029,0.9417,0.0035,0.9379,0.0032,0.9597,0.0083,0.4740,0.0137,0.6344,0.0105,0.7880,0.0035
heun,32,16,3,0.0153,0.0007,knn,knn,10000,240000,0.3485,0.0026,0.3530,0.0029,0.3505,0.0025,0.0706,0.0035,0.0535,0.0016,0.0608,0.0022,0.2069,0.0023
heun,32,16,3,0.0153,0.0007,altered_knn,altered_knn,10000,160000,0.7210,0.0004,0.7304,0.0005,0.7339,0.0025,0.0684,0.0012,0.1108,0.0310,0.0827,0.0097,0.4066,0.0047
heun,32,16,3,0.0153,0.0007,quadratic,quadratic,10000,240000,0.9201,0.0032,0.9278,0.0037,0.9253,0.0034,0.6234,0.0179,0.4256,0.0105,0.5056,0.0088,0.7167,0.0046
heun,32,16,3,0.0153,0.0007,polar3,polar,10000,240000,0.9443,0.0026,0.9515,0.0031,0.9478,0.0028,0.9649,0.0071,0.4755,0.0124,0.6369,0.0096,0.7942,0.0033
heun,32,16,3,0.0153,0.0007,knn,knn,15000,360000,0.3545,0.0030,0.3592,0.0033,0.3567,0.0029,0.0695,0.0066,0.0492,0.0021,0.0576,0.0037,0.2084,0.0035
heun,32,16,3,0.0153,0.0007,altered_knn,altered_knn,15000,240000,0.7086,0.0242,0.7167,0.0276,0.7333,0.0036,0.0641,0.0158,0.1981,0.1800,0.0731,0.0076,0.3949,0.0122
heun,32,16,3,0.0153,0.0007,quadratic,quadratic,15000,360000,0.9327,0.0032,0.9411,0.0037,0.9374,0.0034,0.7780,0.0173,0.3910,0.0099,0.5202,0.0085,0.7307,0.0034
heun,32,16,3,0.0153,0.0007,polar3,polar,15000,360000,0.9488,0.0019,0.9561,0.0024,0.9523,0.0021,0.9689,0.0083,0.4842,0.0135,0.6455,0.0101,0.8008,0.0039
heun,32,16,3,0.0153,0.0007,knn,knn,20000,480000,0.3587,0.0037,0.3635,0.0039,0.3610,0.0037,0.0728,0.0056,0.0498,0.0024,0.0591,0.0036,0.2113,0.0037
heun,32,16,3,0.0153,0.0007,altered_knn,altered_knn,20000,320000,0.7143,0.0116,0.7226,0.0136,0.7361,0.0015,0.0597,0.0106,0.1831,0.1016,0.0783,0.0119,0.4004,0.0065
heun,32,16,3,0.0153,0.0007,quadratic,quadratic,20000,480000,0.9398,0.0028,0.9485,0.0033,0.9444,0.0030,0.8491,0.0131,0.3799,0.0109,0.5248,0.0099,0.7366,0.0038
heun,32,16,3,0.0153,0.0007,polar3,polar,20000,480000,0.9514,0.0025,0.9584,0.0030,0.9549,0.0027,0.9281,0.0114,0.4998,0.0120,0.6495,0.0073,0.8040,0.0021
heun,64,2,3,0.0161,0.0004,knn,knn,2000,6000,0.6964,0.0036,0.7078,0.0034,0.7012,0.0037,0.0884,0.0250,0.0043,0.0013,0.0083,0.0024,0.3580,0.0018
heun,64,2,3,0.0161,0.0004,altered_knn,altered_knn,2000,4000,0.7729,0.0061,0.7822,0.0068,0.8302,0.0033,0.0255,0.0013,0.2062,0.0247,0.0453,0.0025,0.4138,0.0029
heun,64,2,3,0.0161,0.0004,quadratic,quadratic,2000,6000,0.6725,0.0070,0.6781,0.0074,0.7466,0.0058,0.0274,0.0006,0.3350,0.0124,0.0507,0.0009,0.3644,0.0040
heun,64,2,3,0.0161,0.0004,polar3,polar,2000,6000,0.9464,0.0026,0.9556,0.0031,0.9514,0.0029,0.8448,0.0113,0.3854,0.0187,0.5289,0.0157,0.7423,0.0065
heun,64,2,3,0.0161,0.0004,knn,knn,5000,15000,0.7082,0.0019,0.7197,0.0017,0.7132,0.0019,0.0826,0.0039,0.0027,0.0003,0.0052,0.0006,0.3625,0.0010
heun,64,2,3,0.0161,0.0004,altered_knn,altered_knn,5000,10000,0.7817,0.0015,0.7906,0.0016,0.8414,0.0009,0.0285,0.0016,0.2382,0.0056,0.0508,0.0026,0.4207,0.0021
heun,64,2,3,0.0161,0.0004,quadratic,quadratic,5000,15000,0.9265,0.0012,0.9368,0.0012,0.9371,0.0011,0.2869,0.0111,0.2974,0.0166,0.2919,0.0126,0.6144,0.0067
heun,64,2,3,0.0161,0.0004,polar3,polar,5000,15000,0.9669,0.0009,0.9751,0.0005,0.9710,0.0007,0.9743,0.0069,0.4690,0.0179,0.6329,0.0151,0.8040,0.0077
heun,64,2,3,0.0161,0.0004,knn,knn,10000,30000,0.7162,0.0006,0.7280,0.0004,0.7211,0.0006,0.0377,0.0293,0.0008,0.0006,0.0016,0.0011,0.3648,0.0005
heun,64,2,3,0.0161,0.0004,altered_knn,altered_knn,10000,20000,0.7464,0.0656,0.7536,0.0684,0.8273,0.0352,0.0257,0.0015,0.3009,0.1100,0.0469,0.0014,0.4003,0.0349
heun,64,2,3,0.0161,0.0004,quadratic,quadratic,10000,30000,0.9537,0.0003,0.9648,0.0004,0.9611,0.0004,0.5228,0.0024,0.2755,0.0065,0.3608,0.0057,0.6628,0.0028
heun,64,2,3,0.0161,0.0004,polar3,polar,10000,30000,0.9801,0.0006,0.9870,0.0002,0.9836,0.0004,0.9861,0.0023,0.5584,0.0209,0.7128,0.0167,0.8499,0.0084
heun,64,2,3,0.0161,0.0004,knn,knn,15000,45000,0.7200,0.0010,0.7317,0.0008,0.7249,0.0010,0.0806,0.0142,0.0019,0.0005,0.0036,0.0009,0.3677,0.0001
heun,64,2,3,0.0161,0.0004,altered_knn,altered_knn,15000,30000,0.6697,0.1349,0.6742,0.1404,0.7754,0.0890,0.0234,0.0027,0.3992,0.1984,0.0428,0.0031,0.3585,0.0716
heun,64,2,3,0.0161,0.0004,quadratic,quadratic,15000,45000,0.9614,0.0005,0.9728,0.0004,0.9682,0.0005,0.6230,0.0032,0.2643,0.0085,0.3711,0.0086,0.6720,0.0043
heun,64,2,3,0.0161,0.0004,polar3,polar,15000,45000,0.9845,0.0006,0.9910,0.0001,0.9877,0.0003,0.9903,0.0013,0.5903,0.0222,0.7394,0.0174,0.8652,0.0087
heun,64,2,3,0.0161,0.0004,knn,knn,20000,60000,0.7223,0.0019,0.7341,0.0018,0.7273,0.0019,0.0846,0.0034,0.0017,0.0003,0.0032,0.0005,0.3687,0.0011
heun,64,2,3,0.0161,0.0004,altered_knn,altered_knn,20000,40000,0.8219,0.0011,0.8325,0.0008,0.8680,0.0008,0.0289,0.0022,0.1733,0.0128,0.0495,0.0038,0.4410,0.0020
heun,64,2,3,0.0161,0.0004,quadratic,quadratic,20000,60000,0.9639,0.0009,0.9755,0.0005,0.9706,0.0006,0.6559,0.0162,0.2542,0.0150,0.3663,0.0179,0.6709,0.0092
heun,64,2,3,0.0161,0.0004,polar3,polar,20000,60000,0.9855,0.0012,0.9917,0.0007,0.9886,0.0010,0.9902,0.0022,0.6071,0.0250,0.7524,0.0189,0.8721,0.0098
heun,64,4,3,0.0156,0.0006,knn,knn,2000,12000,0.5024,0.0016,0.5103,0.0014,0.5057,0.0014,0.0412,0.0070,0.0087,0.0015,0.0144,0.0024,0.2623,0.0006
heun,64,4,3,0.0156,0.0006,altered_knn,altered_knn,2000,8000,0.7350,0.0134,0.7459,0.0149,0.7507,0.0015,0.0433,0.0121,0.0553,0.0629,0.0272,0.0132,0.3865,0.0014
heun,64,4,3,0.0156,0.0006,quadratic,quadratic,2000,12000,0.7406,0.0012,0.7472,0.0010,0.7683,0.0012,0.0720,0.0021,0.3221,0.0093,0.1177,0.0028,0.4324,0.0009
heun,64,4,3,0.0156,0.0006,polar3,polar,2000,12000,0.9194,0.0058,0.9272,0.0059,0.9232,0.0058,0.9547,0.0017,0.4307,0.0150,0.5934,0.0141,0.7603,0.0073
heun,64,4,3,0.0156,0.0006,knn,knn,5000,30000,0.5185,0.0013,0.5266,0.0010,0.5219,0.0009,0.0488,0.0065,0.0080,0.0007,0.0137,0.0013,0.2702,0.0003
heun,64,4,3,0.0156,0.0006,altered_knn,altered_knn,5000,20000,0.7523,0.0052,0.7629,0.0060,0.7736,0.0011,0.0318,0.0047,0.0835,0.0191,0.0449,0.0029,0.4039,0.0043
heun,64,4,3,0.0156,0.0006,quadratic,quadratic,5000,30000,0.8935,0.0007,0.9026,0.0008,0.9014,0.0007,0.3815,0.0081,0.3225,0.0033,0.3495,0.0022,0.6260,0.0015
heun,64,4,3,0.0156,0.0006,polar3,polar,5000,30000,0.9445,0.0013,0.9512,0.0018,0.9477,0.0016,0.9833,0.0038,0.5216,0.0173,0.6814,0.0140,0.8163,0.0062
heun,64,4,3,0.0156,0.0006,knn,knn,10000,60000,0.5289,0.0013,0.5372,0.0011,0.5322,0.0008,0.0463,0.0100,0.0063,0.0015,0.0112,0.0027,0.2742,0.0013
heun,64,4,3,0.0156,0.0006,altered_knn,altered_knn,10000,40000,0.7188,0.0542,0.7266,0.0573,0.7723,0.0198,0.0290,0.0046,0.2286,0.1427,0.0488,0.0050,0.3877,0.0299
heun,64,4,3,0.0156,0.0006,quadratic,quadratic,10000,60000,0.9265,0.0008,0.9362,0.0008,0.9330,0.0008,0.5526,0.0106,0.3157,0.0018,0.4018,0.0043,0.6690,0.0022
heun,64,4,3,0.0156,0.0006,polar3,polar,10000,60000,0.9658,0.0031,0.9719,0.0037,0.9687,0.0034,0.9895,0.0021,0.5809,0.0245,0.7317,0.0191,0.8518,0.0077
heun,64,4,3,0.0156,0.0006,knn,knn,15000,90000,0.5337,0.0015,0.5421,0.0012,0.5370,0.0011,0.0517,0.0053,0.0062,0.0010,0.0111,0.0017,0.2766,0.0014
heun,64,4,3,0.0156,0.0006,altered_knn,altered_knn,15000,60000,0.7164,0.0802,0.7241,0.0843,0.7715,0.0323,0.0310,0.0063,0.2246,0.1864,0.0479,0.0025,0.3860,0.0434
heun,64,4,3,0.0156,0.0006,quadratic,quadratic,15000,90000,0.9388,0.0012,0.9486,0.0011,0.9450,0.0011,0.6051,0.0020,0.3186,0.0070,0.4174,0.0055,0.6830,0.0025
heun,64,4,3,0.0156,0.0006,polar3,polar,15000,90000,0.9710,0.0021,0.9769,0.0025,0.9738,0.0023,0.9897,0.0006,0.5949,0.0232,0.7429,0.0182,0.8599,0.0086
heun,64,4,3,0.0156,0.0006,knn,knn,20000,120000,0.5366,0.0025,0.5450,0.0023,0.5398,0.0021,0.0638,0.0040,0.0070,0.0002,0.0127,0.0004,0.2788,0.0011
heun,64,4,3,0.0156,0.0006,altered_knn,altered_knn,20000,80000,0.7797,0.0092,0.7909,0.0099,0.7985,0.0014,0.0329,0.0013,0.0720,0.0491,0.0366,0.0188,0.4138,0.0048
heun,64,4,3,0.0156,0.0006,quadratic,quadratic,20000,120000,0.9444,0.0011,0.9545,0.0010,0.9506,0.0010,0.6322,0.0066,0.3104,0.0079,0.4163,0.0061,0.6854,0.0031
heun,64,4,3,0.0156,0.0006,polar3,polar,20000,120000,0.9720,0.0018,0.9779,0.0024,0.9748,0.0022,0.9903,0.0011,0.6026,0.0220,0.7490,0.0170,0.8635,0.0073
heun,64,8,3,0.0162,0.0003,knn,knn,2000,24000,0.3605,0.0016,0.3661,0.0016,0.3628,0.0010,0.0370,0.0009,0.0204,0.0011,0.0263,0.0010,0.1962,0.0003
heun,64,8,3,0.0162,0.0003,altered_knn,altered_knn,2000,16000,0.6630,0.0161,0.6726,0.0176,0.6829,0.0014,0.0348,0.0068,0.0808,0.0697,0.0373,0.0087,0.3549,0.0069
heun,64,8,3,0.0162,0.0003,quadratic,quadratic,2000,24000,0.7249,0.0027,0.7316,0.0027,0.7419,0.0026,0.1173,0.0028,0.3170,0.0026,0.1712,0.0027,0.4514,0.0021
heun,64,8,3,0.0162,0.0003,polar3,polar,2000,24000,0.8974,0.0034,0.9047,0.0033,0.9009,0.0033,0.9574,0.0055,0.4532,0.0025,0.6152,0.0032,0.7600,0.0030
heun,64,8,3,0.0162,0.0003,knn,knn,5000,60000,0.3750,0.0022,0.3808,0.0021,0.3773,0.0016,0.0449,0.0040,0.0203,0.0022,0.0279,0.0028,0.2044,0.0025
heun,64,8,3,0.0162,0.0003,altered_knn,altered_knn,5000,40000,0.6835,0.0229,0.6927,0.0251,0.7097,0.0016,0.0403,0.0091,0.1244,0.1047,0.0488,0.0058,0.3708,0.0122
heun,64,8,3,0.0162,0.0003,quadratic,quadratic,5000,60000,0.8574,0.0009,0.8659,0.0008,0.8652,0.0008,0.3777,0.0031,0.3438,0.0040,0.3599,0.0019,0.6129,0.0008
heun,64,8,3,0.0162,0.0003,polar3,polar,5000,60000,0.9363,0.0047,0.9432,0.0046,0.9396,0.0046,0.9797,0.0037,0.5181,0.0038,0.6777,0.0040,0.8105,0.0034
heun,64,8,3,0.0162,0.0003,knn,knn,10000,120000,0.3873,0.0021,0.3934,0.0020,0.3900,0.0016,0.0452,0.0014,0.0177,0.0009,0.0254,0.0011,0.2094,0.0010
heun,64,8,3,0.0162,0.0003,altered_knn,altered_knn,10000,80000,0.6941,0.0189,0.7028,0.0207,0.7269,0.0028,0.0362,0.0068,0.1658,0.0911,0.0537,0.0025,0.3782,0.0095
heun,64,8,3,0.0162,0.0003,quadratic,quadratic,10000,120000,0.8977,0.0010,0.9066,0.0009,0.9044,0.0010,0.4967,0.0118,0.3522,0.0057,0.4122,0.0077,0.6594,0.0035
heun,64,8,3,0.0162,0.0003,polar3,polar,10000,120000,0.9487,0.0032,0.9555,0.0031,0.9519,0.0032,0.9850,0.0032,0.5355,0.0030,0.6938,0.0025,0.8247,0.0023
heun,64,8,3,0.0162,0.0003,knn,knn,15000,180000,0.3925,0.0024,0.3987,0.0023,0.3950,0.0019,0.0492,0.0018,0.0182,0.0009,0.0265,0.0012,0.2126,0.0011
heun,64,8,3,0.0162,0.0003,altered_knn,altered_knn,15000,120000,0.6981,0.0118,0.7064,0.0128,0.7355,0.0015,0.0333,0.0038,0.1910,0.0589,0.0560,0.0053,0.3812,0.0064
heun,64,8,3,0.0162,0.0003,quadratic,quadratic,15000,180000,0.9129,0.0013,0.9221,0.0012,0.9194,0.0013,0.5472,0.0108,0.3581,0.0025,0.4329,0.0052,0.6775,0.0022
heun,64,8,3,0.0162,0.0003,polar3,polar,15000,180000,0.9537,0.0038,0.9605,0.0038,0.9570,0.0038,0.9854,0.0025,0.5372,0.0054,0.6953,0.0050,0.8279,0.0020
heun,64,8,3,0.0162,0.0003,knn,knn,20000,240000,0.3971,0.0025,0.4034,0.0024,0.3999,0.0022,0.0536,0.0064,0.0188,0.0026,0.0279,0.0037,0.2156,0.0025
heun,64,8,3,0.0162,0.0003,altered_knn,altered_knn,20000,160000,0.7178,0.0194,0.7274,0.0211,0.7422,0.0024,0.0459,0.0080,0.1324,0.0931,0.0591,0.0023,0.3933,0.0098
heun,64,8,3,0.0162,0.0003,quadratic,quadratic,20000,240000,0.9241,0.0008,0.9336,0.0006,0.9301,0.0007,0.6334,0.0075,0.3416,0.0050,0.4438,0.0049,0.6887,0.0025
heun,64,8,3,0.0162,0.0003,polar3,polar,20000,240000,0.9548,0.0041,0.9616,0.0042,0.9580,0.0041,0.9850,0.0025,0.5401,0.0042,0.6977,0.0038,0.8296,0.0015
heun,64,16,3,0.0172,0.0003,knn,knn,2000,48000,0.2610,0.0011,0.2648,0.0010,0.2620,0.0009,0.0399,0.0014,0.0391,0.0004,0.0395,0.0009,0.1522,0.0008
heun,64,16,3,0.0172,0.0003,altered_knn,altered_knn,2000,32000,0.6156,0.0079,0.6242,0.0096,0.6381,0.0035,0.0382,0.0060,0.1217,0.0802,0.0436,0.0192,0.3339,0.0049
heun,64,16,3,0.0172,0.0003,quadratic,quadratic,2000,48000,0.7062,0.0009,0.7127,0.0010,0.7218,0.0008,0.1361,0.0026,0.3331,0.0053,0.1932,0.0023,0.4529,0.0013
heun,64,16,3,0.0172,0.0003,polar3,polar,2000,48000,0.8851,0.0041,0.8926,0.0043,0.8885,0.0042,0.9626,0.0035,0.4592,0.0041,0.6218,0.0040,0.7572,0.0002
heun,64,16,3,0.0172,0.0003,knn,knn,5000,120000,0.2742,0.0013,0.2783,0.0013,0.2753,0.0012,0.0405,0.0016,0.0349,0.0020,0.0375,0.0018,0.1579,0.0014
heun,64,16,3,0.0172,0.0003,altered_knn,altered_knn,5000,80000,0.6491,0.0036,0.6584,0.0040,0.6695,0.0008,0.0392,0.0006,0.1154,0.0226,0.0581,0.0033,0.3583,0.0005
heun,64,16,3,0.0172,0.0003,quadratic,quadratic,5000,120000,0.8329,0.0005,0.8408,0.0004,0.8421,0.0004,0.3197,0.0048,0.3798,0.0024,0.3471,0.0033,0.5940,0.0018
heun,64,16,3,0.0172,0.0003,polar3,polar,5000,120000,0.9215,0.0042,0.9293,0.0044,0.9251,0.0043,0.9797,0.0031,0.4740,0.0031,0.6389,0.0034,0.7841,0.0013
heun,64,16,3,0.0172,0.0003,knn,knn,10000,240000,0.2844,0.0007,0.2888,0.0006,0.2855,0.0005,0.0439,0.0029,0.0329,0.0017,0.0376,0.0021,0.1632,0.0011
heun,64,16,3,0.0172,0.0003,altered_knn,altered_knn,10000,160000,0.6727,0.0032,0.6830,0.0034,0.6878,0.0020,0.0467,0.0035,0.0827,0.0199,0.0582,0.0035,0.3706,0.0011
heun,64,16,3,0.0172,0.0003,quadratic,quadratic,10000,240000,0.8822,0.0009,0.8910,0.0009,0.8893,0.0009,0.4757,0.0051,0.3781,0.0032,0.4213,0.0010,0.6561,0.0001
heun,64,16,3,0.0172,0.0003,polar3,polar,10000,240000,0.9332,0.0033,0.9411,0.0035,0.9369,0.0034,0.9815,0.0031,0.4775,0.0028,0.6424,0.0029,0.7918,0.0014
heun,64,16,3,0.0172,0.0003,knn,knn,15000,360000,0.2903,0.0008,0.2948,0.0007,0.2918,0.0006,0.0444,0.0027,0.0312,0.0018,0.0366,0.0021,0.1657,0.0012
heun,64,16,3,0.0172,0.0003,altered_knn,altered_knn,15000,240000,0.6863,0.0024,0.6975,0.0025,0.6957,0.0015,0.0652,0.0087,0.0440,0.0179,0.0486,0.0131,0.3731,0.0056
heun,64,16,3,0.0172,0.0003,quadratic,quadratic,15000,360000,0.9088,0.0008,0.9188,0.0008,0.9146,0.0008,0.7024,0.0078,0.3363,0.0025,0.4548,0.0017,0.6868,0.0005
heun,64,16,3,0.0172,0.0003,polar3,polar,15000,360000,0.9417,0.0028,0.9497,0.0029,0.9455,0.0029,0.9819,0.0028,0.4808,0.0025,0.6455,0.0025,0.7976,0.0004
heun,64,16,3,0.0172,0.0003,knn,knn,20000,480000,0.2935,0.0013,0.2980,0.0013,0.2949,0.0012,0.0473,0.0014,0.0319,0.0012,0.0381,0.0013,0.1680,0.0009
heun,64,16,3,0.0172,0.0003,altered_knn,altered_knn,20000,320000,0.6925,0.0016,0.7038,0.0015,0.7022,0.0018,0.0643,0.0013,0.0496,0.0049,0.0558,0.0026,0.3798,0.0018
heun,64,16,3,0.0172,0.0003,quadratic,quadratic,20000,480000,0.9225,0.0013,0.9330,0.0012,0.9280,0.0013,0.8196,0.0037,0.3183,0.0010,0.4585,0.0006,0.6958,0.0004
heun,64,16,3,0.0172,0.0003,polar3,polar,20000,480000,0.9460,0.0028,0.9540,0.0029,0.9498,0.0028,0.9819,0.0031,0.4828,0.0022,0.6474,0.0022,0.8007,0.0005
heun,128,2,3,0.0174,0.0002,knn,knn,2000,6000,0.6565,0.0033,0.6681,0.0033,0.6610,0.0036,0.0632,0.0119,0.0031,0.0011,0.0058,0.0021,0.3370,0.0027
heun,128,2,3,0.0174,0.0002,altered_knn,altered_knn,2000,4000,0.7277,0.0015,0.7376,0.0015,0.7868,0.0012,0.0211,0.0007,0.1697,0.0046,0.0375,0.0012,0.3875,0.0005
heun,128,2,3,0.0174,0.0002,quadratic,quadratic,2000,6000,0.4059,0.0023,0.4075,0.0023,0.4803,0.0022,0.0176,0.0008,0.3201,0.0129,0.0335,0.0015,0.2205,0.0013
heun,128,2,3,0.0174,0.0002,polar3,polar,2000,6000,0.9378,0.0013,0.9485,0.0014,0.9440,0.0014,0.7116,0.0107,0.3337,0.0095,0.4543,0.0109,0.7014,0.0048
heun,128,2,3,0.0174,0.0002,knn,knn,5000,15000,0.6660,0.0031,0.6777,0.0031,0.6706,0.0032,0.0532,0.0174,0.0021,0.0007,0.0041,0.0014,0.3409,0.0011
heun,128,2,3,0.0174,0.0002,altered_knn,altered_knn,5000,10000,0.5528,0.0446,0.5542,0.0464,0.6918,0.0352,0.0201,0.0005,0.4740,0.0553,0.0385,0.0008,0.2964,0.0235
heun,128,2,3,0.0174,0.0002,quadratic,quadratic,5000,15000,0.4718,0.0015,0.4740,0.0016,0.5614,0.0015,0.0187,0.0004,0.3481,0.0056,0.0355,0.0008,0.2548,0.0007
heun,128,2,3,0.0174,0.0002,polar3,polar,5000,15000,0.9528,0.0014,0.9629,0.0015,0.9578,0.0015,0.9482,0.0017,0.3857,0.0068,0.5483,0.0071,0.7556,0.0028
heun,128,2,3,0.0174,0.0002,knn,knn,10000,30000,0.6739,0.0016,0.6858,0.0017,0.6784,0.0016,0.0289,0.0216,0.0010,0.0007,0.0018,0.0014,0.3438,0.0016
heun,128,2,3,0.0174,0.0002,altered_knn,altered_knn,10000,20000,0.6801,0.1176,0.6872,0.1230,0.7667,0.0723,0.0209,0.0015,0.2819,0.1889,0.0378,0.0028,0.3625,0.0610
heun,128,2,3,0.0174,0.0002,quadratic,quadratic,10000,30000,0.7504,0.0027,0.7577,0.0028,0.8165,0.0021,0.0374,0.0010,0.3421,0.0097,0.0674,0.0018,0.4126,0.0021
heun,128,2,3,0.0174,0.0002,polar3,polar,10000,30000,0.9635,0.0022,0.9728,0.0021,0.9680,0.0022,0.9880,0.0030,0.4390,0.0155,0.6077,0.0146,0.7903,0.0082
heun,128,2,3,0.0174,0.0002,knn,knn,15000,45000,0.6782,0.0019,0.6902,0.0019,0.6829,0.0018,0.0399,0.0341,0.0013,0.0012,0.0026,0.0022,0.3464,0.0017
heun,128,2,3,0.0174,0.0002,altered_knn,altered_knn,15000,30000,0.7714,0.0018,0.7823,0.0019,0.8251,0.0016,0.0228,0.0009,0.1568,0.0081,0.0398,0.0016,0.4111,0.0007
heun,128,2,3,0.0174,0.0002,quadratic,quadratic,15000,45000,0.8724,0.0005,0.8824,0.0004,0.9028,0.0003,0.0872,0.0054,0.3098,0.0173,0.1361,0.0082,0.5093,0.0043
heun,128,2,3,0.0174,0.0002,polar3,polar,15000,45000,0.9704,0.0018,0.9787,0.0018,0.9744,0.0018,0.9939,0.0020,0.4987,0.0103,0.6640,0.0091,0.8214,0.0041
heun,128,2,3,0.0174,0.0002,knn,knn,20000,60000,0.6820,0.0015,0.6941,0.0015,0.6867,0.0014,0.0346,0.0268,0.0010,0.0007,0.0019,0.0014,0.3480,0.0013
heun,128,2,3,0.0174,0.0002,altered_knn,altered_knn,20000,40000,0.7246,0.0734,0.7331,0.0769,0.8025,0.0388,0.0219,0.0005,0.2399,0.1259,0.0394,0.0014,0.3863,0.0378
heun,128,2,3,0.0174,0.0002,quadratic,quadratic,20000,60000,0.9074,0.0013,0.9181,0.0012,0.9268,0.0010,0.1469,0.0086,0.3028,0.0126,0.1979,0.0104,0.5580,0.0058
heun,128,2,3,0.0174,0.0002,polar3,polar,20000,60000,0.9730,0.0022,0.9808,0.0022,0.9768,0.0022,0.9935,0.0027,0.5303,0.0087,0.6914,0.0076,0.8361,0.0037
heun,128,4,3,0.0157,0.0001,knn,knn,2000,12000,0.4441,0.0010,0.4511,0.0011,0.4465,0.0012,0.0304,0.0039,0.0076,0.0009,0.0122,0.0015,0.2317,0.0006
heun,128,4,3,0.0157,0.0001,altered_knn,altered_knn,2000,8000,0.6122,0.0535,0.6189,0.0565,0.6662,0.0191,0.0200,0.0011,0.1962,0.1339,0.0346,0.0015,0.3267,0.0279
heun,128,4,3,0.0157,0.0001,quadratic,quadratic,2000,12000,0.3090,0.0019,0.3081,0.0019,0.3708,0.0025,0.0163,0.0002,0.3619,0.0067,0.0312,0.0004,0.1697,0.0009
heun,128,4,3,0.0157,0.0001,polar3,polar,2000,12000,0.9137,0.0017,0.9223,0.0018,0.9178,0.0017,0.9607,0.0033,0.3760,0.0099,0.5404,0.0100,0.7313,0.0046
heun,128,4,3,0.0157,0.0001,knn,knn,5000,30000,0.4575,0.0018,0.4647,0.0018,0.4600,0.0017,0.0319,0.0075,0.0069,0.0014,0.0113,0.0024,0.2380,0.0018
heun,128,4,3,0.0157,0.0001,altered_knn,altered_knn,5000,20000,0.6678,0.0387,0.6770,0.0411,0.6982,0.0098,0.0431,0.0322,0.0941,0.1044,0.0223,0.0129,0.3496,0.0166
heun,128,4,3,0.0157,0.0001,quadratic,quadratic,5000,30000,0.4984,0.0026,0.5012,0.0027,0.5687,0.0026,0.0207,0.0001,0.3289,0.0010,0.0389,0.0002,0.2701,0.0014
heun,128,4,3,0.0157,0.0001,polar3,polar,5000,30000,0.9410,0.0036,0.9482,0.0037,0.9444,0.0037,0.9882,0.0011,0.4894,0.0072,0.6545,0.0064,0.8014,0.0029
heun,128,4,3,0.0157,0.0001,knn,knn,10000,60000,0.4691,0.0012,0.4765,0.0011,0.4714,0.0010,0.0329,0.0069,0.0060,0.0014,0.0102,0.0023,0.2433,0.0011
heun,128,4,3,0.0157,0.0001,altered_knn,altered_knn,10000,40000,0.6484,0.0687,0.6558,0.0725,0.7025,0.0250,0.0205,0.0014,0.1885,0.1656,0.0326,0.0053,0.3442,0.0349
heun,128,4,3,0.0157,0.0001,quadratic,quadratic,10000,60000,0.7745,0.0015,0.7816,0.0015,0.8034,0.0012,0.0741,0.0019,0.3268,0.0035,0.1208,0.0027,0.4512,0.0016
heun,128,4,3,0.0157,0.0001,polar3,polar,10000,60000,0.9586,0.0038,0.9646,0.0038,0.9614,0.0038,0.9899,0.0006,0.5832,0.0086,0.7340,0.0069,0.8493,0.0035
heun,128,4,3,0.0157,0.0001,knn,knn,15000,90000,0.4740,0.0012,0.4815,0.0012,0.4764,0.0013,0.0432,0.0062,0.0076,0.0014,0.0130,0.0023,0.2472,0.0015
heun,128,4,3,0.0157,0.0001,altered_knn,altered_knn,15000,60000,0.6795,0.0497,0.6882,0.0528,0.7210,0.0141,0.0202,0.0007,0.1380,0.1380,0.0303,0.0057,0.3593,0.0239
heun,128,4,3,0.0157,0.0001,quadratic,quadratic,15000,90000,0.8480,0.0007,0.8562,0.0007,0.8650,0.0008,0.1459,0.0028,0.3332,0.0029,0.2029,0.0031,0.5296,0.0018
heun,128,4,3,0.0157,0.0001,polar3,polar,15000,90000,0.9676,0.0026,0.9731,0.0027,0.9702,0.0026,0.9905,0.0013,0.6283,0.0044,0.7688,0.0029,0.8709,0.0004
heun,128,4,3,0.0157,0.0001,knn,knn,20000,120000,0.4779,0.0018,0.4855,0.0018,0.4804,0.0018,0.0355,0.0044,0.0057,0.0006,0.0099,0.0011,0.2477,0.0007
heun,128,4,3,0.0157,0.0001,altered_knn,altered_knn,20000,80000,0.6193,0.0360,0.6243,0.0379,0.7046,0.0149,0.0196,0.0006,0.3008,0.0837,0.0366,0.0014,0.3305,0.0186
heun,128,4,3,0.0157,0.0001,quadratic,quadratic,20000,120000,0.8767,0.0006,0.8855,0.0006,0.8902,0.0006,0.1959,0.0031,0.3240,0.0033,0.2442,0.0033,0.5648,0.0017
heun,128,4,3,0.0157,0.0001,polar3,polar,20000,120000,0.9718,0.0025,0.9771,0.0026,0.9743,0.0025,0.9912,0.0010,0.6450,0.0063,0.7815,0.0044,0.8793,0.0014
heun,128,8,3,0.0154,0.0001,knn,knn,2000,24000,0.3029,0.0004,0.3073,0.0004,0.3038,0.0004,0.0307,0.0012,0.0219,0.0012,0.0256,0.0012,0.1664,0.0004
heun,128,8,3,0.0154,0.0001,altered_knn,altered_knn,2000,16000,0.5826,0.0031,0.5911,0.0035,0.5948,0.0022,0.0207,0.0010,0.0410,0.0266,0.0232,0.0117,0.3072,0.0041
heun,128,8,3,0.0154,0.0001,quadratic,quadratic,2000,24000,0.3267,0.0014,0.3257,0.0015,0.3911,0.0018,0.0173,0.0002,0.3869,0.0039,0.0331,0.0003,0.1794,0.0006
heun,128,8,3,0.0154,0.0001,polar3,polar,2000,24000,0.8885,0.0062,0.8950,0.0064,0.8913,0.0063,0.9762,0.0003,0.4730,0.0107,0.6372,0.0097,0.7661,0.0052
heun,128,8,3,0.0154,0.0001,knn,knn,5000,60000,0.3162,0.0012,0.3208,0.0012,0.3174,0.0009,0.0313,0.0015,0.0200,0.0015,0.0244,0.0016,0.1726,0.0007
heun,128,8,3,0.0154,0.0001,altered_knn,altered_knn,5000,40000,0.5872,0.0222,0.5944,0.0238,0.6197,0.0057,0.0201,0.0008,0.1264,0.0757,0.0325,0.0036,0.3134,0.0101
heun,128,8,3,0.0154,0.0001,quadratic,quadratic,5000,60000,0.5351,0.0011,0.5385,0.0011,0.5870,0.0014,0.0276,0.0006,0.3204,0.0069,0.0509,0.0011,0.2947,0.0009
heun,128,8,3,0.0154,0.0001,polar3,polar,5000,60000,0.9283,0.0009,0.9339,0.0008,0.9308,0.0009,0.9889,0.0012,0.5730,0.0095,0.7256,0.0078,0.8297,0.0043
heun,128,8,3,0.0154,0.0001,knn,knn,10000,120000,0.3255,0.0010,0.3303,0.0010,0.3268,0.0006,0.0285,0.0005,0.0156,0.0003,0.0202,0.0004,0.1753,0.0007
heun,128,8,3,0.0154,0.0001,altered_knn,altered_knn,10000,80000,0.5644,0.0649,0.5695,0.0684,0.6236,0.0242,0.0209,0.0027,0.2358,0.1646,0.0348,0.0021,0.3022,0.0343
heun,128,8,3,0.0154,0.0001,quadratic,quadratic,10000,120000,0.7447,0.0004,0.7508,0.0005,0.7657,0.0007,0.1001,0.0016,0.3503,0.0043,0.1558,0.0023,0.4533,0.0009
heun,128,8,3,0.0154,0.0001,polar3,polar,10000,120000,0.9504,0.0007,0.9554,0.0008,0.9526,0.0007,0.9909,0.0005,0.6290,0.0082,0.7695,0.0063,0.8624,0.0029
heun,128,8,3,0.0154,0.0001,knn,knn,15000,180000,0.3304,0.0015,0.3353,0.0015,0.3317,0.0013,0.0330,0.0022,0.0176,0.0012,0.0230,0.0015,0.1792,0.0011
heun,128,8,3,0.0154,0.0001,altered_knn,altered_knn,15000,120000,0.5546,0.0887,0.5591,0.0934,0.6207,0.0420,0.0187,0.0011,0.2673,0.2125,0.0333,0.0031,0.2962,0.0460
heun,128,8,3,0.0154,0.0001,quadratic,quadratic,15000,180000,0.8113,0.0003,0.8184,0.0002,0.8258,0.0003,0.1670,0.0030,0.3605,0.0087,0.2282,0.0045,0.5233,0.0023
heun,128,8,3,0.0154,0.0001,polar3,polar,15000,180000,0.9581,0.0019,0.9631,0.0019,0.9604,0.0020,0.9904,0.0009,0.6385,0.0051,0.7764,0.0035,0.8698,0.0022
heun,128,8,3,0.0154,0.0001,knn,knn,20000,240000,0.3340,0.0022,0.3389,0.0022,0.3353,0.0018,0.0342,0.0041,0.0174,0.0020,0.0231,0.0027,0.1810,0.0024
heun,128,8,3,0.0154,0.0001,altered_knn,altered_knn,20000,160000,0.5658,0.0473,0.5699,0.0499,0.6398,0.0199,0.0203,0.0013,0.3008,0.1175,0.0375,0.0011,0.3037,0.0255
heun,128,8,3,0.0154,0.0001,quadratic,quadratic,20000,240000,0.8491,0.0002,0.8568,0.0001,0.8593,0.0002,0.2573,0.0051,0.3547,0.0052,0.2983,0.0049,0.5775,0.0025
heun,128,8,3,0.0154,0.0001,polar3,polar,20000,240000,0.9591,0.0021,0.9640,0.0021,0.9613,0.0022,0.9900,0.0008,0.6450,0.0061,0.7811,0.0044,0.8725,0.0019
heun,128,16,3,0.0141,0.0004,knn,knn,2000,48000,0.2059,0.0004,0.2083,0.0004,0.2057,0.0003,0.0256,0.0010,0.0377,0.0009,0.0305,0.0009,0.1194,0.0005
heun,128,16,3,0.0141,0.0004,altered_knn,altered_knn,2000,32000,0.4509,0.0601,0.4535,0.0638,0.5069,0.0231,0.0179,0.0014,0.2749,0.2051,0.0281,0.0063,0.2408,0.0299
heun,128,16,3,0.0141,0.0004,quadratic,quadratic,2000,48000,0.3776,0.0005,0.3772,0.0005,0.4458,0.0009,0.0179,0.0005,0.4022,0.0026,0.0342,0.0010,0.2057,0.0004
heun,128,16,3,0.0141,0.0004,polar3,polar,2000,48000,0.8624,0.0034,0.8667,0.0037,0.8642,0.0033,0.9582,0.0075,0.5630,0.0174,0.7091,0.0137,0.7879,0.0063
heun,128,16,3,0.0141,0.0004,knn,knn,5000,120000,0.2161,0.0003,0.2187,0.0003,0.2160,0.0003,0.0253,0.0014,0.0338,0.0008,0.0289,0.0011,0.1238,0.0007
heun,128,16,3,0.0141,0.0004,altered_knn,altered_knn,5000,80000,0.5272,0.0188,0.5326,0.0203,0.5621,0.0042,0.0181,0.0005,0.1528,0.0793,0.0308,0.0027,0.2817,0.0091
heun,128,16,3,0.0141,0.0004,quadratic,quadratic,5000,120000,0.5463,0.0005,0.5494,0.0003,0.5869,0.0005,0.0327,0.0006,0.3254,0.0034,0.0595,0.0009,0.3045,0.0003
heun,128,16,3,0.0141,0.0004,polar3,polar,5000,120000,0.9123,0.0050,0.9163,0.0052,0.9141,0.0050,0.9753,0.0057,0.6335,0.0174,0.7679,0.0124,0.8421,0.0062
heun,128,16,3,0.0141,0.0004,knn,knn,10000,240000,0.2248,0.0002,0.2276,0.0002,0.2248,0.0002,0.0263,0.0007,0.0315,0.0007,0.0287,0.0003,0.1281,0.0001
heun,128,16,3,0.0141,0.0004,altered_knn,altered_knn,10000,160000,0.5238,0.0551,0.5281,0.0585,0.5744,0.0191,0.0194,0.0020,0.2306,0.1735,0.0335,0.0002,0.2808,0.0293
heun,128,16,3,0.0141,0.0004,quadratic,quadratic,10000,240000,0.7193,0.0005,0.7243,0.0006,0.7371,0.0004,0.1069,0.0022,0.3682,0.0021,0.1656,0.0025,0.4450,0.0015
heun,128,16,3,0.0141,0.0004,polar3,polar,10000,240000,0.9264,0.0025,0.9304,0.0024,0.9282,0.0024,0.9765,0.0061,0.6477,0.0178,0.7787,0.0124,0.8545,0.0069
heun,128,16,3,0.0141,0.0004,knn,knn,15000,360000,0.2292,0.0007,0.2321,0.0007,0.2293,0.0007,0.0263,0.0011,0.0298,0.0022,0.0279,0.0016,0.1300,0.0009
heun,128,16,3,0.0141,0.0004,altered_knn,altered_knn,15000,240000,0.5218,0.0518,0.5256,0.0550,0.5816,0.0155,0.0197,0.0035,0.2640,0.1650,0.0338,0.0015,0.2797,0.0280
heun,128,16,3,0.0141,0.0004,quadratic,quadratic,15000,360000,0.8077,0.0007,0.8140,0.0007,0.8150,0.0006,0.3130,0.0083,0.3727,0.0018,0.3402,0.0054,0.5771,0.0029
heun,128,16,3,0.0141,0.0004,polar3,polar,15000,360000,0.9334,0.0030,0.9373,0.0030,0.9351,0.0030,0.9747,0.0062,0.6608,0.0166,0.7875,0.0114,0.8624,0.0066
heun,128,16,3,0.0141,0.0004,knn,knn,20000,480000,0.2323,0.0010,0.2353,0.0010,0.2324,0.0010,0.0264,0.0009,0.0288,0.0020,0.0275,0.0014,0.1314,0.0008
heun,128,16,3,0.0141,0.0004,altered_knn,altered_knn,20000,320000,0.5825,0.0065,0.5892,0.0074,0.6089,0.0023,0.0213,0.0023,0.1154,0.0398,0.0347,0.0007,0.3119,0.0037
heun,128,16,3,0.0141,0.0004,quadratic,quadratic,20000,480000,0.8490,0.0003,0.8560,0.0003,0.8541,0.0003,0.5045,0.0068,0.3613,0.0052,0.4210,0.0032,0.6385,0.0015
heun,128,16,3,0.0141,0.0004,polar3,polar,20000,480000,0.9398,0.0034,0.9437,0.0033,0.9416,0.0033,0.9740,0.0063,0.6663,0.0170,0.7912,0.0116,0.8675,0.0070
heun,256,2,3,0.0225,0.0008,knn,knn,2000,6000,0.6181,0.0012,0.6323,0.0010,0.6236,0.0012,0.0550,0.0232,0.0031,0.0010,0.0058,0.0019,0.3191,0.0010
heun,256,2,3,0.0225,0.0008,altered_knn,altered_knn,2000,4000,0.6061,0.0969,0.6131,0.1026,0.6958,0.0610,0.0247,0.0003,0.2913,0.1549,0.0448,0.0022,0.3289,0.0502
heun,256,2,3,0.0225,0.0008,quadratic,quadratic,2000,6000,0.3835,0.0026,0.3853,0.0029,0.4492,0.0029,0.0228,0.0007,0.3053,0.0086,0.0424,0.0013,0.2139,0.0016
heun,256,2,3,0.0225,0.0008,polar3,polar,2000,6000,0.9193,0.0024,0.9339,0.0027,0.9282,0.0025,0.6115,0.0092,0.2877,0.0175,0.3909,0.0149,0.6624,0.0063
heun,256,2,3,0.0225,0.0008,knn,knn,5000,15000,0.6261,0.0016,0.6405,0.0014,0.6315,0.0014,0.0474,0.0136,0.0018,0.0003,0.0034,0.0006,0.3219,0.0004
heun,256,2,3,0.0225,0.0008,altered_knn,altered_knn,5000,10000,0.6952,0.0004,0.7075,0.0003,0.7583,0.0009,0.0234,0.0007,0.1600,0.0039,0.0409,0.0011,0.3742,0.0007
heun,256,2,3,0.0225,0.0008,quadratic,quadratic,5000,15000,0.3963,0.0013,0.3978,0.0012,0.4680,0.0019,0.0236,0.0011,0.3318,0.0066,0.0441,0.0020,0.2210,0.0016
heun,256,2,3,0.0225,0.0008,polar3,polar,5000,15000,0.9450,0.0005,0.9596,0.0011,0.9523,0.0007,0.9335,0.0127,0.3087,0.0167,0.4638,0.0198,0.7117,0.0098
heun,256,2,3,0.0225,0.0008,knn,knn,10000,30000,0.6330,0.0006,0.6475,0.0007,0.6386,0.0006,0.0428,0.0137,0.0016,0.0005,0.0031,0.0010,0.3253,0.0009
heun,256,2,3,0.0225,0.0008,altered_knn,altered_knn,10000,20000,0.5276,0.0018,0.5289,0.0021,0.6660,0.0016,0.0251,0.0006,0.4753,0.0099,0.0477,0.0011,0.2883,0.0012
heun,256,2,3,0.0225,0.0008,quadratic,quadratic,10000,30000,0.4154,0.0028,0.4170,0.0029,0.4959,0.0033,0.0231,0.0011,0.3431,0.0075,0.0433,0.0020,0.2302,0.0023
heun,256,2,3,0.0225,0.0008,polar3,polar,10000,30000,0.9564,0.0017,0.9706,0.0012,0.9633,0.0014,0.9925,0.0043,0.3384,0.0120,0.5046,0.0138,0.7376,0.0075
heun,256,2,3,0.0225,0.0008,knn,knn,15000,45000,0.6364,0.0021,0.6510,0.0018,0.6419,0.0017,0.0332,0.0174,0.0010,0.0006,0.0020,0.0011,0.3265,0.0007
heun,256,2,3,0.0225,0.0008,altered_knn,altered_knn,15000,30000,0.5381,0.0014,0.5399,0.0016,0.6756,0.0013,0.0248,0.0007,0.4588,0.0071,0.0471,0.0012,0.2935,0.0011
heun,256,2,3,0.0225,0.0008,quadratic,quadratic,15000,45000,0.4399,0.0027,0.4418,0.0026,0.5276,0.0032,0.0237,0.0016,0.3590,0.0127,0.0445,0.0028,0.2432,0.0027
heun,256,2,3,0.0225,0.0008,polar3,polar,15000,45000,0.9610,0.0007,0.9746,0.0010,0.9676,0.0008,0.9984,0.0014,0.3719,0.0065,0.5419,0.0071,0.7582,0.0030
heun,256,2,3,0.0225,0.0008,knn,knn,20000,60000,0.6387,0.0016,0.6534,0.0014,0.6442,0.0013,0.0212,0.0162,0.0006,0.0004,0.0011,0.0008,0.3273,0.0004
heun,256,2,3,0.0225,0.0008,altered_knn,altered_knn,20000,40000,0.5449,0.0017,0.5471,0.0020,0.6818,0.0014,0.0247,0.0010,0.4488,0.0091,0.0468,0.0018,0.2970,0.0014
heun,256,2,3,0.0225,0.0008,quadratic,quadratic,20000,60000,0.4701,0.0045,0.4728,0.0046,0.5649,0.0052,0.0233,0.0011,0.3533,0.0042,0.0437,0.0019,0.2582,0.0032
heun,256,2,3,0.0225,0.0008,polar3,polar,20000,60000,0.9645,0.0002,0.9775,0.0008,0.9708,0.0005,0.9981,0.0014,0.3983,0.0086,0.5694,0.0089,0.7734,0.0041
heun,256,4,3,0.0191,0.0004,knn,knn,2000,12000,0.3962,0.0012,0.4037,0.0011,0.3986,0.0010,0.0275,0.0024,0.0076,0.0004,0.0119,0.0008,0.2078,0.0009
heun,256,4,3,0.0191,0.0004,altered_knn,altered_knn,2000,8000,0.5421,0.0213,0.5492,0.0226,0.5902,0.0085,0.0215,0.0004,0.1773,0.0548,0.0379,0.0024,0.2935,0.0101
heun,256,4,3,0.0191,0.0004,quadratic,quadratic,2000,12000,0.2133,0.0007,0.2091,0.0008,0.2650,0.0009,0.0189,0.0002,0.4299,0.0035,0.0363,0.0004,0.1227,0.0002
heun,256,4,3,0.0191,0.0004,polar3,polar,2000,12000,0.8931,0.0033,0.9047,0.0031,0.8987,0.0032,0.9355,0.0092,0.2955,0.0028,0.4491,0.0043,0.6769,0.0037
heun,256,4,3,0.0191,0.0004,knn,knn,5000,30000,0.4066,0.0005,0.4143,0.0007,0.4090,0.0008,0.0351,0.0035,0.0080,0.0007,0.0131,0.0012,0.2137,0.0008
heun,256,4,3,0.0191,0.0004,altered_knn,altered_knn,5000,20000,0.4892,0.0177,0.4917,0.0189,0.5831,0.0077,0.0210,0.0007,0.3613,0.0426,0.0397,0.0011,0.2657,0.0096
heun,256,4,3,0.0191,0.0004,quadratic,quadratic,5000,30000,0.2765,0.0016,0.2741,0.0015,0.3361,0.0018,0.0199,0.0001,0.3974,0.0096,0.0379,0.0002,0.1560,0.0008
heun,256,4,3,0.0191,0.0004,polar3,polar,5000,30000,0.9256,0.0023,0.9363,0.0020,0.9306,0.0021,0.9947,0.0018,0.3762,0.0097,0.5459,0.0105,0.7411,0.0062
heun,256,4,3,0.0191,0.0004,knn,knn,10000,60000,0.4148,0.0023,0.4227,0.0023,0.4171,0.0024,0.0343,0.0029,0.0069,0.0009,0.0115,0.0014,0.2171,0.0018
heun,256,4,3,0.0191,0.0004,altered_knn,altered_knn,10000,40000,0.5852,0.0369,0.5933,0.0395,0.6341,0.0146,0.0220,0.0012,0.1673,0.0860,0.0375,0.0007,0.3154,0.0195
heun,256,4,3,0.0191,0.0004,quadratic,quadratic,10000,60000,0.3454,0.0008,0.3447,0.0007,0.4155,0.0012,0.0204,0.0003,0.3783,0.0041,0.0387,0.0005,0.1917,0.0001
heun,256,4,3,0.0191,0.0004,polar3,polar,10000,60000,0.9460,0.0036,0.9552,0.0034,0.9504,0.0035,0.9978,0.0008,0.4735,0.0075,0.6422,0.0070,0.7987,0.0050
heun,256,4,3,0.0191,0.0004,knn,knn,15000,90000,0.4191,0.0021,0.4271,0.0021,0.4215,0.0021,0.0263,0.0061,0.0047,0.0010,0.0080,0.0017,0.2176,0.0014
heun,256,4,3,0.0191,0.0004,altered_knn,altered_knn,15000,60000,0.5485,0.0460,0.5537,0.0492,0.6262,0.0182,0.0214,0.0007,0.2798,0.1130,0.0390,0.0017,0.2964,0.0240
heun,256,4,3,0.0191,0.0004,quadratic,quadratic,15000,90000,0.4194,0.0024,0.4207,0.0023,0.4961,0.0021,0.0210,0.0010,0.3497,0.0101,0.0397,0.0018,0.2302,0.0016
heun,256,4,3,0.0191,0.0004,polar3,polar,15000,90000,0.9575,0.0014,0.9658,0.0011,0.9615,0.0013,0.9962,0.0013,0.5309,0.0054,0.6927,0.0043,0.8293,0.0027
heun,256,4,3,0.0191,0.0004,knn,knn,20000,120000,0.4222,0.0009,0.4303,0.0008,0.4246,0.0010,0.0326,0.0030,0.0057,0.0008,0.0097,0.0013,0.2200,0.0010
heun,256,4,3,0.0191,0.0004,altered_knn,altered_knn,20000,80000,0.5472,0.0367,0.5521,0.0392,0.6294,0.0141,0.0218,0.0007,0.2988,0.0910,0.0403,0.0007,0.2962,0.0197
heun,256,4,3,0.0191,0.0004,quadratic,quadratic,20000,120000,0.4812,0.0009,0.4840,0.0009,0.5592,0.0008,0.0228,0.0004,0.3374,0.0041,0.0426,0.0007,0.2633,0.0008
heun,256,4,3,0.0191,0.0004,polar3,polar,20000,120000,0.9614,0.0013,0.9690,0.0012,0.9650,0.0013,0.9969,0.0002,0.5679,0.0064,0.7235,0.0051,0.8463,0.0030
heun,256,8,3,0.0180,0.0005,knn,knn,2000,24000,0.2535,0.0013,0.2578,0.0012,0.2539,0.0013,0.0261,0.0021,0.0198,0.0009,0.0225,0.0013,0.1401,0.0002
heun,256,8,3,0.0180,0.0005,altered_knn,altered_knn,2000,16000,0.4384,0.0647,0.4429,0.0700,0.4758,0.0233,0.0218,0.0020,0.1820,0.2213,0.0270,0.0097,0.2350,0.0308
heun,256,8,3,0.0180,0.0005,quadratic,quadratic,2000,24000,0.1663,0.0002,0.1597,0.0004,0.2138,0.0007,0.0183,0.0007,0.5219,0.0040,0.0353,0.0013,0.0975,0.0004
heun,256,8,3,0.0180,0.0005,polar3,polar,2000,24000,0.8741,0.0029,0.8831,0.0025,0.8781,0.0027,0.9787,0.0030,0.3832,0.0081,0.5507,0.0085,0.7169,0.0055
heun,256,8,3,0.0180,0.0005,knn,knn,5000,60000,0.2626,0.0006,0.2671,0.0007,0.2631,0.0007,0.0292,0.0031,0.0191,0.0021,0.0230,0.0024,0.1451,0.0009
heun,256,8,3,0.0180,0.0005,altered_knn,altered_knn,5000,40000,0.4840,0.0374,0.4903,0.0405,0.5146,0.0126,0.0210,0.0009,0.1369,0.1316,0.0283,0.0129,0.2593,0.0161
heun,256,8,3,0.0180,0.0005,quadratic,quadratic,5000,60000,0.2610,0.0004,0.2574,0.0005,0.3247,0.0007,0.0193,0.0004,0.4541,0.0073,0.0369,0.0008,0.1472,0.0003
heun,256,8,3,0.0180,0.0005,polar3,polar,5000,60000,0.9177,0.0020,0.9255,0.0021,0.9212,0.0021,0.9956,0.0006,0.4934,0.0038,0.6598,0.0035,0.7926,0.0021
heun,256,8,3,0.0180,0.0005,knn,knn,10000,120000,0.2705,0.0005,0.2752,0.0005,0.2710,0.0005,0.0286,0.0018,0.0168,0.0017,0.0211,0.0018,0.1482,0.0007
heun,256,8,3,0.0180,0.0005,altered_knn,altered_knn,10000,80000,0.4955,0.0262,0.5015,0.0282,0.5348,0.0090,0.0213,0.0014,0.1684,0.0788,0.0369,0.0020,0.2692,0.0140
heun,256,8,3,0.0180,0.0005,quadratic,quadratic,10000,120000,0.3739,0.0008,0.3738,0.0008,0.4449,0.0007,0.0206,0.0007,0.3786,0.0047,0.0390,0.0013,0.2064,0.0010
heun,256,8,3,0.0180,0.0005,polar3,polar,10000,120000,0.9424,0.0016,0.9491,0.0019,0.9454,0.0017,0.9957,0.0008,0.5756,0.0059,0.7295,0.0046,0.8393,0.0014
heun,256,8,3,0.0180,0.0005,knn,knn,15000,180000,0.2740,0.0005,0.2788,0.0004,0.2746,0.0006,0.0261,0.0019,0.0142,0.0007,0.0184,0.0010,0.1486,0.0003
heun,256,8,3,0.0180,0.0005,altered_knn,altered_knn,15000,120000,0.5140,0.0329,0.5208,0.0354,0.5484,0.0108,0.0213,0.0005,0.1432,0.1075,0.0349,0.0042,0.2779,0.0156
heun,256,8,3,0.0180,0.0005,quadratic,quadratic,15000,180000,0.4482,0.0008,0.4501,0.0008,0.5169,0.0011,0.0226,0.0009,0.3405,0.0045,0.0424,0.0015,0.2463,0.0011
heun,256,8,3,0.0180,0.0005,polar3,polar,15000,180000,0.9527,0.0005,0.9593,0.0004,0.9557,0.0004,0.9966,0.0007,0.5945,0.0063,0.7447,0.0048,0.8520,0.0024
heun,256,8,3,0.0180,0.0005,knn,knn,20000,240000,0.2774,0.0004,0.2822,0.0006,0.2778,0.0004,0.0250,0.0028,0.0131,0.0020,0.0172,0.0024,0.1497,0.0010
heun,256,8,3,0.0180,0.0005,altered_knn,altered_knn,20000,160000,0.5146,0.0277,0.5210,0.0298,0.5542,0.0088,0.0210,0.0007,0.1626,0.0905,0.0362,0.0031,0.2786,0.0134
heun,256,8,3,0.0180,0.0005,quadratic,quadratic,20000,240000,0.4971,0.0008,0.5003,0.0008,0.5606,0.0009,0.0255,0.0011,0.3243,0.0060,0.0472,0.0020,0.2737,0.0014
heun,256,8,3,0.0180,0.0005,polar3,polar,20000,240000,0.9564,0.0014,0.9629,0.0014,0.9594,0.0014,0.9955,0.0014,0.6056,0.0072,0.7530,0.0058,0.8580,0.0030
heun,256,16,3,0.0163,0.0004,knn,knn,2000,48000,0.1616,0.0006,0.1637,0.0005,0.1613,0.0004,0.0221,0.0004,0.0354,0.0006,0.0272,0.0004,0.0955,0.0003
heun,256,16,3,0.0163,0.0004,altered_knn,altered_knn,2000,32000,0.3683,0.0238,0.3711,0.0264,0.4034,0.0027,0.0184,0.0001,0.1990,0.1305,0.0316,0.0041,0.2014,0.0114
heun,256,16,3,0.0163,0.0004,quadratic,quadratic,2000,48000,0.1616,0.0005,0.1540,0.0006,0.2191,0.0008,0.0169,0.0003,0.6200,0.0035,0.0329,0.0006,0.0934,0.0003
heun,256,16,3,0.0163,0.0004,polar3,polar,2000,48000,0.8357,0.0051,0.8417,0.0053,0.8378,0.0052,0.9760,0.0030,0.4793,0.0079,0.6429,0.0067,0.7423,0.0038
heun,256,16,3,0.0163,0.0004,knn,knn,5000,120000,0.1691,0.0003,0.1714,0.0003,0.1688,0.0002,0.0221,0.0015,0.0313,0.0023,0.0259,0.0017,0.0987,0.0010
heun,256,16,3,0.0163,0.0004,altered_knn,altered_knn,5000,80000,0.4153,0.0096,0.4202,0.0106,0.4383,0.0003,0.0188,0.0004,0.1148,0.0550,0.0308,0.0044,0.2255,0.0031
heun,256,16,3,0.0163,0.0004,quadratic,quadratic,5000,120000,0.2923,0.0003,0.2889,0.0002,0.3704,0.0004,0.0182,0.0004,0.4991,0.0013,0.0350,0.0008,0.1620,0.0005
heun,256,16,3,0.0163,0.0004,polar3,polar,5000,120000,0.8920,0.0027,0.8969,0.0029,0.8939,0.0027,0.9904,0.0022,0.5979,0.0066,0.7457,0.0049,0.8213,0.0022
heun,256,16,3,0.0163,0.0004,knn,knn,10000,240000,0.1748,0.0005,0.1772,0.0005,0.1745,0.0004,0.0222,0.0006,0.0284,0.0016,0.0249,0.0010,0.1011,0.0007
heun,256,16,3,0.0163,0.0004,altered_knn,altered_knn,10000,160000,0.4255,0.0361,0.4301,0.0393,0.4551,0.0070,0.0192,0.0003,0.1447,0.1584,0.0282,0.0054,0.2292,0.0170
heun,256,16,3,0.0163,0.0004,quadratic,quadratic,10000,240000,0.4068,0.0004,0.4071,0.0004,0.4769,0.0006,0.0208,0.0004,0.3868,0.0018,0.0394,0.0008,0.2232,0.0006
heun,256,16,3,0.0163,0.0004,polar3,polar,10000,240000,0.9166,0.0054,0.9213,0.0057,0.9184,0.0056,0.9921,0.0019,0.6322,0.0114,0.7722,0.0080,0.8468,0.0035
heun,256,16,3,0.0163,0.0004,knn,knn,15000,360000,0.1784,0.0002,0.1809,0.0002,0.1780,0.0001,0.0231,0.0005,0.0286,0.0007,0.0255,0.0005,0.1032,0.0003
heun,256,16,3,0.0163,0.0004,altered_knn,altered_knn,15000,240000,0.4171,0.0469,0.4201,0.0506,0.4626,0.0176,0.0210,0.0030,0.2326,0.1773,0.0286,0.0099,0.2244,0.0218
heun,256,16,3,0.0163,0.0004,quadratic,quadratic,15000,360000,0.4615,0.0002,0.4636,0.0001,0.5196,0.0001,0.0240,0.0004,0.3362,0.0040,0.0449,0.0006,0.2542,0.0003
heun,256,16,3,0.0163,0.0004,polar3,polar,15000,360000,0.9165,0.0040,0.9209,0.0040,0.9183,0.0040,0.9899,0.0026,0.6526,0.0100,0.7865,0.0067,0.8537,0.0043
heun,256,16,3,0.0163,0.0004,knn,knn,20000,480000,0.1806,0.0006,0.1831,0.0006,0.1802,0.0007,0.0238,0.0013,0.0280,0.0010,0.0257,0.0012,0.1044,0.0005
heun,256,16,3,0.0163,0.0004,altered_knn,altered_knn,20000,320000,0.3622,0.0333,0.3608,0.0353,0.4459,0.0207,0.0185,0.0002,0.4484,0.0874,0.0355,0.0005,0.1981,0.0175
heun,256,16,3,0.0163,0.0004,quadratic,quadratic,20000,480000,0.5028,0.0002,0.5060,0.0003,0.5496,0.0005,0.0296,0.0005,0.3125,0.0016,0.0540,0.0008,0.2800,0.0005
heun,256,16,3,0.0163,0.0004,polar3,polar,20000,480000,0.9269,0.0015,0.9314,0.0016,0.9288,0.0015,0.9887,0.0029,0.6617,0.0102,0.7927,0.0066,0.8621,0.0031
heun,512,2,3,0.0299,0.0013,knn,knn,2000,6000,0.5870,0.0010,0.6050,0.0005,0.5938,0.0005,0.0753,0.0191,0.0037,0.0007,0.0071,0.0014,0.3060,0.0008
heun,512,2,3,0.0299,0.0013,altered_knn,altered_knn,2000,4000,0.6218,0.0033,0.6350,0.0031,0.6899,0.0030,0.0313,0.0023,0.1928,0.0076,0.0539,0.0036,0.3445,0.0005
heun,512,2,3,0.0299,0.0013,quadratic,quadratic,2000,6000,0.3734,0.0017,0.3756,0.0017,0.4341,0.0019,0.0311,0.0012,0.3028,0.0050,0.0564,0.0020,0.2160,0.0002
heun,512,2,3,0.0299,0.0013,polar3,polar,2000,6000,0.8848,0.0015,0.9042,0.0018,0.8973,0.0014,0.5051,0.0091,0.2570,0.0169,0.3403,0.0157,0.6222,0.0077
heun,512,2,3,0.0299,0.0013,knn,knn,5000,15000,0.5953,0.0007,0.6136,0.0010,0.6018,0.0013,0.0238,0.0169,0.0009,0.0006,0.0018,0.0012,0.3077,0.0003
heun,512,2,3,0.0299,0.0013,altered_knn,altered_knn,5000,10000,0.6418,0.0026,0.6555,0.0020,0.7091,0.0021,0.0332,0.0013,0.1957,0.0033,0.0567,0.0019,0.3561,0.0004
heun,512,2,3,0.0299,0.0013,quadratic,quadratic,5000,15000,0.3770,0.0009,0.3790,0.0010,0.4417,0.0012,0.0304,0.0013,0.3108,0.0006,0.0555,0.0021,0.2172,0.0014
heun,512,2,3,0.0299,0.0013,polar3,polar,5000,15000,0.9270,0.0034,0.9475,0.0023,0.9374,0.0029,0.8589,0.0093,0.2613,0.0105,0.4005,0.0117,0.6740,0.0069
heun,512,2,3,0.0299,0.0013,knn,knn,10000,30000,0.6010,0.0021,0.6195,0.0014,0.6076,0.0016,0.0492,0.0190,0.0015,0.0007,0.0029,0.0014,0.3112,0.0012
heun,512,2,3,0.0299,0.0013,altered_knn,altered_knn,10000,20000,0.5892,0.0934,0.5983,0.1011,0.6799,0.0600,0.0319,0.0010,0.2936,0.1555,0.0563,0.0027,0.3273,0.0494
heun,512,2,3,0.0299,0.0013,quadratic,quadratic,10000,30000,0.3851,0.0020,0.3873,0.0019,0.4542,0.0021,0.0297,0.0007,0.3137,0.0061,0.0542,0.0011,0.2207,0.0010
heun,512,2,3,0.0299,0.0013,polar3,polar,10000,30000,0.9434,0.0019,0.9642,0.0007,0.9535,0.0013,0.9850,0.0047,0.2703,0.0191,0.4239,0.0235,0.6940,0.0119
heun,512,2,3,0.0299,0.0013,knn,knn,15000,45000,0.6032,0.0034,0.6218,0.0029,0.6100,0.0029,0.0316,0.0011,0.0010,0.0000,0.0019,0.0001,0.3119,0.0015
heun,512,2,3,0.0299,0.0013,altered_knn,altered_knn,15000,30000,0.5973,0.0903,0.6071,0.0983,0.6878,0.0564,0.0318,0.0006,0.2905,0.1626,0.0558,0.0019,0.3315,0.0482
heun,512,2,3,0.0299,0.0013,quadratic,quadratic,15000,45000,0.3880,0.0014,0.3898,0.0016,0.4614,0.0017,0.0297,0.0017,0.3282,0.0059,0.0544,0.0030,0.2221,0.0014
heun,512,2,3,0.0299,0.0013,polar3,polar,15000,45000,0.9467,0.0021,0.9669,0.0015,0.9564,0.0017,0.9921,0.0024,0.2935,0.0145,0.4527,0.0171,0.7098,0.0087
heun,512,2,3,0.0299,0.0013,knn,knn,20000,60000,0.6044,0.0025,0.6230,0.0021,0.6115,0.0019,0.0436,0.0060,0.0015,0.0002,0.0028,0.0004,0.3129,0.0011
heun,512,2,3,0.0299,0.0013,altered_knn,altered_knn,20000,40000,0.4740,0.0022,0.4729,0.0023,0.6125,0.0026,0.0323,0.0010,0.5093,0.0053,0.0607,0.0018,0.2668,0.0007
heun,512,2,3,0.0299,0.0013,quadratic,quadratic,20000,60000,0.3927,0.0012,0.3942,0.0012,0.4689,0.0010,0.0304,0.0016,0.3439,0.0038,0.0558,0.0027,0.2250,0.0018
heun,512,2,3,0.0299,0.0013,polar3,polar,20000,60000,0.9526,0.0012,0.9723,0.0015,0.9621,0.0011,0.9965,0.0021,0.3171,0.0198,0.4807,0.0226,0.7265,0.0108
heun,512,4,3,0.0256,0.0020,knn,knn,2000,12000,0.3556,0.0010,0.3647,0.0014,0.3583,0.0014,0.0373,0.0050,0.0108,0.0013,0.0167,0.0019,0.1907,0.0006
heun,512,4,3,0.0256,0.0020,altered_knn,altered_knn,2000,8000,0.4024,0.0537,0.4034,0.0590,0.4795,0.0312,0.0270,0.0025,0.3647,0.1396,0.0496,0.0049,0.2265,0.0283
heun,512,4,3,0.0256,0.0020,quadratic,quadratic,2000,12000,0.1405,0.0020,0.1284,0.0011,0.1820,0.0013,0.0257,0.0021,0.6019,0.0012,0.0493,0.0038,0.0889,0.0024
heun,512,4,3,0.0256,0.0020,polar3,polar,2000,12000,0.8544,0.0022,0.8697,0.0009,0.8620,0.0017,0.8405,0.0201,0.2733,0.0093,0.4122,0.0081,0.6410,0.0044
heun,512,4,3,0.0256,0.0020,knn,knn,5000,30000,0.3641,0.0010,0.3735,0.0005,0.3669,0.0011,0.0281,0.0034,0.0071,0.0010,0.0113,0.0015,0.1924,0.0005
heun,512,4,3,0.0256,0.0020,altered_knn,altered_knn,5000,20000,0.4985,0.0199,0.5068,0.0212,0.5447,0.0093,0.0277,0.0025,0.1775,0.0529,0.0476,0.0053,0.2772,0.0083
heun,512,4,3,0.0256,0.0020,quadratic,quadratic,5000,30000,0.1852,0.0012,0.1767,0.0006,0.2348,0.0007,0.0258,0.0025,0.5099,0.0099,0.0490,0.0045,0.1129,0.0024
heun,512,4,3,0.0256,0.0020,polar3,polar,5000,30000,0.8995,0.0014,0.9159,0.0003,0.9072,0.0007,0.9880,0.0057,0.2755,0.0166,0.4306,0.0196,0.6733,0.0096
heun,512,4,3,0.0256,0.0020,knn,knn,10000,60000,0.3713,0.0009,0.3809,0.0011,0.3743,0.0006,0.0312,0.0043,0.0065,0.0004,0.0107,0.0008,0.1958,0.0006
heun,512,4,3,0.0256,0.0020,altered_knn,altered_knn,10000,40000,0.4027,0.0145,0.4013,0.0157,0.5034,0.0095,0.0277,0.0023,0.4559,0.0306,0.0522,0.0041,0.2267,0.0077
heun,512,4,3,0.0256,0.0020,quadratic,quadratic,10000,60000,0.2298,0.0006,0.2239,0.0010,0.2857,0.0012,0.0259,0.0022,0.4515,0.0045,0.0490,0.0040,0.1365,0.0016
heun,512,4,3,0.0256,0.0020,polar3,polar,10000,60000,0.9253,0.0023,0.9405,0.0007,0.9325,0.0015,0.9946,0.0038,0.3472,0.0297,0.5140,0.0317,0.7272,0.0160
heun,512,4,3,0.0256,0.0020,knn,knn,15000,90000,0.3738,0.0010,0.3835,0.0009,0.3765,0.0007,0.0267,0.0076,0.0052,0.0012,0.0087,0.0021,0.1961,0.0013
heun,512,4,3,0.0256,0.0020,altered_knn,altered_knn,15000,60000,0.4713,0.0617,0.4762,0.0679,0.5410,0.0285,0.0289,0.0039,0.2916,0.1568,0.0487,0.0036,0.2625,0.0330
heun,512,4,3,0.0256,0.0020,quadratic,quadratic,15000,90000,0.2578,0.0011,0.2532,0.0011,0.3179,0.0013,0.0262,0.0025,0.4310,0.0082,0.0494,0.0044,0.1513,0.0022
heun,512,4,3,0.0256,0.0020,polar3,polar,15000,90000,0.9370,0.0007,0.9512,0.0025,0.9437,0.0015,0.9964,0.0034,0.4014,0.0311,0.5715,0.0307,0.7613,0.0141
heun,512,4,3,0.0256,0.0020,knn,knn,20000,120000,0.3770,0.0007,0.3867,0.0014,0.3799,0.0008,0.0340,0.0066,0.0067,0.0013,0.0111,0.0021,0.1989,0.0013
heun,512,4,3,0.0256,0.0020,altered_knn,altered_knn,20000,80000,0.4624,0.0728,0.4653,0.0790,0.5393,0.0342,0.0282,0.0019,0.3321,0.1863,0.0494,0.0085,0.2573,0.0354
heun,512,4,3,0.0256,0.0020,quadratic,quadratic,20000,120000,0.2802,0.0012,0.2765,0.0013,0.3450,0.0015,0.0262,0.0019,0.4229,0.0035,0.0494,0.0034,0.1630,0.0018
heun,512,4,3,0.0256,0.0020,polar3,polar,20000,120000,0.9462,0.0040,0.9595,0.0021,0.9525,0.0031,0.9952,0.0043,0.4438,0.0367,0.6129,0.0337,0.7862,0.0179
heun,512,8,3,0.0222,0.0006,knn,knn,2000,24000,0.2157,0.0007,0.2202,0.0008,0.2158,0.0007,0.0302,0.0011,0.0199,0.0009,0.0240,0.0009,0.1221,0.0005
heun,512,8,3,0.0222,0.0006,altered_knn,altered_knn,2000,16000,0.3415,0.0447,0.3436,0.0491,0.3826,0.0245,0.0238,0.0012,0.2493,0.1514,0.0421,0.0020,0.1929,0.0241
heun,512,8,3,0.0222,0.0006,quadratic,quadratic,2000,24000,0.0760,0.0004,0.0606,0.0003,0.0962,0.0005,0.0224,0.0006,0.7542,0.0016,0.0435,0.0012,0.0521,0.0005
heun,512,8,3,0.0222,0.0006,polar3,polar,2000,24000,0.8313,0.0037,0.8432,0.0034,0.8366,0.0037,0.9466,0.0055,0.3077,0.0065,0.4643,0.0074,0.6538,0.0042
heun,512,8,3,0.0222,0.0006,knn,knn,5000,60000,0.2216,0.0008,0.2262,0.0006,0.2223,0.0007,0.0264,0.0022,0.0190,0.0022,0.0221,0.0023,0.1242,0.0014
heun,512,8,3,0.0222,0.0006,altered_knn,altered_knn,5000,40000,0.3666,0.0535,0.3697,0.0590,0.4074,0.0255,0.0241,0.0015,0.2310,0.1886,0.0401,0.0031,0.2049,0.0281
heun,512,8,3,0.0222,0.0006,quadratic,quadratic,5000,60000,0.1297,0.0006,0.1183,0.0008,0.1704,0.0010,0.0225,0.0006,0.6291,0.0034,0.0435,0.0012,0.0809,0.0004
heun,512,8,3,0.0222,0.0006,polar3,polar,5000,60000,0.8830,0.0032,0.8939,0.0034,0.8878,0.0034,0.9919,0.0016,0.4022,0.0118,0.5722,0.0116,0.7331,0.0063
heun,512,8,3,0.0222,0.0006,knn,knn,10000,120000,0.2274,0.0010,0.2321,0.0009,0.2279,0.0009,0.0303,0.0009,0.0198,0.0010,0.0240,0.0009,0.1280,0.0006
heun,512,8,3,0.0222,0.0006,altered_knn,altered_knn,10000,80000,0.3398,0.0319,0.3388,0.0352,0.4071,0.0159,0.0240,0.0007,0.3873,0.1133,0.0449,0.0007,0.1918,0.0176
heun,512,8,3,0.0222,0.0006,quadratic,quadratic,10000,120000,0.1908,0.0002,0.1827,0.0000,0.2466,0.0001,0.0230,0.0005,0.5478,0.0016,0.0441,0.0010,0.1134,0.0005
heun,512,8,3,0.0222,0.0006,polar3,polar,10000,120000,0.9206,0.0016,0.9302,0.0018,0.9249,0.0017,0.9941,0.0022,0.4963,0.0120,0.6620,0.0102,0.7961,0.0045
heun,512,8,3,0.0222,0.0006,knn,knn,15000,180000,0.2304,0.0005,0.2352,0.0004,0.2310,0.0003,0.0287,0.0012,0.0174,0.0008,0.0217,0.0009,0.1284,0.0005
heun,512,8,3,0.0222,0.0006,altered_knn,altered_knn,15000,120000,0.3544,0.0352,0.3543,0.0387,0.4203,0.0165,0.0241,0.0009,0.3642,0.1180,0.0448,0.0003,0.1995,0.0195
heun,512,8,3,0.0222,0.0006,quadratic,quadratic,15000,180000,0.2406,0.0008,0.2352,0.0006,0.3032,0.0007,0.0229,0.0009,0.4769,0.0045,0.0438,0.0016,0.1395,0.0010
heun,512,8,3,0.0222,0.0006,polar3,polar,15000,180000,0.9318,0.0009,0.9408,0.0010,0.9359,0.0009,0.9928,0.0017,0.5342,0.0117,0.6946,0.0094,0.8177,0.0044
heun,512,8,3,0.0222,0.0006,knn,knn,20000,240000,0.2322,0.0011,0.2371,0.0010,0.2329,0.0008,0.0285,0.0007,0.0176,0.0001,0.0218,0.0003,0.1294,0.0004
heun,512,8,3,0.0222,0.0006,altered_knn,altered_knn,20000,160000,0.3594,0.0334,0.3591,0.0366,0.4274,0.0154,0.0241,0.0008,0.3687,0.1105,0.0449,0.0020,0.2020,0.0178
heun,512,8,3,0.0222,0.0006,quadratic,quadratic,20000,240000,0.2734,0.0000,0.2690,0.0001,0.3427,0.0002,0.0233,0.0005,0.4643,0.0066,0.0443,0.0009,0.1567,0.0004
heun,512,8,3,0.0222,0.0006,polar3,polar,20000,240000,0.9380,0.0010,0.9468,0.0006,0.9420,0.0009,0.9918,0.0021,0.5516,0.0110,0.7088,0.0085,0.8278,0.0045
heun,512,16,3,0.0240,0.0002,knn,knn,2000,48000,0.1300,0.0000,0.1323,0.0001,0.1297,0.0001,0.0277,0.0002,0.0357,0.0038,0.0311,0.0013,0.0817,0.0006
heun,512,16,3,0.0240,0.0002,altered_knn,altered_knn,2000,32000,0.2220,0.0079,0.2147,0.0088,0.2780,0.0061,0.0265,0.0003,0.5213,0.0331,0.0505,0.0005,0.1326,0.0045
heun,512,16,3,0.0240,0.0002,quadratic,quadratic,2000,48000,0.0554,0.0009,0.0357,0.0008,0.0619,0.0012,0.0241,0.0003,0.8574,0.0019,0.0470,0.0005,0.0413,0.0006
heun,512,16,3,0.0240,0.0002,polar3,polar,2000,48000,0.7941,0.0013,0.8067,0.0014,0.8002,0.0014,0.7670,0.0350,0.2816,0.0152,0.4120,0.0211,0.6093,0.0105
heun,512,16,3,0.0240,0.0002,knn,knn,5000,120000,0.1354,0.0002,0.1379,0.0002,0.1349,0.0001,0.0277,0.0011,0.0321,0.0017,0.0297,0.0010,0.0838,0.0006
heun,512,16,3,0.0240,0.0002,altered_knn,altered_knn,5000,80000,0.2904,0.0249,0.2914,0.0297,0.3219,0.0040,0.0289,0.0018,0.2504,0.1733,0.0437,0.0108,0.1675,0.0103
heun,512,16,3,0.0240,0.0002,quadratic,quadratic,5000,120000,0.1185,0.0008,0.1036,0.0008,0.1596,0.0009,0.0246,0.0002,0.7280,0.0021,0.0476,0.0004,0.0756,0.0006
heun,512,16,3,0.0240,0.0002,polar3,polar,5000,120000,0.8475,0.0033,0.8596,0.0029,0.8531,0.0031,0.8001,0.0385,0.3551,0.0195,0.4919,0.0259,0.6757,0.0143
heun,512,16,3,0.0240,0.0002,knn,knn,10000,240000,0.1396,0.0003,0.1423,0.0004,0.1393,0.0004,0.0286,0.0006,0.0295,0.0026,0.0290,0.0009,0.0856,0.0004
heun,512,16,3,0.0240,0.0002,altered_knn,altered_knn,10000,160000,0.2807,0.0063,0.2767,0.0073,0.3369,0.0031,0.0283,0.0003,0.4429,0.0359,0.0532,0.0007,0.1650,0.0034
heun,512,16,3,0.0240,0.0002,quadratic,quadratic,10000,240000,0.2093,0.0013,0.2004,0.0013,0.2715,0.0014,0.0257,0.0002,0.5728,0.0017,0.0491,0.0004,0.1248,0.0007
heun,512,16,3,0.0240,0.0002,polar3,polar,10000,240000,0.8737,0.0053,0.8858,0.0050,0.8798,0.0052,0.7777,0.0372,0.3810,0.0224,0.5114,0.0280,0.6986,0.0154
heun,512,16,3,0.0240,0.0002,knn,knn,15000,360000,0.1419,0.0005,0.1447,0.0006,0.1416,0.0004,0.0267,0.0009,0.0266,0.0038,0.0265,0.0021,0.0856,0.0007
heun,512,16,3,0.0240,0.0002,altered_knn,altered_knn,15000,240000,0.2951,0.0411,0.2938,0.0477,0.3401,0.0149,0.0301,0.0035,0.3495,0.2321,0.0445,0.0112,0.1691,0.0187
heun,512,16,3,0.0240,0.0002,quadratic,quadratic,15000,360000,0.2598,0.0012,0.2528,0.0011,0.3333,0.0009,0.0264,0.0003,0.5454,0.0014,0.0503,0.0006,0.1515,0.0009
heun,512,16,3,0.0240,0.0002,polar3,polar,15000,360000,0.8897,0.0090,0.9019,0.0091,0.8965,0.0091,0.7629,0.0364,0.3920,0.0209,0.5179,0.0265,0.7099,0.0141
heun,512,16,3,0.0240,0.0002,knn,knn,20000,480000,0.1432,0.0002,0.1461,0.0002,0.1428,0.0002,0.0272,0.0008,0.0261,0.0024,0.0266,0.0009,0.0863,0.0005
heun,512,16,3,0.0240,0.0002,altered_knn,altered_knn,20000,320000,0.3228,0.0443,0.3254,0.0512,0.3512,0.0157,0.0315,0.0026,0.2183,0.2392,0.0422,0.0114,0.1838,0.0219
heun,512,16,3,0.0240,0.0002,quadratic,quadratic,20000,480000,0.3004,0.0011,0.2952,0.0011,0.3783,0.0009,0.0272,0.0003,0.5139,0.0006,0.0516,0.0005,0.1734,0.0008
heun,512,16,3,0.0240,0.0002,polar3,polar,20000,480000,0.8958,0.0064,0.9081,0.0061,0.9027,0.0061,0.7562,0.0374,0.3978,0.0212,0.5213,0.0269,0.7147,0.0156
