sampler,d,K,n_seeds,hall_gt,hall_gt_std,model,arch,n_per_mode,n_anchors,full_acc,full_acc_std,mode_acc,mode_acc_std,mode_f1,mode_f1_std,hall_prec,hall_prec_std,hall_rec,hall_rec_std,hall_f1,hall_f1_std,balanced,balanced_std
heun,2,2,3,0.0107,0.0005,knn,knn,2000,6000,0.9840,0.0011,0.9866,0.0010,0.9913,0.0006,0.3980,0.0207,0.7398,0.0174,0.5175,0.0215,0.7521,0.0111
heun,2,2,3,0.0107,0.0005,altered_knn,altered_knn,2000,4000,0.9607,0.0092,0.9681,0.0100,0.9792,0.0039,0.0907,0.0091,0.2736,0.0954,0.1316,0.0177,0.5498,0.0068
heun,2,2,3,0.0107,0.0005,quadratic,quadratic,2000,6000,0.9880,0.0011,0.9924,0.0007,0.9924,0.0008,0.5768,0.0308,0.5785,0.0226,0.5775,0.0253,0.7849,0.0129
heun,2,2,3,0.0107,0.0005,polar3,polar,2000,6000,0.9954,0.0014,0.9964,0.0012,0.9975,0.0009,0.7464,0.0518,0.9007,0.0246,0.8159,0.0405,0.9061,0.0208
heun,2,2,3,0.0107,0.0005,knn,knn,5000,15000,0.9903,0.0012,0.9921,0.0009,0.9949,0.0007,0.5428,0.0397,0.8205,0.0314,0.6531,0.0384,0.8226,0.0196
heun,2,2,3,0.0107,0.0005,altered_knn,altered_knn,5000,10000,0.9748,0.0031,0.9826,0.0031,0.9869,0.0013,0.1434,0.0177,0.2543,0.0364,0.1820,0.0175,0.5823,0.0090
heun,2,2,3,0.0107,0.0005,quadratic,quadratic,5000,15000,0.9873,0.0014,0.9918,0.0015,0.9917,0.0016,0.5786,0.0167,0.5700,0.0215,0.5742,0.0174,0.7830,0.0082
heun,2,2,3,0.0107,0.0005,polar3,polar,5000,15000,0.9954,0.0012,0.9965,0.0010,0.9975,0.0008,0.7549,0.0360,0.8963,0.0275,0.8194,0.0317,0.9080,0.0163
heun,2,2,3,0.0107,0.0005,knn,knn,10000,30000,0.9934,0.0009,0.9949,0.0006,0.9965,0.0006,0.6540,0.0313,0.8495,0.0354,0.7390,0.0323,0.8669,0.0164
heun,2,2,3,0.0107,0.0005,altered_knn,altered_knn,10000,20000,0.9743,0.0029,0.9818,0.0035,0.9869,0.0014,0.1437,0.0115,0.2798,0.0521,0.1879,0.0171,0.5848,0.0077
heun,2,2,3,0.0107,0.0005,quadratic,quadratic,10000,30000,0.9872,0.0012,0.9917,0.0015,0.9917,0.0015,0.5771,0.0202,0.5727,0.0253,0.5748,0.0217,0.7832,0.0103
heun,2,2,3,0.0107,0.0005,polar3,polar,10000,30000,0.9956,0.0012,0.9968,0.0009,0.9976,0.0008,0.7720,0.0288,0.8883,0.0297,0.8261,0.0293,0.9114,0.0151
heun,2,2,3,0.0107,0.0005,knn,knn,15000,45000,0.9944,0.0011,0.9959,0.0006,0.9971,0.0007,0.7028,0.0338,0.8594,0.0439,0.7732,0.0379,0.8845,0.0192
heun,2,2,3,0.0107,0.0005,altered_knn,altered_knn,15000,30000,0.9793,0.0041,0.9871,0.0043,0.9895,0.0020,0.1894,0.0348,0.2597,0.0496,0.2134,0.0233,0.6002,0.0122
heun,2,2,3,0.0107,0.0005,quadratic,quadratic,15000,45000,0.9876,0.0012,0.9921,0.0013,0.9920,0.0014,0.5802,0.0229,0.5754,0.0239,0.5777,0.0218,0.7849,0.0105
heun,2,2,3,0.0107,0.0005,polar3,polar,15000,45000,0.9957,0.0011,0.9968,0.0008,0.9976,0.0008,0.7763,0.0265,0.8887,0.0299,0.8287,0.0281,0.9128,0.0144
heun,2,2,3,0.0107,0.0005,knn,knn,20000,60000,0.9950,0.0012,0.9964,0.0007,0.9973,0.0008,0.7358,0.0357,0.8590,0.0450,0.7927,0.0397,0.8945,0.0202
heun,2,2,3,0.0107,0.0005,altered_knn,altered_knn,20000,40000,0.9836,0.0034,0.9919,0.0036,0.9917,0.0017,0.2515,0.0676,0.2223,0.0127,0.2295,0.0257,0.6107,0.0146
heun,2,2,3,0.0107,0.0005,quadratic,quadratic,20000,60000,0.9880,0.0012,0.9924,0.0011,0.9924,0.0013,0.5813,0.0232,0.5739,0.0246,0.5774,0.0221,0.7849,0.0108
heun,2,2,3,0.0107,0.0005,polar3,polar,20000,60000,0.9956,0.0013,0.9967,0.0009,0.9976,0.0009,0.7708,0.0341,0.8893,0.0309,0.8258,0.0329,0.9113,0.0169
heun,2,4,3,0.0116,0.0003,knn,knn,2000,12000,0.9749,0.0017,0.9780,0.0016,0.9857,0.0012,0.3043,0.0119,0.7159,0.0094,0.4269,0.0128,0.7025,0.0072
heun,2,4,3,0.0116,0.0003,altered_knn,altered_knn,2000,8000,0.9602,0.0088,0.9679,0.0104,0.9762,0.0036,0.1301,0.0179,0.3043,0.1466,0.1644,0.0289,0.5662,0.0102
heun,2,4,3,0.0116,0.0003,quadratic,quadratic,2000,12000,0.9327,0.0120,0.9387,0.0128,0.9435,0.0098,0.2430,0.0466,0.4284,0.0750,0.3015,0.0219,0.6201,0.0173
heun,2,4,3,0.0116,0.0003,polar3,polar,2000,12000,0.9812,0.0012,0.9837,0.0011,0.9897,0.0010,0.3767,0.0113,0.7713,0.0020,0.5061,0.0105,0.7449,0.0058
heun,2,4,3,0.0116,0.0003,knn,knn,5000,30000,0.9837,0.0016,0.9866,0.0015,0.9910,0.0012,0.4148,0.0222,0.7369,0.0148,0.5306,0.0211,0.7586,0.0113
heun,2,4,3,0.0116,0.0003,altered_knn,altered_knn,5000,20000,0.9728,0.0018,0.9807,0.0019,0.9847,0.0014,0.1767,0.0041,0.3016,0.0308,0.2222,0.0082,0.6015,0.0040
heun,2,4,3,0.0116,0.0003,quadratic,quadratic,5000,30000,0.9319,0.0105,0.9378,0.0113,0.9425,0.0085,0.2429,0.0484,0.4271,0.0729,0.3014,0.0242,0.6196,0.0176
heun,2,4,3,0.0116,0.0003,polar3,polar,5000,30000,0.9816,0.0017,0.9842,0.0017,0.9899,0.0012,0.3832,0.0187,0.7662,0.0019,0.5106,0.0166,0.7474,0.0091
heun,2,4,3,0.0116,0.0003,knn,knn,10000,60000,0.9874,0.0014,0.9907,0.0013,0.9931,0.0010,0.4995,0.0280,0.7066,0.0066,0.5850,0.0213,0.7878,0.0113
heun,2,4,3,0.0116,0.0003,altered_knn,altered_knn,10000,40000,0.9767,0.0028,0.9844,0.0031,0.9875,0.0015,0.2135,0.0150,0.3298,0.0394,0.2571,0.0040,0.6207,0.0019
heun,2,4,3,0.0116,0.0003,quadratic,quadratic,10000,60000,0.9330,0.0110,0.9390,0.0118,0.9435,0.0092,0.2484,0.0466,0.4284,0.0735,0.3062,0.0213,0.6226,0.0165
heun,2,4,3,0.0116,0.0003,polar3,polar,10000,60000,0.9820,0.0010,0.9845,0.0010,0.9901,0.0008,0.3871,0.0111,0.7671,0.0063,0.5145,0.0107,0.7495,0.0057
heun,2,4,3,0.0116,0.0003,knn,knn,15000,90000,0.9885,0.0012,0.9922,0.0011,0.9936,0.0008,0.5368,0.0294,0.6791,0.0105,0.5993,0.0217,0.7957,0.0114
heun,2,4,3,0.0116,0.0003,altered_knn,altered_knn,15000,60000,0.9798,0.0039,0.9881,0.0051,0.9890,0.0019,0.2401,0.0230,0.2674,0.1158,0.2334,0.0571,0.6108,0.0265
heun,2,4,3,0.0116,0.0003,quadratic,quadratic,15000,90000,0.9330,0.0110,0.9389,0.0117,0.9434,0.0091,0.2496,0.0467,0.4274,0.0725,0.3069,0.0212,0.6229,0.0164
heun,2,4,3,0.0116,0.0003,polar3,polar,15000,90000,0.9825,0.0014,0.9851,0.0013,0.9904,0.0010,0.3956,0.0177,0.7652,0.0040,0.5214,0.0163,0.7532,0.0088
heun,2,4,3,0.0116,0.0003,knn,knn,20000,120000,0.9891,0.0012,0.9929,0.0011,0.9939,0.0008,0.5634,0.0320,0.6631,0.0117,0.6089,0.0226,0.8009,0.0118
heun,2,4,3,0.0116,0.0003,altered_knn,altered_knn,20000,80000,0.9814,0.0014,0.9898,0.0023,0.9899,0.0007,0.2567,0.0151,0.2672,0.0822,0.2547,0.0442,0.6222,0.0213
heun,2,4,3,0.0116,0.0003,quadratic,quadratic,20000,120000,0.9326,0.0108,0.9385,0.0115,0.9429,0.0089,0.2508,0.0460,0.4274,0.0722,0.3080,0.0204,0.6232,0.0159
heun,2,4,3,0.0116,0.0003,polar3,polar,20000,120000,0.9822,0.0008,0.9848,0.0007,0.9903,0.0007,0.3910,0.0094,0.7675,0.0086,0.5180,0.0102,0.7514,0.0054
heun,2,8,3,0.0114,0.0006,knn,knn,2000,24000,0.9669,0.0023,0.9707,0.0020,0.9801,0.0019,0.2394,0.0138,0.6384,0.0364,0.3481,0.0188,0.6594,0.0104
heun,2,8,3,0.0114,0.0006,altered_knn,altered_knn,2000,16000,0.9516,0.0059,0.9587,0.0070,0.9713,0.0027,0.1060,0.0149,0.3363,0.0644,0.1582,0.0104,0.5585,0.0083
heun,2,8,3,0.0114,0.0006,quadratic,quadratic,2000,24000,0.8350,0.0034,0.8379,0.0034,0.8988,0.0034,0.0460,0.0022,0.5870,0.0089,0.0854,0.0038,0.4616,0.0004
heun,2,8,3,0.0114,0.0006,polar3,polar,2000,24000,0.9691,0.0039,0.9730,0.0031,0.9819,0.0029,0.2463,0.0296,0.6331,0.0678,0.3546,0.0411,0.6638,0.0221
heun,2,8,3,0.0114,0.0006,knn,knn,5000,60000,0.9755,0.0029,0.9796,0.0024,0.9854,0.0024,0.3069,0.0246,0.6202,0.0529,0.4104,0.0321,0.6950,0.0172
heun,2,8,3,0.0114,0.0006,altered_knn,altered_knn,5000,40000,0.9581,0.0061,0.9643,0.0067,0.9768,0.0030,0.1296,0.0120,0.4124,0.0881,0.1958,0.0191,0.5800,0.0092
heun,2,8,3,0.0114,0.0006,quadratic,quadratic,5000,60000,0.8321,0.0042,0.8349,0.0042,0.8967,0.0041,0.0454,0.0023,0.5881,0.0074,0.0842,0.0040,0.4596,0.0016
heun,2,8,3,0.0114,0.0006,polar3,polar,5000,60000,0.9690,0.0039,0.9728,0.0032,0.9818,0.0029,0.2475,0.0307,0.6362,0.0702,0.3562,0.0420,0.6645,0.0226
heun,2,8,3,0.0114,0.0006,knn,knn,10000,120000,0.9789,0.0032,0.9836,0.0027,0.9870,0.0026,0.3584,0.0328,0.5732,0.0520,0.4407,0.0376,0.7121,0.0201
heun,2,8,3,0.0114,0.0006,altered_knn,altered_knn,10000,80000,0.9692,0.0047,0.9773,0.0050,0.9823,0.0028,0.1483,0.0209,0.2738,0.0223,0.1903,0.0144,0.5838,0.0097
heun,2,8,3,0.0114,0.0006,quadratic,quadratic,10000,120000,0.8333,0.0051,0.8361,0.0052,0.8977,0.0047,0.0457,0.0020,0.5890,0.0091,0.0848,0.0034,0.4605,0.0016
heun,2,8,3,0.0114,0.0006,polar3,polar,10000,120000,0.9690,0.0042,0.9729,0.0035,0.9819,0.0032,0.2448,0.0304,0.6285,0.0677,0.3522,0.0416,0.6626,0.0225
heun,2,8,3,0.0114,0.0006,knn,knn,15000,180000,0.9801,0.0033,0.9851,0.0028,0.9874,0.0027,0.3911,0.0366,0.5507,0.0527,0.4569,0.0406,0.7210,0.0217
heun,2,8,3,0.0114,0.0006,altered_knn,altered_knn,15000,120000,0.9744,0.0033,0.9835,0.0031,0.9843,0.0026,0.1623,0.0256,0.1820,0.0381,0.1709,0.0292,0.5772,0.0153
heun,2,8,3,0.0114,0.0006,quadratic,quadratic,15000,180000,0.8343,0.0055,0.8372,0.0056,0.8982,0.0050,0.0460,0.0019,0.5884,0.0090,0.0853,0.0032,0.4612,0.0017
heun,2,8,3,0.0114,0.0006,polar3,polar,15000,180000,0.9690,0.0044,0.9729,0.0037,0.9818,0.0033,0.2473,0.0332,0.6326,0.0738,0.3554,0.0455,0.6642,0.0246
heun,2,8,3,0.0114,0.0006,knn,knn,20000,240000,0.9807,0.0033,0.9859,0.0028,0.9875,0.0028,0.4138,0.0366,0.5344,0.0512,0.4661,0.0408,0.7260,0.0218
heun,2,8,3,0.0114,0.0006,altered_knn,altered_knn,20000,160000,0.9740,0.0031,0.9828,0.0030,0.9843,0.0025,0.1648,0.0230,0.2096,0.0699,0.1821,0.0381,0.5825,0.0190
heun,2,8,3,0.0114,0.0006,quadratic,quadratic,20000,240000,0.8418,0.0050,0.8447,0.0050,0.9035,0.0045,0.0475,0.0020,0.5835,0.0098,0.0879,0.0035,0.4663,0.0010
heun,2,8,3,0.0114,0.0006,polar3,polar,20000,240000,0.9698,0.0045,0.9738,0.0038,0.9822,0.0033,0.2527,0.0363,0.6246,0.0703,0.3595,0.0478,0.6667,0.0258
heun,4,2,3,0.0111,0.0006,knn,knn,2000,6000,0.9149,0.0026,0.9219,0.0027,0.9192,0.0026,0.6059,0.0378,0.2954,0.0090,0.3971,0.0161,0.6595,0.0092
heun,4,2,3,0.0111,0.0006,altered_knn,altered_knn,2000,4000,0.8935,0.0342,0.9013,0.0362,0.9332,0.0139,0.0315,0.0046,0.2109,0.1157,0.0500,0.0043,0.4756,0.0181
heun,4,2,3,0.0111,0.0006,quadratic,quadratic,2000,6000,0.9870,0.0024,0.9913,0.0024,0.9897,0.0024,0.8432,0.0354,0.5963,0.0138,0.6984,0.0189,0.8449,0.0090
heun,4,2,3,0.0111,0.0006,polar3,polar,2000,6000,0.9947,0.0002,0.9967,0.0001,0.9965,0.0001,0.8446,0.0020,0.8161,0.0175,0.8300,0.0092,0.9134,0.0045
heun,4,2,3,0.0111,0.0006,knn,knn,5000,15000,0.9307,0.0022,0.9372,0.0024,0.9348,0.0023,0.6640,0.0270,0.3542,0.0072,0.4616,0.0009,0.6994,0.0016
heun,4,2,3,0.0111,0.0006,altered_knn,altered_knn,5000,10000,0.9247,0.0123,0.9335,0.0129,0.9487,0.0041,0.0371,0.0017,0.1406,0.0553,0.0569,0.0043,0.4952,0.0043
heun,4,2,3,0.0111,0.0006,quadratic,quadratic,5000,15000,0.9880,0.0014,0.9925,0.0012,0.9908,0.0014,0.8482,0.0280,0.5888,0.0059,0.6950,0.0131,0.8437,0.0063
heun,4,2,3,0.0111,0.0006,polar3,polar,5000,15000,0.9946,0.0002,0.9967,0.0001,0.9965,0.0001,0.8373,0.0043,0.8144,0.0194,0.8256,0.0103,0.9111,0.0051
heun,4,2,3,0.0111,0.0006,knn,knn,10000,30000,0.9420,0.0011,0.9482,0.0014,0.9458,0.0013,0.7093,0.0134,0.3903,0.0096,0.5035,0.0111,0.7259,0.0049
heun,4,2,3,0.0111,0.0006,altered_knn,altered_knn,10000,20000,0.9148,0.0352,0.9232,0.0367,0.9454,0.0136,0.0342,0.0020,0.1641,0.1340,0.0456,0.0151,0.4844,0.0135
heun,4,2,3,0.0111,0.0006,quadratic,quadratic,10000,30000,0.9890,0.0008,0.9935,0.0007,0.9918,0.0007,0.8539,0.0228,0.5848,0.0021,0.6940,0.0078,0.8438,0.0039
heun,4,2,3,0.0111,0.0006,polar3,polar,10000,30000,0.9946,0.0002,0.9966,0.0002,0.9965,0.0001,0.8347,0.0066,0.8168,0.0202,0.8255,0.0078,0.9111,0.0038
heun,4,2,3,0.0111,0.0006,knn,knn,15000,45000,0.9482,0.0005,0.9542,0.0006,0.9520,0.0006,0.6991,0.0149,0.4088,0.0089,0.5159,0.0111,0.7351,0.0053
heun,4,2,3,0.0111,0.0006,altered_knn,altered_knn,15000,30000,0.9125,0.0156,0.9203,0.0167,0.9479,0.0058,0.0358,0.0026,0.2181,0.0650,0.0603,0.0017,0.4903,0.0086
heun,4,2,3,0.0111,0.0006,quadratic,quadratic,15000,45000,0.9890,0.0008,0.9935,0.0006,0.9918,0.0008,0.8525,0.0242,0.5867,0.0043,0.6948,0.0071,0.8442,0.0034
heun,4,2,3,0.0111,0.0006,polar3,polar,15000,45000,0.9946,0.0002,0.9966,0.0002,0.9965,0.0001,0.8289,0.0075,0.8184,0.0217,0.8234,0.0081,0.9100,0.0040
heun,4,2,3,0.0111,0.0006,knn,knn,20000,60000,0.9512,0.0005,0.9572,0.0002,0.9550,0.0003,0.7063,0.0308,0.4157,0.0022,0.5231,0.0099,0.7402,0.0050
heun,4,2,3,0.0111,0.0006,altered_knn,altered_knn,20000,40000,0.9103,0.0326,0.9179,0.0340,0.9460,0.0145,0.0378,0.0043,0.2251,0.1115,0.0624,0.0044,0.4902,0.0171
heun,4,2,3,0.0111,0.0006,quadratic,quadratic,20000,60000,0.9891,0.0009,0.9936,0.0007,0.9919,0.0008,0.8543,0.0254,0.5866,0.0040,0.6954,0.0097,0.8445,0.0050
heun,4,2,3,0.0111,0.0006,polar3,polar,20000,60000,0.9946,0.0002,0.9966,0.0002,0.9965,0.0001,0.8289,0.0097,0.8171,0.0202,0.8227,0.0061,0.9097,0.0030
heun,4,4,3,0.0121,0.0003,knn,knn,2000,12000,0.8392,0.0116,0.8448,0.0115,0.8467,0.0135,0.2646,0.0644,0.3793,0.0101,0.3068,0.0422,0.5758,0.0159
heun,4,4,3,0.0121,0.0003,altered_knn,altered_knn,2000,8000,0.8732,0.0337,0.8821,0.0353,0.8986,0.0155,0.0392,0.0056,0.1423,0.1150,0.0504,0.0095,0.4662,0.0149
heun,4,4,3,0.0121,0.0003,quadratic,quadratic,2000,12000,0.9393,0.0059,0.9439,0.0058,0.9438,0.0062,0.5067,0.0130,0.5688,0.0085,0.5359,0.0103,0.7399,0.0071
heun,4,4,3,0.0121,0.0003,polar3,polar,2000,12000,0.9771,0.0020,0.9808,0.0018,0.9825,0.0023,0.5124,0.0146,0.6739,0.0228,0.5817,0.0064,0.7813,0.0024
heun,4,4,3,0.0121,0.0003,knn,knn,5000,30000,0.8698,0.0098,0.8756,0.0098,0.8765,0.0117,0.2983,0.0594,0.3980,0.0106,0.3375,0.0359,0.6066,0.0131
heun,4,4,3,0.0121,0.0003,altered_knn,altered_knn,5000,20000,0.8761,0.0237,0.8845,0.0248,0.9076,0.0121,0.0375,0.0020,0.1939,0.0877,0.0594,0.0054,0.4719,0.0102
heun,4,4,3,0.0121,0.0003,quadratic,quadratic,5000,30000,0.9393,0.0054,0.9439,0.0053,0.9437,0.0057,0.5176,0.0167,0.5668,0.0110,0.5410,0.0133,0.7424,0.0085
heun,4,4,3,0.0121,0.0003,polar3,polar,5000,30000,0.9783,0.0022,0.9822,0.0019,0.9834,0.0023,0.5315,0.0140,0.6663,0.0173,0.5909,0.0021,0.7865,0.0009
heun,4,4,3,0.0121,0.0003,knn,knn,10000,60000,0.8913,0.0086,0.8971,0.0086,0.8977,0.0104,0.3330,0.0686,0.4176,0.0063,0.3669,0.0412,0.6320,0.0163
heun,4,4,3,0.0121,0.0003,altered_knn,altered_knn,10000,40000,0.8891,0.0122,0.8978,0.0133,0.9155,0.0067,0.0479,0.0129,0.1826,0.0817,0.0709,0.0097,0.4843,0.0083
heun,4,4,3,0.0121,0.0003,quadratic,quadratic,10000,60000,0.9395,0.0054,0.9440,0.0054,0.9437,0.0057,0.5272,0.0169,0.5675,0.0113,0.5466,0.0130,0.7453,0.0083
heun,4,4,3,0.0121,0.0003,polar3,polar,10000,60000,0.9785,0.0016,0.9824,0.0013,0.9837,0.0018,0.5301,0.0190,0.6636,0.0183,0.5888,0.0045,0.7856,0.0016
heun,4,4,3,0.0121,0.0003,knn,knn,15000,90000,0.9011,0.0078,0.9070,0.0077,0.9077,0.0096,0.3341,0.0658,0.4231,0.0099,0.3698,0.0393,0.6384,0.0160
heun,4,4,3,0.0121,0.0003,altered_knn,altered_knn,15000,60000,0.8960,0.0222,0.9052,0.0241,0.9187,0.0077,0.0604,0.0210,0.1506,0.1377,0.0611,0.0059,0.4831,0.0099
heun,4,4,3,0.0121,0.0003,quadratic,quadratic,15000,90000,0.9396,0.0053,0.9442,0.0052,0.9439,0.0056,0.5237,0.0169,0.5663,0.0121,0.5441,0.0138,0.7441,0.0084
heun,4,4,3,0.0121,0.0003,polar3,polar,15000,90000,0.9784,0.0014,0.9823,0.0011,0.9836,0.0018,0.5273,0.0264,0.6616,0.0174,0.5860,0.0093,0.7842,0.0041
heun,4,4,3,0.0121,0.0003,knn,knn,20000,120000,0.9079,0.0073,0.9137,0.0072,0.9142,0.0092,0.3552,0.0734,0.4340,0.0099,0.3862,0.0404,0.6500,0.0166
heun,4,4,3,0.0121,0.0003,altered_knn,altered_knn,20000,80000,0.8897,0.0214,0.8982,0.0234,0.9190,0.0065,0.0577,0.0259,0.1983,0.1310,0.0662,0.0020,0.4822,0.0114
heun,4,4,3,0.0121,0.0003,quadratic,quadratic,20000,120000,0.9396,0.0052,0.9442,0.0051,0.9440,0.0055,0.5263,0.0166,0.5669,0.0105,0.5458,0.0130,0.7450,0.0079
heun,4,4,3,0.0121,0.0003,polar3,polar,20000,120000,0.9786,0.0014,0.9825,0.0011,0.9837,0.0017,0.5313,0.0270,0.6590,0.0180,0.5874,0.0092,0.7849,0.0041
heun,4,8,3,0.0128,0.0002,knn,knn,2000,24000,0.7923,0.0119,0.7975,0.0119,0.8097,0.0111,0.1158,0.0080,0.3894,0.0106,0.1785,0.0106,0.4880,0.0112
heun,4,8,3,0.0128,0.0002,altered_knn,altered_knn,2000,16000,0.8500,0.0166,0.8587,0.0177,0.8780,0.0069,0.0427,0.0069,0.1786,0.0665,0.0650,0.0011,0.4619,0.0093
heun,4,8,3,0.0128,0.0002,quadratic,quadratic,2000,24000,0.9022,0.0124,0.9075,0.0124,0.9114,0.0119,0.2796,0.0239,0.4941,0.0107,0.3567,0.0219,0.6321,0.0170
heun,4,8,3,0.0128,0.0002,polar3,polar,2000,24000,0.9602,0.0052,0.9652,0.0050,0.9699,0.0048,0.3177,0.0178,0.5766,0.0138,0.4096,0.0184,0.6874,0.0117
heun,4,8,3,0.0128,0.0002,knn,knn,5000,60000,0.8341,0.0108,0.8396,0.0108,0.8491,0.0100,0.1461,0.0122,0.4097,0.0107,0.2153,0.0147,0.5274,0.0127
heun,4,8,3,0.0128,0.0002,altered_knn,altered_knn,5000,40000,0.8717,0.0080,0.8811,0.0083,0.8923,0.0050,0.0506,0.0043,0.1501,0.0311,0.0744,0.0016,0.4777,0.0045
heun,4,8,3,0.0128,0.0002,quadratic,quadratic,5000,60000,0.9028,0.0127,0.9081,0.0127,0.9119,0.0121,0.2821,0.0273,0.4917,0.0091,0.3579,0.0246,0.6330,0.0186
heun,4,8,3,0.0128,0.0002,polar3,polar,5000,60000,0.9617,0.0047,0.9667,0.0045,0.9711,0.0043,0.3253,0.0159,0.5729,0.0108,0.4149,0.0158,0.6908,0.0102
heun,4,8,3,0.0128,0.0002,knn,knn,10000,120000,0.8599,0.0096,0.8657,0.0097,0.8737,0.0090,0.1666,0.0096,0.4176,0.0017,0.2380,0.0098,0.5518,0.0097
heun,4,8,3,0.0128,0.0002,altered_knn,altered_knn,10000,80000,0.8863,0.0090,0.8964,0.0096,0.9012,0.0055,0.0587,0.0068,0.1076,0.0406,0.0710,0.0092,0.4837,0.0026
heun,4,8,3,0.0128,0.0002,quadratic,quadratic,10000,120000,0.9027,0.0127,0.9080,0.0128,0.9118,0.0121,0.2820,0.0275,0.4914,0.0075,0.3578,0.0242,0.6329,0.0184
heun,4,8,3,0.0128,0.0002,polar3,polar,10000,120000,0.9621,0.0047,0.9672,0.0047,0.9715,0.0043,0.3288,0.0190,0.5711,0.0085,0.4172,0.0177,0.6922,0.0111
heun,4,8,3,0.0128,0.0002,knn,knn,15000,180000,0.8740,0.0084,0.8798,0.0084,0.8871,0.0079,0.1816,0.0119,0.4263,0.0054,0.2545,0.0127,0.5672,0.0106
heun,4,8,3,0.0128,0.0002,altered_knn,altered_knn,15000,120000,0.8844,0.0155,0.8939,0.0169,0.9051,0.0056,0.0577,0.0108,0.1523,0.0952,0.0742,0.0033,0.4841,0.0081
heun,4,8,3,0.0128,0.0002,quadratic,quadratic,15000,180000,0.9029,0.0128,0.9082,0.0128,0.9120,0.0122,0.2831,0.0265,0.4906,0.0078,0.3585,0.0234,0.6333,0.0180
heun,4,8,3,0.0128,0.0002,polar3,polar,15000,180000,0.9620,0.0049,0.9670,0.0048,0.9714,0.0046,0.3271,0.0163,0.5718,0.0085,0.4160,0.0155,0.6915,0.0101
heun,4,8,3,0.0128,0.0002,knn,knn,20000,240000,0.8834,0.0078,0.8893,0.0078,0.8959,0.0073,0.1934,0.0123,0.4295,0.0081,0.2666,0.0130,0.5779,0.0104
heun,4,8,3,0.0128,0.0002,altered_knn,altered_knn,20000,160000,0.8925,0.0070,0.9022,0.0077,0.9097,0.0045,0.0607,0.0071,0.1380,0.0484,0.0810,0.0057,0.4916,0.0055
heun,4,8,3,0.0128,0.0002,quadratic,quadratic,20000,240000,0.9056,0.0126,0.9111,0.0126,0.9145,0.0121,0.2935,0.0247,0.4864,0.0082,0.3656,0.0215,0.6383,0.0171
heun,4,8,3,0.0128,0.0002,polar3,polar,20000,240000,0.9625,0.0048,0.9676,0.0047,0.9719,0.0045,0.3307,0.0187,0.5709,0.0098,0.4187,0.0174,0.6931,0.0110
heun,4,16,3,0.0141,0.0004,knn,knn,2000,48000,0.7740,0.0051,0.7792,0.0051,0.7956,0.0057,0.1042,0.0032,0.4100,0.0003,0.1662,0.0040,0.4727,0.0014
heun,4,16,3,0.0141,0.0004,altered_knn,altered_knn,2000,32000,0.8479,0.0004,0.8578,0.0001,0.8669,0.0023,0.0605,0.0011,0.1507,0.0218,0.0859,0.0028,0.4719,0.0013
heun,4,16,3,0.0141,0.0004,quadratic,quadratic,2000,48000,0.8886,0.0061,0.8946,0.0061,0.9046,0.0065,0.1808,0.0067,0.4646,0.0114,0.2601,0.0052,0.5774,0.0037
heun,4,16,3,0.0141,0.0004,polar3,polar,2000,48000,0.9465,0.0015,0.9528,0.0015,0.9597,0.0016,0.2519,0.0062,0.5099,0.0060,0.3371,0.0043,0.6449,0.0024
heun,4,16,3,0.0141,0.0004,knn,knn,5000,120000,0.8184,0.0055,0.8240,0.0055,0.8370,0.0059,0.1325,0.0028,0.4245,0.0066,0.2019,0.0025,0.5130,0.0025
heun,4,16,3,0.0141,0.0004,altered_knn,altered_knn,5000,80000,0.8702,0.0025,0.8812,0.0023,0.8826,0.0022,0.0776,0.0035,0.0950,0.0203,0.0840,0.0065,0.4826,0.0029
heun,4,16,3,0.0141,0.0004,quadratic,quadratic,5000,120000,0.8893,0.0070,0.8954,0.0071,0.9052,0.0071,0.1832,0.0092,0.4645,0.0122,0.2624,0.0078,0.5789,0.0060
heun,4,16,3,0.0141,0.0004,polar3,polar,5000,120000,0.9472,0.0012,0.9534,0.0012,0.9601,0.0012,0.2554,0.0061,0.5104,0.0073,0.3403,0.0040,0.6469,0.0025
heun,4,16,3,0.0141,0.0004,knn,knn,10000,240000,0.8488,0.0045,0.8547,0.0044,0.8655,0.0047,0.1562,0.0046,0.4313,0.0041,0.2293,0.0046,0.5420,0.0009
heun,4,16,3,0.0141,0.0004,altered_knn,altered_knn,10000,160000,0.8766,0.0032,0.8869,0.0035,0.8925,0.0023,0.0795,0.0026,0.1486,0.0471,0.1009,0.0079,0.4939,0.0028
heun,4,16,3,0.0141,0.0004,quadratic,quadratic,10000,240000,0.8936,0.0063,0.8997,0.0063,0.9090,0.0064,0.1892,0.0104,0.4635,0.0106,0.2684,0.0090,0.5841,0.0058
heun,4,16,3,0.0141,0.0004,polar3,polar,10000,240000,0.9484,0.0011,0.9547,0.0011,0.9612,0.0010,0.2593,0.0066,0.5108,0.0058,0.3439,0.0046,0.6493,0.0027
heun,4,16,3,0.0141,0.0004,knn,knn,15000,360000,0.8643,0.0046,0.8704,0.0045,0.8800,0.0046,0.1711,0.0039,0.4362,0.0031,0.2458,0.0037,0.5581,0.0019
heun,4,16,3,0.0141,0.0004,altered_knn,altered_knn,15000,240000,0.8722,0.0078,0.8812,0.0087,0.8969,0.0014,0.0719,0.0091,0.2372,0.0628,0.1074,0.0040,0.4943,0.0063
heun,4,16,3,0.0141,0.0004,quadratic,quadratic,15000,360000,0.8979,0.0049,0.9040,0.0050,0.9154,0.0051,0.1701,0.0078,0.4701,0.0080,0.2497,0.0073,0.5768,0.0044
heun,4,16,3,0.0141,0.0004,polar3,polar,15000,360000,0.9498,0.0011,0.9561,0.0013,0.9624,0.0010,0.2652,0.0099,0.5123,0.0043,0.3493,0.0077,0.6527,0.0045
heun,4,16,3,0.0141,0.0004,knn,knn,20000,480000,0.8744,0.0042,0.8806,0.0042,0.8893,0.0043,0.1849,0.0050,0.4410,0.0043,0.2605,0.0046,0.5705,0.0017
heun,4,16,3,0.0141,0.0004,altered_knn,altered_knn,20000,320000,0.8863,0.0013,0.8966,0.0023,0.9026,0.0024,0.0880,0.0079,0.1667,0.0529,0.1103,0.0115,0.5034,0.0049
heun,4,16,3,0.0141,0.0004,quadratic,quadratic,20000,480000,0.8954,0.0044,0.9014,0.0046,0.9167,0.0046,0.1418,0.0046,0.4749,0.0041,0.2183,0.0051,0.5599,0.0035
heun,4,16,3,0.0141,0.0004,polar3,polar,20000,480000,0.9508,0.0013,0.9570,0.0016,0.9631,0.0011,0.2690,0.0122,0.5112,0.0039,0.3523,0.0096,0.6547,0.0056
heun,8,2,3,0.0130,0.0002,knn,knn,2000,6000,0.8179,0.0022,0.8278,0.0024,0.8226,0.0025,0.5699,0.0291,0.0593,0.0091,0.1074,0.0153,0.4676,0.0073
heun,8,2,3,0.0130,0.0002,altered_knn,altered_knn,2000,4000,0.8484,0.0324,0.8561,0.0342,0.9021,0.0136,0.0310,0.0015,0.2695,0.1007,0.0547,0.0017,0.4554,0.0172
heun,8,2,3,0.0130,0.0002,quadratic,quadratic,2000,6000,0.9845,0.0018,0.9913,0.0018,0.9881,0.0018,0.9244,0.0223,0.4735,0.0028,0.6262,0.0071,0.8087,0.0039
heun,8,2,3,0.0130,0.0002,polar3,polar,2000,6000,0.9924,0.0010,0.9954,0.0008,0.9944,0.0008,0.8977,0.0250,0.7684,0.0120,0.8280,0.0176,0.9117,0.0092
heun,8,2,3,0.0130,0.0002,knn,knn,5000,15000,0.8330,0.0026,0.8430,0.0027,0.8378,0.0027,0.7104,0.0530,0.0695,0.0073,0.1264,0.0117,0.4847,0.0063
heun,8,2,3,0.0130,0.0002,altered_knn,altered_knn,5000,10000,0.7935,0.0747,0.7989,0.0774,0.8736,0.0413,0.0293,0.0055,0.3828,0.1341,0.0532,0.0073,0.4260,0.0422
heun,8,2,3,0.0130,0.0002,quadratic,quadratic,5000,15000,0.9867,0.0006,0.9936,0.0006,0.9902,0.0006,0.9503,0.0110,0.4671,0.0016,0.6263,0.0039,0.8099,0.0020
heun,8,2,3,0.0130,0.0002,polar3,polar,5000,15000,0.9932,0.0007,0.9962,0.0005,0.9950,0.0005,0.9268,0.0211,0.7627,0.0113,0.8368,0.0153,0.9165,0.0079
heun,8,2,3,0.0130,0.0002,knn,knn,10000,30000,0.8439,0.0038,0.8540,0.0039,0.8486,0.0039,0.7300,0.0477,0.0742,0.0036,0.1347,0.0065,0.4944,0.0015
heun,8,2,3,0.0130,0.0002,altered_knn,altered_knn,10000,20000,0.9017,0.0114,0.9122,0.0122,0.9267,0.0034,0.0262,0.0082,0.1005,0.0581,0.0402,0.0169,0.4762,0.0032
heun,8,2,3,0.0130,0.0002,quadratic,quadratic,10000,30000,0.9872,0.0006,0.9941,0.0006,0.9907,0.0006,0.9562,0.0076,0.4605,0.0031,0.6216,0.0025,0.8078,0.0015
heun,8,2,3,0.0130,0.0002,polar3,polar,10000,30000,0.9934,0.0006,0.9964,0.0004,0.9952,0.0004,0.9365,0.0079,0.7645,0.0141,0.8418,0.0113,0.9191,0.0058
heun,8,2,3,0.0130,0.0002,knn,knn,15000,45000,0.8507,0.0032,0.8608,0.0033,0.8555,0.0034,0.7633,0.0416,0.0762,0.0081,0.1386,0.0141,0.4997,0.0056
heun,8,2,3,0.0130,0.0002,altered_knn,altered_knn,15000,30000,0.8992,0.0031,0.9095,0.0032,0.9272,0.0019,0.0303,0.0018,0.1186,0.0118,0.0482,0.0031,0.4789,0.0021
heun,8,2,3,0.0130,0.0002,quadratic,quadratic,15000,45000,0.9873,0.0011,0.9941,0.0010,0.9908,0.0010,0.9563,0.0109,0.4664,0.0050,0.6269,0.0046,0.8105,0.0027
heun,8,2,3,0.0130,0.0002,polar3,polar,15000,45000,0.9933,0.0005,0.9963,0.0003,0.9951,0.0003,0.9346,0.0057,0.7673,0.0132,0.8427,0.0102,0.9195,0.0052
heun,8,2,3,0.0130,0.0002,knn,knn,20000,60000,0.8542,0.0018,0.8643,0.0020,0.8591,0.0020,0.7524,0.0497,0.0820,0.0058,0.1478,0.0104,0.5061,0.0042
heun,8,2,3,0.0130,0.0002,altered_knn,altered_knn,20000,40000,0.9030,0.0059,0.9132,0.0063,0.9302,0.0028,0.0330,0.0048,0.1273,0.0365,0.0523,0.0093,0.4827,0.0024
heun,8,2,3,0.0130,0.0002,quadratic,quadratic,20000,60000,0.9870,0.0011,0.9939,0.0010,0.9905,0.0011,0.9556,0.0081,0.4649,0.0078,0.6254,0.0065,0.8096,0.0037
heun,8,2,3,0.0130,0.0002,polar3,polar,20000,60000,0.9934,0.0004,0.9964,0.0002,0.9952,0.0003,0.9366,0.0065,0.7666,0.0117,0.8431,0.0094,0.9197,0.0048
heun,8,4,3,0.0129,0.0002,knn,knn,2000,12000,0.6928,0.0093,0.7002,0.0093,0.6986,0.0097,0.2262,0.0644,0.1327,0.0016,0.1636,0.0203,0.4319,0.0064
heun,8,4,3,0.0129,0.0002,altered_knn,altered_knn,2000,8000,0.8259,0.0212,0.8345,0.0226,0.8563,0.0062,0.0379,0.0078,0.1673,0.0850,0.0554,0.0014,0.4449,0.0110
heun,8,4,3,0.0129,0.0002,quadratic,quadratic,2000,12000,0.9511,0.0077,0.9567,0.0077,0.9543,0.0078,0.7933,0.0058,0.5250,0.0106,0.6317,0.0058,0.7942,0.0062
heun,8,4,3,0.0129,0.0002,polar3,polar,2000,12000,0.9757,0.0038,0.9800,0.0038,0.9794,0.0042,0.6779,0.0329,0.6433,0.0044,0.6597,0.0148,0.8199,0.0066
heun,8,4,3,0.0129,0.0002,knn,knn,5000,30000,0.7149,0.0081,0.7224,0.0082,0.7205,0.0079,0.2654,0.0436,0.1372,0.0034,0.1801,0.0128,0.4513,0.0047
heun,8,4,3,0.0129,0.0002,altered_knn,altered_knn,5000,20000,0.8116,0.0388,0.8190,0.0410,0.8579,0.0136,0.0332,0.0048,0.2471,0.1302,0.0554,0.0023,0.4372,0.0217
heun,8,4,3,0.0129,0.0002,quadratic,quadratic,5000,30000,0.9527,0.0075,0.9582,0.0074,0.9558,0.0075,0.8139,0.0049,0.5277,0.0128,0.6402,0.0084,0.7992,0.0076
heun,8,4,3,0.0129,0.0002,polar3,polar,5000,30000,0.9800,0.0030,0.9843,0.0030,0.9831,0.0032,0.7670,0.0150,0.6481,0.0046,0.7025,0.0060,0.8434,0.0032
heun,8,4,3,0.0129,0.0002,knn,knn,10000,60000,0.7310,0.0079,0.7386,0.0079,0.7360,0.0075,0.3390,0.0378,0.1481,0.0041,0.2053,0.0060,0.4720,0.0060
heun,8,4,3,0.0129,0.0002,altered_knn,altered_knn,10000,40000,0.8442,0.0293,0.8533,0.0317,0.8705,0.0045,0.0442,0.0093,0.1447,0.1549,0.0465,0.0113,0.4499,0.0109
heun,8,4,3,0.0129,0.0002,quadratic,quadratic,10000,60000,0.9533,0.0080,0.9589,0.0079,0.9564,0.0081,0.8196,0.0048,0.5247,0.0115,0.6397,0.0070,0.7993,0.0068
heun,8,4,3,0.0129,0.0002,polar3,polar,10000,60000,0.9816,0.0026,0.9859,0.0026,0.9845,0.0028,0.8009,0.0120,0.6517,0.0040,0.7186,0.0042,0.8522,0.0024
heun,8,4,3,0.0129,0.0002,knn,knn,15000,90000,0.7403,0.0076,0.7479,0.0076,0.7451,0.0071,0.3749,0.0290,0.1570,0.0008,0.2211,0.0053,0.4845,0.0037
heun,8,4,3,0.0129,0.0002,altered_knn,altered_knn,15000,60000,0.8041,0.0785,0.8109,0.0824,0.8564,0.0346,0.0357,0.0062,0.2823,0.2254,0.0559,0.0059,0.4334,0.0425
heun,8,4,3,0.0129,0.0002,quadratic,quadratic,15000,90000,0.9534,0.0081,0.9590,0.0081,0.9564,0.0082,0.8245,0.0045,0.5225,0.0094,0.6396,0.0059,0.7993,0.0064
heun,8,4,3,0.0129,0.0002,polar3,polar,15000,90000,0.9823,0.0022,0.9866,0.0021,0.9852,0.0023,0.8053,0.0125,0.6512,0.0040,0.7200,0.0032,0.8533,0.0021
heun,8,4,3,0.0129,0.0002,knn,knn,20000,120000,0.7457,0.0074,0.7534,0.0074,0.7506,0.0071,0.3946,0.0296,0.1601,0.0057,0.2276,0.0094,0.4905,0.0070
heun,8,4,3,0.0129,0.0002,altered_knn,altered_knn,20000,80000,0.8635,0.0115,0.8735,0.0123,0.8823,0.0039,0.0439,0.0084,0.1031,0.0548,0.0529,0.0093,0.4632,0.0016
heun,8,4,3,0.0129,0.0002,quadratic,quadratic,20000,120000,0.9535,0.0080,0.9591,0.0080,0.9565,0.0081,0.8259,0.0016,0.5225,0.0085,0.6400,0.0059,0.7996,0.0060
heun,8,4,3,0.0129,0.0002,polar3,polar,20000,120000,0.9824,0.0020,0.9867,0.0020,0.9852,0.0022,0.8130,0.0108,0.6516,0.0032,0.7233,0.0027,0.8550,0.0012
heun,8,8,3,0.0138,0.0002,knn,knn,2000,24000,0.6012,0.0050,0.6068,0.0050,0.6109,0.0036,0.1035,0.0143,0.1983,0.0036,0.1352,0.0117,0.3710,0.0082
heun,8,8,3,0.0138,0.0002,altered_knn,altered_knn,2000,16000,0.7884,0.0131,0.7969,0.0146,0.8158,0.0019,0.0445,0.0050,0.1842,0.0877,0.0665,0.0053,0.4317,0.0056
heun,8,8,3,0.0138,0.0002,quadratic,quadratic,2000,24000,0.9261,0.0060,0.9319,0.0059,0.9309,0.0061,0.5767,0.0048,0.5099,0.0057,0.5412,0.0013,0.7366,0.0034
heun,8,8,3,0.0138,0.0002,polar3,polar,2000,24000,0.9629,0.0014,0.9686,0.0013,0.9681,0.0012,0.5814,0.0251,0.5605,0.0038,0.5706,0.0139,0.7696,0.0075
heun,8,8,3,0.0138,0.0002,knn,knn,5000,60000,0.6297,0.0037,0.6355,0.0037,0.6383,0.0033,0.1268,0.0034,0.2131,0.0039,0.1589,0.0033,0.3972,0.0030
heun,8,8,3,0.0138,0.0002,altered_knn,altered_knn,5000,40000,0.7843,0.0109,0.7913,0.0120,0.8239,0.0022,0.0424,0.0025,0.2822,0.0570,0.0733,0.0020,0.4323,0.0070
heun,8,8,3,0.0138,0.0002,quadratic,quadratic,5000,60000,0.9291,0.0056,0.9349,0.0056,0.9338,0.0058,0.5849,0.0074,0.5125,0.0038,0.5463,0.0023,0.7406,0.0024
heun,8,8,3,0.0138,0.0002,polar3,polar,5000,60000,0.9686,0.0015,0.9743,0.0015,0.9732,0.0015,0.6478,0.0146,0.5562,0.0051,0.5984,0.0083,0.7864,0.0045
heun,8,8,3,0.0138,0.0002,knn,knn,10000,120000,0.6526,0.0026,0.6586,0.0026,0.6606,0.0025,0.1499,0.0038,0.2227,0.0019,0.1791,0.0031,0.4189,0.0009
heun,8,8,3,0.0138,0.0002,altered_knn,altered_knn,10000,80000,0.8023,0.0264,0.8106,0.0285,0.8332,0.0068,0.0480,0.0073,0.2104,0.1278,0.0715,0.0041,0.4410,0.0150
heun,8,8,3,0.0138,0.0002,quadratic,quadratic,10000,120000,0.9295,0.0058,0.9353,0.0058,0.9342,0.0060,0.5896,0.0057,0.5116,0.0045,0.5478,0.0013,0.7415,0.0027
heun,8,8,3,0.0138,0.0002,polar3,polar,10000,120000,0.9705,0.0013,0.9763,0.0012,0.9750,0.0013,0.6677,0.0092,0.5564,0.0042,0.6070,0.0056,0.7917,0.0031
heun,8,8,3,0.0138,0.0002,knn,knn,15000,180000,0.6647,0.0027,0.6708,0.0026,0.6724,0.0027,0.1616,0.0081,0.2244,0.0017,0.1878,0.0050,0.4293,0.0015
heun,8,8,3,0.0138,0.0002,altered_knn,altered_knn,15000,120000,0.8089,0.0211,0.8172,0.0226,0.8398,0.0062,0.0482,0.0066,0.2188,0.0937,0.0756,0.0038,0.4464,0.0132
heun,8,8,3,0.0138,0.0002,quadratic,quadratic,15000,180000,0.9298,0.0059,0.9357,0.0059,0.9345,0.0061,0.5940,0.0080,0.5090,0.0045,0.5482,0.0022,0.7420,0.0024
heun,8,8,3,0.0138,0.0002,polar3,polar,15000,180000,0.9713,0.0014,0.9771,0.0013,0.9758,0.0014,0.6768,0.0039,0.5568,0.0039,0.6110,0.0033,0.7941,0.0020
heun,8,8,3,0.0138,0.0002,knn,knn,20000,240000,0.6734,0.0029,0.6797,0.0029,0.6811,0.0029,0.1707,0.0076,0.2245,0.0018,0.1939,0.0054,0.4368,0.0017
heun,8,8,3,0.0138,0.0002,altered_knn,altered_knn,20000,160000,0.8276,0.0025,0.8373,0.0025,0.8467,0.0020,0.0519,0.0012,0.1369,0.0108,0.0751,0.0014,0.4562,0.0016
heun,8,8,3,0.0138,0.0002,quadratic,quadratic,20000,240000,0.9326,0.0059,0.9386,0.0059,0.9371,0.0061,0.6248,0.0076,0.5029,0.0041,0.5572,0.0019,0.7479,0.0024
heun,8,8,3,0.0138,0.0002,polar3,polar,20000,240000,0.9719,0.0014,0.9777,0.0013,0.9764,0.0014,0.6792,0.0076,0.5579,0.0044,0.6126,0.0044,0.7952,0.0024
heun,8,16,3,0.0151,0.0006,knn,knn,2000,48000,0.5234,0.0028,0.5274,0.0028,0.5394,0.0024,0.0663,0.0004,0.2652,0.0034,0.1061,0.0003,0.3167,0.0015
heun,8,16,3,0.0151,0.0006,altered_knn,altered_knn,2000,32000,0.7635,0.0034,0.7745,0.0036,0.7727,0.0011,0.0544,0.0021,0.0423,0.0366,0.0401,0.0218,0.4073,0.0092
heun,8,16,3,0.0151,0.0006,quadratic,quadratic,2000,48000,0.8965,0.0013,0.9029,0.0014,0.9035,0.0012,0.4142,0.0110,0.4786,0.0079,0.4440,0.0061,0.6735,0.0028
heun,8,16,3,0.0151,0.0006,polar3,polar,2000,48000,0.9415,0.0027,0.9485,0.0025,0.9485,0.0025,0.4644,0.0059,0.4831,0.0099,0.4735,0.0070,0.7110,0.0043
heun,8,16,3,0.0151,0.0006,knn,knn,5000,120000,0.5569,0.0017,0.5613,0.0016,0.5717,0.0020,0.0786,0.0026,0.2712,0.0029,0.1218,0.0030,0.3415,0.0007
heun,8,16,3,0.0151,0.0006,altered_knn,altered_knn,5000,80000,0.7516,0.0115,0.7590,0.0129,0.7873,0.0005,0.0470,0.0021,0.2667,0.0868,0.0783,0.0034,0.4187,0.0054
heun,8,16,3,0.0151,0.0006,quadratic,quadratic,5000,120000,0.8984,0.0013,0.9048,0.0014,0.9053,0.0012,0.4194,0.0138,0.4817,0.0066,0.4482,0.0081,0.6765,0.0040
heun,8,16,3,0.0151,0.0006,polar3,polar,5000,120000,0.9478,0.0022,0.9549,0.0019,0.9546,0.0020,0.4913,0.0056,0.4831,0.0105,0.4871,0.0075,0.7210,0.0040
heun,8,16,3,0.0151,0.0006,knn,knn,10000,240000,0.5856,0.0018,0.5903,0.0016,0.5995,0.0019,0.0917,0.0027,0.2809,0.0040,0.1382,0.0026,0.3643,0.0005
heun,8,16,3,0.0151,0.0006,altered_knn,altered_knn,10000,160000,0.7801,0.0028,0.7898,0.0029,0.8006,0.0011,0.0530,0.0019,0.1494,0.0204,0.0780,0.0038,0.4339,0.0017
heun,8,16,3,0.0151,0.0006,quadratic,quadratic,10000,240000,0.9022,0.0015,0.9088,0.0015,0.9087,0.0015,0.4482,0.0121,0.4728,0.0053,0.4601,0.0065,0.6844,0.0029
heun,8,16,3,0.0151,0.0006,polar3,polar,10000,240000,0.9508,0.0021,0.9580,0.0017,0.9574,0.0019,0.5070,0.0067,0.4826,0.0119,0.4945,0.0087,0.7262,0.0047
heun,8,16,3,0.0151,0.0006,knn,knn,15000,360000,0.6003,0.0013,0.6051,0.0011,0.6138,0.0015,0.0999,0.0048,0.2885,0.0025,0.1483,0.0050,0.3767,0.0021
heun,8,16,3,0.0151,0.0006,altered_knn,altered_knn,15000,240000,0.7950,0.0006,0.8062,0.0011,0.8065,0.0014,0.0608,0.0030,0.0680,0.0147,0.0634,0.0065,0.4348,0.0033
heun,8,16,3,0.0151,0.0006,quadratic,quadratic,15000,360000,0.9096,0.0025,0.9166,0.0023,0.9155,0.0025,0.5091,0.0118,0.4568,0.0074,0.4814,0.0042,0.6990,0.0010
heun,8,16,3,0.0151,0.0006,polar3,polar,15000,360000,0.9530,0.0022,0.9602,0.0018,0.9594,0.0021,0.5232,0.0087,0.4845,0.0119,0.5030,0.0082,0.7316,0.0044
heun,8,16,3,0.0151,0.0006,knn,knn,20000,480000,0.6106,0.0011,0.6156,0.0008,0.6238,0.0013,0.1047,0.0034,0.2886,0.0062,0.1535,0.0030,0.3845,0.0011
heun,8,16,3,0.0151,0.0006,altered_knn,altered_knn,20000,320000,0.7727,0.0149,0.7805,0.0170,0.8092,0.0022,0.0488,0.0060,0.2666,0.0995,0.0787,0.0003,0.4296,0.0086
heun,8,16,3,0.0151,0.0006,quadratic,quadratic,20000,480000,0.9129,0.0027,0.9200,0.0025,0.9186,0.0027,0.5356,0.0112,0.4498,0.0078,0.4888,0.0041,0.7044,0.0009
heun,8,16,3,0.0151,0.0006,polar3,polar,20000,480000,0.9540,0.0023,0.9612,0.0019,0.9604,0.0021,0.5298,0.0064,0.4835,0.0111,0.5055,0.0074,0.7334,0.0042
heun,16,2,3,0.0139,0.0005,knn,knn,2000,6000,0.7867,0.0006,0.7976,0.0010,0.7919,0.0007,0.3394,0.0686,0.0136,0.0040,0.0262,0.0076,0.4119,0.0039
heun,16,2,3,0.0139,0.0005,altered_knn,altered_knn,2000,4000,0.7432,0.0917,0.7477,0.0952,0.8369,0.0545,0.0271,0.0029,0.4289,0.1689,0.0502,0.0039,0.3989,0.0495
heun,16,2,3,0.0139,0.0005,quadratic,quadratic,2000,6000,0.9757,0.0003,0.9841,0.0003,0.9801,0.0002,0.8979,0.0120,0.3787,0.0145,0.5327,0.0164,0.7584,0.0081
heun,16,2,3,0.0139,0.0005,polar3,polar,2000,6000,0.9772,0.0009,0.9819,0.0012,0.9801,0.0008,0.8698,0.0431,0.6453,0.0095,0.7402,0.0110,0.8610,0.0061
heun,16,2,3,0.0139,0.0005,knn,knn,5000,15000,0.7908,0.0016,0.8018,0.0020,0.7962,0.0017,0.3937,0.0707,0.0118,0.0028,0.0229,0.0054,0.4123,0.0025
heun,16,2,3,0.0139,0.0005,altered_knn,altered_knn,5000,10000,0.8587,0.0058,0.8682,0.0064,0.9007,0.0019,0.0301,0.0015,0.1842,0.0244,0.0516,0.0016,0.4599,0.0033
heun,16,2,3,0.0139,0.0005,quadratic,quadratic,5000,15000,0.9807,0.0006,0.9892,0.0011,0.9851,0.0009,0.9484,0.0078,0.3765,0.0176,0.5388,0.0193,0.7640,0.0091
heun,16,2,3,0.0139,0.0005,polar3,polar,5000,15000,0.9886,0.0011,0.9921,0.0015,0.9918,0.0006,0.7808,0.1065,0.7351,0.0185,0.7527,0.0399,0.8724,0.0206
heun,16,2,3,0.0139,0.0005,knn,knn,10000,30000,0.7948,0.0019,0.8058,0.0022,0.7998,0.0022,0.5026,0.0540,0.0137,0.0022,0.0267,0.0042,0.4162,0.0027
heun,16,2,3,0.0139,0.0005,altered_knn,altered_knn,10000,20000,0.8284,0.0469,0.8362,0.0493,0.8872,0.0211,0.0307,0.0034,0.2747,0.1192,0.0541,0.0047,0.4451,0.0259
heun,16,2,3,0.0139,0.0005,quadratic,quadratic,10000,30000,0.9833,0.0006,0.9920,0.0004,0.9877,0.0004,0.9601,0.0058,0.3702,0.0128,0.5343,0.0141,0.7631,0.0069
heun,16,2,3,0.0139,0.0005,polar3,polar,10000,30000,0.9910,0.0002,0.9943,0.0005,0.9937,0.0001,0.8321,0.0461,0.7529,0.0179,0.7894,0.0136,0.8919,0.0070
heun,16,2,3,0.0139,0.0005,knn,knn,15000,45000,0.7998,0.0007,0.8108,0.0007,0.8049,0.0007,0.5150,0.0998,0.0137,0.0016,0.0267,0.0031,0.4188,0.0018
heun,16,2,3,0.0139,0.0005,altered_knn,altered_knn,15000,30000,0.7960,0.0425,0.8021,0.0444,0.8724,0.0199,0.0299,0.0021,0.3660,0.1046,0.0546,0.0024,0.4283,0.0229
heun,16,2,3,0.0139,0.0005,quadratic,quadratic,15000,45000,0.9841,0.0005,0.9927,0.0005,0.9884,0.0004,0.9620,0.0042,0.3714,0.0120,0.5358,0.0129,0.7643,0.0062
heun,16,2,3,0.0139,0.0005,polar3,polar,15000,45000,0.9912,0.0002,0.9945,0.0005,0.9941,0.0001,0.8097,0.0371,0.7574,0.0164,0.7819,0.0127,0.8882,0.0065
heun,16,2,3,0.0139,0.0005,knn,knn,20000,60000,0.8025,0.0011,0.8136,0.0015,0.8077,0.0013,0.5238,0.0587,0.0132,0.0017,0.0258,0.0033,0.4197,0.0016
heun,16,2,3,0.0139,0.0005,altered_knn,altered_knn,20000,40000,0.8340,0.0447,0.8424,0.0472,0.8887,0.0192,0.0291,0.0039,0.2413,0.1204,0.0505,0.0058,0.4464,0.0241
heun,16,2,3,0.0139,0.0005,quadratic,quadratic,20000,60000,0.9843,0.0003,0.9929,0.0004,0.9886,0.0003,0.9714,0.0043,0.3675,0.0105,0.5332,0.0116,0.7631,0.0056
heun,16,2,3,0.0139,0.0005,polar3,polar,20000,60000,0.9917,0.0003,0.9950,0.0005,0.9944,0.0001,0.8245,0.0369,0.7590,0.0158,0.7897,0.0122,0.8923,0.0063
heun,16,4,3,0.0130,0.0003,knn,knn,2000,12000,0.6195,0.0011,0.6273,0.0010,0.6235,0.0010,0.1687,0.0243,0.0320,0.0030,0.0536,0.0040,0.3404,0.0025
heun,16,4,3,0.0130,0.0003,altered_knn,altered_knn,2000,8000,0.8140,0.0235,0.8227,0.0252,0.8390,0.0075,0.0451,0.0089,0.1552,0.0982,0.0628,0.0045,0.4427,0.0135
heun,16,4,3,0.0130,0.0003,quadratic,quadratic,2000,12000,0.9539,0.0024,0.9605,0.0025,0.9576,0.0025,0.8256,0.0041,0.4562,0.0087,0.5876,0.0072,0.7740,0.0024
heun,16,4,3,0.0130,0.0003,polar3,polar,2000,12000,0.9538,0.0008,0.9581,0.0008,0.9599,0.0011,0.4739,0.0147,0.6230,0.0070,0.5382,0.0118,0.7482,0.0055
heun,16,4,3,0.0130,0.0003,knn,knn,5000,30000,0.6309,0.0020,0.6387,0.0020,0.6349,0.0021,0.2111,0.0129,0.0341,0.0067,0.0585,0.0101,0.3486,0.0059
heun,16,4,3,0.0130,0.0003,altered_knn,altered_knn,5000,20000,0.8334,0.0018,0.8433,0.0020,0.8482,0.0021,0.0451,0.0039,0.0829,0.0231,0.0567,0.0029,0.4500,0.0005
heun,16,4,3,0.0130,0.0003,quadratic,quadratic,5000,30000,0.9619,0.0027,0.9686,0.0027,0.9655,0.0027,0.8702,0.0045,0.4518,0.0024,0.5948,0.0026,0.7817,0.0008
heun,16,4,3,0.0130,0.0003,polar3,polar,5000,30000,0.9738,0.0021,0.9781,0.0021,0.9794,0.0016,0.5395,0.0390,0.6511,0.0132,0.5891,0.0218,0.7836,0.0120
heun,16,4,3,0.0130,0.0003,knn,knn,10000,60000,0.6424,0.0009,0.6505,0.0007,0.6463,0.0009,0.2296,0.0116,0.0322,0.0039,0.0565,0.0062,0.3535,0.0034
heun,16,4,3,0.0130,0.0003,altered_knn,altered_knn,10000,40000,0.8140,0.0311,0.8228,0.0331,0.8436,0.0077,0.0396,0.0086,0.1523,0.1180,0.0534,0.0019,0.4381,0.0175
heun,16,4,3,0.0130,0.0003,quadratic,quadratic,10000,60000,0.9649,0.0026,0.9717,0.0027,0.9685,0.0027,0.8803,0.0052,0.4485,0.0047,0.5942,0.0053,0.7830,0.0019
heun,16,4,3,0.0130,0.0003,polar3,polar,10000,60000,0.9778,0.0013,0.9821,0.0014,0.9833,0.0013,0.5452,0.0134,0.6516,0.0145,0.5934,0.0031,0.7877,0.0015
heun,16,4,3,0.0130,0.0003,knn,knn,15000,90000,0.6474,0.0035,0.6556,0.0036,0.6512,0.0036,0.2644,0.0061,0.0333,0.0019,0.0591,0.0029,0.3573,0.0026
heun,16,4,3,0.0130,0.0003,altered_knn,altered_knn,15000,60000,0.8178,0.0196,0.8266,0.0210,0.8461,0.0051,0.0361,0.0054,0.1499,0.0776,0.0543,0.0010,0.4405,0.0110
heun,16,4,3,0.0130,0.0003,quadratic,quadratic,15000,90000,0.9661,0.0030,0.9729,0.0031,0.9697,0.0031,0.8862,0.0034,0.4512,0.0099,0.5979,0.0094,0.7854,0.0034
heun,16,4,3,0.0130,0.0003,polar3,polar,15000,90000,0.9792,0.0005,0.9835,0.0005,0.9845,0.0007,0.5589,0.0233,0.6535,0.0168,0.6023,0.0193,0.7929,0.0094
heun,16,4,3,0.0130,0.0003,knn,knn,20000,120000,0.6507,0.0020,0.6588,0.0021,0.6546,0.0019,0.2640,0.0034,0.0320,0.0022,0.0571,0.0035,0.3580,0.0015
heun,16,4,3,0.0130,0.0003,altered_knn,altered_knn,20000,80000,0.8246,0.0166,0.8338,0.0177,0.8470,0.0031,0.0403,0.0046,0.1220,0.0840,0.0536,0.0054,0.4437,0.0065
heun,16,4,3,0.0130,0.0003,quadratic,quadratic,20000,120000,0.9666,0.0031,0.9735,0.0032,0.9703,0.0032,0.8917,0.0033,0.4487,0.0095,0.5969,0.0091,0.7852,0.0036
heun,16,4,3,0.0130,0.0003,polar3,polar,20000,120000,0.9799,0.0010,0.9842,0.0010,0.9851,0.0010,0.5678,0.0051,0.6542,0.0158,0.6079,0.0097,0.7960,0.0046
heun,16,8,3,0.0139,0.0002,knn,knn,2000,24000,0.4931,0.0028,0.4990,0.0029,0.4971,0.0026,0.1029,0.0137,0.0772,0.0038,0.0874,0.0029,0.2932,0.0027
heun,16,8,3,0.0139,0.0002,altered_knn,altered_knn,2000,16000,0.7588,0.0113,0.7666,0.0128,0.7865,0.0008,0.0455,0.0028,0.2062,0.0942,0.0717,0.0027,0.4191,0.0055
heun,16,8,3,0.0139,0.0002,quadratic,quadratic,2000,24000,0.9236,0.0038,0.9300,0.0039,0.9277,0.0038,0.6930,0.0131,0.4718,0.0060,0.5613,0.0025,0.7456,0.0029
heun,16,8,3,0.0139,0.0002,polar3,polar,2000,24000,0.9440,0.0024,0.9495,0.0025,0.9477,0.0024,0.7017,0.0131,0.5514,0.0102,0.6174,0.0095,0.7835,0.0055
heun,16,8,3,0.0139,0.0002,knn,knn,5000,60000,0.5087,0.0030,0.5148,0.0032,0.5127,0.0030,0.1122,0.0064,0.0738,0.0010,0.0889,0.0015,0.3019,0.0022
heun,16,8,3,0.0139,0.0002,altered_knn,altered_knn,5000,40000,0.7597,0.0176,0.7676,0.0194,0.7899,0.0025,0.0447,0.0094,0.2006,0.1059,0.0637,0.0052,0.4156,0.0087
heun,16,8,3,0.0139,0.0002,quadratic,quadratic,5000,60000,0.9325,0.0038,0.9389,0.0039,0.9365,0.0038,0.7205,0.0156,0.4787,0.0059,0.5751,0.0039,0.7570,0.0036
heun,16,8,3,0.0139,0.0002,polar3,polar,5000,60000,0.9610,0.0019,0.9668,0.0019,0.9647,0.0019,0.7580,0.0095,0.5501,0.0109,0.6375,0.0104,0.8022,0.0055
heun,16,8,3,0.0139,0.0002,knn,knn,10000,120000,0.5214,0.0022,0.5277,0.0023,0.5253,0.0020,0.1284,0.0091,0.0744,0.0014,0.0942,0.0036,0.3109,0.0029
heun,16,8,3,0.0139,0.0002,altered_knn,altered_knn,10000,80000,0.7682,0.0119,0.7769,0.0130,0.7924,0.0031,0.0409,0.0047,0.1516,0.0624,0.0616,0.0023,0.4192,0.0060
heun,16,8,3,0.0139,0.0002,quadratic,quadratic,10000,120000,0.9350,0.0041,0.9415,0.0043,0.9390,0.0041,0.7332,0.0148,0.4788,0.0064,0.5792,0.0052,0.7603,0.0042
heun,16,8,3,0.0139,0.0002,polar3,polar,10000,120000,0.9666,0.0017,0.9724,0.0017,0.9703,0.0017,0.7781,0.0074,0.5517,0.0105,0.6456,0.0090,0.8090,0.0046
heun,16,8,3,0.0139,0.0002,knn,knn,15000,180000,0.5289,0.0032,0.5354,0.0034,0.5328,0.0032,0.1383,0.0071,0.0708,0.0003,0.0936,0.0019,0.3145,0.0024
heun,16,8,3,0.0139,0.0002,altered_knn,altered_knn,15000,120000,0.7737,0.0111,0.7829,0.0123,0.7929,0.0024,0.0456,0.0064,0.1203,0.0798,0.0570,0.0108,0.4200,0.0023
heun,16,8,3,0.0139,0.0002,quadratic,quadratic,15000,180000,0.9364,0.0041,0.9429,0.0043,0.9403,0.0042,0.7409,0.0145,0.4784,0.0073,0.5813,0.0052,0.7621,0.0041
heun,16,8,3,0.0139,0.0002,polar3,polar,15000,180000,0.9682,0.0015,0.9740,0.0016,0.9718,0.0015,0.7987,0.0018,0.5513,0.0092,0.6523,0.0064,0.8132,0.0032
heun,16,8,3,0.0139,0.0002,knn,knn,20000,240000,0.5346,0.0031,0.5412,0.0033,0.5385,0.0030,0.1523,0.0037,0.0698,0.0043,0.0957,0.0045,0.3184,0.0013
heun,16,8,3,0.0139,0.0002,altered_knn,altered_knn,20000,160000,0.7665,0.0126,0.7747,0.0141,0.7933,0.0011,0.0453,0.0065,0.1808,0.1024,0.0613,0.0125,0.4180,0.0012
heun,16,8,3,0.0139,0.0002,quadratic,quadratic,20000,240000,0.9395,0.0041,0.9461,0.0043,0.9433,0.0042,0.7802,0.0146,0.4685,0.0091,0.5853,0.0049,0.7657,0.0033
heun,16,8,3,0.0139,0.0002,polar3,polar,20000,240000,0.9702,0.0015,0.9760,0.0015,0.9735,0.0014,0.8474,0.0058,0.5563,0.0101,0.6716,0.0087,0.8238,0.0046
heun,16,16,3,0.0147,0.0001,knn,knn,2000,48000,0.3955,0.0021,0.3995,0.0021,0.4004,0.0015,0.0671,0.0047,0.1252,0.0028,0.0873,0.0038,0.2434,0.0029
heun,16,16,3,0.0147,0.0001,altered_knn,altered_knn,2000,32000,0.7241,0.0046,0.7320,0.0056,0.7461,0.0028,0.0556,0.0052,0.1931,0.0596,0.0839,0.0026,0.4080,0.0033
heun,16,16,3,0.0147,0.0001,quadratic,quadratic,2000,48000,0.9065,0.0045,0.9130,0.0045,0.9119,0.0046,0.5433,0.0002,0.4693,0.0022,0.5036,0.0013,0.7083,0.0029
heun,16,16,3,0.0147,0.0001,polar3,polar,2000,48000,0.9333,0.0021,0.9400,0.0021,0.9375,0.0021,0.7314,0.0111,0.4893,0.0035,0.5863,0.0046,0.7631,0.0032
heun,16,16,3,0.0147,0.0001,knn,knn,5000,120000,0.4168,0.0045,0.4211,0.0046,0.4217,0.0043,0.0777,0.0052,0.1239,0.0014,0.0953,0.0036,0.2582,0.0032
heun,16,16,3,0.0147,0.0001,altered_knn,altered_knn,5000,80000,0.7343,0.0028,0.7437,0.0036,0.7495,0.0040,0.0513,0.0026,0.1090,0.0600,0.0642,0.0168,0.4039,0.0066
heun,16,16,3,0.0147,0.0001,quadratic,quadratic,5000,120000,0.9145,0.0047,0.9211,0.0047,0.9198,0.0048,0.5642,0.0009,0.4753,0.0030,0.5159,0.0020,0.7185,0.0033
heun,16,16,3,0.0147,0.0001,polar3,polar,5000,120000,0.9472,0.0016,0.9541,0.0015,0.9512,0.0016,0.7840,0.0136,0.4837,0.0055,0.5982,0.0048,0.7761,0.0031
heun,16,16,3,0.0147,0.0001,knn,knn,10000,240000,0.4327,0.0040,0.4374,0.0041,0.4375,0.0040,0.0875,0.0043,0.1198,0.0011,0.1011,0.0025,0.2692,0.0025
heun,16,16,3,0.0147,0.0001,altered_knn,altered_knn,10000,160000,0.6978,0.0317,0.7032,0.0350,0.7452,0.0065,0.0425,0.0054,0.3400,0.1921,0.0670,0.0064,0.3851,0.0143
heun,16,16,3,0.0147,0.0001,quadratic,quadratic,10000,240000,0.9210,0.0048,0.9278,0.0048,0.9258,0.0049,0.6228,0.0019,0.4668,0.0035,0.5336,0.0017,0.7307,0.0032
heun,16,16,3,0.0147,0.0001,polar3,polar,10000,240000,0.9537,0.0009,0.9607,0.0008,0.9576,0.0009,0.8141,0.0096,0.4860,0.0058,0.6086,0.0057,0.7846,0.0032
heun,16,16,3,0.0147,0.0001,knn,knn,15000,360000,0.4423,0.0041,0.4471,0.0042,0.4472,0.0041,0.0931,0.0017,0.1205,0.0026,0.1050,0.0008,0.2760,0.0025
heun,16,16,3,0.0147,0.0001,altered_knn,altered_knn,15000,240000,0.7165,0.0267,0.7234,0.0294,0.7503,0.0060,0.0477,0.0063,0.2539,0.1544,0.0749,0.0023,0.3992,0.0159
heun,16,16,3,0.0147,0.0001,quadratic,quadratic,15000,360000,0.9312,0.0046,0.9385,0.0046,0.9355,0.0046,0.7268,0.0054,0.4421,0.0025,0.5497,0.0008,0.7441,0.0026
heun,16,16,3,0.0147,0.0001,polar3,polar,15000,360000,0.9572,0.0008,0.9641,0.0007,0.9611,0.0008,0.8322,0.0040,0.4941,0.0059,0.6201,0.0052,0.7921,0.0029
heun,16,16,3,0.0147,0.0001,knn,knn,20000,480000,0.4478,0.0036,0.4527,0.0036,0.4528,0.0035,0.0936,0.0010,0.1189,0.0024,0.1048,0.0015,0.2787,0.0024
heun,16,16,3,0.0147,0.0001,altered_knn,altered_knn,20000,320000,0.7208,0.0265,0.7281,0.0289,0.7513,0.0064,0.0515,0.0087,0.2316,0.1417,0.0773,0.0039,0.4027,0.0164
heun,16,16,3,0.0147,0.0001,quadratic,quadratic,20000,480000,0.9372,0.0045,0.9447,0.0045,0.9414,0.0045,0.7780,0.0042,0.4327,0.0013,0.5561,0.0003,0.7504,0.0023
heun,16,16,3,0.0147,0.0001,polar3,polar,20000,480000,0.9584,0.0004,0.9652,0.0003,0.9622,0.0004,0.8387,0.0034,0.4980,0.0052,0.6249,0.0041,0.7950,0.0022
heun,32,2,3,0.0143,0.0007,knn,knn,2000,6000,0.7457,0.0041,0.7565,0.0044,0.7507,0.0043,0.1046,0.0556,0.0037,0.0017,0.0071,0.0033,0.3818,0.0020
heun,32,2,3,0.0143,0.0007,altered_knn,altered_knn,2000,4000,0.7375,0.1220,0.7433,0.1265,0.8206,0.0740,0.0254,0.0039,0.3398,0.1886,0.0459,0.0053,0.3946,0.0658
heun,32,2,3,0.0143,0.0007,quadratic,quadratic,2000,6000,0.9524,0.0007,0.9612,0.0009,0.9585,0.0008,0.5649,0.0069,0.3455,0.0057,0.4288,0.0061,0.6950,0.0032
heun,32,2,3,0.0143,0.0007,polar3,polar,2000,6000,0.9631,0.0012,0.9694,0.0008,0.9666,0.0010,0.8863,0.0161,0.5307,0.0143,0.6637,0.0114,0.8165,0.0060
heun,32,2,3,0.0143,0.0007,knn,knn,5000,15000,0.7557,0.0038,0.7667,0.0039,0.7608,0.0039,0.1193,0.0382,0.0031,0.0010,0.0060,0.0020,0.3863,0.0026
heun,32,2,3,0.0143,0.0007,altered_knn,altered_knn,5000,10000,0.7579,0.0639,0.7641,0.0667,0.8459,0.0328,0.0241,0.0040,0.3331,0.1114,0.0440,0.0051,0.4041,0.0356
heun,32,2,3,0.0143,0.0007,quadratic,quadratic,5000,15000,0.9681,0.0003,0.9773,0.0006,0.9733,0.0004,0.7829,0.0250,0.3300,0.0028,0.4642,0.0067,0.7208,0.0035
heun,32,2,3,0.0143,0.0007,polar3,polar,5000,15000,0.9831,0.0003,0.9878,0.0003,0.9855,0.0001,0.9634,0.0082,0.6570,0.0238,0.7809,0.0152,0.8843,0.0075
heun,32,2,3,0.0143,0.0007,knn,knn,10000,30000,0.7620,0.0022,0.7729,0.0018,0.7667,0.0020,0.2214,0.0463,0.0045,0.0011,0.0088,0.0021,0.3908,0.0019
heun,32,2,3,0.0143,0.0007,altered_knn,altered_knn,10000,20000,0.7975,0.0417,0.8047,0.0437,0.8700,0.0205,0.0276,0.0029,0.3086,0.0853,0.0501,0.0039,0.4274,0.0237
heun,32,2,3,0.0143,0.0007,quadratic,quadratic,10000,30000,0.9756,0.0003,0.9850,0.0003,0.9806,0.0002,0.8626,0.0024,0.3253,0.0041,0.4724,0.0041,0.7287,0.0020
heun,32,2,3,0.0143,0.0007,polar3,polar,10000,30000,0.9904,0.0001,0.9940,0.0004,0.9923,0.0002,0.9787,0.0080,0.7396,0.0142,0.8425,0.0112,0.9182,0.0055
heun,32,2,3,0.0143,0.0007,knn,knn,15000,45000,0.7649,0.0009,0.7760,0.0006,0.7697,0.0007,0.1839,0.0542,0.0035,0.0009,0.0068,0.0017,0.3914,0.0006
heun,32,2,3,0.0143,0.0007,altered_knn,altered_knn,15000,30000,0.8449,0.0118,0.8542,0.0129,0.8926,0.0035,0.0300,0.0015,0.2086,0.0444,0.0521,0.0022,0.4532,0.0065
heun,32,2,3,0.0143,0.0007,quadratic,quadratic,15000,45000,0.9781,0.0004,0.9876,0.0004,0.9831,0.0003,0.8861,0.0012,0.3290,0.0080,0.4798,0.0083,0.7337,0.0042
heun,32,2,3,0.0143,0.0007,polar3,polar,15000,45000,0.9917,0.0005,0.9950,0.0008,0.9934,0.0007,0.9822,0.0055,0.7616,0.0161,0.8578,0.0113,0.9264,0.0054
heun,32,2,3,0.0143,0.0007,knn,knn,20000,60000,0.7673,0.0020,0.7784,0.0015,0.7722,0.0018,0.1490,0.0759,0.0026,0.0018,0.0051,0.0034,0.3917,0.0017
heun,32,2,3,0.0143,0.0007,altered_knn,altered_knn,20000,40000,0.8160,0.0440,0.8237,0.0458,0.8797,0.0209,0.0286,0.0007,0.2774,0.1025,0.0514,0.0013,0.4375,0.0224
heun,32,2,3,0.0143,0.0007,quadratic,quadratic,20000,60000,0.9796,0.0005,0.9890,0.0002,0.9845,0.0003,0.8976,0.0084,0.3317,0.0064,0.4844,0.0077,0.7367,0.0039
heun,32,2,3,0.0143,0.0007,polar3,polar,20000,60000,0.9920,0.0007,0.9953,0.0007,0.9937,0.0007,0.9822,0.0041,0.7638,0.0155,0.8593,0.0104,0.9273,0.0053
heun,32,4,3,0.0142,0.0004,knn,knn,2000,12000,0.5654,0.0027,0.5733,0.0029,0.5687,0.0027,0.0915,0.0060,0.0155,0.0010,0.0265,0.0017,0.2999,0.0020
heun,32,4,3,0.0142,0.0004,altered_knn,altered_knn,2000,8000,0.7156,0.0707,0.7216,0.0744,0.7835,0.0263,0.0312,0.0101,0.2924,0.2020,0.0383,0.0110,0.3800,0.0333
heun,32,4,3,0.0142,0.0004,quadratic,quadratic,2000,12000,0.9233,0.0015,0.9313,0.0013,0.9285,0.0015,0.6198,0.0055,0.3700,0.0153,0.4631,0.0105,0.6972,0.0057
heun,32,4,3,0.0142,0.0004,polar3,polar,2000,12000,0.9339,0.0017,0.9394,0.0018,0.9366,0.0018,0.9215,0.0125,0.5537,0.0156,0.6917,0.0157,0.8156,0.0074
heun,32,4,3,0.0142,0.0004,knn,knn,5000,30000,0.5807,0.0003,0.5889,0.0003,0.5845,0.0004,0.0920,0.0219,0.0113,0.0023,0.0201,0.0041,0.3045,0.0020
heun,32,4,3,0.0142,0.0004,altered_knn,altered_knn,5000,20000,0.8176,0.0029,0.8286,0.0031,0.8291,0.0010,0.0487,0.0053,0.0500,0.0263,0.0439,0.0137,0.4362,0.0053
heun,32,4,3,0.0142,0.0004,quadratic,quadratic,5000,30000,0.9482,0.0007,0.9566,0.0008,0.9530,0.0007,0.7622,0.0100,0.3705,0.0075,0.4985,0.0058,0.7275,0.0032
heun,32,4,3,0.0142,0.0004,polar3,polar,5000,30000,0.9663,0.0010,0.9713,0.0010,0.9687,0.0010,0.9762,0.0059,0.6252,0.0117,0.7622,0.0092,0.8667,0.0044
heun,32,4,3,0.0142,0.0004,knn,knn,10000,60000,0.5897,0.0031,0.5980,0.0029,0.5932,0.0030,0.1013,0.0200,0.0112,0.0023,0.0201,0.0042,0.3091,0.0030
heun,32,4,3,0.0142,0.0004,altered_knn,altered_knn,10000,40000,0.8013,0.0297,0.8106,0.0320,0.8307,0.0068,0.0441,0.0109,0.1545,0.1205,0.0571,0.0010,0.4339,0.0164
heun,32,4,3,0.0142,0.0004,quadratic,quadratic,10000,60000,0.9595,0.0009,0.9680,0.0010,0.9642,0.0010,0.8049,0.0123,0.3727,0.0027,0.5095,0.0050,0.7387,0.0021
heun,32,4,3,0.0142,0.0004,polar3,polar,10000,60000,0.9779,0.0003,0.9826,0.0004,0.9802,0.0004,0.9821,0.0065,0.6496,0.0079,0.7819,0.0073,0.8823,0.0035
heun,32,4,3,0.0142,0.0004,knn,knn,15000,90000,0.5959,0.0034,0.6043,0.0033,0.5994,0.0033,0.1170,0.0029,0.0114,0.0008,0.0207,0.0014,0.3125,0.0018
heun,32,4,3,0.0142,0.0004,altered_knn,altered_knn,15000,60000,0.8019,0.0158,0.8108,0.0170,0.8338,0.0031,0.0409,0.0059,0.1848,0.0757,0.0626,0.0031,0.4367,0.0077
heun,32,4,3,0.0142,0.0004,quadratic,quadratic,15000,90000,0.9634,0.0011,0.9718,0.0012,0.9680,0.0012,0.8191,0.0064,0.3748,0.0013,0.5142,0.0025,0.7430,0.0008
heun,32,4,3,0.0142,0.0004,polar3,polar,15000,90000,0.9808,0.0005,0.9855,0.0006,0.9831,0.0005,0.9832,0.0045,0.6540,0.0078,0.7855,0.0069,0.8855,0.0033
heun,32,4,3,0.0142,0.0004,knn,knn,20000,120000,0.5993,0.0009,0.6078,0.0007,0.6029,0.0007,0.1125,0.0130,0.0094,0.0015,0.0173,0.0027,0.3126,0.0011
heun,32,4,3,0.0142,0.0004,altered_knn,altered_knn,20000,80000,0.8065,0.0151,0.8157,0.0166,0.8359,0.0036,0.0401,0.0037,0.1701,0.0760,0.0609,0.0044,0.4383,0.0066
heun,32,4,3,0.0142,0.0004,quadratic,quadratic,20000,120000,0.9654,0.0012,0.9740,0.0012,0.9701,0.0013,0.8284,0.0146,0.3733,0.0059,0.5146,0.0064,0.7443,0.0032
heun,32,4,3,0.0142,0.0004,polar3,polar,20000,120000,0.9814,0.0004,0.9860,0.0004,0.9837,0.0004,0.9833,0.0040,0.6596,0.0118,0.7895,0.0091,0.8878,0.0044
heun,32,8,3,0.0144,0.0002,knn,knn,2000,24000,0.4291,0.0034,0.4348,0.0035,0.4318,0.0034,0.0689,0.0026,0.0345,0.0024,0.0459,0.0022,0.2404,0.0012
heun,32,8,3,0.0144,0.0002,altered_knn,altered_knn,2000,16000,0.7358,0.0162,0.7444,0.0178,0.7582,0.0030,0.0472,0.0090,0.1479,0.0925,0.0636,0.0021,0.4040,0.0079
heun,32,8,3,0.0144,0.0002,quadratic,quadratic,2000,24000,0.8940,0.0016,0.9012,0.0016,0.8992,0.0016,0.5624,0.0069,0.4026,0.0016,0.4692,0.0018,0.6852,0.0016
heun,32,8,3,0.0144,0.0002,polar3,polar,2000,24000,0.9261,0.0016,0.9320,0.0018,0.9289,0.0018,0.9335,0.0069,0.5208,0.0053,0.6686,0.0047,0.8003,0.0016
heun,32,8,3,0.0144,0.0002,knn,knn,5000,60000,0.4443,0.0026,0.4503,0.0027,0.4472,0.0027,0.0802,0.0033,0.0336,0.0012,0.0473,0.0017,0.2488,0.0010
heun,32,8,3,0.0144,0.0002,altered_knn,altered_knn,5000,40000,0.7447,0.0187,0.7525,0.0208,0.7742,0.0011,0.0498,0.0110,0.2105,0.1245,0.0701,0.0034,0.4113,0.0098
heun,32,8,3,0.0144,0.0002,quadratic,quadratic,5000,60000,0.9256,0.0027,0.9331,0.0027,0.9304,0.0027,0.6674,0.0098,0.4142,0.0058,0.5112,0.0068,0.7221,0.0047
heun,32,8,3,0.0144,0.0002,polar3,polar,5000,60000,0.9570,0.0018,0.9630,0.0019,0.9598,0.0019,0.9748,0.0033,0.5466,0.0035,0.7004,0.0027,0.8317,0.0004
heun,32,8,3,0.0144,0.0002,knn,knn,10000,120000,0.4569,0.0005,0.4632,0.0006,0.4601,0.0007,0.0834,0.0037,0.0286,0.0022,0.0425,0.0029,0.2529,0.0012
heun,32,8,3,0.0144,0.0002,altered_knn,altered_knn,10000,80000,0.7692,0.0071,0.7788,0.0082,0.7834,0.0010,0.0629,0.0085,0.1088,0.0625,0.0712,0.0087,0.4250,0.0009
heun,32,8,3,0.0144,0.0002,quadratic,quadratic,10000,120000,0.9376,0.0032,0.9452,0.0032,0.9423,0.0032,0.7047,0.0140,0.4170,0.0051,0.5239,0.0078,0.7346,0.0054
heun,32,8,3,0.0144,0.0002,polar3,polar,10000,120000,0.9665,0.0027,0.9726,0.0028,0.9694,0.0028,0.9822,0.0003,0.5532,0.0031,0.7078,0.0025,0.8402,0.0005
heun,32,8,3,0.0144,0.0002,knn,knn,15000,180000,0.4620,0.0010,0.4683,0.0011,0.4651,0.0011,0.0891,0.0106,0.0292,0.0042,0.0439,0.0060,0.2561,0.0029
heun,32,8,3,0.0144,0.0002,altered_knn,altered_knn,15000,120000,0.7617,0.0169,0.7703,0.0187,0.7849,0.0032,0.0546,0.0097,0.1725,0.1013,0.0748,0.0030,0.4226,0.0102
heun,32,8,3,0.0144,0.0002,quadratic,quadratic,15000,180000,0.9420,0.0033,0.9497,0.0034,0.9467,0.0033,0.7242,0.0129,0.4180,0.0049,0.5300,0.0071,0.7398,0.0051
heun,32,8,3,0.0144,0.0002,polar3,polar,15000,180000,0.9680,0.0033,0.9740,0.0034,0.9708,0.0034,0.9835,0.0009,0.5557,0.0014,0.7102,0.0013,0.8421,0.0012
heun,32,8,3,0.0144,0.0002,knn,knn,20000,240000,0.4645,0.0027,0.4709,0.0028,0.4674,0.0029,0.0878,0.0032,0.0269,0.0002,0.0411,0.0005,0.2560,0.0013
heun,32,8,3,0.0144,0.0002,altered_knn,altered_knn,20000,160000,0.7670,0.0069,0.7761,0.0077,0.7861,0.0023,0.0519,0.0027,0.1439,0.0452,0.0739,0.0054,0.4250,0.0016
heun,32,8,3,0.0144,0.0002,quadratic,quadratic,20000,240000,0.9464,0.0035,0.9544,0.0036,0.9510,0.0035,0.7761,0.0115,0.4030,0.0040,0.5305,0.0061,0.7425,0.0047
heun,32,8,3,0.0144,0.0002,polar3,polar,20000,240000,0.9685,0.0027,0.9745,0.0028,0.9714,0.0028,0.9819,0.0003,0.5569,0.0023,0.7107,0.0019,0.8426,0.0008
heun,32,16,3,0.0153,0.0007,knn,knn,2000,48000,0.3244,0.0031,0.3285,0.0033,0.3261,0.0030,0.0560,0.0009,0.0577,0.0020,0.0568,0.0011,0.1927,0.0014
heun,32,16,3,0.0153,0.0007,altered_knn,altered_knn,2000,32000,0.7018,0.0050,0.7107,0.0061,0.7163,0.0021,0.0631,0.0054,0.1284,0.0447,0.0805,0.0079,0.3956,0.0017
heun,32,16,3,0.0153,0.0007,quadratic,quadratic,2000,48000,0.8703,0.0010,0.8772,0.0014,0.8764,0.0011,0.4602,0.0135,0.4259,0.0088,0.4422,0.0060,0.6597,0.0035
heun,32,16,3,0.0153,0.0007,polar3,polar,2000,48000,0.9160,0.0011,0.9229,0.0015,0.9192,0.0013,0.9455,0.0089,0.4752,0.0142,0.6323,0.0108,0.7776,0.0047
heun,32,16,3,0.0153,0.0007,knn,knn,5000,120000,0.3389,0.0028,0.3433,0.0030,0.3407,0.0027,0.0625,0.0010,0.0555,0.0004,0.0588,0.0004,0.2010,0.0017
heun,32,16,3,0.0153,0.0007,altered_knn,altered_knn,5000,80000,0.7201,0.0053,0.7295,0.0066,0.7326,0.0012,0.0763,0.0104,0.1162,0.0554,0.0849,0.0072,0.4072,0.0010
heun,32,16,3,0.0153,0.0007,quadratic,quadratic,5000,120000,0.9038,0.0017,0.9109,0.0021,0.9095,0.0018,0.5352,0.0145,0.4438,0.0087,0.4850,0.0059,0.6980,0.0035
heun,32,16,3,0.0153,0.0007,polar3,polar,5000,120000,0.9406,0.0020,0.9479,0.0025,0.9440,0.0022,0.9656,0.0068,0.4728,0.0137,0.6346,0.0109,0.7912,0.0042
heun,32,16,3,0.0153,0.0007,knn,knn,10000,240000,0.3508,0.0023,0.3555,0.0025,0.3530,0.0021,0.0685,0.0025,0.0500,0.0020,0.0578,0.0019,0.2067,0.0019
heun,32,16,3,0.0153,0.0007,altered_knn,altered_knn,10000,160000,0.7264,0.0014,0.7361,0.0017,0.7382,0.0023,0.0727,0.0049,0.0975,0.0453,0.0759,0.0203,0.4060,0.0093
heun,32,16,3,0.0153,0.0007,quadratic,quadratic,10000,240000,0.9207,0.0028,0.9283,0.0033,0.9258,0.0029,0.6308,0.0186,0.4321,0.0123,0.5127,0.0105,0.7205,0.0056
heun,32,16,3,0.0153,0.0007,polar3,polar,10000,240000,0.9491,0.0015,0.9565,0.0021,0.9526,0.0018,0.9719,0.0062,0.4748,0.0145,0.6378,0.0118,0.7971,0.0051
heun,32,16,3,0.0153,0.0007,knn,knn,15000,360000,0.3564,0.0026,0.3612,0.0029,0.3586,0.0025,0.0710,0.0010,0.0502,0.0026,0.0587,0.0016,0.2100,0.0008
heun,32,16,3,0.0153,0.0007,altered_knn,altered_knn,15000,240000,0.7152,0.0076,0.7227,0.0090,0.7410,0.0011,0.0566,0.0043,0.2358,0.0760,0.0886,0.0025,0.4056,0.0033
heun,32,16,3,0.0153,0.0007,quadratic,quadratic,15000,360000,0.9337,0.0027,0.9420,0.0032,0.9382,0.0029,0.7869,0.0181,0.3984,0.0132,0.5288,0.0115,0.7354,0.0053
heun,32,16,3,0.0153,0.0007,polar3,polar,15000,360000,0.9508,0.0015,0.9582,0.0018,0.9543,0.0017,0.9759,0.0075,0.4797,0.0145,0.6430,0.0114,0.8006,0.0053
heun,32,16,3,0.0153,0.0007,knn,knn,20000,480000,0.3604,0.0031,0.3652,0.0034,0.3627,0.0030,0.0737,0.0027,0.0486,0.0010,0.0585,0.0010,0.2119,0.0019
heun,32,16,3,0.0153,0.0007,altered_knn,altered_knn,20000,320000,0.7219,0.0032,0.7307,0.0039,0.7404,0.0025,0.0588,0.0035,0.1585,0.0451,0.0842,0.0050,0.4074,0.0022
heun,32,16,3,0.0153,0.0007,quadratic,quadratic,20000,480000,0.9411,0.0021,0.9497,0.0027,0.9456,0.0024,0.8580,0.0134,0.3847,0.0118,0.5310,0.0105,0.7404,0.0044
heun,32,16,3,0.0153,0.0007,polar3,polar,20000,480000,0.9540,0.0021,0.9611,0.0026,0.9575,0.0023,0.9278,0.0162,0.4960,0.0156,0.6461,0.0093,0.8036,0.0036
heun,64,2,3,0.0161,0.0004,knn,knn,2000,6000,0.7107,0.0051,0.7223,0.0049,0.7157,0.0053,0.0549,0.0245,0.0027,0.0013,0.0051,0.0025,0.3637,0.0036
heun,64,2,3,0.0161,0.0004,altered_knn,altered_knn,2000,4000,0.7973,0.0062,0.8070,0.0065,0.8512,0.0028,0.0273,0.0032,0.2020,0.0379,0.0481,0.0061,0.4276,0.0030
heun,64,2,3,0.0161,0.0004,quadratic,quadratic,2000,6000,0.6305,0.0070,0.6352,0.0073,0.7102,0.0057,0.0251,0.0006,0.3491,0.0073,0.0468,0.0010,0.3410,0.0041
heun,64,2,3,0.0161,0.0004,polar3,polar,2000,6000,0.9435,0.0030,0.9515,0.0036,0.9481,0.0032,0.8049,0.0119,0.4557,0.0274,0.5812,0.0197,0.7664,0.0083
heun,64,2,3,0.0161,0.0004,knn,knn,5000,15000,0.7216,0.0033,0.7334,0.0032,0.7269,0.0033,0.0582,0.0201,0.0021,0.0007,0.0040,0.0014,0.3687,0.0010
heun,64,2,3,0.0161,0.0004,altered_knn,altered_knn,5000,10000,0.7687,0.0706,0.7770,0.0738,0.8413,0.0364,0.0260,0.0030,0.2631,0.1246,0.0463,0.0044,0.4116,0.0379
heun,64,2,3,0.0161,0.0004,quadratic,quadratic,5000,15000,0.9171,0.0010,0.9263,0.0015,0.9297,0.0013,0.2467,0.0038,0.3559,0.0187,0.2913,0.0088,0.6088,0.0037
heun,64,2,3,0.0161,0.0004,polar3,polar,5000,15000,0.9657,0.0004,0.9723,0.0008,0.9691,0.0006,0.9536,0.0098,0.5632,0.0208,0.7078,0.0140,0.8400,0.0067
heun,64,2,3,0.0161,0.0004,knn,knn,10000,30000,0.7273,0.0030,0.7392,0.0028,0.7324,0.0030,0.0452,0.0215,0.0012,0.0005,0.0024,0.0009,0.3708,0.0010
heun,64,2,3,0.0161,0.0004,altered_knn,altered_knn,10000,20000,0.7800,0.0553,0.7884,0.0581,0.8519,0.0264,0.0271,0.0023,0.2688,0.1068,0.0484,0.0023,0.4184,0.0302
heun,64,2,3,0.0161,0.0004,quadratic,quadratic,10000,30000,0.9487,0.0006,0.9585,0.0010,0.9568,0.0010,0.4451,0.0134,0.3487,0.0072,0.3910,0.0090,0.6748,0.0040
heun,64,2,3,0.0161,0.0004,polar3,polar,10000,30000,0.9810,0.0004,0.9862,0.0003,0.9836,0.0003,0.9815,0.0038,0.6602,0.0134,0.7894,0.0100,0.8878,0.0051
heun,64,2,3,0.0161,0.0004,knn,knn,15000,45000,0.7313,0.0030,0.7432,0.0029,0.7364,0.0030,0.0809,0.0120,0.0021,0.0006,0.0040,0.0011,0.3736,0.0009
heun,64,2,3,0.0161,0.0004,altered_knn,altered_knn,15000,30000,0.8036,0.0444,0.8132,0.0468,0.8660,0.0184,0.0263,0.0026,0.2203,0.0989,0.0460,0.0039,0.4296,0.0235
heun,64,2,3,0.0161,0.0004,quadratic,quadratic,15000,45000,0.9582,0.0002,0.9682,0.0002,0.9652,0.0002,0.5544,0.0164,0.3466,0.0069,0.4265,0.0099,0.6974,0.0049
heun,64,2,3,0.0161,0.0004,polar3,polar,15000,45000,0.9857,0.0004,0.9903,0.0000,0.9880,0.0002,0.9890,0.0045,0.7036,0.0198,0.8221,0.0133,0.9062,0.0067
heun,64,2,3,0.0161,0.0004,knn,knn,20000,60000,0.7341,0.0035,0.7461,0.0034,0.7394,0.0035,0.0869,0.0376,0.0019,0.0009,0.0036,0.0017,0.3749,0.0022
heun,64,2,3,0.0161,0.0004,altered_knn,altered_knn,20000,40000,0.8444,0.0050,0.8559,0.0051,0.8851,0.0033,0.0277,0.0035,0.1401,0.0222,0.0463,0.0061,0.4511,0.0016
heun,64,2,3,0.0161,0.0004,quadratic,quadratic,20000,60000,0.9616,0.0007,0.9718,0.0003,0.9684,0.0004,0.5980,0.0255,0.3392,0.0229,0.4328,0.0252,0.7023,0.0127
heun,64,2,3,0.0161,0.0004,polar3,polar,20000,60000,0.9869,0.0012,0.9911,0.0008,0.9890,0.0010,0.9904,0.0016,0.7287,0.0206,0.8394,0.0133,0.9153,0.0071
heun,64,4,3,0.0156,0.0006,knn,knn,2000,12000,0.5146,0.0019,0.5226,0.0017,0.5179,0.0015,0.0448,0.0108,0.0094,0.0023,0.0156,0.0037,0.2691,0.0010
heun,64,4,3,0.0156,0.0006,altered_knn,altered_knn,2000,8000,0.7548,0.0099,0.7659,0.0112,0.7708,0.0003,0.0369,0.0169,0.0529,0.0519,0.0286,0.0121,0.3973,0.0005
heun,64,4,3,0.0156,0.0006,quadratic,quadratic,2000,12000,0.7174,0.0018,0.7234,0.0019,0.7477,0.0011,0.0661,0.0025,0.3376,0.0148,0.1106,0.0037,0.4170,0.0014
heun,64,4,3,0.0156,0.0006,polar3,polar,2000,12000,0.9213,0.0054,0.9282,0.0056,0.9246,0.0055,0.9512,0.0035,0.4839,0.0136,0.6413,0.0115,0.7848,0.0049
heun,64,4,3,0.0156,0.0006,knn,knn,5000,30000,0.5300,0.0019,0.5383,0.0017,0.5335,0.0014,0.0477,0.0045,0.0078,0.0007,0.0134,0.0012,0.2759,0.0014
heun,64,4,3,0.0156,0.0006,altered_knn,altered_knn,5000,20000,0.7737,0.0062,0.7849,0.0072,0.7914,0.0009,0.0328,0.0039,0.0663,0.0365,0.0400,0.0088,0.4124,0.0032
heun,64,4,3,0.0156,0.0006,quadratic,quadratic,5000,30000,0.8875,0.0011,0.8958,0.0011,0.8961,0.0010,0.3448,0.0063,0.3609,0.0022,0.3526,0.0039,0.6242,0.0022
heun,64,4,3,0.0156,0.0006,polar3,polar,5000,30000,0.9484,0.0013,0.9542,0.0016,0.9511,0.0015,0.9795,0.0034,0.5829,0.0131,0.7307,0.0099,0.8425,0.0045
heun,64,4,3,0.0156,0.0006,knn,knn,10000,60000,0.5395,0.0018,0.5480,0.0015,0.5428,0.0010,0.0506,0.0063,0.0070,0.0011,0.0123,0.0018,0.2801,0.0002
heun,64,4,3,0.0156,0.0006,altered_knn,altered_knn,10000,40000,0.7687,0.0266,0.7788,0.0282,0.8001,0.0068,0.0309,0.0027,0.1266,0.0943,0.0417,0.0103,0.4103,0.0100
heun,64,4,3,0.0156,0.0006,quadratic,quadratic,10000,60000,0.9232,0.0010,0.9320,0.0011,0.9301,0.0011,0.4870,0.0041,0.3658,0.0040,0.4178,0.0040,0.6749,0.0018
heun,64,4,3,0.0156,0.0006,polar3,polar,10000,60000,0.9682,0.0016,0.9732,0.0019,0.9706,0.0017,0.9910,0.0027,0.6519,0.0204,0.7863,0.0140,0.8797,0.0066
heun,64,4,3,0.0156,0.0006,knn,knn,15000,90000,0.5446,0.0017,0.5531,0.0014,0.5479,0.0011,0.0510,0.0017,0.0061,0.0003,0.0109,0.0005,0.2820,0.0008
heun,64,4,3,0.0156,0.0006,altered_knn,altered_knn,15000,60000,0.7912,0.0073,0.8025,0.0076,0.8107,0.0020,0.0322,0.0027,0.0751,0.0355,0.0430,0.0099,0.4228,0.0012
heun,64,4,3,0.0156,0.0006,quadratic,quadratic,15000,90000,0.9363,0.0012,0.9453,0.0013,0.9429,0.0011,0.5449,0.0069,0.3708,0.0125,0.4413,0.0107,0.6933,0.0048
heun,64,4,3,0.0156,0.0006,polar3,polar,15000,90000,0.9748,0.0016,0.9798,0.0018,0.9772,0.0017,0.9926,0.0004,0.6610,0.0174,0.7934,0.0124,0.8866,0.0061
heun,64,4,3,0.0156,0.0006,knn,knn,20000,120000,0.5479,0.0024,0.5565,0.0021,0.5513,0.0019,0.0564,0.0080,0.0064,0.0009,0.0116,0.0016,0.2840,0.0019
heun,64,4,3,0.0156,0.0006,altered_knn,altered_knn,20000,80000,0.8027,0.0057,0.8148,0.0058,0.8157,0.0013,0.0370,0.0028,0.0409,0.0273,0.0326,0.0159,0.4237,0.0062
heun,64,4,3,0.0156,0.0006,quadratic,quadratic,20000,120000,0.9424,0.0011,0.9517,0.0011,0.9489,0.0011,0.5703,0.0040,0.3622,0.0083,0.4430,0.0058,0.6973,0.0028
heun,64,4,3,0.0156,0.0006,polar3,polar,20000,120000,0.9754,0.0009,0.9803,0.0013,0.9777,0.0011,0.9936,0.0011,0.6691,0.0178,0.7996,0.0126,0.8899,0.0058
heun,64,8,3,0.0162,0.0003,knn,knn,2000,24000,0.3685,0.0015,0.3743,0.0015,0.3711,0.0008,0.0361,0.0008,0.0199,0.0016,0.0256,0.0015,0.1999,0.0002
heun,64,8,3,0.0162,0.0003,altered_knn,altered_knn,2000,16000,0.6801,0.0153,0.6898,0.0167,0.7000,0.0023,0.0379,0.0059,0.0943,0.0687,0.0459,0.0058,0.3678,0.0068
heun,64,8,3,0.0162,0.0003,quadratic,quadratic,2000,24000,0.7119,0.0021,0.7182,0.0021,0.7290,0.0020,0.1163,0.0032,0.3294,0.0004,0.1719,0.0035,0.4450,0.0024
heun,64,8,3,0.0162,0.0003,polar3,polar,2000,24000,0.9023,0.0024,0.9092,0.0023,0.9055,0.0023,0.9559,0.0043,0.4830,0.0009,0.6417,0.0003,0.7755,0.0013
heun,64,8,3,0.0162,0.0003,knn,knn,5000,60000,0.3826,0.0018,0.3886,0.0017,0.3850,0.0011,0.0440,0.0017,0.0199,0.0015,0.0274,0.0017,0.2080,0.0015
heun,64,8,3,0.0162,0.0003,altered_knn,altered_knn,5000,40000,0.6946,0.0186,0.7034,0.0201,0.7246,0.0017,0.0390,0.0092,0.1533,0.0813,0.0551,0.0008,0.3793,0.0102
heun,64,8,3,0.0162,0.0003,quadratic,quadratic,5000,60000,0.8542,0.0009,0.8622,0.0008,0.8620,0.0008,0.3725,0.0045,0.3654,0.0063,0.3689,0.0044,0.6155,0.0020
heun,64,8,3,0.0162,0.0003,polar3,polar,5000,60000,0.9416,0.0026,0.9481,0.0025,0.9446,0.0026,0.9823,0.0020,0.5465,0.0003,0.7023,0.0005,0.8252,0.0011
heun,64,8,3,0.0162,0.0003,knn,knn,10000,120000,0.3949,0.0015,0.4011,0.0014,0.3977,0.0008,0.0466,0.0007,0.0181,0.0001,0.0261,0.0002,0.2136,0.0007
heun,64,8,3,0.0162,0.0003,altered_knn,altered_knn,10000,80000,0.7099,0.0230,0.7189,0.0252,0.7412,0.0031,0.0390,0.0073,0.1619,0.1109,0.0544,0.0035,0.3867,0.0110
heun,64,8,3,0.0162,0.0003,quadratic,quadratic,10000,120000,0.8961,0.0007,0.9047,0.0006,0.9029,0.0007,0.4866,0.0111,0.3759,0.0071,0.4241,0.0085,0.6644,0.0040
heun,64,8,3,0.0162,0.0003,polar3,polar,10000,120000,0.9536,0.0021,0.9601,0.0020,0.9566,0.0021,0.9875,0.0036,0.5602,0.0006,0.7149,0.0005,0.8375,0.0010
heun,64,8,3,0.0162,0.0003,knn,knn,15000,180000,0.4001,0.0018,0.4064,0.0018,0.4028,0.0012,0.0510,0.0026,0.0191,0.0008,0.0278,0.0012,0.2171,0.0003
heun,64,8,3,0.0162,0.0003,altered_knn,altered_knn,15000,120000,0.7115,0.0119,0.7198,0.0128,0.7502,0.0014,0.0358,0.0034,0.2078,0.0528,0.0599,0.0023,0.3898,0.0071
heun,64,8,3,0.0162,0.0003,quadratic,quadratic,15000,180000,0.9121,0.0010,0.9208,0.0009,0.9185,0.0010,0.5366,0.0093,0.3833,0.0044,0.4472,0.0056,0.6840,0.0026
heun,64,8,3,0.0162,0.0003,polar3,polar,15000,180000,0.9590,0.0016,0.9655,0.0015,0.9621,0.0016,0.9889,0.0014,0.5615,0.0042,0.7163,0.0036,0.8409,0.0019
heun,64,8,3,0.0162,0.0003,knn,knn,20000,240000,0.4046,0.0020,0.4109,0.0019,0.4075,0.0015,0.0529,0.0034,0.0184,0.0013,0.0273,0.0019,0.2191,0.0017
heun,64,8,3,0.0162,0.0003,altered_knn,altered_knn,20000,160000,0.7442,0.0044,0.7556,0.0046,0.7567,0.0007,0.0475,0.0077,0.0541,0.0184,0.0476,0.0076,0.4016,0.0033
heun,64,8,3,0.0162,0.0003,quadratic,quadratic,20000,240000,0.9237,0.0007,0.9329,0.0006,0.9297,0.0007,0.6161,0.0110,0.3672,0.0057,0.4602,0.0069,0.6965,0.0034
heun,64,8,3,0.0162,0.0003,polar3,polar,20000,240000,0.9603,0.0017,0.9667,0.0017,0.9633,0.0018,0.9884,0.0023,0.5686,0.0026,0.7219,0.0018,0.8443,0.0013
heun,64,16,3,0.0172,0.0003,knn,knn,2000,48000,0.2652,0.0010,0.2691,0.0010,0.2662,0.0008,0.0394,0.0012,0.0388,0.0007,0.0391,0.0008,0.1541,0.0009
heun,64,16,3,0.0172,0.0003,altered_knn,altered_knn,2000,32000,0.6328,0.0083,0.6426,0.0098,0.6472,0.0029,0.0468,0.0081,0.0690,0.0773,0.0345,0.0179,0.3386,0.0044
heun,64,16,3,0.0172,0.0003,quadratic,quadratic,2000,48000,0.6964,0.0008,0.7026,0.0009,0.7117,0.0007,0.1378,0.0025,0.3425,0.0053,0.1965,0.0021,0.4495,0.0012
heun,64,16,3,0.0172,0.0003,polar3,polar,2000,48000,0.8892,0.0037,0.8966,0.0039,0.8925,0.0038,0.9653,0.0038,0.4688,0.0032,0.6311,0.0036,0.7639,0.0007
heun,64,16,3,0.0172,0.0003,knn,knn,5000,120000,0.2783,0.0015,0.2825,0.0015,0.2793,0.0013,0.0405,0.0016,0.0349,0.0018,0.0375,0.0017,0.1600,0.0014
heun,64,16,3,0.0172,0.0003,altered_knn,altered_knn,5000,80000,0.6629,0.0075,0.6732,0.0085,0.6777,0.0010,0.0469,0.0055,0.0760,0.0616,0.0457,0.0174,0.3594,0.0054
heun,64,16,3,0.0172,0.0003,quadratic,quadratic,5000,120000,0.8289,0.0006,0.8365,0.0004,0.8380,0.0005,0.3259,0.0048,0.3935,0.0042,0.3565,0.0044,0.5965,0.0023
heun,64,16,3,0.0172,0.0003,polar3,polar,5000,120000,0.9261,0.0030,0.9339,0.0032,0.9297,0.0031,0.9831,0.0036,0.4801,0.0039,0.6451,0.0043,0.7895,0.0019
heun,64,16,3,0.0172,0.0003,knn,knn,10000,240000,0.2886,0.0005,0.2930,0.0004,0.2898,0.0002,0.0433,0.0020,0.0327,0.0011,0.0372,0.0014,0.1651,0.0009
heun,64,16,3,0.0172,0.0003,altered_knn,altered_knn,10000,160000,0.6814,0.0018,0.6915,0.0020,0.6985,0.0024,0.0459,0.0014,0.1007,0.0198,0.0625,0.0029,0.3770,0.0017
heun,64,16,3,0.0172,0.0003,quadratic,quadratic,10000,240000,0.8803,0.0010,0.8887,0.0009,0.8872,0.0009,0.4836,0.0056,0.3935,0.0027,0.4339,0.0017,0.6613,0.0006
heun,64,16,3,0.0172,0.0003,polar3,polar,10000,240000,0.9378,0.0022,0.9457,0.0024,0.9415,0.0023,0.9849,0.0022,0.4829,0.0026,0.6481,0.0026,0.7969,0.0011
heun,64,16,3,0.0172,0.0003,knn,knn,15000,360000,0.2944,0.0006,0.2990,0.0005,0.2960,0.0004,0.0443,0.0020,0.0310,0.0011,0.0365,0.0014,0.1678,0.0007
heun,64,16,3,0.0172,0.0003,altered_knn,altered_knn,15000,240000,0.6948,0.0019,0.7059,0.0022,0.7059,0.0015,0.0596,0.0081,0.0588,0.0177,0.0565,0.0046,0.3812,0.0012
heun,64,16,3,0.0172,0.0003,quadratic,quadratic,15000,360000,0.9082,0.0009,0.9180,0.0008,0.9139,0.0008,0.7054,0.0051,0.3509,0.0032,0.4687,0.0019,0.6933,0.0010
heun,64,16,3,0.0172,0.0003,polar3,polar,15000,360000,0.9460,0.0016,0.9541,0.0017,0.9498,0.0017,0.9860,0.0032,0.4862,0.0029,0.6512,0.0031,0.8026,0.0010
heun,64,16,3,0.0172,0.0003,knn,knn,20000,480000,0.2977,0.0012,0.3023,0.0012,0.2992,0.0011,0.0475,0.0014,0.0320,0.0014,0.0382,0.0014,0.1703,0.0010
heun,64,16,3,0.0172,0.0003,altered_knn,altered_knn,20000,320000,0.7019,0.0013,0.7133,0.0012,0.7118,0.0013,0.0630,0.0009,0.0512,0.0017,0.0565,0.0011,0.3849,0.0011
heun,64,16,3,0.0172,0.0003,quadratic,quadratic,20000,480000,0.9222,0.0012,0.9326,0.0012,0.9277,0.0012,0.8187,0.0034,0.3316,0.0016,0.4720,0.0013,0.7023,0.0003
heun,64,16,3,0.0172,0.0003,polar3,polar,20000,480000,0.9501,0.0017,0.9581,0.0018,0.9539,0.0017,0.9862,0.0033,0.4880,0.0021,0.6529,0.0023,0.8055,0.0006
heun,128,2,3,0.0174,0.0002,knn,knn,2000,6000,0.6869,0.0036,0.6990,0.0035,0.6920,0.0035,0.0408,0.0123,0.0021,0.0006,0.0040,0.0011,0.3515,0.0023
heun,128,2,3,0.0174,0.0002,altered_knn,altered_knn,2000,4000,0.7050,0.1153,0.7129,0.1203,0.7882,0.0694,0.0214,0.0011,0.2578,0.1664,0.0382,0.0008,0.3756,0.0601
heun,128,2,3,0.0174,0.0002,quadratic,quadratic,2000,6000,0.3962,0.0027,0.3973,0.0030,0.4714,0.0026,0.0179,0.0011,0.3365,0.0209,0.0340,0.0021,0.2157,0.0009
heun,128,2,3,0.0174,0.0002,polar3,polar,2000,6000,0.9322,0.0015,0.9411,0.0016,0.9381,0.0015,0.6740,0.0121,0.4330,0.0198,0.5271,0.0170,0.7341,0.0080
heun,128,2,3,0.0174,0.0002,knn,knn,5000,15000,0.6962,0.0032,0.7085,0.0031,0.7014,0.0031,0.0496,0.0226,0.0021,0.0009,0.0040,0.0018,0.3563,0.0009
heun,128,2,3,0.0174,0.0002,altered_knn,altered_knn,5000,10000,0.7116,0.0640,0.7189,0.0671,0.8060,0.0315,0.0224,0.0007,0.2972,0.1134,0.0410,0.0010,0.3800,0.0331
heun,128,2,3,0.0174,0.0002,quadratic,quadratic,5000,15000,0.4414,0.0021,0.4429,0.0021,0.5292,0.0025,0.0184,0.0009,0.3576,0.0151,0.0350,0.0017,0.2389,0.0014
heun,128,2,3,0.0174,0.0002,polar3,polar,5000,15000,0.9508,0.0007,0.9588,0.0006,0.9551,0.0006,0.8941,0.0118,0.5028,0.0155,0.6436,0.0152,0.8012,0.0078
heun,128,2,3,0.0174,0.0002,knn,knn,10000,30000,0.7032,0.0010,0.7157,0.0009,0.7083,0.0010,0.0507,0.0247,0.0015,0.0007,0.0030,0.0014,0.3593,0.0011
heun,128,2,3,0.0174,0.0002,altered_knn,altered_knn,10000,20000,0.7185,0.1408,0.7265,0.1469,0.8012,0.0883,0.0220,0.0026,0.2665,0.2037,0.0388,0.0042,0.3826,0.0732
heun,128,2,3,0.0174,0.0002,quadratic,quadratic,10000,30000,0.6856,0.0018,0.6910,0.0018,0.7669,0.0016,0.0314,0.0006,0.3822,0.0025,0.0580,0.0011,0.3745,0.0014
heun,128,2,3,0.0174,0.0002,polar3,polar,10000,30000,0.9644,0.0003,0.9711,0.0004,0.9677,0.0003,0.9648,0.0007,0.5874,0.0231,0.7300,0.0175,0.8505,0.0086
heun,128,2,3,0.0174,0.0002,knn,knn,15000,45000,0.7072,0.0023,0.7197,0.0023,0.7123,0.0024,0.0245,0.0109,0.0008,0.0003,0.0015,0.0005,0.3606,0.0014
heun,128,2,3,0.0174,0.0002,altered_knn,altered_knn,15000,30000,0.8204,0.0029,0.8327,0.0029,0.8658,0.0023,0.0240,0.0013,0.1279,0.0075,0.0405,0.0022,0.4366,0.0013
heun,128,2,3,0.0174,0.0002,quadratic,quadratic,15000,45000,0.8302,0.0025,0.8381,0.0026,0.8750,0.0017,0.0673,0.0036,0.3875,0.0180,0.1147,0.0059,0.4764,0.0040
heun,128,2,3,0.0174,0.0002,polar3,polar,15000,45000,0.9707,0.0018,0.9765,0.0014,0.9735,0.0016,0.9813,0.0055,0.6433,0.0278,0.7769,0.0219,0.8767,0.0116
heun,128,2,3,0.0174,0.0002,knn,knn,20000,60000,0.7105,0.0035,0.7231,0.0034,0.7158,0.0034,0.0663,0.0195,0.0015,0.0003,0.0030,0.0006,0.3630,0.0019
heun,128,2,3,0.0174,0.0002,altered_knn,altered_knn,20000,40000,0.7339,0.1267,0.7422,0.1326,0.8143,0.0758,0.0229,0.0024,0.2660,0.2051,0.0402,0.0040,0.3912,0.0658
heun,128,2,3,0.0174,0.0002,quadratic,quadratic,20000,60000,0.8757,0.0015,0.8841,0.0014,0.9064,0.0011,0.1072,0.0041,0.4058,0.0091,0.1695,0.0058,0.5268,0.0036
heun,128,2,3,0.0174,0.0002,polar3,polar,20000,60000,0.9747,0.0008,0.9798,0.0006,0.9772,0.0007,0.9865,0.0019,0.6875,0.0223,0.8101,0.0160,0.8949,0.0081
heun,128,4,3,0.0157,0.0001,knn,knn,2000,12000,0.4709,0.0015,0.4783,0.0016,0.4737,0.0019,0.0323,0.0033,0.0082,0.0006,0.0130,0.0010,0.2457,0.0003
heun,128,4,3,0.0157,0.0001,altered_knn,altered_knn,2000,8000,0.6718,0.0135,0.6801,0.0143,0.7199,0.0047,0.0195,0.0004,0.1565,0.0361,0.0345,0.0013,0.3573,0.0065
heun,128,4,3,0.0157,0.0001,quadratic,quadratic,2000,12000,0.2936,0.0012,0.2923,0.0010,0.3555,0.0016,0.0162,0.0005,0.3765,0.0150,0.0310,0.0009,0.1616,0.0009
heun,128,4,3,0.0157,0.0001,polar3,polar,2000,12000,0.9102,0.0028,0.9172,0.0028,0.9136,0.0028,0.9324,0.0018,0.4741,0.0098,0.6285,0.0090,0.7728,0.0053
heun,128,4,3,0.0157,0.0001,knn,knn,5000,30000,0.4850,0.0015,0.4926,0.0015,0.4879,0.0016,0.0332,0.0089,0.0069,0.0019,0.0114,0.0031,0.2520,0.0018
heun,128,4,3,0.0157,0.0001,altered_knn,altered_knn,5000,20000,0.7135,0.0210,0.7233,0.0223,0.7473,0.0054,0.0207,0.0014,0.1029,0.0551,0.0326,0.0020,0.3779,0.0101
heun,128,4,3,0.0157,0.0001,quadratic,quadratic,5000,30000,0.4434,0.0042,0.4449,0.0041,0.5130,0.0041,0.0196,0.0006,0.3446,0.0074,0.0370,0.0011,0.2410,0.0026
heun,128,4,3,0.0157,0.0001,polar3,polar,5000,30000,0.9417,0.0032,0.9472,0.0032,0.9442,0.0032,0.9830,0.0033,0.5931,0.0132,0.7398,0.0111,0.8435,0.0063
heun,128,4,3,0.0157,0.0001,knn,knn,10000,60000,0.4978,0.0010,0.5057,0.0010,0.5007,0.0011,0.0340,0.0014,0.0060,0.0003,0.0103,0.0005,0.2580,0.0006
heun,128,4,3,0.0157,0.0001,altered_knn,altered_knn,10000,40000,0.6324,0.0772,0.6374,0.0808,0.7219,0.0415,0.0200,0.0005,0.3191,0.1489,0.0372,0.0004,0.3373,0.0403
heun,128,4,3,0.0157,0.0001,quadratic,quadratic,10000,60000,0.7381,0.0004,0.7441,0.0002,0.7752,0.0004,0.0609,0.0021,0.3676,0.0105,0.1045,0.0034,0.4243,0.0018
heun,128,4,3,0.0157,0.0001,polar3,polar,10000,60000,0.9610,0.0015,0.9652,0.0014,0.9629,0.0014,0.9905,0.0018,0.6945,0.0109,0.8164,0.0071,0.8908,0.0039
heun,128,4,3,0.0157,0.0001,knn,knn,15000,90000,0.5023,0.0008,0.5102,0.0007,0.5052,0.0006,0.0383,0.0022,0.0064,0.0004,0.0109,0.0007,0.2605,0.0002
heun,128,4,3,0.0157,0.0001,altered_knn,altered_knn,15000,60000,0.6882,0.1052,0.6961,0.1104,0.7427,0.0469,0.0212,0.0020,0.1894,0.2260,0.0291,0.0071,0.3626,0.0523
heun,128,4,3,0.0157,0.0001,quadratic,quadratic,15000,90000,0.8266,0.0013,0.8335,0.0013,0.8497,0.0013,0.1156,0.0005,0.3924,0.0013,0.1786,0.0005,0.5060,0.0005
heun,128,4,3,0.0157,0.0001,polar3,polar,15000,90000,0.9693,0.0011,0.9730,0.0011,0.9710,0.0011,0.9940,0.0028,0.7427,0.0083,0.8501,0.0044,0.9115,0.0022
heun,128,4,3,0.0157,0.0001,knn,knn,20000,120000,0.5043,0.0018,0.5123,0.0018,0.5073,0.0017,0.0361,0.0116,0.0060,0.0019,0.0103,0.0033,0.2613,0.0009
heun,128,4,3,0.0157,0.0001,altered_knn,altered_knn,20000,80000,0.6720,0.0911,0.6788,0.0955,0.7434,0.0422,0.0206,0.0010,0.2466,0.1883,0.0340,0.0054,0.3564,0.0461
heun,128,4,3,0.0157,0.0001,quadratic,quadratic,20000,120000,0.8585,0.0015,0.8657,0.0015,0.8774,0.0015,0.1523,0.0053,0.4069,0.0066,0.2216,0.0066,0.5437,0.0038
heun,128,4,3,0.0157,0.0001,polar3,polar,20000,120000,0.9707,0.0025,0.9740,0.0026,0.9722,0.0026,0.9919,0.0024,0.7620,0.0064,0.8619,0.0034,0.9180,0.0004
heun,128,8,3,0.0154,0.0001,knn,knn,2000,24000,0.3204,0.0006,0.3251,0.0007,0.3217,0.0005,0.0291,0.0017,0.0207,0.0012,0.0242,0.0014,0.1747,0.0007
heun,128,8,3,0.0154,0.0001,altered_knn,altered_knn,2000,16000,0.5410,0.0872,0.5453,0.0919,0.6034,0.0393,0.0204,0.0025,0.2641,0.2158,0.0342,0.0010,0.2898,0.0457
heun,128,8,3,0.0154,0.0001,quadratic,quadratic,2000,24000,0.2998,0.0018,0.2982,0.0018,0.3634,0.0020,0.0169,0.0002,0.4062,0.0014,0.0325,0.0003,0.1654,0.0010
heun,128,8,3,0.0154,0.0001,polar3,polar,2000,24000,0.8859,0.0049,0.8914,0.0049,0.8881,0.0052,0.9669,0.0024,0.5358,0.0075,0.6894,0.0056,0.7904,0.0043
heun,128,8,3,0.0154,0.0001,knn,knn,5000,60000,0.3339,0.0005,0.3388,0.0005,0.3353,0.0006,0.0274,0.0021,0.0175,0.0010,0.0214,0.0014,0.1801,0.0008
heun,128,8,3,0.0154,0.0001,altered_knn,altered_knn,5000,40000,0.6105,0.0120,0.6173,0.0128,0.6577,0.0015,0.0200,0.0010,0.1781,0.0398,0.0358,0.0012,0.3265,0.0066
heun,128,8,3,0.0154,0.0001,quadratic,quadratic,5000,60000,0.4821,0.0007,0.4845,0.0006,0.5347,0.0005,0.0256,0.0006,0.3340,0.0076,0.0475,0.0012,0.2660,0.0008
heun,128,8,3,0.0154,0.0001,polar3,polar,5000,60000,0.9329,0.0033,0.9375,0.0034,0.9349,0.0034,0.9867,0.0017,0.6384,0.0071,0.7752,0.0052,0.8564,0.0013
heun,128,8,3,0.0154,0.0001,knn,knn,10000,120000,0.3449,0.0012,0.3500,0.0011,0.3463,0.0006,0.0329,0.0030,0.0176,0.0018,0.0229,0.0023,0.1864,0.0017
heun,128,8,3,0.0154,0.0001,altered_knn,altered_knn,10000,80000,0.6447,0.0100,0.6528,0.0107,0.6795,0.0012,0.0214,0.0003,0.1314,0.0381,0.0363,0.0019,0.3445,0.0044
heun,128,8,3,0.0154,0.0001,quadratic,quadratic,10000,120000,0.7242,0.0004,0.7294,0.0004,0.7467,0.0006,0.0973,0.0016,0.3871,0.0020,0.1555,0.0022,0.4425,0.0010
heun,128,8,3,0.0154,0.0001,polar3,polar,10000,120000,0.9535,0.0023,0.9577,0.0025,0.9554,0.0024,0.9900,0.0008,0.6876,0.0084,0.8115,0.0056,0.8846,0.0016
heun,128,8,3,0.0154,0.0001,knn,knn,15000,180000,0.3499,0.0015,0.3552,0.0014,0.3515,0.0009,0.0302,0.0074,0.0156,0.0038,0.0206,0.0050,0.1879,0.0032
heun,128,8,3,0.0154,0.0001,altered_knn,altered_knn,15000,120000,0.6235,0.0486,0.6299,0.0515,0.6808,0.0139,0.0225,0.0032,0.2196,0.1429,0.0345,0.0049,0.3322,0.0237
heun,128,8,3,0.0154,0.0001,quadratic,quadratic,15000,180000,0.8004,0.0005,0.8065,0.0006,0.8159,0.0006,0.1633,0.0027,0.4067,0.0064,0.2330,0.0038,0.5198,0.0016
heun,128,8,3,0.0154,0.0001,polar3,polar,15000,180000,0.9580,0.0020,0.9621,0.0021,0.9599,0.0020,0.9906,0.0009,0.6968,0.0071,0.8181,0.0046,0.8901,0.0019
heun,128,8,3,0.0154,0.0001,knn,knn,20000,240000,0.3531,0.0011,0.3584,0.0011,0.3547,0.0007,0.0318,0.0017,0.0160,0.0009,0.0213,0.0012,0.1898,0.0004
heun,128,8,3,0.0154,0.0001,altered_knn,altered_knn,20000,160000,0.6703,0.0136,0.6791,0.0146,0.6974,0.0024,0.0233,0.0010,0.1024,0.0511,0.0352,0.0053,0.3572,0.0047
heun,128,8,3,0.0154,0.0001,quadratic,quadratic,20000,240000,0.8415,0.0002,0.8483,0.0002,0.8532,0.0001,0.2328,0.0025,0.4071,0.0035,0.2962,0.0023,0.5722,0.0012
heun,128,8,3,0.0154,0.0001,polar3,polar,20000,240000,0.9631,0.0021,0.9671,0.0021,0.9649,0.0021,0.9895,0.0007,0.7062,0.0085,0.8242,0.0058,0.8956,0.0033
heun,128,16,3,0.0141,0.0004,knn,knn,2000,48000,0.2157,0.0001,0.2182,0.0001,0.2155,0.0002,0.0243,0.0009,0.0355,0.0006,0.0288,0.0008,0.1235,0.0004
heun,128,16,3,0.0141,0.0004,altered_knn,altered_knn,2000,32000,0.4901,0.0736,0.4936,0.0781,0.5399,0.0257,0.0189,0.0011,0.2393,0.2410,0.0315,0.0023,0.2626,0.0383
heun,128,16,3,0.0141,0.0004,quadratic,quadratic,2000,48000,0.3443,0.0013,0.3431,0.0014,0.4126,0.0017,0.0173,0.0006,0.4242,0.0033,0.0332,0.0011,0.1882,0.0005
heun,128,16,3,0.0141,0.0004,polar3,polar,2000,48000,0.8621,0.0034,0.8658,0.0036,0.8633,0.0034,0.9496,0.0104,0.6040,0.0171,0.7381,0.0123,0.8020,0.0065
heun,128,16,3,0.0141,0.0004,knn,knn,5000,120000,0.2265,0.0003,0.2292,0.0002,0.2264,0.0002,0.0254,0.0012,0.0336,0.0008,0.0289,0.0008,0.1291,0.0005
heun,128,16,3,0.0141,0.0004,altered_knn,altered_knn,5000,80000,0.5552,0.0083,0.5607,0.0087,0.5945,0.0026,0.0192,0.0001,0.1745,0.0254,0.0345,0.0007,0.2976,0.0040
heun,128,16,3,0.0141,0.0004,quadratic,quadratic,5000,120000,0.5055,0.0007,0.5079,0.0006,0.5461,0.0008,0.0314,0.0006,0.3395,0.0029,0.0574,0.0010,0.2826,0.0005
heun,128,16,3,0.0141,0.0004,polar3,polar,5000,120000,0.9146,0.0038,0.9182,0.0041,0.9162,0.0039,0.9715,0.0086,0.6654,0.0145,0.7897,0.0100,0.8539,0.0041
heun,128,16,3,0.0141,0.0004,knn,knn,10000,240000,0.2356,0.0000,0.2386,0.0001,0.2358,0.0002,0.0244,0.0005,0.0284,0.0017,0.0262,0.0010,0.1324,0.0005
heun,128,16,3,0.0141,0.0004,altered_knn,altered_knn,10000,160000,0.5093,0.0363,0.5113,0.0386,0.5917,0.0121,0.0185,0.0007,0.3732,0.1158,0.0350,0.0006,0.2732,0.0196
heun,128,16,3,0.0141,0.0004,quadratic,quadratic,10000,240000,0.7029,0.0004,0.7072,0.0005,0.7199,0.0003,0.1153,0.0023,0.4046,0.0032,0.1795,0.0025,0.4433,0.0015
heun,128,16,3,0.0141,0.0004,polar3,polar,10000,240000,0.9306,0.0025,0.9342,0.0027,0.9322,0.0025,0.9722,0.0091,0.6795,0.0135,0.7998,0.0087,0.8670,0.0040
heun,128,16,3,0.0141,0.0004,knn,knn,15000,360000,0.2403,0.0004,0.2434,0.0004,0.2406,0.0004,0.0253,0.0020,0.0283,0.0021,0.0267,0.0020,0.1350,0.0012
heun,128,16,3,0.0141,0.0004,altered_knn,altered_knn,15000,240000,0.6012,0.0040,0.6079,0.0043,0.6304,0.0013,0.0215,0.0014,0.1319,0.0219,0.0369,0.0027,0.3224,0.0020
heun,128,16,3,0.0141,0.0004,quadratic,quadratic,15000,360000,0.8030,0.0005,0.8087,0.0004,0.8102,0.0005,0.3147,0.0055,0.4048,0.0024,0.3541,0.0031,0.5814,0.0016
heun,128,16,3,0.0141,0.0004,polar3,polar,15000,360000,0.9371,0.0014,0.9406,0.0016,0.9387,0.0014,0.9709,0.0093,0.6906,0.0143,0.8070,0.0093,0.8738,0.0046
heun,128,16,3,0.0141,0.0004,knn,knn,20000,480000,0.2432,0.0011,0.2463,0.0011,0.2434,0.0011,0.0260,0.0001,0.0278,0.0007,0.0269,0.0003,0.1366,0.0006
heun,128,16,3,0.0141,0.0004,altered_knn,altered_knn,20000,320000,0.5927,0.0410,0.5991,0.0437,0.6275,0.0095,0.0228,0.0031,0.1518,0.1439,0.0339,0.0015,0.3165,0.0214
heun,128,16,3,0.0141,0.0004,quadratic,quadratic,20000,480000,0.8468,0.0004,0.8533,0.0005,0.8521,0.0004,0.4801,0.0107,0.3946,0.0063,0.4331,0.0065,0.6432,0.0034
heun,128,16,3,0.0141,0.0004,polar3,polar,20000,480000,0.9462,0.0015,0.9498,0.0015,0.9478,0.0015,0.9697,0.0096,0.6937,0.0153,0.8087,0.0102,0.8793,0.0054
heun,256,2,3,0.0225,0.0008,knn,knn,2000,6000,0.6646,0.0030,0.6799,0.0030,0.6710,0.0030,0.0277,0.0152,0.0019,0.0012,0.0036,0.0021,0.3417,0.0025
heun,256,2,3,0.0225,0.0008,altered_knn,altered_knn,2000,4000,0.6438,0.0984,0.6508,0.1045,0.7529,0.0584,0.0265,0.0016,0.3477,0.1565,0.0479,0.0004,0.3493,0.0522
heun,256,2,3,0.0225,0.0008,quadratic,quadratic,2000,6000,0.3725,0.0015,0.3737,0.0015,0.4403,0.0011,0.0226,0.0014,0.3202,0.0095,0.0423,0.0026,0.2080,0.0017
heun,256,2,3,0.0225,0.0008,polar3,polar,2000,6000,0.9122,0.0006,0.9234,0.0001,0.9215,0.0007,0.5146,0.0223,0.4258,0.0090,0.4655,0.0038,0.6945,0.0019
heun,256,2,3,0.0225,0.0008,knn,knn,5000,15000,0.6769,0.0015,0.6925,0.0016,0.6836,0.0016,0.0518,0.0070,0.0018,0.0001,0.0034,0.0001,0.3480,0.0008
heun,256,2,3,0.0225,0.0008,altered_knn,altered_knn,5000,10000,0.7000,0.0652,0.7097,0.0696,0.7969,0.0323,0.0269,0.0015,0.2850,0.1115,0.0480,0.0006,0.3789,0.0346
heun,256,2,3,0.0225,0.0008,quadratic,quadratic,5000,15000,0.3711,0.0014,0.3715,0.0012,0.4459,0.0013,0.0228,0.0010,0.3538,0.0072,0.0428,0.0019,0.2072,0.0014
heun,256,2,3,0.0225,0.0008,polar3,polar,5000,15000,0.9383,0.0006,0.9487,0.0008,0.9444,0.0007,0.8087,0.0134,0.4897,0.0106,0.6099,0.0096,0.7793,0.0044
heun,256,2,3,0.0225,0.0008,knn,knn,10000,30000,0.6839,0.0031,0.6996,0.0031,0.6905,0.0031,0.0522,0.0316,0.0016,0.0009,0.0031,0.0017,0.3513,0.0015
heun,256,2,3,0.0225,0.0008,altered_knn,altered_knn,10000,20000,0.6075,0.1369,0.6121,0.1447,0.7282,0.0861,0.0258,0.0011,0.4042,0.2034,0.0468,0.0032,0.3295,0.0711
heun,256,2,3,0.0225,0.0008,quadratic,quadratic,10000,30000,0.3826,0.0024,0.3829,0.0025,0.4638,0.0027,0.0229,0.0010,0.3700,0.0106,0.0431,0.0018,0.2130,0.0019
heun,256,2,3,0.0225,0.0008,polar3,polar,10000,30000,0.9512,0.0028,0.9603,0.0025,0.9558,0.0027,0.9360,0.0068,0.5589,0.0153,0.6998,0.0126,0.8300,0.0075
heun,256,2,3,0.0225,0.0008,knn,knn,15000,45000,0.6874,0.0029,0.7032,0.0033,0.6942,0.0031,0.0350,0.0085,0.0010,0.0002,0.0020,0.0005,0.3526,0.0016
heun,256,2,3,0.0225,0.0008,altered_knn,altered_knn,15000,30000,0.7233,0.0593,0.7339,0.0631,0.8152,0.0279,0.0272,0.0007,0.2640,0.1037,0.0481,0.0020,0.3910,0.0305
heun,256,2,3,0.0225,0.0008,quadratic,quadratic,15000,45000,0.3970,0.0021,0.3974,0.0023,0.4817,0.0031,0.0233,0.0005,0.3782,0.0048,0.0439,0.0008,0.2207,0.0015
heun,256,2,3,0.0225,0.0008,polar3,polar,15000,45000,0.9591,0.0024,0.9673,0.0025,0.9631,0.0025,0.9719,0.0005,0.6046,0.0146,0.7454,0.0113,0.8563,0.0061
heun,256,2,3,0.0225,0.0008,knn,knn,20000,60000,0.6905,0.0025,0.7064,0.0027,0.6973,0.0025,0.0165,0.0130,0.0004,0.0004,0.0009,0.0007,0.3536,0.0011
heun,256,2,3,0.0225,0.0008,altered_knn,altered_knn,20000,40000,0.6064,0.0674,0.6106,0.0710,0.7416,0.0498,0.0260,0.0011,0.4297,0.0807,0.0489,0.0014,0.3297,0.0362
heun,256,2,3,0.0225,0.0008,quadratic,quadratic,20000,60000,0.4194,0.0031,0.4203,0.0031,0.5105,0.0043,0.0232,0.0009,0.3797,0.0036,0.0437,0.0016,0.2320,0.0023
heun,256,2,3,0.0225,0.0008,polar3,polar,20000,60000,0.9653,0.0009,0.9731,0.0008,0.9691,0.0009,0.9807,0.0014,0.6242,0.0092,0.7628,0.0069,0.8680,0.0036
heun,256,4,3,0.0191,0.0004,knn,knn,2000,12000,0.4449,0.0012,0.4534,0.0012,0.4481,0.0015,0.0299,0.0045,0.0088,0.0015,0.0135,0.0022,0.2335,0.0017
heun,256,4,3,0.0191,0.0004,altered_knn,altered_knn,2000,8000,0.6529,0.0259,0.6628,0.0276,0.6995,0.0088,0.0222,0.0004,0.1449,0.0659,0.0378,0.0027,0.3503,0.0125
heun,256,4,3,0.0191,0.0004,quadratic,quadratic,2000,12000,0.2171,0.0006,0.2121,0.0006,0.2735,0.0007,0.0196,0.0005,0.4728,0.0017,0.0376,0.0009,0.1249,0.0006
heun,256,4,3,0.0191,0.0004,polar3,polar,2000,12000,0.8763,0.0028,0.8843,0.0032,0.8805,0.0029,0.8267,0.0180,0.4619,0.0125,0.5924,0.0089,0.7384,0.0036
heun,256,4,3,0.0191,0.0004,knn,knn,5000,30000,0.4583,0.0006,0.4670,0.0005,0.4614,0.0008,0.0344,0.0071,0.0064,0.0012,0.0107,0.0021,0.2389,0.0010
heun,256,4,3,0.0191,0.0004,altered_knn,altered_knn,5000,20000,0.6247,0.0784,0.6318,0.0831,0.6992,0.0341,0.0234,0.0009,0.2574,0.1716,0.0395,0.0053,0.3356,0.0397
heun,256,4,3,0.0191,0.0004,quadratic,quadratic,5000,30000,0.2579,0.0005,0.2546,0.0007,0.3197,0.0005,0.0195,0.0008,0.4292,0.0137,0.0374,0.0015,0.1460,0.0006
heun,256,4,3,0.0191,0.0004,polar3,polar,5000,30000,0.9122,0.0029,0.9196,0.0029,0.9153,0.0030,0.9791,0.0030,0.5318,0.0044,0.6892,0.0030,0.8044,0.0028
heun,256,4,3,0.0191,0.0004,knn,knn,10000,60000,0.4662,0.0014,0.4751,0.0013,0.4695,0.0014,0.0242,0.0029,0.0046,0.0005,0.0078,0.0009,0.2415,0.0004
heun,256,4,3,0.0191,0.0004,altered_knn,altered_knn,10000,40000,0.6539,0.0996,0.6630,0.1055,0.7143,0.0455,0.0231,0.0020,0.1944,0.1979,0.0340,0.0060,0.3485,0.0508
heun,256,4,3,0.0191,0.0004,quadratic,quadratic,10000,60000,0.2975,0.0006,0.2956,0.0005,0.3640,0.0005,0.0196,0.0002,0.3982,0.0057,0.0373,0.0004,0.1664,0.0004
heun,256,4,3,0.0191,0.0004,polar3,polar,10000,60000,0.9377,0.0011,0.9436,0.0010,0.9403,0.0011,0.9926,0.0011,0.6354,0.0068,0.7748,0.0051,0.8592,0.0029
heun,256,4,3,0.0191,0.0004,knn,knn,15000,90000,0.4711,0.0002,0.4802,0.0003,0.4745,0.0001,0.0241,0.0023,0.0043,0.0002,0.0073,0.0004,0.2437,0.0004
heun,256,4,3,0.0191,0.0004,altered_knn,altered_knn,15000,60000,0.6306,0.1141,0.6377,0.1204,0.7059,0.0623,0.0225,0.0009,0.2605,0.2145,0.0392,0.0027,0.3384,0.0590
heun,256,4,3,0.0191,0.0004,quadratic,quadratic,15000,90000,0.3463,0.0010,0.3458,0.0010,0.4168,0.0010,0.0199,0.0005,0.3676,0.0034,0.0377,0.0008,0.1918,0.0008
heun,256,4,3,0.0191,0.0004,polar3,polar,15000,90000,0.9528,0.0018,0.9578,0.0018,0.9550,0.0018,0.9939,0.0024,0.6982,0.0039,0.8202,0.0026,0.8890,0.0005
heun,256,4,3,0.0191,0.0004,knn,knn,20000,120000,0.4741,0.0010,0.4832,0.0011,0.4777,0.0008,0.0275,0.0051,0.0045,0.0011,0.0077,0.0018,0.2455,0.0004
heun,256,4,3,0.0191,0.0004,altered_knn,altered_knn,20000,80000,0.6616,0.0858,0.6701,0.0909,0.7285,0.0383,0.0240,0.0011,0.2234,0.1784,0.0405,0.0018,0.3553,0.0446
heun,256,4,3,0.0191,0.0004,quadratic,quadratic,20000,120000,0.3965,0.0001,0.3971,0.0002,0.4701,0.0001,0.0214,0.0006,0.3632,0.0080,0.0404,0.0010,0.2188,0.0004
heun,256,4,3,0.0191,0.0004,polar3,polar,20000,120000,0.9588,0.0034,0.9631,0.0036,0.9607,0.0035,0.9949,0.0019,0.7398,0.0111,0.8485,0.0074,0.9058,0.0027
heun,256,8,3,0.0180,0.0005,knn,knn,2000,24000,0.2859,0.0005,0.2908,0.0003,0.2872,0.0006,0.0247,0.0020,0.0197,0.0027,0.0219,0.0025,0.1563,0.0013
heun,256,8,3,0.0180,0.0005,altered_knn,altered_knn,2000,16000,0.5328,0.0293,0.5391,0.0317,0.5809,0.0066,0.0218,0.0011,0.1937,0.0959,0.0381,0.0002,0.2886,0.0158
heun,256,8,3,0.0180,0.0005,quadratic,quadratic,2000,24000,0.1673,0.0006,0.1599,0.0007,0.2207,0.0012,0.0183,0.0005,0.5672,0.0053,0.0355,0.0009,0.0977,0.0004
heun,256,8,3,0.0180,0.0005,polar3,polar,2000,24000,0.8635,0.0000,0.8701,0.0003,0.8662,0.0002,0.9540,0.0022,0.5023,0.0108,0.6580,0.0092,0.7640,0.0045
heun,256,8,3,0.0180,0.0005,knn,knn,5000,60000,0.2978,0.0009,0.3029,0.0007,0.2989,0.0010,0.0267,0.0020,0.0162,0.0015,0.0202,0.0017,0.1616,0.0011
heun,256,8,3,0.0180,0.0005,altered_knn,altered_knn,5000,40000,0.4300,0.0260,0.4286,0.0272,0.5480,0.0184,0.0204,0.0008,0.5075,0.0427,0.0393,0.0013,0.2339,0.0141
heun,256,8,3,0.0180,0.0005,quadratic,quadratic,5000,60000,0.2278,0.0005,0.2230,0.0006,0.2906,0.0005,0.0187,0.0004,0.4923,0.0025,0.0360,0.0007,0.1295,0.0003
heun,256,8,3,0.0180,0.0005,polar3,polar,5000,60000,0.9104,0.0019,0.9160,0.0021,0.9126,0.0020,0.9890,0.0018,0.6086,0.0094,0.7535,0.0075,0.8347,0.0029
heun,256,8,3,0.0180,0.0005,knn,knn,10000,120000,0.3071,0.0003,0.3125,0.0005,0.3084,0.0004,0.0274,0.0022,0.0152,0.0016,0.0196,0.0018,0.1660,0.0007
heun,256,8,3,0.0180,0.0005,altered_knn,altered_knn,10000,80000,0.5378,0.0842,0.5428,0.0897,0.6068,0.0374,0.0231,0.0034,0.2749,0.2129,0.0328,0.0090,0.2878,0.0419
heun,256,8,3,0.0180,0.0005,quadratic,quadratic,10000,120000,0.2950,0.0006,0.2927,0.0006,0.3601,0.0005,0.0197,0.0004,0.4219,0.0038,0.0377,0.0007,0.1652,0.0005
heun,256,8,3,0.0180,0.0005,polar3,polar,10000,120000,0.9440,0.0003,0.9486,0.0000,0.9460,0.0002,0.9919,0.0020,0.6925,0.0101,0.8155,0.0065,0.8821,0.0033
heun,256,8,3,0.0180,0.0005,knn,knn,15000,180000,0.3100,0.0003,0.3154,0.0003,0.3112,0.0003,0.0294,0.0005,0.0158,0.0008,0.0206,0.0008,0.1680,0.0004
heun,256,8,3,0.0180,0.0005,altered_knn,altered_knn,15000,120000,0.5726,0.0654,0.5789,0.0697,0.6298,0.0245,0.0225,0.0006,0.2215,0.1729,0.0372,0.0055,0.3080,0.0329
heun,256,8,3,0.0180,0.0005,quadratic,quadratic,15000,180000,0.3510,0.0009,0.3507,0.0010,0.4154,0.0008,0.0205,0.0006,0.3692,0.0053,0.0389,0.0010,0.1948,0.0008
heun,256,8,3,0.0180,0.0005,polar3,polar,15000,180000,0.9550,0.0006,0.9594,0.0008,0.9570,0.0007,0.9910,0.0005,0.7147,0.0087,0.8304,0.0057,0.8949,0.0026
heun,256,8,3,0.0180,0.0005,knn,knn,20000,240000,0.3133,0.0006,0.3188,0.0005,0.3146,0.0006,0.0275,0.0004,0.0141,0.0003,0.0186,0.0004,0.1687,0.0004
heun,256,8,3,0.0180,0.0005,altered_knn,altered_knn,20000,160000,0.4610,0.0441,0.4604,0.0465,0.5821,0.0279,0.0207,0.0008,0.4977,0.0872,0.0398,0.0012,0.2501,0.0238
heun,256,8,3,0.0180,0.0005,quadratic,quadratic,20000,240000,0.4045,0.0005,0.4056,0.0005,0.4651,0.0005,0.0231,0.0008,0.3454,0.0045,0.0433,0.0014,0.2245,0.0009
heun,256,8,3,0.0180,0.0005,polar3,polar,20000,240000,0.9549,0.0021,0.9591,0.0020,0.9568,0.0021,0.9908,0.0020,0.7259,0.0068,0.8379,0.0046,0.8985,0.0030
heun,256,16,3,0.0163,0.0004,knn,knn,2000,48000,0.1804,0.0001,0.1829,0.0002,0.1806,0.0001,0.0220,0.0008,0.0356,0.0029,0.0272,0.0014,0.1050,0.0007
heun,256,16,3,0.0163,0.0004,altered_knn,altered_knn,2000,32000,0.4339,0.0398,0.4375,0.0427,0.4777,0.0143,0.0189,0.0005,0.2136,0.1370,0.0337,0.0011,0.2356,0.0208
heun,256,16,3,0.0163,0.0004,quadratic,quadratic,2000,48000,0.1553,0.0005,0.1469,0.0006,0.2157,0.0011,0.0168,0.0003,0.6620,0.0049,0.0328,0.0006,0.0898,0.0003
heun,256,16,3,0.0163,0.0004,polar3,polar,2000,48000,0.8186,0.0064,0.8222,0.0063,0.8170,0.0072,0.9650,0.0053,0.5991,0.0081,0.7392,0.0053,0.7807,0.0056
heun,256,16,3,0.0163,0.0004,knn,knn,5000,120000,0.1898,0.0002,0.1924,0.0001,0.1898,0.0001,0.0222,0.0007,0.0300,0.0001,0.0255,0.0005,0.1090,0.0002
heun,256,16,3,0.0163,0.0004,altered_knn,altered_knn,5000,80000,0.3681,0.0086,0.3657,0.0092,0.4693,0.0050,0.0184,0.0004,0.5106,0.0225,0.0356,0.0007,0.2007,0.0044
heun,256,16,3,0.0163,0.0004,quadratic,quadratic,5000,120000,0.2412,0.0003,0.2359,0.0003,0.3160,0.0004,0.0176,0.0004,0.5546,0.0009,0.0341,0.0007,0.1350,0.0003
heun,256,16,3,0.0163,0.0004,polar3,polar,5000,120000,0.8820,0.0026,0.8853,0.0024,0.8818,0.0030,0.9814,0.0052,0.6853,0.0113,0.8069,0.0063,0.8461,0.0043
heun,256,16,3,0.0163,0.0004,knn,knn,10000,240000,0.1961,0.0002,0.1989,0.0002,0.1963,0.0001,0.0222,0.0012,0.0281,0.0010,0.0248,0.0011,0.1118,0.0006
heun,256,16,3,0.0163,0.0004,altered_knn,altered_knn,10000,160000,0.4466,0.0640,0.4489,0.0687,0.5150,0.0211,0.0192,0.0011,0.3177,0.2140,0.0297,0.0081,0.2393,0.0303
heun,256,16,3,0.0163,0.0004,quadratic,quadratic,10000,240000,0.3196,0.0004,0.3177,0.0004,0.3866,0.0003,0.0193,0.0005,0.4343,0.0011,0.0370,0.0009,0.1773,0.0005
heun,256,16,3,0.0163,0.0004,polar3,polar,10000,240000,0.9125,0.0018,0.9158,0.0018,0.9135,0.0019,0.9825,0.0043,0.7152,0.0105,0.8278,0.0059,0.8718,0.0028
heun,256,16,3,0.0163,0.0004,knn,knn,15000,360000,0.1995,0.0002,0.2024,0.0001,0.1997,0.0002,0.0216,0.0013,0.0256,0.0015,0.0234,0.0014,0.1129,0.0007
heun,256,16,3,0.0163,0.0004,altered_knn,altered_knn,15000,240000,0.4960,0.0482,0.5006,0.0516,0.5458,0.0188,0.0198,0.0010,0.2223,0.1527,0.0348,0.0026,0.2677,0.0253
heun,256,16,3,0.0163,0.0004,quadratic,quadratic,15000,360000,0.3700,0.0005,0.3701,0.0005,0.4257,0.0005,0.0219,0.0004,0.3670,0.0055,0.0414,0.0006,0.2057,0.0001
heun,256,16,3,0.0163,0.0004,polar3,polar,15000,360000,0.9215,0.0015,0.9248,0.0013,0.9225,0.0014,0.9805,0.0054,0.7272,0.0110,0.8350,0.0057,0.8799,0.0035
heun,256,16,3,0.0163,0.0004,knn,knn,20000,480000,0.2028,0.0002,0.2057,0.0002,0.2030,0.0002,0.0238,0.0012,0.0272,0.0008,0.0254,0.0010,0.1155,0.0004
heun,256,16,3,0.0163,0.0004,altered_knn,altered_knn,20000,320000,0.4410,0.0233,0.4414,0.0249,0.5311,0.0099,0.0192,0.0003,0.4132,0.0717,0.0367,0.0005,0.2391,0.0124
heun,256,16,3,0.0163,0.0004,quadratic,quadratic,20000,480000,0.4196,0.0003,0.4210,0.0004,0.4644,0.0004,0.0273,0.0004,0.3340,0.0031,0.0504,0.0007,0.2357,0.0005
heun,256,16,3,0.0163,0.0004,polar3,polar,20000,480000,0.9319,0.0035,0.9351,0.0034,0.9332,0.0035,0.9787,0.0055,0.7343,0.0103,0.8390,0.0050,0.8871,0.0042
heun,512,2,3,0.0299,0.0013,knn,knn,2000,6000,0.6624,0.0042,0.6827,0.0034,0.6713,0.0037,0.0440,0.0068,0.0025,0.0003,0.0047,0.0006,0.3437,0.0018
heun,512,2,3,0.0299,0.0013,altered_knn,altered_knn,2000,4000,0.7281,0.0705,0.7436,0.0762,0.8056,0.0372,0.0355,0.0018,0.2195,0.1277,0.0592,0.0071,0.4014,0.0345
heun,512,2,3,0.0299,0.0013,quadratic,quadratic,2000,6000,0.3545,0.0024,0.3550,0.0028,0.4207,0.0024,0.0304,0.0010,0.3386,0.0079,0.0558,0.0016,0.2054,0.0020
heun,512,2,3,0.0299,0.0013,polar3,polar,2000,6000,0.8531,0.0009,0.8662,0.0011,0.8699,0.0012,0.3348,0.0163,0.4275,0.0094,0.3753,0.0103,0.6207,0.0057
heun,512,2,3,0.0299,0.0013,knn,knn,5000,15000,0.6742,0.0030,0.6949,0.0023,0.6834,0.0027,0.0540,0.0146,0.0025,0.0005,0.0049,0.0009,0.3499,0.0007
heun,512,2,3,0.0299,0.0013,altered_knn,altered_knn,5000,10000,0.7011,0.0673,0.7140,0.0722,0.7981,0.0349,0.0347,0.0013,0.2757,0.1119,0.0603,0.0061,0.3871,0.0331
heun,512,2,3,0.0299,0.0013,quadratic,quadratic,5000,15000,0.3421,0.0038,0.3408,0.0043,0.4146,0.0035,0.0304,0.0023,0.3813,0.0183,0.0564,0.0041,0.1986,0.0022
heun,512,2,3,0.0299,0.0013,polar3,polar,5000,15000,0.9059,0.0030,0.9177,0.0022,0.9161,0.0030,0.5912,0.0194,0.5231,0.0120,0.5547,0.0021,0.7362,0.0007
heun,512,2,3,0.0299,0.0013,knn,knn,10000,30000,0.6789,0.0036,0.6998,0.0030,0.6881,0.0031,0.0257,0.0080,0.0010,0.0003,0.0019,0.0006,0.3509,0.0015
heun,512,2,3,0.0299,0.0013,altered_knn,altered_knn,10000,20000,0.5966,0.0686,0.6012,0.0734,0.7320,0.0520,0.0345,0.0015,0.4409,0.0947,0.0639,0.0036,0.3325,0.0349
heun,512,2,3,0.0299,0.0013,quadratic,quadratic,10000,30000,0.3444,0.0008,0.3430,0.0012,0.4194,0.0007,0.0304,0.0013,0.3893,0.0158,0.0563,0.0023,0.1997,0.0007
heun,512,2,3,0.0299,0.0013,polar3,polar,10000,30000,0.9292,0.0026,0.9398,0.0017,0.9363,0.0024,0.7689,0.0145,0.5849,0.0171,0.6640,0.0068,0.8019,0.0041
heun,512,2,3,0.0299,0.0013,knn,knn,15000,45000,0.6843,0.0031,0.7054,0.0022,0.6935,0.0028,0.0232,0.0176,0.0007,0.0006,0.0013,0.0011,0.3534,0.0017
heun,512,2,3,0.0299,0.0013,altered_knn,altered_knn,15000,30000,0.6336,0.0770,0.6404,0.0825,0.7592,0.0578,0.0359,0.0015,0.4073,0.1057,0.0658,0.0035,0.3531,0.0398
heun,512,2,3,0.0299,0.0013,quadratic,quadratic,15000,45000,0.3524,0.0030,0.3515,0.0035,0.4285,0.0033,0.0303,0.0025,0.3827,0.0207,0.0561,0.0046,0.2038,0.0015
heun,512,2,3,0.0299,0.0013,polar3,polar,15000,45000,0.9414,0.0019,0.9512,0.0015,0.9473,0.0017,0.8449,0.0189,0.6238,0.0182,0.7172,0.0060,0.8342,0.0035
heun,512,2,3,0.0299,0.0013,knn,knn,20000,60000,0.6858,0.0034,0.7069,0.0026,0.6950,0.0030,0.0085,0.0062,0.0002,0.0002,0.0004,0.0003,0.3537,0.0013
heun,512,2,3,0.0299,0.0013,altered_knn,altered_knn,20000,40000,0.6295,0.1312,0.6363,0.1408,0.7467,0.0820,0.0359,0.0012,0.3957,0.2001,0.0631,0.0066,0.3497,0.0673
heun,512,2,3,0.0299,0.0013,quadratic,quadratic,20000,60000,0.3533,0.0005,0.3522,0.0008,0.4310,0.0007,0.0303,0.0019,0.3893,0.0105,0.0562,0.0034,0.2042,0.0013
heun,512,2,3,0.0299,0.0013,polar3,polar,20000,60000,0.9463,0.0020,0.9558,0.0012,0.9517,0.0018,0.8811,0.0204,0.6393,0.0182,0.7405,0.0072,0.8482,0.0042
heun,512,4,3,0.0256,0.0020,knn,knn,2000,12000,0.4308,0.0013,0.4418,0.0011,0.4351,0.0014,0.0399,0.0066,0.0108,0.0012,0.0170,0.0021,0.2294,0.0006
heun,512,4,3,0.0256,0.0020,altered_knn,altered_knn,2000,8000,0.6160,0.0448,0.6265,0.0498,0.6848,0.0130,0.0324,0.0059,0.2297,0.1141,0.0517,0.0032,0.3391,0.0248
heun,512,4,3,0.0256,0.0020,quadratic,quadratic,2000,12000,0.1455,0.0022,0.1323,0.0014,0.1936,0.0015,0.0259,0.0021,0.6485,0.0004,0.0498,0.0040,0.0910,0.0025
heun,512,4,3,0.0256,0.0020,polar3,polar,2000,12000,0.8019,0.0010,0.8094,0.0017,0.8085,0.0009,0.5508,0.0288,0.5178,0.0210,0.5328,0.0113,0.6711,0.0062
heun,512,4,3,0.0256,0.0020,knn,knn,5000,30000,0.4432,0.0021,0.4546,0.0014,0.4476,0.0021,0.0302,0.0028,0.0071,0.0009,0.0115,0.0013,0.2331,0.0011
heun,512,4,3,0.0256,0.0020,altered_knn,altered_knn,5000,20000,0.6351,0.0156,0.6456,0.0181,0.7077,0.0028,0.0311,0.0025,0.2402,0.0501,0.0546,0.0028,0.3501,0.0103
heun,512,4,3,0.0256,0.0020,quadratic,quadratic,5000,30000,0.1772,0.0008,0.1664,0.0011,0.2329,0.0012,0.0258,0.0024,0.5861,0.0102,0.0494,0.0044,0.1079,0.0018
heun,512,4,3,0.0256,0.0020,polar3,polar,5000,30000,0.8667,0.0033,0.8745,0.0045,0.8707,0.0037,0.8509,0.0273,0.5732,0.0205,0.6842,0.0083,0.7794,0.0029
heun,512,4,3,0.0256,0.0020,knn,knn,10000,60000,0.4527,0.0026,0.4645,0.0017,0.4573,0.0023,0.0322,0.0064,0.0061,0.0008,0.0103,0.0014,0.2374,0.0005
heun,512,4,3,0.0256,0.0020,altered_knn,altered_knn,10000,40000,0.5119,0.0210,0.5123,0.0225,0.6466,0.0147,0.0296,0.0023,0.4994,0.0371,0.0559,0.0039,0.2841,0.0126
heun,512,4,3,0.0256,0.0020,quadratic,quadratic,10000,60000,0.2069,0.0010,0.1985,0.0017,0.2668,0.0019,0.0257,0.0019,0.5258,0.0009,0.0490,0.0035,0.1237,0.0009
heun,512,4,3,0.0256,0.0020,polar3,polar,10000,60000,0.8919,0.0041,0.8990,0.0056,0.8949,0.0046,0.9493,0.0234,0.6253,0.0378,0.7527,0.0208,0.8259,0.0082
heun,512,4,3,0.0256,0.0020,knn,knn,15000,90000,0.4565,0.0022,0.4684,0.0013,0.4612,0.0017,0.0271,0.0001,0.0050,0.0002,0.0084,0.0003,0.2384,0.0008
heun,512,4,3,0.0256,0.0020,altered_knn,altered_knn,15000,60000,0.6613,0.0195,0.6726,0.0205,0.7321,0.0072,0.0319,0.0028,0.2300,0.0436,0.0559,0.0051,0.3642,0.0089
heun,512,4,3,0.0256,0.0020,quadratic,quadratic,15000,90000,0.2226,0.0009,0.2153,0.0013,0.2834,0.0017,0.0260,0.0022,0.5002,0.0045,0.0493,0.0040,0.1323,0.0016
heun,512,4,3,0.0256,0.0020,polar3,polar,15000,90000,0.9173,0.0023,0.9236,0.0011,0.9200,0.0018,0.9628,0.0261,0.6804,0.0401,0.7960,0.0200,0.8598,0.0105
heun,512,4,3,0.0256,0.0020,knn,knn,20000,120000,0.4600,0.0021,0.4720,0.0012,0.4647,0.0018,0.0260,0.0060,0.0047,0.0012,0.0079,0.0020,0.2400,0.0016
heun,512,4,3,0.0256,0.0020,altered_knn,altered_knn,20000,80000,0.5590,0.0826,0.5621,0.0881,0.6752,0.0503,0.0302,0.0016,0.4236,0.1465,0.0560,0.0044,0.3090,0.0418
heun,512,4,3,0.0256,0.0020,quadratic,quadratic,20000,120000,0.2361,0.0016,0.2300,0.0017,0.2979,0.0024,0.0256,0.0018,0.4702,0.0051,0.0485,0.0032,0.1392,0.0013
heun,512,4,3,0.0256,0.0020,polar3,polar,20000,120000,0.9226,0.0012,0.9283,0.0026,0.9250,0.0017,0.9667,0.0279,0.7105,0.0393,0.8177,0.0192,0.8730,0.0083
heun,512,8,3,0.0222,0.0006,knn,knn,2000,24000,0.2689,0.0003,0.2746,0.0005,0.2705,0.0006,0.0287,0.0009,0.0183,0.0006,0.0224,0.0007,0.1485,0.0004
heun,512,8,3,0.0222,0.0006,altered_knn,altered_knn,2000,16000,0.5098,0.0796,0.5165,0.0864,0.5612,0.0338,0.0264,0.0015,0.2164,0.2209,0.0405,0.0048,0.2785,0.0411
heun,512,8,3,0.0222,0.0006,quadratic,quadratic,2000,24000,0.0860,0.0001,0.0698,0.0006,0.1150,0.0008,0.0224,0.0006,0.7981,0.0013,0.0436,0.0011,0.0567,0.0003
heun,512,8,3,0.0222,0.0006,polar3,polar,2000,24000,0.7786,0.0072,0.7837,0.0073,0.7801,0.0078,0.8057,0.0064,0.5533,0.0042,0.6561,0.0036,0.7199,0.0026
heun,512,8,3,0.0222,0.0006,knn,knn,5000,60000,0.2782,0.0003,0.2840,0.0002,0.2805,0.0004,0.0282,0.0009,0.0194,0.0006,0.0230,0.0007,0.1535,0.0004
heun,512,8,3,0.0222,0.0006,altered_knn,altered_knn,5000,40000,0.5169,0.0677,0.5225,0.0732,0.5841,0.0304,0.0263,0.0015,0.2737,0.1700,0.0459,0.0013,0.2842,0.0364
heun,512,8,3,0.0222,0.0006,quadratic,quadratic,5000,60000,0.1268,0.0003,0.1135,0.0005,0.1738,0.0006,0.0226,0.0006,0.7150,0.0043,0.0439,0.0011,0.0787,0.0004
heun,512,8,3,0.0222,0.0006,polar3,polar,5000,60000,0.8495,0.0073,0.8547,0.0074,0.8503,0.0085,0.9440,0.0093,0.6170,0.0076,0.7462,0.0027,0.8005,0.0042
heun,512,8,3,0.0222,0.0006,knn,knn,10000,120000,0.2867,0.0013,0.2928,0.0012,0.2890,0.0011,0.0298,0.0010,0.0188,0.0001,0.0230,0.0003,0.1579,0.0005
heun,512,8,3,0.0222,0.0006,altered_knn,altered_knn,10000,80000,0.5007,0.0772,0.5042,0.0837,0.5872,0.0355,0.0255,0.0008,0.3556,0.2006,0.0450,0.0035,0.2746,0.0401
heun,512,8,3,0.0222,0.0006,quadratic,quadratic,10000,120000,0.1607,0.0004,0.1498,0.0003,0.2167,0.0004,0.0227,0.0006,0.6418,0.0039,0.0439,0.0011,0.0969,0.0005
heun,512,8,3,0.0222,0.0006,polar3,polar,10000,120000,0.8917,0.0010,0.8960,0.0007,0.8929,0.0010,0.9562,0.0079,0.7016,0.0109,0.8093,0.0057,0.8526,0.0030
heun,512,8,3,0.0222,0.0006,knn,knn,15000,180000,0.2909,0.0018,0.2971,0.0016,0.2933,0.0015,0.0294,0.0022,0.0172,0.0008,0.0217,0.0012,0.1594,0.0008
heun,512,8,3,0.0222,0.0006,altered_knn,altered_knn,15000,120000,0.5516,0.0832,0.5587,0.0898,0.6126,0.0377,0.0269,0.0022,0.2408,0.2074,0.0445,0.0034,0.3016,0.0440
heun,512,8,3,0.0222,0.0006,quadratic,quadratic,15000,180000,0.1849,0.0010,0.1768,0.0010,0.2399,0.0011,0.0224,0.0009,0.5429,0.0087,0.0431,0.0016,0.1099,0.0010
heun,512,8,3,0.0222,0.0006,polar3,polar,15000,180000,0.9113,0.0038,0.9151,0.0041,0.9124,0.0043,0.9500,0.0103,0.7421,0.0127,0.8332,0.0058,0.8741,0.0019
heun,512,8,3,0.0222,0.0006,knn,knn,20000,240000,0.2939,0.0012,0.3002,0.0011,0.2964,0.0008,0.0263,0.0018,0.0155,0.0010,0.0195,0.0013,0.1598,0.0002
heun,512,8,3,0.0222,0.0006,altered_knn,altered_knn,20000,160000,0.5790,0.0158,0.5871,0.0172,0.6395,0.0025,0.0269,0.0007,0.2222,0.0547,0.0478,0.0021,0.3174,0.0077
heun,512,8,3,0.0222,0.0006,quadratic,quadratic,20000,240000,0.2009,0.0011,0.1936,0.0012,0.2591,0.0014,0.0224,0.0005,0.5216,0.0051,0.0429,0.0010,0.1183,0.0007
heun,512,8,3,0.0222,0.0006,polar3,polar,20000,240000,0.9227,0.0018,0.9264,0.0020,0.9242,0.0019,0.9481,0.0081,0.7599,0.0144,0.8435,0.0068,0.8850,0.0027
heun,512,16,3,0.0240,0.0002,knn,knn,2000,48000,0.1616,0.0008,0.1647,0.0008,0.1623,0.0009,0.0268,0.0008,0.0376,0.0027,0.0313,0.0015,0.0980,0.0010
heun,512,16,3,0.0240,0.0002,altered_knn,altered_knn,2000,32000,0.4174,0.0221,0.4204,0.0252,0.4654,0.0070,0.0335,0.0011,0.2983,0.1086,0.0593,0.0009,0.2398,0.0122
heun,512,16,3,0.0240,0.0002,quadratic,quadratic,2000,48000,0.0616,0.0004,0.0411,0.0003,0.0738,0.0004,0.0242,0.0002,0.8969,0.0034,0.0471,0.0003,0.0441,0.0003
heun,512,16,3,0.0240,0.0002,polar3,polar,2000,48000,0.7370,0.0023,0.7453,0.0020,0.7394,0.0020,0.6632,0.0361,0.4012,0.0214,0.4999,0.0266,0.6226,0.0141
heun,512,16,3,0.0240,0.0002,knn,knn,5000,120000,0.1693,0.0001,0.1727,0.0001,0.1700,0.0003,0.0264,0.0005,0.0316,0.0003,0.0288,0.0003,0.1007,0.0001
heun,512,16,3,0.0240,0.0002,altered_knn,altered_knn,5000,80000,0.4394,0.0593,0.4433,0.0658,0.4860,0.0251,0.0375,0.0058,0.2825,0.2090,0.0610,0.0033,0.2521,0.0345
heun,512,16,3,0.0240,0.0002,quadratic,quadratic,5000,120000,0.1079,0.0005,0.0906,0.0004,0.1493,0.0005,0.0246,0.0002,0.8108,0.0022,0.0477,0.0005,0.0691,0.0004
heun,512,16,3,0.0240,0.0002,polar3,polar,5000,120000,0.8009,0.0028,0.8099,0.0027,0.7998,0.0020,0.7025,0.0388,0.4324,0.0236,0.5353,0.0293,0.6726,0.0152
heun,512,16,3,0.0240,0.0002,knn,knn,10000,240000,0.1749,0.0005,0.1784,0.0005,0.1757,0.0005,0.0281,0.0009,0.0323,0.0016,0.0300,0.0012,0.1042,0.0004
heun,512,16,3,0.0240,0.0002,altered_knn,altered_knn,10000,160000,0.4827,0.0198,0.4884,0.0224,0.5252,0.0053,0.0387,0.0041,0.2512,0.0848,0.0654,0.0023,0.2769,0.0121
heun,512,16,3,0.0240,0.0002,quadratic,quadratic,10000,240000,0.1553,0.0001,0.1434,0.0002,0.2075,0.0003,0.0245,0.0003,0.6416,0.0032,0.0472,0.0005,0.0953,0.0002
heun,512,16,3,0.0240,0.0002,polar3,polar,10000,240000,0.8431,0.0084,0.8528,0.0086,0.8457,0.0091,0.6850,0.0366,0.4489,0.0228,0.5424,0.0280,0.6976,0.0154
heun,512,16,3,0.0240,0.0002,knn,knn,15000,360000,0.1782,0.0002,0.1818,0.0002,0.1790,0.0002,0.0274,0.0004,0.0303,0.0001,0.0288,0.0002,0.1053,0.0002
heun,512,16,3,0.0240,0.0002,altered_knn,altered_knn,15000,240000,0.5177,0.0137,0.5277,0.0167,0.5396,0.0037,0.0482,0.0083,0.1105,0.1094,0.0489,0.0113,0.2883,0.0030
heun,512,16,3,0.0240,0.0002,quadratic,quadratic,15000,360000,0.1760,0.0004,0.1653,0.0003,0.2344,0.0004,0.0244,0.0002,0.6101,0.0033,0.0469,0.0004,0.1061,0.0003
heun,512,16,3,0.0240,0.0002,polar3,polar,15000,360000,0.8708,0.0066,0.8810,0.0062,0.8761,0.0067,0.6747,0.0363,0.4526,0.0238,0.5418,0.0287,0.7114,0.0170
heun,512,16,3,0.0240,0.0002,knn,knn,20000,480000,0.1804,0.0005,0.1842,0.0005,0.1812,0.0005,0.0279,0.0009,0.0294,0.0011,0.0286,0.0010,0.1064,0.0007
heun,512,16,3,0.0240,0.0002,altered_knn,altered_knn,20000,320000,0.4536,0.0538,0.4543,0.0591,0.5269,0.0259,0.0351,0.0028,0.4264,0.1656,0.0640,0.0031,0.2591,0.0310
heun,512,16,3,0.0240,0.0002,quadratic,quadratic,20000,480000,0.1936,0.0002,0.1841,0.0002,0.2546,0.0004,0.0245,0.0002,0.5780,0.0006,0.0471,0.0004,0.1156,0.0002
heun,512,16,3,0.0240,0.0002,polar3,polar,20000,480000,0.8882,0.0075,0.8988,0.0071,0.8950,0.0072,0.6723,0.0361,0.4556,0.0244,0.5431,0.0291,0.7209,0.0175
