sampler,d,K,n_seeds,hall_gt,hall_gt_std,model,arch,n_per_mode,n_anchors,full_acc,full_acc_std,mode_acc,mode_acc_std,mode_f1,mode_f1_std,hall_prec,hall_prec_std,hall_rec,hall_rec_std,hall_f1,hall_f1_std,balanced,balanced_std
flow,2,2,3,0.0097,0.0002,knn,knn,2000,6000,0.9847,0.0018,0.9869,0.0019,0.9912,0.0012,0.3969,0.0294,0.7605,0.0104,0.5207,0.0241,0.7538,0.0130
flow,2,2,3,0.0097,0.0002,altered_knn,altered_knn,2000,4000,0.9781,0.0004,0.9867,0.0004,0.9861,0.0007,0.1063,0.0201,0.1021,0.0406,0.1030,0.0303,0.5448,0.0150
flow,2,2,3,0.0097,0.0002,quadratic,quadratic,2000,6000,0.9761,0.0010,0.9800,0.0007,0.9790,0.0007,0.5698,0.0211,0.5811,0.0310,0.5753,0.0257,0.7776,0.0131
flow,2,2,3,0.0097,0.0002,polar3,polar,2000,6000,0.9954,0.0010,0.9958,0.0008,0.9976,0.0005,0.6940,0.0480,0.9534,0.0210,0.8028,0.0389,0.8993,0.0198
flow,2,2,3,0.0097,0.0002,knn,knn,5000,15000,0.9911,0.0008,0.9925,0.0009,0.9953,0.0004,0.5449,0.0331,0.8530,0.0129,0.6644,0.0246,0.8284,0.0127
flow,2,2,3,0.0097,0.0002,altered_knn,altered_knn,5000,10000,0.9776,0.0043,0.9848,0.0053,0.9880,0.0016,0.1489,0.0034,0.2469,0.1098,0.1739,0.0419,0.5793,0.0184
flow,2,2,3,0.0097,0.0002,quadratic,quadratic,5000,15000,0.9772,0.0014,0.9812,0.0011,0.9802,0.0012,0.5706,0.0124,0.5770,0.0293,0.5736,0.0199,0.7774,0.0104
flow,2,2,3,0.0097,0.0002,polar3,polar,5000,15000,0.9953,0.0009,0.9957,0.0008,0.9976,0.0004,0.6893,0.0471,0.9524,0.0181,0.7993,0.0377,0.8975,0.0192
flow,2,2,3,0.0097,0.0002,knn,knn,10000,30000,0.9943,0.0005,0.9953,0.0005,0.9971,0.0003,0.6583,0.0227,0.8955,0.0017,0.7586,0.0155,0.8769,0.0080
flow,2,2,3,0.0097,0.0002,altered_knn,altered_knn,10000,20000,0.9826,0.0004,0.9897,0.0005,0.9911,0.0003,0.1966,0.0195,0.2520,0.0288,0.2207,0.0227,0.6052,0.0113
flow,2,2,3,0.0097,0.0002,quadratic,quadratic,10000,30000,0.9778,0.0015,0.9817,0.0011,0.9808,0.0013,0.5714,0.0155,0.5805,0.0326,0.5757,0.0237,0.7787,0.0123
flow,2,2,3,0.0097,0.0002,polar3,polar,10000,30000,0.9953,0.0008,0.9957,0.0007,0.9976,0.0004,0.6882,0.0415,0.9489,0.0207,0.7974,0.0345,0.8966,0.0176
flow,2,2,3,0.0097,0.0002,knn,knn,15000,45000,0.9955,0.0006,0.9964,0.0005,0.9977,0.0003,0.7190,0.0307,0.9083,0.0154,0.8025,0.0244,0.8994,0.0124
flow,2,2,3,0.0097,0.0002,altered_knn,altered_knn,15000,30000,0.9850,0.0016,0.9923,0.0017,0.9924,0.0007,0.2430,0.0446,0.2371,0.0071,0.2379,0.0224,0.6151,0.0120
flow,2,2,3,0.0097,0.0002,quadratic,quadratic,15000,45000,0.9771,0.0014,0.9810,0.0010,0.9800,0.0012,0.5737,0.0190,0.5808,0.0332,0.5771,0.0258,0.7791,0.0134
flow,2,2,3,0.0097,0.0002,polar3,polar,15000,45000,0.9952,0.0008,0.9957,0.0006,0.9976,0.0004,0.6856,0.0404,0.9475,0.0237,0.7953,0.0351,0.8955,0.0179
flow,2,2,3,0.0097,0.0002,knn,knn,20000,60000,0.9960,0.0008,0.9969,0.0006,0.9980,0.0004,0.7462,0.0417,0.9037,0.0206,0.8172,0.0330,0.9070,0.0168
flow,2,2,3,0.0097,0.0002,altered_knn,altered_knn,20000,40000,0.9859,0.0009,0.9931,0.0012,0.9928,0.0003,0.2681,0.0265,0.2489,0.0483,0.2561,0.0345,0.6246,0.0170
flow,2,2,3,0.0097,0.0002,quadratic,quadratic,20000,60000,0.9767,0.0015,0.9806,0.0011,0.9796,0.0012,0.5745,0.0208,0.5812,0.0348,0.5777,0.0273,0.7791,0.0141
flow,2,2,3,0.0097,0.0002,polar3,polar,20000,60000,0.9952,0.0008,0.9957,0.0006,0.9976,0.0004,0.6856,0.0375,0.9493,0.0233,0.7960,0.0329,0.8958,0.0167
flow,2,4,3,0.0102,0.0004,knn,knn,2000,12000,0.9764,0.0016,0.9788,0.0016,0.9857,0.0012,0.2903,0.0255,0.7413,0.0112,0.4167,0.0279,0.6978,0.0147
flow,2,4,3,0.0102,0.0004,altered_knn,altered_knn,2000,8000,0.9558,0.0090,0.9615,0.0100,0.9742,0.0048,0.1131,0.0242,0.4069,0.0825,0.1726,0.0235,0.5670,0.0159
flow,2,4,3,0.0102,0.0004,quadratic,quadratic,2000,12000,0.9304,0.0100,0.9359,0.0104,0.9356,0.0121,0.2282,0.0529,0.3999,0.0697,0.2822,0.0331,0.6091,0.0218
flow,2,4,3,0.0102,0.0004,polar3,polar,2000,12000,0.9820,0.0024,0.9840,0.0025,0.9894,0.0020,0.3573,0.0322,0.7811,0.0148,0.4895,0.0314,0.7368,0.0169
flow,2,4,3,0.0102,0.0004,knn,knn,5000,30000,0.9848,0.0010,0.9872,0.0012,0.9910,0.0012,0.3975,0.0228,0.7567,0.0251,0.5204,0.0177,0.7538,0.0095
flow,2,4,3,0.0102,0.0004,altered_knn,altered_knn,5000,20000,0.9758,0.0036,0.9829,0.0044,0.9855,0.0021,0.1765,0.0302,0.2831,0.0776,0.2098,0.0300,0.5963,0.0149
flow,2,4,3,0.0102,0.0004,quadratic,quadratic,5000,30000,0.9299,0.0101,0.9353,0.0105,0.9348,0.0118,0.2276,0.0549,0.3985,0.0697,0.2816,0.0355,0.6085,0.0230
flow,2,4,3,0.0102,0.0004,polar3,polar,5000,30000,0.9820,0.0023,0.9841,0.0024,0.9893,0.0017,0.3572,0.0292,0.7812,0.0088,0.4894,0.0268,0.7368,0.0146
flow,2,4,3,0.0102,0.0004,knn,knn,10000,60000,0.9881,0.0012,0.9908,0.0011,0.9929,0.0013,0.4731,0.0304,0.7208,0.0430,0.5704,0.0291,0.7806,0.0150
flow,2,4,3,0.0102,0.0004,altered_knn,altered_knn,10000,40000,0.9781,0.0047,0.9848,0.0055,0.9875,0.0029,0.2045,0.0403,0.3304,0.0720,0.2445,0.0333,0.6146,0.0181
flow,2,4,3,0.0102,0.0004,quadratic,quadratic,10000,60000,0.9293,0.0100,0.9348,0.0104,0.9341,0.0121,0.2307,0.0528,0.3972,0.0693,0.2838,0.0332,0.6093,0.0218
flow,2,4,3,0.0102,0.0004,polar3,polar,10000,60000,0.9818,0.0024,0.9839,0.0025,0.9891,0.0017,0.3544,0.0279,0.7742,0.0123,0.4853,0.0246,0.7346,0.0136
flow,2,4,3,0.0102,0.0004,knn,knn,15000,90000,0.9890,0.0013,0.9921,0.0011,0.9934,0.0013,0.5096,0.0315,0.6901,0.0365,0.5855,0.0275,0.7888,0.0143
flow,2,4,3,0.0102,0.0004,altered_knn,altered_knn,15000,60000,0.9822,0.0025,0.9898,0.0026,0.9896,0.0017,0.2247,0.0527,0.2391,0.0326,0.2291,0.0390,0.6094,0.0205
flow,2,4,3,0.0102,0.0004,quadratic,quadratic,15000,90000,0.9296,0.0102,0.9351,0.0105,0.9344,0.0122,0.2319,0.0532,0.3951,0.0661,0.2845,0.0335,0.6098,0.0219
flow,2,4,3,0.0102,0.0004,polar3,polar,15000,90000,0.9821,0.0022,0.9842,0.0023,0.9893,0.0016,0.3585,0.0257,0.7791,0.0092,0.4903,0.0227,0.7372,0.0125
flow,2,4,3,0.0102,0.0004,knn,knn,20000,120000,0.9895,0.0013,0.9927,0.0011,0.9936,0.0013,0.5311,0.0313,0.6764,0.0350,0.5943,0.0266,0.7935,0.0138
flow,2,4,3,0.0102,0.0004,altered_knn,altered_knn,20000,80000,0.9819,0.0004,0.9891,0.0006,0.9897,0.0009,0.2208,0.0404,0.2814,0.1033,0.2454,0.0643,0.6173,0.0318
flow,2,4,3,0.0102,0.0004,quadratic,quadratic,20000,120000,0.9299,0.0101,0.9354,0.0105,0.9346,0.0123,0.2336,0.0520,0.3955,0.0665,0.2859,0.0320,0.6106,0.0212
flow,2,4,3,0.0102,0.0004,polar3,polar,20000,120000,0.9820,0.0022,0.9841,0.0024,0.9893,0.0016,0.3563,0.0267,0.7775,0.0119,0.4878,0.0232,0.7360,0.0128
flow,2,8,3,0.0113,0.0002,knn,knn,2000,24000,0.9698,0.0003,0.9733,0.0003,0.9809,0.0004,0.2544,0.0040,0.6602,0.0144,0.3673,0.0048,0.6703,0.0025
flow,2,8,3,0.0113,0.0002,altered_knn,altered_knn,2000,16000,0.9502,0.0135,0.9569,0.0152,0.9693,0.0049,0.1140,0.0168,0.3719,0.1332,0.1665,0.0077,0.5617,0.0108
flow,2,8,3,0.0113,0.0002,quadratic,quadratic,2000,24000,0.8143,0.0044,0.8174,0.0046,0.8698,0.0075,0.0430,0.0006,0.5438,0.0069,0.0797,0.0011,0.4485,0.0024
flow,2,8,3,0.0113,0.0002,polar3,polar,2000,24000,0.9694,0.0033,0.9730,0.0033,0.9817,0.0024,0.2435,0.0224,0.6603,0.0377,0.3552,0.0266,0.6641,0.0148
flow,2,8,3,0.0113,0.0002,knn,knn,5000,60000,0.9800,0.0005,0.9834,0.0003,0.9878,0.0005,0.3502,0.0051,0.6835,0.0254,0.4631,0.0103,0.7233,0.0052
flow,2,8,3,0.0113,0.0002,altered_knn,altered_knn,5000,40000,0.9655,0.0031,0.9717,0.0038,0.9799,0.0015,0.1603,0.0051,0.4257,0.0769,0.2314,0.0157,0.6015,0.0065
flow,2,8,3,0.0113,0.0002,quadratic,quadratic,5000,60000,0.8122,0.0064,0.8152,0.0066,0.8682,0.0084,0.0426,0.0009,0.5461,0.0074,0.0791,0.0016,0.4472,0.0039
flow,2,8,3,0.0113,0.0002,polar3,polar,5000,60000,0.9693,0.0039,0.9729,0.0038,0.9816,0.0027,0.2422,0.0302,0.6550,0.0402,0.3529,0.0357,0.6629,0.0196
flow,2,8,3,0.0113,0.0002,knn,knn,10000,120000,0.9839,0.0008,0.9877,0.0005,0.9900,0.0007,0.4151,0.0125,0.6486,0.0369,0.5061,0.0205,0.7469,0.0104
flow,2,8,3,0.0113,0.0002,altered_knn,altered_knn,10000,80000,0.9750,0.0018,0.9824,0.0025,0.9852,0.0006,0.1999,0.0033,0.3323,0.0703,0.2471,0.0175,0.6147,0.0076
flow,2,8,3,0.0113,0.0002,quadratic,quadratic,10000,120000,0.8129,0.0060,0.8160,0.0062,0.8686,0.0076,0.0428,0.0012,0.5465,0.0081,0.0794,0.0020,0.4477,0.0040
flow,2,8,3,0.0113,0.0002,polar3,polar,10000,120000,0.9692,0.0031,0.9728,0.0031,0.9815,0.0023,0.2413,0.0212,0.6543,0.0329,0.3520,0.0241,0.6624,0.0135
flow,2,8,3,0.0113,0.0002,knn,knn,15000,180000,0.9851,0.0008,0.9893,0.0005,0.9905,0.0006,0.4464,0.0143,0.6130,0.0314,0.5166,0.0207,0.7529,0.0105
flow,2,8,3,0.0113,0.0002,altered_knn,altered_knn,15000,120000,0.9775,0.0029,0.9854,0.0035,0.9865,0.0015,0.2150,0.0143,0.2907,0.0584,0.2431,0.0130,0.6142,0.0052
flow,2,8,3,0.0113,0.0002,quadratic,quadratic,15000,180000,0.8141,0.0056,0.8172,0.0057,0.8694,0.0071,0.0430,0.0012,0.5450,0.0075,0.0797,0.0021,0.4485,0.0038
flow,2,8,3,0.0113,0.0002,polar3,polar,15000,180000,0.9694,0.0032,0.9731,0.0033,0.9816,0.0023,0.2434,0.0204,0.6533,0.0293,0.3540,0.0222,0.6635,0.0126
flow,2,8,3,0.0113,0.0002,knn,knn,20000,240000,0.9856,0.0008,0.9902,0.0005,0.9908,0.0006,0.4656,0.0160,0.5887,0.0294,0.5200,0.0214,0.7551,0.0109
flow,2,8,3,0.0113,0.0002,altered_knn,altered_knn,20000,160000,0.9795,0.0017,0.9877,0.0019,0.9875,0.0010,0.2325,0.0150,0.2651,0.0306,0.2464,0.0141,0.6170,0.0068
flow,2,8,3,0.0113,0.0002,quadratic,quadratic,20000,240000,0.8228,0.0045,0.8261,0.0046,0.8765,0.0059,0.0444,0.0014,0.5394,0.0057,0.0821,0.0024,0.4541,0.0033
flow,2,8,3,0.0113,0.0002,polar3,polar,20000,240000,0.9708,0.0040,0.9743,0.0041,0.9826,0.0028,0.2555,0.0308,0.6634,0.0241,0.3680,0.0335,0.6711,0.0187
flow,4,2,3,0.0092,0.0001,knn,knn,2000,6000,0.9121,0.0031,0.9179,0.0030,0.9127,0.0028,0.5693,0.0064,0.2976,0.0086,0.3909,0.0086,0.6544,0.0056
flow,4,2,3,0.0092,0.0001,altered_knn,altered_knn,2000,4000,0.8909,0.0320,0.8972,0.0334,0.9306,0.0114,0.0254,0.0010,0.2211,0.1219,0.0428,0.0047,0.4700,0.0151
flow,4,2,3,0.0092,0.0001,quadratic,quadratic,2000,6000,0.9758,0.0079,0.9792,0.0078,0.9771,0.0079,0.8049,0.0383,0.6077,0.0223,0.6925,0.0283,0.8359,0.0180
flow,4,2,3,0.0092,0.0001,polar3,polar,2000,6000,0.9951,0.0005,0.9964,0.0005,0.9967,0.0004,0.7853,0.0355,0.8585,0.0139,0.8197,0.0163,0.9080,0.0084
flow,4,2,3,0.0092,0.0001,knn,knn,5000,15000,0.9303,0.0032,0.9356,0.0032,0.9310,0.0031,0.6570,0.0204,0.3535,0.0094,0.4595,0.0094,0.6976,0.0036
flow,4,2,3,0.0092,0.0001,altered_knn,altered_knn,5000,10000,0.9150,0.0265,0.9220,0.0279,0.9422,0.0087,0.0317,0.0067,0.1645,0.1184,0.0430,0.0076,0.4825,0.0101
flow,4,2,3,0.0092,0.0001,quadratic,quadratic,5000,15000,0.9761,0.0065,0.9796,0.0064,0.9774,0.0066,0.8093,0.0302,0.6008,0.0232,0.6897,0.0262,0.8346,0.0161
flow,4,2,3,0.0092,0.0001,polar3,polar,5000,15000,0.9954,0.0005,0.9968,0.0005,0.9969,0.0004,0.8008,0.0233,0.8470,0.0092,0.8231,0.0131,0.9099,0.0068
flow,4,2,3,0.0092,0.0001,knn,knn,10000,30000,0.9416,0.0023,0.9468,0.0023,0.9426,0.0022,0.6710,0.0100,0.3813,0.0092,0.4862,0.0099,0.7165,0.0038
flow,4,2,3,0.0092,0.0001,altered_knn,altered_knn,10000,20000,0.9088,0.0277,0.9154,0.0291,0.9426,0.0093,0.0286,0.0015,0.2045,0.1201,0.0454,0.0068,0.4804,0.0112
flow,4,2,3,0.0092,0.0001,quadratic,quadratic,10000,30000,0.9759,0.0045,0.9794,0.0044,0.9772,0.0046,0.8097,0.0218,0.5987,0.0241,0.6884,0.0238,0.8339,0.0137
flow,4,2,3,0.0092,0.0001,polar3,polar,10000,30000,0.9955,0.0005,0.9969,0.0004,0.9970,0.0004,0.8030,0.0130,0.8473,0.0113,0.8246,0.0120,0.9107,0.0062
flow,4,2,3,0.0092,0.0001,knn,knn,15000,45000,0.9479,0.0020,0.9529,0.0020,0.9492,0.0020,0.6525,0.0348,0.4112,0.0155,0.5043,0.0205,0.7286,0.0094
flow,4,2,3,0.0092,0.0001,altered_knn,altered_knn,15000,30000,0.9259,0.0238,0.9332,0.0250,0.9496,0.0071,0.0305,0.0035,0.1420,0.1074,0.0453,0.0043,0.4893,0.0105
flow,4,2,3,0.0092,0.0001,quadratic,quadratic,15000,45000,0.9757,0.0045,0.9792,0.0044,0.9770,0.0046,0.8072,0.0229,0.5969,0.0264,0.6862,0.0257,0.8327,0.0148
flow,4,2,3,0.0092,0.0001,polar3,polar,15000,45000,0.9956,0.0004,0.9970,0.0003,0.9970,0.0003,0.8039,0.0091,0.8462,0.0135,0.8245,0.0111,0.9107,0.0057
flow,4,2,3,0.0092,0.0001,knn,knn,20000,60000,0.9514,0.0016,0.9563,0.0016,0.9527,0.0017,0.6801,0.0267,0.4307,0.0118,0.5272,0.0144,0.7418,0.0066
flow,4,2,3,0.0092,0.0001,altered_knn,altered_knn,20000,40000,0.9033,0.0329,0.9095,0.0347,0.9415,0.0113,0.0262,0.0035,0.2410,0.1537,0.0428,0.0144,0.4762,0.0103
flow,4,2,3,0.0092,0.0001,quadratic,quadratic,20000,60000,0.9762,0.0047,0.9797,0.0046,0.9775,0.0048,0.8074,0.0216,0.5922,0.0206,0.6832,0.0215,0.8315,0.0128
flow,4,2,3,0.0092,0.0001,polar3,polar,20000,60000,0.9956,0.0004,0.9970,0.0003,0.9971,0.0003,0.8025,0.0084,0.8491,0.0162,0.8251,0.0117,0.9110,0.0060
flow,4,4,3,0.0103,0.0003,knn,knn,2000,12000,0.8404,0.0104,0.8453,0.0101,0.8404,0.0112,0.2474,0.0692,0.3680,0.0217,0.2880,0.0415,0.5667,0.0170
flow,4,4,3,0.0103,0.0003,altered_knn,altered_knn,2000,8000,0.8459,0.0537,0.8528,0.0564,0.8785,0.0156,0.0351,0.0102,0.1902,0.1992,0.0435,0.0003,0.4482,0.0282
flow,4,4,3,0.0103,0.0003,quadratic,quadratic,2000,12000,0.9285,0.0085,0.9324,0.0084,0.9279,0.0078,0.4674,0.0164,0.5503,0.0102,0.5052,0.0097,0.7188,0.0077
flow,4,4,3,0.0103,0.0003,polar3,polar,2000,12000,0.9770,0.0005,0.9799,0.0004,0.9815,0.0007,0.4580,0.0398,0.6961,0.0155,0.5509,0.0239,0.7654,0.0119
flow,4,4,3,0.0103,0.0003,knn,knn,5000,30000,0.8722,0.0101,0.8771,0.0099,0.8726,0.0105,0.2784,0.0705,0.3985,0.0185,0.3213,0.0420,0.5992,0.0167
flow,4,4,3,0.0103,0.0003,altered_knn,altered_knn,5000,20000,0.8960,0.0067,0.9046,0.0064,0.9029,0.0082,0.0419,0.0050,0.0696,0.0092,0.0518,0.0036,0.4782,0.0021
flow,4,4,3,0.0103,0.0003,quadratic,quadratic,5000,30000,0.9290,0.0080,0.9330,0.0078,0.9282,0.0077,0.4755,0.0136,0.5463,0.0132,0.5082,0.0087,0.7206,0.0076
flow,4,4,3,0.0103,0.0003,polar3,polar,5000,30000,0.9790,0.0008,0.9820,0.0005,0.9830,0.0011,0.4892,0.0222,0.6901,0.0201,0.5718,0.0092,0.7769,0.0044
flow,4,4,3,0.0103,0.0003,knn,knn,10000,60000,0.8923,0.0084,0.8973,0.0082,0.8929,0.0088,0.3109,0.0860,0.4192,0.0134,0.3497,0.0515,0.6235,0.0223
flow,4,4,3,0.0103,0.0003,altered_knn,altered_knn,10000,40000,0.8514,0.0280,0.8571,0.0300,0.8976,0.0030,0.0343,0.0086,0.3092,0.1407,0.0571,0.0059,0.4571,0.0179
flow,4,4,3,0.0103,0.0003,quadratic,quadratic,10000,60000,0.9296,0.0074,0.9335,0.0072,0.9286,0.0071,0.4866,0.0139,0.5486,0.0082,0.5156,0.0078,0.7245,0.0065
flow,4,4,3,0.0103,0.0003,polar3,polar,10000,60000,0.9792,0.0001,0.9823,0.0002,0.9833,0.0005,0.4819,0.0340,0.6839,0.0167,0.5642,0.0188,0.7732,0.0095
flow,4,4,3,0.0103,0.0003,knn,knn,15000,90000,0.9032,0.0079,0.9081,0.0077,0.9040,0.0088,0.3186,0.0873,0.4325,0.0094,0.3595,0.0521,0.6338,0.0227
flow,4,4,3,0.0103,0.0003,altered_knn,altered_knn,15000,60000,0.9020,0.0126,0.9102,0.0134,0.9149,0.0075,0.0486,0.0120,0.1153,0.0755,0.0587,0.0047,0.4844,0.0060
flow,4,4,3,0.0103,0.0003,quadratic,quadratic,15000,90000,0.9302,0.0072,0.9342,0.0070,0.9292,0.0068,0.4849,0.0141,0.5481,0.0089,0.5144,0.0083,0.7243,0.0067
flow,4,4,3,0.0103,0.0003,polar3,polar,15000,90000,0.9792,0.0001,0.9822,0.0003,0.9833,0.0007,0.4800,0.0379,0.6836,0.0199,0.5625,0.0194,0.7723,0.0099
flow,4,4,3,0.0103,0.0003,knn,knn,20000,120000,0.9095,0.0073,0.9143,0.0071,0.9104,0.0081,0.3367,0.0949,0.4429,0.0128,0.3746,0.0557,0.6445,0.0248
flow,4,4,3,0.0103,0.0003,altered_knn,altered_knn,20000,80000,0.9103,0.0055,0.9189,0.0055,0.9186,0.0072,0.0578,0.0226,0.0826,0.0380,0.0563,0.0041,0.4876,0.0045
flow,4,4,3,0.0103,0.0003,quadratic,quadratic,20000,120000,0.9296,0.0074,0.9335,0.0072,0.9286,0.0069,0.4865,0.0133,0.5485,0.0085,0.5155,0.0071,0.7245,0.0061
flow,4,4,3,0.0103,0.0003,polar3,polar,20000,120000,0.9791,0.0002,0.9822,0.0005,0.9832,0.0009,0.4834,0.0414,0.6825,0.0193,0.5642,0.0218,0.7732,0.0111
flow,4,8,3,0.0117,0.0003,knn,knn,2000,24000,0.7890,0.0099,0.7937,0.0100,0.8027,0.0090,0.1132,0.0058,0.3894,0.0047,0.1753,0.0066,0.4845,0.0066
flow,4,8,3,0.0117,0.0003,altered_knn,altered_knn,2000,16000,0.8619,0.0097,0.8714,0.0100,0.8697,0.0080,0.0530,0.0146,0.0588,0.0193,0.0506,0.0044,0.4610,0.0031
flow,4,8,3,0.0117,0.0003,quadratic,quadratic,2000,24000,0.8944,0.0095,0.8994,0.0095,0.8996,0.0089,0.2664,0.0085,0.4726,0.0035,0.3406,0.0068,0.6200,0.0071
flow,4,8,3,0.0117,0.0003,polar3,polar,2000,24000,0.9629,0.0038,0.9673,0.0037,0.9718,0.0021,0.3014,0.0098,0.5904,0.0083,0.3990,0.0093,0.6832,0.0064
flow,4,8,3,0.0117,0.0003,knn,knn,5000,60000,0.8319,0.0087,0.8369,0.0086,0.8436,0.0073,0.1410,0.0056,0.4092,0.0053,0.2097,0.0061,0.5233,0.0066
flow,4,8,3,0.0117,0.0003,altered_knn,altered_knn,5000,40000,0.8234,0.0688,0.8296,0.0724,0.8698,0.0266,0.0436,0.0108,0.3050,0.2324,0.0681,0.0092,0.4488,0.0408
flow,4,8,3,0.0117,0.0003,quadratic,quadratic,5000,60000,0.8941,0.0092,0.8991,0.0092,0.8989,0.0083,0.2706,0.0108,0.4716,0.0019,0.3438,0.0088,0.6214,0.0080
flow,4,8,3,0.0117,0.0003,polar3,polar,5000,60000,0.9643,0.0029,0.9688,0.0028,0.9729,0.0014,0.3083,0.0057,0.5871,0.0064,0.4043,0.0055,0.6865,0.0041
flow,4,8,3,0.0117,0.0003,knn,knn,10000,120000,0.8596,0.0069,0.8648,0.0069,0.8701,0.0054,0.1645,0.0049,0.4261,0.0038,0.2373,0.0050,0.5511,0.0042
flow,4,8,3,0.0117,0.0003,altered_knn,altered_knn,10000,80000,0.8563,0.0436,0.8637,0.0462,0.8888,0.0141,0.0522,0.0148,0.2297,0.1835,0.0678,0.0085,0.4657,0.0249
flow,4,8,3,0.0117,0.0003,quadratic,quadratic,10000,120000,0.8938,0.0089,0.8988,0.0089,0.8988,0.0081,0.2709,0.0116,0.4728,0.0022,0.3443,0.0090,0.6216,0.0080
flow,4,8,3,0.0117,0.0003,polar3,polar,10000,120000,0.9642,0.0033,0.9687,0.0032,0.9729,0.0017,0.3070,0.0103,0.5900,0.0032,0.4037,0.0088,0.6862,0.0059
flow,4,8,3,0.0117,0.0003,knn,knn,15000,180000,0.8739,0.0064,0.8791,0.0063,0.8840,0.0051,0.1771,0.0071,0.4302,0.0026,0.2509,0.0076,0.5650,0.0054
flow,4,8,3,0.0117,0.0003,altered_knn,altered_knn,15000,120000,0.8906,0.0108,0.9001,0.0115,0.9011,0.0057,0.0674,0.0142,0.0929,0.0519,0.0681,0.0054,0.4841,0.0048
flow,4,8,3,0.0117,0.0003,quadratic,quadratic,15000,180000,0.8944,0.0086,0.8994,0.0086,0.8993,0.0078,0.2722,0.0113,0.4718,0.0020,0.3451,0.0088,0.6222,0.0077
flow,4,8,3,0.0117,0.0003,polar3,polar,15000,180000,0.9643,0.0029,0.9688,0.0028,0.9730,0.0014,0.3078,0.0069,0.5889,0.0037,0.4042,0.0056,0.6865,0.0039
flow,4,8,3,0.0117,0.0003,knn,knn,20000,240000,0.8838,0.0056,0.8890,0.0056,0.8932,0.0046,0.1913,0.0094,0.4372,0.0038,0.2660,0.0095,0.5775,0.0066
flow,4,8,3,0.0117,0.0003,altered_knn,altered_knn,20000,160000,0.8848,0.0173,0.8932,0.0184,0.9042,0.0064,0.0606,0.0158,0.1718,0.0762,0.0813,0.0064,0.4873,0.0123
flow,4,8,3,0.0117,0.0003,quadratic,quadratic,20000,240000,0.8986,0.0083,0.9037,0.0083,0.9034,0.0074,0.2825,0.0093,0.4681,0.0025,0.3523,0.0068,0.6280,0.0069
flow,4,8,3,0.0117,0.0003,polar3,polar,20000,240000,0.9648,0.0030,0.9692,0.0029,0.9734,0.0015,0.3106,0.0062,0.5876,0.0041,0.4063,0.0054,0.6878,0.0040
flow,4,16,3,0.0128,0.0005,knn,knn,2000,48000,0.7679,0.0052,0.7726,0.0051,0.7860,0.0049,0.0943,0.0040,0.4051,0.0017,0.1529,0.0051,0.4628,0.0011
flow,4,16,3,0.0128,0.0005,altered_knn,altered_knn,2000,32000,0.8363,0.0104,0.8451,0.0113,0.8527,0.0002,0.0547,0.0058,0.1522,0.0864,0.0712,0.0137,0.4582,0.0017
flow,4,16,3,0.0128,0.0005,quadratic,quadratic,2000,48000,0.8763,0.0095,0.8820,0.0094,0.8881,0.0089,0.1614,0.0053,0.4406,0.0071,0.2362,0.0047,0.5591,0.0037
flow,4,16,3,0.0128,0.0005,polar3,polar,2000,48000,0.9507,0.0010,0.9563,0.0008,0.9619,0.0008,0.2412,0.0086,0.5194,0.0067,0.3293,0.0075,0.6428,0.0036
flow,4,16,3,0.0128,0.0005,knn,knn,5000,120000,0.8152,0.0051,0.8204,0.0050,0.8300,0.0050,0.1201,0.0059,0.4176,0.0009,0.1865,0.0070,0.5034,0.0018
flow,4,16,3,0.0128,0.0005,altered_knn,altered_knn,5000,80000,0.8475,0.0281,0.8564,0.0307,0.8688,0.0048,0.0687,0.0201,0.1680,0.1679,0.0655,0.0084,0.4610,0.0128
flow,4,16,3,0.0128,0.0005,quadratic,quadratic,5000,120000,0.8784,0.0109,0.8841,0.0108,0.8899,0.0100,0.1632,0.0055,0.4400,0.0069,0.2380,0.0051,0.5611,0.0061
flow,4,16,3,0.0128,0.0005,polar3,polar,5000,120000,0.9517,0.0006,0.9573,0.0004,0.9626,0.0006,0.2465,0.0083,0.5206,0.0031,0.3345,0.0078,0.6459,0.0039
flow,4,16,3,0.0128,0.0005,knn,knn,10000,240000,0.8468,0.0041,0.8522,0.0039,0.8597,0.0037,0.1448,0.0057,0.4289,0.0039,0.2164,0.0059,0.5343,0.0011
flow,4,16,3,0.0128,0.0005,altered_knn,altered_knn,10000,160000,0.8687,0.0043,0.8777,0.0054,0.8843,0.0004,0.0700,0.0076,0.1790,0.0589,0.0961,0.0047,0.4869,0.0005
flow,4,16,3,0.0128,0.0005,quadratic,quadratic,10000,240000,0.8830,0.0090,0.8887,0.0089,0.8942,0.0081,0.1679,0.0064,0.4397,0.0061,0.2429,0.0059,0.5658,0.0050
flow,4,16,3,0.0128,0.0005,polar3,polar,10000,240000,0.9529,0.0009,0.9585,0.0007,0.9636,0.0008,0.2510,0.0074,0.5217,0.0047,0.3389,0.0066,0.6487,0.0033
flow,4,16,3,0.0128,0.0005,knn,knn,15000,360000,0.8629,0.0043,0.8685,0.0041,0.8751,0.0039,0.1590,0.0061,0.4355,0.0024,0.2328,0.0062,0.5506,0.0012
flow,4,16,3,0.0128,0.0005,altered_knn,altered_knn,15000,240000,0.8785,0.0040,0.8877,0.0043,0.8920,0.0007,0.0772,0.0028,0.1712,0.0387,0.1047,0.0065,0.4962,0.0013
flow,4,16,3,0.0128,0.0005,quadratic,quadratic,15000,360000,0.8891,0.0062,0.8948,0.0061,0.9029,0.0054,0.1515,0.0073,0.4482,0.0057,0.2263,0.0073,0.5605,0.0036
flow,4,16,3,0.0128,0.0005,polar3,polar,15000,360000,0.9546,0.0011,0.9602,0.0011,0.9652,0.0013,0.2567,0.0099,0.5255,0.0083,0.3448,0.0089,0.6525,0.0048
flow,4,16,3,0.0128,0.0005,knn,knn,20000,480000,0.8735,0.0038,0.8791,0.0036,0.8850,0.0034,0.1717,0.0072,0.4399,0.0050,0.2469,0.0071,0.5630,0.0017
flow,4,16,3,0.0128,0.0005,altered_knn,altered_knn,20000,320000,0.8882,0.0035,0.8984,0.0046,0.8965,0.0009,0.0957,0.0138,0.1057,0.0687,0.0865,0.0189,0.4924,0.0073
flow,4,16,3,0.0128,0.0005,quadratic,quadratic,20000,480000,0.8890,0.0048,0.8946,0.0047,0.9066,0.0041,0.1275,0.0057,0.4564,0.0048,0.1993,0.0064,0.5469,0.0029
flow,4,16,3,0.0128,0.0005,polar3,polar,20000,480000,0.9560,0.0014,0.9616,0.0014,0.9663,0.0016,0.2626,0.0120,0.5243,0.0091,0.3497,0.0105,0.6556,0.0059
flow,8,2,3,0.0096,0.0001,knn,knn,2000,6000,0.8176,0.0108,0.8248,0.0109,0.8170,0.0085,0.5741,0.0482,0.0673,0.0040,0.1205,0.0070,0.4727,0.0020
flow,8,2,3,0.0096,0.0001,altered_knn,altered_knn,2000,4000,0.8865,0.0164,0.8939,0.0174,0.9128,0.0025,0.0201,0.0032,0.1235,0.0822,0.0323,0.0101,0.4631,0.0040
flow,8,2,3,0.0096,0.0001,quadratic,quadratic,2000,6000,0.9620,0.0019,0.9666,0.0019,0.9633,0.0020,0.8951,0.0087,0.4886,0.0084,0.6321,0.0084,0.7994,0.0032
flow,8,2,3,0.0096,0.0001,polar3,polar,2000,6000,0.9929,0.0011,0.9947,0.0012,0.9944,0.0010,0.8349,0.0339,0.8154,0.0054,0.8246,0.0139,0.9096,0.0076
flow,8,2,3,0.0096,0.0001,knn,knn,5000,15000,0.8339,0.0077,0.8413,0.0077,0.8332,0.0060,0.6601,0.0375,0.0691,0.0053,0.1250,0.0083,0.4831,0.0080
flow,8,2,3,0.0096,0.0001,altered_knn,altered_knn,5000,10000,0.8831,0.0040,0.8901,0.0044,0.9149,0.0006,0.0233,0.0018,0.1610,0.0360,0.0406,0.0039,0.4654,0.0009
flow,8,2,3,0.0096,0.0001,quadratic,quadratic,5000,15000,0.9629,0.0018,0.9675,0.0018,0.9641,0.0019,0.9264,0.0012,0.4852,0.0045,0.6369,0.0041,0.8022,0.0012
flow,8,2,3,0.0096,0.0001,polar3,polar,5000,15000,0.9946,0.0003,0.9963,0.0003,0.9959,0.0003,0.8720,0.0153,0.8237,0.0027,0.8471,0.0059,0.9217,0.0031
flow,8,2,3,0.0096,0.0001,knn,knn,10000,30000,0.8437,0.0096,0.8512,0.0097,0.8433,0.0077,0.6896,0.0538,0.0732,0.0082,0.1323,0.0143,0.4917,0.0080
flow,8,2,3,0.0096,0.0001,altered_knn,altered_knn,10000,20000,0.8369,0.0750,0.8422,0.0775,0.8936,0.0365,0.0243,0.0033,0.2931,0.1828,0.0432,0.0037,0.4427,0.0405
flow,8,2,3,0.0096,0.0001,quadratic,quadratic,10000,30000,0.9632,0.0020,0.9678,0.0021,0.9644,0.0022,0.9390,0.0057,0.4866,0.0071,0.6410,0.0073,0.8044,0.0031
flow,8,2,3,0.0096,0.0001,polar3,polar,10000,30000,0.9949,0.0002,0.9966,0.0002,0.9961,0.0002,0.8905,0.0039,0.8268,0.0035,0.8575,0.0017,0.9270,0.0007
flow,8,2,3,0.0096,0.0001,knn,knn,15000,45000,0.8494,0.0096,0.8569,0.0096,0.8491,0.0079,0.7786,0.0452,0.0823,0.0034,0.1488,0.0059,0.5028,0.0072
flow,8,2,3,0.0096,0.0001,altered_knn,altered_knn,15000,30000,0.8308,0.0904,0.8360,0.0933,0.8891,0.0463,0.0235,0.0038,0.2919,0.2082,0.0414,0.0046,0.4387,0.0484
flow,8,2,3,0.0096,0.0001,quadratic,quadratic,15000,45000,0.9626,0.0017,0.9672,0.0018,0.9637,0.0019,0.9424,0.0076,0.4880,0.0082,0.6429,0.0076,0.8051,0.0033
flow,8,2,3,0.0096,0.0001,polar3,polar,15000,45000,0.9949,0.0001,0.9965,0.0002,0.9960,0.0002,0.8850,0.0074,0.8268,0.0049,0.8549,0.0030,0.9257,0.0014
flow,8,2,3,0.0096,0.0001,knn,knn,20000,60000,0.8533,0.0077,0.8608,0.0077,0.8531,0.0063,0.7447,0.0256,0.0878,0.0016,0.1571,0.0026,0.5089,0.0047
flow,8,2,3,0.0096,0.0001,altered_knn,altered_knn,20000,40000,0.8976,0.0024,0.9049,0.0028,0.9242,0.0006,0.0257,0.0045,0.1444,0.0399,0.0436,0.0083,0.4743,0.0030
flow,8,2,3,0.0096,0.0001,quadratic,quadratic,20000,60000,0.9633,0.0029,0.9679,0.0029,0.9645,0.0030,0.9415,0.0063,0.4866,0.0048,0.6416,0.0054,0.8048,0.0033
flow,8,2,3,0.0096,0.0001,polar3,polar,20000,60000,0.9949,0.0002,0.9965,0.0002,0.9960,0.0003,0.8887,0.0076,0.8279,0.0052,0.8572,0.0042,0.9268,0.0020
flow,8,4,3,0.0106,0.0003,knn,knn,2000,12000,0.6875,0.0233,0.6935,0.0236,0.6852,0.0208,0.1958,0.0620,0.1252,0.0097,0.1501,0.0279,0.4218,0.0027
flow,8,4,3,0.0106,0.0003,altered_knn,altered_knn,2000,8000,0.7926,0.0507,0.7989,0.0528,0.8295,0.0179,0.0302,0.0093,0.1986,0.1571,0.0419,0.0009,0.4204,0.0260
flow,8,4,3,0.0106,0.0003,quadratic,quadratic,2000,12000,0.9380,0.0038,0.9425,0.0037,0.9372,0.0051,0.7429,0.0101,0.5216,0.0106,0.6127,0.0059,0.7776,0.0047
flow,8,4,3,0.0106,0.0003,polar3,polar,2000,12000,0.9752,0.0012,0.9783,0.0012,0.9775,0.0019,0.6116,0.0328,0.6822,0.0060,0.6447,0.0207,0.8115,0.0102
flow,8,4,3,0.0106,0.0003,knn,knn,5000,30000,0.7096,0.0223,0.7158,0.0225,0.7069,0.0196,0.2328,0.0346,0.1330,0.0055,0.1688,0.0138,0.4423,0.0128
flow,8,4,3,0.0106,0.0003,altered_knn,altered_knn,5000,20000,0.8164,0.0384,0.8233,0.0400,0.8433,0.0143,0.0321,0.0057,0.1630,0.1277,0.0473,0.0018,0.4353,0.0207
flow,8,4,3,0.0106,0.0003,quadratic,quadratic,5000,30000,0.9397,0.0045,0.9442,0.0045,0.9387,0.0057,0.7603,0.0159,0.5198,0.0079,0.6172,0.0017,0.7807,0.0031
flow,8,4,3,0.0106,0.0003,polar3,polar,5000,30000,0.9804,0.0017,0.9837,0.0016,0.9821,0.0023,0.7094,0.0213,0.6755,0.0058,0.6919,0.0130,0.8378,0.0061
flow,8,4,3,0.0106,0.0003,knn,knn,10000,60000,0.7273,0.0230,0.7335,0.0232,0.7236,0.0200,0.3187,0.0386,0.1512,0.0066,0.2048,0.0141,0.4692,0.0131
flow,8,4,3,0.0106,0.0003,altered_knn,altered_knn,10000,40000,0.8167,0.0441,0.8233,0.0460,0.8496,0.0161,0.0310,0.0062,0.1961,0.1465,0.0480,0.0025,0.4356,0.0237
flow,8,4,3,0.0106,0.0003,quadratic,quadratic,10000,60000,0.9398,0.0042,0.9443,0.0043,0.9388,0.0056,0.7691,0.0161,0.5218,0.0073,0.6216,0.0011,0.7829,0.0027
flow,8,4,3,0.0106,0.0003,polar3,polar,10000,60000,0.9822,0.0010,0.9854,0.0010,0.9839,0.0017,0.7290,0.0255,0.6783,0.0035,0.7025,0.0133,0.8440,0.0061
flow,8,4,3,0.0106,0.0003,knn,knn,15000,90000,0.7353,0.0218,0.7416,0.0220,0.7317,0.0190,0.3666,0.0406,0.1520,0.0078,0.2148,0.0149,0.4782,0.0150
flow,8,4,3,0.0106,0.0003,altered_knn,altered_knn,15000,60000,0.8269,0.0314,0.8337,0.0327,0.8560,0.0126,0.0318,0.0040,0.1865,0.1140,0.0500,0.0036,0.4419,0.0169
flow,8,4,3,0.0106,0.0003,quadratic,quadratic,15000,90000,0.9393,0.0042,0.9438,0.0043,0.9383,0.0056,0.7697,0.0175,0.5199,0.0051,0.6204,0.0027,0.7821,0.0035
flow,8,4,3,0.0106,0.0003,polar3,polar,15000,90000,0.9827,0.0009,0.9860,0.0009,0.9846,0.0015,0.7250,0.0278,0.6764,0.0068,0.6996,0.0157,0.8428,0.0074
flow,8,4,3,0.0106,0.0003,knn,knn,20000,120000,0.7419,0.0204,0.7482,0.0207,0.7385,0.0184,0.3809,0.0338,0.1576,0.0053,0.2228,0.0110,0.4855,0.0087
flow,8,4,3,0.0106,0.0003,altered_knn,altered_knn,20000,80000,0.8282,0.0328,0.8350,0.0342,0.8591,0.0128,0.0302,0.0026,0.1935,0.1133,0.0497,0.0019,0.4423,0.0169
flow,8,4,3,0.0106,0.0003,quadratic,quadratic,20000,120000,0.9386,0.0036,0.9431,0.0037,0.9376,0.0050,0.7703,0.0173,0.5173,0.0056,0.6188,0.0019,0.7810,0.0027
flow,8,4,3,0.0106,0.0003,polar3,polar,20000,120000,0.9827,0.0008,0.9860,0.0008,0.9845,0.0014,0.7359,0.0338,0.6761,0.0057,0.7044,0.0170,0.8452,0.0081
flow,8,8,3,0.0126,0.0001,knn,knn,2000,24000,0.5909,0.0115,0.5959,0.0117,0.5950,0.0088,0.0976,0.0199,0.1936,0.0029,0.1286,0.0180,0.3623,0.0148
flow,8,8,3,0.0126,0.0001,altered_knn,altered_knn,2000,16000,0.7879,0.0082,0.7974,0.0081,0.7914,0.0099,0.0476,0.0020,0.0404,0.0214,0.0409,0.0145,0.4192,0.0109
flow,8,8,3,0.0126,0.0001,quadratic,quadratic,2000,24000,0.9142,0.0071,0.9196,0.0071,0.9149,0.0066,0.5518,0.0095,0.4920,0.0108,0.5202,0.0101,0.7199,0.0082
flow,8,8,3,0.0126,0.0001,polar3,polar,2000,24000,0.9626,0.0015,0.9679,0.0015,0.9659,0.0017,0.5620,0.0276,0.5526,0.0060,0.5570,0.0146,0.7624,0.0077
flow,8,8,3,0.0126,0.0001,knn,knn,5000,60000,0.6212,0.0072,0.6265,0.0072,0.6243,0.0063,0.1160,0.0098,0.2050,0.0061,0.1480,0.0093,0.3873,0.0083
flow,8,8,3,0.0126,0.0001,altered_knn,altered_knn,5000,40000,0.7650,0.0445,0.7722,0.0479,0.7973,0.0083,0.0376,0.0066,0.2019,0.2173,0.0481,0.0059,0.4102,0.0220
flow,8,8,3,0.0126,0.0001,quadratic,quadratic,5000,60000,0.9171,0.0069,0.9225,0.0069,0.9178,0.0064,0.5638,0.0081,0.4957,0.0114,0.5275,0.0096,0.7250,0.0076
flow,8,8,3,0.0126,0.0001,polar3,polar,5000,60000,0.9694,0.0012,0.9748,0.0011,0.9724,0.0012,0.6271,0.0197,0.5469,0.0116,0.5842,0.0136,0.7795,0.0073
flow,8,8,3,0.0126,0.0001,knn,knn,10000,120000,0.6447,0.0062,0.6502,0.0062,0.6466,0.0051,0.1379,0.0045,0.2128,0.0035,0.1673,0.0043,0.4088,0.0051
flow,8,8,3,0.0126,0.0001,altered_knn,altered_knn,10000,80000,0.7799,0.0358,0.7869,0.0378,0.8126,0.0118,0.0404,0.0074,0.2314,0.1213,0.0648,0.0063,0.4258,0.0221
flow,8,8,3,0.0126,0.0001,quadratic,quadratic,10000,120000,0.9174,0.0083,0.9228,0.0083,0.9180,0.0078,0.5683,0.0149,0.4959,0.0110,0.5296,0.0121,0.7262,0.0096
flow,8,8,3,0.0126,0.0001,polar3,polar,10000,120000,0.9715,0.0009,0.9769,0.0008,0.9745,0.0010,0.6528,0.0147,0.5452,0.0081,0.5942,0.0109,0.7855,0.0058
flow,8,8,3,0.0126,0.0001,knn,knn,15000,180000,0.6579,0.0075,0.6635,0.0076,0.6593,0.0066,0.1538,0.0032,0.2179,0.0072,0.1803,0.0043,0.4219,0.0059
flow,8,8,3,0.0126,0.0001,altered_knn,altered_knn,15000,120000,0.8143,0.0055,0.8238,0.0059,0.8214,0.0067,0.0505,0.0043,0.0701,0.0560,0.0493,0.0159,0.4365,0.0069
flow,8,8,3,0.0126,0.0001,quadratic,quadratic,15000,180000,0.9177,0.0090,0.9232,0.0090,0.9184,0.0085,0.5701,0.0115,0.4938,0.0117,0.5292,0.0113,0.7262,0.0094
flow,8,8,3,0.0126,0.0001,polar3,polar,15000,180000,0.9722,0.0008,0.9777,0.0008,0.9753,0.0009,0.6597,0.0098,0.5476,0.0082,0.5984,0.0087,0.7881,0.0046
flow,8,8,3,0.0126,0.0001,knn,knn,20000,240000,0.6664,0.0077,0.6721,0.0077,0.6676,0.0066,0.1630,0.0084,0.2203,0.0122,0.1873,0.0096,0.4297,0.0084
flow,8,8,3,0.0126,0.0001,altered_knn,altered_knn,20000,160000,0.8162,0.0022,0.8255,0.0022,0.8259,0.0064,0.0446,0.0014,0.0872,0.0492,0.0547,0.0140,0.4401,0.0072
flow,8,8,3,0.0126,0.0001,quadratic,quadratic,20000,240000,0.9219,0.0094,0.9274,0.0094,0.9224,0.0089,0.6016,0.0104,0.4893,0.0099,0.5397,0.0094,0.7335,0.0090
flow,8,8,3,0.0126,0.0001,polar3,polar,20000,240000,0.9730,0.0008,0.9784,0.0008,0.9760,0.0009,0.6632,0.0078,0.5478,0.0079,0.6000,0.0079,0.7892,0.0042
flow,8,16,3,0.0138,0.0002,knn,knn,2000,48000,0.5140,0.0007,0.5176,0.0007,0.5279,0.0005,0.0612,0.0022,0.2580,0.0094,0.0989,0.0025,0.3082,0.0011
flow,8,16,3,0.0138,0.0002,altered_knn,altered_knn,2000,32000,0.7218,0.0183,0.7288,0.0202,0.7517,0.0035,0.0428,0.0054,0.2261,0.1205,0.0639,0.0077,0.3964,0.0063
flow,8,16,3,0.0138,0.0002,quadratic,quadratic,2000,48000,0.8874,0.0018,0.8934,0.0020,0.8914,0.0018,0.3789,0.0082,0.4534,0.0050,0.4127,0.0028,0.6531,0.0024
flow,8,16,3,0.0138,0.0002,polar3,polar,2000,48000,0.9433,0.0012,0.9499,0.0013,0.9483,0.0010,0.4446,0.0195,0.4751,0.0069,0.4591,0.0107,0.7045,0.0056
flow,8,16,3,0.0138,0.0002,knn,knn,5000,120000,0.5480,0.0009,0.5519,0.0009,0.5609,0.0012,0.0724,0.0023,0.2651,0.0034,0.1137,0.0027,0.3328,0.0017
flow,8,16,3,0.0138,0.0002,altered_knn,altered_knn,5000,80000,0.7442,0.0166,0.7519,0.0183,0.7689,0.0032,0.0448,0.0041,0.1902,0.1109,0.0680,0.0017,0.4099,0.0083
flow,8,16,3,0.0138,0.0002,quadratic,quadratic,5000,120000,0.8892,0.0025,0.8953,0.0026,0.8933,0.0023,0.3845,0.0041,0.4563,0.0047,0.4173,0.0015,0.6563,0.0019
flow,8,16,3,0.0138,0.0002,polar3,polar,5000,120000,0.9491,0.0005,0.9558,0.0007,0.9541,0.0005,0.4667,0.0133,0.4727,0.0100,0.4696,0.0097,0.7127,0.0046
flow,8,16,3,0.0138,0.0002,knn,knn,10000,240000,0.5768,0.0020,0.5812,0.0020,0.5886,0.0027,0.0834,0.0029,0.2688,0.0026,0.1273,0.0035,0.3542,0.0028
flow,8,16,3,0.0138,0.0002,altered_knn,altered_knn,10000,160000,0.7491,0.0280,0.7566,0.0304,0.7791,0.0043,0.0447,0.0067,0.2113,0.1558,0.0653,0.0025,0.4110,0.0151
flow,8,16,3,0.0138,0.0002,quadratic,quadratic,10000,240000,0.8938,0.0022,0.9000,0.0023,0.8974,0.0021,0.4121,0.0059,0.4489,0.0051,0.4296,0.0026,0.6648,0.0022
flow,8,16,3,0.0138,0.0002,polar3,polar,10000,240000,0.9520,0.0003,0.9587,0.0002,0.9569,0.0002,0.4798,0.0118,0.4727,0.0093,0.4761,0.0088,0.7174,0.0043
flow,8,16,3,0.0138,0.0002,knn,knn,15000,360000,0.5911,0.0022,0.5956,0.0022,0.6025,0.0030,0.0891,0.0029,0.2709,0.0024,0.1341,0.0036,0.3648,0.0029
flow,8,16,3,0.0138,0.0002,altered_knn,altered_knn,15000,240000,0.7672,0.0125,0.7756,0.0139,0.7881,0.0027,0.0471,0.0034,0.1637,0.0952,0.0626,0.0174,0.4191,0.0019
flow,8,16,3,0.0138,0.0002,quadratic,quadratic,15000,360000,0.9035,0.0021,0.9101,0.0022,0.9068,0.0022,0.4720,0.0069,0.4340,0.0062,0.4521,0.0023,0.6811,0.0019
flow,8,16,3,0.0138,0.0002,polar3,polar,15000,360000,0.9544,0.0005,0.9611,0.0005,0.9591,0.0004,0.4955,0.0087,0.4755,0.0078,0.4853,0.0072,0.7232,0.0034
flow,8,16,3,0.0138,0.0002,knn,knn,20000,480000,0.6014,0.0023,0.6060,0.0023,0.6124,0.0031,0.0947,0.0023,0.2723,0.0005,0.1405,0.0026,0.3733,0.0024
flow,8,16,3,0.0138,0.0002,altered_knn,altered_knn,20000,320000,0.7652,0.0131,0.7730,0.0149,0.7925,0.0029,0.0473,0.0068,0.2097,0.1145,0.0680,0.0087,0.4205,0.0047
flow,8,16,3,0.0138,0.0002,quadratic,quadratic,20000,480000,0.9083,0.0017,0.9150,0.0018,0.9113,0.0017,0.4984,0.0080,0.4291,0.0052,0.4611,0.0023,0.6880,0.0018
flow,8,16,3,0.0138,0.0002,polar3,polar,20000,480000,0.9557,0.0003,0.9624,0.0003,0.9604,0.0002,0.5028,0.0070,0.4753,0.0089,0.4887,0.0066,0.7256,0.0032
flow,16,2,3,0.0088,0.0003,knn,knn,2000,6000,0.7839,0.0075,0.7907,0.0078,0.7828,0.0052,0.2247,0.0309,0.0125,0.0026,0.0236,0.0047,0.4072,0.0052
flow,16,2,3,0.0088,0.0003,altered_knn,altered_knn,2000,4000,0.8509,0.0079,0.8566,0.0081,0.8902,0.0017,0.0215,0.0002,0.2085,0.0275,0.0389,0.0003,0.4478,0.0040
flow,16,2,3,0.0088,0.0003,quadratic,quadratic,2000,6000,0.9508,0.0043,0.9556,0.0043,0.9520,0.0043,0.8544,0.0202,0.4172,0.0093,0.5606,0.0103,0.7581,0.0031
flow,16,2,3,0.0088,0.0003,polar3,polar,2000,6000,0.9804,0.0015,0.9823,0.0013,0.9813,0.0011,0.7917,0.0571,0.7661,0.0166,0.7782,0.0363,0.8802,0.0188
flow,16,2,3,0.0088,0.0003,knn,knn,5000,15000,0.7908,0.0050,0.7978,0.0051,0.7895,0.0035,0.3056,0.0393,0.0117,0.0029,0.0226,0.0054,0.4102,0.0046
flow,16,2,3,0.0088,0.0003,altered_knn,altered_knn,5000,10000,0.8556,0.0063,0.8615,0.0065,0.8951,0.0014,0.0202,0.0015,0.1945,0.0319,0.0365,0.0029,0.4490,0.0025
flow,16,2,3,0.0088,0.0003,quadratic,quadratic,5000,15000,0.9528,0.0044,0.9575,0.0045,0.9538,0.0045,0.9220,0.0167,0.4210,0.0124,0.5779,0.0124,0.7677,0.0041
flow,16,2,3,0.0088,0.0003,polar3,polar,5000,15000,0.9887,0.0016,0.9899,0.0016,0.9909,0.0013,0.6844,0.0971,0.8585,0.0100,0.7584,0.0621,0.8741,0.0314
flow,16,2,3,0.0088,0.0003,knn,knn,10000,30000,0.7965,0.0088,0.8035,0.0090,0.7951,0.0062,0.3647,0.0972,0.0109,0.0033,0.0211,0.0063,0.4123,0.0076
flow,16,2,3,0.0088,0.0003,altered_knn,altered_knn,10000,20000,0.8596,0.0054,0.8655,0.0058,0.8982,0.0016,0.0206,0.0018,0.1908,0.0093,0.0371,0.0029,0.4513,0.0043
flow,16,2,3,0.0088,0.0003,quadratic,quadratic,10000,30000,0.9536,0.0039,0.9583,0.0039,0.9546,0.0040,0.9412,0.0211,0.4234,0.0101,0.5839,0.0091,0.7711,0.0028
flow,16,2,3,0.0088,0.0003,polar3,polar,10000,30000,0.9913,0.0002,0.9924,0.0003,0.9932,0.0007,0.7241,0.0660,0.8740,0.0216,0.7912,0.0478,0.8918,0.0237
flow,16,2,3,0.0088,0.0003,knn,knn,15000,45000,0.7993,0.0103,0.8063,0.0104,0.7977,0.0072,0.3682,0.0482,0.0120,0.0026,0.0232,0.0050,0.4148,0.0069
flow,16,2,3,0.0088,0.0003,altered_knn,altered_knn,15000,30000,0.7516,0.0824,0.7545,0.0843,0.8445,0.0472,0.0177,0.0017,0.4273,0.1499,0.0336,0.0028,0.3940,0.0432
flow,16,2,3,0.0088,0.0003,quadratic,quadratic,15000,45000,0.9536,0.0033,0.9583,0.0033,0.9546,0.0034,0.9372,0.0206,0.4247,0.0015,0.5845,0.0049,0.7714,0.0019
flow,16,2,3,0.0088,0.0003,polar3,polar,15000,45000,0.9919,0.0006,0.9930,0.0008,0.9938,0.0010,0.7177,0.0326,0.8785,0.0205,0.7899,0.0279,0.8914,0.0136
flow,16,2,3,0.0088,0.0003,knn,knn,20000,60000,0.7996,0.0092,0.8066,0.0094,0.7978,0.0061,0.2789,0.0666,0.0072,0.0012,0.0140,0.0024,0.4103,0.0051
flow,16,2,3,0.0088,0.0003,altered_knn,altered_knn,20000,40000,0.7915,0.1002,0.7959,0.1029,0.8602,0.0532,0.0186,0.0037,0.3111,0.1944,0.0340,0.0058,0.4149,0.0536
flow,16,2,3,0.0088,0.0003,quadratic,quadratic,20000,60000,0.9541,0.0033,0.9588,0.0033,0.9551,0.0033,0.9414,0.0248,0.4206,0.0029,0.5813,0.0067,0.7701,0.0024
flow,16,2,3,0.0088,0.0003,polar3,polar,20000,60000,0.9925,0.0008,0.9935,0.0010,0.9942,0.0009,0.7496,0.0157,0.8811,0.0206,0.8100,0.0159,0.9017,0.0077
flow,16,4,3,0.0096,0.0004,knn,knn,2000,12000,0.6175,0.0176,0.6231,0.0176,0.6124,0.0138,0.1506,0.0263,0.0350,0.0049,0.0564,0.0069,0.3398,0.0122
flow,16,4,3,0.0096,0.0004,altered_knn,altered_knn,2000,8000,0.8030,0.0105,0.8094,0.0106,0.8213,0.0050,0.0308,0.0021,0.1441,0.0284,0.0502,0.0012,0.4298,0.0058
flow,16,4,3,0.0096,0.0004,quadratic,quadratic,2000,12000,0.9264,0.0018,0.9306,0.0015,0.9257,0.0024,0.7707,0.0110,0.4871,0.0119,0.5969,0.0116,0.7638,0.0065
flow,16,4,3,0.0096,0.0004,polar3,polar,2000,12000,0.9516,0.0028,0.9541,0.0027,0.9554,0.0017,0.4141,0.0227,0.6988,0.0185,0.5197,0.0201,0.7369,0.0114
flow,16,4,3,0.0096,0.0004,knn,knn,5000,30000,0.6303,0.0134,0.6361,0.0133,0.6251,0.0103,0.1684,0.0084,0.0306,0.0055,0.0517,0.0081,0.3439,0.0075
flow,16,4,3,0.0096,0.0004,altered_knn,altered_knn,5000,20000,0.7729,0.0520,0.7781,0.0545,0.8168,0.0122,0.0262,0.0056,0.2454,0.1968,0.0388,0.0055,0.4084,0.0271
flow,16,4,3,0.0096,0.0004,quadratic,quadratic,5000,30000,0.9301,0.0012,0.9344,0.0009,0.9295,0.0019,0.8113,0.0123,0.4896,0.0087,0.6106,0.0100,0.7725,0.0054
flow,16,4,3,0.0096,0.0004,polar3,polar,5000,30000,0.9748,0.0020,0.9772,0.0017,0.9778,0.0018,0.5210,0.0280,0.7284,0.0208,0.6073,0.0250,0.7922,0.0133
flow,16,4,3,0.0096,0.0004,knn,knn,10000,60000,0.6431,0.0161,0.6490,0.0160,0.6377,0.0123,0.1761,0.0091,0.0314,0.0021,0.0532,0.0025,0.3511,0.0089
flow,16,4,3,0.0096,0.0004,altered_knn,altered_knn,10000,40000,0.8242,0.0039,0.8316,0.0038,0.8297,0.0029,0.0356,0.0034,0.0559,0.0114,0.0428,0.0031,0.4372,0.0005
flow,16,4,3,0.0096,0.0004,quadratic,quadratic,10000,60000,0.9316,0.0021,0.9359,0.0019,0.9309,0.0029,0.8262,0.0127,0.4877,0.0135,0.6133,0.0139,0.7746,0.0078
flow,16,4,3,0.0096,0.0004,polar3,polar,10000,60000,0.9794,0.0021,0.9818,0.0018,0.9825,0.0020,0.5334,0.0307,0.7364,0.0240,0.6185,0.0286,0.8001,0.0152
flow,16,4,3,0.0096,0.0004,knn,knn,15000,90000,0.6479,0.0153,0.6538,0.0152,0.6422,0.0114,0.2139,0.0049,0.0318,0.0039,0.0553,0.0059,0.3546,0.0088
flow,16,4,3,0.0096,0.0004,altered_knn,altered_knn,15000,60000,0.7489,0.0764,0.7532,0.0793,0.8072,0.0258,0.0262,0.0073,0.3122,0.2211,0.0422,0.0066,0.3977,0.0427
flow,16,4,3,0.0096,0.0004,quadratic,quadratic,15000,90000,0.9323,0.0023,0.9366,0.0021,0.9315,0.0032,0.8349,0.0124,0.4886,0.0126,0.6164,0.0128,0.7765,0.0071
flow,16,4,3,0.0096,0.0004,polar3,polar,15000,90000,0.9800,0.0020,0.9824,0.0018,0.9833,0.0018,0.5268,0.0409,0.7341,0.0203,0.6127,0.0330,0.7976,0.0173
flow,16,4,3,0.0096,0.0004,knn,knn,20000,120000,0.6522,0.0135,0.6582,0.0134,0.6464,0.0099,0.2116,0.0228,0.0291,0.0056,0.0512,0.0092,0.3547,0.0106
flow,16,4,3,0.0096,0.0004,altered_knn,altered_knn,20000,80000,0.7546,0.0624,0.7591,0.0648,0.8123,0.0200,0.0228,0.0040,0.3005,0.1773,0.0406,0.0057,0.3999,0.0348
flow,16,4,3,0.0096,0.0004,quadratic,quadratic,20000,120000,0.9329,0.0024,0.9372,0.0021,0.9322,0.0033,0.8404,0.0113,0.4891,0.0116,0.6183,0.0114,0.7778,0.0066
flow,16,4,3,0.0096,0.0004,polar3,polar,20000,120000,0.9812,0.0014,0.9836,0.0011,0.9843,0.0014,0.5472,0.0166,0.7349,0.0212,0.6271,0.0156,0.8054,0.0083
flow,16,8,3,0.0103,0.0004,knn,knn,2000,24000,0.4854,0.0087,0.4896,0.0089,0.4843,0.0071,0.0862,0.0130,0.0810,0.0037,0.0828,0.0059,0.2862,0.0067
flow,16,8,3,0.0103,0.0004,altered_knn,altered_knn,2000,16000,0.7281,0.0119,0.7330,0.0130,0.7569,0.0043,0.0332,0.0006,0.2462,0.1132,0.0564,0.0047,0.3947,0.0042
flow,16,8,3,0.0103,0.0004,quadratic,quadratic,2000,24000,0.9023,0.0137,0.9064,0.0140,0.9017,0.0148,0.6128,0.0113,0.5070,0.0076,0.5548,0.0059,0.7306,0.0089
flow,16,8,3,0.0103,0.0004,polar3,polar,2000,24000,0.9419,0.0032,0.9452,0.0033,0.9428,0.0020,0.6335,0.0198,0.6190,0.0097,0.6261,0.0137,0.7857,0.0062
flow,16,8,3,0.0103,0.0004,knn,knn,5000,60000,0.5019,0.0098,0.5063,0.0100,0.5008,0.0090,0.0933,0.0066,0.0770,0.0013,0.0843,0.0027,0.2953,0.0063
flow,16,8,3,0.0103,0.0004,altered_knn,altered_knn,5000,40000,0.7298,0.0149,0.7348,0.0159,0.7626,0.0047,0.0302,0.0034,0.2478,0.0773,0.0530,0.0050,0.3939,0.0098
flow,16,8,3,0.0103,0.0004,quadratic,quadratic,5000,60000,0.9088,0.0130,0.9128,0.0134,0.9083,0.0139,0.6457,0.0176,0.5171,0.0085,0.5741,0.0059,0.7435,0.0091
flow,16,8,3,0.0103,0.0004,polar3,polar,5000,60000,0.9599,0.0004,0.9634,0.0003,0.9611,0.0006,0.6909,0.0096,0.6197,0.0059,0.6534,0.0072,0.8084,0.0036
flow,16,8,3,0.0103,0.0004,knn,knn,10000,120000,0.5164,0.0101,0.5210,0.0104,0.5151,0.0094,0.1026,0.0034,0.0736,0.0024,0.0856,0.0006,0.3033,0.0049
flow,16,8,3,0.0103,0.0004,altered_knn,altered_knn,10000,80000,0.7531,0.0142,0.7598,0.0153,0.7661,0.0045,0.0376,0.0061,0.1097,0.0866,0.0467,0.0053,0.4033,0.0067
flow,16,8,3,0.0103,0.0004,quadratic,quadratic,10000,120000,0.9111,0.0138,0.9152,0.0141,0.9108,0.0147,0.6549,0.0177,0.5190,0.0084,0.5789,0.0053,0.7470,0.0091
flow,16,8,3,0.0103,0.0004,polar3,polar,10000,120000,0.9653,0.0009,0.9689,0.0007,0.9666,0.0014,0.7199,0.0148,0.6216,0.0091,0.6671,0.0102,0.8180,0.0055
flow,16,8,3,0.0103,0.0004,knn,knn,15000,180000,0.5231,0.0105,0.5278,0.0107,0.5215,0.0094,0.1124,0.0097,0.0727,0.0027,0.0880,0.0012,0.3079,0.0059
flow,16,8,3,0.0103,0.0004,altered_knn,altered_knn,15000,120000,0.7542,0.0067,0.7609,0.0073,0.7665,0.0040,0.0338,0.0026,0.1000,0.0696,0.0449,0.0066,0.4029,0.0014
flow,16,8,3,0.0103,0.0004,quadratic,quadratic,15000,180000,0.9127,0.0138,0.9168,0.0141,0.9123,0.0147,0.6637,0.0191,0.5193,0.0057,0.5825,0.0052,0.7497,0.0096
flow,16,8,3,0.0103,0.0004,polar3,polar,15000,180000,0.9676,0.0009,0.9712,0.0008,0.9688,0.0015,0.7305,0.0106,0.6207,0.0085,0.6711,0.0093,0.8211,0.0050
flow,16,8,3,0.0103,0.0004,knn,knn,20000,240000,0.5279,0.0104,0.5326,0.0107,0.5260,0.0094,0.1186,0.0058,0.0719,0.0036,0.0893,0.0013,0.3110,0.0048
flow,16,8,3,0.0103,0.0004,altered_knn,altered_knn,20000,160000,0.7465,0.0120,0.7524,0.0131,0.7681,0.0046,0.0343,0.0036,0.1799,0.0990,0.0510,0.0086,0.4017,0.0039
flow,16,8,3,0.0103,0.0004,quadratic,quadratic,20000,240000,0.9175,0.0128,0.9217,0.0131,0.9170,0.0135,0.7012,0.0200,0.5094,0.0066,0.5899,0.0062,0.7558,0.0093
flow,16,8,3,0.0103,0.0004,polar3,polar,20000,240000,0.9689,0.0004,0.9725,0.0004,0.9701,0.0011,0.7703,0.0030,0.6275,0.0080,0.6916,0.0056,0.8320,0.0029
flow,16,16,3,0.0111,0.0006,knn,knn,2000,48000,0.3884,0.0023,0.3913,0.0024,0.3911,0.0023,0.0539,0.0034,0.1271,0.0044,0.0756,0.0041,0.2335,0.0009
flow,16,16,3,0.0111,0.0006,altered_knn,altered_knn,2000,32000,0.6934,0.0157,0.6986,0.0171,0.7196,0.0018,0.0403,0.0072,0.2396,0.0881,0.0667,0.0076,0.3826,0.0123
flow,16,16,3,0.0111,0.0006,quadratic,quadratic,2000,48000,0.8959,0.0021,0.9005,0.0021,0.8974,0.0013,0.4640,0.0158,0.4915,0.0087,0.4770,0.0042,0.6887,0.0025
flow,16,16,3,0.0111,0.0006,polar3,polar,2000,48000,0.9342,0.0017,0.9387,0.0014,0.9355,0.0014,0.6556,0.0087,0.5366,0.0187,0.5898,0.0099,0.7643,0.0056
flow,16,16,3,0.0111,0.0006,knn,knn,5000,120000,0.4097,0.0012,0.4129,0.0013,0.4123,0.0014,0.0624,0.0031,0.1259,0.0046,0.0835,0.0037,0.2482,0.0020
flow,16,16,3,0.0111,0.0006,altered_knn,altered_knn,5000,80000,0.7123,0.0064,0.7190,0.0072,0.7239,0.0003,0.0417,0.0036,0.1105,0.0661,0.0533,0.0168,0.3862,0.0057
flow,16,16,3,0.0111,0.0006,quadratic,quadratic,5000,120000,0.9042,0.0028,0.9087,0.0029,0.9055,0.0021,0.4831,0.0161,0.4981,0.0082,0.4902,0.0047,0.6995,0.0035
flow,16,16,3,0.0111,0.0006,polar3,polar,5000,120000,0.9480,0.0017,0.9527,0.0014,0.9496,0.0016,0.7061,0.0081,0.5348,0.0192,0.6083,0.0098,0.7805,0.0055
flow,16,16,3,0.0111,0.0006,knn,knn,10000,240000,0.4265,0.0017,0.4299,0.0019,0.4289,0.0017,0.0705,0.0012,0.1223,0.0008,0.0895,0.0011,0.2597,0.0014
flow,16,16,3,0.0111,0.0006,altered_knn,altered_knn,10000,160000,0.7074,0.0133,0.7136,0.0148,0.7266,0.0017,0.0375,0.0065,0.1563,0.0952,0.0532,0.0065,0.3834,0.0078
flow,16,16,3,0.0111,0.0006,quadratic,quadratic,10000,240000,0.9113,0.0021,0.9160,0.0023,0.9123,0.0013,0.5353,0.0164,0.4907,0.0098,0.5117,0.0029,0.7138,0.0026
flow,16,16,3,0.0111,0.0006,polar3,polar,10000,240000,0.9543,0.0013,0.9590,0.0008,0.9559,0.0013,0.7340,0.0104,0.5366,0.0225,0.6195,0.0119,0.7893,0.0064
flow,16,16,3,0.0111,0.0006,knn,knn,15000,360000,0.4354,0.0022,0.4389,0.0024,0.4380,0.0022,0.0728,0.0025,0.1195,0.0022,0.0905,0.0022,0.2647,0.0023
flow,16,16,3,0.0111,0.0006,altered_knn,altered_knn,15000,240000,0.6948,0.0299,0.6999,0.0323,0.7260,0.0041,0.0364,0.0073,0.2431,0.1739,0.0570,0.0041,0.3785,0.0182
flow,16,16,3,0.0111,0.0006,quadratic,quadratic,15000,360000,0.9245,0.0012,0.9295,0.0015,0.9252,0.0009,0.6368,0.0188,0.4735,0.0116,0.5428,0.0029,0.7362,0.0019
flow,16,16,3,0.0111,0.0006,polar3,polar,15000,360000,0.9574,0.0011,0.9620,0.0006,0.9590,0.0010,0.7507,0.0160,0.5436,0.0232,0.6300,0.0118,0.7960,0.0062
flow,16,16,3,0.0111,0.0006,knn,knn,20000,480000,0.4413,0.0020,0.4449,0.0022,0.4440,0.0018,0.0757,0.0043,0.1212,0.0018,0.0931,0.0037,0.2690,0.0029
flow,16,16,3,0.0111,0.0006,altered_knn,altered_knn,20000,320000,0.6993,0.0271,0.7047,0.0293,0.7274,0.0034,0.0389,0.0080,0.2284,0.1577,0.0604,0.0060,0.3826,0.0175
flow,16,16,3,0.0111,0.0006,quadratic,quadratic,20000,480000,0.9332,0.0009,0.9385,0.0012,0.9340,0.0008,0.6897,0.0182,0.4664,0.0128,0.5561,0.0042,0.7473,0.0020
flow,16,16,3,0.0111,0.0006,polar3,polar,20000,480000,0.9585,0.0012,0.9632,0.0007,0.9602,0.0010,0.7538,0.0181,0.5478,0.0225,0.6339,0.0104,0.7985,0.0056
flow,32,2,3,0.0082,0.0001,knn,knn,2000,6000,0.7398,0.0067,0.7459,0.0068,0.7376,0.0031,0.0708,0.0384,0.0037,0.0018,0.0070,0.0034,0.3764,0.0032
flow,32,2,3,0.0082,0.0001,altered_knn,altered_knn,2000,4000,0.8153,0.0145,0.8205,0.0148,0.8615,0.0060,0.0145,0.0001,0.1894,0.0344,0.0269,0.0003,0.4237,0.0073
flow,32,2,3,0.0082,0.0001,quadratic,quadratic,2000,6000,0.9410,0.0013,0.9456,0.0014,0.9431,0.0013,0.5168,0.0245,0.3912,0.0205,0.4450,0.0181,0.6953,0.0089
flow,32,2,3,0.0082,0.0001,polar3,polar,2000,6000,0.9677,0.0004,0.9703,0.0005,0.9681,0.0003,0.8296,0.0254,0.6613,0.0143,0.7355,0.0012,0.8529,0.0009
flow,32,2,3,0.0082,0.0001,knn,knn,5000,15000,0.7508,0.0071,0.7570,0.0072,0.7486,0.0035,0.1128,0.0567,0.0049,0.0026,0.0093,0.0050,0.3832,0.0052
flow,32,2,3,0.0082,0.0001,altered_knn,altered_knn,5000,10000,0.7909,0.0466,0.7950,0.0477,0.8588,0.0205,0.0154,0.0015,0.2852,0.0886,0.0290,0.0023,0.4120,0.0250
flow,32,2,3,0.0082,0.0001,quadratic,quadratic,5000,15000,0.9505,0.0012,0.9553,0.0012,0.9520,0.0013,0.7053,0.0154,0.3663,0.0072,0.4821,0.0068,0.7187,0.0028
flow,32,2,3,0.0082,0.0001,polar3,polar,5000,15000,0.9845,0.0007,0.9861,0.0007,0.9850,0.0007,0.8907,0.0156,0.7973,0.0019,0.8414,0.0070,0.9137,0.0038
flow,32,2,3,0.0082,0.0001,knn,knn,10000,30000,0.7549,0.0113,0.7611,0.0114,0.7528,0.0074,0.1525,0.0958,0.0049,0.0030,0.0094,0.0057,0.3853,0.0080
flow,32,2,3,0.0082,0.0001,altered_knn,altered_knn,10000,20000,0.7236,0.0761,0.7262,0.0776,0.8242,0.0443,0.0143,0.0018,0.4130,0.1100,0.0274,0.0031,0.3768,0.0403
flow,32,2,3,0.0082,0.0001,quadratic,quadratic,10000,30000,0.9519,0.0009,0.9567,0.0009,0.9533,0.0009,0.7864,0.0158,0.3663,0.0040,0.4997,0.0041,0.7282,0.0023
flow,32,2,3,0.0082,0.0001,polar3,polar,10000,30000,0.9905,0.0004,0.9915,0.0004,0.9911,0.0004,0.8666,0.0101,0.8718,0.0018,0.8691,0.0042,0.9303,0.0021
flow,32,2,3,0.0082,0.0001,knn,knn,15000,45000,0.7601,0.0115,0.7664,0.0117,0.7581,0.0074,0.1120,0.0322,0.0041,0.0015,0.0079,0.0029,0.3871,0.0055
flow,32,2,3,0.0082,0.0001,altered_knn,altered_knn,15000,30000,0.8557,0.0207,0.8617,0.0214,0.8877,0.0055,0.0139,0.0024,0.1287,0.0728,0.0242,0.0062,0.4429,0.0076
flow,32,2,3,0.0082,0.0001,quadratic,quadratic,15000,45000,0.9526,0.0012,0.9574,0.0012,0.9539,0.0012,0.8004,0.0185,0.3623,0.0086,0.4986,0.0060,0.7280,0.0027
flow,32,2,3,0.0082,0.0001,polar3,polar,15000,45000,0.9911,0.0011,0.9920,0.0011,0.9918,0.0011,0.8574,0.0119,0.8824,0.0051,0.8697,0.0049,0.9309,0.0030
flow,32,2,3,0.0082,0.0001,knn,knn,20000,60000,0.7640,0.0093,0.7703,0.0094,0.7620,0.0058,0.1214,0.0526,0.0033,0.0015,0.0064,0.0030,0.3883,0.0032
flow,32,2,3,0.0082,0.0001,altered_knn,altered_knn,20000,40000,0.8137,0.0201,0.8182,0.0206,0.8751,0.0075,0.0164,0.0019,0.2705,0.0304,0.0309,0.0033,0.4246,0.0118
flow,32,2,3,0.0082,0.0001,quadratic,quadratic,20000,60000,0.9530,0.0012,0.9579,0.0013,0.9543,0.0013,0.8377,0.0151,0.3618,0.0092,0.5052,0.0076,0.7315,0.0032
flow,32,2,3,0.0082,0.0001,polar3,polar,20000,60000,0.9911,0.0013,0.9919,0.0014,0.9917,0.0014,0.8573,0.0084,0.8893,0.0073,0.8730,0.0010,0.9324,0.0012
flow,32,4,3,0.0100,0.0004,knn,knn,2000,12000,0.5578,0.0093,0.5632,0.0092,0.5518,0.0054,0.0769,0.0009,0.0166,0.0005,0.0273,0.0008,0.2953,0.0043
flow,32,4,3,0.0100,0.0004,altered_knn,altered_knn,2000,8000,0.7687,0.0108,0.7754,0.0112,0.7848,0.0028,0.0222,0.0020,0.1019,0.0489,0.0347,0.0072,0.4051,0.0021
flow,32,4,3,0.0100,0.0004,quadratic,quadratic,2000,12000,0.8992,0.0062,0.9044,0.0061,0.8991,0.0058,0.5753,0.0043,0.3834,0.0085,0.4600,0.0063,0.6822,0.0047
flow,32,4,3,0.0100,0.0004,polar3,polar,2000,12000,0.9338,0.0022,0.9371,0.0024,0.9319,0.0022,0.8809,0.0096,0.6052,0.0146,0.7174,0.0128,0.8273,0.0055
flow,32,4,3,0.0100,0.0004,knn,knn,5000,30000,0.5728,0.0077,0.5784,0.0075,0.5677,0.0045,0.0806,0.0191,0.0124,0.0028,0.0215,0.0048,0.3000,0.0061
flow,32,4,3,0.0100,0.0004,altered_knn,altered_knn,5000,20000,0.7890,0.0113,0.7961,0.0115,0.8011,0.0035,0.0276,0.0028,0.0869,0.0429,0.0383,0.0079,0.4172,0.0052
flow,32,4,3,0.0100,0.0004,quadratic,quadratic,5000,30000,0.9150,0.0055,0.9204,0.0055,0.9153,0.0052,0.7088,0.0019,0.3852,0.0021,0.4991,0.0016,0.7098,0.0033
flow,32,4,3,0.0100,0.0004,polar3,polar,5000,30000,0.9614,0.0026,0.9640,0.0025,0.9603,0.0023,0.9318,0.0058,0.7010,0.0079,0.8001,0.0051,0.8820,0.0035
flow,32,4,3,0.0100,0.0004,knn,knn,10000,60000,0.5831,0.0116,0.5888,0.0115,0.5771,0.0079,0.0843,0.0144,0.0124,0.0024,0.0216,0.0042,0.3052,0.0078
flow,32,4,3,0.0100,0.0004,altered_knn,altered_knn,10000,40000,0.7844,0.0223,0.7909,0.0239,0.8039,0.0031,0.0328,0.0056,0.1455,0.1219,0.0456,0.0010,0.4182,0.0115
flow,32,4,3,0.0100,0.0004,quadratic,quadratic,10000,60000,0.9211,0.0059,0.9265,0.0058,0.9213,0.0055,0.7559,0.0149,0.3888,0.0039,0.5134,0.0019,0.7199,0.0024
flow,32,4,3,0.0100,0.0004,polar3,polar,10000,60000,0.9711,0.0022,0.9735,0.0022,0.9708,0.0026,0.9350,0.0095,0.7317,0.0062,0.8209,0.0022,0.8972,0.0021
flow,32,4,3,0.0100,0.0004,knn,knn,15000,90000,0.5895,0.0116,0.5953,0.0115,0.5832,0.0078,0.0902,0.0136,0.0110,0.0016,0.0196,0.0029,0.3075,0.0068
flow,32,4,3,0.0100,0.0004,altered_knn,altered_knn,15000,60000,0.7138,0.0657,0.7173,0.0682,0.7858,0.0210,0.0225,0.0047,0.3591,0.1901,0.0399,0.0042,0.3786,0.0359
flow,32,4,3,0.0100,0.0004,quadratic,quadratic,15000,90000,0.9226,0.0059,0.9279,0.0059,0.9229,0.0056,0.7680,0.0186,0.3940,0.0028,0.5207,0.0027,0.7243,0.0032
flow,32,4,3,0.0100,0.0004,polar3,polar,15000,90000,0.9725,0.0028,0.9749,0.0029,0.9723,0.0031,0.9380,0.0079,0.7361,0.0092,0.8248,0.0027,0.8998,0.0003
flow,32,4,3,0.0100,0.0004,knn,knn,20000,120000,0.5925,0.0102,0.5984,0.0101,0.5867,0.0066,0.0824,0.0170,0.0093,0.0018,0.0168,0.0032,0.3076,0.0058
flow,32,4,3,0.0100,0.0004,altered_knn,altered_knn,20000,80000,0.7797,0.0089,0.7856,0.0091,0.8088,0.0014,0.0254,0.0011,0.1869,0.0336,0.0445,0.0017,0.4151,0.0047
flow,32,4,3,0.0100,0.0004,quadratic,quadratic,20000,120000,0.9232,0.0063,0.9286,0.0063,0.9236,0.0060,0.7854,0.0205,0.3902,0.0020,0.5214,0.0061,0.7250,0.0040
flow,32,4,3,0.0100,0.0004,polar3,polar,20000,120000,0.9733,0.0019,0.9756,0.0020,0.9729,0.0019,0.9378,0.0038,0.7417,0.0051,0.8283,0.0017,0.9020,0.0001
flow,32,8,3,0.0099,0.0002,knn,knn,2000,24000,0.4262,0.0053,0.4301,0.0054,0.4224,0.0052,0.0510,0.0029,0.0358,0.0009,0.0420,0.0006,0.2361,0.0026
flow,32,8,3,0.0099,0.0002,altered_knn,altered_knn,2000,16000,0.7158,0.0116,0.7219,0.0125,0.7291,0.0046,0.0333,0.0062,0.1071,0.0645,0.0410,0.0107,0.3814,0.0040
flow,32,8,3,0.0099,0.0002,quadratic,quadratic,2000,24000,0.8771,0.0044,0.8814,0.0045,0.8765,0.0050,0.4924,0.0128,0.4458,0.0049,0.4679,0.0085,0.6746,0.0047
flow,32,8,3,0.0099,0.0002,polar3,polar,2000,24000,0.9280,0.0019,0.9312,0.0019,0.9266,0.0026,0.8662,0.0047,0.6029,0.0044,0.7110,0.0041,0.8211,0.0028
flow,32,8,3,0.0099,0.0002,knn,knn,5000,60000,0.4404,0.0056,0.4445,0.0057,0.4369,0.0055,0.0617,0.0043,0.0359,0.0024,0.0454,0.0031,0.2449,0.0014
flow,32,8,3,0.0099,0.0002,altered_knn,altered_knn,5000,40000,0.7236,0.0220,0.7289,0.0235,0.7464,0.0053,0.0356,0.0060,0.1937,0.1158,0.0560,0.0039,0.3925,0.0137
flow,32,8,3,0.0099,0.0002,quadratic,quadratic,5000,60000,0.8994,0.0050,0.9038,0.0051,0.8988,0.0058,0.5959,0.0038,0.4593,0.0014,0.5187,0.0021,0.7113,0.0034
flow,32,8,3,0.0099,0.0002,polar3,polar,5000,60000,0.9569,0.0028,0.9600,0.0029,0.9562,0.0035,0.9091,0.0040,0.6396,0.0052,0.7509,0.0050,0.8555,0.0038
flow,32,8,3,0.0099,0.0002,knn,knn,10000,120000,0.4535,0.0035,0.4577,0.0036,0.4504,0.0033,0.0636,0.0040,0.0295,0.0032,0.0403,0.0038,0.2490,0.0016
flow,32,8,3,0.0099,0.0002,altered_knn,altered_knn,10000,80000,0.7420,0.0039,0.7482,0.0044,0.7533,0.0045,0.0411,0.0041,0.1178,0.0586,0.0571,0.0037,0.4027,0.0011
flow,32,8,3,0.0099,0.0002,quadratic,quadratic,10000,120000,0.9070,0.0076,0.9114,0.0076,0.9065,0.0081,0.6262,0.0147,0.4659,0.0082,0.5343,0.0107,0.7229,0.0083
flow,32,8,3,0.0099,0.0002,polar3,polar,10000,120000,0.9641,0.0021,0.9672,0.0021,0.9636,0.0026,0.9126,0.0063,0.6454,0.0064,0.7561,0.0065,0.8617,0.0041
flow,32,8,3,0.0099,0.0002,knn,knn,15000,180000,0.4581,0.0044,0.4624,0.0045,0.4549,0.0042,0.0712,0.0076,0.0315,0.0038,0.0436,0.0050,0.2530,0.0034
flow,32,8,3,0.0099,0.0002,altered_knn,altered_knn,15000,120000,0.7386,0.0055,0.7444,0.0062,0.7553,0.0046,0.0375,0.0032,0.1602,0.0688,0.0574,0.0037,0.4009,0.0025
flow,32,8,3,0.0099,0.0002,quadratic,quadratic,15000,180000,0.9096,0.0077,0.9140,0.0078,0.9090,0.0083,0.6435,0.0159,0.4665,0.0067,0.5409,0.0101,0.7275,0.0069
flow,32,8,3,0.0099,0.0002,polar3,polar,15000,180000,0.9645,0.0035,0.9677,0.0036,0.9641,0.0042,0.9150,0.0050,0.6467,0.0055,0.7578,0.0054,0.8627,0.0041
flow,32,8,3,0.0099,0.0002,knn,knn,20000,240000,0.4606,0.0066,0.4650,0.0067,0.4573,0.0066,0.0663,0.0044,0.0278,0.0009,0.0392,0.0016,0.2521,0.0039
flow,32,8,3,0.0099,0.0002,altered_knn,altered_knn,20000,160000,0.7462,0.0049,0.7525,0.0052,0.7562,0.0043,0.0392,0.0020,0.1069,0.0304,0.0565,0.0065,0.4045,0.0034
flow,32,8,3,0.0099,0.0002,quadratic,quadratic,20000,240000,0.9138,0.0069,0.9183,0.0070,0.9130,0.0074,0.7025,0.0149,0.4555,0.0076,0.5527,0.0102,0.7355,0.0072
flow,32,8,3,0.0099,0.0002,polar3,polar,20000,240000,0.9658,0.0025,0.9690,0.0025,0.9658,0.0027,0.9144,0.0080,0.6504,0.0081,0.7601,0.0077,0.8645,0.0048
flow,32,16,3,0.0095,0.0003,knn,knn,2000,48000,0.3192,0.0020,0.3216,0.0020,0.3183,0.0022,0.0397,0.0020,0.0635,0.0027,0.0488,0.0023,0.1852,0.0003
flow,32,16,3,0.0095,0.0003,altered_knn,altered_knn,2000,32000,0.6692,0.0034,0.6734,0.0038,0.6898,0.0019,0.0367,0.0014,0.2267,0.0203,0.0631,0.0012,0.3682,0.0024
flow,32,16,3,0.0095,0.0003,quadratic,quadratic,2000,48000,0.8597,0.0016,0.8633,0.0016,0.8615,0.0016,0.3617,0.0097,0.4885,0.0048,0.4156,0.0078,0.6394,0.0034
flow,32,16,3,0.0095,0.0003,polar3,polar,2000,48000,0.9176,0.0013,0.9207,0.0012,0.9167,0.0014,0.8265,0.0136,0.5900,0.0060,0.6884,0.0066,0.8046,0.0027
flow,32,16,3,0.0095,0.0003,knn,knn,5000,120000,0.3332,0.0006,0.3358,0.0005,0.3327,0.0006,0.0441,0.0013,0.0606,0.0008,0.0510,0.0008,0.1934,0.0002
flow,32,16,3,0.0095,0.0003,altered_knn,altered_knn,5000,80000,0.6964,0.0015,0.7023,0.0018,0.7029,0.0022,0.0544,0.0070,0.0792,0.0447,0.0576,0.0082,0.3800,0.0033
flow,32,16,3,0.0095,0.0003,quadratic,quadratic,5000,120000,0.8870,0.0026,0.8906,0.0026,0.8885,0.0028,0.4263,0.0081,0.5127,0.0036,0.4655,0.0054,0.6781,0.0021
flow,32,16,3,0.0095,0.0003,polar3,polar,5000,120000,0.9412,0.0021,0.9445,0.0021,0.9409,0.0022,0.8507,0.0108,0.5946,0.0051,0.7000,0.0057,0.8223,0.0018
flow,32,16,3,0.0095,0.0003,knn,knn,10000,240000,0.3452,0.0015,0.3480,0.0016,0.3447,0.0016,0.0478,0.0016,0.0544,0.0014,0.0509,0.0015,0.1994,0.0015
flow,32,16,3,0.0095,0.0003,altered_knn,altered_knn,10000,160000,0.7010,0.0017,0.7069,0.0019,0.7082,0.0018,0.0485,0.0047,0.0839,0.0378,0.0577,0.0049,0.3823,0.0015
flow,32,16,3,0.0095,0.0003,quadratic,quadratic,10000,240000,0.9016,0.0022,0.9053,0.0021,0.9022,0.0023,0.5114,0.0092,0.5052,0.0065,0.5082,0.0068,0.7068,0.0030
flow,32,16,3,0.0095,0.0003,polar3,polar,10000,240000,0.9495,0.0018,0.9529,0.0020,0.9497,0.0021,0.8560,0.0115,0.5935,0.0062,0.7010,0.0064,0.8269,0.0032
flow,32,16,3,0.0095,0.0003,knn,knn,15000,360000,0.3506,0.0016,0.3534,0.0017,0.3500,0.0015,0.0499,0.0011,0.0546,0.0029,0.0521,0.0018,0.2027,0.0009
flow,32,16,3,0.0095,0.0003,altered_knn,altered_knn,15000,240000,0.7019,0.0051,0.7078,0.0058,0.7096,0.0016,0.0469,0.0058,0.0844,0.0679,0.0491,0.0116,0.3784,0.0038
flow,32,16,3,0.0095,0.0003,quadratic,quadratic,15000,360000,0.9155,0.0014,0.9196,0.0014,0.9155,0.0015,0.6696,0.0106,0.4811,0.0074,0.5599,0.0080,0.7397,0.0036
flow,32,16,3,0.0095,0.0003,polar3,polar,15000,360000,0.9527,0.0013,0.9561,0.0014,0.9530,0.0015,0.8599,0.0096,0.6013,0.0053,0.7077,0.0059,0.8319,0.0034
flow,32,16,3,0.0095,0.0003,knn,knn,20000,480000,0.3541,0.0016,0.3570,0.0017,0.3537,0.0018,0.0526,0.0015,0.0536,0.0021,0.0531,0.0016,0.2050,0.0001
flow,32,16,3,0.0095,0.0003,altered_knn,altered_knn,20000,320000,0.7012,0.0057,0.7070,0.0065,0.7102,0.0010,0.0414,0.0037,0.0955,0.0708,0.0483,0.0141,0.3776,0.0039
flow,32,16,3,0.0095,0.0003,quadratic,quadratic,20000,480000,0.9238,0.0015,0.9281,0.0014,0.9237,0.0016,0.7516,0.0080,0.4732,0.0056,0.5807,0.0045,0.7544,0.0017
flow,32,16,3,0.0095,0.0003,polar3,polar,20000,480000,0.9534,0.0011,0.9567,0.0012,0.9537,0.0012,0.8143,0.0132,0.6148,0.0043,0.7006,0.0057,0.8286,0.0025
flow,64,2,3,0.0081,0.0007,knn,knn,2000,6000,0.6944,0.0157,0.7001,0.0163,0.6926,0.0117,0.0313,0.0187,0.0030,0.0018,0.0054,0.0033,0.3528,0.0077
flow,64,2,3,0.0081,0.0007,altered_knn,altered_knn,2000,4000,0.7698,0.0086,0.7743,0.0084,0.8250,0.0047,0.0128,0.0010,0.2132,0.0153,0.0241,0.0019,0.3992,0.0034
flow,64,2,3,0.0081,0.0007,quadratic,quadratic,2000,6000,0.6487,0.0073,0.6511,0.0071,0.7255,0.0076,0.0136,0.0009,0.3626,0.0070,0.0262,0.0017,0.3386,0.0027
flow,64,2,3,0.0081,0.0007,polar3,polar,2000,6000,0.9305,0.0069,0.9339,0.0071,0.9311,0.0070,0.6842,0.0106,0.5247,0.0248,0.5935,0.0166,0.7637,0.0094
flow,64,2,3,0.0081,0.0007,knn,knn,5000,15000,0.7097,0.0120,0.7155,0.0125,0.7075,0.0082,0.0431,0.0284,0.0031,0.0027,0.0057,0.0049,0.3606,0.0056
flow,64,2,3,0.0081,0.0007,altered_knn,altered_knn,5000,10000,0.7824,0.0025,0.7870,0.0023,0.8381,0.0020,0.0135,0.0010,0.2225,0.0023,0.0255,0.0018,0.4062,0.0012
flow,64,2,3,0.0081,0.0007,quadratic,quadratic,5000,15000,0.9228,0.0009,0.9275,0.0010,0.9289,0.0011,0.1886,0.0203,0.3428,0.0088,0.2427,0.0175,0.5851,0.0091
flow,64,2,3,0.0081,0.0007,polar3,polar,5000,15000,0.9689,0.0008,0.9711,0.0005,0.9691,0.0006,0.8856,0.0104,0.7033,0.0355,0.7834,0.0225,0.8773,0.0114
flow,64,2,3,0.0081,0.0007,knn,knn,10000,30000,0.7158,0.0123,0.7217,0.0129,0.7134,0.0078,0.0714,0.0342,0.0037,0.0018,0.0071,0.0034,0.3644,0.0069
flow,64,2,3,0.0081,0.0007,altered_knn,altered_knn,10000,20000,0.6216,0.1365,0.6233,0.1395,0.7417,0.0822,0.0111,0.0021,0.4414,0.2025,0.0212,0.0033,0.3222,0.0714
flow,64,2,3,0.0081,0.0007,quadratic,quadratic,10000,30000,0.9439,0.0007,0.9490,0.0009,0.9469,0.0009,0.3909,0.0230,0.3315,0.0153,0.3579,0.0077,0.6534,0.0035
flow,64,2,3,0.0081,0.0007,polar3,polar,10000,30000,0.9774,0.0010,0.9786,0.0013,0.9774,0.0012,0.9009,0.0174,0.8336,0.0389,0.8650,0.0136,0.9218,0.0062
flow,64,2,3,0.0081,0.0007,knn,knn,15000,45000,0.7197,0.0131,0.7256,0.0137,0.7173,0.0086,0.0200,0.0146,0.0008,0.0006,0.0016,0.0011,0.3636,0.0070
flow,64,2,3,0.0081,0.0007,altered_knn,altered_knn,15000,30000,0.7175,0.1303,0.7209,0.1331,0.8025,0.0787,0.0130,0.0032,0.3277,0.1953,0.0245,0.0053,0.3727,0.0687
flow,64,2,3,0.0081,0.0007,quadratic,quadratic,15000,45000,0.9492,0.0007,0.9544,0.0011,0.9518,0.0009,0.4573,0.0197,0.3114,0.0171,0.3696,0.0055,0.6620,0.0027
flow,64,2,3,0.0081,0.0007,polar3,polar,15000,45000,0.9798,0.0015,0.9806,0.0019,0.9797,0.0017,0.8960,0.0136,0.8905,0.0392,0.8925,0.0136,0.9365,0.0059
flow,64,2,3,0.0081,0.0007,knn,knn,20000,60000,0.7222,0.0125,0.7281,0.0131,0.7198,0.0082,0.0488,0.0374,0.0019,0.0014,0.0037,0.0027,0.3659,0.0077
flow,64,2,3,0.0081,0.0007,altered_knn,altered_knn,20000,40000,0.8236,0.0007,0.8291,0.0011,0.8651,0.0005,0.0129,0.0023,0.1501,0.0241,0.0238,0.0042,0.4264,0.0020
flow,64,2,3,0.0081,0.0007,quadratic,quadratic,20000,60000,0.9515,0.0006,0.9568,0.0004,0.9538,0.0006,0.5355,0.0354,0.3136,0.0088,0.3948,0.0043,0.6758,0.0023
flow,64,2,3,0.0081,0.0007,polar3,polar,20000,60000,0.9791,0.0012,0.9797,0.0013,0.9790,0.0013,0.8737,0.0177,0.9007,0.0376,0.8862,0.0096,0.9329,0.0046
flow,64,4,3,0.0092,0.0000,knn,knn,2000,12000,0.5056,0.0089,0.5101,0.0090,0.4977,0.0048,0.0324,0.0037,0.0111,0.0011,0.0165,0.0016,0.2633,0.0043
flow,64,4,3,0.0092,0.0000,altered_knn,altered_knn,2000,8000,0.7132,0.0340,0.7189,0.0350,0.7363,0.0072,0.0226,0.0121,0.0926,0.0751,0.0230,0.0038,0.3710,0.0181
flow,64,4,3,0.0092,0.0000,quadratic,quadratic,2000,12000,0.7324,0.0027,0.7359,0.0026,0.7525,0.0015,0.0462,0.0027,0.3551,0.0106,0.0817,0.0046,0.4088,0.0035
flow,64,4,3,0.0092,0.0000,polar3,polar,2000,12000,0.9164,0.0034,0.9197,0.0035,0.9149,0.0038,0.8747,0.0158,0.5597,0.0102,0.6826,0.0124,0.8012,0.0049
flow,64,4,3,0.0092,0.0000,knn,knn,5000,30000,0.5191,0.0092,0.5239,0.0093,0.5122,0.0060,0.0281,0.0073,0.0073,0.0019,0.0116,0.0030,0.2677,0.0032
flow,64,4,3,0.0092,0.0000,altered_knn,altered_knn,5000,20000,0.7464,0.0080,0.7527,0.0082,0.7593,0.0036,0.0157,0.0026,0.0603,0.0105,0.0244,0.0028,0.3886,0.0052
flow,64,4,3,0.0092,0.0000,quadratic,quadratic,5000,30000,0.8771,0.0009,0.8819,0.0008,0.8791,0.0011,0.2833,0.0074,0.3636,0.0125,0.3184,0.0090,0.6002,0.0049
flow,64,4,3,0.0092,0.0000,polar3,polar,5000,30000,0.9458,0.0052,0.9482,0.0052,0.9448,0.0053,0.9049,0.0120,0.6868,0.0058,0.7809,0.0070,0.8645,0.0061
flow,64,4,3,0.0092,0.0000,knn,knn,10000,60000,0.5297,0.0091,0.5345,0.0092,0.5224,0.0053,0.0399,0.0038,0.0087,0.0012,0.0143,0.0018,0.2744,0.0054
flow,64,4,3,0.0092,0.0000,altered_knn,altered_knn,10000,40000,0.7211,0.0283,0.7261,0.0294,0.7656,0.0030,0.0170,0.0039,0.1891,0.0849,0.0292,0.0034,0.3776,0.0164
flow,64,4,3,0.0092,0.0000,quadratic,quadratic,10000,60000,0.9013,0.0013,0.9063,0.0012,0.9025,0.0010,0.4198,0.0071,0.3624,0.0123,0.3890,0.0101,0.6476,0.0056
flow,64,4,3,0.0092,0.0000,polar3,polar,10000,60000,0.9571,0.0072,0.9589,0.0072,0.9566,0.0078,0.9100,0.0127,0.7587,0.0074,0.8275,0.0097,0.8932,0.0059
flow,64,4,3,0.0092,0.0000,knn,knn,15000,90000,0.5361,0.0085,0.5410,0.0086,0.5287,0.0044,0.0403,0.0031,0.0076,0.0005,0.0129,0.0008,0.2769,0.0040
flow,64,4,3,0.0092,0.0000,altered_knn,altered_knn,15000,60000,0.7453,0.0247,0.7509,0.0258,0.7742,0.0029,0.0175,0.0013,0.1366,0.0913,0.0287,0.0021,0.3898,0.0124
flow,64,4,3,0.0092,0.0000,quadratic,quadratic,15000,90000,0.9078,0.0016,0.9129,0.0016,0.9090,0.0013,0.4663,0.0055,0.3654,0.0097,0.4096,0.0063,0.6612,0.0035
flow,64,4,3,0.0092,0.0000,polar3,polar,15000,90000,0.9598,0.0087,0.9615,0.0088,0.9588,0.0094,0.9062,0.0095,0.7755,0.0068,0.8357,0.0075,0.8986,0.0057
flow,64,4,3,0.0092,0.0000,knn,knn,20000,120000,0.5402,0.0081,0.5451,0.0082,0.5330,0.0046,0.0319,0.0064,0.0055,0.0012,0.0093,0.0020,0.2772,0.0036
flow,64,4,3,0.0092,0.0000,altered_knn,altered_knn,20000,80000,0.7572,0.0286,0.7632,0.0299,0.7792,0.0033,0.0176,0.0027,0.1127,0.1180,0.0233,0.0117,0.3932,0.0121
flow,64,4,3,0.0092,0.0000,quadratic,quadratic,20000,120000,0.9110,0.0024,0.9161,0.0023,0.9122,0.0021,0.4827,0.0170,0.3556,0.0142,0.4095,0.0152,0.6628,0.0087
flow,64,4,3,0.0092,0.0000,polar3,polar,20000,120000,0.9592,0.0047,0.9608,0.0048,0.9582,0.0051,0.9053,0.0072,0.7802,0.0071,0.8381,0.0067,0.8995,0.0024
flow,64,8,3,0.0086,0.0002,knn,knn,2000,24000,0.3598,0.0056,0.3627,0.0056,0.3560,0.0043,0.0249,0.0015,0.0244,0.0018,0.0247,0.0015,0.1937,0.0032
flow,64,8,3,0.0086,0.0002,altered_knn,altered_knn,2000,16000,0.6263,0.0246,0.6301,0.0257,0.6627,0.0025,0.0178,0.0057,0.1879,0.0916,0.0301,0.0058,0.3301,0.0156
flow,64,8,3,0.0086,0.0002,quadratic,quadratic,2000,24000,0.7228,0.0033,0.7259,0.0032,0.7314,0.0029,0.0746,0.0011,0.3590,0.0067,0.1236,0.0018,0.4248,0.0019
flow,64,8,3,0.0086,0.0002,polar3,polar,2000,24000,0.9019,0.0027,0.9044,0.0027,0.8983,0.0037,0.8324,0.0078,0.6203,0.0091,0.7107,0.0040,0.8076,0.0027
flow,64,8,3,0.0086,0.0002,knn,knn,5000,60000,0.3742,0.0044,0.3773,0.0044,0.3707,0.0032,0.0254,0.0006,0.0212,0.0004,0.0231,0.0000,0.2002,0.0022
flow,64,8,3,0.0086,0.0002,altered_knn,altered_knn,5000,40000,0.6695,0.0263,0.6744,0.0274,0.6899,0.0033,0.0179,0.0035,0.1060,0.1140,0.0234,0.0076,0.3489,0.0126
flow,64,8,3,0.0086,0.0002,quadratic,quadratic,5000,60000,0.8476,0.0022,0.8513,0.0020,0.8488,0.0019,0.2692,0.0037,0.4165,0.0088,0.3270,0.0054,0.5892,0.0036
flow,64,8,3,0.0086,0.0002,polar3,polar,5000,60000,0.9382,0.0033,0.9402,0.0034,0.9361,0.0040,0.8393,0.0065,0.7026,0.0096,0.7648,0.0044,0.8525,0.0029
flow,64,8,3,0.0086,0.0002,knn,knn,10000,120000,0.3851,0.0046,0.3883,0.0046,0.3815,0.0034,0.0274,0.0034,0.0194,0.0031,0.0227,0.0033,0.2055,0.0033
flow,64,8,3,0.0086,0.0002,altered_knn,altered_knn,10000,80000,0.6664,0.0254,0.6704,0.0269,0.7050,0.0020,0.0188,0.0033,0.2119,0.1321,0.0289,0.0032,0.3496,0.0118
flow,64,8,3,0.0086,0.0002,quadratic,quadratic,10000,120000,0.8822,0.0016,0.8861,0.0014,0.8828,0.0013,0.3626,0.0045,0.4314,0.0113,0.3940,0.0072,0.6401,0.0042
flow,64,8,3,0.0086,0.0002,polar3,polar,10000,120000,0.9458,0.0042,0.9478,0.0043,0.9440,0.0047,0.8391,0.0098,0.7195,0.0068,0.7746,0.0006,0.8612,0.0019
flow,64,8,3,0.0086,0.0002,knn,knn,15000,180000,0.3907,0.0050,0.3939,0.0050,0.3870,0.0041,0.0289,0.0014,0.0190,0.0023,0.0229,0.0021,0.2084,0.0029
flow,64,8,3,0.0086,0.0002,altered_knn,altered_knn,15000,120000,0.7060,0.0059,0.7115,0.0061,0.7153,0.0026,0.0265,0.0077,0.0709,0.0087,0.0373,0.0078,0.3744,0.0068
flow,64,8,3,0.0086,0.0002,quadratic,quadratic,15000,180000,0.8939,0.0016,0.8979,0.0014,0.8943,0.0013,0.4061,0.0067,0.4351,0.0140,0.4201,0.0101,0.6590,0.0056
flow,64,8,3,0.0086,0.0002,polar3,polar,15000,180000,0.9478,0.0037,0.9498,0.0038,0.9462,0.0043,0.8379,0.0091,0.7221,0.0065,0.7756,0.0017,0.8627,0.0015
flow,64,8,3,0.0086,0.0002,knn,knn,20000,240000,0.3945,0.0047,0.3977,0.0048,0.3911,0.0039,0.0308,0.0023,0.0189,0.0022,0.0234,0.0023,0.2106,0.0018
flow,64,8,3,0.0086,0.0002,altered_knn,altered_knn,20000,160000,0.6937,0.0186,0.6983,0.0195,0.7200,0.0028,0.0241,0.0083,0.1674,0.0849,0.0382,0.0070,0.3682,0.0129
flow,64,8,3,0.0086,0.0002,quadratic,quadratic,20000,240000,0.9023,0.0016,0.9064,0.0014,0.9020,0.0014,0.4809,0.0072,0.4220,0.0116,0.4495,0.0093,0.6780,0.0053
flow,64,8,3,0.0086,0.0002,polar3,polar,20000,240000,0.9486,0.0022,0.9505,0.0022,0.9472,0.0027,0.8395,0.0102,0.7259,0.0048,0.7785,0.0017,0.8645,0.0017
flow,64,16,3,0.0081,0.0001,knn,knn,2000,48000,0.2578,0.0017,0.2595,0.0018,0.2565,0.0015,0.0208,0.0009,0.0429,0.0023,0.0280,0.0012,0.1438,0.0006
flow,64,16,3,0.0081,0.0001,altered_knn,altered_knn,2000,32000,0.6108,0.0020,0.6155,0.0021,0.6157,0.0018,0.0236,0.0038,0.0294,0.0185,0.0226,0.0043,0.3191,0.0013
flow,64,16,3,0.0081,0.0001,quadratic,quadratic,2000,48000,0.7050,0.0015,0.7076,0.0015,0.7140,0.0014,0.0783,0.0012,0.3827,0.0039,0.1300,0.0018,0.4188,0.0011
flow,64,16,3,0.0081,0.0001,polar3,polar,2000,48000,0.8908,0.0012,0.8928,0.0013,0.8892,0.0016,0.7672,0.0079,0.6529,0.0080,0.7054,0.0078,0.7991,0.0033
flow,64,16,3,0.0081,0.0001,knn,knn,5000,120000,0.2710,0.0021,0.2729,0.0021,0.2698,0.0016,0.0213,0.0011,0.0379,0.0017,0.0273,0.0013,0.1501,0.0015
flow,64,16,3,0.0081,0.0001,altered_knn,altered_knn,5000,80000,0.5942,0.0550,0.5971,0.0572,0.6392,0.0121,0.0161,0.0020,0.2402,0.2117,0.0282,0.0015,0.3126,0.0293
flow,64,16,3,0.0081,0.0001,quadratic,quadratic,5000,120000,0.8263,0.0011,0.8294,0.0011,0.8301,0.0012,0.1998,0.0013,0.4501,0.0017,0.2767,0.0016,0.5531,0.0004
flow,64,16,3,0.0081,0.0001,polar3,polar,5000,120000,0.9249,0.0044,0.9270,0.0044,0.9237,0.0045,0.7886,0.0063,0.6731,0.0075,0.7263,0.0059,0.8266,0.0041
flow,64,16,3,0.0081,0.0001,knn,knn,10000,240000,0.2800,0.0012,0.2820,0.0012,0.2791,0.0008,0.0237,0.0014,0.0374,0.0015,0.0290,0.0015,0.1555,0.0002
flow,64,16,3,0.0081,0.0001,altered_knn,altered_knn,10000,160000,0.6516,0.0080,0.6561,0.0086,0.6643,0.0010,0.0270,0.0079,0.0942,0.0677,0.0329,0.0047,0.3445,0.0021
flow,64,16,3,0.0081,0.0001,quadratic,quadratic,10000,240000,0.8704,0.0013,0.8737,0.0012,0.8723,0.0016,0.3114,0.0018,0.4605,0.0050,0.3715,0.0024,0.6226,0.0012
flow,64,16,3,0.0081,0.0001,polar3,polar,10000,240000,0.9353,0.0027,0.9374,0.0026,0.9342,0.0032,0.7873,0.0075,0.6790,0.0091,0.7291,0.0070,0.8333,0.0042
flow,64,16,3,0.0081,0.0001,knn,knn,15000,360000,0.2854,0.0013,0.2874,0.0013,0.2844,0.0011,0.0230,0.0002,0.0339,0.0006,0.0274,0.0002,0.1574,0.0007
flow,64,16,3,0.0081,0.0001,altered_knn,altered_knn,15000,240000,0.6621,0.0053,0.6668,0.0058,0.6732,0.0018,0.0295,0.0083,0.0897,0.0626,0.0353,0.0061,0.3510,0.0002
flow,64,16,3,0.0081,0.0001,quadratic,quadratic,15000,360000,0.8941,0.0013,0.8978,0.0013,0.8943,0.0017,0.5061,0.0050,0.4416,0.0015,0.4716,0.0015,0.6847,0.0014
flow,64,16,3,0.0081,0.0001,polar3,polar,15000,360000,0.9447,0.0010,0.9468,0.0010,0.9439,0.0009,0.7839,0.0082,0.6849,0.0076,0.7310,0.0070,0.8389,0.0039
flow,64,16,3,0.0081,0.0001,knn,knn,20000,480000,0.2898,0.0018,0.2918,0.0018,0.2888,0.0016,0.0256,0.0004,0.0359,0.0004,0.0299,0.0003,0.1609,0.0009
flow,64,16,3,0.0081,0.0001,altered_knn,altered_knn,20000,320000,0.6396,0.0395,0.6429,0.0413,0.6761,0.0056,0.0239,0.0057,0.2348,0.1925,0.0334,0.0086,0.3381,0.0210
flow,64,16,3,0.0081,0.0001,quadratic,quadratic,20000,480000,0.9059,0.0015,0.9097,0.0015,0.9056,0.0017,0.6243,0.0050,0.4363,0.0009,0.5136,0.0023,0.7116,0.0014
flow,64,16,3,0.0081,0.0001,polar3,polar,20000,480000,0.9498,0.0017,0.9519,0.0016,0.9494,0.0020,0.7843,0.0079,0.6854,0.0090,0.7315,0.0074,0.8417,0.0043
flow,128,2,3,0.0055,0.0001,knn,knn,2000,6000,0.6543,0.0133,0.6579,0.0134,0.6509,0.0082,0.0191,0.0065,0.0030,0.0008,0.0052,0.0015,0.3316,0.0069
flow,128,2,3,0.0055,0.0001,altered_knn,altered_knn,2000,4000,0.7294,0.0029,0.7327,0.0029,0.7826,0.0025,0.0056,0.0004,0.1436,0.0119,0.0108,0.0009,0.3717,0.0018
flow,128,2,3,0.0055,0.0001,quadratic,quadratic,2000,6000,0.4137,0.0030,0.4142,0.0031,0.4845,0.0025,0.0056,0.0004,0.3178,0.0201,0.0111,0.0008,0.2126,0.0012
flow,128,2,3,0.0055,0.0001,polar3,polar,2000,6000,0.9193,0.0118,0.9217,0.0118,0.9203,0.0117,0.4207,0.0078,0.4968,0.0092,0.4555,0.0022,0.6886,0.0062
flow,128,2,3,0.0055,0.0001,knn,knn,5000,15000,0.6651,0.0118,0.6688,0.0119,0.6617,0.0068,0.0236,0.0234,0.0030,0.0030,0.0053,0.0054,0.3370,0.0084
flow,128,2,3,0.0055,0.0001,altered_knn,altered_knn,5000,10000,0.5819,0.0022,0.5829,0.0021,0.7147,0.0018,0.0060,0.0002,0.4097,0.0177,0.0119,0.0004,0.2974,0.0013
flow,128,2,3,0.0055,0.0001,quadratic,quadratic,5000,15000,0.4769,0.0002,0.4776,0.0002,0.5645,0.0003,0.0060,0.0002,0.3549,0.0065,0.0119,0.0004,0.2447,0.0003
flow,128,2,3,0.0055,0.0001,polar3,polar,5000,15000,0.9434,0.0097,0.9449,0.0098,0.9431,0.0098,0.7156,0.0099,0.6801,0.0098,0.6973,0.0062,0.8211,0.0060
flow,128,2,3,0.0055,0.0001,knn,knn,10000,30000,0.6738,0.0159,0.6776,0.0160,0.6700,0.0101,0.0061,0.0086,0.0006,0.0008,0.0011,0.0015,0.3393,0.0088
flow,128,2,3,0.0055,0.0001,altered_knn,altered_knn,10000,20000,0.7657,0.0020,0.7692,0.0019,0.8142,0.0014,0.0066,0.0007,0.1479,0.0164,0.0127,0.0014,0.3909,0.0016
flow,128,2,3,0.0055,0.0001,quadratic,quadratic,10000,30000,0.7563,0.0019,0.7586,0.0019,0.8182,0.0020,0.0127,0.0003,0.3539,0.0135,0.0246,0.0006,0.3916,0.0009
flow,128,2,3,0.0055,0.0001,polar3,polar,10000,30000,0.9582,0.0061,0.9588,0.0062,0.9576,0.0062,0.7874,0.0040,0.8515,0.0134,0.8181,0.0044,0.8884,0.0022
flow,128,2,3,0.0055,0.0001,knn,knn,15000,45000,0.6790,0.0166,0.6828,0.0167,0.6751,0.0108,0.0133,0.0189,0.0012,0.0017,0.0022,0.0031,0.3425,0.0099
flow,128,2,3,0.0055,0.0001,altered_knn,altered_knn,15000,30000,0.6881,0.1190,0.6904,0.1205,0.7712,0.0696,0.0069,0.0007,0.2699,0.1521,0.0133,0.0011,0.3518,0.0608
flow,128,2,3,0.0055,0.0001,quadratic,quadratic,15000,45000,0.8784,0.0025,0.8814,0.0025,0.9019,0.0022,0.0348,0.0013,0.3387,0.0127,0.0631,0.0023,0.4722,0.0023
flow,128,2,3,0.0055,0.0001,polar3,polar,15000,45000,0.9647,0.0064,0.9649,0.0064,0.9643,0.0065,0.7639,0.0099,0.9315,0.0073,0.8394,0.0056,0.9022,0.0060
flow,128,2,3,0.0055,0.0001,knn,knn,20000,60000,0.6811,0.0118,0.6848,0.0119,0.6773,0.0066,0.0145,0.0205,0.0012,0.0017,0.0022,0.0031,0.3435,0.0075
flow,128,2,3,0.0055,0.0001,altered_knn,altered_knn,20000,40000,0.6931,0.1193,0.6956,0.1209,0.7748,0.0700,0.0064,0.0006,0.2589,0.1697,0.0124,0.0011,0.3540,0.0606
flow,128,2,3,0.0055,0.0001,quadratic,quadratic,20000,60000,0.9120,0.0009,0.9152,0.0009,0.9250,0.0011,0.0638,0.0018,0.3464,0.0034,0.1077,0.0027,0.5114,0.0009
flow,128,2,3,0.0055,0.0001,polar3,polar,20000,60000,0.9659,0.0070,0.9660,0.0071,0.9657,0.0071,0.7250,0.0127,0.9545,0.0132,0.8240,0.0093,0.8950,0.0072
flow,128,4,3,0.0060,0.0002,knn,knn,2000,12000,0.4482,0.0110,0.4508,0.0110,0.4389,0.0056,0.0165,0.0028,0.0108,0.0016,0.0130,0.0020,0.2319,0.0050
flow,128,4,3,0.0060,0.0002,altered_knn,altered_knn,2000,8000,0.5751,0.0475,0.5770,0.0484,0.6462,0.0160,0.0067,0.0002,0.2561,0.1092,0.0130,0.0007,0.2950,0.0239
flow,128,4,3,0.0060,0.0002,quadratic,quadratic,2000,12000,0.3112,0.0016,0.3109,0.0015,0.3739,0.0021,0.0063,0.0003,0.3629,0.0109,0.0124,0.0007,0.1616,0.0010
flow,128,4,3,0.0060,0.0002,polar3,polar,2000,12000,0.8997,0.0086,0.9014,0.0086,0.8976,0.0094,0.7593,0.0215,0.6122,0.0229,0.6779,0.0221,0.7896,0.0144
flow,128,4,3,0.0060,0.0002,knn,knn,5000,30000,0.4620,0.0113,0.4648,0.0113,0.4530,0.0063,0.0112,0.0026,0.0062,0.0016,0.0079,0.0020,0.2364,0.0066
flow,128,4,3,0.0060,0.0002,altered_knn,altered_knn,5000,20000,0.6374,0.0407,0.6403,0.0414,0.6806,0.0132,0.0072,0.0003,0.1579,0.0862,0.0132,0.0006,0.3268,0.0204
flow,128,4,3,0.0060,0.0002,quadratic,quadratic,5000,30000,0.5066,0.0046,0.5076,0.0047,0.5740,0.0042,0.0081,0.0004,0.3339,0.0015,0.0158,0.0007,0.2617,0.0026
flow,128,4,3,0.0060,0.0002,polar3,polar,5000,30000,0.9388,0.0039,0.9396,0.0038,0.9373,0.0038,0.7979,0.0132,0.8158,0.0132,0.8067,0.0103,0.8731,0.0070
flow,128,4,3,0.0060,0.0002,knn,knn,10000,60000,0.4721,0.0117,0.4749,0.0116,0.4631,0.0062,0.0181,0.0015,0.0083,0.0005,0.0114,0.0007,0.2432,0.0056
flow,128,4,3,0.0060,0.0002,altered_knn,altered_knn,10000,40000,0.6575,0.0365,0.6606,0.0374,0.6976,0.0082,0.0071,0.0004,0.1434,0.1000,0.0129,0.0005,0.3367,0.0185
flow,128,4,3,0.0060,0.0002,quadratic,quadratic,10000,60000,0.7728,0.0013,0.7754,0.0013,0.7942,0.0007,0.0315,0.0020,0.3482,0.0104,0.0577,0.0034,0.4165,0.0017
flow,128,4,3,0.0060,0.0002,polar3,polar,10000,60000,0.9582,0.0050,0.9585,0.0050,0.9568,0.0053,0.7591,0.0166,0.9072,0.0044,0.8265,0.0113,0.8925,0.0082
flow,128,4,3,0.0060,0.0002,knn,knn,15000,90000,0.4771,0.0111,0.4799,0.0110,0.4680,0.0057,0.0193,0.0044,0.0084,0.0019,0.0117,0.0027,0.2458,0.0064
flow,128,4,3,0.0060,0.0002,altered_knn,altered_knn,15000,60000,0.6439,0.0301,0.6467,0.0309,0.7007,0.0068,0.0068,0.0004,0.1894,0.0841,0.0131,0.0007,0.3299,0.0154
flow,128,4,3,0.0060,0.0002,quadratic,quadratic,15000,90000,0.8438,0.0008,0.8467,0.0008,0.8532,0.0008,0.0692,0.0035,0.3653,0.0016,0.1163,0.0050,0.4815,0.0023
flow,128,4,3,0.0060,0.0002,polar3,polar,15000,90000,0.9592,0.0054,0.9594,0.0055,0.9579,0.0057,0.7221,0.0129,0.9346,0.0063,0.8146,0.0091,0.8870,0.0070
flow,128,4,3,0.0060,0.0002,knn,knn,20000,120000,0.4803,0.0121,0.4832,0.0121,0.4711,0.0069,0.0127,0.0030,0.0053,0.0014,0.0074,0.0019,0.2453,0.0061
flow,128,4,3,0.0060,0.0002,altered_knn,altered_knn,20000,80000,0.5734,0.0884,0.5748,0.0900,0.6712,0.0360,0.0069,0.0004,0.3349,0.1732,0.0133,0.0008,0.2941,0.0450
flow,128,4,3,0.0060,0.0002,quadratic,quadratic,20000,120000,0.8668,0.0010,0.8698,0.0010,0.8732,0.0013,0.0982,0.0075,0.3763,0.0133,0.1557,0.0105,0.5127,0.0058
flow,128,4,3,0.0060,0.0002,polar3,polar,20000,120000,0.9625,0.0058,0.9627,0.0059,0.9615,0.0061,0.7043,0.0145,0.9404,0.0068,0.8053,0.0096,0.8840,0.0077
flow,128,8,3,0.0059,0.0001,knn,knn,2000,24000,0.3019,0.0024,0.3036,0.0024,0.2969,0.0014,0.0127,0.0010,0.0230,0.0014,0.0164,0.0011,0.1600,0.0016
flow,128,8,3,0.0059,0.0001,altered_knn,altered_knn,2000,16000,0.5632,0.0078,0.5661,0.0079,0.5792,0.0022,0.0080,0.0008,0.0786,0.0206,0.0144,0.0011,0.2903,0.0044
flow,128,8,3,0.0059,0.0001,quadratic,quadratic,2000,24000,0.3274,0.0025,0.3270,0.0025,0.3943,0.0028,0.0066,0.0001,0.3824,0.0029,0.0130,0.0002,0.1700,0.0012
flow,128,8,3,0.0059,0.0001,polar3,polar,2000,24000,0.8841,0.0078,0.8849,0.0079,0.8810,0.0067,0.7599,0.0064,0.7510,0.0089,0.7554,0.0048,0.8201,0.0034
flow,128,8,3,0.0059,0.0001,knn,knn,5000,60000,0.3150,0.0025,0.3167,0.0025,0.3099,0.0016,0.0113,0.0018,0.0186,0.0033,0.0141,0.0023,0.1654,0.0001
flow,128,8,3,0.0059,0.0001,altered_knn,altered_knn,5000,40000,0.5574,0.0643,0.5597,0.0658,0.5963,0.0168,0.0085,0.0012,0.1656,0.1867,0.0140,0.0023,0.2868,0.0329
flow,128,8,3,0.0059,0.0001,quadratic,quadratic,5000,60000,0.5421,0.0009,0.5433,0.0010,0.5886,0.0014,0.0110,0.0004,0.3260,0.0119,0.0213,0.0008,0.2823,0.0002
flow,128,8,3,0.0059,0.0001,polar3,polar,5000,60000,0.9251,0.0039,0.9254,0.0039,0.9234,0.0031,0.7352,0.0138,0.8738,0.0096,0.7983,0.0041,0.8619,0.0025
flow,128,8,3,0.0059,0.0001,knn,knn,10000,120000,0.3256,0.0027,0.3274,0.0027,0.3205,0.0015,0.0140,0.0007,0.0194,0.0007,0.0163,0.0007,0.1719,0.0014
flow,128,8,3,0.0059,0.0001,altered_knn,altered_knn,10000,80000,0.5700,0.0767,0.5724,0.0784,0.6124,0.0222,0.0093,0.0019,0.1705,0.1975,0.0144,0.0013,0.2934,0.0396
flow,128,8,3,0.0059,0.0001,quadratic,quadratic,10000,120000,0.7452,0.0009,0.7473,0.0009,0.7582,0.0011,0.0462,0.0005,0.3921,0.0010,0.0826,0.0008,0.4150,0.0004
flow,128,8,3,0.0059,0.0001,polar3,polar,10000,120000,0.9375,0.0061,0.9376,0.0061,0.9360,0.0053,0.6979,0.0063,0.9097,0.0067,0.7898,0.0015,0.8637,0.0033
flow,128,8,3,0.0059,0.0001,knn,knn,15000,180000,0.3305,0.0027,0.3323,0.0027,0.3254,0.0015,0.0123,0.0030,0.0160,0.0037,0.0139,0.0033,0.1731,0.0020
flow,128,8,3,0.0059,0.0001,altered_knn,altered_knn,15000,120000,0.5867,0.0651,0.5893,0.0666,0.6264,0.0171,0.0075,0.0004,0.1551,0.1798,0.0127,0.0010,0.3010,0.0328
flow,128,8,3,0.0059,0.0001,quadratic,quadratic,15000,180000,0.8085,0.0016,0.8108,0.0017,0.8153,0.0014,0.0844,0.0016,0.4169,0.0085,0.1404,0.0026,0.4756,0.0013
flow,128,8,3,0.0059,0.0001,polar3,polar,15000,180000,0.9383,0.0043,0.9385,0.0044,0.9368,0.0037,0.6907,0.0051,0.9132,0.0063,0.7865,0.0015,0.8625,0.0015
flow,128,8,3,0.0059,0.0001,knn,knn,20000,240000,0.3328,0.0029,0.3347,0.0029,0.3277,0.0018,0.0123,0.0008,0.0156,0.0009,0.0138,0.0008,0.1742,0.0016
flow,128,8,3,0.0059,0.0001,altered_knn,altered_knn,20000,160000,0.5897,0.0550,0.5921,0.0563,0.6336,0.0139,0.0079,0.0005,0.1773,0.1597,0.0142,0.0003,0.3032,0.0280
flow,128,8,3,0.0059,0.0001,quadratic,quadratic,20000,240000,0.8421,0.0012,0.8446,0.0012,0.8454,0.0009,0.1347,0.0012,0.4217,0.0075,0.2041,0.0021,0.5244,0.0013
flow,128,8,3,0.0059,0.0001,polar3,polar,20000,240000,0.9374,0.0029,0.9375,0.0030,0.9357,0.0024,0.6851,0.0059,0.9163,0.0083,0.7840,0.0008,0.8607,0.0016
flow,128,16,3,0.0063,0.0002,knn,knn,2000,48000,0.2025,0.0014,0.2035,0.0013,0.2002,0.0010,0.0116,0.0003,0.0379,0.0013,0.0178,0.0004,0.1106,0.0008
flow,128,16,3,0.0063,0.0002,altered_knn,altered_knn,2000,32000,0.4934,0.0135,0.4959,0.0139,0.5142,0.0019,0.0084,0.0003,0.0993,0.0693,0.0144,0.0014,0.2551,0.0063
flow,128,16,3,0.0063,0.0002,quadratic,quadratic,2000,48000,0.3779,0.0015,0.3777,0.0016,0.4470,0.0015,0.0080,0.0001,0.3978,0.0068,0.0156,0.0003,0.1967,0.0009
flow,128,16,3,0.0063,0.0002,polar3,polar,2000,48000,0.8612,0.0010,0.8618,0.0009,0.8588,0.0007,0.7317,0.0097,0.7693,0.0086,0.7499,0.0026,0.8058,0.0015
flow,128,16,3,0.0063,0.0002,knn,knn,5000,120000,0.2128,0.0015,0.2139,0.0015,0.2106,0.0011,0.0121,0.0006,0.0357,0.0011,0.0181,0.0008,0.1160,0.0005
flow,128,16,3,0.0063,0.0002,altered_knn,altered_knn,5000,80000,0.5086,0.0189,0.5107,0.0194,0.5471,0.0036,0.0080,0.0005,0.1753,0.0765,0.0151,0.0014,0.2629,0.0091
flow,128,16,3,0.0063,0.0002,quadratic,quadratic,5000,120000,0.5520,0.0002,0.5533,0.0002,0.5870,0.0005,0.0155,0.0005,0.3333,0.0064,0.0296,0.0008,0.2915,0.0005
flow,128,16,3,0.0063,0.0002,polar3,polar,5000,120000,0.9022,0.0021,0.9027,0.0021,0.9002,0.0029,0.7179,0.0135,0.8317,0.0079,0.7705,0.0048,0.8366,0.0016
flow,128,16,3,0.0063,0.0002,knn,knn,10000,240000,0.2212,0.0016,0.2224,0.0016,0.2193,0.0012,0.0115,0.0008,0.0300,0.0023,0.0166,0.0012,0.1195,0.0006
flow,128,16,3,0.0063,0.0002,altered_knn,altered_knn,10000,160000,0.5278,0.0052,0.5299,0.0054,0.5704,0.0011,0.0088,0.0006,0.2022,0.0127,0.0168,0.0011,0.2733,0.0032
flow,128,16,3,0.0063,0.0002,quadratic,quadratic,10000,240000,0.7206,0.0007,0.7227,0.0007,0.7320,0.0005,0.0562,0.0012,0.3990,0.0069,0.0985,0.0016,0.4106,0.0008
flow,128,16,3,0.0063,0.0002,polar3,polar,10000,240000,0.9133,0.0031,0.9137,0.0031,0.9113,0.0040,0.7115,0.0157,0.8428,0.0074,0.7715,0.0065,0.8426,0.0041
flow,128,16,3,0.0063,0.0002,knn,knn,15000,360000,0.2255,0.0017,0.2268,0.0016,0.2237,0.0013,0.0113,0.0002,0.0283,0.0008,0.0161,0.0002,0.1214,0.0008
flow,128,16,3,0.0063,0.0002,altered_knn,altered_knn,15000,240000,0.5313,0.0492,0.5336,0.0506,0.5706,0.0099,0.0082,0.0008,0.1710,0.1743,0.0146,0.0016,0.2741,0.0252
flow,128,16,3,0.0063,0.0002,quadratic,quadratic,15000,360000,0.8049,0.0005,0.8073,0.0004,0.8065,0.0003,0.1843,0.0038,0.4212,0.0079,0.2563,0.0025,0.5318,0.0011
flow,128,16,3,0.0063,0.0002,polar3,polar,15000,360000,0.9146,0.0057,0.9151,0.0057,0.9126,0.0063,0.6999,0.0175,0.8486,0.0065,0.7669,0.0080,0.8410,0.0057
flow,128,16,3,0.0063,0.0002,knn,knn,20000,480000,0.2287,0.0016,0.2300,0.0016,0.2269,0.0013,0.0117,0.0006,0.0279,0.0014,0.0165,0.0008,0.1232,0.0010
flow,128,16,3,0.0063,0.0002,altered_knn,altered_knn,20000,320000,0.4891,0.0655,0.4901,0.0674,0.5658,0.0124,0.0086,0.0012,0.3293,0.2330,0.0114,0.0052,0.2508,0.0311
flow,128,16,3,0.0063,0.0002,quadratic,quadratic,20000,480000,0.8420,0.0009,0.8446,0.0008,0.8420,0.0007,0.3217,0.0059,0.4296,0.0097,0.3678,0.0035,0.6062,0.0021
flow,128,16,3,0.0063,0.0002,polar3,polar,20000,480000,0.9198,0.0033,0.9202,0.0033,0.9181,0.0037,0.6949,0.0162,0.8530,0.0062,0.7657,0.0075,0.8430,0.0046
flow,256,2,3,0.0041,0.0001,knn,knn,2000,6000,0.6166,0.0154,0.6191,0.0156,0.6122,0.0085,0.0078,0.0068,0.0024,0.0019,0.0036,0.0030,0.3114,0.0091
flow,256,2,3,0.0041,0.0001,altered_knn,altered_knn,2000,4000,0.4613,0.0043,0.4612,0.0043,0.6035,0.0039,0.0042,0.0000,0.4978,0.0082,0.0084,0.0001,0.2348,0.0021
flow,256,2,3,0.0041,0.0001,quadratic,quadratic,2000,6000,0.3896,0.0030,0.3900,0.0030,0.4508,0.0026,0.0042,0.0003,0.2985,0.0144,0.0083,0.0006,0.1991,0.0016
flow,256,2,3,0.0041,0.0001,polar3,polar,2000,6000,0.8966,0.0091,0.8984,0.0091,0.8984,0.0089,0.2386,0.0173,0.4565,0.0124,0.3132,0.0174,0.6058,0.0084
flow,256,2,3,0.0041,0.0001,knn,knn,5000,15000,0.6272,0.0148,0.6298,0.0149,0.6229,0.0088,0.0039,0.0055,0.0008,0.0012,0.0014,0.0020,0.3156,0.0070
flow,256,2,3,0.0041,0.0001,altered_knn,altered_knn,5000,10000,0.4927,0.0034,0.4927,0.0034,0.6338,0.0032,0.0043,0.0001,0.4798,0.0105,0.0086,0.0002,0.2507,0.0016
flow,256,2,3,0.0041,0.0001,quadratic,quadratic,5000,15000,0.4001,0.0015,0.4004,0.0014,0.4699,0.0013,0.0040,0.0005,0.3078,0.0282,0.0079,0.0009,0.2042,0.0010
flow,256,2,3,0.0041,0.0001,polar3,polar,5000,15000,0.9065,0.0013,0.9076,0.0013,0.9064,0.0014,0.5205,0.0195,0.6423,0.0150,0.5748,0.0148,0.7412,0.0073
flow,256,2,3,0.0041,0.0001,knn,knn,10000,30000,0.6338,0.0138,0.6364,0.0139,0.6292,0.0076,0.0110,0.0078,0.0016,0.0012,0.0028,0.0020,0.3196,0.0076
flow,256,2,3,0.0041,0.0001,altered_knn,altered_knn,10000,20000,0.5791,0.0934,0.5799,0.0944,0.6910,0.0527,0.0048,0.0005,0.3853,0.1345,0.0095,0.0009,0.2947,0.0475
flow,256,2,3,0.0041,0.0001,quadratic,quadratic,10000,30000,0.4244,0.0016,0.4248,0.0016,0.5034,0.0024,0.0040,0.0003,0.3253,0.0241,0.0080,0.0005,0.2164,0.0008
flow,256,2,3,0.0041,0.0001,polar3,polar,10000,30000,0.9163,0.0058,0.9167,0.0058,0.9155,0.0057,0.6680,0.0274,0.8250,0.0272,0.7374,0.0124,0.8271,0.0090
flow,256,2,3,0.0041,0.0001,knn,knn,15000,45000,0.6358,0.0179,0.6384,0.0180,0.6314,0.0116,0.0000,0.0000,0.0000,0.0000,0.0000,0.0000,0.3192,0.0090
flow,256,2,3,0.0041,0.0001,altered_knn,altered_knn,15000,30000,0.5215,0.0024,0.5219,0.0024,0.6618,0.0022,0.0042,0.0003,0.4353,0.0190,0.0083,0.0005,0.2651,0.0012
flow,256,2,3,0.0041,0.0001,quadratic,quadratic,15000,45000,0.4519,0.0036,0.4523,0.0037,0.5387,0.0043,0.0046,0.0000,0.3757,0.0096,0.0090,0.0001,0.2306,0.0019
flow,256,2,3,0.0041,0.0001,polar3,polar,15000,45000,0.9175,0.0029,0.9174,0.0029,0.9165,0.0029,0.6762,0.0222,0.9331,0.0103,0.7839,0.0129,0.8506,0.0072
flow,256,2,3,0.0041,0.0001,knn,knn,20000,60000,0.6401,0.0155,0.6427,0.0156,0.6354,0.0091,0.0055,0.0077,0.0008,0.0012,0.0014,0.0020,0.3221,0.0074
flow,256,2,3,0.0041,0.0001,altered_knn,altered_knn,20000,40000,0.6565,0.0913,0.6582,0.0922,0.7383,0.0506,0.0041,0.0003,0.2400,0.1371,0.0081,0.0007,0.3331,0.0459
flow,256,2,3,0.0041,0.0001,quadratic,quadratic,20000,60000,0.4860,0.0042,0.4866,0.0043,0.5797,0.0047,0.0042,0.0002,0.3411,0.0255,0.0082,0.0004,0.2474,0.0020
flow,256,2,3,0.0041,0.0001,polar3,polar,20000,60000,0.9238,0.0047,0.9237,0.0047,0.9230,0.0047,0.6455,0.0222,0.9657,0.0030,0.7736,0.0168,0.8486,0.0095
flow,256,4,3,0.0042,0.0002,knn,knn,2000,12000,0.3990,0.0126,0.4006,0.0127,0.3884,0.0065,0.0086,0.0034,0.0113,0.0041,0.0098,0.0038,0.2052,0.0074
flow,256,4,3,0.0042,0.0002,altered_knn,altered_knn,2000,8000,0.4695,0.0691,0.4702,0.0700,0.5456,0.0352,0.0045,0.0002,0.3175,0.1550,0.0088,0.0005,0.2395,0.0350
flow,256,4,3,0.0042,0.0002,quadratic,quadratic,2000,12000,0.2137,0.0006,0.2128,0.0006,0.2671,0.0010,0.0043,0.0001,0.4343,0.0085,0.0086,0.0001,0.1107,0.0002
flow,256,4,3,0.0042,0.0002,polar3,polar,2000,12000,0.8558,0.0083,0.8569,0.0082,0.8539,0.0083,0.5791,0.0027,0.5820,0.0198,0.5804,0.0087,0.7187,0.0084
flow,256,4,3,0.0042,0.0002,knn,knn,5000,30000,0.4097,0.0117,0.4114,0.0118,0.3994,0.0060,0.0077,0.0006,0.0067,0.0004,0.0072,0.0004,0.2093,0.0061
flow,256,4,3,0.0042,0.0002,altered_knn,altered_knn,5000,20000,0.6065,0.0085,0.6088,0.0086,0.6152,0.0063,0.0054,0.0003,0.0629,0.0031,0.0100,0.0005,0.3094,0.0045
flow,256,4,3,0.0042,0.0002,quadratic,quadratic,5000,30000,0.2757,0.0011,0.2752,0.0011,0.3374,0.0012,0.0044,0.0001,0.3934,0.0235,0.0086,0.0002,0.1419,0.0006
flow,256,4,3,0.0042,0.0002,polar3,polar,5000,30000,0.9032,0.0053,0.9034,0.0053,0.9004,0.0047,0.6924,0.0040,0.8353,0.0176,0.7571,0.0067,0.8303,0.0042
flow,256,4,3,0.0042,0.0002,knn,knn,10000,60000,0.4185,0.0114,0.4202,0.0115,0.4081,0.0056,0.0073,0.0027,0.0063,0.0020,0.0067,0.0023,0.2135,0.0065
flow,256,4,3,0.0042,0.0002,altered_knn,altered_knn,10000,40000,0.5182,0.0699,0.5192,0.0708,0.5958,0.0316,0.0045,0.0005,0.2899,0.1440,0.0088,0.0008,0.2640,0.0356
flow,256,4,3,0.0042,0.0002,quadratic,quadratic,10000,60000,0.3519,0.0012,0.3519,0.0011,0.4241,0.0011,0.0043,0.0003,0.3531,0.0254,0.0084,0.0005,0.1802,0.0008
flow,256,4,3,0.0042,0.0002,polar3,polar,10000,60000,0.9398,0.0032,0.9398,0.0032,0.9377,0.0024,0.6232,0.0120,0.9539,0.0145,0.7537,0.0059,0.8467,0.0044
flow,256,4,3,0.0042,0.0002,knn,knn,15000,90000,0.4220,0.0122,0.4238,0.0123,0.4116,0.0064,0.0058,0.0009,0.0044,0.0007,0.0050,0.0008,0.2144,0.0059
flow,256,4,3,0.0042,0.0002,altered_knn,altered_knn,15000,60000,0.5572,0.0501,0.5587,0.0507,0.6187,0.0177,0.0047,0.0006,0.2208,0.0991,0.0090,0.0010,0.2838,0.0257
flow,256,4,3,0.0042,0.0002,quadratic,quadratic,15000,90000,0.4279,0.0011,0.4282,0.0010,0.5038,0.0010,0.0048,0.0002,0.3566,0.0085,0.0094,0.0004,0.2188,0.0006
flow,256,4,3,0.0042,0.0002,polar3,polar,15000,90000,0.9551,0.0025,0.9550,0.0026,0.9538,0.0024,0.5675,0.0098,0.9764,0.0153,0.7177,0.0057,0.8363,0.0041
flow,256,4,3,0.0042,0.0002,knn,knn,20000,120000,0.4245,0.0122,0.4262,0.0123,0.4143,0.0067,0.0091,0.0011,0.0072,0.0012,0.0080,0.0012,0.2171,0.0056
flow,256,4,3,0.0042,0.0002,altered_knn,altered_knn,20000,80000,0.5528,0.0584,0.5541,0.0591,0.6211,0.0204,0.0044,0.0003,0.2397,0.1223,0.0085,0.0006,0.2813,0.0295
flow,256,4,3,0.0042,0.0002,quadratic,quadratic,20000,120000,0.4937,0.0012,0.4944,0.0012,0.5687,0.0014,0.0049,0.0004,0.3226,0.0128,0.0096,0.0007,0.2520,0.0007
flow,256,4,3,0.0042,0.0002,polar3,polar,20000,120000,0.9552,0.0009,0.9551,0.0009,0.9542,0.0009,0.5291,0.0150,0.9792,0.0148,0.6867,0.0111,0.8209,0.0060
flow,256,8,3,0.0045,0.0000,knn,knn,2000,24000,0.2534,0.0033,0.2544,0.0034,0.2477,0.0020,0.0079,0.0007,0.0255,0.0027,0.0121,0.0011,0.1332,0.0012
flow,256,8,3,0.0045,0.0000,altered_knn,altered_knn,2000,16000,0.4251,0.0338,0.4261,0.0344,0.4663,0.0128,0.0047,0.0003,0.1974,0.0981,0.0092,0.0006,0.2176,0.0172
flow,256,8,3,0.0045,0.0000,quadratic,quadratic,2000,24000,0.1595,0.0012,0.1578,0.0012,0.2143,0.0012,0.0045,0.0002,0.5212,0.0146,0.0090,0.0003,0.0834,0.0005
flow,256,8,3,0.0045,0.0000,polar3,polar,2000,24000,0.8587,0.0036,0.8593,0.0036,0.8548,0.0037,0.6504,0.0044,0.7273,0.0029,0.6867,0.0033,0.7730,0.0011
flow,256,8,3,0.0045,0.0000,knn,knn,5000,60000,0.2626,0.0027,0.2637,0.0027,0.2568,0.0013,0.0069,0.0016,0.0179,0.0046,0.0099,0.0024,0.1368,0.0015
flow,256,8,3,0.0045,0.0000,altered_knn,altered_knn,5000,40000,0.4589,0.0379,0.4601,0.0386,0.4966,0.0110,0.0049,0.0005,0.1846,0.1291,0.0092,0.0014,0.2347,0.0187
flow,256,8,3,0.0045,0.0000,quadratic,quadratic,5000,60000,0.2578,0.0007,0.2570,0.0007,0.3273,0.0010,0.0047,0.0001,0.4456,0.0086,0.0094,0.0002,0.1332,0.0004
flow,256,8,3,0.0045,0.0000,polar3,polar,5000,60000,0.9132,0.0047,0.9133,0.0047,0.9107,0.0040,0.6233,0.0016,0.8881,0.0027,0.7325,0.0016,0.8229,0.0018
flow,256,8,3,0.0045,0.0000,knn,knn,10000,120000,0.2703,0.0033,0.2714,0.0033,0.2642,0.0021,0.0058,0.0015,0.0134,0.0035,0.0081,0.0021,0.1398,0.0018
flow,256,8,3,0.0045,0.0000,altered_knn,altered_knn,10000,80000,0.4507,0.0570,0.4516,0.0581,0.5095,0.0136,0.0059,0.0014,0.2610,0.1806,0.0093,0.0005,0.2305,0.0288
flow,256,8,3,0.0045,0.0000,quadratic,quadratic,10000,120000,0.3795,0.0010,0.3796,0.0010,0.4521,0.0010,0.0050,0.0001,0.3646,0.0027,0.0099,0.0001,0.1947,0.0005
flow,256,8,3,0.0045,0.0000,polar3,polar,10000,120000,0.9312,0.0118,0.9312,0.0118,0.9295,0.0108,0.5610,0.0049,0.9271,0.0021,0.6990,0.0044,0.8151,0.0039
flow,256,8,3,0.0045,0.0000,knn,knn,15000,180000,0.2738,0.0029,0.2749,0.0029,0.2679,0.0017,0.0069,0.0012,0.0147,0.0027,0.0094,0.0017,0.1421,0.0014
flow,256,8,3,0.0045,0.0000,altered_knn,altered_knn,15000,120000,0.4184,0.0802,0.4188,0.0816,0.4977,0.0269,0.0046,0.0002,0.3409,0.2243,0.0087,0.0009,0.2137,0.0404
flow,256,8,3,0.0045,0.0000,quadratic,quadratic,15000,180000,0.4547,0.0011,0.4552,0.0011,0.5215,0.0010,0.0057,0.0001,0.3396,0.0060,0.0111,0.0003,0.2332,0.0007
flow,256,8,3,0.0045,0.0000,polar3,polar,15000,180000,0.9390,0.0086,0.9390,0.0087,0.9382,0.0080,0.5401,0.0030,0.9331,0.0024,0.6842,0.0029,0.8116,0.0030
flow,256,8,3,0.0045,0.0000,knn,knn,20000,240000,0.2760,0.0028,0.2772,0.0028,0.2703,0.0018,0.0082,0.0005,0.0164,0.0010,0.0109,0.0007,0.1440,0.0012
flow,256,8,3,0.0045,0.0000,altered_knn,altered_knn,20000,160000,0.4817,0.0815,0.4830,0.0828,0.5270,0.0297,0.0050,0.0002,0.2041,0.2213,0.0092,0.0008,0.2461,0.0412
flow,256,8,3,0.0045,0.0000,quadratic,quadratic,20000,240000,0.5097,0.0010,0.5105,0.0010,0.5688,0.0006,0.0064,0.0000,0.3209,0.0028,0.0126,0.0000,0.2616,0.0005
flow,256,8,3,0.0045,0.0000,polar3,polar,20000,240000,0.9391,0.0073,0.9391,0.0073,0.9381,0.0073,0.5346,0.0031,0.9351,0.0026,0.6803,0.0021,0.8097,0.0026
flow,256,16,3,0.0049,0.0002,knn,knn,2000,48000,0.1595,0.0007,0.1601,0.0007,0.1572,0.0004,0.0070,0.0004,0.0374,0.0021,0.0119,0.0007,0.0860,0.0007
flow,256,16,3,0.0049,0.0002,altered_knn,altered_knn,2000,32000,0.3802,0.0146,0.3817,0.0150,0.3935,0.0017,0.0058,0.0008,0.0787,0.0695,0.0098,0.0005,0.1957,0.0073
flow,256,16,3,0.0049,0.0002,quadratic,quadratic,2000,48000,0.1539,0.0007,0.1516,0.0008,0.2206,0.0010,0.0051,0.0003,0.6126,0.0074,0.0100,0.0005,0.0808,0.0003
flow,256,16,3,0.0049,0.0002,polar3,polar,2000,48000,0.8372,0.0063,0.8375,0.0063,0.8344,0.0063,0.6534,0.0215,0.7665,0.0083,0.7051,0.0096,0.7713,0.0024
flow,256,16,3,0.0049,0.0002,knn,knn,5000,120000,0.1677,0.0009,0.1684,0.0009,0.1653,0.0005,0.0075,0.0005,0.0348,0.0007,0.0123,0.0007,0.0903,0.0008
flow,256,16,3,0.0049,0.0002,altered_knn,altered_knn,5000,80000,0.3693,0.0377,0.3699,0.0387,0.4188,0.0082,0.0054,0.0002,0.2617,0.1622,0.0103,0.0005,0.1901,0.0192
flow,256,16,3,0.0049,0.0002,quadratic,quadratic,5000,120000,0.2894,0.0003,0.2884,0.0003,0.3726,0.0006,0.0055,0.0002,0.4955,0.0084,0.0109,0.0003,0.1496,0.0001
flow,256,16,3,0.0049,0.0002,polar3,polar,5000,120000,0.8928,0.0062,0.8929,0.0062,0.8911,0.0059,0.6097,0.0203,0.8785,0.0051,0.7196,0.0133,0.8062,0.0037
flow,256,16,3,0.0049,0.0002,knn,knn,10000,240000,0.1733,0.0016,0.1740,0.0017,0.1707,0.0013,0.0073,0.0003,0.0309,0.0008,0.0118,0.0004,0.0929,0.0010
flow,256,16,3,0.0049,0.0002,altered_knn,altered_knn,10000,160000,0.3698,0.0379,0.3701,0.0387,0.4325,0.0131,0.0055,0.0003,0.3146,0.1293,0.0107,0.0005,0.1904,0.0196
flow,256,16,3,0.0049,0.0002,quadratic,quadratic,10000,240000,0.4107,0.0010,0.4109,0.0010,0.4808,0.0009,0.0063,0.0004,0.3836,0.0034,0.0125,0.0007,0.2117,0.0008
flow,256,16,3,0.0049,0.0002,polar3,polar,10000,240000,0.9071,0.0088,0.9072,0.0088,0.9061,0.0090,0.5889,0.0223,0.8915,0.0031,0.7090,0.0161,0.8081,0.0036
flow,256,16,3,0.0049,0.0002,knn,knn,15000,360000,0.1758,0.0013,0.1765,0.0013,0.1732,0.0008,0.0074,0.0003,0.0294,0.0004,0.0118,0.0003,0.0942,0.0006
flow,256,16,3,0.0049,0.0002,altered_knn,altered_knn,15000,240000,0.4061,0.0494,0.4071,0.0504,0.4489,0.0169,0.0055,0.0003,0.2124,0.1684,0.0106,0.0003,0.2088,0.0254
flow,256,16,3,0.0049,0.0002,quadratic,quadratic,15000,360000,0.4686,0.0005,0.4693,0.0005,0.5236,0.0004,0.0077,0.0003,0.3465,0.0036,0.0150,0.0007,0.2421,0.0003
flow,256,16,3,0.0049,0.0002,polar3,polar,15000,360000,0.9070,0.0031,0.9070,0.0031,0.9058,0.0030,0.5716,0.0219,0.8980,0.0043,0.6983,0.0158,0.8026,0.0064
flow,256,16,3,0.0049,0.0002,knn,knn,20000,480000,0.1785,0.0012,0.1792,0.0012,0.1758,0.0009,0.0076,0.0005,0.0290,0.0033,0.0121,0.0009,0.0956,0.0007
flow,256,16,3,0.0049,0.0002,altered_knn,altered_knn,20000,320000,0.4279,0.0307,0.4292,0.0315,0.4645,0.0063,0.0055,0.0004,0.1740,0.1231,0.0105,0.0007,0.2199,0.0158
flow,256,16,3,0.0049,0.0002,quadratic,quadratic,20000,480000,0.5128,0.0007,0.5138,0.0007,0.5544,0.0005,0.0095,0.0004,0.3201,0.0011,0.0185,0.0007,0.2661,0.0003
flow,256,16,3,0.0049,0.0002,polar3,polar,20000,480000,0.9115,0.0035,0.9115,0.0035,0.9100,0.0027,0.5640,0.0220,0.9013,0.0046,0.6935,0.0161,0.8025,0.0074
flow,512,2,3,0.0024,0.0001,knn,knn,2000,6000,0.5880,0.0146,0.5894,0.0147,0.5826,0.0076,0.0000,0.0000,0.0000,0.0000,0.0000,0.0000,0.2947,0.0073
flow,512,2,3,0.0024,0.0001,altered_knn,altered_knn,2000,4000,0.6105,0.0035,0.6115,0.0035,0.6706,0.0036,0.0027,0.0002,0.2111,0.0134,0.0052,0.0004,0.3083,0.0019
flow,512,2,3,0.0024,0.0001,quadratic,quadratic,2000,6000,0.3779,0.0013,0.3780,0.0013,0.4363,0.0006,0.0028,0.0000,0.3307,0.0063,0.0055,0.0000,0.1918,0.0006
flow,512,2,3,0.0024,0.0001,polar3,polar,2000,6000,0.8767,0.0054,0.8778,0.0055,0.8789,0.0051,0.1185,0.0055,0.4392,0.0179,0.1865,0.0055,0.5321,0.0044
flow,512,2,3,0.0024,0.0001,knn,knn,5000,15000,0.5945,0.0133,0.5960,0.0133,0.5889,0.0056,0.0036,0.0051,0.0014,0.0019,0.0020,0.0028,0.2990,0.0081
flow,512,2,3,0.0024,0.0001,altered_knn,altered_knn,5000,10000,0.6310,0.0027,0.6322,0.0027,0.6911,0.0022,0.0021,0.0002,0.1645,0.0089,0.0042,0.0003,0.3182,0.0015
flow,512,2,3,0.0024,0.0001,quadratic,quadratic,5000,15000,0.3817,0.0003,0.3819,0.0003,0.4451,0.0006,0.0024,0.0003,0.2948,0.0379,0.0047,0.0006,0.1933,0.0002
flow,512,2,3,0.0024,0.0001,polar3,polar,5000,15000,0.8868,0.0100,0.8875,0.0100,0.8875,0.0098,0.2592,0.0064,0.6119,0.0158,0.3640,0.0069,0.6258,0.0041
flow,512,2,3,0.0024,0.0001,knn,knn,10000,30000,0.5991,0.0153,0.6005,0.0153,0.5936,0.0077,0.0036,0.0051,0.0013,0.0019,0.0020,0.0028,0.3012,0.0072
flow,512,2,3,0.0024,0.0001,altered_knn,altered_knn,10000,20000,0.6443,0.0003,0.6455,0.0002,0.7033,0.0002,0.0025,0.0003,0.1854,0.0198,0.0049,0.0005,0.3252,0.0004
flow,512,2,3,0.0024,0.0001,quadratic,quadratic,10000,30000,0.3918,0.0005,0.3920,0.0004,0.4587,0.0004,0.0027,0.0001,0.3400,0.0130,0.0053,0.0003,0.1986,0.0003
flow,512,2,3,0.0024,0.0001,polar3,polar,10000,30000,0.8822,0.0086,0.8823,0.0087,0.8820,0.0085,0.4378,0.0092,0.8230,0.0204,0.5716,0.0123,0.7269,0.0040
flow,512,2,3,0.0024,0.0001,knn,knn,15000,45000,0.6021,0.0165,0.6036,0.0165,0.5965,0.0087,0.0046,0.0065,0.0013,0.0019,0.0021,0.0029,0.3028,0.0077
flow,512,2,3,0.0024,0.0001,altered_knn,altered_knn,15000,30000,0.5070,0.1018,0.5072,0.1024,0.6216,0.0624,0.0025,0.0001,0.4149,0.1679,0.0050,0.0003,0.2561,0.0511
flow,512,2,3,0.0024,0.0001,quadratic,quadratic,15000,45000,0.3966,0.0028,0.3968,0.0029,0.4678,0.0028,0.0026,0.0002,0.3383,0.0236,0.0051,0.0004,0.2009,0.0013
flow,512,2,3,0.0024,0.0001,polar3,polar,15000,45000,0.8837,0.0037,0.8836,0.0038,0.8834,0.0037,0.4431,0.0098,0.8997,0.0262,0.5937,0.0142,0.7387,0.0064
flow,512,2,3,0.0024,0.0001,knn,knn,20000,60000,0.6035,0.0174,0.6049,0.0175,0.5979,0.0098,0.0048,0.0068,0.0014,0.0020,0.0022,0.0031,0.3036,0.0080
flow,512,2,3,0.0024,0.0001,altered_knn,altered_knn,20000,40000,0.5123,0.1021,0.5125,0.1028,0.6263,0.0624,0.0025,0.0001,0.4080,0.1639,0.0050,0.0001,0.2588,0.0513
flow,512,2,3,0.0024,0.0001,quadratic,quadratic,20000,60000,0.4067,0.0010,0.4069,0.0009,0.4801,0.0012,0.0023,0.0001,0.3073,0.0093,0.0046,0.0001,0.2058,0.0005
flow,512,2,3,0.0024,0.0001,polar3,polar,20000,60000,0.8858,0.0066,0.8857,0.0067,0.8856,0.0065,0.4309,0.0151,0.9421,0.0215,0.5913,0.0184,0.7385,0.0059
flow,512,4,3,0.0028,0.0000,knn,knn,2000,12000,0.3576,0.0118,0.3586,0.0119,0.3472,0.0054,0.0032,0.0015,0.0083,0.0036,0.0047,0.0021,0.1816,0.0070
flow,512,4,3,0.0028,0.0000,altered_knn,altered_knn,2000,8000,0.3829,0.0593,0.3829,0.0598,0.4569,0.0310,0.0030,0.0002,0.3708,0.1249,0.0060,0.0004,0.1944,0.0301
flow,512,4,3,0.0028,0.0000,quadratic,quadratic,2000,12000,0.1288,0.0006,0.1275,0.0006,0.1802,0.0006,0.0028,0.0000,0.5953,0.0094,0.0056,0.0001,0.0665,0.0003
flow,512,4,3,0.0028,0.0000,polar3,polar,2000,12000,0.8230,0.0149,0.8237,0.0150,0.8209,0.0145,0.3167,0.0169,0.5581,0.0284,0.4040,0.0206,0.6139,0.0125
flow,512,4,3,0.0028,0.0000,knn,knn,5000,30000,0.3664,0.0120,0.3674,0.0121,0.3557,0.0058,0.0035,0.0015,0.0077,0.0030,0.0048,0.0020,0.1861,0.0058
flow,512,4,3,0.0028,0.0000,altered_knn,altered_knn,5000,20000,0.4489,0.0675,0.4495,0.0682,0.5034,0.0331,0.0029,0.0002,0.2561,0.1620,0.0057,0.0004,0.2276,0.0340
flow,512,4,3,0.0028,0.0000,quadratic,quadratic,5000,30000,0.1765,0.0006,0.1755,0.0006,0.2327,0.0007,0.0029,0.0000,0.5169,0.0035,0.0057,0.0001,0.0906,0.0003
flow,512,4,3,0.0028,0.0000,polar3,polar,5000,30000,0.8623,0.0097,0.8625,0.0096,0.8606,0.0092,0.5243,0.0119,0.8071,0.0368,0.6355,0.0195,0.7490,0.0145
flow,512,4,3,0.0028,0.0000,knn,knn,10000,60000,0.3736,0.0118,0.3746,0.0118,0.3628,0.0056,0.0038,0.0016,0.0071,0.0028,0.0050,0.0020,0.1898,0.0067
flow,512,4,3,0.0028,0.0000,altered_knn,altered_knn,10000,40000,0.3693,0.0182,0.3691,0.0183,0.4752,0.0099,0.0028,0.0002,0.4466,0.0204,0.0055,0.0003,0.1873,0.0093
flow,512,4,3,0.0028,0.0000,quadratic,quadratic,10000,60000,0.2251,0.0011,0.2246,0.0011,0.2865,0.0013,0.0028,0.0000,0.4323,0.0084,0.0055,0.0000,0.1150,0.0005
flow,512,4,3,0.0028,0.0000,polar3,polar,10000,60000,0.9099,0.0033,0.9098,0.0033,0.9080,0.0032,0.4915,0.0091,0.9503,0.0109,0.6478,0.0093,0.7788,0.0051
flow,512,4,3,0.0028,0.0000,knn,knn,15000,90000,0.3755,0.0128,0.3766,0.0129,0.3647,0.0067,0.0033,0.0012,0.0060,0.0023,0.0042,0.0016,0.1904,0.0057
flow,512,4,3,0.0028,0.0000,altered_knn,altered_knn,15000,60000,0.5419,0.0073,0.5432,0.0074,0.5570,0.0038,0.0031,0.0004,0.0886,0.0248,0.0060,0.0007,0.2746,0.0038
flow,512,4,3,0.0028,0.0000,quadratic,quadratic,15000,90000,0.2562,0.0008,0.2557,0.0008,0.3211,0.0010,0.0029,0.0000,0.4352,0.0112,0.0058,0.0001,0.1308,0.0004
flow,512,4,3,0.0028,0.0000,polar3,polar,15000,90000,0.9356,0.0012,0.9355,0.0012,0.9345,0.0011,0.4366,0.0094,0.9828,0.0060,0.6045,0.0092,0.7700,0.0050
flow,512,4,3,0.0028,0.0000,knn,knn,20000,120000,0.3788,0.0127,0.3799,0.0127,0.3682,0.0067,0.0046,0.0026,0.0082,0.0046,0.0059,0.0033,0.1929,0.0080
flow,512,4,3,0.0028,0.0000,altered_knn,altered_knn,20000,80000,0.5107,0.0331,0.5117,0.0334,0.5494,0.0124,0.0031,0.0003,0.1733,0.0659,0.0060,0.0005,0.2588,0.0169
flow,512,4,3,0.0028,0.0000,quadratic,quadratic,20000,120000,0.2814,0.0009,0.2810,0.0009,0.3503,0.0008,0.0029,0.0001,0.4113,0.0094,0.0057,0.0002,0.1433,0.0004
flow,512,4,3,0.0028,0.0000,polar3,polar,20000,120000,0.9442,0.0005,0.9441,0.0006,0.9438,0.0006,0.3980,0.0105,0.9917,0.0023,0.5680,0.0109,0.7560,0.0052
flow,512,8,3,0.0031,0.0001,knn,knn,2000,24000,0.2152,0.0029,0.2158,0.0029,0.2090,0.0018,0.0044,0.0006,0.0258,0.0026,0.0076,0.0009,0.1117,0.0011
flow,512,8,3,0.0031,0.0001,altered_knn,altered_knn,2000,16000,0.3298,0.0527,0.3301,0.0534,0.3647,0.0219,0.0036,0.0005,0.2266,0.1818,0.0063,0.0002,0.1682,0.0267
flow,512,8,3,0.0031,0.0001,quadratic,quadratic,2000,24000,0.0594,0.0003,0.0572,0.0003,0.0933,0.0006,0.0031,0.0001,0.7539,0.0093,0.0061,0.0002,0.0317,0.0001
flow,512,8,3,0.0031,0.0001,polar3,polar,2000,24000,0.7999,0.0124,0.8002,0.0124,0.7974,0.0122,0.4565,0.0118,0.6887,0.0122,0.5489,0.0100,0.6746,0.0106
flow,512,8,3,0.0031,0.0001,knn,knn,5000,60000,0.2211,0.0032,0.2217,0.0032,0.2147,0.0019,0.0038,0.0002,0.0206,0.0014,0.0064,0.0003,0.1140,0.0015
flow,512,8,3,0.0031,0.0001,altered_knn,altered_knn,5000,40000,0.3531,0.0098,0.3535,0.0100,0.3945,0.0048,0.0033,0.0002,0.2381,0.0357,0.0064,0.0003,0.1800,0.0048
flow,512,8,3,0.0031,0.0001,quadratic,quadratic,5000,60000,0.1165,0.0003,0.1149,0.0003,0.1688,0.0004,0.0031,0.0001,0.6338,0.0101,0.0063,0.0001,0.0606,0.0001
flow,512,8,3,0.0031,0.0001,polar3,polar,5000,60000,0.8745,0.0078,0.8744,0.0078,0.8721,0.0074,0.4994,0.0051,0.9163,0.0105,0.6464,0.0064,0.7604,0.0068
flow,512,8,3,0.0031,0.0001,knn,knn,10000,120000,0.2277,0.0028,0.2283,0.0028,0.2211,0.0015,0.0038,0.0007,0.0179,0.0030,0.0063,0.0011,0.1173,0.0013
flow,512,8,3,0.0031,0.0001,altered_knn,altered_knn,10000,80000,0.3896,0.0580,0.3904,0.0588,0.4129,0.0201,0.0038,0.0007,0.1415,0.1873,0.0059,0.0008,0.1981,0.0292
flow,512,8,3,0.0031,0.0001,quadratic,quadratic,10000,120000,0.1814,0.0009,0.1804,0.0009,0.2478,0.0009,0.0031,0.0000,0.5253,0.0129,0.0061,0.0000,0.0932,0.0004
flow,512,8,3,0.0031,0.0001,polar3,polar,10000,120000,0.9184,0.0040,0.9182,0.0040,0.9174,0.0029,0.4261,0.0063,0.9723,0.0048,0.5925,0.0069,0.7554,0.0052
flow,512,8,3,0.0031,0.0001,knn,knn,15000,180000,0.2301,0.0026,0.2308,0.0026,0.2236,0.0012,0.0037,0.0004,0.0169,0.0019,0.0061,0.0007,0.1184,0.0015
flow,512,8,3,0.0031,0.0001,altered_knn,altered_knn,15000,120000,0.3868,0.0585,0.3875,0.0593,0.4209,0.0203,0.0032,0.0003,0.1913,0.1981,0.0062,0.0005,0.1968,0.0296
flow,512,8,3,0.0031,0.0001,quadratic,quadratic,15000,180000,0.2368,0.0002,0.2361,0.0003,0.3065,0.0002,0.0033,0.0001,0.4844,0.0071,0.0065,0.0002,0.1213,0.0000
flow,512,8,3,0.0031,0.0001,polar3,polar,15000,180000,0.9308,0.0062,0.9306,0.0062,0.9305,0.0052,0.3981,0.0049,0.9770,0.0041,0.5657,0.0053,0.7481,0.0051
flow,512,8,3,0.0031,0.0001,knn,knn,20000,240000,0.2325,0.0030,0.2332,0.0030,0.2260,0.0019,0.0043,0.0010,0.0187,0.0040,0.0069,0.0016,0.1200,0.0013
flow,512,8,3,0.0031,0.0001,altered_knn,altered_knn,20000,160000,0.3476,0.0531,0.3476,0.0538,0.4132,0.0211,0.0033,0.0001,0.3425,0.1586,0.0064,0.0002,0.1770,0.0269
flow,512,8,3,0.0031,0.0001,quadratic,quadratic,20000,240000,0.2741,0.0002,0.2735,0.0002,0.3499,0.0007,0.0033,0.0001,0.4591,0.0122,0.0065,0.0002,0.1400,0.0000
flow,512,8,3,0.0031,0.0001,polar3,polar,20000,240000,0.9357,0.0077,0.9355,0.0078,0.9358,0.0068,0.3850,0.0070,0.9794,0.0045,0.5527,0.0076,0.7441,0.0071
flow,512,16,3,0.0031,0.0000,knn,knn,2000,48000,0.1283,0.0010,0.1286,0.0010,0.1255,0.0005,0.0039,0.0004,0.0354,0.0030,0.0070,0.0007,0.0678,0.0009
flow,512,16,3,0.0031,0.0000,altered_knn,altered_knn,2000,32000,0.2460,0.0385,0.2460,0.0392,0.2775,0.0120,0.0035,0.0003,0.2600,0.2044,0.0066,0.0002,0.1263,0.0197
flow,512,16,3,0.0031,0.0000,quadratic,quadratic,2000,48000,0.0372,0.0003,0.0347,0.0002,0.0624,0.0004,0.0031,0.0000,0.8532,0.0022,0.0062,0.0001,0.0205,0.0001
flow,512,16,3,0.0031,0.0000,polar3,polar,2000,48000,0.7791,0.0108,0.7792,0.0109,0.7776,0.0105,0.4050,0.0105,0.7229,0.0208,0.5191,0.0140,0.6492,0.0076
flow,512,16,3,0.0031,0.0000,knn,knn,5000,120000,0.1339,0.0014,0.1342,0.0014,0.1309,0.0009,0.0038,0.0003,0.0324,0.0023,0.0069,0.0005,0.0705,0.0007
flow,512,16,3,0.0031,0.0000,altered_knn,altered_knn,5000,80000,0.2722,0.0341,0.2723,0.0348,0.3069,0.0070,0.0030,0.0002,0.2423,0.1847,0.0058,0.0007,0.1391,0.0171
flow,512,16,3,0.0031,0.0000,quadratic,quadratic,5000,120000,0.1028,0.0002,0.1009,0.0003,0.1600,0.0002,0.0032,0.0000,0.7198,0.0054,0.0063,0.0000,0.0536,0.0001
flow,512,16,3,0.0031,0.0000,polar3,polar,5000,120000,0.8436,0.0087,0.8434,0.0087,0.8426,0.0086,0.4172,0.0134,0.8922,0.0199,0.5686,0.0164,0.7060,0.0091
flow,512,16,3,0.0031,0.0000,knn,knn,10000,240000,0.1379,0.0014,0.1382,0.0014,0.1349,0.0008,0.0041,0.0003,0.0295,0.0024,0.0071,0.0006,0.0727,0.0007
flow,512,16,3,0.0031,0.0000,altered_knn,altered_knn,10000,160000,0.2951,0.0262,0.2953,0.0268,0.3277,0.0022,0.0032,0.0003,0.2224,0.1562,0.0061,0.0009,0.1507,0.0130
flow,512,16,3,0.0031,0.0000,quadratic,quadratic,10000,240000,0.2010,0.0005,0.1999,0.0005,0.2741,0.0006,0.0033,0.0001,0.5656,0.0060,0.0066,0.0001,0.1033,0.0003
flow,512,16,3,0.0031,0.0000,polar3,polar,10000,240000,0.8665,0.0057,0.8664,0.0057,0.8653,0.0054,0.3861,0.0117,0.9074,0.0190,0.5417,0.0149,0.7040,0.0094
flow,512,16,3,0.0031,0.0000,knn,knn,15000,360000,0.1402,0.0013,0.1406,0.0013,0.1372,0.0008,0.0041,0.0003,0.0283,0.0025,0.0071,0.0006,0.0738,0.0004
flow,512,16,3,0.0031,0.0000,altered_knn,altered_knn,15000,240000,0.2831,0.0462,0.2831,0.0470,0.3286,0.0152,0.0033,0.0000,0.2998,0.2167,0.0057,0.0011,0.1444,0.0230
flow,512,16,3,0.0031,0.0000,quadratic,quadratic,15000,360000,0.2563,0.0008,0.2555,0.0008,0.3391,0.0011,0.0034,0.0001,0.5250,0.0131,0.0067,0.0002,0.1311,0.0004
flow,512,16,3,0.0031,0.0000,polar3,polar,15000,360000,0.8766,0.0034,0.8765,0.0033,0.8755,0.0030,0.3661,0.0114,0.9118,0.0197,0.5224,0.0148,0.6995,0.0090
flow,512,16,3,0.0031,0.0000,knn,knn,20000,480000,0.1415,0.0011,0.1418,0.0011,0.1383,0.0005,0.0036,0.0005,0.0243,0.0030,0.0063,0.0008,0.0741,0.0009
flow,512,16,3,0.0031,0.0000,altered_knn,altered_knn,20000,320000,0.2528,0.0227,0.2522,0.0230,0.3247,0.0140,0.0033,0.0001,0.4647,0.0710,0.0065,0.0001,0.1294,0.0115
flow,512,16,3,0.0031,0.0000,quadratic,quadratic,20000,480000,0.3004,0.0006,0.2998,0.0006,0.3854,0.0008,0.0036,0.0000,0.5025,0.0019,0.0071,0.0001,0.1534,0.0003
flow,512,16,3,0.0031,0.0000,polar3,polar,20000,480000,0.8855,0.0064,0.8854,0.0064,0.8854,0.0056,0.3555,0.0099,0.9131,0.0190,0.5118,0.0132,0.6986,0.0084
