sampler,d,K,n_seeds,hall_gt,hall_gt_std,model,arch,n_per_mode,n_anchors,full_acc,full_acc_std,mode_acc,mode_acc_std,mode_f1,mode_f1_std,hall_prec,hall_prec_std,hall_rec,hall_rec_std,hall_f1,hall_f1_std,balanced,balanced_std
rk45,2,2,3,0.0106,0.0004,knn,knn,2000,6000,0.9841,0.0012,0.9867,0.0011,0.9908,0.0007,0.4058,0.0256,0.7415,0.0168,0.5243,0.0255,0.7555,0.0133
rk45,2,2,3,0.0106,0.0004,altered_knn,altered_knn,2000,4000,0.9679,0.0088,0.9760,0.0098,0.9820,0.0041,0.0963,0.0086,0.2066,0.1029,0.1236,0.0189,0.5498,0.0048
rk45,2,2,3,0.0106,0.0004,quadratic,quadratic,2000,6000,0.9780,0.0008,0.9822,0.0005,0.9815,0.0004,0.5752,0.0249,0.5830,0.0189,0.5790,0.0209,0.7806,0.0107
rk45,2,2,3,0.0106,0.0004,polar3,polar,2000,6000,0.9941,0.0009,0.9951,0.0005,0.9967,0.0007,0.6736,0.0160,0.9003,0.0358,0.7703,0.0193,0.8827,0.0099
rk45,2,2,3,0.0106,0.0004,knn,knn,5000,15000,0.9905,0.0006,0.9925,0.0005,0.9948,0.0003,0.5477,0.0294,0.8085,0.0174,0.6526,0.0241,0.8226,0.0123
rk45,2,2,3,0.0106,0.0004,altered_knn,altered_knn,5000,10000,0.9723,0.0032,0.9798,0.0039,0.9854,0.0014,0.1279,0.0184,0.2673,0.0388,0.1709,0.0145,0.5754,0.0082
rk45,2,2,3,0.0106,0.0004,quadratic,quadratic,5000,15000,0.9793,0.0012,0.9836,0.0009,0.9829,0.0009,0.5730,0.0145,0.5751,0.0190,0.5740,0.0157,0.7788,0.0083
rk45,2,2,3,0.0106,0.0004,polar3,polar,5000,15000,0.9941,0.0009,0.9951,0.0004,0.9967,0.0007,0.6738,0.0156,0.8999,0.0406,0.7702,0.0200,0.8827,0.0102
rk45,2,2,3,0.0106,0.0004,knn,knn,10000,30000,0.9936,0.0006,0.9951,0.0004,0.9964,0.0006,0.6648,0.0154,0.8496,0.0196,0.7458,0.0147,0.8705,0.0075
rk45,2,2,3,0.0106,0.0004,altered_knn,altered_knn,10000,20000,0.9783,0.0031,0.9861,0.0037,0.9886,0.0014,0.1640,0.0207,0.2450,0.0460,0.1931,0.0138,0.5896,0.0070
rk45,2,2,3,0.0106,0.0004,quadratic,quadratic,10000,30000,0.9799,0.0012,0.9841,0.0008,0.9834,0.0009,0.5760,0.0185,0.5816,0.0237,0.5787,0.0206,0.7814,0.0107
rk45,2,2,3,0.0106,0.0004,polar3,polar,10000,30000,0.9941,0.0010,0.9951,0.0006,0.9967,0.0008,0.6759,0.0165,0.9023,0.0378,0.7727,0.0229,0.8839,0.0117
rk45,2,2,3,0.0106,0.0004,knn,knn,15000,45000,0.9947,0.0008,0.9961,0.0004,0.9970,0.0006,0.7155,0.0094,0.8599,0.0289,0.7810,0.0170,0.8886,0.0087
rk45,2,2,3,0.0106,0.0004,altered_knn,altered_knn,15000,30000,0.9810,0.0023,0.9890,0.0031,0.9900,0.0009,0.1914,0.0294,0.2291,0.0489,0.2027,0.0109,0.5959,0.0048
rk45,2,2,3,0.0106,0.0004,quadratic,quadratic,15000,45000,0.9791,0.0013,0.9834,0.0009,0.9827,0.0009,0.5770,0.0220,0.5819,0.0244,0.5794,0.0226,0.7814,0.0117
rk45,2,2,3,0.0106,0.0004,polar3,polar,15000,45000,0.9941,0.0010,0.9951,0.0005,0.9967,0.0007,0.6729,0.0170,0.9035,0.0371,0.7712,0.0223,0.8831,0.0114
rk45,2,2,3,0.0106,0.0004,knn,knn,20000,60000,0.9952,0.0009,0.9966,0.0006,0.9973,0.0007,0.7465,0.0155,0.8649,0.0266,0.8013,0.0196,0.8990,0.0101
rk45,2,2,3,0.0106,0.0004,altered_knn,altered_knn,20000,40000,0.9841,0.0014,0.9925,0.0024,0.9916,0.0005,0.2413,0.0409,0.2030,0.0608,0.2098,0.0310,0.6011,0.0145
rk45,2,2,3,0.0106,0.0004,quadratic,quadratic,20000,60000,0.9786,0.0012,0.9829,0.0008,0.9822,0.0009,0.5763,0.0215,0.5793,0.0232,0.5778,0.0215,0.7803,0.0111
rk45,2,2,3,0.0106,0.0004,polar3,polar,20000,60000,0.9941,0.0010,0.9951,0.0006,0.9967,0.0008,0.6743,0.0184,0.9019,0.0368,0.7715,0.0235,0.8833,0.0121
rk45,2,4,3,0.0114,0.0005,knn,knn,2000,12000,0.9757,0.0016,0.9786,0.0014,0.9851,0.0010,0.3066,0.0145,0.7209,0.0114,0.4301,0.0157,0.7044,0.0084
rk45,2,4,3,0.0114,0.0005,altered_knn,altered_knn,2000,8000,0.9569,0.0105,0.9636,0.0108,0.9740,0.0064,0.1235,0.0189,0.3754,0.0410,0.1836,0.0177,0.5736,0.0142
rk45,2,4,3,0.0114,0.0005,quadratic,quadratic,2000,12000,0.9300,0.0119,0.9359,0.0122,0.9357,0.0129,0.2544,0.0554,0.4196,0.0750,0.3082,0.0341,0.6220,0.0230
rk45,2,4,3,0.0114,0.0005,polar3,polar,2000,12000,0.9806,0.0022,0.9832,0.0022,0.9881,0.0016,0.3676,0.0147,0.7516,0.0049,0.4935,0.0128,0.7384,0.0075
rk45,2,4,3,0.0114,0.0005,knn,knn,5000,30000,0.9845,0.0006,0.9871,0.0006,0.9905,0.0007,0.4264,0.0076,0.7576,0.0173,0.5454,0.0022,0.7663,0.0011
rk45,2,4,3,0.0114,0.0005,altered_knn,altered_knn,5000,20000,0.9694,0.0080,0.9763,0.0093,0.9822,0.0040,0.1727,0.0237,0.3621,0.1317,0.2185,0.0221,0.5974,0.0085
rk45,2,4,3,0.0114,0.0005,quadratic,quadratic,5000,30000,0.9293,0.0118,0.9351,0.0121,0.9347,0.0127,0.2539,0.0566,0.4183,0.0737,0.3080,0.0364,0.6216,0.0240
rk45,2,4,3,0.0114,0.0005,polar3,polar,5000,30000,0.9806,0.0023,0.9832,0.0022,0.9880,0.0016,0.3657,0.0152,0.7474,0.0060,0.4909,0.0141,0.7371,0.0080
rk45,2,4,3,0.0114,0.0005,knn,knn,10000,60000,0.9880,0.0005,0.9908,0.0003,0.9925,0.0008,0.5099,0.0077,0.7365,0.0245,0.6024,0.0112,0.7966,0.0056
rk45,2,4,3,0.0114,0.0005,altered_knn,altered_knn,10000,40000,0.9795,0.0030,0.9874,0.0034,0.9878,0.0017,0.2353,0.0171,0.2868,0.0609,0.2542,0.0165,0.6208,0.0069
rk45,2,4,3,0.0114,0.0005,quadratic,quadratic,10000,60000,0.9291,0.0117,0.9350,0.0120,0.9344,0.0129,0.2585,0.0549,0.4182,0.0731,0.3115,0.0342,0.6232,0.0230
rk45,2,4,3,0.0114,0.0005,polar3,polar,10000,60000,0.9808,0.0022,0.9835,0.0021,0.9882,0.0015,0.3667,0.0172,0.7468,0.0040,0.4917,0.0161,0.7376,0.0091
rk45,2,4,3,0.0114,0.0005,knn,knn,15000,90000,0.9893,0.0009,0.9924,0.0007,0.9932,0.0010,0.5584,0.0092,0.7177,0.0274,0.6280,0.0163,0.8102,0.0084
rk45,2,4,3,0.0114,0.0005,altered_knn,altered_knn,15000,60000,0.9794,0.0044,0.9870,0.0051,0.9879,0.0024,0.2477,0.0315,0.3180,0.0834,0.2698,0.0161,0.6284,0.0071
rk45,2,4,3,0.0114,0.0005,quadratic,quadratic,15000,90000,0.9294,0.0116,0.9352,0.0119,0.9347,0.0129,0.2587,0.0543,0.4159,0.0721,0.3112,0.0339,0.6232,0.0228
rk45,2,4,3,0.0114,0.0005,polar3,polar,15000,90000,0.9810,0.0021,0.9837,0.0020,0.9884,0.0014,0.3694,0.0153,0.7477,0.0034,0.4943,0.0139,0.7390,0.0079
rk45,2,4,3,0.0114,0.0005,knn,knn,20000,120000,0.9898,0.0009,0.9931,0.0008,0.9935,0.0010,0.5870,0.0081,0.7034,0.0252,0.6399,0.0152,0.8165,0.0079
rk45,2,4,3,0.0114,0.0005,altered_knn,altered_knn,20000,80000,0.9809,0.0022,0.9884,0.0023,0.9888,0.0016,0.2660,0.0326,0.3298,0.0175,0.2925,0.0150,0.6404,0.0084
rk45,2,4,3,0.0114,0.0005,quadratic,quadratic,20000,120000,0.9297,0.0116,0.9355,0.0119,0.9349,0.0129,0.2616,0.0528,0.4173,0.0724,0.3139,0.0321,0.6247,0.0218
rk45,2,4,3,0.0114,0.0005,polar3,polar,20000,120000,0.9811,0.0023,0.9837,0.0022,0.9885,0.0014,0.3710,0.0171,0.7503,0.0035,0.4962,0.0148,0.7400,0.0085
rk45,2,8,3,0.0117,0.0006,knn,knn,2000,24000,0.9671,0.0008,0.9712,0.0004,0.9785,0.0015,0.2441,0.0087,0.6193,0.0255,0.3499,0.0076,0.6605,0.0036
rk45,2,8,3,0.0117,0.0006,altered_knn,altered_knn,2000,16000,0.9567,0.0017,0.9650,0.0015,0.9712,0.0017,0.1079,0.0075,0.2567,0.0180,0.1519,0.0103,0.5585,0.0044
rk45,2,8,3,0.0117,0.0006,quadratic,quadratic,2000,24000,0.8163,0.0035,0.8193,0.0039,0.8726,0.0057,0.0461,0.0011,0.5666,0.0181,0.0853,0.0018,0.4523,0.0023
rk45,2,8,3,0.0117,0.0006,polar3,polar,2000,24000,0.9666,0.0018,0.9705,0.0026,0.9792,0.0012,0.2398,0.0150,0.6413,0.0525,0.3477,0.0089,0.6591,0.0057
rk45,2,8,3,0.0117,0.0006,knn,knn,5000,60000,0.9755,0.0015,0.9800,0.0009,0.9841,0.0018,0.3105,0.0023,0.5979,0.0404,0.4083,0.0089,0.6941,0.0049
rk45,2,8,3,0.0117,0.0006,altered_knn,altered_knn,5000,40000,0.9585,0.0031,0.9649,0.0042,0.9758,0.0013,0.1347,0.0083,0.4209,0.0617,0.2025,0.0028,0.5837,0.0035
rk45,2,8,3,0.0117,0.0006,quadratic,quadratic,5000,60000,0.8142,0.0054,0.8171,0.0057,0.8711,0.0065,0.0457,0.0012,0.5687,0.0192,0.0846,0.0018,0.4508,0.0034
rk45,2,8,3,0.0117,0.0006,polar3,polar,5000,60000,0.9663,0.0018,0.9704,0.0026,0.9789,0.0015,0.2339,0.0147,0.6258,0.0597,0.3390,0.0081,0.6547,0.0053
rk45,2,8,3,0.0117,0.0006,knn,knn,10000,120000,0.9788,0.0018,0.9838,0.0011,0.9858,0.0019,0.3646,0.0095,0.5615,0.0437,0.4417,0.0179,0.7127,0.0095
rk45,2,8,3,0.0117,0.0006,altered_knn,altered_knn,10000,80000,0.9720,0.0037,0.9808,0.0038,0.9820,0.0021,0.1605,0.0141,0.2219,0.0566,0.1832,0.0202,0.5820,0.0092
rk45,2,8,3,0.0117,0.0006,quadratic,quadratic,10000,120000,0.8150,0.0052,0.8179,0.0055,0.8716,0.0060,0.0459,0.0010,0.5681,0.0195,0.0849,0.0015,0.4514,0.0032
rk45,2,8,3,0.0117,0.0006,polar3,polar,10000,120000,0.9662,0.0012,0.9703,0.0021,0.9789,0.0009,0.2341,0.0110,0.6262,0.0613,0.3395,0.0042,0.6549,0.0029
rk45,2,8,3,0.0117,0.0006,knn,knn,15000,180000,0.9799,0.0019,0.9852,0.0013,0.9862,0.0020,0.3949,0.0104,0.5379,0.0395,0.4551,0.0188,0.7201,0.0100
rk45,2,8,3,0.0117,0.0006,altered_knn,altered_knn,15000,120000,0.9747,0.0029,0.9842,0.0029,0.9832,0.0020,0.1699,0.0192,0.1730,0.0602,0.1675,0.0353,0.5759,0.0171
rk45,2,8,3,0.0117,0.0006,quadratic,quadratic,15000,180000,0.8159,0.0049,0.8189,0.0050,0.8722,0.0056,0.0461,0.0009,0.5680,0.0186,0.0853,0.0013,0.4521,0.0029
rk45,2,8,3,0.0117,0.0006,polar3,polar,15000,180000,0.9661,0.0015,0.9702,0.0025,0.9789,0.0009,0.2336,0.0122,0.6271,0.0611,0.3389,0.0045,0.6546,0.0035
rk45,2,8,3,0.0117,0.0006,knn,knn,20000,240000,0.9805,0.0020,0.9860,0.0014,0.9864,0.0021,0.4176,0.0146,0.5242,0.0406,0.4645,0.0233,0.7252,0.0123
rk45,2,8,3,0.0117,0.0006,altered_knn,altered_knn,20000,160000,0.9743,0.0016,0.9835,0.0016,0.9831,0.0018,0.1707,0.0214,0.1982,0.0509,0.1807,0.0275,0.5821,0.0139
rk45,2,8,3,0.0117,0.0006,quadratic,quadratic,20000,240000,0.8247,0.0037,0.8278,0.0037,0.8793,0.0044,0.0477,0.0005,0.5633,0.0169,0.0879,0.0006,0.4579,0.0019
rk45,2,8,3,0.0117,0.0006,polar3,polar,20000,240000,0.9675,0.0017,0.9716,0.0026,0.9796,0.0011,0.2419,0.0150,0.6235,0.0558,0.3470,0.0072,0.6593,0.0049
rk45,4,2,3,0.0111,0.0004,knn,knn,2000,6000,0.9127,0.0037,0.9196,0.0037,0.9146,0.0034,0.6133,0.0391,0.2941,0.0173,0.3974,0.0232,0.6585,0.0134
rk45,4,2,3,0.0111,0.0004,altered_knn,altered_knn,2000,4000,0.9005,0.0289,0.9086,0.0309,0.9335,0.0097,0.0315,0.0025,0.1835,0.1234,0.0464,0.0132,0.4775,0.0122
rk45,4,2,3,0.0111,0.0004,quadratic,quadratic,2000,6000,0.9768,0.0060,0.9811,0.0061,0.9787,0.0061,0.8431,0.0295,0.5977,0.0102,0.6991,0.0050,0.8401,0.0055
rk45,4,2,3,0.0111,0.0004,polar3,polar,2000,6000,0.9939,0.0004,0.9960,0.0001,0.9958,0.0001,0.8149,0.0251,0.8114,0.0200,0.8132,0.0223,0.9046,0.0112
rk45,4,2,3,0.0111,0.0004,knn,knn,5000,15000,0.9292,0.0036,0.9358,0.0036,0.9312,0.0035,0.6780,0.0206,0.3488,0.0125,0.4602,0.0093,0.6980,0.0062
rk45,4,2,3,0.0111,0.0004,altered_knn,altered_knn,5000,10000,0.9066,0.0128,0.9146,0.0133,0.9409,0.0036,0.0334,0.0015,0.1997,0.0556,0.0566,0.0032,0.4856,0.0057
rk45,4,2,3,0.0111,0.0004,quadratic,quadratic,5000,15000,0.9766,0.0048,0.9810,0.0048,0.9786,0.0048,0.8476,0.0249,0.5861,0.0122,0.6926,0.0033,0.8368,0.0039
rk45,4,2,3,0.0111,0.0004,polar3,polar,5000,15000,0.9940,0.0005,0.9962,0.0001,0.9960,0.0001,0.8160,0.0224,0.7991,0.0282,0.8075,0.0251,0.9018,0.0126
rk45,4,2,3,0.0111,0.0004,knn,knn,10000,30000,0.9406,0.0023,0.9470,0.0025,0.9428,0.0023,0.7129,0.0145,0.3754,0.0107,0.4916,0.0060,0.7193,0.0031
rk45,4,2,3,0.0111,0.0004,altered_knn,altered_knn,10000,20000,0.8538,0.0250,0.8592,0.0259,0.9182,0.0136,0.0302,0.0012,0.3735,0.0616,0.0557,0.0015,0.4575,0.0135
rk45,4,2,3,0.0111,0.0004,quadratic,quadratic,10000,30000,0.9763,0.0033,0.9807,0.0031,0.9782,0.0033,0.8511,0.0187,0.5822,0.0098,0.6912,0.0039,0.8360,0.0035
rk45,4,2,3,0.0111,0.0004,polar3,polar,10000,30000,0.9940,0.0004,0.9962,0.0000,0.9959,0.0002,0.8225,0.0232,0.7995,0.0310,0.8107,0.0246,0.9035,0.0123
rk45,4,2,3,0.0111,0.0004,knn,knn,15000,45000,0.9463,0.0014,0.9525,0.0016,0.9487,0.0014,0.6847,0.0101,0.3982,0.0105,0.5035,0.0096,0.7280,0.0043
rk45,4,2,3,0.0111,0.0004,altered_knn,altered_knn,15000,30000,0.9080,0.0257,0.9158,0.0275,0.9438,0.0077,0.0355,0.0032,0.2162,0.1198,0.0545,0.0076,0.4851,0.0100
rk45,4,2,3,0.0111,0.0004,quadratic,quadratic,15000,45000,0.9763,0.0030,0.9807,0.0029,0.9781,0.0031,0.8527,0.0150,0.5846,0.0103,0.6934,0.0025,0.8370,0.0024
rk45,4,2,3,0.0111,0.0004,polar3,polar,15000,45000,0.9940,0.0004,0.9962,0.0001,0.9960,0.0001,0.8193,0.0211,0.7980,0.0305,0.8083,0.0235,0.9023,0.0118
rk45,4,2,3,0.0111,0.0004,knn,knn,20000,60000,0.9504,0.0015,0.9564,0.0014,0.9527,0.0014,0.7020,0.0148,0.4184,0.0159,0.5239,0.0088,0.7401,0.0048
rk45,4,2,3,0.0111,0.0004,altered_knn,altered_knn,20000,40000,0.9032,0.0298,0.9106,0.0315,0.9428,0.0135,0.0354,0.0034,0.2460,0.1039,0.0601,0.0026,0.4854,0.0168
rk45,4,2,3,0.0111,0.0004,quadratic,quadratic,20000,60000,0.9772,0.0033,0.9817,0.0032,0.9791,0.0034,0.8554,0.0210,0.5832,0.0053,0.6934,0.0055,0.8375,0.0040
rk45,4,2,3,0.0111,0.0004,polar3,polar,20000,60000,0.9940,0.0003,0.9962,0.0001,0.9959,0.0001,0.8149,0.0110,0.7992,0.0297,0.8067,0.0168,0.9014,0.0084
rk45,4,4,3,0.0121,0.0002,knn,knn,2000,12000,0.8390,0.0128,0.8447,0.0127,0.8388,0.0147,0.2611,0.0642,0.3716,0.0153,0.3015,0.0426,0.5731,0.0170
rk45,4,4,3,0.0121,0.0002,altered_knn,altered_knn,2000,8000,0.8488,0.0146,0.8565,0.0159,0.8831,0.0075,0.0354,0.0056,0.2250,0.0853,0.0588,0.0040,0.4577,0.0090
rk45,4,4,3,0.0121,0.0002,quadratic,quadratic,2000,12000,0.9297,0.0087,0.9342,0.0089,0.9282,0.0088,0.5095,0.0225,0.5630,0.0073,0.5346,0.0119,0.7344,0.0092
rk45,4,4,3,0.0121,0.0002,polar3,polar,2000,12000,0.9753,0.0012,0.9791,0.0013,0.9795,0.0013,0.4943,0.0393,0.6650,0.0096,0.5661,0.0247,0.7726,0.0121
rk45,4,4,3,0.0121,0.0002,knn,knn,5000,30000,0.8705,0.0113,0.8763,0.0113,0.8703,0.0129,0.2939,0.0655,0.3959,0.0114,0.3333,0.0424,0.6048,0.0162
rk45,4,4,3,0.0121,0.0002,altered_knn,altered_knn,5000,20000,0.8293,0.0427,0.8354,0.0456,0.8812,0.0112,0.0389,0.0098,0.3331,0.1939,0.0603,0.0019,0.4479,0.0235
rk45,4,4,3,0.0121,0.0002,quadratic,quadratic,5000,30000,0.9302,0.0081,0.9347,0.0082,0.9284,0.0086,0.5205,0.0222,0.5607,0.0057,0.5396,0.0111,0.7371,0.0090
rk45,4,4,3,0.0121,0.0002,polar3,polar,5000,30000,0.9769,0.0014,0.9807,0.0013,0.9806,0.0014,0.5258,0.0173,0.6681,0.0085,0.5882,0.0076,0.7844,0.0035
rk45,4,4,3,0.0121,0.0002,knn,knn,10000,60000,0.8914,0.0098,0.8972,0.0100,0.8916,0.0117,0.3248,0.0836,0.4163,0.0104,0.3602,0.0552,0.6287,0.0230
rk45,4,4,3,0.0121,0.0002,altered_knn,altered_knn,10000,40000,0.8793,0.0312,0.8881,0.0336,0.9019,0.0082,0.0522,0.0180,0.1619,0.1641,0.0517,0.0102,0.4699,0.0141
rk45,4,4,3,0.0121,0.0002,quadratic,quadratic,10000,60000,0.9308,0.0077,0.9354,0.0078,0.9289,0.0081,0.5294,0.0201,0.5579,0.0091,0.5430,0.0094,0.7392,0.0074
rk45,4,4,3,0.0121,0.0002,polar3,polar,10000,60000,0.9772,0.0011,0.9810,0.0011,0.9810,0.0010,0.5224,0.0279,0.6640,0.0075,0.5842,0.0146,0.7826,0.0073
rk45,4,4,3,0.0121,0.0002,knn,knn,15000,90000,0.9020,0.0088,0.9079,0.0088,0.9027,0.0109,0.3304,0.0794,0.4265,0.0068,0.3675,0.0503,0.6377,0.0214
rk45,4,4,3,0.0121,0.0002,altered_knn,altered_knn,15000,60000,0.9001,0.0117,0.9097,0.0125,0.9121,0.0090,0.0564,0.0147,0.1164,0.0652,0.0671,0.0159,0.4884,0.0059
rk45,4,4,3,0.0121,0.0002,quadratic,quadratic,15000,90000,0.9313,0.0073,0.9359,0.0074,0.9294,0.0077,0.5289,0.0201,0.5592,0.0078,0.5434,0.0101,0.7396,0.0074
rk45,4,4,3,0.0121,0.0002,polar3,polar,15000,90000,0.9773,0.0009,0.9812,0.0008,0.9811,0.0010,0.5287,0.0246,0.6640,0.0098,0.5881,0.0115,0.7847,0.0055
rk45,4,4,3,0.0121,0.0002,knn,knn,20000,120000,0.9093,0.0077,0.9151,0.0077,0.9101,0.0096,0.3540,0.0866,0.4361,0.0076,0.3852,0.0508,0.6502,0.0219
rk45,4,4,3,0.0121,0.0002,altered_knn,altered_knn,20000,80000,0.9073,0.0047,0.9174,0.0046,0.9158,0.0092,0.0597,0.0180,0.0816,0.0480,0.0542,0.0152,0.4858,0.0089
rk45,4,4,3,0.0121,0.0002,quadratic,quadratic,20000,120000,0.9309,0.0076,0.9355,0.0078,0.9290,0.0079,0.5315,0.0202,0.5593,0.0068,0.5448,0.0098,0.7401,0.0074
rk45,4,4,3,0.0121,0.0002,polar3,polar,20000,120000,0.9771,0.0008,0.9810,0.0008,0.9810,0.0007,0.5224,0.0365,0.6604,0.0086,0.5824,0.0191,0.7817,0.0096
rk45,4,8,3,0.0128,0.0001,knn,knn,2000,24000,0.7882,0.0101,0.7933,0.0101,0.8018,0.0089,0.1214,0.0058,0.3979,0.0076,0.1859,0.0074,0.4896,0.0086
rk45,4,8,3,0.0128,0.0001,altered_knn,altered_knn,2000,16000,0.8616,0.0094,0.8722,0.0098,0.8675,0.0077,0.0613,0.0127,0.0461,0.0245,0.0473,0.0121,0.4597,0.0017
rk45,4,8,3,0.0128,0.0001,quadratic,quadratic,2000,24000,0.8943,0.0083,0.8995,0.0082,0.8991,0.0074,0.2907,0.0211,0.4978,0.0114,0.3667,0.0187,0.6331,0.0128
rk45,4,8,3,0.0128,0.0001,polar3,polar,2000,24000,0.9597,0.0049,0.9645,0.0048,0.9683,0.0033,0.3221,0.0195,0.5901,0.0062,0.4165,0.0178,0.6905,0.0112
rk45,4,8,3,0.0128,0.0001,knn,knn,5000,60000,0.8315,0.0093,0.8368,0.0093,0.8428,0.0078,0.1514,0.0085,0.4181,0.0068,0.2222,0.0099,0.5295,0.0096
rk45,4,8,3,0.0128,0.0001,altered_knn,altered_knn,5000,40000,0.8316,0.0280,0.8385,0.0302,0.8739,0.0054,0.0438,0.0092,0.2929,0.1467,0.0709,0.0050,0.4547,0.0172
rk45,4,8,3,0.0128,0.0001,quadratic,quadratic,5000,60000,0.8940,0.0084,0.8991,0.0084,0.8985,0.0071,0.2935,0.0257,0.4957,0.0112,0.3682,0.0228,0.6337,0.0151
rk45,4,8,3,0.0128,0.0001,polar3,polar,5000,60000,0.9610,0.0043,0.9658,0.0043,0.9695,0.0029,0.3260,0.0169,0.5876,0.0054,0.4191,0.0148,0.6925,0.0095
rk45,4,8,3,0.0128,0.0001,knn,knn,10000,120000,0.8590,0.0075,0.8646,0.0075,0.8693,0.0060,0.1747,0.0095,0.4289,0.0074,0.2482,0.0108,0.5564,0.0090
rk45,4,8,3,0.0128,0.0001,altered_knn,altered_knn,10000,80000,0.8480,0.0489,0.8556,0.0521,0.8847,0.0168,0.0555,0.0177,0.2595,0.1936,0.0758,0.0067,0.4657,0.0294
rk45,4,8,3,0.0128,0.0001,quadratic,quadratic,10000,120000,0.8935,0.0084,0.8987,0.0083,0.8981,0.0070,0.2939,0.0260,0.4960,0.0089,0.3685,0.0225,0.6336,0.0149
rk45,4,8,3,0.0128,0.0001,polar3,polar,10000,120000,0.9609,0.0046,0.9657,0.0047,0.9694,0.0031,0.3237,0.0206,0.5857,0.0045,0.4165,0.0170,0.6911,0.0108
rk45,4,8,3,0.0128,0.0001,knn,knn,15000,180000,0.8735,0.0070,0.8792,0.0069,0.8833,0.0052,0.1896,0.0112,0.4341,0.0084,0.2639,0.0123,0.5715,0.0095
rk45,4,8,3,0.0128,0.0001,altered_knn,altered_knn,15000,120000,0.8693,0.0218,0.8775,0.0234,0.8963,0.0062,0.0560,0.0116,0.2309,0.1025,0.0850,0.0082,0.4813,0.0154
rk45,4,8,3,0.0128,0.0001,quadratic,quadratic,15000,180000,0.8940,0.0083,0.8991,0.0082,0.8986,0.0069,0.2944,0.0254,0.4958,0.0101,0.3690,0.0222,0.6340,0.0148
rk45,4,8,3,0.0128,0.0001,polar3,polar,15000,180000,0.9608,0.0046,0.9657,0.0047,0.9695,0.0032,0.3234,0.0182,0.5878,0.0066,0.4169,0.0151,0.6913,0.0098
rk45,4,8,3,0.0128,0.0001,knn,knn,20000,240000,0.8836,0.0064,0.8893,0.0063,0.8928,0.0050,0.2024,0.0141,0.4372,0.0104,0.2766,0.0152,0.5830,0.0106
rk45,4,8,3,0.0128,0.0001,altered_knn,altered_knn,20000,160000,0.8935,0.0050,0.9037,0.0049,0.9036,0.0054,0.0722,0.0094,0.1092,0.0111,0.0869,0.0103,0.4953,0.0075
rk45,4,8,3,0.0128,0.0001,quadratic,quadratic,20000,240000,0.8982,0.0081,0.9035,0.0081,0.9027,0.0067,0.3062,0.0247,0.4902,0.0098,0.3765,0.0211,0.6400,0.0141
rk45,4,8,3,0.0128,0.0001,polar3,polar,20000,240000,0.9613,0.0046,0.9661,0.0046,0.9698,0.0033,0.3259,0.0169,0.5870,0.0065,0.4189,0.0144,0.6925,0.0095
rk45,4,16,3,0.0139,0.0002,knn,knn,2000,48000,0.7683,0.0047,0.7734,0.0047,0.7864,0.0046,0.1018,0.0033,0.4061,0.0041,0.1627,0.0045,0.4681,0.0002
rk45,4,16,3,0.0139,0.0002,altered_knn,altered_knn,2000,32000,0.8285,0.0151,0.8377,0.0171,0.8502,0.0023,0.0569,0.0115,0.1809,0.1149,0.0682,0.0185,0.4530,0.0049
rk45,4,16,3,0.0139,0.0002,quadratic,quadratic,2000,48000,0.8753,0.0085,0.8812,0.0085,0.8866,0.0079,0.1816,0.0041,0.4586,0.0037,0.2601,0.0037,0.5707,0.0042
rk45,4,16,3,0.0139,0.0002,polar3,polar,2000,48000,0.9468,0.0005,0.9531,0.0005,0.9581,0.0007,0.2509,0.0058,0.5032,0.0031,0.3348,0.0059,0.6440,0.0028
rk45,4,16,3,0.0139,0.0002,knn,knn,5000,120000,0.8148,0.0051,0.8205,0.0051,0.8295,0.0048,0.1288,0.0036,0.4145,0.0053,0.1965,0.0042,0.5085,0.0008
rk45,4,16,3,0.0139,0.0002,altered_knn,altered_knn,5000,80000,0.8611,0.0049,0.8720,0.0056,0.8703,0.0009,0.0742,0.0071,0.0940,0.0466,0.0749,0.0187,0.4734,0.0068
rk45,4,16,3,0.0139,0.0002,quadratic,quadratic,5000,120000,0.8773,0.0099,0.8832,0.0099,0.8883,0.0090,0.1836,0.0064,0.4587,0.0040,0.2621,0.0062,0.5726,0.0069
rk45,4,16,3,0.0139,0.0002,polar3,polar,5000,120000,0.9476,0.0006,0.9539,0.0007,0.9586,0.0008,0.2555,0.0047,0.5028,0.0066,0.3389,0.0054,0.6464,0.0025
rk45,4,16,3,0.0139,0.0002,knn,knn,10000,240000,0.8460,0.0039,0.8520,0.0039,0.8589,0.0035,0.1531,0.0043,0.4213,0.0054,0.2245,0.0048,0.5383,0.0005
rk45,4,16,3,0.0139,0.0002,altered_knn,altered_knn,10000,160000,0.8691,0.0026,0.8791,0.0030,0.8827,0.0009,0.0755,0.0042,0.1569,0.0235,0.1010,0.0012,0.4901,0.0009
rk45,4,16,3,0.0139,0.0002,quadratic,quadratic,10000,240000,0.8816,0.0081,0.8876,0.0082,0.8924,0.0072,0.1890,0.0069,0.4580,0.0039,0.2675,0.0064,0.5776,0.0059
rk45,4,16,3,0.0139,0.0002,polar3,polar,10000,240000,0.9489,0.0009,0.9552,0.0010,0.9596,0.0011,0.2603,0.0052,0.5023,0.0058,0.3429,0.0055,0.6490,0.0027
rk45,4,16,3,0.0139,0.0002,knn,knn,15000,360000,0.8618,0.0040,0.8679,0.0039,0.8739,0.0034,0.1692,0.0038,0.4304,0.0084,0.2429,0.0044,0.5554,0.0009
rk45,4,16,3,0.0139,0.0002,altered_knn,altered_knn,15000,240000,0.8779,0.0035,0.8883,0.0042,0.8899,0.0008,0.0818,0.0065,0.1400,0.0508,0.0989,0.0070,0.4936,0.0014
rk45,4,16,3,0.0139,0.0002,quadratic,quadratic,15000,360000,0.8875,0.0054,0.8935,0.0055,0.9009,0.0048,0.1678,0.0069,0.4621,0.0022,0.2461,0.0071,0.5698,0.0041
rk45,4,16,3,0.0139,0.0002,polar3,polar,15000,360000,0.9503,0.0011,0.9566,0.0012,0.9610,0.0014,0.2648,0.0072,0.5057,0.0046,0.3475,0.0072,0.6521,0.0037
rk45,4,16,3,0.0139,0.0002,knn,knn,20000,480000,0.8725,0.0034,0.8788,0.0034,0.8841,0.0029,0.1805,0.0046,0.4295,0.0064,0.2541,0.0043,0.5665,0.0005
rk45,4,16,3,0.0139,0.0002,altered_knn,altered_knn,20000,320000,0.8809,0.0047,0.8910,0.0054,0.8946,0.0011,0.0838,0.0091,0.1653,0.0536,0.1061,0.0092,0.4985,0.0024
rk45,4,16,3,0.0139,0.0002,quadratic,quadratic,20000,480000,0.8871,0.0044,0.8930,0.0045,0.9044,0.0040,0.1408,0.0055,0.4678,0.0028,0.2164,0.0066,0.5547,0.0034
rk45,4,16,3,0.0139,0.0002,polar3,polar,20000,480000,0.9515,0.0013,0.9578,0.0014,0.9619,0.0016,0.2711,0.0092,0.5053,0.0048,0.3528,0.0089,0.6553,0.0048
rk45,8,2,3,0.0131,0.0004,knn,knn,2000,6000,0.8150,0.0113,0.8251,0.0118,0.8169,0.0093,0.5488,0.0221,0.0577,0.0067,0.1044,0.0111,0.4647,0.0057
rk45,8,2,3,0.0131,0.0004,altered_knn,altered_knn,2000,4000,0.7852,0.0716,0.7904,0.0746,0.8680,0.0388,0.0289,0.0039,0.3997,0.1451,0.0528,0.0051,0.4216,0.0398
rk45,8,2,3,0.0131,0.0004,quadratic,quadratic,2000,6000,0.9625,0.0022,0.9690,0.0023,0.9650,0.0023,0.9335,0.0073,0.4747,0.0113,0.6292,0.0087,0.7991,0.0035
rk45,8,2,3,0.0131,0.0004,polar3,polar,2000,6000,0.9913,0.0009,0.9944,0.0007,0.9932,0.0007,0.8878,0.0221,0.7567,0.0182,0.8171,0.0199,0.9057,0.0102
rk45,8,2,3,0.0131,0.0004,knn,knn,5000,15000,0.8327,0.0069,0.8429,0.0072,0.8345,0.0054,0.7336,0.0499,0.0697,0.0069,0.1270,0.0106,0.4849,0.0088
rk45,8,2,3,0.0131,0.0004,altered_knn,altered_knn,5000,10000,0.8382,0.0319,0.8455,0.0337,0.8980,0.0134,0.0303,0.0030,0.2887,0.0862,0.0540,0.0029,0.4498,0.0181
rk45,8,2,3,0.0131,0.0004,quadratic,quadratic,5000,15000,0.9636,0.0019,0.9702,0.0020,0.9660,0.0021,0.9579,0.0070,0.4625,0.0105,0.6237,0.0090,0.7970,0.0035
rk45,8,2,3,0.0131,0.0004,polar3,polar,5000,15000,0.9925,0.0006,0.9956,0.0005,0.9942,0.0005,0.9367,0.0111,0.7617,0.0205,0.8401,0.0164,0.9179,0.0082
rk45,8,2,3,0.0131,0.0004,knn,knn,10000,30000,0.8423,0.0098,0.8525,0.0102,0.8443,0.0083,0.7581,0.0223,0.0729,0.0038,0.1329,0.0065,0.4927,0.0060
rk45,8,2,3,0.0131,0.0004,altered_knn,altered_knn,10000,20000,0.8119,0.0651,0.8181,0.0683,0.8834,0.0323,0.0302,0.0041,0.3498,0.1632,0.0537,0.0034,0.4359,0.0356
rk45,8,2,3,0.0131,0.0004,quadratic,quadratic,10000,30000,0.9635,0.0022,0.9702,0.0022,0.9660,0.0023,0.9591,0.0053,0.4593,0.0092,0.6211,0.0076,0.7956,0.0031
rk45,8,2,3,0.0131,0.0004,polar3,polar,10000,30000,0.9926,0.0004,0.9956,0.0003,0.9942,0.0003,0.9452,0.0039,0.7634,0.0217,0.8444,0.0125,0.9200,0.0062
rk45,8,2,3,0.0131,0.0004,knn,knn,15000,45000,0.8493,0.0080,0.8595,0.0085,0.8513,0.0067,0.7852,0.0221,0.0777,0.0072,0.1414,0.0122,0.5005,0.0054
rk45,8,2,3,0.0131,0.0004,altered_knn,altered_knn,15000,30000,0.8417,0.0358,0.8489,0.0381,0.9014,0.0134,0.0316,0.0020,0.3021,0.1204,0.0555,0.0011,0.4522,0.0187
rk45,8,2,3,0.0131,0.0004,quadratic,quadratic,15000,45000,0.9635,0.0026,0.9702,0.0026,0.9660,0.0027,0.9615,0.0034,0.4573,0.0110,0.6197,0.0095,0.7950,0.0043
rk45,8,2,3,0.0131,0.0004,polar3,polar,15000,45000,0.9926,0.0004,0.9956,0.0003,0.9942,0.0003,0.9480,0.0052,0.7643,0.0210,0.8461,0.0117,0.9209,0.0057
rk45,8,2,3,0.0131,0.0004,knn,knn,20000,60000,0.8536,0.0064,0.8639,0.0068,0.8557,0.0052,0.7884,0.0499,0.0842,0.0061,0.1521,0.0109,0.5080,0.0034
rk45,8,2,3,0.0131,0.0004,altered_knn,altered_knn,20000,40000,0.8691,0.0289,0.8775,0.0306,0.9140,0.0111,0.0344,0.0025,0.2344,0.0904,0.0587,0.0013,0.4681,0.0159
rk45,8,2,3,0.0131,0.0004,quadratic,quadratic,20000,60000,0.9635,0.0032,0.9703,0.0031,0.9661,0.0033,0.9633,0.0026,0.4531,0.0117,0.6162,0.0103,0.7933,0.0053
rk45,8,2,3,0.0131,0.0004,polar3,polar,20000,60000,0.9927,0.0004,0.9957,0.0003,0.9943,0.0004,0.9482,0.0069,0.7638,0.0220,0.8459,0.0127,0.9208,0.0062
rk45,8,4,3,0.0129,0.0001,knn,knn,2000,12000,0.6871,0.0211,0.6944,0.0214,0.6866,0.0207,0.2265,0.0609,0.1299,0.0017,0.1622,0.0194,0.4283,0.0011
rk45,8,4,3,0.0129,0.0001,altered_knn,altered_knn,2000,8000,0.8112,0.0248,0.8200,0.0262,0.8343,0.0122,0.0375,0.0094,0.1379,0.0771,0.0492,0.0053,0.4346,0.0105
rk45,8,4,3,0.0129,0.0001,quadratic,quadratic,2000,12000,0.9382,0.0062,0.9437,0.0064,0.9378,0.0080,0.7949,0.0155,0.5127,0.0026,0.6233,0.0066,0.7835,0.0017
rk45,8,4,3,0.0129,0.0001,polar3,polar,2000,12000,0.9747,0.0009,0.9790,0.0010,0.9773,0.0019,0.6605,0.0300,0.6451,0.0055,0.6524,0.0159,0.8157,0.0076
rk45,8,4,3,0.0129,0.0001,knn,knn,5000,30000,0.7099,0.0200,0.7174,0.0203,0.7087,0.0191,0.2641,0.0436,0.1349,0.0066,0.1778,0.0141,0.4476,0.0076
rk45,8,4,3,0.0129,0.0001,altered_knn,altered_knn,5000,20000,0.8204,0.0190,0.8291,0.0199,0.8448,0.0113,0.0372,0.0046,0.1572,0.0638,0.0577,0.0058,0.4434,0.0117
rk45,8,4,3,0.0129,0.0001,quadratic,quadratic,5000,30000,0.9402,0.0068,0.9458,0.0069,0.9395,0.0084,0.8116,0.0109,0.5106,0.0040,0.6268,0.0060,0.7863,0.0028
rk45,8,4,3,0.0129,0.0001,polar3,polar,5000,30000,0.9789,0.0015,0.9833,0.0016,0.9809,0.0023,0.7544,0.0224,0.6393,0.0039,0.6919,0.0086,0.8376,0.0042
rk45,8,4,3,0.0129,0.0001,knn,knn,10000,60000,0.7269,0.0208,0.7345,0.0211,0.7246,0.0195,0.3369,0.0452,0.1462,0.0037,0.2029,0.0090,0.4687,0.0140
rk45,8,4,3,0.0129,0.0001,altered_knn,altered_knn,10000,40000,0.8413,0.0008,0.8509,0.0004,0.8547,0.0101,0.0440,0.0019,0.1089,0.0687,0.0585,0.0122,0.4547,0.0060
rk45,8,4,3,0.0129,0.0001,quadratic,quadratic,10000,60000,0.9405,0.0064,0.9461,0.0065,0.9399,0.0083,0.8188,0.0140,0.5137,0.0042,0.6313,0.0073,0.7887,0.0015
rk45,8,4,3,0.0129,0.0001,polar3,polar,10000,60000,0.9804,0.0011,0.9847,0.0012,0.9824,0.0020,0.7804,0.0194,0.6448,0.0052,0.7061,0.0085,0.8454,0.0037
rk45,8,4,3,0.0129,0.0001,knn,knn,15000,90000,0.7380,0.0187,0.7457,0.0190,0.7355,0.0179,0.3804,0.0344,0.1525,0.0040,0.2173,0.0077,0.4815,0.0083
rk45,8,4,3,0.0129,0.0001,altered_knn,altered_knn,15000,60000,0.8206,0.0339,0.8286,0.0358,0.8554,0.0143,0.0367,0.0052,0.2128,0.1105,0.0594,0.0029,0.4440,0.0193
rk45,8,4,3,0.0129,0.0001,quadratic,quadratic,15000,90000,0.9402,0.0057,0.9459,0.0059,0.9397,0.0076,0.8205,0.0093,0.5102,0.0052,0.6292,0.0066,0.7875,0.0010
rk45,8,4,3,0.0129,0.0001,polar3,polar,15000,90000,0.9811,0.0008,0.9855,0.0009,0.9832,0.0016,0.7881,0.0200,0.6446,0.0056,0.7091,0.0103,0.8473,0.0048
rk45,8,4,3,0.0129,0.0001,knn,knn,20000,120000,0.7434,0.0182,0.7510,0.0184,0.7408,0.0176,0.4062,0.0398,0.1560,0.0069,0.2253,0.0128,0.4881,0.0135
rk45,8,4,3,0.0129,0.0001,altered_knn,altered_knn,20000,80000,0.8365,0.0345,0.8455,0.0367,0.8604,0.0131,0.0442,0.0096,0.1467,0.1314,0.0531,0.0080,0.4493,0.0183
rk45,8,4,3,0.0129,0.0001,quadratic,quadratic,20000,120000,0.9399,0.0054,0.9456,0.0056,0.9394,0.0072,0.8244,0.0097,0.5091,0.0037,0.6295,0.0056,0.7875,0.0016
rk45,8,4,3,0.0129,0.0001,polar3,polar,20000,120000,0.9811,0.0008,0.9855,0.0009,0.9831,0.0016,0.7961,0.0113,0.6462,0.0070,0.7134,0.0085,0.8495,0.0038
rk45,8,8,3,0.0138,0.0002,knn,knn,2000,24000,0.5916,0.0110,0.5971,0.0112,0.5966,0.0091,0.1034,0.0180,0.1980,0.0043,0.1346,0.0148,0.3659,0.0130
rk45,8,8,3,0.0138,0.0002,altered_knn,altered_knn,2000,16000,0.7766,0.0130,0.7857,0.0146,0.7908,0.0099,0.0525,0.0072,0.1256,0.1138,0.0587,0.0118,0.4222,0.0052
rk45,8,8,3,0.0138,0.0002,quadratic,quadratic,2000,24000,0.9137,0.0079,0.9195,0.0082,0.9144,0.0084,0.5788,0.0078,0.5036,0.0097,0.5385,0.0067,0.7290,0.0013
rk45,8,8,3,0.0138,0.0002,polar3,polar,2000,24000,0.9618,0.0019,0.9675,0.0019,0.9652,0.0022,0.5806,0.0266,0.5550,0.0055,0.5671,0.0114,0.7673,0.0061
rk45,8,8,3,0.0138,0.0002,knn,knn,5000,60000,0.6221,0.0068,0.6279,0.0069,0.6257,0.0069,0.1236,0.0074,0.2082,0.0026,0.1549,0.0054,0.3914,0.0061
rk45,8,8,3,0.0138,0.0002,altered_knn,altered_knn,5000,40000,0.7702,0.0194,0.7777,0.0214,0.8011,0.0065,0.0429,0.0032,0.2405,0.1243,0.0699,0.0013,0.4238,0.0106
rk45,8,8,3,0.0138,0.0002,quadratic,quadratic,5000,60000,0.9166,0.0079,0.9224,0.0082,0.9173,0.0083,0.5872,0.0098,0.5066,0.0082,0.5438,0.0057,0.7331,0.0017
rk45,8,8,3,0.0138,0.0002,polar3,polar,5000,60000,0.9682,0.0014,0.9741,0.0014,0.9713,0.0018,0.6497,0.0175,0.5492,0.0024,0.5952,0.0085,0.7846,0.0046
rk45,8,8,3,0.0138,0.0002,knn,knn,10000,120000,0.6466,0.0061,0.6526,0.0062,0.6490,0.0063,0.1466,0.0061,0.2167,0.0021,0.1748,0.0050,0.4137,0.0055
rk45,8,8,3,0.0138,0.0002,altered_knn,altered_knn,10000,80000,0.7564,0.0336,0.7625,0.0366,0.8052,0.0044,0.0394,0.0055,0.3213,0.1867,0.0627,0.0063,0.4126,0.0173
rk45,8,8,3,0.0138,0.0002,quadratic,quadratic,10000,120000,0.9170,0.0085,0.9227,0.0088,0.9176,0.0089,0.5906,0.0108,0.5058,0.0109,0.5448,0.0063,0.7337,0.0020
rk45,8,8,3,0.0138,0.0002,polar3,polar,10000,120000,0.9700,0.0013,0.9759,0.0013,0.9730,0.0018,0.6695,0.0166,0.5468,0.0011,0.6018,0.0067,0.7889,0.0035
rk45,8,8,3,0.0138,0.0002,knn,knn,15000,180000,0.6593,0.0058,0.6655,0.0059,0.6615,0.0064,0.1595,0.0032,0.2191,0.0014,0.1846,0.0026,0.4251,0.0022
rk45,8,8,3,0.0138,0.0002,altered_knn,altered_knn,15000,120000,0.7921,0.0160,0.8003,0.0171,0.8194,0.0067,0.0443,0.0064,0.2044,0.0702,0.0702,0.0032,0.4353,0.0100
rk45,8,8,3,0.0138,0.0002,quadratic,quadratic,15000,180000,0.9172,0.0089,0.9230,0.0092,0.9178,0.0093,0.5960,0.0099,0.5044,0.0109,0.5463,0.0072,0.7346,0.0015
rk45,8,8,3,0.0138,0.0002,polar3,polar,15000,180000,0.9707,0.0011,0.9766,0.0011,0.9738,0.0016,0.6766,0.0122,0.5472,0.0028,0.6050,0.0036,0.7908,0.0020
rk45,8,8,3,0.0138,0.0002,knn,knn,20000,240000,0.6672,0.0067,0.6734,0.0068,0.6691,0.0073,0.1707,0.0016,0.2239,0.0010,0.1937,0.0010,0.4335,0.0029
rk45,8,8,3,0.0138,0.0002,altered_knn,altered_knn,20000,160000,0.7942,0.0139,0.8022,0.0148,0.8238,0.0066,0.0428,0.0039,0.2206,0.0684,0.0704,0.0046,0.4363,0.0089
rk45,8,8,3,0.0138,0.0002,quadratic,quadratic,20000,240000,0.9213,0.0092,0.9272,0.0095,0.9219,0.0096,0.6242,0.0122,0.4961,0.0105,0.5527,0.0078,0.7400,0.0012
rk45,8,8,3,0.0138,0.0002,polar3,polar,20000,240000,0.9713,0.0011,0.9773,0.0010,0.9744,0.0015,0.6787,0.0140,0.5473,0.0028,0.6059,0.0047,0.7916,0.0025
rk45,8,16,3,0.0149,0.0007,knn,knn,2000,48000,0.5159,0.0012,0.5197,0.0013,0.5303,0.0004,0.0655,0.0011,0.2629,0.0067,0.1049,0.0019,0.3123,0.0005
rk45,8,16,3,0.0149,0.0007,altered_knn,altered_knn,2000,32000,0.7307,0.0170,0.7391,0.0190,0.7522,0.0037,0.0504,0.0080,0.1733,0.1008,0.0709,0.0017,0.4050,0.0089
rk45,8,16,3,0.0149,0.0007,quadratic,quadratic,2000,48000,0.8870,0.0030,0.8932,0.0028,0.8909,0.0028,0.4115,0.0109,0.4784,0.0095,0.4423,0.0064,0.6677,0.0018
rk45,8,16,3,0.0149,0.0007,polar3,polar,2000,48000,0.9420,0.0021,0.9489,0.0021,0.9470,0.0018,0.4669,0.0062,0.4832,0.0127,0.4748,0.0066,0.7119,0.0036
rk45,8,16,3,0.0149,0.0007,knn,knn,5000,120000,0.5497,0.0003,0.5539,0.0001,0.5629,0.0007,0.0782,0.0027,0.2722,0.0015,0.1214,0.0032,0.3377,0.0016
rk45,8,16,3,0.0149,0.0007,altered_knn,altered_knn,5000,80000,0.7244,0.0459,0.7316,0.0500,0.7617,0.0087,0.0478,0.0101,0.2523,0.2232,0.0673,0.0040,0.3995,0.0264
rk45,8,16,3,0.0149,0.0007,quadratic,quadratic,5000,120000,0.8890,0.0038,0.8952,0.0035,0.8930,0.0035,0.4162,0.0121,0.4805,0.0095,0.4459,0.0070,0.6706,0.0019
rk45,8,16,3,0.0149,0.0007,polar3,polar,5000,120000,0.9476,0.0014,0.9546,0.0014,0.9525,0.0012,0.4911,0.0036,0.4807,0.0155,0.4857,0.0084,0.7202,0.0038
rk45,8,16,3,0.0149,0.0007,knn,knn,10000,240000,0.5785,0.0017,0.5831,0.0015,0.5905,0.0023,0.0893,0.0029,0.2743,0.0018,0.1347,0.0031,0.3589,0.0014
rk45,8,16,3,0.0149,0.0007,altered_knn,altered_knn,10000,160000,0.7665,0.0029,0.7763,0.0036,0.7808,0.0039,0.0537,0.0037,0.1163,0.0542,0.0673,0.0147,0.4218,0.0060
rk45,8,16,3,0.0149,0.0007,quadratic,quadratic,10000,240000,0.8936,0.0037,0.8999,0.0034,0.8972,0.0035,0.4444,0.0128,0.4716,0.0090,0.4574,0.0074,0.6787,0.0022
rk45,8,16,3,0.0149,0.0007,polar3,polar,10000,240000,0.9504,0.0011,0.9574,0.0009,0.9552,0.0009,0.5041,0.0056,0.4815,0.0157,0.4924,0.0082,0.7249,0.0039
rk45,8,16,3,0.0149,0.0007,knn,knn,15000,360000,0.5933,0.0018,0.5980,0.0016,0.6047,0.0025,0.0969,0.0052,0.2799,0.0033,0.1438,0.0053,0.3709,0.0022
rk45,8,16,3,0.0149,0.0007,altered_knn,altered_knn,15000,240000,0.7630,0.0140,0.7718,0.0161,0.7873,0.0021,0.0506,0.0081,0.1886,0.1010,0.0697,0.0093,0.4208,0.0040
rk45,8,16,3,0.0149,0.0007,quadratic,quadratic,15000,360000,0.9038,0.0037,0.9106,0.0035,0.9069,0.0037,0.5091,0.0155,0.4554,0.0108,0.4806,0.0083,0.6956,0.0028
rk45,8,16,3,0.0149,0.0007,polar3,polar,15000,360000,0.9526,0.0012,0.9597,0.0010,0.9573,0.0010,0.5186,0.0078,0.4828,0.0159,0.4998,0.0085,0.7298,0.0040
rk45,8,16,3,0.0149,0.0007,knn,knn,20000,480000,0.6033,0.0018,0.6081,0.0017,0.6144,0.0026,0.1024,0.0047,0.2814,0.0033,0.1501,0.0046,0.3791,0.0021
rk45,8,16,3,0.0149,0.0007,altered_knn,altered_knn,20000,320000,0.7637,0.0017,0.7716,0.0020,0.7927,0.0026,0.0493,0.0029,0.2381,0.0306,0.0815,0.0052,0.4265,0.0026
rk45,8,16,3,0.0149,0.0007,quadratic,quadratic,20000,480000,0.9087,0.0035,0.9157,0.0032,0.9116,0.0034,0.5366,0.0156,0.4484,0.0107,0.4884,0.0082,0.7020,0.0030
rk45,8,16,3,0.0149,0.0007,polar3,polar,20000,480000,0.9538,0.0013,0.9609,0.0010,0.9586,0.0011,0.5255,0.0075,0.4836,0.0155,0.5035,0.0081,0.7322,0.0039
rk45,16,2,3,0.0139,0.0005,knn,knn,2000,6000,0.7816,0.0062,0.7925,0.0060,0.7847,0.0047,0.3333,0.0788,0.0126,0.0031,0.0243,0.0060,0.4084,0.0040
rk45,16,2,3,0.0139,0.0005,altered_knn,altered_knn,2000,4000,0.8479,0.0118,0.8572,0.0129,0.8908,0.0026,0.0293,0.0013,0.1882,0.0498,0.0502,0.0032,0.4537,0.0057
rk45,16,2,3,0.0139,0.0005,quadratic,quadratic,2000,6000,0.9550,0.0026,0.9633,0.0030,0.9585,0.0028,0.9090,0.0178,0.3692,0.0184,0.5249,0.0202,0.7441,0.0087
rk45,16,2,3,0.0139,0.0005,polar3,polar,2000,6000,0.9781,0.0007,0.9829,0.0011,0.9806,0.0005,0.8596,0.0618,0.6415,0.0118,0.7333,0.0165,0.8581,0.0088
rk45,16,2,3,0.0139,0.0005,knn,knn,5000,15000,0.7866,0.0038,0.7976,0.0036,0.7896,0.0027,0.3876,0.1036,0.0115,0.0026,0.0223,0.0050,0.4100,0.0043
rk45,16,2,3,0.0139,0.0005,altered_knn,altered_knn,5000,10000,0.8217,0.0478,0.8294,0.0500,0.8814,0.0210,0.0299,0.0015,0.2720,0.1245,0.0529,0.0022,0.4412,0.0244
rk45,16,2,3,0.0139,0.0005,quadratic,quadratic,5000,15000,0.9566,0.0026,0.9650,0.0030,0.9600,0.0028,0.9547,0.0036,0.3651,0.0228,0.5278,0.0243,0.7464,0.0113
rk45,16,2,3,0.0139,0.0005,polar3,polar,5000,15000,0.9872,0.0012,0.9909,0.0013,0.9903,0.0013,0.7874,0.0892,0.7250,0.0182,0.7515,0.0302,0.8712,0.0153
rk45,16,2,3,0.0139,0.0005,knn,knn,10000,30000,0.7932,0.0071,0.8043,0.0070,0.7960,0.0052,0.4961,0.0777,0.0120,0.0021,0.0235,0.0040,0.4139,0.0054
rk45,16,2,3,0.0139,0.0005,altered_knn,altered_knn,10000,20000,0.7885,0.0948,0.7951,0.0988,0.8608,0.0507,0.0305,0.0056,0.3325,0.1854,0.0538,0.0077,0.4244,0.0526
rk45,16,2,3,0.0139,0.0005,quadratic,quadratic,10000,30000,0.9572,0.0026,0.9657,0.0028,0.9607,0.0027,0.9616,0.0032,0.3542,0.0139,0.5176,0.0153,0.7416,0.0070
rk45,16,2,3,0.0139,0.0005,polar3,polar,10000,30000,0.9903,0.0010,0.9938,0.0007,0.9929,0.0011,0.8403,0.0406,0.7427,0.0187,0.7876,0.0124,0.8907,0.0059
rk45,16,2,3,0.0139,0.0005,knn,knn,15000,45000,0.7950,0.0080,0.8060,0.0078,0.7974,0.0055,0.5102,0.0899,0.0132,0.0016,0.0258,0.0032,0.4159,0.0046
rk45,16,2,3,0.0139,0.0005,altered_knn,altered_knn,15000,30000,0.7891,0.0980,0.7957,0.1022,0.8600,0.0527,0.0298,0.0046,0.3252,0.2013,0.0523,0.0062,0.4240,0.0532
rk45,16,2,3,0.0139,0.0005,quadratic,quadratic,15000,45000,0.9575,0.0018,0.9659,0.0020,0.9609,0.0019,0.9724,0.0052,0.3629,0.0164,0.5283,0.0177,0.7471,0.0083
rk45,16,2,3,0.0139,0.0005,polar3,polar,15000,45000,0.9905,0.0014,0.9939,0.0011,0.9931,0.0014,0.8258,0.0185,0.7480,0.0181,0.7847,0.0092,0.8893,0.0047
rk45,16,2,3,0.0139,0.0005,knn,knn,20000,60000,0.7962,0.0074,0.8073,0.0072,0.7986,0.0049,0.4248,0.0700,0.0084,0.0008,0.0165,0.0016,0.4119,0.0036
rk45,16,2,3,0.0139,0.0005,altered_knn,altered_knn,20000,40000,0.7839,0.0940,0.7905,0.0980,0.8580,0.0509,0.0278,0.0042,0.3198,0.1836,0.0492,0.0044,0.4199,0.0509
rk45,16,2,3,0.0139,0.0005,quadratic,quadratic,20000,60000,0.9578,0.0019,0.9663,0.0021,0.9613,0.0020,0.9716,0.0057,0.3617,0.0187,0.5270,0.0206,0.7466,0.0096
rk45,16,2,3,0.0139,0.0005,polar3,polar,20000,60000,0.9912,0.0014,0.9946,0.0011,0.9935,0.0012,0.8668,0.0137,0.7497,0.0176,0.8039,0.0154,0.8993,0.0081
rk45,16,4,3,0.0132,0.0004,knn,knn,2000,12000,0.6149,0.0153,0.6227,0.0154,0.6140,0.0129,0.1755,0.0189,0.0330,0.0033,0.0553,0.0038,0.3390,0.0070
rk45,16,4,3,0.0132,0.0004,altered_knn,altered_knn,2000,8000,0.8081,0.0053,0.8175,0.0055,0.8233,0.0030,0.0435,0.0031,0.1048,0.0248,0.0605,0.0033,0.4390,0.0019
rk45,16,4,3,0.0132,0.0004,quadratic,quadratic,2000,12000,0.9295,0.0053,0.9360,0.0051,0.9309,0.0061,0.8195,0.0032,0.4434,0.0075,0.5754,0.0056,0.7557,0.0048
rk45,16,4,3,0.0132,0.0004,polar3,polar,2000,12000,0.9502,0.0018,0.9548,0.0019,0.9557,0.0012,0.4507,0.0215,0.6062,0.0065,0.5166,0.0123,0.7357,0.0066
rk45,16,4,3,0.0132,0.0004,knn,knn,5000,30000,0.6282,0.0113,0.6362,0.0114,0.6274,0.0098,0.1997,0.0100,0.0310,0.0049,0.0536,0.0073,0.3449,0.0062
rk45,16,4,3,0.0132,0.0004,altered_knn,altered_knn,5000,20000,0.8053,0.0202,0.8143,0.0216,0.8267,0.0054,0.0416,0.0075,0.1316,0.0960,0.0538,0.0060,0.4341,0.0080
rk45,16,4,3,0.0132,0.0004,quadratic,quadratic,5000,30000,0.9341,0.0048,0.9407,0.0046,0.9354,0.0056,0.8639,0.0078,0.4407,0.0034,0.5836,0.0013,0.7621,0.0029
rk45,16,4,3,0.0132,0.0004,polar3,polar,5000,30000,0.9731,0.0022,0.9776,0.0020,0.9776,0.0023,0.5611,0.0071,0.6401,0.0075,0.5980,0.0061,0.7878,0.0041
rk45,16,4,3,0.0132,0.0004,knn,knn,10000,60000,0.6411,0.0135,0.6492,0.0136,0.6401,0.0113,0.2282,0.0122,0.0308,0.0038,0.0541,0.0059,0.3517,0.0077
rk45,16,4,3,0.0132,0.0004,altered_knn,altered_knn,10000,40000,0.8079,0.0180,0.8171,0.0197,0.8280,0.0026,0.0452,0.0104,0.1203,0.0891,0.0541,0.0056,0.4356,0.0102
rk45,16,4,3,0.0132,0.0004,quadratic,quadratic,10000,60000,0.9359,0.0055,0.9426,0.0054,0.9372,0.0065,0.8780,0.0107,0.4385,0.0031,0.5848,0.0021,0.7637,0.0028
rk45,16,4,3,0.0132,0.0004,polar3,polar,10000,60000,0.9773,0.0023,0.9817,0.0022,0.9818,0.0024,0.5670,0.0135,0.6446,0.0055,0.6033,0.0088,0.7925,0.0055
rk45,16,4,3,0.0132,0.0004,knn,knn,15000,90000,0.6458,0.0138,0.6540,0.0138,0.6448,0.0115,0.2350,0.0143,0.0282,0.0012,0.0503,0.0017,0.3521,0.0077
rk45,16,4,3,0.0132,0.0004,altered_knn,altered_knn,15000,60000,0.7591,0.0814,0.7660,0.0857,0.8094,0.0277,0.0393,0.0143,0.2455,0.2352,0.0508,0.0053,0.4084,0.0454
rk45,16,4,3,0.0132,0.0004,quadratic,quadratic,15000,90000,0.9367,0.0061,0.9433,0.0060,0.9379,0.0070,0.8850,0.0126,0.4368,0.0011,0.5849,0.0018,0.7641,0.0021
rk45,16,4,3,0.0132,0.0004,polar3,polar,15000,90000,0.9780,0.0020,0.9825,0.0019,0.9827,0.0019,0.5658,0.0262,0.6421,0.0037,0.6011,0.0136,0.7918,0.0075
rk45,16,4,3,0.0132,0.0004,knn,knn,20000,120000,0.6492,0.0118,0.6575,0.0118,0.6480,0.0098,0.2437,0.0177,0.0267,0.0023,0.0481,0.0040,0.3528,0.0077
rk45,16,4,3,0.0132,0.0004,altered_knn,altered_knn,20000,80000,0.8074,0.0149,0.8165,0.0159,0.8290,0.0033,0.0388,0.0080,0.1246,0.0668,0.0539,0.0026,0.4352,0.0075
rk45,16,4,3,0.0132,0.0004,quadratic,quadratic,20000,120000,0.9374,0.0063,0.9440,0.0061,0.9386,0.0073,0.8872,0.0103,0.4362,0.0038,0.5848,0.0018,0.7644,0.0036
rk45,16,4,3,0.0132,0.0004,polar3,polar,20000,120000,0.9791,0.0014,0.9836,0.0013,0.9836,0.0016,0.5836,0.0136,0.6432,0.0060,0.6118,0.0049,0.7977,0.0022
rk45,16,8,3,0.0138,0.0003,knn,knn,2000,24000,0.4856,0.0080,0.4913,0.0081,0.4868,0.0072,0.1033,0.0165,0.0765,0.0009,0.0874,0.0068,0.2893,0.0052
rk45,16,8,3,0.0138,0.0003,altered_knn,altered_knn,2000,16000,0.7491,0.0046,0.7580,0.0050,0.7616,0.0035,0.0506,0.0030,0.1116,0.0183,0.0689,0.0011,0.4134,0.0020
rk45,16,8,3,0.0138,0.0003,quadratic,quadratic,2000,24000,0.9036,0.0134,0.9096,0.0136,0.9042,0.0148,0.6899,0.0020,0.4737,0.0066,0.5617,0.0052,0.7356,0.0058
rk45,16,8,3,0.0138,0.0003,polar3,polar,2000,24000,0.9425,0.0038,0.9478,0.0037,0.9442,0.0027,0.7129,0.0261,0.5578,0.0053,0.6256,0.0091,0.7867,0.0053
rk45,16,8,3,0.0138,0.0003,knn,knn,5000,60000,0.5025,0.0089,0.5085,0.0091,0.5035,0.0087,0.1133,0.0046,0.0738,0.0020,0.0893,0.0021,0.2989,0.0042
rk45,16,8,3,0.0138,0.0003,altered_knn,altered_knn,5000,40000,0.7381,0.0195,0.7456,0.0214,0.7651,0.0046,0.0469,0.0107,0.2032,0.1146,0.0635,0.0079,0.4045,0.0072
rk45,16,8,3,0.0138,0.0003,quadratic,quadratic,5000,60000,0.9099,0.0130,0.9159,0.0133,0.9106,0.0143,0.7270,0.0048,0.4815,0.0049,0.5793,0.0038,0.7476,0.0061
rk45,16,8,3,0.0138,0.0003,polar3,polar,5000,60000,0.9595,0.0013,0.9651,0.0012,0.9616,0.0002,0.7710,0.0215,0.5568,0.0074,0.6464,0.0062,0.8058,0.0035
rk45,16,8,3,0.0138,0.0003,knn,knn,10000,120000,0.5161,0.0095,0.5222,0.0098,0.5169,0.0093,0.1281,0.0016,0.0735,0.0019,0.0934,0.0016,0.3078,0.0042
rk45,16,8,3,0.0138,0.0003,altered_knn,altered_knn,10000,80000,0.7409,0.0146,0.7485,0.0160,0.7677,0.0038,0.0417,0.0028,0.2020,0.0874,0.0654,0.0052,0.4069,0.0057
rk45,16,8,3,0.0138,0.0003,quadratic,quadratic,10000,120000,0.9126,0.0137,0.9186,0.0140,0.9133,0.0151,0.7375,0.0052,0.4806,0.0064,0.5819,0.0043,0.7503,0.0067
rk45,16,8,3,0.0138,0.0003,polar3,polar,10000,120000,0.9653,0.0004,0.9710,0.0004,0.9676,0.0006,0.7961,0.0144,0.5574,0.0064,0.6555,0.0006,0.8133,0.0005
rk45,16,8,3,0.0138,0.0003,knn,knn,15000,180000,0.5233,0.0098,0.5296,0.0100,0.5238,0.0094,0.1400,0.0069,0.0712,0.0023,0.0942,0.0016,0.3119,0.0048
rk45,16,8,3,0.0138,0.0003,altered_knn,altered_knn,15000,120000,0.7557,0.0089,0.7648,0.0102,0.7685,0.0035,0.0537,0.0091,0.1013,0.0879,0.0551,0.0116,0.4100,0.0017
rk45,16,8,3,0.0138,0.0003,quadratic,quadratic,15000,180000,0.9141,0.0138,0.9201,0.0141,0.9147,0.0152,0.7479,0.0069,0.4817,0.0078,0.5859,0.0050,0.7530,0.0068
rk45,16,8,3,0.0138,0.0003,polar3,polar,15000,180000,0.9676,0.0005,0.9733,0.0003,0.9698,0.0008,0.8084,0.0125,0.5585,0.0081,0.6605,0.0041,0.8169,0.0021
rk45,16,8,3,0.0138,0.0003,knn,knn,20000,240000,0.5282,0.0096,0.5345,0.0098,0.5286,0.0093,0.1465,0.0027,0.0716,0.0026,0.0961,0.0018,0.3153,0.0040
rk45,16,8,3,0.0138,0.0003,altered_knn,altered_knn,20000,160000,0.7557,0.0102,0.7648,0.0118,0.7697,0.0040,0.0530,0.0110,0.1065,0.1026,0.0502,0.0170,0.4075,0.0035
rk45,16,8,3,0.0138,0.0003,quadratic,quadratic,20000,240000,0.9187,0.0125,0.9250,0.0128,0.9193,0.0137,0.7862,0.0072,0.4685,0.0071,0.5871,0.0052,0.7560,0.0060
rk45,16,8,3,0.0138,0.0003,polar3,polar,20000,240000,0.9688,0.0007,0.9745,0.0005,0.9709,0.0005,0.8505,0.0074,0.5615,0.0076,0.6763,0.0038,0.8254,0.0021
rk45,16,16,3,0.0147,0.0001,knn,knn,2000,48000,0.3895,0.0014,0.3935,0.0014,0.3934,0.0018,0.0680,0.0058,0.1251,0.0036,0.0880,0.0052,0.2407,0.0019
rk45,16,16,3,0.0147,0.0001,altered_knn,altered_knn,2000,32000,0.7015,0.0093,0.7089,0.0102,0.7225,0.0017,0.0555,0.0064,0.2014,0.0515,0.0851,0.0039,0.3970,0.0070
rk45,16,16,3,0.0147,0.0001,quadratic,quadratic,2000,48000,0.8958,0.0028,0.9022,0.0028,0.8980,0.0021,0.5436,0.0040,0.4677,0.0028,0.5028,0.0024,0.7025,0.0009
rk45,16,16,3,0.0147,0.0001,polar3,polar,2000,48000,0.9344,0.0017,0.9411,0.0016,0.9365,0.0013,0.7294,0.0092,0.4868,0.0057,0.5839,0.0049,0.7625,0.0032
rk45,16,16,3,0.0147,0.0001,knn,knn,5000,120000,0.4109,0.0022,0.4152,0.0022,0.4145,0.0019,0.0779,0.0059,0.1221,0.0023,0.0950,0.0045,0.2551,0.0025
rk45,16,16,3,0.0147,0.0001,altered_knn,altered_knn,5000,80000,0.6837,0.0236,0.6893,0.0263,0.7237,0.0009,0.0453,0.0082,0.3039,0.1567,0.0728,0.0022,0.3811,0.0142
rk45,16,16,3,0.0147,0.0001,quadratic,quadratic,5000,120000,0.9042,0.0036,0.9106,0.0036,0.9062,0.0029,0.5630,0.0008,0.4713,0.0033,0.5130,0.0023,0.7118,0.0027
rk45,16,16,3,0.0147,0.0001,polar3,polar,5000,120000,0.9476,0.0014,0.9546,0.0013,0.9501,0.0012,0.7773,0.0077,0.4819,0.0062,0.5949,0.0046,0.7747,0.0030
rk45,16,16,3,0.0147,0.0001,knn,knn,10000,240000,0.4276,0.0020,0.4322,0.0020,0.4312,0.0020,0.0869,0.0047,0.1170,0.0026,0.0996,0.0036,0.2659,0.0017
rk45,16,16,3,0.0147,0.0001,altered_knn,altered_knn,10000,160000,0.7150,0.0078,0.7241,0.0088,0.7282,0.0020,0.0477,0.0022,0.0987,0.0661,0.0579,0.0106,0.3910,0.0021
rk45,16,16,3,0.0147,0.0001,quadratic,quadratic,10000,240000,0.9111,0.0028,0.9178,0.0028,0.9129,0.0021,0.6175,0.0023,0.4603,0.0031,0.5274,0.0026,0.7226,0.0020
rk45,16,16,3,0.0147,0.0001,polar3,polar,10000,240000,0.9540,0.0010,0.9610,0.0009,0.9564,0.0008,0.8077,0.0050,0.4826,0.0057,0.6042,0.0048,0.7826,0.0029
rk45,16,16,3,0.0147,0.0001,knn,knn,15000,360000,0.4364,0.0022,0.4412,0.0022,0.4401,0.0022,0.0907,0.0028,0.1159,0.0026,0.1017,0.0014,0.2715,0.0014
rk45,16,16,3,0.0147,0.0001,altered_knn,altered_knn,15000,240000,0.7165,0.0008,0.7254,0.0007,0.7300,0.0028,0.0539,0.0026,0.1196,0.0234,0.0734,0.0023,0.3994,0.0010
rk45,16,16,3,0.0147,0.0001,quadratic,quadratic,15000,360000,0.9243,0.0023,0.9315,0.0023,0.9258,0.0017,0.7242,0.0019,0.4371,0.0023,0.5451,0.0019,0.7383,0.0018
rk45,16,16,3,0.0147,0.0001,polar3,polar,15000,360000,0.9570,0.0007,0.9640,0.0007,0.9595,0.0006,0.8316,0.0021,0.4919,0.0047,0.6181,0.0040,0.7910,0.0023
rk45,16,16,3,0.0147,0.0001,knn,knn,20000,480000,0.4426,0.0022,0.4475,0.0022,0.4464,0.0020,0.0937,0.0018,0.1170,0.0039,0.1041,0.0026,0.2758,0.0024
rk45,16,16,3,0.0147,0.0001,altered_knn,altered_knn,20000,320000,0.7016,0.0241,0.7086,0.0265,0.7296,0.0045,0.0507,0.0084,0.2268,0.1414,0.0758,0.0025,0.3922,0.0145
rk45,16,16,3,0.0147,0.0001,quadratic,quadratic,20000,480000,0.9328,0.0022,0.9403,0.0022,0.9345,0.0019,0.7764,0.0009,0.4276,0.0029,0.5515,0.0026,0.7459,0.0023
rk45,16,16,3,0.0147,0.0001,polar3,polar,20000,480000,0.9582,0.0007,0.9650,0.0006,0.9605,0.0005,0.8374,0.0024,0.4963,0.0047,0.6233,0.0043,0.7941,0.0024
rk45,32,2,3,0.0144,0.0002,knn,knn,2000,6000,0.7411,0.0051,0.7519,0.0053,0.7444,0.0031,0.1224,0.0329,0.0044,0.0008,0.0085,0.0016,0.3802,0.0028
rk45,32,2,3,0.0144,0.0002,altered_knn,altered_knn,2000,4000,0.8300,0.0067,0.8400,0.0073,0.8726,0.0023,0.0240,0.0045,0.1513,0.0425,0.0414,0.0083,0.4407,0.0026
rk45,32,2,3,0.0144,0.0002,quadratic,quadratic,2000,6000,0.9420,0.0006,0.9507,0.0006,0.9472,0.0006,0.5834,0.0129,0.3502,0.0169,0.4376,0.0168,0.6941,0.0082
rk45,32,2,3,0.0144,0.0002,polar3,polar,2000,6000,0.9638,0.0004,0.9701,0.0005,0.9665,0.0006,0.8928,0.0245,0.5293,0.0074,0.6643,0.0067,0.8172,0.0032
rk45,32,2,3,0.0144,0.0002,knn,knn,5000,15000,0.7513,0.0038,0.7622,0.0040,0.7544,0.0017,0.1704,0.0374,0.0044,0.0008,0.0086,0.0016,0.3854,0.0014
rk45,32,2,3,0.0144,0.0002,altered_knn,altered_knn,5000,10000,0.7742,0.0434,0.7811,0.0453,0.8551,0.0192,0.0246,0.0027,0.3030,0.0819,0.0449,0.0032,0.4130,0.0242
rk45,32,2,3,0.0144,0.0002,quadratic,quadratic,5000,15000,0.9536,0.0007,0.9629,0.0006,0.9581,0.0007,0.7840,0.0130,0.3168,0.0044,0.4512,0.0065,0.7071,0.0030
rk45,32,2,3,0.0144,0.0002,polar3,polar,5000,15000,0.9823,0.0012,0.9873,0.0012,0.9845,0.0012,0.9667,0.0051,0.6385,0.0020,0.7691,0.0030,0.8782,0.0009
rk45,32,2,3,0.0144,0.0002,knn,knn,10000,30000,0.7567,0.0092,0.7677,0.0093,0.7600,0.0067,0.1957,0.0615,0.0042,0.0018,0.0082,0.0034,0.3880,0.0050
rk45,32,2,3,0.0144,0.0002,altered_knn,altered_knn,10000,20000,0.8466,0.0168,0.8567,0.0179,0.8878,0.0058,0.0263,0.0035,0.1574,0.0638,0.0445,0.0079,0.4506,0.0053
rk45,32,2,3,0.0144,0.0002,quadratic,quadratic,10000,30000,0.9557,0.0010,0.9650,0.0010,0.9600,0.0011,0.8579,0.0205,0.3197,0.0127,0.4658,0.0164,0.7154,0.0080
rk45,32,2,3,0.0144,0.0002,polar3,polar,10000,30000,0.9882,0.0006,0.9921,0.0006,0.9899,0.0007,0.9773,0.0033,0.7238,0.0079,0.8316,0.0040,0.9118,0.0022
rk45,32,2,3,0.0144,0.0002,knn,knn,15000,45000,0.7576,0.0102,0.7686,0.0104,0.7610,0.0078,0.1754,0.0958,0.0042,0.0029,0.0082,0.0056,0.3884,0.0035
rk45,32,2,3,0.0144,0.0002,altered_knn,altered_knn,15000,30000,0.8454,0.0247,0.8553,0.0266,0.8875,0.0053,0.0270,0.0031,0.1718,0.0990,0.0436,0.0120,0.4495,0.0073
rk45,32,2,3,0.0144,0.0002,quadratic,quadratic,15000,45000,0.9562,0.0013,0.9656,0.0012,0.9605,0.0012,0.8762,0.0179,0.3175,0.0058,0.4660,0.0069,0.7158,0.0037
rk45,32,2,3,0.0144,0.0002,polar3,polar,15000,45000,0.9895,0.0008,0.9930,0.0008,0.9911,0.0008,0.9771,0.0056,0.7455,0.0068,0.8457,0.0023,0.9194,0.0009
rk45,32,2,3,0.0144,0.0002,knn,knn,20000,60000,0.7617,0.0100,0.7728,0.0101,0.7650,0.0074,0.1417,0.0439,0.0023,0.0008,0.0045,0.0017,0.3887,0.0044
rk45,32,2,3,0.0144,0.0002,altered_knn,altered_knn,20000,40000,0.8341,0.0153,0.8429,0.0162,0.8861,0.0058,0.0299,0.0024,0.2299,0.0599,0.0528,0.0055,0.4478,0.0055
rk45,32,2,3,0.0144,0.0002,quadratic,quadratic,20000,60000,0.9566,0.0019,0.9659,0.0018,0.9608,0.0018,0.8867,0.0219,0.3261,0.0026,0.4767,0.0023,0.7213,0.0019
rk45,32,2,3,0.0144,0.0002,polar3,polar,20000,60000,0.9896,0.0008,0.9931,0.0008,0.9912,0.0008,0.9775,0.0069,0.7548,0.0084,0.8517,0.0029,0.9224,0.0012
rk45,32,4,3,0.0143,0.0002,knn,knn,2000,12000,0.5603,0.0050,0.5682,0.0050,0.5585,0.0021,0.0915,0.0034,0.0155,0.0006,0.0265,0.0010,0.2973,0.0028
rk45,32,4,3,0.0143,0.0002,altered_knn,altered_knn,2000,8000,0.7624,0.0229,0.7710,0.0246,0.7913,0.0054,0.0353,0.0041,0.1673,0.0967,0.0545,0.0039,0.4128,0.0107
rk45,32,4,3,0.0143,0.0002,quadratic,quadratic,2000,12000,0.9000,0.0034,0.9077,0.0032,0.9023,0.0029,0.6082,0.0059,0.3642,0.0138,0.4553,0.0092,0.6815,0.0060
rk45,32,4,3,0.0143,0.0002,polar3,polar,2000,12000,0.9317,0.0002,0.9373,0.0004,0.9320,0.0005,0.9157,0.0084,0.5442,0.0106,0.6826,0.0083,0.8100,0.0040
rk45,32,4,3,0.0143,0.0002,knn,knn,5000,30000,0.5739,0.0085,0.5821,0.0085,0.5728,0.0058,0.0896,0.0160,0.0105,0.0024,0.0187,0.0042,0.3004,0.0058
rk45,32,4,3,0.0143,0.0002,altered_knn,altered_knn,5000,20000,0.7963,0.0005,0.8067,0.0003,0.8094,0.0016,0.0409,0.0037,0.0802,0.0092,0.0536,0.0012,0.4302,0.0008
rk45,32,4,3,0.0143,0.0002,quadratic,quadratic,5000,30000,0.9187,0.0021,0.9266,0.0019,0.9209,0.0019,0.7498,0.0052,0.3726,0.0138,0.4977,0.0124,0.7122,0.0068
rk45,32,4,3,0.0143,0.0002,polar3,polar,5000,30000,0.9583,0.0027,0.9632,0.0029,0.9586,0.0028,0.9756,0.0042,0.6219,0.0111,0.7595,0.0080,0.8614,0.0032
rk45,32,4,3,0.0143,0.0002,knn,knn,10000,60000,0.5843,0.0092,0.5926,0.0092,0.5826,0.0061,0.0962,0.0096,0.0089,0.0013,0.0164,0.0023,0.3045,0.0040
rk45,32,4,3,0.0143,0.0002,altered_knn,altered_knn,10000,40000,0.7848,0.0180,0.7937,0.0196,0.8118,0.0035,0.0416,0.0046,0.1746,0.0902,0.0629,0.0021,0.4283,0.0091
rk45,32,4,3,0.0143,0.0002,quadratic,quadratic,10000,60000,0.9250,0.0035,0.9330,0.0033,0.9272,0.0032,0.7979,0.0093,0.3714,0.0172,0.5065,0.0149,0.7198,0.0085
rk45,32,4,3,0.0143,0.0002,polar3,polar,10000,60000,0.9656,0.0032,0.9702,0.0033,0.9658,0.0031,0.9856,0.0034,0.6488,0.0119,0.7824,0.0080,0.8763,0.0029
rk45,32,4,3,0.0143,0.0002,knn,knn,15000,90000,0.5913,0.0116,0.5997,0.0117,0.5892,0.0084,0.1293,0.0230,0.0110,0.0017,0.0203,0.0032,0.3100,0.0051
rk45,32,4,3,0.0143,0.0002,altered_knn,altered_knn,15000,60000,0.8060,0.0073,0.8168,0.0081,0.8160,0.0002,0.0450,0.0020,0.0626,0.0498,0.0449,0.0164,0.4309,0.0044
rk45,32,4,3,0.0143,0.0002,quadratic,quadratic,15000,90000,0.9267,0.0026,0.9347,0.0025,0.9287,0.0024,0.8197,0.0114,0.3773,0.0124,0.5165,0.0099,0.7256,0.0056
rk45,32,4,3,0.0143,0.0002,polar3,polar,15000,90000,0.9694,0.0008,0.9740,0.0008,0.9700,0.0006,0.9863,0.0055,0.6563,0.0132,0.7880,0.0086,0.8810,0.0043
rk45,32,4,3,0.0143,0.0002,knn,knn,20000,120000,0.5949,0.0106,0.6033,0.0107,0.5929,0.0075,0.1170,0.0288,0.0101,0.0020,0.0186,0.0037,0.3110,0.0038
rk45,32,4,3,0.0143,0.0002,altered_knn,altered_knn,20000,80000,0.7997,0.0121,0.8097,0.0133,0.8169,0.0007,0.0442,0.0040,0.1114,0.0738,0.0561,0.0095,0.4329,0.0026
rk45,32,4,3,0.0143,0.0002,quadratic,quadratic,20000,120000,0.9272,0.0025,0.9352,0.0024,0.9293,0.0024,0.8287,0.0164,0.3780,0.0117,0.5189,0.0080,0.7270,0.0044
rk45,32,4,3,0.0143,0.0002,polar3,polar,20000,120000,0.9710,0.0021,0.9755,0.0021,0.9717,0.0020,0.9865,0.0047,0.6603,0.0114,0.7910,0.0075,0.8833,0.0039
rk45,32,8,3,0.0143,0.0002,knn,knn,2000,24000,0.4280,0.0059,0.4336,0.0061,0.4271,0.0061,0.0723,0.0017,0.0367,0.0019,0.0486,0.0014,0.2411,0.0028
rk45,32,8,3,0.0143,0.0002,altered_knn,altered_knn,2000,16000,0.7235,0.0033,0.7324,0.0036,0.7376,0.0042,0.0462,0.0007,0.1066,0.0233,0.0637,0.0038,0.3981,0.0017
rk45,32,8,3,0.0143,0.0002,quadratic,quadratic,2000,24000,0.8772,0.0047,0.8840,0.0049,0.8787,0.0056,0.5613,0.0047,0.4042,0.0053,0.4699,0.0039,0.6770,0.0022
rk45,32,8,3,0.0143,0.0002,polar3,polar,2000,24000,0.9268,0.0012,0.9326,0.0014,0.9271,0.0021,0.9345,0.0081,0.5237,0.0086,0.6712,0.0074,0.8019,0.0031
rk45,32,8,3,0.0143,0.0002,knn,knn,5000,60000,0.4430,0.0048,0.4489,0.0050,0.4422,0.0049,0.0819,0.0027,0.0336,0.0017,0.0476,0.0022,0.2483,0.0029
rk45,32,8,3,0.0143,0.0002,altered_knn,altered_knn,5000,40000,0.7332,0.0137,0.7416,0.0155,0.7530,0.0034,0.0520,0.0096,0.1536,0.1075,0.0589,0.0216,0.4002,0.0049
rk45,32,8,3,0.0143,0.0002,quadratic,quadratic,5000,60000,0.9020,0.0064,0.9091,0.0066,0.9034,0.0074,0.6666,0.0044,0.4123,0.0047,0.5095,0.0035,0.7093,0.0023
rk45,32,8,3,0.0143,0.0002,polar3,polar,5000,60000,0.9551,0.0036,0.9610,0.0038,0.9561,0.0044,0.9756,0.0072,0.5506,0.0090,0.7039,0.0086,0.8324,0.0031
rk45,32,8,3,0.0143,0.0002,knn,knn,10000,120000,0.4519,0.0063,0.4580,0.0065,0.4511,0.0064,0.0859,0.0076,0.0308,0.0025,0.0454,0.0038,0.2517,0.0014
rk45,32,8,3,0.0143,0.0002,altered_knn,altered_knn,10000,80000,0.7536,0.0025,0.7639,0.0028,0.7599,0.0042,0.0725,0.0061,0.0483,0.0267,0.0528,0.0152,0.4083,0.0071
rk45,32,8,3,0.0143,0.0002,quadratic,quadratic,10000,120000,0.9094,0.0078,0.9165,0.0080,0.9106,0.0087,0.7014,0.0019,0.4160,0.0020,0.5222,0.0021,0.7194,0.0033
rk45,32,8,3,0.0143,0.0002,polar3,polar,10000,120000,0.9626,0.0028,0.9685,0.0030,0.9637,0.0036,0.9817,0.0038,0.5547,0.0073,0.7089,0.0058,0.8387,0.0014
rk45,32,8,3,0.0143,0.0002,knn,knn,15000,180000,0.4590,0.0042,0.4653,0.0044,0.4589,0.0043,0.0892,0.0033,0.0279,0.0017,0.0425,0.0024,0.2539,0.0025
rk45,32,8,3,0.0143,0.0002,altered_knn,altered_knn,15000,120000,0.7452,0.0075,0.7540,0.0086,0.7618,0.0034,0.0552,0.0100,0.1390,0.0641,0.0702,0.0085,0.4121,0.0007
rk45,32,8,3,0.0143,0.0002,quadratic,quadratic,15000,180000,0.9124,0.0088,0.9196,0.0090,0.9137,0.0097,0.7186,0.0011,0.4163,0.0055,0.5271,0.0042,0.7234,0.0030
rk45,32,8,3,0.0143,0.0002,polar3,polar,15000,180000,0.9620,0.0019,0.9679,0.0020,0.9628,0.0026,0.9839,0.0046,0.5577,0.0071,0.7119,0.0052,0.8399,0.0021
rk45,32,8,3,0.0143,0.0002,knn,knn,20000,240000,0.4628,0.0041,0.4690,0.0042,0.4626,0.0041,0.0958,0.0098,0.0292,0.0025,0.0448,0.0040,0.2569,0.0039
rk45,32,8,3,0.0143,0.0002,altered_knn,altered_knn,20000,160000,0.7418,0.0122,0.7502,0.0133,0.7619,0.0044,0.0526,0.0070,0.1694,0.0598,0.0770,0.0033,0.4136,0.0080
rk45,32,8,3,0.0143,0.0002,quadratic,quadratic,20000,240000,0.9172,0.0081,0.9246,0.0083,0.9183,0.0089,0.7746,0.0027,0.4038,0.0048,0.5309,0.0038,0.7277,0.0026
rk45,32,8,3,0.0143,0.0002,polar3,polar,20000,240000,0.9633,0.0026,0.9691,0.0027,0.9642,0.0033,0.9830,0.0048,0.5596,0.0075,0.7132,0.0054,0.8412,0.0022
rk45,32,16,3,0.0158,0.0008,knn,knn,2000,48000,0.3214,0.0021,0.3256,0.0024,0.3219,0.0023,0.0573,0.0012,0.0567,0.0035,0.0570,0.0024,0.1913,0.0006
rk45,32,16,3,0.0158,0.0008,altered_knn,altered_knn,2000,32000,0.6842,0.0026,0.6939,0.0032,0.6939,0.0017,0.0679,0.0053,0.0826,0.0119,0.0736,0.0023,0.3838,0.0009
rk45,32,16,3,0.0158,0.0008,quadratic,quadratic,2000,48000,0.8582,0.0017,0.8652,0.0016,0.8619,0.0016,0.4692,0.0154,0.4208,0.0060,0.4435,0.0044,0.6543,0.0018
rk45,32,16,3,0.0158,0.0008,polar3,polar,2000,48000,0.9150,0.0014,0.9223,0.0014,0.9160,0.0012,0.9530,0.0109,0.4603,0.0178,0.6204,0.0139,0.7713,0.0068
rk45,32,16,3,0.0158,0.0008,knn,knn,5000,120000,0.3352,0.0007,0.3397,0.0009,0.3361,0.0008,0.0635,0.0026,0.0538,0.0013,0.0582,0.0016,0.1990,0.0011
rk45,32,16,3,0.0158,0.0008,altered_knn,altered_knn,5000,80000,0.6976,0.0010,0.7068,0.0017,0.7103,0.0020,0.0704,0.0076,0.1257,0.0244,0.0885,0.0047,0.3976,0.0027
rk45,32,16,3,0.0158,0.0008,quadratic,quadratic,5000,120000,0.8873,0.0027,0.8945,0.0025,0.8906,0.0027,0.5451,0.0172,0.4366,0.0080,0.4846,0.0039,0.6896,0.0008
rk45,32,16,3,0.0158,0.0008,polar3,polar,5000,120000,0.9380,0.0010,0.9457,0.0017,0.9398,0.0015,0.9708,0.0083,0.4570,0.0185,0.6212,0.0154,0.7834,0.0069
rk45,32,16,3,0.0158,0.0008,knn,knn,10000,240000,0.3451,0.0014,0.3498,0.0016,0.3462,0.0016,0.0693,0.0043,0.0516,0.0005,0.0591,0.0018,0.2045,0.0015
rk45,32,16,3,0.0158,0.0008,altered_knn,altered_knn,10000,160000,0.7017,0.0044,0.7107,0.0050,0.7160,0.0015,0.0690,0.0048,0.1400,0.0518,0.0891,0.0074,0.3999,0.0026
rk45,32,16,3,0.0158,0.0008,quadratic,quadratic,10000,240000,0.9017,0.0029,0.9094,0.0027,0.9044,0.0029,0.6420,0.0175,0.4228,0.0102,0.5095,0.0045,0.7095,0.0017
rk45,32,16,3,0.0158,0.0008,polar3,polar,10000,240000,0.9466,0.0009,0.9544,0.0012,0.9487,0.0010,0.9764,0.0074,0.4585,0.0190,0.6237,0.0161,0.7891,0.0076
rk45,32,16,3,0.0158,0.0008,knn,knn,15000,360000,0.3518,0.0020,0.3567,0.0021,0.3530,0.0020,0.0731,0.0044,0.0490,0.0015,0.0587,0.0025,0.2077,0.0022
rk45,32,16,3,0.0158,0.0008,altered_knn,altered_knn,15000,240000,0.6910,0.0208,0.6990,0.0241,0.7151,0.0026,0.0692,0.0230,0.2019,0.1702,0.0682,0.0245,0.3836,0.0128
rk45,32,16,3,0.0158,0.0008,quadratic,quadratic,15000,360000,0.9156,0.0016,0.9241,0.0015,0.9178,0.0016,0.7969,0.0142,0.3863,0.0155,0.5200,0.0113,0.7221,0.0055
rk45,32,16,3,0.0158,0.0008,polar3,polar,15000,360000,0.9498,0.0007,0.9576,0.0010,0.9520,0.0011,0.9791,0.0067,0.4642,0.0180,0.6295,0.0152,0.7935,0.0073
rk45,32,16,3,0.0158,0.0008,knn,knn,20000,480000,0.3556,0.0017,0.3606,0.0018,0.3570,0.0016,0.0712,0.0044,0.0469,0.0015,0.0565,0.0023,0.2086,0.0013
rk45,32,16,3,0.0158,0.0008,altered_knn,altered_knn,20000,320000,0.6990,0.0077,0.7076,0.0095,0.7172,0.0006,0.0635,0.0108,0.1663,0.0865,0.0792,0.0154,0.3934,0.0040
rk45,32,16,3,0.0158,0.0008,quadratic,quadratic,20000,480000,0.9249,0.0011,0.9338,0.0010,0.9272,0.0010,0.8654,0.0165,0.3721,0.0157,0.5200,0.0124,0.7269,0.0060
rk45,32,16,3,0.0158,0.0008,polar3,polar,20000,480000,0.9511,0.0012,0.9587,0.0017,0.9533,0.0018,0.9267,0.0139,0.4792,0.0194,0.6313,0.0136,0.7950,0.0063
rk45,64,2,3,0.0167,0.0005,knn,knn,2000,6000,0.7035,0.0141,0.7154,0.0140,0.7082,0.0122,0.0585,0.0259,0.0028,0.0013,0.0054,0.0025,0.3604,0.0080
rk45,64,2,3,0.0167,0.0005,altered_knn,altered_knn,2000,4000,0.7890,0.0036,0.7986,0.0033,0.8455,0.0026,0.0294,0.0010,0.2224,0.0095,0.0519,0.0017,0.4252,0.0025
rk45,64,2,3,0.0167,0.0005,quadratic,quadratic,2000,6000,0.6269,0.0078,0.6315,0.0081,0.7059,0.0062,0.0260,0.0004,0.3521,0.0098,0.0485,0.0007,0.3400,0.0041
rk45,64,2,3,0.0167,0.0005,polar3,polar,2000,6000,0.9372,0.0038,0.9456,0.0044,0.9412,0.0040,0.8141,0.0115,0.4434,0.0273,0.5733,0.0202,0.7594,0.0081
rk45,64,2,3,0.0167,0.0005,knn,knn,5000,15000,0.7161,0.0108,0.7282,0.0106,0.7206,0.0088,0.0890,0.0142,0.0030,0.0004,0.0058,0.0008,0.3670,0.0050
rk45,64,2,3,0.0167,0.0005,altered_knn,altered_knn,5000,10000,0.7775,0.0600,0.7866,0.0628,0.8443,0.0280,0.0271,0.0018,0.2378,0.1141,0.0475,0.0014,0.4171,0.0316
rk45,64,2,3,0.0167,0.0005,quadratic,quadratic,5000,15000,0.9113,0.0010,0.9208,0.0010,0.9232,0.0014,0.2540,0.0053,0.3542,0.0176,0.2956,0.0070,0.6082,0.0032
rk45,64,2,3,0.0167,0.0005,polar3,polar,5000,15000,0.9624,0.0017,0.9695,0.0020,0.9653,0.0018,0.9604,0.0063,0.5432,0.0210,0.6936,0.0167,0.8316,0.0078
rk45,64,2,3,0.0167,0.0005,knn,knn,10000,30000,0.7223,0.0135,0.7345,0.0133,0.7267,0.0112,0.0353,0.0094,0.0010,0.0003,0.0019,0.0005,0.3682,0.0064
rk45,64,2,3,0.0167,0.0005,altered_knn,altered_knn,10000,20000,0.7768,0.0654,0.7855,0.0684,0.8474,0.0317,0.0273,0.0031,0.2555,0.1229,0.0482,0.0054,0.4169,0.0344
rk45,64,2,3,0.0167,0.0005,quadratic,quadratic,10000,30000,0.9407,0.0011,0.9508,0.0009,0.9481,0.0010,0.4750,0.0110,0.3470,0.0113,0.4010,0.0114,0.6759,0.0062
rk45,64,2,3,0.0167,0.0005,polar3,polar,10000,30000,0.9777,0.0023,0.9833,0.0022,0.9801,0.0023,0.9893,0.0017,0.6503,0.0227,0.7845,0.0161,0.8839,0.0083
rk45,64,2,3,0.0167,0.0005,knn,knn,15000,45000,0.7263,0.0129,0.7386,0.0127,0.7307,0.0106,0.0741,0.0154,0.0018,0.0004,0.0035,0.0009,0.3710,0.0060
rk45,64,2,3,0.0167,0.0005,altered_knn,altered_knn,15000,30000,0.8337,0.0055,0.8454,0.0056,0.8762,0.0027,0.0282,0.0011,0.1450,0.0155,0.0472,0.0023,0.4463,0.0016
rk45,64,2,3,0.0167,0.0005,quadratic,quadratic,15000,45000,0.9487,0.0013,0.9589,0.0010,0.9551,0.0013,0.5879,0.0130,0.3468,0.0071,0.4362,0.0066,0.6975,0.0036
rk45,64,2,3,0.0167,0.0005,polar3,polar,15000,45000,0.9814,0.0001,0.9864,0.0006,0.9835,0.0003,0.9925,0.0032,0.6859,0.0232,0.8110,0.0165,0.8987,0.0080
rk45,64,2,3,0.0167,0.0005,knn,knn,20000,60000,0.7292,0.0125,0.7415,0.0122,0.7337,0.0105,0.0816,0.0632,0.0018,0.0015,0.0036,0.0030,0.3726,0.0075
rk45,64,2,3,0.0167,0.0005,altered_knn,altered_knn,20000,40000,0.8358,0.0048,0.8473,0.0049,0.8783,0.0024,0.0310,0.0013,0.1602,0.0165,0.0519,0.0027,0.4496,0.0025
rk45,64,2,3,0.0167,0.0005,quadratic,quadratic,20000,60000,0.9513,0.0012,0.9616,0.0010,0.9575,0.0011,0.6231,0.0041,0.3427,0.0248,0.4418,0.0213,0.7017,0.0107
rk45,64,2,3,0.0167,0.0005,polar3,polar,20000,60000,0.9832,0.0016,0.9879,0.0020,0.9852,0.0018,0.9916,0.0018,0.7060,0.0186,0.8247,0.0132,0.9063,0.0057
rk45,64,4,3,0.0160,0.0006,knn,knn,2000,12000,0.5134,0.0067,0.5216,0.0071,0.5132,0.0047,0.0454,0.0093,0.0093,0.0020,0.0155,0.0033,0.2685,0.0051
rk45,64,4,3,0.0160,0.0006,altered_knn,altered_knn,2000,8000,0.7436,0.0108,0.7546,0.0119,0.7596,0.0027,0.0404,0.0134,0.0649,0.0473,0.0357,0.0129,0.3952,0.0040
rk45,64,4,3,0.0160,0.0006,quadratic,quadratic,2000,12000,0.7121,0.0013,0.7181,0.0016,0.7390,0.0013,0.0676,0.0020,0.3419,0.0101,0.1129,0.0025,0.4155,0.0016
rk45,64,4,3,0.0160,0.0006,polar3,polar,2000,12000,0.9164,0.0033,0.9237,0.0037,0.9185,0.0041,0.9530,0.0044,0.4716,0.0166,0.6308,0.0141,0.7772,0.0058
rk45,64,4,3,0.0160,0.0006,knn,knn,5000,30000,0.5289,0.0054,0.5373,0.0058,0.5288,0.0035,0.0550,0.0062,0.0084,0.0007,0.0146,0.0013,0.2760,0.0025
rk45,64,4,3,0.0160,0.0006,altered_knn,altered_knn,5000,20000,0.7634,0.0114,0.7749,0.0126,0.7782,0.0035,0.0447,0.0151,0.0597,0.0378,0.0373,0.0155,0.4061,0.0050
rk45,64,4,3,0.0160,0.0006,quadratic,quadratic,5000,30000,0.8743,0.0032,0.8826,0.0031,0.8810,0.0035,0.3537,0.0025,0.3621,0.0041,0.3579,0.0023,0.6202,0.0025
rk45,64,4,3,0.0160,0.0006,polar3,polar,5000,30000,0.9425,0.0056,0.9486,0.0056,0.9442,0.0061,0.9817,0.0010,0.5707,0.0219,0.7215,0.0176,0.8350,0.0098
rk45,64,4,3,0.0160,0.0006,knn,knn,10000,60000,0.5389,0.0063,0.5476,0.0067,0.5387,0.0043,0.0438,0.0009,0.0060,0.0002,0.0106,0.0003,0.2791,0.0035
rk45,64,4,3,0.0160,0.0006,altered_knn,altered_knn,10000,40000,0.7688,0.0058,0.7798,0.0063,0.7901,0.0016,0.0357,0.0040,0.0949,0.0244,0.0503,0.0028,0.4150,0.0033
rk45,64,4,3,0.0160,0.0006,quadratic,quadratic,10000,60000,0.9027,0.0024,0.9116,0.0024,0.9083,0.0028,0.4873,0.0105,0.3604,0.0074,0.4143,0.0087,0.6629,0.0043
rk45,64,4,3,0.0160,0.0006,polar3,polar,10000,60000,0.9534,0.0066,0.9587,0.0063,0.9550,0.0067,0.9903,0.0016,0.6333,0.0227,0.7723,0.0167,0.8655,0.0111
rk45,64,4,3,0.0160,0.0006,knn,knn,15000,90000,0.5435,0.0066,0.5522,0.0070,0.5433,0.0046,0.0565,0.0036,0.0068,0.0008,0.0121,0.0014,0.2822,0.0030
rk45,64,4,3,0.0160,0.0006,altered_knn,altered_knn,15000,60000,0.7670,0.0177,0.7776,0.0191,0.7949,0.0039,0.0353,0.0080,0.1175,0.0463,0.0502,0.0056,0.4139,0.0115
rk45,64,4,3,0.0160,0.0006,quadratic,quadratic,15000,90000,0.9115,0.0026,0.9203,0.0030,0.9168,0.0032,0.5487,0.0148,0.3674,0.0141,0.4401,0.0147,0.6802,0.0060
rk45,64,4,3,0.0160,0.0006,polar3,polar,15000,90000,0.9582,0.0069,0.9633,0.0069,0.9596,0.0075,0.9943,0.0020,0.6459,0.0145,0.7830,0.0102,0.8731,0.0076
rk45,64,4,3,0.0160,0.0006,knn,knn,20000,120000,0.5474,0.0048,0.5562,0.0051,0.5473,0.0030,0.0506,0.0058,0.0058,0.0008,0.0104,0.0014,0.2833,0.0027
rk45,64,4,3,0.0160,0.0006,altered_knn,altered_knn,20000,80000,0.7200,0.0259,0.7270,0.0274,0.7870,0.0077,0.0292,0.0033,0.2881,0.0574,0.0526,0.0048,0.3898,0.0160
rk45,64,4,3,0.0160,0.0006,quadratic,quadratic,20000,120000,0.9162,0.0024,0.9252,0.0027,0.9214,0.0029,0.5707,0.0143,0.3645,0.0173,0.4448,0.0172,0.6850,0.0079
rk45,64,4,3,0.0160,0.0006,polar3,polar,20000,120000,0.9601,0.0068,0.9651,0.0067,0.9617,0.0073,0.9947,0.0019,0.6549,0.0203,0.7896,0.0148,0.8773,0.0097
rk45,64,8,3,0.0163,0.0004,knn,knn,2000,24000,0.3661,0.0048,0.3718,0.0048,0.3658,0.0037,0.0403,0.0029,0.0219,0.0027,0.0283,0.0029,0.2001,0.0010
rk45,64,8,3,0.0163,0.0004,altered_knn,altered_knn,2000,16000,0.6242,0.0177,0.6301,0.0191,0.6802,0.0043,0.0271,0.0003,0.2673,0.0673,0.0489,0.0012,0.3395,0.0089
rk45,64,8,3,0.0163,0.0004,quadratic,quadratic,2000,24000,0.7072,0.0028,0.7134,0.0027,0.7199,0.0021,0.1186,0.0041,0.3373,0.0005,0.1754,0.0044,0.4444,0.0025
rk45,64,8,3,0.0163,0.0004,polar3,polar,2000,24000,0.9012,0.0023,0.9081,0.0022,0.9009,0.0035,0.9584,0.0035,0.4807,0.0078,0.6402,0.0062,0.7742,0.0030
rk45,64,8,3,0.0163,0.0004,knn,knn,5000,60000,0.3804,0.0053,0.3863,0.0053,0.3800,0.0042,0.0440,0.0007,0.0196,0.0009,0.0271,0.0009,0.2067,0.0024
rk45,64,8,3,0.0163,0.0004,altered_knn,altered_knn,5000,40000,0.6864,0.0216,0.6957,0.0232,0.7090,0.0030,0.0456,0.0107,0.1220,0.0900,0.0552,0.0006,0.3755,0.0119
rk45,64,8,3,0.0163,0.0004,quadratic,quadratic,5000,60000,0.8425,0.0024,0.8503,0.0021,0.8471,0.0026,0.3789,0.0020,0.3731,0.0080,0.3759,0.0050,0.6131,0.0034
rk45,64,8,3,0.0163,0.0004,polar3,polar,5000,60000,0.9344,0.0015,0.9409,0.0013,0.9346,0.0023,0.9830,0.0010,0.5404,0.0060,0.6974,0.0051,0.8192,0.0028
rk45,64,8,3,0.0163,0.0004,knn,knn,10000,120000,0.3928,0.0050,0.3990,0.0050,0.3928,0.0043,0.0441,0.0014,0.0169,0.0004,0.0244,0.0006,0.2117,0.0027
rk45,64,8,3,0.0163,0.0004,altered_knn,altered_knn,10000,80000,0.7105,0.0085,0.7210,0.0089,0.7244,0.0030,0.0444,0.0076,0.0753,0.0277,0.0527,0.0035,0.3868,0.0042
rk45,64,8,3,0.0163,0.0004,quadratic,quadratic,10000,120000,0.8780,0.0027,0.8863,0.0025,0.8819,0.0033,0.4856,0.0116,0.3761,0.0052,0.4238,0.0067,0.6551,0.0041
rk45,64,8,3,0.0163,0.0004,polar3,polar,10000,120000,0.9417,0.0041,0.9480,0.0041,0.9423,0.0047,0.9894,0.0014,0.5566,0.0087,0.7123,0.0068,0.8302,0.0037
rk45,64,8,3,0.0163,0.0004,knn,knn,15000,180000,0.3977,0.0054,0.4040,0.0053,0.3977,0.0045,0.0471,0.0025,0.0175,0.0010,0.0255,0.0014,0.2148,0.0033
rk45,64,8,3,0.0163,0.0004,altered_knn,altered_knn,15000,120000,0.6982,0.0088,0.7068,0.0095,0.7316,0.0025,0.0348,0.0024,0.1772,0.0457,0.0572,0.0004,0.3820,0.0049
rk45,64,8,3,0.0163,0.0004,quadratic,quadratic,15000,180000,0.8906,0.0038,0.8990,0.0037,0.8941,0.0044,0.5375,0.0073,0.3817,0.0037,0.4464,0.0016,0.6727,0.0026
rk45,64,8,3,0.0163,0.0004,polar3,polar,15000,180000,0.9425,0.0049,0.9488,0.0048,0.9430,0.0054,0.9892,0.0005,0.5616,0.0101,0.7164,0.0081,0.8326,0.0053
rk45,64,8,3,0.0163,0.0004,knn,knn,20000,240000,0.4016,0.0050,0.4079,0.0050,0.4016,0.0045,0.0575,0.0040,0.0199,0.0014,0.0296,0.0020,0.2188,0.0028
rk45,64,8,3,0.0163,0.0004,altered_knn,altered_knn,20000,160000,0.7243,0.0071,0.7351,0.0079,0.7367,0.0026,0.0500,0.0092,0.0708,0.0384,0.0526,0.0094,0.3939,0.0028
rk45,64,8,3,0.0163,0.0004,quadratic,quadratic,20000,240000,0.8997,0.0034,0.9085,0.0033,0.9027,0.0040,0.6212,0.0067,0.3683,0.0040,0.4624,0.0029,0.6854,0.0030
rk45,64,8,3,0.0163,0.0004,polar3,polar,20000,240000,0.9404,0.0022,0.9466,0.0022,0.9409,0.0029,0.9897,0.0011,0.5657,0.0100,0.7199,0.0079,0.8333,0.0038
rk45,64,16,3,0.0175,0.0004,knn,knn,2000,48000,0.2625,0.0010,0.2665,0.0009,0.2627,0.0011,0.0410,0.0018,0.0394,0.0009,0.0401,0.0004,0.1533,0.0003
rk45,64,16,3,0.0175,0.0004,altered_knn,altered_knn,2000,32000,0.6219,0.0027,0.6322,0.0029,0.6314,0.0016,0.0435,0.0021,0.0401,0.0204,0.0380,0.0131,0.3351,0.0052
rk45,64,16,3,0.0175,0.0004,quadratic,quadratic,2000,48000,0.6921,0.0013,0.6983,0.0014,0.7040,0.0015,0.1382,0.0023,0.3425,0.0039,0.1970,0.0028,0.4476,0.0009
rk45,64,16,3,0.0175,0.0004,polar3,polar,2000,48000,0.8903,0.0044,0.8979,0.0042,0.8913,0.0046,0.9670,0.0046,0.4617,0.0150,0.6249,0.0133,0.7614,0.0077
rk45,64,16,3,0.0175,0.0004,knn,knn,5000,120000,0.2755,0.0013,0.2797,0.0012,0.2758,0.0013,0.0432,0.0013,0.0365,0.0018,0.0395,0.0014,0.1596,0.0011
rk45,64,16,3,0.0175,0.0004,altered_knn,altered_knn,5000,80000,0.6161,0.0398,0.6232,0.0439,0.6572,0.0058,0.0396,0.0085,0.2192,0.1827,0.0539,0.0071,0.3386,0.0213
rk45,64,16,3,0.0175,0.0004,quadratic,quadratic,5000,120000,0.8201,0.0011,0.8277,0.0011,0.8265,0.0013,0.3303,0.0067,0.3919,0.0042,0.3584,0.0027,0.5930,0.0018
rk45,64,16,3,0.0175,0.0004,polar3,polar,5000,120000,0.9242,0.0027,0.9322,0.0022,0.9260,0.0032,0.9869,0.0015,0.4719,0.0187,0.6383,0.0171,0.7853,0.0095
rk45,64,16,3,0.0175,0.0004,knn,knn,10000,240000,0.2856,0.0019,0.2901,0.0018,0.2861,0.0018,0.0448,0.0022,0.0331,0.0013,0.0381,0.0017,0.1641,0.0011
rk45,64,16,3,0.0175,0.0004,altered_knn,altered_knn,10000,160000,0.6582,0.0064,0.6674,0.0071,0.6801,0.0008,0.0457,0.0033,0.1411,0.0414,0.0674,0.0037,0.3674,0.0022
rk45,64,16,3,0.0175,0.0004,quadratic,quadratic,10000,240000,0.8663,0.0006,0.8748,0.0005,0.8710,0.0007,0.4856,0.0104,0.3878,0.0041,0.4312,0.0032,0.6530,0.0019
rk45,64,16,3,0.0175,0.0004,polar3,polar,10000,240000,0.9284,0.0040,0.9365,0.0036,0.9305,0.0040,0.9882,0.0006,0.4731,0.0180,0.6397,0.0166,0.7881,0.0101
rk45,64,16,3,0.0175,0.0004,knn,knn,15000,360000,0.2912,0.0012,0.2958,0.0011,0.2920,0.0012,0.0450,0.0001,0.0307,0.0007,0.0365,0.0005,0.1662,0.0007
rk45,64,16,3,0.0175,0.0004,altered_knn,altered_knn,15000,240000,0.6764,0.0016,0.6875,0.0024,0.6864,0.0022,0.0640,0.0155,0.0519,0.0308,0.0479,0.0156,0.3677,0.0067
rk45,64,16,3,0.0175,0.0004,quadratic,quadratic,15000,360000,0.8916,0.0009,0.9012,0.0010,0.8951,0.0010,0.7115,0.0085,0.3470,0.0067,0.4664,0.0043,0.6838,0.0019
rk45,64,16,3,0.0175,0.0004,polar3,polar,15000,360000,0.9377,0.0009,0.9459,0.0012,0.9400,0.0006,0.9895,0.0021,0.4769,0.0173,0.6434,0.0160,0.7947,0.0077
rk45,64,16,3,0.0175,0.0004,knn,knn,20000,480000,0.2944,0.0015,0.2991,0.0015,0.2951,0.0015,0.0475,0.0026,0.0311,0.0011,0.0376,0.0016,0.1683,0.0003
rk45,64,16,3,0.0175,0.0004,altered_knn,altered_knn,20000,320000,0.6827,0.0012,0.6941,0.0011,0.6914,0.0010,0.0649,0.0036,0.0440,0.0060,0.0520,0.0040,0.3731,0.0015
rk45,64,16,3,0.0175,0.0004,quadratic,quadratic,20000,480000,0.9039,0.0007,0.9142,0.0008,0.9073,0.0008,0.8247,0.0118,0.3272,0.0082,0.4684,0.0067,0.6913,0.0030
rk45,64,16,3,0.0175,0.0004,polar3,polar,20000,480000,0.9432,0.0041,0.9514,0.0037,0.9457,0.0042,0.9897,0.0016,0.4790,0.0181,0.6454,0.0167,0.7984,0.0098
rk45,128,2,3,0.0171,0.0003,knn,knn,2000,6000,0.6831,0.0057,0.6949,0.0060,0.6878,0.0040,0.0547,0.0118,0.0031,0.0006,0.0059,0.0011,0.3504,0.0031
rk45,128,2,3,0.0171,0.0003,altered_knn,altered_knn,2000,4000,0.7814,0.0061,0.7926,0.0061,0.8322,0.0050,0.0211,0.0007,0.1369,0.0067,0.0365,0.0013,0.4146,0.0025
rk45,128,2,3,0.0171,0.0003,quadratic,quadratic,2000,6000,0.3944,0.0034,0.3952,0.0035,0.4682,0.0032,0.0180,0.0007,0.3452,0.0087,0.0341,0.0013,0.2147,0.0018
rk45,128,2,3,0.0171,0.0003,polar3,polar,2000,6000,0.9257,0.0079,0.9341,0.0083,0.9312,0.0080,0.6340,0.0187,0.4413,0.0259,0.5203,0.0243,0.7272,0.0097
rk45,128,2,3,0.0171,0.0003,knn,knn,5000,15000,0.6928,0.0054,0.7048,0.0057,0.6976,0.0034,0.0458,0.0337,0.0021,0.0015,0.0041,0.0029,0.3544,0.0040
rk45,128,2,3,0.0171,0.0003,altered_knn,altered_knn,5000,10000,0.6122,0.0820,0.6151,0.0850,0.7439,0.0609,0.0211,0.0009,0.4394,0.0900,0.0401,0.0013,0.3276,0.0431
rk45,128,2,3,0.0171,0.0003,quadratic,quadratic,5000,15000,0.4368,0.0028,0.4382,0.0029,0.5232,0.0034,0.0180,0.0005,0.3580,0.0053,0.0342,0.0009,0.2362,0.0011
rk45,128,2,3,0.0171,0.0003,polar3,polar,5000,15000,0.9456,0.0089,0.9528,0.0090,0.9491,0.0090,0.8900,0.0094,0.5346,0.0148,0.6678,0.0116,0.8103,0.0055
rk45,128,2,3,0.0171,0.0003,knn,knn,10000,30000,0.6998,0.0084,0.7119,0.0087,0.7041,0.0060,0.0432,0.0068,0.0014,0.0003,0.0027,0.0006,0.3573,0.0042
rk45,128,2,3,0.0171,0.0003,altered_knn,altered_knn,10000,20000,0.6745,0.1140,0.6802,0.1190,0.7808,0.0702,0.0216,0.0013,0.3459,0.1710,0.0397,0.0003,0.3599,0.0597
rk45,128,2,3,0.0171,0.0003,quadratic,quadratic,10000,30000,0.6874,0.0012,0.6927,0.0012,0.7680,0.0010,0.0308,0.0002,0.3791,0.0075,0.0569,0.0004,0.3748,0.0007
rk45,128,2,3,0.0171,0.0003,polar3,polar,10000,30000,0.9634,0.0030,0.9695,0.0034,0.9661,0.0032,0.9664,0.0055,0.6103,0.0221,0.7478,0.0158,0.8587,0.0063
rk45,128,2,3,0.0171,0.0003,knn,knn,15000,45000,0.7037,0.0063,0.7159,0.0066,0.7084,0.0041,0.0493,0.0024,0.0018,0.0000,0.0034,0.0000,0.3597,0.0033
rk45,128,2,3,0.0171,0.0003,altered_knn,altered_knn,15000,30000,0.6834,0.1143,0.6894,0.1191,0.7877,0.0699,0.0224,0.0020,0.3412,0.1638,0.0408,0.0015,0.3651,0.0603
rk45,128,2,3,0.0171,0.0003,quadratic,quadratic,15000,45000,0.8267,0.0012,0.8338,0.0014,0.8712,0.0009,0.0694,0.0015,0.4139,0.0095,0.1189,0.0023,0.4764,0.0016
rk45,128,2,3,0.0171,0.0003,polar3,polar,15000,45000,0.9695,0.0070,0.9748,0.0072,0.9717,0.0072,0.9808,0.0060,0.6641,0.0214,0.7917,0.0136,0.8832,0.0051
rk45,128,2,3,0.0171,0.0003,knn,knn,20000,60000,0.7061,0.0058,0.7184,0.0061,0.7107,0.0037,0.0556,0.0266,0.0016,0.0007,0.0030,0.0014,0.3607,0.0033
rk45,128,2,3,0.0171,0.0003,altered_knn,altered_knn,20000,40000,0.7299,0.1240,0.7381,0.1298,0.8115,0.0726,0.0221,0.0015,0.2642,0.2024,0.0389,0.0022,0.3885,0.0644
rk45,128,2,3,0.0171,0.0003,quadratic,quadratic,20000,60000,0.8776,0.0011,0.8857,0.0010,0.9064,0.0007,0.1128,0.0054,0.4117,0.0117,0.1770,0.0077,0.5313,0.0043
rk45,128,2,3,0.0171,0.0003,polar3,polar,20000,60000,0.9741,0.0051,0.9787,0.0054,0.9761,0.0053,0.9886,0.0034,0.7078,0.0182,0.8248,0.0115,0.9018,0.0040
rk45,128,4,3,0.0158,0.0005,knn,knn,2000,12000,0.4722,0.0079,0.4797,0.0078,0.4721,0.0053,0.0323,0.0065,0.0088,0.0021,0.0138,0.0032,0.2467,0.0055
rk45,128,4,3,0.0158,0.0005,altered_knn,altered_knn,2000,8000,0.6653,0.0425,0.6737,0.0449,0.7109,0.0132,0.0208,0.0022,0.1496,0.1026,0.0325,0.0035,0.3531,0.0211
rk45,128,4,3,0.0158,0.0005,quadratic,quadratic,2000,12000,0.2953,0.0015,0.2940,0.0017,0.3564,0.0016,0.0163,0.0008,0.3750,0.0084,0.0313,0.0015,0.1627,0.0006
rk45,128,4,3,0.0158,0.0005,polar3,polar,2000,12000,0.8985,0.0076,0.9052,0.0078,0.9011,0.0074,0.9306,0.0119,0.4834,0.0041,0.6362,0.0047,0.7707,0.0062
rk45,128,4,3,0.0158,0.0005,knn,knn,5000,30000,0.4868,0.0083,0.4945,0.0082,0.4868,0.0055,0.0390,0.0007,0.0085,0.0005,0.0140,0.0007,0.2542,0.0044
rk45,128,4,3,0.0158,0.0005,altered_knn,altered_knn,5000,20000,0.7331,0.0079,0.7444,0.0078,0.7439,0.0070,0.0250,0.0025,0.0286,0.0023,0.0267,0.0024,0.3856,0.0037
rk45,128,4,3,0.0158,0.0005,quadratic,quadratic,5000,30000,0.4350,0.0011,0.4365,0.0012,0.5028,0.0008,0.0192,0.0005,0.3402,0.0047,0.0364,0.0008,0.2364,0.0010
rk45,128,4,3,0.0158,0.0005,polar3,polar,5000,30000,0.9355,0.0034,0.9409,0.0036,0.9370,0.0033,0.9821,0.0044,0.5978,0.0096,0.7432,0.0067,0.8420,0.0040
rk45,128,4,3,0.0158,0.0005,knn,knn,10000,60000,0.4966,0.0069,0.5045,0.0069,0.4967,0.0043,0.0318,0.0037,0.0056,0.0007,0.0095,0.0012,0.2570,0.0036
rk45,128,4,3,0.0158,0.0005,altered_knn,altered_knn,10000,40000,0.6228,0.0720,0.6277,0.0755,0.7148,0.0365,0.0204,0.0014,0.3238,0.1383,0.0379,0.0017,0.3328,0.0385
rk45,128,4,3,0.0158,0.0005,quadratic,quadratic,10000,60000,0.7351,0.0022,0.7409,0.0022,0.7698,0.0020,0.0636,0.0030,0.3762,0.0096,0.1088,0.0048,0.4248,0.0013
rk45,128,4,3,0.0158,0.0005,polar3,polar,10000,60000,0.9578,0.0032,0.9622,0.0034,0.9590,0.0033,0.9904,0.0022,0.6894,0.0121,0.8129,0.0083,0.8875,0.0042
rk45,128,4,3,0.0158,0.0005,knn,knn,15000,90000,0.5002,0.0084,0.5082,0.0084,0.5001,0.0056,0.0340,0.0076,0.0056,0.0012,0.0096,0.0021,0.2589,0.0051
rk45,128,4,3,0.0158,0.0005,altered_knn,altered_knn,15000,60000,0.7328,0.0126,0.7432,0.0127,0.7610,0.0087,0.0225,0.0011,0.0902,0.0075,0.0360,0.0010,0.3896,0.0067
rk45,128,4,3,0.0158,0.0005,quadratic,quadratic,15000,90000,0.8170,0.0004,0.8237,0.0003,0.8390,0.0007,0.1167,0.0036,0.4017,0.0093,0.1808,0.0046,0.5022,0.0022
rk45,128,4,3,0.0158,0.0005,polar3,polar,15000,90000,0.9656,0.0022,0.9693,0.0024,0.9665,0.0023,0.9913,0.0035,0.7353,0.0128,0.8442,0.0072,0.9068,0.0035
rk45,128,4,3,0.0158,0.0005,knn,knn,20000,120000,0.5034,0.0094,0.5114,0.0094,0.5036,0.0066,0.0420,0.0043,0.0066,0.0007,0.0114,0.0013,0.2614,0.0041
rk45,128,4,3,0.0158,0.0005,altered_knn,altered_knn,20000,80000,0.7019,0.0290,0.7102,0.0304,0.7590,0.0099,0.0213,0.0011,0.1875,0.0601,0.0376,0.0002,0.3739,0.0151
rk45,128,4,3,0.0158,0.0005,quadratic,quadratic,20000,120000,0.8509,0.0007,0.8582,0.0008,0.8685,0.0007,0.1543,0.0084,0.4020,0.0084,0.2229,0.0101,0.5405,0.0055
rk45,128,4,3,0.0158,0.0005,polar3,polar,20000,120000,0.9671,0.0022,0.9706,0.0024,0.9681,0.0024,0.9911,0.0037,0.7521,0.0099,0.8552,0.0051,0.9129,0.0018
rk45,128,8,3,0.0149,0.0005,knn,knn,2000,24000,0.3208,0.0018,0.3253,0.0017,0.3199,0.0013,0.0270,0.0040,0.0205,0.0026,0.0233,0.0031,0.1743,0.0008
rk45,128,8,3,0.0149,0.0005,altered_knn,altered_knn,2000,16000,0.5747,0.0337,0.5807,0.0361,0.6203,0.0061,0.0198,0.0021,0.1803,0.1172,0.0323,0.0027,0.3065,0.0167
rk45,128,8,3,0.0149,0.0005,quadratic,quadratic,2000,24000,0.2978,0.0012,0.2963,0.0012,0.3618,0.0015,0.0161,0.0004,0.3992,0.0049,0.0310,0.0007,0.1636,0.0009
rk45,128,8,3,0.0149,0.0005,polar3,polar,2000,24000,0.8703,0.0115,0.8751,0.0120,0.8707,0.0106,0.9643,0.0080,0.5510,0.0166,0.7011,0.0113,0.7881,0.0041
rk45,128,8,3,0.0149,0.0005,knn,knn,5000,60000,0.3336,0.0029,0.3384,0.0029,0.3328,0.0017,0.0271,0.0007,0.0189,0.0008,0.0223,0.0007,0.1803,0.0013
rk45,128,8,3,0.0149,0.0005,altered_knn,altered_knn,5000,40000,0.5687,0.0992,0.5741,0.1046,0.6249,0.0395,0.0206,0.0035,0.2241,0.2537,0.0269,0.0074,0.3005,0.0502
rk45,128,8,3,0.0149,0.0005,quadratic,quadratic,5000,60000,0.4793,0.0004,0.4815,0.0006,0.5310,0.0005,0.0244,0.0008,0.3353,0.0073,0.0454,0.0014,0.2635,0.0010
rk45,128,8,3,0.0149,0.0005,polar3,polar,5000,60000,0.9240,0.0030,0.9281,0.0028,0.9242,0.0035,0.9798,0.0080,0.6519,0.0165,0.7827,0.0099,0.8554,0.0057
rk45,128,8,3,0.0149,0.0005,knn,knn,10000,120000,0.3439,0.0024,0.3488,0.0023,0.3428,0.0015,0.0307,0.0015,0.0170,0.0010,0.0219,0.0010,0.1854,0.0010
rk45,128,8,3,0.0149,0.0005,altered_knn,altered_knn,10000,80000,0.6028,0.0773,0.6090,0.0814,0.6528,0.0273,0.0193,0.0015,0.1872,0.2001,0.0288,0.0073,0.3189,0.0384
rk45,128,8,3,0.0149,0.0005,quadratic,quadratic,10000,120000,0.7186,0.0013,0.7235,0.0011,0.7383,0.0009,0.0950,0.0027,0.3964,0.0052,0.1532,0.0033,0.4383,0.0015
rk45,128,8,3,0.0149,0.0005,polar3,polar,10000,120000,0.9454,0.0023,0.9490,0.0025,0.9458,0.0025,0.9849,0.0101,0.7045,0.0212,0.8211,0.0113,0.8851,0.0051
rk45,128,8,3,0.0149,0.0005,knn,knn,15000,180000,0.3483,0.0021,0.3533,0.0020,0.3476,0.0014,0.0309,0.0030,0.0163,0.0008,0.0214,0.0014,0.1873,0.0008
rk45,128,8,3,0.0149,0.0005,altered_knn,altered_knn,15000,120000,0.5912,0.0763,0.5961,0.0802,0.6587,0.0290,0.0208,0.0018,0.2637,0.1952,0.0328,0.0072,0.3144,0.0381
rk45,128,8,3,0.0149,0.0005,quadratic,quadratic,15000,180000,0.7922,0.0009,0.7979,0.0012,0.8055,0.0009,0.1575,0.0043,0.4144,0.0084,0.2281,0.0034,0.5130,0.0023
rk45,128,8,3,0.0149,0.0005,polar3,polar,15000,180000,0.9502,0.0007,0.9538,0.0011,0.9507,0.0010,0.9848,0.0094,0.7155,0.0201,0.8285,0.0103,0.8912,0.0046
rk45,128,8,3,0.0149,0.0005,knn,knn,20000,240000,0.3513,0.0018,0.3564,0.0017,0.3507,0.0010,0.0317,0.0012,0.0160,0.0008,0.0213,0.0009,0.1888,0.0009
rk45,128,8,3,0.0149,0.0005,altered_knn,altered_knn,20000,160000,0.6406,0.0165,0.6477,0.0176,0.6845,0.0014,0.0209,0.0008,0.1709,0.0628,0.0369,0.0025,0.3423,0.0076
rk45,128,8,3,0.0149,0.0005,quadratic,quadratic,20000,240000,0.8317,0.0003,0.8381,0.0004,0.8412,0.0002,0.2283,0.0058,0.4090,0.0054,0.2930,0.0035,0.5655,0.0019
rk45,128,8,3,0.0149,0.0005,polar3,polar,20000,240000,0.9497,0.0030,0.9531,0.0034,0.9505,0.0031,0.9840,0.0102,0.7218,0.0203,0.8325,0.0102,0.8928,0.0036
rk45,128,16,3,0.0143,0.0002,knn,knn,2000,48000,0.2138,0.0013,0.2164,0.0014,0.2133,0.0009,0.0246,0.0002,0.0367,0.0002,0.0295,0.0002,0.1229,0.0006
rk45,128,16,3,0.0143,0.0002,altered_knn,altered_knn,2000,32000,0.4814,0.0728,0.4849,0.0773,0.5324,0.0229,0.0193,0.0019,0.2375,0.2386,0.0319,0.0028,0.2584,0.0382
rk45,128,16,3,0.0143,0.0002,quadratic,quadratic,2000,48000,0.3425,0.0006,0.3413,0.0006,0.4120,0.0009,0.0172,0.0002,0.4210,0.0020,0.0331,0.0005,0.1872,0.0001
rk45,128,16,3,0.0143,0.0002,polar3,polar,2000,48000,0.8679,0.0021,0.8717,0.0019,0.8666,0.0027,0.9546,0.0012,0.5997,0.0117,0.7366,0.0086,0.8042,0.0052
rk45,128,16,3,0.0143,0.0002,knn,knn,5000,120000,0.2253,0.0009,0.2281,0.0010,0.2249,0.0003,0.0243,0.0012,0.0321,0.0015,0.0276,0.0014,0.1278,0.0010
rk45,128,16,3,0.0143,0.0002,altered_knn,altered_knn,5000,80000,0.5713,0.0015,0.5790,0.0016,0.5819,0.0029,0.0222,0.0026,0.0379,0.0205,0.0250,0.0062,0.3020,0.0026
rk45,128,16,3,0.0143,0.0002,quadratic,quadratic,5000,120000,0.5014,0.0012,0.5038,0.0012,0.5408,0.0019,0.0309,0.0008,0.3391,0.0050,0.0566,0.0014,0.2802,0.0004
rk45,128,16,3,0.0143,0.0002,polar3,polar,5000,120000,0.9084,0.0037,0.9119,0.0037,0.9079,0.0035,0.9763,0.0014,0.6612,0.0084,0.7884,0.0055,0.8502,0.0034
rk45,128,16,3,0.0143,0.0002,knn,knn,10000,240000,0.2339,0.0010,0.2369,0.0011,0.2334,0.0006,0.0251,0.0006,0.0284,0.0014,0.0267,0.0009,0.1318,0.0002
rk45,128,16,3,0.0143,0.0002,altered_knn,altered_knn,10000,160000,0.5882,0.0056,0.5958,0.0061,0.6046,0.0022,0.0220,0.0018,0.0666,0.0305,0.0316,0.0037,0.3137,0.0030
rk45,128,16,3,0.0143,0.0002,quadratic,quadratic,10000,240000,0.6985,0.0008,0.7027,0.0007,0.7125,0.0011,0.1166,0.0005,0.4074,0.0036,0.1813,0.0003,0.4420,0.0002
rk45,128,16,3,0.0143,0.0002,polar3,polar,10000,240000,0.9210,0.0007,0.9246,0.0005,0.9211,0.0011,0.9775,0.0016,0.6743,0.0087,0.7981,0.0056,0.8613,0.0030
rk45,128,16,3,0.0143,0.0002,knn,knn,15000,360000,0.2377,0.0017,0.2408,0.0018,0.2372,0.0012,0.0246,0.0018,0.0269,0.0012,0.0257,0.0015,0.1332,0.0015
rk45,128,16,3,0.0143,0.0002,altered_knn,altered_knn,15000,240000,0.4960,0.0600,0.4978,0.0630,0.5846,0.0270,0.0179,0.0009,0.3775,0.1519,0.0338,0.0012,0.2658,0.0319
rk45,128,16,3,0.0143,0.0002,quadratic,quadratic,15000,360000,0.7946,0.0009,0.8003,0.0010,0.7994,0.0007,0.3126,0.0054,0.4034,0.0034,0.3522,0.0028,0.5762,0.0015
rk45,128,16,3,0.0143,0.0002,polar3,polar,15000,360000,0.9250,0.0041,0.9285,0.0040,0.9247,0.0046,0.9770,0.0017,0.6847,0.0109,0.8050,0.0070,0.8668,0.0053
rk45,128,16,3,0.0143,0.0002,knn,knn,20000,480000,0.2408,0.0017,0.2438,0.0018,0.2403,0.0013,0.0266,0.0010,0.0283,0.0013,0.0274,0.0011,0.1356,0.0003
rk45,128,16,3,0.0143,0.0002,altered_knn,altered_knn,20000,320000,0.5761,0.0371,0.5818,0.0394,0.6196,0.0113,0.0206,0.0012,0.1896,0.1164,0.0358,0.0002,0.3088,0.0197
rk45,128,16,3,0.0143,0.0002,quadratic,quadratic,20000,480000,0.8373,0.0015,0.8437,0.0014,0.8404,0.0016,0.4708,0.0019,0.3919,0.0051,0.4277,0.0024,0.6357,0.0016
rk45,128,16,3,0.0143,0.0002,polar3,polar,20000,480000,0.9268,0.0052,0.9302,0.0050,0.9266,0.0055,0.9761,0.0022,0.6891,0.0103,0.8078,0.0063,0.8690,0.0057
rk45,256,2,3,0.0230,0.0009,knn,knn,2000,6000,0.6608,0.0082,0.6763,0.0090,0.6674,0.0067,0.0253,0.0142,0.0017,0.0011,0.0033,0.0020,0.3398,0.0048
rk45,256,2,3,0.0230,0.0009,altered_knn,altered_knn,2000,4000,0.6414,0.0958,0.6484,0.1022,0.7508,0.0557,0.0276,0.0016,0.3547,0.1597,0.0497,0.0005,0.3490,0.0509
rk45,256,2,3,0.0230,0.0009,quadratic,quadratic,2000,6000,0.3714,0.0026,0.3726,0.0027,0.4383,0.0021,0.0233,0.0015,0.3221,0.0096,0.0434,0.0027,0.2080,0.0023
rk45,256,2,3,0.0230,0.0009,polar3,polar,2000,6000,0.9042,0.0039,0.9157,0.0034,0.9134,0.0041,0.5179,0.0267,0.4148,0.0106,0.4601,0.0080,0.6879,0.0029
rk45,256,2,3,0.0230,0.0009,knn,knn,5000,15000,0.6733,0.0062,0.6891,0.0069,0.6801,0.0050,0.0518,0.0089,0.0017,0.0003,0.0034,0.0006,0.3462,0.0037
rk45,256,2,3,0.0230,0.0009,altered_knn,altered_knn,5000,10000,0.7420,0.0626,0.7546,0.0671,0.8157,0.0299,0.0273,0.0023,0.2075,0.1225,0.0467,0.0047,0.4007,0.0320
rk45,256,2,3,0.0230,0.0009,quadratic,quadratic,5000,15000,0.3715,0.0013,0.3720,0.0011,0.4456,0.0011,0.0232,0.0015,0.3521,0.0104,0.0435,0.0027,0.2078,0.0018
rk45,256,2,3,0.0230,0.0009,polar3,polar,5000,15000,0.9287,0.0024,0.9393,0.0021,0.9346,0.0024,0.8082,0.0117,0.4778,0.0067,0.6005,0.0069,0.7699,0.0028
rk45,256,2,3,0.0230,0.0009,knn,knn,10000,30000,0.6809,0.0079,0.6969,0.0087,0.6875,0.0066,0.0580,0.0333,0.0017,0.0009,0.0033,0.0018,0.3501,0.0046
rk45,256,2,3,0.0230,0.0009,altered_knn,altered_knn,10000,20000,0.6323,0.1210,0.6381,0.1281,0.7482,0.0735,0.0267,0.0008,0.3757,0.1885,0.0483,0.0042,0.3432,0.0620
rk45,256,2,3,0.0230,0.0009,quadratic,quadratic,10000,30000,0.3831,0.0016,0.3834,0.0017,0.4634,0.0017,0.0235,0.0007,0.3715,0.0075,0.0441,0.0013,0.2138,0.0015
rk45,256,2,3,0.0230,0.0009,polar3,polar,10000,30000,0.9395,0.0067,0.9488,0.0070,0.9440,0.0068,0.9325,0.0104,0.5467,0.0126,0.6892,0.0106,0.8190,0.0077
rk45,256,2,3,0.0230,0.0009,knn,knn,15000,45000,0.6843,0.0094,0.7003,0.0103,0.6910,0.0080,0.0435,0.0135,0.0013,0.0004,0.0025,0.0007,0.3514,0.0052
rk45,256,2,3,0.0230,0.0009,altered_knn,altered_knn,15000,30000,0.6924,0.0835,0.7017,0.0884,0.7929,0.0450,0.0278,0.0012,0.2997,0.1337,0.0495,0.0019,0.3756,0.0436
rk45,256,2,3,0.0230,0.0009,quadratic,quadratic,15000,45000,0.3977,0.0022,0.3981,0.0023,0.4816,0.0029,0.0239,0.0008,0.3798,0.0031,0.0450,0.0013,0.2216,0.0018
rk45,256,2,3,0.0230,0.0009,polar3,polar,15000,45000,0.9470,0.0030,0.9555,0.0033,0.9509,0.0031,0.9719,0.0029,0.5874,0.0065,0.7322,0.0058,0.8439,0.0037
rk45,256,2,3,0.0230,0.0009,knn,knn,20000,60000,0.6871,0.0085,0.7033,0.0093,0.6940,0.0072,0.0228,0.0161,0.0006,0.0004,0.0011,0.0008,0.3522,0.0048
rk45,256,2,3,0.0230,0.0009,altered_knn,altered_knn,20000,40000,0.6307,0.0766,0.6362,0.0805,0.7584,0.0559,0.0271,0.0015,0.3980,0.0888,0.0505,0.0020,0.3433,0.0412
rk45,256,2,3,0.0230,0.0009,quadratic,quadratic,20000,60000,0.4199,0.0031,0.4208,0.0031,0.5102,0.0042,0.0239,0.0011,0.3824,0.0052,0.0449,0.0020,0.2329,0.0024
rk45,256,2,3,0.0230,0.0009,polar3,polar,20000,60000,0.9534,0.0026,0.9616,0.0030,0.9572,0.0028,0.9762,0.0007,0.6073,0.0070,0.7488,0.0053,0.8552,0.0014
rk45,256,4,3,0.0192,0.0005,knn,knn,2000,12000,0.4448,0.0085,0.4533,0.0085,0.4458,0.0065,0.0319,0.0029,0.0093,0.0009,0.0144,0.0013,0.2338,0.0049
rk45,256,4,3,0.0192,0.0005,altered_knn,altered_knn,2000,8000,0.6688,0.0134,0.6803,0.0139,0.6983,0.0075,0.0215,0.0002,0.0802,0.0215,0.0335,0.0025,0.3569,0.0059
rk45,256,4,3,0.0192,0.0005,quadratic,quadratic,2000,12000,0.2170,0.0007,0.2121,0.0006,0.2730,0.0009,0.0196,0.0007,0.4709,0.0031,0.0377,0.0012,0.1249,0.0008
rk45,256,4,3,0.0192,0.0005,polar3,polar,2000,12000,0.8613,0.0052,0.8691,0.0050,0.8647,0.0049,0.8219,0.0199,0.4657,0.0133,0.5943,0.0091,0.7317,0.0056
rk45,256,4,3,0.0192,0.0005,knn,knn,5000,30000,0.4568,0.0069,0.4656,0.0068,0.4582,0.0049,0.0346,0.0045,0.0063,0.0009,0.0107,0.0015,0.2382,0.0039
rk45,256,4,3,0.0192,0.0005,altered_knn,altered_knn,5000,20000,0.5965,0.0563,0.6022,0.0596,0.6852,0.0258,0.0226,0.0012,0.3015,0.1172,0.0417,0.0021,0.3220,0.0296
rk45,256,4,3,0.0192,0.0005,quadratic,quadratic,5000,30000,0.2574,0.0008,0.2541,0.0010,0.3187,0.0007,0.0195,0.0006,0.4264,0.0109,0.0373,0.0011,0.1457,0.0005
rk45,256,4,3,0.0192,0.0005,polar3,polar,5000,30000,0.9020,0.0071,0.9093,0.0071,0.9044,0.0073,0.9780,0.0067,0.5301,0.0054,0.6875,0.0029,0.7984,0.0044
rk45,256,4,3,0.0192,0.0005,knn,knn,10000,60000,0.4663,0.0081,0.4754,0.0081,0.4677,0.0061,0.0256,0.0027,0.0049,0.0005,0.0082,0.0008,0.2418,0.0037
rk45,256,4,3,0.0192,0.0005,altered_knn,altered_knn,10000,40000,0.6318,0.0902,0.6399,0.0956,0.7016,0.0405,0.0228,0.0017,0.2249,0.1837,0.0352,0.0075,0.3375,0.0459
rk45,256,4,3,0.0192,0.0005,quadratic,quadratic,10000,60000,0.2968,0.0007,0.2948,0.0006,0.3625,0.0004,0.0199,0.0003,0.4023,0.0078,0.0379,0.0006,0.1663,0.0005
rk45,256,4,3,0.0192,0.0005,polar3,polar,10000,60000,0.9365,0.0020,0.9425,0.0019,0.9384,0.0020,0.9931,0.0023,0.6307,0.0105,0.7714,0.0072,0.8570,0.0038
rk45,256,4,3,0.0192,0.0005,knn,knn,15000,90000,0.4709,0.0064,0.4800,0.0063,0.4724,0.0044,0.0267,0.0009,0.0047,0.0001,0.0080,0.0002,0.2440,0.0032
rk45,256,4,3,0.0192,0.0005,altered_knn,altered_knn,15000,60000,0.6745,0.0563,0.6845,0.0602,0.7292,0.0185,0.0242,0.0021,0.1684,0.1318,0.0377,0.0035,0.3611,0.0290
rk45,256,4,3,0.0192,0.0005,quadratic,quadratic,15000,90000,0.3451,0.0014,0.3446,0.0014,0.4145,0.0016,0.0201,0.0004,0.3696,0.0033,0.0381,0.0007,0.1913,0.0006
rk45,256,4,3,0.0192,0.0005,polar3,polar,15000,90000,0.9495,0.0039,0.9545,0.0042,0.9510,0.0040,0.9962,0.0018,0.6964,0.0027,0.8197,0.0013,0.8871,0.0017
rk45,256,4,3,0.0192,0.0005,knn,knn,20000,120000,0.4741,0.0063,0.4833,0.0062,0.4759,0.0045,0.0276,0.0060,0.0044,0.0012,0.0075,0.0020,0.2454,0.0041
rk45,256,4,3,0.0192,0.0005,altered_knn,altered_knn,20000,80000,0.6252,0.0682,0.6321,0.0726,0.7108,0.0295,0.0227,0.0011,0.2780,0.1507,0.0406,0.0015,0.3363,0.0356
rk45,256,4,3,0.0192,0.0005,quadratic,quadratic,20000,120000,0.3946,0.0002,0.3952,0.0003,0.4673,0.0002,0.0215,0.0006,0.3630,0.0059,0.0405,0.0012,0.2179,0.0004
rk45,256,4,3,0.0192,0.0005,polar3,polar,20000,120000,0.9515,0.0045,0.9557,0.0046,0.9523,0.0046,0.9957,0.0024,0.7341,0.0034,0.8451,0.0026,0.9004,0.0036
rk45,256,8,3,0.0175,0.0012,knn,knn,2000,24000,0.2857,0.0019,0.2904,0.0019,0.2849,0.0013,0.0236,0.0002,0.0193,0.0020,0.0212,0.0011,0.1558,0.0011
rk45,256,8,3,0.0175,0.0012,altered_knn,altered_knn,2000,16000,0.5051,0.0346,0.5093,0.0376,0.5702,0.0075,0.0212,0.0021,0.2744,0.1156,0.0383,0.0022,0.2738,0.0190
rk45,256,8,3,0.0175,0.0012,quadratic,quadratic,2000,24000,0.1666,0.0006,0.1595,0.0007,0.2210,0.0009,0.0177,0.0012,0.5646,0.0027,0.0343,0.0023,0.0969,0.0010
rk45,256,8,3,0.0175,0.0012,polar3,polar,2000,24000,0.8453,0.0031,0.8513,0.0033,0.8467,0.0032,0.9416,0.0224,0.5082,0.0195,0.6595,0.0123,0.7554,0.0051
rk45,256,8,3,0.0175,0.0012,knn,knn,5000,60000,0.2976,0.0018,0.3026,0.0018,0.2965,0.0014,0.0262,0.0016,0.0164,0.0015,0.0202,0.0014,0.1614,0.0006
rk45,256,8,3,0.0175,0.0012,altered_knn,altered_knn,5000,40000,0.5045,0.0570,0.5078,0.0610,0.5840,0.0189,0.0208,0.0018,0.3210,0.1609,0.0376,0.0027,0.2727,0.0299
rk45,256,8,3,0.0175,0.0012,quadratic,quadratic,5000,60000,0.2269,0.0007,0.2222,0.0009,0.2906,0.0007,0.0180,0.0012,0.4899,0.0009,0.0348,0.0023,0.1285,0.0009
rk45,256,8,3,0.0175,0.0012,polar3,polar,5000,60000,0.9075,0.0062,0.9127,0.0061,0.9085,0.0060,0.9726,0.0236,0.6137,0.0230,0.7519,0.0103,0.8323,0.0062
rk45,256,8,3,0.0175,0.0012,knn,knn,10000,120000,0.3069,0.0017,0.3121,0.0018,0.3062,0.0009,0.0262,0.0014,0.0151,0.0020,0.0191,0.0019,0.1656,0.0013
rk45,256,8,3,0.0175,0.0012,altered_knn,altered_knn,10000,80000,0.5820,0.0293,0.5896,0.0319,0.6261,0.0050,0.0219,0.0021,0.1654,0.0970,0.0347,0.0045,0.3121,0.0137
rk45,256,8,3,0.0175,0.0012,quadratic,quadratic,10000,120000,0.2937,0.0005,0.2914,0.0005,0.3589,0.0005,0.0192,0.0011,0.4236,0.0067,0.0367,0.0019,0.1640,0.0010
rk45,256,8,3,0.0175,0.0012,polar3,polar,10000,120000,0.9408,0.0016,0.9452,0.0018,0.9421,0.0015,0.9694,0.0302,0.6954,0.0206,0.8091,0.0042,0.8772,0.0015
rk45,256,8,3,0.0175,0.0012,knn,knn,15000,180000,0.3098,0.0022,0.3151,0.0023,0.3091,0.0015,0.0273,0.0022,0.0151,0.0004,0.0194,0.0008,0.1672,0.0011
rk45,256,8,3,0.0175,0.0012,altered_knn,altered_knn,15000,120000,0.6005,0.0293,0.6087,0.0311,0.6372,0.0043,0.0224,0.0013,0.1350,0.0982,0.0358,0.0061,0.3223,0.0130
rk45,256,8,3,0.0175,0.0012,quadratic,quadratic,15000,180000,0.3495,0.0010,0.3491,0.0011,0.4135,0.0008,0.0199,0.0012,0.3705,0.0035,0.0378,0.0022,0.1935,0.0016
rk45,256,8,3,0.0175,0.0012,polar3,polar,15000,180000,0.9514,0.0005,0.9556,0.0011,0.9525,0.0006,0.9679,0.0324,0.7199,0.0178,0.8250,0.0030,0.8903,0.0014
rk45,256,8,3,0.0175,0.0012,knn,knn,20000,240000,0.3135,0.0019,0.3189,0.0020,0.3128,0.0013,0.0255,0.0014,0.0134,0.0001,0.0176,0.0004,0.1682,0.0010
rk45,256,8,3,0.0175,0.0012,altered_knn,altered_knn,20000,160000,0.4909,0.0330,0.4919,0.0348,0.6013,0.0203,0.0206,0.0012,0.4340,0.0658,0.0392,0.0023,0.2656,0.0166
rk45,256,8,3,0.0175,0.0012,quadratic,quadratic,20000,240000,0.4026,0.0007,0.4036,0.0008,0.4622,0.0003,0.0224,0.0018,0.3463,0.0041,0.0421,0.0032,0.2228,0.0019
rk45,256,8,3,0.0175,0.0012,polar3,polar,20000,240000,0.9513,0.0029,0.9552,0.0025,0.9524,0.0029,0.9668,0.0339,0.7314,0.0155,0.8321,0.0044,0.8937,0.0011
rk45,256,16,3,0.0166,0.0003,knn,knn,2000,48000,0.1791,0.0009,0.1815,0.0009,0.1786,0.0005,0.0223,0.0008,0.0354,0.0022,0.0274,0.0013,0.1044,0.0008
rk45,256,16,3,0.0166,0.0003,altered_knn,altered_knn,2000,32000,0.4024,0.0382,0.4039,0.0411,0.4640,0.0127,0.0193,0.0008,0.3126,0.1346,0.0356,0.0008,0.2198,0.0203
rk45,256,16,3,0.0166,0.0003,quadratic,quadratic,2000,48000,0.1545,0.0006,0.1459,0.0004,0.2165,0.0011,0.0172,0.0004,0.6645,0.0064,0.0334,0.0007,0.0897,0.0005
rk45,256,16,3,0.0166,0.0003,polar3,polar,2000,48000,0.8223,0.0004,0.8262,0.0002,0.8181,0.0021,0.9640,0.0059,0.5886,0.0127,0.7308,0.0081,0.7785,0.0041
rk45,256,16,3,0.0166,0.0003,knn,knn,5000,120000,0.1888,0.0011,0.1915,0.0011,0.1881,0.0005,0.0229,0.0008,0.0304,0.0007,0.0261,0.0008,0.1088,0.0007
rk45,256,16,3,0.0166,0.0003,altered_knn,altered_knn,5000,80000,0.3660,0.0044,0.3636,0.0046,0.4677,0.0023,0.0189,0.0004,0.5060,0.0101,0.0364,0.0008,0.2000,0.0025
rk45,256,16,3,0.0166,0.0003,quadratic,quadratic,5000,120000,0.2399,0.0001,0.2346,0.0001,0.3162,0.0004,0.0179,0.0003,0.5547,0.0021,0.0347,0.0006,0.1346,0.0003
rk45,256,16,3,0.0166,0.0003,polar3,polar,5000,120000,0.8853,0.0044,0.8889,0.0047,0.8833,0.0043,0.9818,0.0037,0.6733,0.0105,0.7987,0.0061,0.8438,0.0010
rk45,256,16,3,0.0166,0.0003,knn,knn,10000,240000,0.1949,0.0010,0.1977,0.0010,0.1943,0.0005,0.0226,0.0003,0.0281,0.0009,0.0251,0.0005,0.1114,0.0006
rk45,256,16,3,0.0166,0.0003,altered_knn,altered_knn,10000,160000,0.4483,0.0593,0.4507,0.0636,0.5135,0.0181,0.0199,0.0006,0.3011,0.2014,0.0309,0.0090,0.2408,0.0273
rk45,256,16,3,0.0166,0.0003,quadratic,quadratic,10000,240000,0.3177,0.0006,0.3157,0.0006,0.3851,0.0005,0.0196,0.0002,0.4345,0.0040,0.0375,0.0004,0.1766,0.0005
rk45,256,16,3,0.0166,0.0003,polar3,polar,10000,240000,0.9137,0.0029,0.9173,0.0030,0.9135,0.0026,0.9824,0.0047,0.7009,0.0126,0.8180,0.0072,0.8676,0.0037
rk45,256,16,3,0.0166,0.0003,knn,knn,15000,360000,0.1982,0.0011,0.2012,0.0011,0.1977,0.0006,0.0219,0.0009,0.0254,0.0007,0.0235,0.0008,0.1123,0.0002
rk45,256,16,3,0.0166,0.0003,altered_knn,altered_knn,15000,240000,0.4417,0.0513,0.4427,0.0544,0.5249,0.0231,0.0198,0.0004,0.3813,0.1360,0.0373,0.0003,0.2400,0.0271
rk45,256,16,3,0.0166,0.0003,quadratic,quadratic,15000,360000,0.3684,0.0004,0.3684,0.0005,0.4238,0.0004,0.0223,0.0004,0.3686,0.0051,0.0420,0.0007,0.2052,0.0005
rk45,256,16,3,0.0166,0.0003,polar3,polar,15000,360000,0.9225,0.0044,0.9260,0.0047,0.9222,0.0041,0.9794,0.0042,0.7135,0.0110,0.8255,0.0061,0.8758,0.0022
rk45,256,16,3,0.0166,0.0003,knn,knn,20000,480000,0.2017,0.0009,0.2046,0.0008,0.2011,0.0004,0.0240,0.0005,0.0270,0.0011,0.0254,0.0008,0.1150,0.0008
rk45,256,16,3,0.0166,0.0003,altered_knn,altered_knn,20000,320000,0.4483,0.0724,0.4498,0.0777,0.5266,0.0215,0.0193,0.0002,0.3528,0.2426,0.0300,0.0105,0.2399,0.0336
rk45,256,16,3,0.0166,0.0003,quadratic,quadratic,20000,480000,0.4180,0.0005,0.4194,0.0006,0.4615,0.0006,0.0276,0.0007,0.3344,0.0020,0.0511,0.0012,0.2352,0.0005
rk45,256,16,3,0.0166,0.0003,polar3,polar,20000,480000,0.9317,0.0046,0.9352,0.0049,0.9323,0.0047,0.9788,0.0053,0.7205,0.0118,0.8299,0.0065,0.8826,0.0022
rk45,512,2,3,0.0299,0.0011,knn,knn,2000,6000,0.6586,0.0065,0.6788,0.0060,0.6677,0.0048,0.0461,0.0086,0.0026,0.0003,0.0048,0.0007,0.3418,0.0028
rk45,512,2,3,0.0299,0.0011,altered_knn,altered_knn,2000,4000,0.7255,0.0704,0.7410,0.0761,0.8032,0.0369,0.0357,0.0019,0.2188,0.1233,0.0593,0.0057,0.4002,0.0355
rk45,512,2,3,0.0299,0.0011,quadratic,quadratic,2000,6000,0.3544,0.0032,0.3548,0.0035,0.4200,0.0031,0.0305,0.0010,0.3403,0.0036,0.0560,0.0016,0.2054,0.0024
rk45,512,2,3,0.0299,0.0011,polar3,polar,2000,6000,0.8497,0.0012,0.8627,0.0008,0.8665,0.0012,0.3288,0.0089,0.4261,0.0138,0.3709,0.0014,0.6168,0.0011
rk45,512,2,3,0.0299,0.0011,knn,knn,5000,15000,0.6711,0.0069,0.6917,0.0064,0.6804,0.0052,0.0470,0.0142,0.0022,0.0005,0.0042,0.0010,0.3480,0.0028
rk45,512,2,3,0.0299,0.0011,altered_knn,altered_knn,5000,10000,0.5751,0.0607,0.5783,0.0653,0.7149,0.0459,0.0345,0.0017,0.4662,0.0960,0.0641,0.0038,0.3212,0.0309
rk45,512,2,3,0.0299,0.0011,quadratic,quadratic,5000,15000,0.3426,0.0040,0.3412,0.0045,0.4146,0.0034,0.0307,0.0014,0.3856,0.0166,0.0568,0.0024,0.1990,0.0028
rk45,512,2,3,0.0299,0.0011,polar3,polar,5000,15000,0.8986,0.0053,0.9103,0.0045,0.9086,0.0052,0.5856,0.0196,0.5195,0.0181,0.5499,0.0024,0.7301,0.0033
rk45,512,2,3,0.0299,0.0011,knn,knn,10000,30000,0.6761,0.0078,0.6969,0.0073,0.6853,0.0059,0.0314,0.0096,0.0012,0.0003,0.0024,0.0006,0.3496,0.0036
rk45,512,2,3,0.0299,0.0011,altered_knn,altered_knn,10000,20000,0.5948,0.0688,0.5995,0.0736,0.7312,0.0517,0.0346,0.0020,0.4404,0.0853,0.0640,0.0031,0.3318,0.0370
rk45,512,2,3,0.0299,0.0011,quadratic,quadratic,10000,30000,0.3443,0.0012,0.3429,0.0016,0.4188,0.0008,0.0304,0.0005,0.3910,0.0128,0.0564,0.0008,0.1996,0.0011
rk45,512,2,3,0.0299,0.0011,polar3,polar,10000,30000,0.9206,0.0061,0.9308,0.0054,0.9274,0.0059,0.7661,0.0123,0.5875,0.0166,0.6647,0.0068,0.7978,0.0060
rk45,512,2,3,0.0299,0.0011,knn,knn,15000,45000,0.6804,0.0058,0.7013,0.0052,0.6896,0.0040,0.0233,0.0178,0.0007,0.0005,0.0013,0.0010,0.3513,0.0029
rk45,512,2,3,0.0299,0.0011,altered_knn,altered_knn,15000,30000,0.6057,0.0649,0.6106,0.0694,0.7403,0.0484,0.0356,0.0014,0.4434,0.0895,0.0658,0.0032,0.3382,0.0335
rk45,512,2,3,0.0299,0.0011,quadratic,quadratic,15000,45000,0.3522,0.0033,0.3512,0.0038,0.4276,0.0035,0.0303,0.0016,0.3841,0.0166,0.0561,0.0029,0.2037,0.0022
rk45,512,2,3,0.0299,0.0011,polar3,polar,15000,45000,0.9322,0.0071,0.9416,0.0065,0.9377,0.0068,0.8449,0.0116,0.6272,0.0149,0.7197,0.0060,0.8306,0.0062
rk45,512,2,3,0.0299,0.0011,knn,knn,20000,60000,0.6821,0.0062,0.7031,0.0056,0.6913,0.0045,0.0121,0.0092,0.0003,0.0003,0.0006,0.0005,0.3518,0.0027
rk45,512,2,3,0.0299,0.0011,altered_knn,altered_knn,20000,40000,0.5388,0.0052,0.5391,0.0055,0.6920,0.0045,0.0348,0.0021,0.5307,0.0137,0.0654,0.0038,0.3022,0.0034
rk45,512,2,3,0.0299,0.0011,quadratic,quadratic,20000,60000,0.3530,0.0008,0.3520,0.0011,0.4303,0.0008,0.0300,0.0013,0.3867,0.0086,0.0557,0.0024,0.2038,0.0011
rk45,512,2,3,0.0299,0.0011,polar3,polar,20000,60000,0.9353,0.0044,0.9444,0.0039,0.9403,0.0043,0.8839,0.0100,0.6386,0.0198,0.7412,0.0099,0.8428,0.0063
rk45,512,4,3,0.0263,0.0001,knn,knn,2000,12000,0.4313,0.0053,0.4426,0.0054,0.4338,0.0034,0.0420,0.0060,0.0111,0.0014,0.0175,0.0022,0.2301,0.0034
rk45,512,4,3,0.0263,0.0001,altered_knn,altered_knn,2000,8000,0.6109,0.0428,0.6211,0.0472,0.6793,0.0106,0.0328,0.0027,0.2319,0.1181,0.0532,0.0043,0.3372,0.0215
rk45,512,4,3,0.0263,0.0001,quadratic,quadratic,2000,12000,0.1458,0.0011,0.1323,0.0011,0.1935,0.0013,0.0265,0.0003,0.6461,0.0053,0.0508,0.0005,0.0915,0.0007
rk45,512,4,3,0.0263,0.0001,polar3,polar,2000,12000,0.7879,0.0096,0.7954,0.0101,0.7940,0.0093,0.5599,0.0102,0.5100,0.0095,0.5337,0.0085,0.6646,0.0060
rk45,512,4,3,0.0263,0.0001,knn,knn,5000,30000,0.4433,0.0057,0.4550,0.0058,0.4459,0.0039,0.0339,0.0045,0.0077,0.0008,0.0125,0.0014,0.2338,0.0035
rk45,512,4,3,0.0263,0.0001,altered_knn,altered_knn,5000,20000,0.6299,0.0165,0.6403,0.0183,0.7020,0.0048,0.0326,0.0003,0.2458,0.0518,0.0574,0.0013,0.3488,0.0086
rk45,512,4,3,0.0263,0.0001,quadratic,quadratic,5000,30000,0.1774,0.0011,0.1663,0.0013,0.2328,0.0014,0.0265,0.0006,0.5878,0.0139,0.0508,0.0011,0.1085,0.0006
rk45,512,4,3,0.0263,0.0001,polar3,polar,5000,30000,0.8524,0.0100,0.8601,0.0102,0.8560,0.0098,0.8629,0.0112,0.5685,0.0014,0.6854,0.0027,0.7727,0.0050
rk45,512,4,3,0.0263,0.0001,knn,knn,10000,60000,0.4525,0.0066,0.4646,0.0067,0.4552,0.0049,0.0296,0.0046,0.0055,0.0008,0.0093,0.0014,0.2369,0.0032
rk45,512,4,3,0.0263,0.0001,altered_knn,altered_knn,10000,40000,0.5173,0.0224,0.5182,0.0242,0.6502,0.0152,0.0306,0.0002,0.4860,0.0459,0.0575,0.0006,0.2878,0.0118
rk45,512,4,3,0.0263,0.0001,quadratic,quadratic,10000,60000,0.2070,0.0018,0.1984,0.0019,0.2666,0.0020,0.0263,0.0002,0.5243,0.0015,0.0501,0.0003,0.1242,0.0009
rk45,512,4,3,0.0263,0.0001,polar3,polar,10000,60000,0.8824,0.0120,0.8895,0.0126,0.8849,0.0119,0.9674,0.0055,0.6183,0.0092,0.7544,0.0076,0.8219,0.0035
rk45,512,4,3,0.0263,0.0001,knn,knn,15000,90000,0.4564,0.0064,0.4686,0.0066,0.4593,0.0047,0.0271,0.0032,0.0048,0.0004,0.0082,0.0007,0.2384,0.0036
rk45,512,4,3,0.0263,0.0001,altered_knn,altered_knn,15000,60000,0.6281,0.0227,0.6372,0.0249,0.7156,0.0074,0.0324,0.0005,0.2928,0.0557,0.0581,0.0004,0.3476,0.0123
rk45,512,4,3,0.0263,0.0001,quadratic,quadratic,15000,90000,0.2226,0.0010,0.2151,0.0013,0.2829,0.0016,0.0268,0.0004,0.5037,0.0080,0.0509,0.0008,0.1330,0.0003
rk45,512,4,3,0.0263,0.0001,polar3,polar,15000,90000,0.9125,0.0037,0.9190,0.0037,0.9147,0.0035,0.9780,0.0072,0.6702,0.0048,0.7953,0.0017,0.8572,0.0023
rk45,512,4,3,0.0263,0.0001,knn,knn,20000,120000,0.4607,0.0062,0.4730,0.0064,0.4637,0.0045,0.0295,0.0092,0.0051,0.0016,0.0087,0.0028,0.2409,0.0046
rk45,512,4,3,0.0263,0.0001,altered_knn,altered_knn,20000,80000,0.5545,0.0817,0.5580,0.0877,0.6720,0.0485,0.0314,0.0014,0.4251,0.1419,0.0577,0.0004,0.3079,0.0441
rk45,512,4,3,0.0263,0.0001,quadratic,quadratic,20000,120000,0.2361,0.0017,0.2298,0.0017,0.2976,0.0021,0.0262,0.0002,0.4693,0.0027,0.0497,0.0004,0.1397,0.0010
rk45,512,4,3,0.0263,0.0001,polar3,polar,20000,120000,0.9180,0.0072,0.9238,0.0073,0.9197,0.0071,0.9863,0.0022,0.7031,0.0008,0.8210,0.0002,0.8724,0.0036
rk45,512,8,1,0.0219,0.0000,knn,knn,2000,24000,0.2703,0.0000,0.2760,0.0000,0.2704,0.0000,0.0265,0.0000,0.0176,0.0000,0.0211,0.0000,0.1486,0.0000
rk45,512,8,1,0.0219,0.0000,altered_knn,altered_knn,2000,16000,0.3943,0.0000,0.3912,0.0000,0.5118,0.0000,0.0244,0.0000,0.5315,0.0000,0.0467,0.0000,0.2190,0.0000
rk45,512,8,1,0.0219,0.0000,quadratic,quadratic,2000,24000,0.0858,0.0000,0.0698,0.0000,0.1158,0.0000,0.0221,0.0000,0.7993,0.0000,0.0431,0.0000,0.0564,0.0000
rk45,512,8,1,0.0219,0.0000,polar3,polar,2000,24000,0.7854,0.0000,0.7904,0.0000,0.7863,0.0000,0.8139,0.0000,0.5606,0.0000,0.6639,0.0000,0.7272,0.0000
rk45,512,8,1,0.0219,0.0000,knn,knn,5000,60000,0.2803,0.0000,0.2861,0.0000,0.2810,0.0000,0.0305,0.0000,0.0214,0.0000,0.0251,0.0000,0.1556,0.0000
rk45,512,8,1,0.0219,0.0000,altered_knn,altered_knn,5000,40000,0.4187,0.0000,0.4168,0.0000,0.5387,0.0000,0.0242,0.0000,0.5073,0.0000,0.0463,0.0000,0.2315,0.0000
rk45,512,8,1,0.0219,0.0000,quadratic,quadratic,5000,60000,0.1259,0.0000,0.1126,0.0000,0.1733,0.0000,0.0225,0.0000,0.7199,0.0000,0.0436,0.0000,0.0781,0.0000
rk45,512,8,1,0.0219,0.0000,polar3,polar,5000,60000,0.8379,0.0000,0.8428,0.0000,0.8349,0.0000,0.9566,0.0000,0.6173,0.0000,0.7504,0.0000,0.7966,0.0000
rk45,512,8,1,0.0219,0.0000,knn,knn,10000,120000,0.2887,0.0000,0.2947,0.0000,0.2894,0.0000,0.0307,0.0000,0.0197,0.0000,0.0240,0.0000,0.1593,0.0000
rk45,512,8,1,0.0219,0.0000,altered_knn,altered_knn,10000,80000,0.4154,0.0000,0.4123,0.0000,0.5425,0.0000,0.0250,0.0000,0.5526,0.0000,0.0479,0.0000,0.2301,0.0000
rk45,512,8,1,0.0219,0.0000,quadratic,quadratic,10000,120000,0.1608,0.0000,0.1499,0.0000,0.2175,0.0000,0.0226,0.0000,0.6450,0.0000,0.0436,0.0000,0.0968,0.0000
rk45,512,8,1,0.0219,0.0000,polar3,polar,10000,120000,0.8903,0.0000,0.8942,0.0000,0.8904,0.0000,0.9692,0.0000,0.7144,0.0000,0.8225,0.0000,0.8584,0.0000
rk45,512,8,1,0.0219,0.0000,knn,knn,15000,180000,0.2926,0.0000,0.2987,0.0000,0.2935,0.0000,0.0267,0.0000,0.0159,0.0000,0.0199,0.0000,0.1593,0.0000
rk45,512,8,1,0.0219,0.0000,altered_knn,altered_knn,15000,120000,0.6080,0.0000,0.6198,0.0000,0.6341,0.0000,0.0262,0.0000,0.0803,0.0000,0.0396,0.0000,0.3297,0.0000
rk45,512,8,1,0.0219,0.0000,quadratic,quadratic,15000,180000,0.1845,0.0000,0.1765,0.0000,0.2400,0.0000,0.0220,0.0000,0.5398,0.0000,0.0423,0.0000,0.1094,0.0000
rk45,512,8,1,0.0219,0.0000,polar3,polar,15000,180000,0.9073,0.0000,0.9107,0.0000,0.9058,0.0000,0.9681,0.0000,0.7535,0.0000,0.8474,0.0000,0.8791,0.0000
rk45,512,8,1,0.0219,0.0000,knn,knn,20000,240000,0.2942,0.0000,0.3004,0.0000,0.2952,0.0000,0.0285,0.0000,0.0169,0.0000,0.0212,0.0000,0.1608,0.0000
rk45,512,8,1,0.0219,0.0000,altered_knn,altered_knn,20000,160000,0.5869,0.0000,0.5960,0.0000,0.6373,0.0000,0.0269,0.0000,0.1824,0.0000,0.0469,0.0000,0.3214,0.0000
rk45,512,8,1,0.0219,0.0000,quadratic,quadratic,20000,240000,0.2012,0.0000,0.1940,0.0000,0.2597,0.0000,0.0222,0.0000,0.5235,0.0000,0.0426,0.0000,0.1183,0.0000
rk45,512,8,1,0.0219,0.0000,polar3,polar,20000,240000,0.9189,0.0000,0.9220,0.0000,0.9197,0.0000,0.9674,0.0000,0.7789,0.0000,0.8629,0.0000,0.8925,0.0000
rk45,512,16,1,0.0262,0.0000,knn,knn,2000,48000,0.1600,0.0000,0.1633,0.0000,0.1606,0.0000,0.0297,0.0000,0.0396,0.0000,0.0339,0.0000,0.0986,0.0000
rk45,512,16,1,0.0262,0.0000,altered_knn,altered_knn,2000,32000,0.4352,0.0000,0.4424,0.0000,0.4630,0.0000,0.0382,0.0000,0.1696,0.0000,0.0623,0.0000,0.2524,0.0000
rk45,512,16,1,0.0262,0.0000,quadratic,quadratic,2000,48000,0.0632,0.0000,0.0408,0.0000,0.0741,0.0000,0.0264,0.0000,0.8960,0.0000,0.0514,0.0000,0.0461,0.0000
rk45,512,16,1,0.0262,0.0000,polar3,polar,2000,48000,0.7299,0.0000,0.7376,0.0000,0.7319,0.0000,0.7981,0.0000,0.4429,0.0000,0.5697,0.0000,0.6536,0.0000
rk45,512,16,1,0.0262,0.0000,knn,knn,5000,120000,0.1669,0.0000,0.1706,0.0000,0.1672,0.0000,0.0297,0.0000,0.0328,0.0000,0.0312,0.0000,0.1009,0.0000
rk45,512,16,1,0.0262,0.0000,altered_knn,altered_knn,5000,80000,0.3522,0.0000,0.3463,0.0000,0.4467,0.0000,0.0325,0.0000,0.5714,0.0000,0.0615,0.0000,0.2039,0.0000
rk45,512,16,1,0.0262,0.0000,quadratic,quadratic,5000,120000,0.1086,0.0000,0.0898,0.0000,0.1494,0.0000,0.0267,0.0000,0.8063,0.0000,0.0517,0.0000,0.0708,0.0000
rk45,512,16,1,0.0262,0.0000,polar3,polar,5000,120000,0.7937,0.0000,0.8020,0.0000,0.7920,0.0000,0.8625,0.0000,0.4851,0.0000,0.6209,0.0000,0.7114,0.0000
rk45,512,16,1,0.0262,0.0000,knn,knn,10000,240000,0.1736,0.0000,0.1774,0.0000,0.1742,0.0000,0.0314,0.0000,0.0325,0.0000,0.0320,0.0000,0.1047,0.0000
rk45,512,16,1,0.0262,0.0000,altered_knn,altered_knn,10000,160000,0.4832,0.0000,0.4899,0.0000,0.5239,0.0000,0.0400,0.0000,0.2353,0.0000,0.0683,0.0000,0.2791,0.0000
rk45,512,16,1,0.0262,0.0000,quadratic,quadratic,10000,240000,0.1553,0.0000,0.1420,0.0000,0.2065,0.0000,0.0271,0.0000,0.6485,0.0000,0.0520,0.0000,0.0970,0.0000
rk45,512,16,1,0.0262,0.0000,polar3,polar,10000,240000,0.8409,0.0000,0.8499,0.0000,0.8427,0.0000,0.8520,0.0000,0.5078,0.0000,0.6364,0.0000,0.7431,0.0000
rk45,512,16,1,0.0262,0.0000,knn,knn,15000,360000,0.1759,0.0000,0.1798,0.0000,0.1766,0.0000,0.0300,0.0000,0.0307,0.0000,0.0303,0.0000,0.1051,0.0000
rk45,512,16,1,0.0262,0.0000,altered_knn,altered_knn,15000,240000,0.4918,0.0000,0.4981,0.0000,0.5379,0.0000,0.0395,0.0000,0.2579,0.0000,0.0684,0.0000,0.2832,0.0000
rk45,512,16,1,0.0262,0.0000,quadratic,quadratic,15000,360000,0.1753,0.0000,0.1638,0.0000,0.2331,0.0000,0.0263,0.0000,0.6011,0.0000,0.0504,0.0000,0.1071,0.0000
rk45,512,16,1,0.0262,0.0000,polar3,polar,15000,360000,0.8841,0.0000,0.8940,0.0000,0.8879,0.0000,0.8460,0.0000,0.5165,0.0000,0.6414,0.0000,0.7677,0.0000
rk45,512,16,1,0.0262,0.0000,knn,knn,20000,480000,0.1785,0.0000,0.1825,0.0000,0.1791,0.0000,0.0301,0.0000,0.0289,0.0000,0.0295,0.0000,0.1060,0.0000
rk45,512,16,1,0.0262,0.0000,altered_knn,altered_knn,20000,320000,0.4758,0.0000,0.4798,0.0000,0.5338,0.0000,0.0383,0.0000,0.3264,0.0000,0.0686,0.0000,0.2742,0.0000
rk45,512,16,1,0.0262,0.0000,quadratic,quadratic,20000,480000,0.1938,0.0000,0.1835,0.0000,0.2545,0.0000,0.0268,0.0000,0.5773,0.0000,0.0512,0.0000,0.1173,0.0000
rk45,512,16,1,0.0262,0.0000,polar3,polar,20000,480000,0.8931,0.0000,0.9032,0.0000,0.8962,0.0000,0.8426,0.0000,0.5198,0.0000,0.6429,0.0000,0.7731,0.0000
