sampler,d,K,n_seeds,hall_gt,hall_gt_std,model,arch,n_per_mode,n_anchors,full_acc,full_acc_std,mode_acc,mode_acc_std,mode_f1,mode_f1_std,hall_prec,hall_prec_std,hall_rec,hall_rec_std,hall_f1,hall_f1_std,balanced,balanced_std
rk45,2,2,3,0.0106,0.0004,knn,knn,2000,6000,0.9822,0.0011,0.9854,0.0011,0.9885,0.0006,0.3797,0.0271,0.6834,0.0213,0.4876,0.0246,0.7365,0.0128
rk45,2,2,3,0.0106,0.0004,altered_knn,altered_knn,2000,4000,0.9665,0.0047,0.9744,0.0053,0.9808,0.0021,0.0935,0.0102,0.2275,0.0508,0.1307,0.0145,0.5525,0.0071
rk45,2,2,3,0.0106,0.0004,quadratic,quadratic,2000,6000,0.9852,0.0025,0.9894,0.0020,0.9887,0.0022,0.5983,0.0183,0.5872,0.0308,0.5925,0.0234,0.7910,0.0127
rk45,2,2,3,0.0106,0.0004,polar3,polar,2000,6000,0.9862,0.0006,0.9890,0.0010,0.9900,0.0008,0.5450,0.0101,0.7216,0.0354,0.6205,0.0135,0.8048,0.0064
rk45,2,2,3,0.0106,0.0004,knn,knn,5000,15000,0.9853,0.0007,0.9886,0.0009,0.9901,0.0008,0.4601,0.0193,0.6766,0.0145,0.5472,0.0094,0.7679,0.0050
rk45,2,2,3,0.0106,0.0004,altered_knn,altered_knn,5000,10000,0.9750,0.0025,0.9836,0.0032,0.9849,0.0007,0.1096,0.0157,0.1694,0.0778,0.1284,0.0401,0.5560,0.0185
rk45,2,2,3,0.0106,0.0004,quadratic,quadratic,5000,15000,0.9865,0.0029,0.9908,0.0025,0.9900,0.0027,0.6000,0.0101,0.5834,0.0309,0.5912,0.0182,0.7910,0.0103
rk45,2,2,3,0.0106,0.0004,polar3,polar,5000,15000,0.9861,0.0006,0.9890,0.0011,0.9899,0.0008,0.5442,0.0142,0.7177,0.0319,0.6184,0.0110,0.8037,0.0052
rk45,2,2,3,0.0106,0.0004,knn,knn,10000,30000,0.9863,0.0005,0.9897,0.0009,0.9904,0.0008,0.5256,0.0142,0.6711,0.0232,0.5892,0.0122,0.7894,0.0059
rk45,2,2,3,0.0106,0.0004,altered_knn,altered_knn,10000,20000,0.9770,0.0036,0.9861,0.0048,0.9858,0.0016,0.0972,0.0159,0.1202,0.0886,0.0977,0.0410,0.5419,0.0184
rk45,2,2,3,0.0106,0.0004,quadratic,quadratic,10000,30000,0.9871,0.0030,0.9914,0.0025,0.9907,0.0028,0.6003,0.0138,0.5876,0.0340,0.5936,0.0228,0.7925,0.0126
rk45,2,2,3,0.0106,0.0004,polar3,polar,10000,30000,0.9861,0.0005,0.9890,0.0010,0.9899,0.0008,0.5448,0.0105,0.7177,0.0303,0.6190,0.0127,0.8040,0.0060
rk45,2,2,3,0.0106,0.0004,knn,knn,15000,45000,0.9868,0.0004,0.9901,0.0008,0.9904,0.0007,0.5649,0.0158,0.6812,0.0339,0.6174,0.0212,0.8037,0.0102
rk45,2,2,3,0.0106,0.0004,altered_knn,altered_knn,15000,30000,0.9782,0.0027,0.9878,0.0035,0.9864,0.0014,0.0892,0.0152,0.0836,0.0486,0.0784,0.0276,0.5331,0.0123
rk45,2,2,3,0.0106,0.0004,quadratic,quadratic,15000,45000,0.9863,0.0029,0.9906,0.0024,0.9898,0.0027,0.6023,0.0160,0.5883,0.0345,0.5949,0.0240,0.7927,0.0132
rk45,2,2,3,0.0106,0.0004,polar3,polar,15000,45000,0.9861,0.0005,0.9890,0.0009,0.9899,0.0008,0.5420,0.0106,0.7178,0.0311,0.6173,0.0138,0.8031,0.0065
rk45,2,2,3,0.0106,0.0004,knn,knn,20000,60000,0.9870,0.0004,0.9903,0.0009,0.9905,0.0008,0.5908,0.0195,0.6804,0.0372,0.6320,0.0235,0.8112,0.0113
rk45,2,2,3,0.0106,0.0004,altered_knn,altered_knn,20000,40000,0.9796,0.0004,0.9896,0.0004,0.9869,0.0007,0.0655,0.0202,0.0420,0.0176,0.0510,0.0190,0.5203,0.0095
rk45,2,2,3,0.0106,0.0004,quadratic,quadratic,20000,60000,0.9859,0.0029,0.9901,0.0024,0.9894,0.0027,0.6014,0.0184,0.5864,0.0357,0.5935,0.0254,0.7918,0.0139
rk45,2,2,3,0.0106,0.0004,polar3,polar,20000,60000,0.9861,0.0005,0.9890,0.0009,0.9899,0.0008,0.5427,0.0090,0.7181,0.0308,0.6179,0.0134,0.8034,0.0063
rk45,2,4,3,0.0114,0.0005,knn,knn,2000,12000,0.9631,0.0101,0.9677,0.0091,0.9709,0.0110,0.2476,0.0543,0.5709,0.1047,0.3453,0.0720,0.6565,0.0401
rk45,2,4,3,0.0114,0.0005,altered_knn,altered_knn,2000,8000,0.9552,0.0092,0.9640,0.0090,0.9667,0.0091,0.0949,0.0258,0.1977,0.0605,0.1260,0.0326,0.5450,0.0200
rk45,2,4,3,0.0114,0.0005,quadratic,quadratic,2000,12000,0.9297,0.0106,0.9356,0.0110,0.9345,0.0115,0.2560,0.0494,0.4164,0.0714,0.3106,0.0325,0.6231,0.0207
rk45,2,4,3,0.0114,0.0005,polar3,polar,2000,12000,0.9651,0.0110,0.9696,0.0099,0.9717,0.0117,0.2790,0.0534,0.5681,0.1112,0.3741,0.0720,0.6719,0.0407
rk45,2,4,3,0.0114,0.0005,knn,knn,5000,30000,0.9678,0.0118,0.9730,0.0104,0.9731,0.0124,0.3011,0.0872,0.5205,0.1344,0.3814,0.1061,0.6772,0.0580
rk45,2,4,3,0.0114,0.0005,altered_knn,altered_knn,5000,20000,0.9616,0.0107,0.9709,0.0103,0.9703,0.0108,0.1041,0.0420,0.1547,0.0334,0.1227,0.0386,0.5468,0.0243
rk45,2,4,3,0.0114,0.0005,quadratic,quadratic,5000,30000,0.9286,0.0103,0.9345,0.0107,0.9331,0.0111,0.2554,0.0525,0.4160,0.0688,0.3104,0.0363,0.6225,0.0226
rk45,2,4,3,0.0114,0.0005,polar3,polar,5000,30000,0.9657,0.0104,0.9702,0.0093,0.9722,0.0112,0.2831,0.0482,0.5698,0.1120,0.3782,0.0677,0.6742,0.0381
rk45,2,4,3,0.0114,0.0005,knn,knn,10000,60000,0.9702,0.0120,0.9755,0.0107,0.9740,0.0128,0.3603,0.0981,0.5046,0.1308,0.4204,0.1122,0.6980,0.0612
rk45,2,4,3,0.0114,0.0005,altered_knn,altered_knn,10000,40000,0.9658,0.0106,0.9759,0.0099,0.9717,0.0119,0.1020,0.0624,0.0892,0.0516,0.0951,0.0565,0.5355,0.0331
rk45,2,4,3,0.0114,0.0005,quadratic,quadratic,10000,60000,0.9287,0.0101,0.9346,0.0105,0.9331,0.0112,0.2593,0.0493,0.4142,0.0710,0.3128,0.0332,0.6237,0.0208
rk45,2,4,3,0.0114,0.0005,polar3,polar,10000,60000,0.9656,0.0107,0.9702,0.0095,0.9721,0.0114,0.2834,0.0512,0.5691,0.1166,0.3783,0.0714,0.6743,0.0401
rk45,2,4,3,0.0114,0.0005,knn,knn,15000,90000,0.9710,0.0121,0.9765,0.0108,0.9742,0.0129,0.3948,0.0998,0.4974,0.1213,0.4402,0.1095,0.7083,0.0600
rk45,2,4,3,0.0114,0.0005,altered_knn,altered_knn,15000,60000,0.9661,0.0108,0.9760,0.0099,0.9716,0.0122,0.1111,0.0792,0.0990,0.0742,0.1047,0.0766,0.5404,0.0432
rk45,2,4,3,0.0114,0.0005,quadratic,quadratic,15000,90000,0.9291,0.0100,0.9350,0.0104,0.9335,0.0111,0.2610,0.0494,0.4138,0.0699,0.3141,0.0331,0.6245,0.0207
rk45,2,4,3,0.0114,0.0005,polar3,polar,15000,90000,0.9659,0.0105,0.9705,0.0094,0.9722,0.0114,0.2888,0.0488,0.5709,0.1145,0.3835,0.0688,0.6770,0.0386
rk45,2,4,3,0.0114,0.0005,knn,knn,20000,120000,0.9715,0.0121,0.9770,0.0109,0.9743,0.0130,0.4205,0.1018,0.4915,0.1135,0.4532,0.1074,0.7151,0.0589
rk45,2,4,3,0.0114,0.0005,altered_knn,altered_knn,20000,80000,0.9659,0.0109,0.9759,0.0099,0.9715,0.0123,0.1076,0.0841,0.0995,0.0824,0.1033,0.0833,0.5396,0.0465
rk45,2,4,3,0.0114,0.0005,quadratic,quadratic,20000,120000,0.9291,0.0102,0.9350,0.0106,0.9334,0.0114,0.2619,0.0484,0.4119,0.0694,0.3143,0.0325,0.6247,0.0204
rk45,2,4,3,0.0114,0.0005,polar3,polar,20000,120000,0.9656,0.0106,0.9702,0.0095,0.9721,0.0114,0.2843,0.0474,0.5663,0.1118,0.3784,0.0670,0.6743,0.0379
rk45,2,8,3,0.0117,0.0006,knn,knn,2000,24000,0.9610,0.0044,0.9657,0.0044,0.9720,0.0048,0.2224,0.0242,0.5626,0.0273,0.3185,0.0293,0.6421,0.0169
rk45,2,8,3,0.0117,0.0006,altered_knn,altered_knn,2000,16000,0.9488,0.0016,0.9569,0.0015,0.9648,0.0025,0.0914,0.0175,0.2610,0.0596,0.1353,0.0272,0.5461,0.0141
rk45,2,8,3,0.0117,0.0006,quadratic,quadratic,2000,24000,0.8187,0.0022,0.8217,0.0024,0.8748,0.0044,0.0464,0.0011,0.5678,0.0164,0.0858,0.0018,0.4537,0.0014
rk45,2,8,3,0.0117,0.0006,polar3,polar,2000,24000,0.9613,0.0051,0.9658,0.0053,0.9731,0.0053,0.2217,0.0290,0.5860,0.0158,0.3208,0.0315,0.6433,0.0184
rk45,2,8,3,0.0117,0.0006,knn,knn,5000,60000,0.9677,0.0056,0.9730,0.0055,0.9759,0.0062,0.2712,0.0348,0.5185,0.0373,0.3559,0.0389,0.6644,0.0222
rk45,2,8,3,0.0117,0.0006,altered_knn,altered_knn,5000,40000,0.9572,0.0091,0.9656,0.0101,0.9711,0.0062,0.1106,0.0255,0.2479,0.0463,0.1487,0.0217,0.5572,0.0153
rk45,2,8,3,0.0117,0.0006,quadratic,quadratic,5000,60000,0.8166,0.0042,0.8195,0.0043,0.8732,0.0051,0.0458,0.0013,0.5679,0.0167,0.0848,0.0020,0.4522,0.0026
rk45,2,8,3,0.0117,0.0006,polar3,polar,5000,60000,0.9606,0.0057,0.9652,0.0060,0.9725,0.0056,0.2167,0.0321,0.5767,0.0091,0.3136,0.0339,0.6394,0.0200
rk45,2,8,3,0.0117,0.0006,knn,knn,10000,120000,0.9703,0.0063,0.9760,0.0062,0.9769,0.0068,0.3176,0.0441,0.4871,0.0380,0.3841,0.0442,0.6801,0.0252
rk45,2,8,3,0.0117,0.0006,altered_knn,altered_knn,10000,80000,0.9646,0.0074,0.9744,0.0082,0.9738,0.0063,0.1156,0.0315,0.1415,0.0203,0.1219,0.0099,0.5481,0.0090
rk45,2,8,3,0.0117,0.0006,quadratic,quadratic,10000,120000,0.8173,0.0049,0.8203,0.0049,0.8736,0.0052,0.0460,0.0010,0.5681,0.0176,0.0851,0.0016,0.4527,0.0027
rk45,2,8,3,0.0117,0.0006,polar3,polar,10000,120000,0.9608,0.0054,0.9654,0.0057,0.9726,0.0054,0.2165,0.0301,0.5704,0.0039,0.3127,0.0320,0.6390,0.0189
rk45,2,8,3,0.0117,0.0006,knn,knn,15000,180000,0.9713,0.0063,0.9772,0.0063,0.9770,0.0069,0.3486,0.0458,0.4716,0.0335,0.4005,0.0424,0.6889,0.0244
rk45,2,8,3,0.0117,0.0006,altered_knn,altered_knn,15000,120000,0.9654,0.0063,0.9751,0.0066,0.9743,0.0066,0.1200,0.0427,0.1467,0.0302,0.1313,0.0377,0.5532,0.0221
rk45,2,8,3,0.0117,0.0006,quadratic,quadratic,15000,180000,0.8183,0.0048,0.8213,0.0048,0.8744,0.0049,0.0463,0.0009,0.5684,0.0176,0.0857,0.0013,0.4535,0.0025
rk45,2,8,3,0.0117,0.0006,polar3,polar,15000,180000,0.9608,0.0057,0.9654,0.0060,0.9728,0.0054,0.2165,0.0318,0.5720,0.0027,0.3127,0.0335,0.6391,0.0198
rk45,2,8,3,0.0117,0.0006,knn,knn,20000,240000,0.9719,0.0063,0.9779,0.0063,0.9771,0.0069,0.3696,0.0453,0.4611,0.0312,0.4100,0.0404,0.6939,0.0233
rk45,2,8,3,0.0117,0.0006,altered_knn,altered_knn,20000,160000,0.9669,0.0051,0.9768,0.0050,0.9747,0.0065,0.1187,0.0433,0.1270,0.0654,0.1221,0.0534,0.5494,0.0289
rk45,2,8,3,0.0117,0.0006,quadratic,quadratic,20000,240000,0.8273,0.0044,0.8304,0.0042,0.8815,0.0037,0.0480,0.0005,0.5641,0.0160,0.0884,0.0006,0.4594,0.0019
rk45,2,8,3,0.0117,0.0006,polar3,polar,20000,240000,0.9619,0.0055,0.9666,0.0058,0.9733,0.0054,0.2237,0.0323,0.5704,0.0029,0.3200,0.0339,0.6433,0.0198
rk45,4,2,3,0.0111,0.0004,knn,knn,2000,6000,0.9138,0.0021,0.9210,0.0023,0.9156,0.0020,0.6131,0.0168,0.2785,0.0040,0.3829,0.0041,0.6519,0.0026
rk45,4,2,3,0.0111,0.0004,altered_knn,altered_knn,2000,4000,0.8633,0.0466,0.8696,0.0487,0.9168,0.0193,0.0288,0.0004,0.2950,0.1592,0.0496,0.0059,0.4596,0.0215
rk45,4,2,3,0.0111,0.0004,quadratic,quadratic,2000,6000,0.9837,0.0073,0.9884,0.0072,0.9860,0.0074,0.8539,0.0187,0.5676,0.0151,0.6817,0.0140,0.8350,0.0105
rk45,4,2,3,0.0111,0.0004,polar3,polar,2000,6000,0.9872,0.0020,0.9901,0.0024,0.9894,0.0024,0.7716,0.0222,0.7368,0.0305,0.7537,0.0256,0.8719,0.0116
rk45,4,2,3,0.0111,0.0004,knn,knn,5000,15000,0.9306,0.0026,0.9375,0.0028,0.9326,0.0026,0.6715,0.0228,0.3202,0.0140,0.4330,0.0077,0.6853,0.0036
rk45,4,2,3,0.0111,0.0004,altered_knn,altered_knn,5000,10000,0.8840,0.0045,0.8905,0.0045,0.9326,0.0021,0.0333,0.0010,0.3075,0.0119,0.0601,0.0017,0.4753,0.0031
rk45,4,2,3,0.0111,0.0004,quadratic,quadratic,5000,15000,0.9839,0.0062,0.9887,0.0060,0.9862,0.0063,0.8587,0.0192,0.5619,0.0192,0.6790,0.0154,0.8339,0.0107
rk45,4,2,3,0.0111,0.0004,polar3,polar,5000,15000,0.9873,0.0020,0.9902,0.0024,0.9894,0.0024,0.7815,0.0165,0.7357,0.0304,0.7578,0.0236,0.8740,0.0107
rk45,4,2,3,0.0111,0.0004,knn,knn,10000,30000,0.9418,0.0011,0.9484,0.0013,0.9439,0.0011,0.7049,0.0060,0.3532,0.0160,0.4704,0.0139,0.7094,0.0067
rk45,4,2,3,0.0111,0.0004,altered_knn,altered_knn,10000,20000,0.9050,0.0245,0.9126,0.0261,0.9423,0.0104,0.0338,0.0020,0.2318,0.1029,0.0574,0.0045,0.4850,0.0123
rk45,4,2,3,0.0111,0.0004,quadratic,quadratic,10000,30000,0.9840,0.0050,0.9888,0.0047,0.9863,0.0050,0.8591,0.0159,0.5581,0.0201,0.6763,0.0151,0.8326,0.0098
rk45,4,2,3,0.0111,0.0004,polar3,polar,10000,30000,0.9874,0.0021,0.9903,0.0025,0.9895,0.0024,0.7838,0.0133,0.7364,0.0315,0.7592,0.0226,0.8747,0.0103
rk45,4,2,3,0.0111,0.0004,knn,knn,15000,45000,0.9485,0.0008,0.9549,0.0009,0.9509,0.0008,0.6783,0.0166,0.3787,0.0237,0.4858,0.0230,0.7204,0.0113
rk45,4,2,3,0.0111,0.0004,altered_knn,altered_knn,15000,30000,0.9235,0.0040,0.9319,0.0041,0.9522,0.0015,0.0355,0.0012,0.1769,0.0224,0.0591,0.0029,0.4955,0.0008
rk45,4,2,3,0.0111,0.0004,quadratic,quadratic,15000,45000,0.9839,0.0048,0.9887,0.0045,0.9862,0.0048,0.8590,0.0145,0.5598,0.0179,0.6776,0.0134,0.8331,0.0089
rk45,4,2,3,0.0111,0.0004,polar3,polar,15000,45000,0.9874,0.0020,0.9902,0.0025,0.9895,0.0024,0.7847,0.0107,0.7372,0.0317,0.7601,0.0218,0.8752,0.0099
rk45,4,2,3,0.0111,0.0004,knn,knn,20000,60000,0.9518,0.0007,0.9580,0.0004,0.9541,0.0007,0.7012,0.0150,0.3946,0.0240,0.5044,0.0181,0.7312,0.0091
rk45,4,2,3,0.0111,0.0004,altered_knn,altered_knn,20000,40000,0.9054,0.0159,0.9126,0.0170,0.9449,0.0073,0.0362,0.0025,0.2622,0.0615,0.0630,0.0018,0.4878,0.0093
rk45,4,2,3,0.0111,0.0004,quadratic,quadratic,20000,60000,0.9848,0.0050,0.9896,0.0047,0.9871,0.0050,0.8626,0.0187,0.5577,0.0180,0.6772,0.0143,0.8334,0.0095
rk45,4,2,3,0.0111,0.0004,polar3,polar,20000,60000,0.9874,0.0021,0.9903,0.0025,0.9895,0.0024,0.7867,0.0024,0.7370,0.0319,0.7607,0.0178,0.8755,0.0078
rk45,4,4,3,0.0121,0.0002,knn,knn,2000,12000,0.8372,0.0120,0.8431,0.0120,0.8356,0.0143,0.2746,0.0803,0.3576,0.0086,0.3036,0.0492,0.5734,0.0206
rk45,4,4,3,0.0121,0.0002,altered_knn,altered_knn,2000,8000,0.8692,0.0128,0.8784,0.0136,0.8849,0.0100,0.0432,0.0125,0.1249,0.0624,0.0573,0.0041,0.4678,0.0077
rk45,4,4,3,0.0121,0.0002,quadratic,quadratic,2000,12000,0.9250,0.0081,0.9296,0.0081,0.9230,0.0081,0.5274,0.0221,0.5527,0.0035,0.5396,0.0129,0.7346,0.0094
rk45,4,4,3,0.0121,0.0002,polar3,polar,2000,12000,0.9615,0.0025,0.9657,0.0025,0.9631,0.0040,0.4686,0.0386,0.6207,0.0135,0.5332,0.0260,0.7495,0.0119
rk45,4,4,3,0.0121,0.0002,knn,knn,5000,30000,0.8688,0.0104,0.8748,0.0104,0.8675,0.0123,0.3052,0.0765,0.3838,0.0119,0.3350,0.0469,0.6049,0.0192
rk45,4,4,3,0.0121,0.0002,altered_knn,altered_knn,5000,20000,0.8917,0.0103,0.9016,0.0107,0.8974,0.0108,0.0512,0.0076,0.0848,0.0295,0.0633,0.0141,0.4824,0.0033
rk45,4,4,3,0.0121,0.0002,quadratic,quadratic,5000,30000,0.9255,0.0078,0.9301,0.0078,0.9234,0.0084,0.5352,0.0214,0.5498,0.0040,0.5422,0.0127,0.7362,0.0096
rk45,4,4,3,0.0121,0.0002,polar3,polar,5000,30000,0.9627,0.0037,0.9668,0.0037,0.9637,0.0051,0.5024,0.0275,0.6234,0.0099,0.5560,0.0173,0.7614,0.0070
rk45,4,4,3,0.0121,0.0002,knn,knn,10000,60000,0.8887,0.0093,0.8947,0.0093,0.8876,0.0114,0.3358,0.0927,0.3988,0.0098,0.3577,0.0517,0.6262,0.0223
rk45,4,4,3,0.0121,0.0002,altered_knn,altered_knn,10000,40000,0.8792,0.0295,0.8877,0.0316,0.9004,0.0113,0.0554,0.0190,0.1858,0.1354,0.0721,0.0171,0.4799,0.0184
rk45,4,4,3,0.0121,0.0002,quadratic,quadratic,10000,60000,0.9256,0.0078,0.9302,0.0078,0.9233,0.0083,0.5446,0.0217,0.5480,0.0024,0.5461,0.0118,0.7382,0.0092
rk45,4,4,3,0.0121,0.0002,polar3,polar,10000,60000,0.9625,0.0034,0.9667,0.0034,0.9636,0.0051,0.4980,0.0367,0.6189,0.0061,0.5511,0.0217,0.7589,0.0092
rk45,4,4,3,0.0121,0.0002,knn,knn,15000,90000,0.8991,0.0086,0.9051,0.0086,0.8984,0.0108,0.3351,0.0844,0.4078,0.0059,0.3621,0.0489,0.6336,0.0215
rk45,4,4,3,0.0121,0.0002,altered_knn,altered_knn,15000,60000,0.9033,0.0080,0.9134,0.0082,0.9094,0.0095,0.0601,0.0195,0.0782,0.0264,0.0619,0.0051,0.4877,0.0035
rk45,4,4,3,0.0121,0.0002,quadratic,quadratic,15000,90000,0.9263,0.0074,0.9309,0.0074,0.9239,0.0078,0.5444,0.0219,0.5494,0.0040,0.5467,0.0123,0.7388,0.0093
rk45,4,4,3,0.0121,0.0002,polar3,polar,15000,90000,0.9625,0.0032,0.9667,0.0031,0.9636,0.0048,0.4977,0.0386,0.6183,0.0090,0.5505,0.0219,0.7586,0.0094
rk45,4,4,3,0.0121,0.0002,knn,knn,20000,120000,0.9053,0.0079,0.9113,0.0078,0.9047,0.0102,0.3561,0.0916,0.4164,0.0124,0.3768,0.0474,0.6441,0.0208
rk45,4,4,3,0.0121,0.0002,altered_knn,altered_knn,20000,80000,0.9057,0.0110,0.9157,0.0116,0.9122,0.0094,0.0691,0.0200,0.0893,0.0468,0.0661,0.0179,0.4909,0.0058
rk45,4,4,3,0.0121,0.0002,quadratic,quadratic,20000,120000,0.9258,0.0080,0.9304,0.0080,0.9234,0.0084,0.5475,0.0208,0.5482,0.0033,0.5476,0.0108,0.7390,0.0087
rk45,4,4,3,0.0121,0.0002,polar3,polar,20000,120000,0.9627,0.0032,0.9669,0.0031,0.9638,0.0049,0.4990,0.0408,0.6164,0.0081,0.5504,0.0229,0.7587,0.0099
rk45,4,8,3,0.0128,0.0001,knn,knn,2000,24000,0.7851,0.0120,0.7902,0.0120,0.7979,0.0110,0.1212,0.0044,0.3904,0.0123,0.1850,0.0058,0.4876,0.0088
rk45,4,8,3,0.0128,0.0001,altered_knn,altered_knn,2000,16000,0.8538,0.0063,0.8636,0.0061,0.8663,0.0089,0.0471,0.0041,0.1012,0.0232,0.0637,0.0073,0.4636,0.0062
rk45,4,8,3,0.0128,0.0001,quadratic,quadratic,2000,24000,0.8919,0.0099,0.8970,0.0098,0.8965,0.0093,0.2939,0.0205,0.4944,0.0128,0.3684,0.0192,0.6327,0.0137
rk45,4,8,3,0.0128,0.0001,polar3,polar,2000,24000,0.9480,0.0121,0.9531,0.0118,0.9553,0.0113,0.3029,0.0296,0.5564,0.0309,0.3921,0.0323,0.6726,0.0219
rk45,4,8,3,0.0128,0.0001,knn,knn,5000,60000,0.8282,0.0116,0.8336,0.0115,0.8387,0.0101,0.1517,0.0091,0.4107,0.0157,0.2215,0.0117,0.5275,0.0115
rk45,4,8,3,0.0128,0.0001,altered_knn,altered_knn,5000,40000,0.8276,0.0663,0.8351,0.0704,0.8667,0.0233,0.0507,0.0130,0.2496,0.2585,0.0557,0.0223,0.4454,0.0349
rk45,4,8,3,0.0128,0.0001,quadratic,quadratic,5000,60000,0.8921,0.0091,0.8973,0.0090,0.8964,0.0082,0.2980,0.0243,0.4938,0.0116,0.3714,0.0221,0.6343,0.0148
rk45,4,8,3,0.0128,0.0001,polar3,polar,5000,60000,0.9495,0.0114,0.9547,0.0111,0.9567,0.0108,0.3092,0.0257,0.5519,0.0289,0.3962,0.0285,0.6754,0.0198
rk45,4,8,3,0.0128,0.0001,knn,knn,10000,120000,0.8546,0.0107,0.8603,0.0107,0.8641,0.0091,0.1729,0.0084,0.4187,0.0103,0.2447,0.0098,0.5525,0.0102
rk45,4,8,3,0.0128,0.0001,altered_knn,altered_knn,10000,80000,0.8684,0.0224,0.8778,0.0240,0.8876,0.0078,0.0584,0.0175,0.1470,0.1059,0.0643,0.0107,0.4710,0.0083
rk45,4,8,3,0.0128,0.0001,quadratic,quadratic,10000,120000,0.8917,0.0090,0.8968,0.0090,0.8960,0.0081,0.2991,0.0246,0.4948,0.0088,0.3724,0.0214,0.6346,0.0145
rk45,4,8,3,0.0128,0.0001,polar3,polar,10000,120000,0.9495,0.0116,0.9546,0.0115,0.9567,0.0109,0.3097,0.0279,0.5556,0.0225,0.3975,0.0288,0.6761,0.0200
rk45,4,8,3,0.0128,0.0001,knn,knn,15000,180000,0.8685,0.0104,0.8744,0.0103,0.8775,0.0088,0.1842,0.0124,0.4174,0.0181,0.2555,0.0150,0.5650,0.0126
rk45,4,8,3,0.0128,0.0001,altered_knn,altered_knn,15000,120000,0.8833,0.0115,0.8933,0.0122,0.8953,0.0062,0.0665,0.0160,0.1147,0.0463,0.0763,0.0051,0.4848,0.0042
rk45,4,8,3,0.0128,0.0001,quadratic,quadratic,15000,180000,0.8919,0.0089,0.8971,0.0089,0.8963,0.0080,0.3001,0.0240,0.4948,0.0095,0.3732,0.0211,0.6352,0.0145
rk45,4,8,3,0.0128,0.0001,polar3,polar,15000,180000,0.9492,0.0117,0.9543,0.0115,0.9565,0.0110,0.3098,0.0260,0.5582,0.0220,0.3982,0.0271,0.6763,0.0191
rk45,4,8,3,0.0128,0.0001,knn,knn,20000,240000,0.8786,0.0098,0.8845,0.0096,0.8869,0.0084,0.2004,0.0151,0.4258,0.0206,0.2724,0.0177,0.5784,0.0137
rk45,4,8,3,0.0128,0.0001,altered_knn,altered_knn,20000,160000,0.8810,0.0137,0.8903,0.0144,0.8984,0.0063,0.0598,0.0122,0.1592,0.0561,0.0828,0.0098,0.4866,0.0114
rk45,4,8,3,0.0128,0.0001,quadratic,quadratic,20000,240000,0.8947,0.0096,0.9000,0.0095,0.8989,0.0084,0.3109,0.0230,0.4890,0.0095,0.3798,0.0199,0.6399,0.0142
rk45,4,8,3,0.0128,0.0001,polar3,polar,20000,240000,0.9497,0.0115,0.9548,0.0114,0.9568,0.0110,0.3121,0.0230,0.5546,0.0217,0.3993,0.0244,0.6770,0.0177
rk45,4,16,3,0.0139,0.0002,knn,knn,2000,48000,0.7670,0.0047,0.7721,0.0048,0.7851,0.0047,0.1024,0.0037,0.4075,0.0052,0.1636,0.0052,0.4679,0.0010
rk45,4,16,3,0.0139,0.0002,altered_knn,altered_knn,2000,32000,0.8306,0.0161,0.8401,0.0178,0.8493,0.0038,0.0574,0.0102,0.1580,0.0975,0.0739,0.0054,0.4570,0.0069
rk45,4,16,3,0.0139,0.0002,quadratic,quadratic,2000,48000,0.8751,0.0074,0.8809,0.0075,0.8870,0.0068,0.1800,0.0043,0.4605,0.0031,0.2588,0.0040,0.5698,0.0039
rk45,4,16,3,0.0139,0.0002,polar3,polar,2000,48000,0.9421,0.0020,0.9484,0.0020,0.9535,0.0024,0.2469,0.0079,0.4974,0.0066,0.3300,0.0082,0.6392,0.0047
rk45,4,16,3,0.0139,0.0002,knn,knn,5000,120000,0.8133,0.0048,0.8189,0.0048,0.8280,0.0046,0.1293,0.0041,0.4163,0.0026,0.1972,0.0048,0.5081,0.0015
rk45,4,16,3,0.0139,0.0002,altered_knn,altered_knn,5000,80000,0.8422,0.0182,0.8512,0.0200,0.8671,0.0035,0.0602,0.0120,0.2107,0.1073,0.0851,0.0050,0.4682,0.0115
rk45,4,16,3,0.0139,0.0002,quadratic,quadratic,5000,120000,0.8770,0.0089,0.8829,0.0090,0.8886,0.0078,0.1825,0.0063,0.4607,0.0032,0.2613,0.0061,0.5721,0.0065
rk45,4,16,3,0.0139,0.0002,polar3,polar,5000,120000,0.9430,0.0020,0.9493,0.0021,0.9541,0.0024,0.2512,0.0066,0.4971,0.0068,0.3338,0.0074,0.6416,0.0042
rk45,4,16,3,0.0139,0.0002,knn,knn,10000,240000,0.8441,0.0035,0.8500,0.0035,0.8570,0.0033,0.1533,0.0045,0.4215,0.0049,0.2248,0.0049,0.5374,0.0008
rk45,4,16,3,0.0139,0.0002,altered_knn,altered_knn,10000,160000,0.8638,0.0012,0.8733,0.0014,0.8809,0.0017,0.0715,0.0024,0.1915,0.0140,0.1039,0.0016,0.4886,0.0014
rk45,4,16,3,0.0139,0.0002,quadratic,quadratic,10000,240000,0.8812,0.0072,0.8872,0.0072,0.8925,0.0061,0.1881,0.0074,0.4603,0.0027,0.2670,0.0071,0.5771,0.0061
rk45,4,16,3,0.0139,0.0002,polar3,polar,10000,240000,0.9442,0.0024,0.9505,0.0024,0.9550,0.0028,0.2560,0.0069,0.4982,0.0068,0.3382,0.0076,0.6444,0.0044
rk45,4,16,3,0.0139,0.0002,knn,knn,15000,360000,0.8600,0.0037,0.8661,0.0037,0.8722,0.0033,0.1677,0.0044,0.4269,0.0060,0.2408,0.0048,0.5534,0.0008
rk45,4,16,3,0.0139,0.0002,altered_knn,altered_knn,15000,240000,0.8674,0.0008,0.8766,0.0010,0.8876,0.0017,0.0695,0.0040,0.2210,0.0068,0.1056,0.0042,0.4911,0.0025
rk45,4,16,3,0.0139,0.0002,quadratic,quadratic,15000,360000,0.8861,0.0052,0.8921,0.0053,0.8999,0.0046,0.1684,0.0074,0.4635,0.0015,0.2470,0.0079,0.5696,0.0050
rk45,4,16,3,0.0139,0.0002,polar3,polar,15000,360000,0.9458,0.0026,0.9521,0.0026,0.9565,0.0030,0.2610,0.0089,0.4999,0.0071,0.3430,0.0093,0.6475,0.0055
rk45,4,16,3,0.0139,0.0002,knn,knn,20000,480000,0.8704,0.0033,0.8766,0.0033,0.8820,0.0028,0.1800,0.0042,0.4284,0.0054,0.2534,0.0037,0.5650,0.0008
rk45,4,16,3,0.0139,0.0002,altered_knn,altered_knn,20000,320000,0.8615,0.0258,0.8700,0.0279,0.8891,0.0053,0.0706,0.0158,0.2595,0.1345,0.1011,0.0093,0.4855,0.0182
rk45,4,16,3,0.0139,0.0002,quadratic,quadratic,20000,480000,0.8851,0.0047,0.8909,0.0048,0.9026,0.0045,0.1418,0.0059,0.4690,0.0023,0.2177,0.0071,0.5543,0.0045
rk45,4,16,3,0.0139,0.0002,polar3,polar,20000,480000,0.9469,0.0027,0.9532,0.0027,0.9574,0.0030,0.2660,0.0108,0.4988,0.0066,0.3469,0.0107,0.6501,0.0062
rk45,8,2,3,0.0131,0.0004,knn,knn,2000,6000,0.8169,0.0097,0.8270,0.0102,0.8185,0.0077,0.5921,0.0318,0.0557,0.0042,0.1019,0.0075,0.4645,0.0014
rk45,8,2,3,0.0131,0.0004,altered_knn,altered_knn,2000,4000,0.8248,0.0325,0.8315,0.0341,0.8909,0.0142,0.0299,0.0040,0.3226,0.0761,0.0541,0.0052,0.4428,0.0195
rk45,8,2,3,0.0131,0.0004,quadratic,quadratic,2000,6000,0.9687,0.0027,0.9761,0.0026,0.9717,0.0028,0.9449,0.0142,0.4179,0.0145,0.5793,0.0138,0.7777,0.0067
rk45,8,2,3,0.0131,0.0004,polar3,polar,2000,6000,0.9864,0.0017,0.9905,0.0020,0.9886,0.0019,0.8871,0.0277,0.6794,0.0162,0.7694,0.0205,0.8800,0.0099
rk45,8,2,3,0.0131,0.0004,knn,knn,5000,15000,0.8336,0.0059,0.8439,0.0062,0.8351,0.0044,0.7248,0.0350,0.0604,0.0015,0.1115,0.0022,0.4777,0.0041
rk45,8,2,3,0.0131,0.0004,altered_knn,altered_knn,5000,10000,0.8254,0.0828,0.8327,0.0864,0.8861,0.0429,0.0251,0.0047,0.2713,0.2005,0.0437,0.0109,0.4382,0.0409
rk45,8,2,3,0.0131,0.0004,quadratic,quadratic,5000,15000,0.9697,0.0029,0.9772,0.0029,0.9727,0.0031,0.9666,0.0117,0.4062,0.0146,0.5719,0.0154,0.7745,0.0073
rk45,8,2,3,0.0131,0.0004,polar3,polar,5000,15000,0.9868,0.0015,0.9908,0.0016,0.9889,0.0016,0.9142,0.0227,0.6858,0.0202,0.7836,0.0213,0.8872,0.0105
rk45,8,2,3,0.0131,0.0004,knn,knn,10000,30000,0.8438,0.0077,0.8543,0.0080,0.8456,0.0061,0.7675,0.0292,0.0608,0.0057,0.1127,0.0101,0.4835,0.0077
rk45,8,2,3,0.0131,0.0004,altered_knn,altered_knn,10000,20000,0.8319,0.0766,0.8392,0.0804,0.8916,0.0370,0.0242,0.0060,0.2794,0.2195,0.0406,0.0166,0.4399,0.0347
rk45,8,2,3,0.0131,0.0004,quadratic,quadratic,10000,30000,0.9695,0.0037,0.9771,0.0035,0.9726,0.0037,0.9680,0.0089,0.4004,0.0127,0.5664,0.0131,0.7717,0.0071
rk45,8,2,3,0.0131,0.0004,polar3,polar,10000,30000,0.9872,0.0014,0.9912,0.0015,0.9892,0.0015,0.9326,0.0052,0.6864,0.0196,0.7906,0.0130,0.8909,0.0066
rk45,8,2,3,0.0131,0.0004,knn,knn,15000,45000,0.8505,0.0069,0.8608,0.0073,0.8522,0.0057,0.7725,0.0250,0.0699,0.0054,0.1282,0.0094,0.4945,0.0030
rk45,8,2,3,0.0131,0.0004,altered_knn,altered_knn,15000,30000,0.8130,0.0704,0.8190,0.0738,0.8846,0.0365,0.0313,0.0048,0.3628,0.1680,0.0552,0.0041,0.4371,0.0390
rk45,8,2,3,0.0131,0.0004,quadratic,quadratic,15000,45000,0.9697,0.0041,0.9773,0.0039,0.9728,0.0041,0.9682,0.0117,0.4022,0.0128,0.5682,0.0135,0.7727,0.0075
rk45,8,2,3,0.0131,0.0004,polar3,polar,15000,45000,0.9869,0.0016,0.9909,0.0016,0.9889,0.0016,0.9352,0.0004,0.6895,0.0185,0.7936,0.0123,0.8923,0.0062
rk45,8,2,3,0.0131,0.0004,knn,knn,20000,60000,0.8546,0.0048,0.8650,0.0052,0.8564,0.0037,0.7636,0.0388,0.0717,0.0053,0.1310,0.0095,0.4980,0.0037
rk45,8,2,3,0.0131,0.0004,altered_knn,altered_knn,20000,40000,0.9035,0.0063,0.9141,0.0067,0.9275,0.0013,0.0297,0.0086,0.1044,0.0551,0.0457,0.0155,0.4799,0.0051
rk45,8,2,3,0.0131,0.0004,quadratic,quadratic,20000,60000,0.9698,0.0048,0.9774,0.0046,0.9729,0.0049,0.9703,0.0081,0.3996,0.0108,0.5660,0.0112,0.7717,0.0069
rk45,8,2,3,0.0131,0.0004,polar3,polar,20000,60000,0.9870,0.0017,0.9910,0.0018,0.9890,0.0018,0.9355,0.0032,0.6895,0.0202,0.7937,0.0135,0.8924,0.0068
rk45,8,4,3,0.0129,0.0001,knn,knn,2000,12000,0.6869,0.0221,0.6942,0.0225,0.6859,0.0213,0.2291,0.0691,0.1234,0.0064,0.1577,0.0242,0.4260,0.0010
rk45,8,4,3,0.0129,0.0001,altered_knn,altered_knn,2000,8000,0.8158,0.0243,0.8245,0.0254,0.8390,0.0152,0.0368,0.0059,0.1486,0.0570,0.0553,0.0007,0.4399,0.0125
rk45,8,4,3,0.0129,0.0001,quadratic,quadratic,2000,12000,0.9404,0.0090,0.9463,0.0092,0.9401,0.0110,0.7974,0.0074,0.4902,0.0071,0.6071,0.0076,0.7767,0.0043
rk45,8,4,3,0.0129,0.0001,polar3,polar,2000,12000,0.9650,0.0008,0.9696,0.0007,0.9667,0.0002,0.6351,0.0288,0.6125,0.0179,0.6232,0.0173,0.7964,0.0090
rk45,8,4,3,0.0129,0.0001,knn,knn,5000,30000,0.7091,0.0214,0.7167,0.0217,0.7076,0.0201,0.2707,0.0385,0.1324,0.0026,0.1771,0.0098,0.4469,0.0104
rk45,8,4,3,0.0129,0.0001,altered_knn,altered_knn,5000,20000,0.8180,0.0335,0.8263,0.0353,0.8469,0.0162,0.0380,0.0059,0.1807,0.1133,0.0564,0.0082,0.4414,0.0192
rk45,8,4,3,0.0129,0.0001,quadratic,quadratic,5000,30000,0.9423,0.0102,0.9481,0.0104,0.9416,0.0121,0.8177,0.0121,0.4934,0.0117,0.6155,0.0125,0.7818,0.0062
rk45,8,4,3,0.0129,0.0001,polar3,polar,5000,30000,0.9672,0.0010,0.9719,0.0008,0.9682,0.0002,0.7298,0.0293,0.6076,0.0192,0.6628,0.0188,0.8174,0.0098
rk45,8,4,3,0.0129,0.0001,knn,knn,10000,60000,0.7258,0.0213,0.7334,0.0216,0.7231,0.0197,0.3409,0.0406,0.1417,0.0021,0.1996,0.0081,0.4665,0.0110
rk45,8,4,3,0.0129,0.0001,altered_knn,altered_knn,10000,40000,0.8021,0.0642,0.8093,0.0675,0.8461,0.0263,0.0381,0.0084,0.2541,0.1902,0.0574,0.0124,0.4334,0.0369
rk45,8,4,3,0.0129,0.0001,quadratic,quadratic,10000,60000,0.9427,0.0101,0.9486,0.0103,0.9421,0.0122,0.8217,0.0121,0.4912,0.0115,0.6149,0.0122,0.7817,0.0063
rk45,8,4,3,0.0129,0.0001,polar3,polar,10000,60000,0.9683,0.0015,0.9730,0.0012,0.9692,0.0007,0.7557,0.0313,0.6114,0.0196,0.6757,0.0211,0.8244,0.0111
rk45,8,4,3,0.0129,0.0001,knn,knn,15000,90000,0.7372,0.0203,0.7449,0.0206,0.7344,0.0192,0.3899,0.0315,0.1467,0.0039,0.2127,0.0045,0.4788,0.0088
rk45,8,4,3,0.0129,0.0001,altered_knn,altered_knn,15000,60000,0.8272,0.0353,0.8354,0.0372,0.8590,0.0160,0.0397,0.0066,0.2055,0.1184,0.0612,0.0080,0.4483,0.0210
rk45,8,4,3,0.0129,0.0001,quadratic,quadratic,15000,90000,0.9423,0.0099,0.9482,0.0101,0.9417,0.0120,0.8266,0.0097,0.4910,0.0102,0.6160,0.0107,0.7821,0.0059
rk45,8,4,3,0.0129,0.0001,polar3,polar,15000,90000,0.9691,0.0018,0.9738,0.0016,0.9700,0.0008,0.7583,0.0310,0.6107,0.0194,0.6764,0.0219,0.8251,0.0117
rk45,8,4,3,0.0129,0.0001,knn,knn,20000,120000,0.7418,0.0196,0.7495,0.0198,0.7389,0.0189,0.4083,0.0375,0.1491,0.0025,0.2182,0.0081,0.4838,0.0107
rk45,8,4,3,0.0129,0.0001,altered_knn,altered_knn,20000,80000,0.8416,0.0312,0.8508,0.0330,0.8643,0.0147,0.0435,0.0115,0.1370,0.1123,0.0497,0.0096,0.4503,0.0160
rk45,8,4,3,0.0129,0.0001,quadratic,quadratic,20000,120000,0.9420,0.0096,0.9479,0.0097,0.9414,0.0116,0.8264,0.0111,0.4907,0.0100,0.6158,0.0108,0.7818,0.0066
rk45,8,4,3,0.0129,0.0001,polar3,polar,20000,120000,0.9689,0.0017,0.9737,0.0015,0.9698,0.0008,0.7678,0.0225,0.6091,0.0194,0.6792,0.0195,0.8264,0.0105
rk45,8,8,3,0.0138,0.0002,knn,knn,2000,24000,0.5908,0.0129,0.5964,0.0132,0.5955,0.0106,0.1047,0.0183,0.1950,0.0040,0.1351,0.0149,0.3657,0.0141
rk45,8,8,3,0.0138,0.0002,altered_knn,altered_knn,2000,16000,0.7757,0.0090,0.7846,0.0099,0.7919,0.0130,0.0469,0.0028,0.1377,0.1038,0.0599,0.0145,0.4223,0.0085
rk45,8,8,3,0.0138,0.0002,quadratic,quadratic,2000,24000,0.9139,0.0133,0.9197,0.0136,0.9147,0.0135,0.5769,0.0081,0.4997,0.0079,0.5355,0.0068,0.7276,0.0034
rk45,8,8,3,0.0138,0.0002,polar3,polar,2000,24000,0.9556,0.0020,0.9613,0.0020,0.9584,0.0015,0.5766,0.0187,0.5474,0.0104,0.5614,0.0095,0.7614,0.0057
rk45,8,8,3,0.0138,0.0002,knn,knn,5000,60000,0.6211,0.0089,0.6269,0.0091,0.6245,0.0085,0.1238,0.0076,0.2036,0.0027,0.1538,0.0057,0.3904,0.0074
rk45,8,8,3,0.0138,0.0002,altered_knn,altered_knn,5000,40000,0.7669,0.0143,0.7738,0.0160,0.8018,0.0087,0.0417,0.0020,0.2677,0.1124,0.0704,0.0014,0.4221,0.0079
rk45,8,8,3,0.0138,0.0002,quadratic,quadratic,5000,60000,0.9167,0.0136,0.9225,0.0139,0.9177,0.0138,0.5870,0.0100,0.5015,0.0078,0.5409,0.0069,0.7317,0.0035
rk45,8,8,3,0.0138,0.0002,polar3,polar,5000,60000,0.9611,0.0034,0.9669,0.0034,0.9636,0.0029,0.6433,0.0172,0.5426,0.0103,0.5886,0.0126,0.7778,0.0080
rk45,8,8,3,0.0138,0.0002,knn,knn,10000,120000,0.6452,0.0084,0.6512,0.0086,0.6475,0.0081,0.1502,0.0051,0.2149,0.0016,0.1768,0.0040,0.4140,0.0059
rk45,8,8,3,0.0138,0.0002,altered_knn,altered_knn,10000,80000,0.8001,0.0078,0.8093,0.0075,0.8160,0.0110,0.0481,0.0020,0.1406,0.0301,0.0712,0.0064,0.4403,0.0070
rk45,8,8,3,0.0138,0.0002,quadratic,quadratic,10000,120000,0.9172,0.0139,0.9230,0.0142,0.9181,0.0141,0.5919,0.0076,0.5015,0.0088,0.5429,0.0057,0.7329,0.0042
rk45,8,8,3,0.0138,0.0002,polar3,polar,10000,120000,0.9626,0.0037,0.9685,0.0038,0.9651,0.0033,0.6638,0.0186,0.5390,0.0075,0.5949,0.0120,0.7817,0.0079
rk45,8,8,3,0.0138,0.0002,knn,knn,15000,180000,0.6579,0.0077,0.6640,0.0078,0.6598,0.0078,0.1615,0.0042,0.2175,0.0028,0.1853,0.0029,0.4247,0.0044
rk45,8,8,3,0.0138,0.0002,altered_knn,altered_knn,15000,120000,0.8056,0.0100,0.8149,0.0102,0.8220,0.0102,0.0494,0.0035,0.1443,0.0233,0.0730,0.0034,0.4439,0.0067
rk45,8,8,3,0.0138,0.0002,quadratic,quadratic,15000,180000,0.9172,0.0142,0.9230,0.0145,0.9182,0.0144,0.5958,0.0096,0.5009,0.0078,0.5442,0.0065,0.7336,0.0041
rk45,8,8,3,0.0138,0.0002,polar3,polar,15000,180000,0.9631,0.0039,0.9690,0.0039,0.9656,0.0035,0.6688,0.0161,0.5386,0.0080,0.5967,0.0113,0.7828,0.0075
rk45,8,8,3,0.0138,0.0002,knn,knn,20000,240000,0.6661,0.0091,0.6724,0.0092,0.6679,0.0090,0.1723,0.0009,0.2204,0.0036,0.1934,0.0008,0.4329,0.0049
rk45,8,8,3,0.0138,0.0002,altered_knn,altered_knn,20000,160000,0.7969,0.0118,0.8050,0.0134,0.8243,0.0076,0.0446,0.0019,0.2159,0.1096,0.0709,0.0039,0.4380,0.0058
rk45,8,8,3,0.0138,0.0002,quadratic,quadratic,20000,240000,0.9206,0.0146,0.9265,0.0149,0.9215,0.0147,0.6248,0.0117,0.4941,0.0092,0.5517,0.0081,0.7391,0.0035
rk45,8,8,3,0.0138,0.0002,polar3,polar,20000,240000,0.9635,0.0040,0.9695,0.0040,0.9661,0.0036,0.6738,0.0166,0.5400,0.0075,0.5995,0.0112,0.7845,0.0076
rk45,8,16,3,0.0149,0.0007,knn,knn,2000,48000,0.5145,0.0015,0.5183,0.0016,0.5288,0.0007,0.0671,0.0011,0.2651,0.0071,0.1071,0.0020,0.3127,0.0006
rk45,8,16,3,0.0149,0.0007,altered_knn,altered_knn,2000,32000,0.7305,0.0162,0.7388,0.0180,0.7536,0.0047,0.0497,0.0066,0.1854,0.0873,0.0742,0.0020,0.4065,0.0097
rk45,8,16,3,0.0149,0.0007,quadratic,quadratic,2000,48000,0.8859,0.0043,0.8920,0.0041,0.8902,0.0042,0.4102,0.0116,0.4790,0.0101,0.4417,0.0061,0.6669,0.0014
rk45,8,16,3,0.0149,0.0007,polar3,polar,2000,48000,0.9347,0.0040,0.9416,0.0041,0.9394,0.0038,0.4643,0.0091,0.4808,0.0108,0.4723,0.0067,0.7069,0.0047
rk45,8,16,3,0.0149,0.0007,knn,knn,5000,120000,0.5481,0.0008,0.5523,0.0006,0.5613,0.0012,0.0794,0.0028,0.2725,0.0032,0.1230,0.0033,0.3376,0.0016
rk45,8,16,3,0.0149,0.0007,altered_knn,altered_knn,5000,80000,0.7496,0.0127,0.7587,0.0149,0.7688,0.0029,0.0512,0.0059,0.1486,0.1106,0.0647,0.0128,0.4117,0.0045
rk45,8,16,3,0.0149,0.0007,quadratic,quadratic,5000,120000,0.8879,0.0052,0.8940,0.0050,0.8922,0.0049,0.4147,0.0147,0.4803,0.0090,0.4448,0.0079,0.6694,0.0021
rk45,8,16,3,0.0149,0.0007,polar3,polar,5000,120000,0.9395,0.0034,0.9464,0.0035,0.9441,0.0034,0.4848,0.0042,0.4779,0.0127,0.4812,0.0045,0.7138,0.0024
rk45,8,16,3,0.0149,0.0007,knn,knn,10000,240000,0.5769,0.0023,0.5814,0.0021,0.5889,0.0028,0.0913,0.0030,0.2760,0.0020,0.1371,0.0031,0.3593,0.0013
rk45,8,16,3,0.0149,0.0007,altered_knn,altered_knn,10000,160000,0.7436,0.0236,0.7510,0.0260,0.7789,0.0032,0.0480,0.0077,0.2578,0.1399,0.0740,0.0083,0.4125,0.0145
rk45,8,16,3,0.0149,0.0007,quadratic,quadratic,10000,240000,0.8916,0.0051,0.8979,0.0049,0.8956,0.0049,0.4433,0.0133,0.4724,0.0092,0.4572,0.0070,0.6775,0.0020
rk45,8,16,3,0.0149,0.0007,polar3,polar,10000,240000,0.9423,0.0032,0.9493,0.0032,0.9469,0.0031,0.5005,0.0043,0.4794,0.0136,0.4896,0.0051,0.7195,0.0025
rk45,8,16,3,0.0149,0.0007,knn,knn,15000,360000,0.5918,0.0021,0.5965,0.0019,0.6033,0.0027,0.0980,0.0054,0.2790,0.0033,0.1449,0.0055,0.3707,0.0024
rk45,8,16,3,0.0149,0.0007,altered_knn,altered_knn,15000,240000,0.7655,0.0097,0.7743,0.0113,0.7885,0.0028,0.0519,0.0073,0.1838,0.0703,0.0759,0.0027,0.4251,0.0044
rk45,8,16,3,0.0149,0.0007,quadratic,quadratic,15000,360000,0.8992,0.0048,0.9059,0.0046,0.9026,0.0046,0.5064,0.0156,0.4564,0.0106,0.4798,0.0072,0.6929,0.0020
rk45,8,16,3,0.0149,0.0007,polar3,polar,15000,360000,0.9446,0.0034,0.9516,0.0035,0.9491,0.0034,0.5141,0.0078,0.4809,0.0142,0.4967,0.0040,0.7242,0.0021
rk45,8,16,3,0.0149,0.0007,knn,knn,20000,480000,0.6015,0.0022,0.6064,0.0020,0.6127,0.0028,0.1039,0.0048,0.2808,0.0028,0.1516,0.0047,0.3790,0.0022
rk45,8,16,3,0.0149,0.0007,altered_knn,altered_knn,20000,320000,0.7638,0.0032,0.7717,0.0035,0.7932,0.0027,0.0497,0.0018,0.2405,0.0378,0.0821,0.0042,0.4269,0.0006
rk45,8,16,3,0.0149,0.0007,quadratic,quadratic,20000,480000,0.9025,0.0044,0.9093,0.0042,0.9056,0.0041,0.5341,0.0150,0.4505,0.0101,0.4885,0.0066,0.6989,0.0018
rk45,8,16,3,0.0149,0.0007,polar3,polar,20000,480000,0.9457,0.0036,0.9527,0.0036,0.9501,0.0036,0.5209,0.0059,0.4803,0.0153,0.4996,0.0058,0.7261,0.0034
rk45,16,2,3,0.0139,0.0005,knn,knn,2000,6000,0.7835,0.0060,0.7944,0.0057,0.7860,0.0041,0.2854,0.0139,0.0107,0.0012,0.0207,0.0022,0.4076,0.0027
rk45,16,2,3,0.0139,0.0005,altered_knn,altered_knn,2000,4000,0.8550,0.0247,0.8645,0.0262,0.8929,0.0065,0.0296,0.0042,0.1782,0.1040,0.0475,0.0144,0.4560,0.0059
rk45,16,2,3,0.0139,0.0005,quadratic,quadratic,2000,6000,0.9621,0.0024,0.9712,0.0026,0.9661,0.0025,0.9110,0.0198,0.3183,0.0223,0.4715,0.0266,0.7213,0.0125
rk45,16,2,3,0.0139,0.0005,polar3,polar,2000,6000,0.9730,0.0016,0.9785,0.0023,0.9755,0.0018,0.8743,0.0520,0.5864,0.0349,0.6998,0.0177,0.8392,0.0082
rk45,16,2,3,0.0139,0.0005,knn,knn,5000,15000,0.7899,0.0038,0.8009,0.0037,0.7923,0.0027,0.4048,0.0741,0.0098,0.0023,0.0191,0.0045,0.4100,0.0040
rk45,16,2,3,0.0139,0.0005,altered_knn,altered_knn,5000,10000,0.8272,0.0460,0.8350,0.0480,0.8848,0.0205,0.0303,0.0015,0.2692,0.1170,0.0536,0.0027,0.4443,0.0236
rk45,16,2,3,0.0139,0.0005,quadratic,quadratic,5000,15000,0.9645,0.0027,0.9738,0.0028,0.9686,0.0028,0.9535,0.0155,0.3092,0.0265,0.4665,0.0320,0.7202,0.0156
rk45,16,2,3,0.0139,0.0005,polar3,polar,5000,15000,0.9817,0.0019,0.9864,0.0027,0.9848,0.0020,0.7751,0.0866,0.6527,0.0409,0.7034,0.0117,0.8449,0.0068
rk45,16,2,3,0.0139,0.0005,knn,knn,10000,30000,0.7958,0.0059,0.8068,0.0058,0.7980,0.0037,0.4555,0.0942,0.0105,0.0025,0.0206,0.0049,0.4137,0.0053
rk45,16,2,3,0.0139,0.0005,altered_knn,altered_knn,10000,20000,0.8318,0.0409,0.8401,0.0430,0.8877,0.0175,0.0291,0.0028,0.2462,0.0999,0.0509,0.0029,0.4455,0.0227
rk45,16,2,3,0.0139,0.0005,quadratic,quadratic,10000,30000,0.9656,0.0027,0.9749,0.0026,0.9697,0.0027,0.9568,0.0119,0.3047,0.0215,0.4619,0.0260,0.7184,0.0128
rk45,16,2,3,0.0139,0.0005,polar3,polar,10000,30000,0.9826,0.0022,0.9870,0.0030,0.9853,0.0025,0.8193,0.0404,0.6712,0.0435,0.7356,0.0121,0.8613,0.0048
rk45,16,2,3,0.0139,0.0005,knn,knn,15000,45000,0.7977,0.0071,0.8088,0.0070,0.7997,0.0045,0.4606,0.1061,0.0116,0.0024,0.0226,0.0047,0.4157,0.0048
rk45,16,2,3,0.0139,0.0005,altered_knn,altered_knn,15000,30000,0.7577,0.0854,0.7628,0.0891,0.8470,0.0494,0.0275,0.0041,0.4035,0.1600,0.0503,0.0051,0.4066,0.0470
rk45,16,2,3,0.0139,0.0005,quadratic,quadratic,15000,45000,0.9657,0.0025,0.9751,0.0024,0.9698,0.0025,0.9576,0.0141,0.3052,0.0232,0.4625,0.0281,0.7188,0.0140
rk45,16,2,3,0.0139,0.0005,polar3,polar,15000,45000,0.9821,0.0026,0.9864,0.0034,0.9847,0.0031,0.8083,0.0103,0.6763,0.0440,0.7355,0.0249,0.8609,0.0107
rk45,16,2,3,0.0139,0.0005,knn,knn,20000,60000,0.7987,0.0057,0.8099,0.0054,0.8006,0.0030,0.3923,0.1217,0.0060,0.0011,0.0118,0.0022,0.4108,0.0033
rk45,16,2,3,0.0139,0.0005,altered_knn,altered_knn,20000,40000,0.7613,0.0868,0.7664,0.0902,0.8480,0.0482,0.0282,0.0038,0.3962,0.1667,0.0513,0.0050,0.4088,0.0471
rk45,16,2,3,0.0139,0.0005,quadratic,quadratic,20000,60000,0.9662,0.0027,0.9756,0.0025,0.9703,0.0027,0.9602,0.0131,0.3025,0.0203,0.4598,0.0249,0.7177,0.0128
rk45,16,2,3,0.0139,0.0005,polar3,polar,20000,60000,0.9824,0.0025,0.9868,0.0034,0.9849,0.0032,0.8351,0.0193,0.6773,0.0451,0.7475,0.0344,0.8671,0.0155
rk45,16,4,3,0.0132,0.0004,knn,knn,2000,12000,0.6180,0.0146,0.6258,0.0147,0.6164,0.0119,0.1793,0.0142,0.0320,0.0038,0.0541,0.0046,0.3400,0.0081
rk45,16,4,3,0.0132,0.0004,altered_knn,altered_knn,2000,8000,0.8092,0.0144,0.8184,0.0152,0.8277,0.0064,0.0410,0.0062,0.1189,0.0545,0.0563,0.0026,0.4373,0.0066
rk45,16,4,3,0.0132,0.0004,quadratic,quadratic,2000,12000,0.9385,0.0069,0.9454,0.0068,0.9400,0.0076,0.8279,0.0029,0.4203,0.0071,0.5575,0.0061,0.7514,0.0045
rk45,16,4,3,0.0132,0.0004,polar3,polar,2000,12000,0.9493,0.0015,0.9541,0.0012,0.9539,0.0022,0.4573,0.0196,0.5905,0.0149,0.5153,0.0165,0.7347,0.0085
rk45,16,4,3,0.0132,0.0004,knn,knn,5000,30000,0.6308,0.0106,0.6388,0.0107,0.6293,0.0088,0.2080,0.0212,0.0296,0.0046,0.0516,0.0072,0.3452,0.0046
rk45,16,4,3,0.0132,0.0004,altered_knn,altered_knn,5000,20000,0.8151,0.0197,0.8245,0.0208,0.8331,0.0074,0.0386,0.0045,0.1049,0.0764,0.0481,0.0086,0.4363,0.0081
rk45,16,4,3,0.0132,0.0004,quadratic,quadratic,5000,30000,0.9440,0.0068,0.9510,0.0067,0.9456,0.0076,0.8654,0.0077,0.4162,0.0069,0.5620,0.0075,0.7565,0.0026
rk45,16,4,3,0.0132,0.0004,polar3,polar,5000,30000,0.9668,0.0029,0.9714,0.0027,0.9705,0.0023,0.5649,0.0188,0.6198,0.0111,0.5910,0.0154,0.7812,0.0090
rk45,16,4,3,0.0132,0.0004,knn,knn,10000,60000,0.6436,0.0124,0.6518,0.0125,0.6418,0.0098,0.2248,0.0031,0.0287,0.0028,0.0509,0.0044,0.3513,0.0077
rk45,16,4,3,0.0132,0.0004,altered_knn,altered_knn,10000,40000,0.8286,0.0055,0.8389,0.0055,0.8365,0.0046,0.0492,0.0070,0.0543,0.0099,0.0505,0.0023,0.4447,0.0018
rk45,16,4,3,0.0132,0.0004,quadratic,quadratic,10000,60000,0.9460,0.0081,0.9531,0.0080,0.9476,0.0090,0.8798,0.0075,0.4136,0.0085,0.5627,0.0085,0.7579,0.0051
rk45,16,4,3,0.0132,0.0004,polar3,polar,10000,60000,0.9689,0.0025,0.9736,0.0024,0.9726,0.0020,0.5766,0.0147,0.6204,0.0087,0.5976,0.0115,0.7856,0.0066
rk45,16,4,3,0.0132,0.0004,knn,knn,15000,90000,0.6482,0.0119,0.6564,0.0119,0.6462,0.0092,0.2486,0.0077,0.0287,0.0033,0.0514,0.0051,0.3539,0.0073
rk45,16,4,3,0.0132,0.0004,altered_knn,altered_knn,15000,60000,0.7680,0.0550,0.7746,0.0581,0.8202,0.0155,0.0363,0.0105,0.2759,0.1719,0.0555,0.0076,0.4151,0.0324
rk45,16,4,3,0.0132,0.0004,quadratic,quadratic,15000,90000,0.9471,0.0086,0.9543,0.0085,0.9487,0.0095,0.8860,0.0091,0.4136,0.0085,0.5639,0.0088,0.7591,0.0051
rk45,16,4,3,0.0132,0.0004,polar3,polar,15000,90000,0.9696,0.0033,0.9743,0.0032,0.9735,0.0025,0.5731,0.0350,0.6179,0.0102,0.5943,0.0237,0.7843,0.0133
rk45,16,4,3,0.0132,0.0004,knn,knn,20000,120000,0.6520,0.0105,0.6603,0.0104,0.6500,0.0082,0.2503,0.0118,0.0263,0.0030,0.0476,0.0050,0.3539,0.0071
rk45,16,4,3,0.0132,0.0004,altered_knn,altered_knn,20000,80000,0.7655,0.0631,0.7722,0.0665,0.8187,0.0197,0.0362,0.0117,0.2703,0.1842,0.0537,0.0069,0.4130,0.0365
rk45,16,4,3,0.0132,0.0004,quadratic,quadratic,20000,120000,0.9476,0.0088,0.9548,0.0087,0.9492,0.0097,0.8885,0.0097,0.4116,0.0049,0.5626,0.0050,0.7587,0.0040
rk45,16,4,3,0.0132,0.0004,polar3,polar,20000,120000,0.9704,0.0032,0.9751,0.0032,0.9741,0.0026,0.5914,0.0173,0.6182,0.0093,0.6044,0.0124,0.7897,0.0076
rk45,16,8,3,0.0138,0.0003,knn,knn,2000,24000,0.4862,0.0089,0.4919,0.0091,0.4871,0.0078,0.1053,0.0152,0.0760,0.0001,0.0878,0.0056,0.2899,0.0054
rk45,16,8,3,0.0138,0.0003,altered_knn,altered_knn,2000,16000,0.7392,0.0125,0.7469,0.0143,0.7622,0.0054,0.0485,0.0050,0.1913,0.1207,0.0713,0.0022,0.4091,0.0061
rk45,16,8,3,0.0138,0.0003,quadratic,quadratic,2000,24000,0.9059,0.0145,0.9121,0.0147,0.9067,0.0160,0.6891,0.0061,0.4620,0.0039,0.5531,0.0016,0.7326,0.0066
rk45,16,8,3,0.0138,0.0003,polar3,polar,2000,24000,0.9356,0.0062,0.9410,0.0062,0.9369,0.0048,0.7060,0.0263,0.5515,0.0068,0.6189,0.0064,0.7799,0.0051
rk45,16,8,3,0.0138,0.0003,knn,knn,5000,60000,0.5028,0.0106,0.5088,0.0108,0.5036,0.0102,0.1158,0.0041,0.0733,0.0032,0.0897,0.0032,0.2993,0.0050
rk45,16,8,3,0.0138,0.0003,altered_knn,altered_knn,5000,40000,0.7298,0.0117,0.7362,0.0124,0.7663,0.0074,0.0392,0.0030,0.2665,0.0525,0.0680,0.0044,0.4021,0.0079
rk45,16,8,3,0.0138,0.0003,quadratic,quadratic,5000,60000,0.9126,0.0148,0.9188,0.0150,0.9136,0.0162,0.7249,0.0046,0.4706,0.0041,0.5706,0.0033,0.7447,0.0083
rk45,16,8,3,0.0138,0.0003,polar3,polar,5000,60000,0.9507,0.0046,0.9563,0.0045,0.9522,0.0035,0.7649,0.0161,0.5501,0.0086,0.6398,0.0014,0.7980,0.0029
rk45,16,8,3,0.0138,0.0003,knn,knn,10000,120000,0.5164,0.0104,0.5227,0.0106,0.5172,0.0102,0.1280,0.0032,0.0703,0.0019,0.0908,0.0021,0.3067,0.0048
rk45,16,8,3,0.0138,0.0003,altered_knn,altered_knn,10000,80000,0.7546,0.0128,0.7635,0.0139,0.7701,0.0065,0.0451,0.0031,0.1174,0.0742,0.0594,0.0069,0.4115,0.0038
rk45,16,8,3,0.0138,0.0003,quadratic,quadratic,10000,120000,0.9151,0.0155,0.9213,0.0158,0.9161,0.0171,0.7361,0.0032,0.4719,0.0074,0.5751,0.0049,0.7482,0.0077
rk45,16,8,3,0.0138,0.0003,polar3,polar,10000,120000,0.9548,0.0046,0.9605,0.0045,0.9564,0.0037,0.7922,0.0134,0.5493,0.0088,0.6486,0.0034,0.8045,0.0025
rk45,16,8,3,0.0138,0.0003,knn,knn,15000,180000,0.5233,0.0110,0.5296,0.0112,0.5237,0.0104,0.1389,0.0088,0.0692,0.0013,0.0922,0.0015,0.3109,0.0060
rk45,16,8,3,0.0138,0.0003,altered_knn,altered_knn,15000,120000,0.7569,0.0075,0.7660,0.0090,0.7705,0.0066,0.0517,0.0094,0.1053,0.0980,0.0521,0.0151,0.4090,0.0031
rk45,16,8,3,0.0138,0.0003,quadratic,quadratic,15000,180000,0.9164,0.0155,0.9226,0.0158,0.9173,0.0170,0.7459,0.0078,0.4722,0.0098,0.5783,0.0078,0.7504,0.0093
rk45,16,8,3,0.0138,0.0003,polar3,polar,15000,180000,0.9565,0.0049,0.9622,0.0047,0.9580,0.0041,0.8042,0.0124,0.5516,0.0097,0.6542,0.0039,0.8082,0.0043
rk45,16,8,3,0.0138,0.0003,knn,knn,20000,240000,0.5282,0.0109,0.5347,0.0111,0.5285,0.0104,0.1462,0.0080,0.0685,0.0021,0.0931,0.0015,0.3139,0.0056
rk45,16,8,3,0.0138,0.0003,altered_knn,altered_knn,20000,160000,0.7568,0.0078,0.7657,0.0092,0.7722,0.0070,0.0489,0.0066,0.1202,0.0949,0.0581,0.0108,0.4119,0.0011
rk45,16,8,3,0.0138,0.0003,quadratic,quadratic,20000,240000,0.9205,0.0142,0.9269,0.0145,0.9214,0.0156,0.7837,0.0050,0.4595,0.0093,0.5792,0.0076,0.7531,0.0083
rk45,16,8,3,0.0138,0.0003,polar3,polar,20000,240000,0.9575,0.0055,0.9631,0.0053,0.9588,0.0047,0.8440,0.0066,0.5531,0.0092,0.6682,0.0047,0.8157,0.0048
rk45,16,16,3,0.0147,0.0001,knn,knn,2000,48000,0.3900,0.0018,0.3940,0.0018,0.3937,0.0019,0.0682,0.0060,0.1236,0.0027,0.0878,0.0054,0.2409,0.0019
rk45,16,16,3,0.0147,0.0001,altered_knn,altered_knn,2000,32000,0.7010,0.0104,0.7082,0.0114,0.7241,0.0016,0.0544,0.0062,0.2175,0.0575,0.0851,0.0044,0.3967,0.0078
rk45,16,16,3,0.0147,0.0001,quadratic,quadratic,2000,48000,0.8980,0.0023,0.9045,0.0023,0.9004,0.0015,0.5396,0.0040,0.4657,0.0037,0.4999,0.0022,0.7022,0.0015
rk45,16,16,3,0.0147,0.0001,polar3,polar,2000,48000,0.9308,0.0024,0.9374,0.0024,0.9326,0.0018,0.7319,0.0067,0.4905,0.0062,0.5874,0.0061,0.7624,0.0041
rk45,16,16,3,0.0147,0.0001,knn,knn,5000,120000,0.4116,0.0027,0.4159,0.0027,0.4151,0.0025,0.0789,0.0051,0.1225,0.0041,0.0959,0.0041,0.2559,0.0027
rk45,16,16,3,0.0147,0.0001,altered_knn,altered_knn,5000,80000,0.7106,0.0084,0.7189,0.0093,0.7281,0.0008,0.0534,0.0061,0.1529,0.0532,0.0763,0.0012,0.3976,0.0051
rk45,16,16,3,0.0147,0.0001,quadratic,quadratic,5000,120000,0.9062,0.0031,0.9127,0.0031,0.9084,0.0022,0.5586,0.0010,0.4696,0.0044,0.5102,0.0026,0.7115,0.0026
rk45,16,16,3,0.0147,0.0001,polar3,polar,5000,120000,0.9436,0.0024,0.9504,0.0023,0.9457,0.0019,0.7791,0.0046,0.4833,0.0065,0.5965,0.0054,0.7735,0.0038
rk45,16,16,3,0.0147,0.0001,knn,knn,10000,240000,0.4283,0.0027,0.4330,0.0028,0.4317,0.0026,0.0878,0.0049,0.1168,0.0030,0.1001,0.0039,0.2665,0.0022
rk45,16,16,3,0.0147,0.0001,altered_knn,altered_knn,10000,160000,0.6996,0.0323,0.7071,0.0359,0.7274,0.0033,0.0459,0.0061,0.1963,0.2091,0.0560,0.0098,0.3815,0.0131
rk45,16,16,3,0.0147,0.0001,quadratic,quadratic,10000,240000,0.9128,0.0026,0.9196,0.0025,0.9148,0.0017,0.6148,0.0027,0.4600,0.0031,0.5262,0.0023,0.7229,0.0021
rk45,16,16,3,0.0147,0.0001,polar3,polar,10000,240000,0.9495,0.0018,0.9564,0.0017,0.9518,0.0014,0.8102,0.0044,0.4857,0.0069,0.6073,0.0065,0.7819,0.0041
rk45,16,16,3,0.0147,0.0001,knn,knn,15000,360000,0.4373,0.0028,0.4421,0.0028,0.4409,0.0026,0.0917,0.0027,0.1157,0.0026,0.1023,0.0016,0.2722,0.0019
rk45,16,16,3,0.0147,0.0001,altered_knn,altered_knn,15000,240000,0.6977,0.0289,0.7044,0.0317,0.7300,0.0042,0.0474,0.0079,0.2460,0.1650,0.0722,0.0021,0.3883,0.0169
rk45,16,16,3,0.0147,0.0001,quadratic,quadratic,15000,360000,0.9249,0.0024,0.9321,0.0024,0.9266,0.0018,0.7170,0.0018,0.4368,0.0034,0.5429,0.0030,0.7375,0.0027
rk45,16,16,3,0.0147,0.0001,polar3,polar,15000,360000,0.9527,0.0014,0.9595,0.0013,0.9549,0.0009,0.8292,0.0037,0.4954,0.0074,0.6202,0.0068,0.7898,0.0040
rk45,16,16,3,0.0147,0.0001,knn,knn,20000,480000,0.4432,0.0028,0.4480,0.0028,0.4469,0.0026,0.0940,0.0014,0.1159,0.0033,0.1038,0.0021,0.2759,0.0023
rk45,16,16,3,0.0147,0.0001,altered_knn,altered_knn,20000,320000,0.7139,0.0072,0.7222,0.0082,0.7329,0.0014,0.0513,0.0074,0.1574,0.0535,0.0743,0.0035,0.3983,0.0058
rk45,16,16,3,0.0147,0.0001,quadratic,quadratic,20000,480000,0.9323,0.0026,0.9398,0.0026,0.9341,0.0022,0.7687,0.0009,0.4275,0.0038,0.5494,0.0034,0.7446,0.0030
rk45,16,16,3,0.0147,0.0001,polar3,polar,20000,480000,0.9539,0.0014,0.9606,0.0013,0.9561,0.0009,0.8346,0.0043,0.5006,0.0077,0.6258,0.0070,0.7932,0.0041
rk45,32,2,3,0.0144,0.0002,knn,knn,2000,6000,0.7394,0.0032,0.7501,0.0033,0.7418,0.0013,0.1241,0.0199,0.0042,0.0006,0.0081,0.0011,0.3791,0.0014
rk45,32,2,3,0.0144,0.0002,altered_knn,altered_knn,2000,4000,0.7293,0.1296,0.7350,0.1346,0.8105,0.0795,0.0246,0.0032,0.3351,0.2080,0.0443,0.0041,0.3897,0.0691
rk45,32,2,3,0.0144,0.0002,quadratic,quadratic,2000,6000,0.9494,0.0006,0.9589,0.0006,0.9545,0.0007,0.6172,0.0196,0.3000,0.0137,0.4035,0.0145,0.6812,0.0070
rk45,32,2,3,0.0144,0.0002,polar3,polar,2000,6000,0.9618,0.0022,0.9691,0.0022,0.9647,0.0024,0.9005,0.0201,0.4677,0.0128,0.6153,0.0093,0.7922,0.0040
rk45,32,2,3,0.0144,0.0002,knn,knn,5000,15000,0.7503,0.0033,0.7612,0.0034,0.7526,0.0005,0.1739,0.0075,0.0046,0.0004,0.0090,0.0007,0.3851,0.0014
rk45,32,2,3,0.0144,0.0002,altered_knn,altered_knn,5000,10000,0.8118,0.0608,0.8206,0.0638,0.8671,0.0259,0.0216,0.0051,0.2041,0.1504,0.0368,0.0124,0.4287,0.0281
rk45,32,2,3,0.0144,0.0002,quadratic,quadratic,5000,15000,0.9628,0.0007,0.9730,0.0007,0.9678,0.0008,0.7945,0.0291,0.2709,0.0095,0.4040,0.0138,0.6885,0.0066
rk45,32,2,3,0.0144,0.0002,polar3,polar,5000,15000,0.9765,0.0012,0.9825,0.0012,0.9790,0.0012,0.9640,0.0030,0.5690,0.0051,0.7155,0.0036,0.8490,0.0017
rk45,32,2,3,0.0144,0.0002,knn,knn,10000,30000,0.7566,0.0078,0.7676,0.0080,0.7590,0.0048,0.1868,0.0757,0.0037,0.0018,0.0073,0.0035,0.3874,0.0048
rk45,32,2,3,0.0144,0.0002,altered_knn,altered_knn,10000,20000,0.6778,0.1021,0.6806,0.1061,0.7915,0.0617,0.0242,0.0030,0.4838,0.1704,0.0455,0.0040,0.3630,0.0550
rk45,32,2,3,0.0144,0.0002,quadratic,quadratic,10000,30000,0.9661,0.0011,0.9765,0.0010,0.9711,0.0012,0.8500,0.0146,0.2546,0.0051,0.3918,0.0075,0.6841,0.0036
rk45,32,2,3,0.0144,0.0002,polar3,polar,10000,30000,0.9801,0.0005,0.9852,0.0004,0.9823,0.0005,0.9727,0.0028,0.6338,0.0052,0.7674,0.0033,0.8763,0.0019
rk45,32,2,3,0.0144,0.0002,knn,knn,15000,45000,0.7583,0.0072,0.7693,0.0073,0.7609,0.0043,0.1532,0.1176,0.0028,0.0023,0.0055,0.0045,0.3874,0.0025
rk45,32,2,3,0.0144,0.0002,altered_knn,altered_knn,15000,30000,0.8479,0.0031,0.8579,0.0031,0.8887,0.0020,0.0276,0.0013,0.1630,0.0077,0.0472,0.0020,0.4526,0.0013
rk45,32,2,3,0.0144,0.0002,quadratic,quadratic,15000,45000,0.9673,0.0010,0.9777,0.0009,0.9722,0.0010,0.8683,0.0255,0.2564,0.0090,0.3958,0.0122,0.6867,0.0063
rk45,32,2,3,0.0144,0.0002,polar3,polar,15000,45000,0.9808,0.0008,0.9855,0.0009,0.9828,0.0009,0.9703,0.0075,0.6547,0.0021,0.7819,0.0038,0.8837,0.0015
rk45,32,2,3,0.0144,0.0002,knn,knn,20000,60000,0.7626,0.0075,0.7737,0.0076,0.7652,0.0045,0.1144,0.0816,0.0018,0.0014,0.0036,0.0028,0.3887,0.0025
rk45,32,2,3,0.0144,0.0002,altered_knn,altered_knn,20000,40000,0.8427,0.0154,0.8524,0.0165,0.8871,0.0052,0.0271,0.0028,0.1807,0.0683,0.0467,0.0064,0.4496,0.0051
rk45,32,2,3,0.0144,0.0002,quadratic,quadratic,20000,60000,0.9681,0.0014,0.9785,0.0013,0.9730,0.0014,0.8922,0.0202,0.2581,0.0025,0.4003,0.0024,0.6894,0.0014
rk45,32,2,3,0.0144,0.0002,polar3,polar,20000,60000,0.9814,0.0013,0.9860,0.0014,0.9834,0.0014,0.9713,0.0058,0.6640,0.0015,0.7888,0.0030,0.8874,0.0008
rk45,32,4,3,0.0143,0.0002,knn,knn,2000,12000,0.5591,0.0059,0.5670,0.0059,0.5565,0.0026,0.0963,0.0030,0.0155,0.0003,0.0267,0.0005,0.2968,0.0028
rk45,32,4,3,0.0143,0.0002,altered_knn,altered_knn,2000,8000,0.7777,0.0088,0.7877,0.0093,0.7923,0.0022,0.0384,0.0030,0.0908,0.0339,0.0519,0.0026,0.4198,0.0034
rk45,32,4,3,0.0143,0.0002,quadratic,quadratic,2000,12000,0.9097,0.0021,0.9180,0.0019,0.9118,0.0019,0.6381,0.0065,0.3380,0.0125,0.4417,0.0093,0.6798,0.0053
rk45,32,4,3,0.0143,0.0002,polar3,polar,2000,12000,0.9329,0.0011,0.9390,0.0010,0.9329,0.0008,0.9221,0.0040,0.5090,0.0054,0.6559,0.0037,0.7974,0.0016
rk45,32,4,3,0.0143,0.0002,knn,knn,5000,30000,0.5735,0.0082,0.5817,0.0082,0.5717,0.0054,0.0987,0.0141,0.0106,0.0016,0.0191,0.0029,0.3004,0.0046
rk45,32,4,3,0.0143,0.0002,altered_knn,altered_knn,5000,20000,0.8002,0.0055,0.8110,0.0063,0.8091,0.0012,0.0429,0.0013,0.0562,0.0378,0.0421,0.0168,0.4265,0.0053
rk45,32,4,3,0.0143,0.0002,quadratic,quadratic,5000,30000,0.9295,0.0010,0.9381,0.0008,0.9318,0.0011,0.7796,0.0060,0.3388,0.0118,0.4721,0.0105,0.7051,0.0056
rk45,32,4,3,0.0143,0.0002,polar3,polar,5000,30000,0.9609,0.0016,0.9664,0.0017,0.9617,0.0015,0.9728,0.0039,0.5801,0.0119,0.7267,0.0086,0.8465,0.0036
rk45,32,4,3,0.0143,0.0002,knn,knn,10000,60000,0.5839,0.0086,0.5922,0.0086,0.5816,0.0053,0.1047,0.0086,0.0099,0.0011,0.0180,0.0020,0.3051,0.0033
rk45,32,4,3,0.0143,0.0002,altered_knn,altered_knn,10000,40000,0.8043,0.0022,0.8149,0.0024,0.8154,0.0012,0.0453,0.0043,0.0750,0.0214,0.0551,0.0047,0.4350,0.0012
rk45,32,4,3,0.0143,0.0002,quadratic,quadratic,10000,60000,0.9370,0.0016,0.9457,0.0014,0.9393,0.0016,0.8221,0.0161,0.3381,0.0135,0.4788,0.0113,0.7122,0.0059
rk45,32,4,3,0.0143,0.0002,polar3,polar,10000,60000,0.9683,0.0021,0.9736,0.0022,0.9690,0.0019,0.9781,0.0042,0.6001,0.0158,0.7437,0.0115,0.8587,0.0049
rk45,32,4,3,0.0143,0.0002,knn,knn,15000,90000,0.5907,0.0107,0.5991,0.0108,0.5880,0.0074,0.1201,0.0078,0.0105,0.0011,0.0192,0.0020,0.3092,0.0046
rk45,32,4,3,0.0143,0.0002,altered_knn,altered_knn,15000,60000,0.7778,0.0123,0.7860,0.0133,0.8126,0.0033,0.0370,0.0031,0.2165,0.0599,0.0624,0.0043,0.4242,0.0065
rk45,32,4,3,0.0143,0.0002,quadratic,quadratic,15000,90000,0.9390,0.0008,0.9476,0.0006,0.9412,0.0009,0.8440,0.0147,0.3429,0.0104,0.4875,0.0081,0.7176,0.0042
rk45,32,4,3,0.0143,0.0002,polar3,polar,15000,90000,0.9717,0.0023,0.9769,0.0023,0.9727,0.0027,0.9798,0.0024,0.6124,0.0111,0.7536,0.0076,0.8653,0.0038
rk45,32,4,3,0.0143,0.0002,knn,knn,20000,120000,0.5954,0.0094,0.6039,0.0095,0.5927,0.0062,0.1241,0.0066,0.0102,0.0002,0.0189,0.0003,0.3114,0.0046
rk45,32,4,3,0.0143,0.0002,altered_knn,altered_knn,20000,80000,0.7934,0.0237,0.8031,0.0258,0.8148,0.0041,0.0386,0.0034,0.1244,0.1194,0.0453,0.0145,0.4242,0.0076
rk45,32,4,3,0.0143,0.0002,quadratic,quadratic,20000,120000,0.9397,0.0008,0.9483,0.0006,0.9419,0.0010,0.8528,0.0102,0.3427,0.0145,0.4886,0.0133,0.7185,0.0067
rk45,32,4,3,0.0143,0.0002,polar3,polar,20000,120000,0.9730,0.0029,0.9782,0.0029,0.9741,0.0031,0.9774,0.0026,0.6131,0.0108,0.7535,0.0073,0.8658,0.0035
rk45,32,8,3,0.0143,0.0002,knn,knn,2000,24000,0.4272,0.0063,0.4329,0.0064,0.4260,0.0064,0.0705,0.0017,0.0351,0.0015,0.0469,0.0011,0.2399,0.0027
rk45,32,8,3,0.0143,0.0002,altered_knn,altered_knn,2000,16000,0.7247,0.0082,0.7340,0.0090,0.7370,0.0060,0.0473,0.0040,0.0872,0.0513,0.0519,0.0189,0.3929,0.0058
rk45,32,8,3,0.0143,0.0002,quadratic,quadratic,2000,24000,0.8834,0.0063,0.8906,0.0065,0.8851,0.0073,0.5581,0.0047,0.3887,0.0030,0.4582,0.0036,0.6744,0.0036
rk45,32,8,3,0.0143,0.0002,polar3,polar,2000,24000,0.9180,0.0043,0.9239,0.0044,0.9183,0.0051,0.9342,0.0053,0.5100,0.0019,0.6598,0.0003,0.7919,0.0023
rk45,32,8,3,0.0143,0.0002,knn,knn,5000,60000,0.4423,0.0053,0.4482,0.0054,0.4413,0.0053,0.0816,0.0023,0.0335,0.0011,0.0475,0.0015,0.2479,0.0034
rk45,32,8,3,0.0143,0.0002,altered_knn,altered_knn,5000,40000,0.7364,0.0133,0.7450,0.0143,0.7541,0.0069,0.0496,0.0053,0.1422,0.0544,0.0706,0.0030,0.4078,0.0071
rk45,32,8,3,0.0143,0.0002,quadratic,quadratic,5000,60000,0.9093,0.0081,0.9167,0.0083,0.9109,0.0092,0.6657,0.0031,0.3961,0.0003,0.4966,0.0008,0.7067,0.0044
rk45,32,8,3,0.0143,0.0002,polar3,polar,5000,60000,0.9469,0.0075,0.9529,0.0076,0.9482,0.0081,0.9690,0.0050,0.5343,0.0022,0.6888,0.0018,0.8208,0.0030
rk45,32,8,3,0.0143,0.0002,knn,knn,10000,120000,0.4518,0.0069,0.4579,0.0071,0.4507,0.0069,0.0858,0.0086,0.0308,0.0022,0.0454,0.0035,0.2516,0.0018
rk45,32,8,3,0.0143,0.0002,altered_knn,altered_knn,10000,80000,0.7521,0.0040,0.7618,0.0040,0.7613,0.0065,0.0619,0.0033,0.0812,0.0147,0.0693,0.0041,0.4155,0.0040
rk45,32,8,3,0.0143,0.0002,quadratic,quadratic,10000,120000,0.9179,0.0100,0.9253,0.0103,0.9194,0.0110,0.7019,0.0045,0.4040,0.0031,0.5128,0.0029,0.7191,0.0046
rk45,32,8,3,0.0143,0.0002,polar3,polar,10000,120000,0.9556,0.0065,0.9616,0.0067,0.9571,0.0071,0.9734,0.0048,0.5395,0.0028,0.6942,0.0011,0.8279,0.0037
rk45,32,8,3,0.0143,0.0002,knn,knn,15000,180000,0.4592,0.0045,0.4655,0.0047,0.4586,0.0046,0.0888,0.0038,0.0277,0.0018,0.0422,0.0025,0.2538,0.0021
rk45,32,8,3,0.0143,0.0002,altered_knn,altered_knn,15000,120000,0.7450,0.0088,0.7536,0.0096,0.7626,0.0063,0.0539,0.0067,0.1537,0.0446,0.0766,0.0019,0.4151,0.0039
rk45,32,8,3,0.0143,0.0002,quadratic,quadratic,15000,180000,0.9215,0.0112,0.9290,0.0115,0.9231,0.0122,0.7154,0.0022,0.4009,0.0036,0.5138,0.0024,0.7214,0.0053
rk45,32,8,3,0.0143,0.0002,polar3,polar,15000,180000,0.9564,0.0073,0.9624,0.0074,0.9575,0.0076,0.9768,0.0049,0.5441,0.0051,0.6989,0.0029,0.8306,0.0046
rk45,32,8,3,0.0143,0.0002,knn,knn,20000,240000,0.4627,0.0051,0.4690,0.0052,0.4623,0.0051,0.0939,0.0101,0.0280,0.0026,0.0432,0.0041,0.2561,0.0042
rk45,32,8,3,0.0143,0.0002,altered_knn,altered_knn,20000,160000,0.7511,0.0047,0.7603,0.0049,0.7639,0.0060,0.0566,0.0014,0.1154,0.0072,0.0758,0.0003,0.4181,0.0025
rk45,32,8,3,0.0143,0.0002,quadratic,quadratic,20000,240000,0.9262,0.0112,0.9340,0.0115,0.9276,0.0122,0.7756,0.0015,0.3861,0.0051,0.5156,0.0044,0.7248,0.0059
rk45,32,8,3,0.0143,0.0002,polar3,polar,20000,240000,0.9572,0.0076,0.9632,0.0077,0.9584,0.0079,0.9764,0.0049,0.5477,0.0042,0.7018,0.0022,0.8325,0.0044
rk45,32,16,3,0.0158,0.0008,knn,knn,2000,48000,0.3206,0.0024,0.3248,0.0026,0.3210,0.0025,0.0581,0.0005,0.0572,0.0026,0.0577,0.0015,0.1912,0.0006
rk45,32,16,3,0.0158,0.0008,altered_knn,altered_knn,2000,32000,0.6726,0.0068,0.6800,0.0077,0.6960,0.0028,0.0559,0.0069,0.2180,0.0259,0.0882,0.0071,0.3841,0.0073
rk45,32,16,3,0.0158,0.0008,quadratic,quadratic,2000,48000,0.8631,0.0012,0.8703,0.0013,0.8670,0.0011,0.4640,0.0140,0.4146,0.0044,0.4378,0.0046,0.6540,0.0023
rk45,32,16,3,0.0158,0.0008,polar3,polar,2000,48000,0.9110,0.0007,0.9183,0.0012,0.9120,0.0009,0.9467,0.0100,0.4627,0.0184,0.6212,0.0144,0.7697,0.0067
rk45,32,16,3,0.0158,0.0008,knn,knn,5000,120000,0.3351,0.0014,0.3396,0.0017,0.3360,0.0016,0.0639,0.0029,0.0538,0.0007,0.0584,0.0016,0.1990,0.0016
rk45,32,16,3,0.0158,0.0008,altered_knn,altered_knn,5000,80000,0.6933,0.0028,0.7014,0.0040,0.7110,0.0031,0.0670,0.0069,0.1836,0.0566,0.0946,0.0036,0.3980,0.0012
rk45,32,16,3,0.0158,0.0008,quadratic,quadratic,5000,120000,0.8930,0.0020,0.9004,0.0020,0.8966,0.0019,0.5394,0.0174,0.4313,0.0051,0.4791,0.0046,0.6897,0.0021
rk45,32,16,3,0.0158,0.0008,polar3,polar,5000,120000,0.9341,0.0018,0.9418,0.0025,0.9358,0.0022,0.9669,0.0072,0.4596,0.0187,0.6227,0.0157,0.7823,0.0066
rk45,32,16,3,0.0158,0.0008,knn,knn,10000,240000,0.3453,0.0020,0.3500,0.0022,0.3463,0.0021,0.0696,0.0045,0.0513,0.0008,0.0590,0.0022,0.2045,0.0021
rk45,32,16,3,0.0158,0.0008,altered_knn,altered_knn,10000,160000,0.7045,0.0010,0.7143,0.0018,0.7147,0.0025,0.0751,0.0068,0.0935,0.0370,0.0785,0.0116,0.3964,0.0050
rk45,32,16,3,0.0158,0.0008,quadratic,quadratic,10000,240000,0.9077,0.0021,0.9155,0.0021,0.9107,0.0020,0.6349,0.0176,0.4184,0.0086,0.5042,0.0049,0.7098,0.0014
rk45,32,16,3,0.0158,0.0008,polar3,polar,10000,240000,0.9430,0.0014,0.9507,0.0019,0.9451,0.0016,0.9713,0.0078,0.4602,0.0185,0.6242,0.0154,0.7875,0.0069
rk45,32,16,3,0.0158,0.0008,knn,knn,15000,360000,0.3518,0.0023,0.3567,0.0024,0.3529,0.0023,0.0729,0.0038,0.0486,0.0014,0.0583,0.0022,0.2075,0.0022
rk45,32,16,3,0.0158,0.0008,altered_knn,altered_knn,15000,240000,0.7043,0.0057,0.7140,0.0072,0.7160,0.0020,0.0746,0.0112,0.1084,0.0648,0.0774,0.0114,0.3957,0.0036
rk45,32,16,3,0.0158,0.0008,quadratic,quadratic,15000,360000,0.9215,0.0013,0.9302,0.0017,0.9241,0.0013,0.7917,0.0143,0.3827,0.0132,0.5157,0.0092,0.7229,0.0039
rk45,32,16,3,0.0158,0.0008,polar3,polar,15000,360000,0.9462,0.0007,0.9539,0.0012,0.9483,0.0009,0.9736,0.0073,0.4660,0.0185,0.6300,0.0154,0.7920,0.0071
rk45,32,16,3,0.0158,0.0008,knn,knn,20000,480000,0.3558,0.0019,0.3608,0.0021,0.3570,0.0018,0.0724,0.0049,0.0474,0.0020,0.0573,0.0028,0.2090,0.0017
rk45,32,16,3,0.0158,0.0008,altered_knn,altered_knn,20000,320000,0.7001,0.0086,0.7091,0.0103,0.7168,0.0008,0.0617,0.0097,0.1441,0.0831,0.0749,0.0126,0.3920,0.0031
rk45,32,16,3,0.0158,0.0008,quadratic,quadratic,20000,480000,0.9306,0.0010,0.9396,0.0016,0.9332,0.0012,0.8616,0.0151,0.3690,0.0149,0.5164,0.0118,0.7280,0.0052
rk45,32,16,3,0.0158,0.0008,polar3,polar,20000,480000,0.9458,0.0009,0.9532,0.0015,0.9476,0.0013,0.9295,0.0128,0.4829,0.0183,0.6352,0.0130,0.7942,0.0057
rk45,64,2,3,0.0167,0.0005,knn,knn,2000,6000,0.6934,0.0104,0.7051,0.0102,0.6972,0.0078,0.0771,0.0298,0.0038,0.0015,0.0073,0.0028,0.3562,0.0058
rk45,64,2,3,0.0167,0.0005,altered_knn,altered_knn,2000,4000,0.7237,0.0640,0.7307,0.0666,0.8044,0.0340,0.0264,0.0027,0.3072,0.0932,0.0481,0.0036,0.3894,0.0351
rk45,64,2,3,0.0167,0.0005,quadratic,quadratic,2000,6000,0.6685,0.0066,0.6742,0.0069,0.7419,0.0053,0.0280,0.0003,0.3345,0.0146,0.0517,0.0006,0.3629,0.0033
rk45,64,2,3,0.0167,0.0005,polar3,polar,2000,6000,0.9436,0.0035,0.9532,0.0036,0.9479,0.0035,0.8495,0.0169,0.3758,0.0195,0.5205,0.0155,0.7369,0.0074
rk45,64,2,3,0.0167,0.0005,knn,knn,5000,15000,0.7068,0.0082,0.7187,0.0080,0.7104,0.0056,0.1018,0.0060,0.0032,0.0002,0.0062,0.0004,0.3624,0.0040
rk45,64,2,3,0.0167,0.0005,altered_knn,altered_knn,5000,10000,0.7922,0.0075,0.8021,0.0079,0.8452,0.0038,0.0286,0.0020,0.2062,0.0245,0.0501,0.0037,0.4261,0.0030
rk45,64,2,3,0.0167,0.0005,quadratic,quadratic,5000,15000,0.9251,0.0017,0.9358,0.0013,0.9349,0.0016,0.2955,0.0045,0.2931,0.0173,0.2941,0.0102,0.6149,0.0057
rk45,64,2,3,0.0167,0.0005,polar3,polar,5000,15000,0.9653,0.0007,0.9740,0.0001,0.9690,0.0005,0.9751,0.0067,0.4527,0.0206,0.6180,0.0187,0.7960,0.0094
rk45,64,2,3,0.0167,0.0005,knn,knn,10000,30000,0.7146,0.0093,0.7267,0.0090,0.7181,0.0062,0.0372,0.0389,0.0008,0.0007,0.0015,0.0014,0.3641,0.0039
rk45,64,2,3,0.0167,0.0005,altered_knn,altered_knn,10000,20000,0.7651,0.0698,0.7736,0.0729,0.8355,0.0350,0.0273,0.0030,0.2602,0.1197,0.0483,0.0035,0.4110,0.0377
rk45,64,2,3,0.0167,0.0005,quadratic,quadratic,10000,30000,0.9517,0.0007,0.9632,0.0003,0.9585,0.0007,0.5522,0.0116,0.2733,0.0055,0.3655,0.0044,0.6643,0.0023
rk45,64,2,3,0.0167,0.0005,polar3,polar,10000,30000,0.9769,0.0007,0.9843,0.0008,0.9802,0.0007,0.9882,0.0007,0.5374,0.0287,0.6958,0.0239,0.8401,0.0118
rk45,64,2,3,0.0167,0.0005,knn,knn,15000,45000,0.7183,0.0090,0.7304,0.0088,0.7219,0.0060,0.0675,0.0222,0.0016,0.0005,0.0031,0.0011,0.3668,0.0041
rk45,64,2,3,0.0167,0.0005,altered_knn,altered_knn,15000,30000,0.7128,0.1484,0.7191,0.1545,0.7967,0.0962,0.0269,0.0038,0.3328,0.2141,0.0478,0.0046,0.3835,0.0793
rk45,64,2,3,0.0167,0.0005,quadratic,quadratic,15000,45000,0.9586,0.0012,0.9705,0.0008,0.9651,0.0011,0.6453,0.0155,0.2554,0.0080,0.3657,0.0058,0.6681,0.0033
rk45,64,2,3,0.0167,0.0005,polar3,polar,15000,45000,0.9798,0.0006,0.9866,0.0010,0.9829,0.0008,0.9910,0.0032,0.5745,0.0288,0.7269,0.0234,0.8568,0.0113
rk45,64,2,3,0.0167,0.0005,knn,knn,20000,60000,0.7211,0.0094,0.7333,0.0092,0.7248,0.0067,0.0941,0.0264,0.0018,0.0005,0.0036,0.0011,0.3684,0.0051
rk45,64,2,3,0.0167,0.0005,altered_knn,altered_knn,20000,40000,0.7400,0.1142,0.7477,0.1189,0.8200,0.0670,0.0269,0.0050,0.2921,0.1597,0.0475,0.0065,0.3976,0.0627
rk45,64,2,3,0.0167,0.0005,quadratic,quadratic,20000,60000,0.9618,0.0011,0.9739,0.0003,0.9682,0.0008,0.6967,0.0071,0.2480,0.0265,0.3650,0.0290,0.6695,0.0146
rk45,64,2,3,0.0167,0.0005,polar3,polar,20000,60000,0.9802,0.0012,0.9869,0.0010,0.9833,0.0011,0.9899,0.0021,0.5877,0.0303,0.7371,0.0238,0.8620,0.0119
rk45,64,4,3,0.0160,0.0006,knn,knn,2000,12000,0.5043,0.0062,0.5124,0.0066,0.5033,0.0043,0.0439,0.0052,0.0089,0.0010,0.0148,0.0016,0.2636,0.0041
rk45,64,4,3,0.0160,0.0006,altered_knn,altered_knn,2000,8000,0.7227,0.0327,0.7333,0.0351,0.7456,0.0061,0.0410,0.0161,0.0765,0.0940,0.0234,0.0095,0.3784,0.0131
rk45,64,4,3,0.0160,0.0006,quadratic,quadratic,2000,12000,0.7377,0.0005,0.7444,0.0006,0.7617,0.0008,0.0726,0.0021,0.3280,0.0096,0.1189,0.0023,0.4316,0.0013
rk45,64,4,3,0.0160,0.0006,polar3,polar,2000,12000,0.9161,0.0036,0.9242,0.0038,0.9180,0.0041,0.9628,0.0007,0.4184,0.0159,0.5831,0.0156,0.7537,0.0070
rk45,64,4,3,0.0160,0.0006,knn,knn,5000,30000,0.5207,0.0052,0.5290,0.0056,0.5197,0.0031,0.0497,0.0054,0.0080,0.0005,0.0138,0.0010,0.2714,0.0028
rk45,64,4,3,0.0160,0.0006,altered_knn,altered_knn,5000,20000,0.7470,0.0180,0.7579,0.0195,0.7682,0.0040,0.0289,0.0054,0.0788,0.0529,0.0368,0.0085,0.3973,0.0086
rk45,64,4,3,0.0160,0.0006,quadratic,quadratic,5000,30000,0.8891,0.0030,0.8983,0.0029,0.8948,0.0033,0.3900,0.0072,0.3247,0.0086,0.3543,0.0059,0.6263,0.0041
rk45,64,4,3,0.0160,0.0006,polar3,polar,5000,30000,0.9380,0.0022,0.9450,0.0029,0.9399,0.0025,0.9840,0.0006,0.5083,0.0249,0.6700,0.0219,0.8075,0.0095
rk45,64,4,3,0.0160,0.0006,knn,knn,10000,60000,0.5317,0.0053,0.5403,0.0057,0.5306,0.0033,0.0431,0.0067,0.0056,0.0010,0.0099,0.0017,0.2751,0.0037
rk45,64,4,3,0.0160,0.0006,altered_knn,altered_knn,10000,40000,0.7603,0.0160,0.7711,0.0166,0.7829,0.0029,0.0350,0.0070,0.0927,0.0431,0.0468,0.0032,0.4089,0.0096
rk45,64,4,3,0.0160,0.0006,quadratic,quadratic,10000,60000,0.9188,0.0028,0.9287,0.0027,0.9239,0.0030,0.5441,0.0075,0.3105,0.0100,0.3953,0.0100,0.6620,0.0055
rk45,64,4,3,0.0160,0.0006,polar3,polar,10000,60000,0.9532,0.0027,0.9595,0.0032,0.9554,0.0028,0.9872,0.0018,0.5661,0.0233,0.7193,0.0192,0.8394,0.0084
rk45,64,4,3,0.0160,0.0006,knn,knn,15000,90000,0.5362,0.0055,0.5448,0.0059,0.5350,0.0031,0.0513,0.0019,0.0061,0.0007,0.0108,0.0012,0.2778,0.0025
rk45,64,4,3,0.0160,0.0006,altered_knn,altered_knn,15000,60000,0.7315,0.0709,0.7404,0.0750,0.7748,0.0225,0.0383,0.0094,0.1754,0.1922,0.0387,0.0185,0.3896,0.0352
rk45,64,4,3,0.0160,0.0006,quadratic,quadratic,15000,90000,0.9291,0.0024,0.9391,0.0027,0.9342,0.0030,0.6036,0.0142,0.3131,0.0174,0.4122,0.0182,0.6757,0.0081
rk45,64,4,3,0.0160,0.0006,polar3,polar,15000,90000,0.9566,0.0028,0.9627,0.0034,0.9585,0.0033,0.9888,0.0003,0.5799,0.0219,0.7308,0.0174,0.8468,0.0075
rk45,64,4,3,0.0160,0.0006,knn,knn,20000,120000,0.5401,0.0041,0.5488,0.0045,0.5388,0.0021,0.0565,0.0078,0.0061,0.0010,0.0109,0.0018,0.2799,0.0016
rk45,64,4,3,0.0160,0.0006,altered_knn,altered_knn,20000,80000,0.7671,0.0278,0.7776,0.0298,0.7916,0.0050,0.0442,0.0090,0.1132,0.1154,0.0413,0.0189,0.4095,0.0118
rk45,64,4,3,0.0160,0.0006,quadratic,quadratic,20000,120000,0.9349,0.0024,0.9450,0.0025,0.9399,0.0028,0.6388,0.0089,0.3151,0.0173,0.4218,0.0176,0.6834,0.0084
rk45,64,4,3,0.0160,0.0006,polar3,polar,20000,120000,0.9587,0.0019,0.9649,0.0024,0.9607,0.0022,0.9887,0.0021,0.5841,0.0233,0.7341,0.0190,0.8495,0.0087
rk45,64,8,3,0.0163,0.0004,knn,knn,2000,24000,0.3595,0.0056,0.3651,0.0056,0.3587,0.0045,0.0418,0.0036,0.0225,0.0023,0.0292,0.0027,0.1972,0.0016
rk45,64,8,3,0.0163,0.0004,altered_knn,altered_knn,2000,16000,0.6335,0.0227,0.6409,0.0249,0.6712,0.0036,0.0337,0.0099,0.1881,0.0965,0.0507,0.0041,0.3458,0.0141
rk45,64,8,3,0.0163,0.0004,quadratic,quadratic,2000,24000,0.7239,0.0028,0.7305,0.0027,0.7357,0.0021,0.1197,0.0039,0.3238,0.0012,0.1747,0.0041,0.4526,0.0026
rk45,64,8,3,0.0163,0.0004,polar3,polar,2000,24000,0.8974,0.0041,0.9048,0.0039,0.8968,0.0050,0.9632,0.0020,0.4479,0.0065,0.6115,0.0060,0.7581,0.0046
rk45,64,8,3,0.0163,0.0004,knn,knn,5000,60000,0.3741,0.0055,0.3799,0.0054,0.3734,0.0045,0.0465,0.0016,0.0207,0.0005,0.0286,0.0003,0.2043,0.0028
rk45,64,8,3,0.0163,0.0004,altered_knn,altered_knn,5000,40000,0.6752,0.0256,0.6844,0.0276,0.6985,0.0053,0.0375,0.0082,0.1144,0.1120,0.0417,0.0172,0.3631,0.0128
rk45,64,8,3,0.0163,0.0004,quadratic,quadratic,5000,60000,0.8531,0.0026,0.8614,0.0024,0.8575,0.0029,0.3844,0.0001,0.3510,0.0052,0.3669,0.0029,0.6142,0.0026
rk45,64,8,3,0.0163,0.0004,polar3,polar,5000,60000,0.9337,0.0041,0.9406,0.0039,0.9338,0.0047,0.9783,0.0008,0.5114,0.0086,0.6716,0.0076,0.8061,0.0057
rk45,64,8,3,0.0163,0.0004,knn,knn,10000,120000,0.3863,0.0054,0.3924,0.0054,0.3859,0.0047,0.0452,0.0019,0.0175,0.0004,0.0252,0.0007,0.2088,0.0030
rk45,64,8,3,0.0163,0.0004,altered_knn,altered_knn,10000,80000,0.6989,0.0143,0.7089,0.0150,0.7157,0.0056,0.0432,0.0086,0.0899,0.0407,0.0535,0.0012,0.3812,0.0081
rk45,64,8,3,0.0163,0.0004,quadratic,quadratic,10000,120000,0.8892,0.0033,0.8981,0.0032,0.8931,0.0039,0.4957,0.0120,0.3502,0.0048,0.4104,0.0069,0.6543,0.0047
rk45,64,8,3,0.0163,0.0004,polar3,polar,10000,120000,0.9426,0.0035,0.9495,0.0033,0.9437,0.0033,0.9842,0.0015,0.5277,0.0074,0.6870,0.0060,0.8183,0.0046
rk45,64,8,3,0.0163,0.0004,knn,knn,15000,180000,0.3920,0.0056,0.3982,0.0056,0.3916,0.0047,0.0478,0.0061,0.0175,0.0023,0.0256,0.0033,0.2119,0.0042
rk45,64,8,3,0.0163,0.0004,altered_knn,altered_knn,15000,120000,0.7053,0.0048,0.7154,0.0056,0.7234,0.0039,0.0423,0.0110,0.0985,0.0296,0.0548,0.0019,0.3851,0.0034
rk45,64,8,3,0.0163,0.0004,quadratic,quadratic,15000,180000,0.9024,0.0046,0.9115,0.0045,0.9060,0.0052,0.5499,0.0076,0.3531,0.0056,0.4300,0.0038,0.6707,0.0041
rk45,64,8,3,0.0163,0.0004,polar3,polar,15000,180000,0.9452,0.0036,0.9520,0.0033,0.9462,0.0035,0.9852,0.0005,0.5325,0.0087,0.6913,0.0074,0.8217,0.0053
rk45,64,8,3,0.0163,0.0004,knn,knn,20000,240000,0.3955,0.0051,0.4017,0.0051,0.3951,0.0044,0.0556,0.0013,0.0195,0.0003,0.0288,0.0004,0.2153,0.0026
rk45,64,8,3,0.0163,0.0004,altered_knn,altered_knn,20000,160000,0.7149,0.0089,0.7254,0.0097,0.7291,0.0051,0.0451,0.0060,0.0808,0.0345,0.0543,0.0039,0.3898,0.0031
rk45,64,8,3,0.0163,0.0004,quadratic,quadratic,20000,240000,0.9121,0.0048,0.9215,0.0046,0.9154,0.0054,0.6410,0.0087,0.3420,0.0061,0.4460,0.0050,0.6837,0.0048
rk45,64,8,3,0.0163,0.0004,polar3,polar,20000,240000,0.9444,0.0017,0.9512,0.0014,0.9453,0.0017,0.9847,0.0021,0.5358,0.0096,0.6939,0.0077,0.8226,0.0045
rk45,64,16,3,0.0175,0.0004,knn,knn,2000,48000,0.2591,0.0011,0.2630,0.0010,0.2591,0.0012,0.0416,0.0024,0.0400,0.0006,0.0407,0.0009,0.1519,0.0004
rk45,64,16,3,0.0175,0.0004,altered_knn,altered_knn,2000,32000,0.6138,0.0009,0.6240,0.0010,0.6236,0.0027,0.0442,0.0073,0.0412,0.0152,0.0395,0.0077,0.3318,0.0038
rk45,64,16,3,0.0175,0.0004,quadratic,quadratic,2000,48000,0.7046,0.0015,0.7112,0.0015,0.7163,0.0017,0.1368,0.0023,0.3326,0.0035,0.1939,0.0028,0.4526,0.0009
rk45,64,16,3,0.0175,0.0004,polar3,polar,2000,48000,0.8870,0.0050,0.8947,0.0049,0.8878,0.0052,0.9652,0.0043,0.4519,0.0141,0.6154,0.0128,0.7551,0.0076
rk45,64,16,3,0.0175,0.0004,knn,knn,5000,120000,0.2721,0.0014,0.2763,0.0013,0.2723,0.0014,0.0426,0.0007,0.0360,0.0018,0.0390,0.0012,0.1577,0.0011
rk45,64,16,3,0.0175,0.0004,altered_knn,altered_knn,5000,80000,0.5999,0.0519,0.6061,0.0561,0.6478,0.0127,0.0371,0.0071,0.2562,0.1871,0.0590,0.0062,0.3325,0.0306
rk45,64,16,3,0.0175,0.0004,quadratic,quadratic,5000,120000,0.8287,0.0014,0.8367,0.0013,0.8352,0.0017,0.3244,0.0068,0.3789,0.0038,0.3495,0.0034,0.5931,0.0020
rk45,64,16,3,0.0175,0.0004,polar3,polar,5000,120000,0.9222,0.0044,0.9303,0.0042,0.9239,0.0049,0.9830,0.0013,0.4644,0.0164,0.6306,0.0150,0.7804,0.0086
rk45,64,16,3,0.0175,0.0004,knn,knn,10000,240000,0.2823,0.0017,0.2867,0.0016,0.2827,0.0016,0.0459,0.0020,0.0337,0.0011,0.0389,0.0014,0.1628,0.0008
rk45,64,16,3,0.0175,0.0004,altered_knn,altered_knn,10000,160000,0.6541,0.0021,0.6634,0.0030,0.6748,0.0024,0.0454,0.0020,0.1335,0.0347,0.0667,0.0036,0.3650,0.0010
rk45,64,16,3,0.0175,0.0004,quadratic,quadratic,10000,240000,0.8747,0.0012,0.8836,0.0011,0.8796,0.0014,0.4771,0.0095,0.3719,0.0032,0.4179,0.0028,0.6508,0.0018
rk45,64,16,3,0.0175,0.0004,polar3,polar,10000,240000,0.9292,0.0047,0.9374,0.0044,0.9313,0.0050,0.9845,0.0009,0.4666,0.0159,0.6329,0.0148,0.7852,0.0095
rk45,64,16,3,0.0175,0.0004,knn,knn,15000,360000,0.2877,0.0009,0.2923,0.0008,0.2885,0.0009,0.0445,0.0017,0.0306,0.0016,0.0362,0.0017,0.1643,0.0011
rk45,64,16,3,0.0175,0.0004,altered_knn,altered_knn,15000,240000,0.6656,0.0099,0.6759,0.0116,0.6810,0.0026,0.0591,0.0140,0.0895,0.0801,0.0505,0.0177,0.3632,0.0058
rk45,64,16,3,0.0175,0.0004,quadratic,quadratic,15000,360000,0.8999,0.0016,0.9100,0.0016,0.9037,0.0018,0.7081,0.0076,0.3316,0.0053,0.4516,0.0034,0.6808,0.0016
rk45,64,16,3,0.0175,0.0004,polar3,polar,15000,360000,0.9387,0.0020,0.9470,0.0019,0.9410,0.0024,0.9852,0.0008,0.4715,0.0165,0.6376,0.0153,0.7923,0.0079
rk45,64,16,3,0.0175,0.0004,knn,knn,20000,480000,0.2914,0.0016,0.2960,0.0015,0.2921,0.0016,0.0470,0.0024,0.0309,0.0008,0.0373,0.0013,0.1666,0.0002
rk45,64,16,3,0.0175,0.0004,altered_knn,altered_knn,20000,320000,0.6771,0.0017,0.6882,0.0015,0.6864,0.0021,0.0635,0.0003,0.0508,0.0049,0.0563,0.0032,0.3723,0.0019
rk45,64,16,3,0.0175,0.0004,quadratic,quadratic,20000,480000,0.9127,0.0016,0.9233,0.0016,0.9164,0.0018,0.8266,0.0104,0.3127,0.0068,0.4537,0.0058,0.6885,0.0029
rk45,64,16,3,0.0175,0.0004,polar3,polar,20000,480000,0.9431,0.0047,0.9515,0.0044,0.9457,0.0048,0.9841,0.0002,0.4729,0.0170,0.6387,0.0156,0.7951,0.0095
rk45,128,2,3,0.0171,0.0003,knn,knn,2000,6000,0.6566,0.0066,0.6680,0.0069,0.6603,0.0045,0.0415,0.0109,0.0024,0.0005,0.0044,0.0010,0.3362,0.0032
rk45,128,2,3,0.0171,0.0003,altered_knn,altered_knn,2000,4000,0.6731,0.0845,0.6802,0.0883,0.7564,0.0471,0.0200,0.0005,0.2610,0.1366,0.0365,0.0010,0.3584,0.0438
rk45,128,2,3,0.0171,0.0003,quadratic,quadratic,2000,6000,0.4107,0.0025,0.4121,0.0026,0.4831,0.0022,0.0180,0.0005,0.3279,0.0036,0.0341,0.0010,0.2231,0.0015
rk45,128,2,3,0.0171,0.0003,polar3,polar,2000,6000,0.9357,0.0059,0.9460,0.0061,0.9413,0.0060,0.6925,0.0267,0.3421,0.0128,0.4579,0.0164,0.7020,0.0057
rk45,128,2,3,0.0171,0.0003,knn,knn,5000,15000,0.6679,0.0057,0.6795,0.0060,0.6717,0.0030,0.0393,0.0143,0.0019,0.0007,0.0037,0.0013,0.3416,0.0036
rk45,128,2,3,0.0171,0.0003,altered_knn,altered_knn,5000,10000,0.6704,0.1209,0.6771,0.1263,0.7560,0.0751,0.0203,0.0018,0.2845,0.1912,0.0367,0.0030,0.3569,0.0630
rk45,128,2,3,0.0171,0.0003,quadratic,quadratic,5000,15000,0.4696,0.0023,0.4719,0.0023,0.5575,0.0025,0.0179,0.0002,0.3391,0.0016,0.0340,0.0004,0.2529,0.0009
rk45,128,2,3,0.0171,0.0003,polar3,polar,5000,15000,0.9527,0.0061,0.9624,0.0059,0.9571,0.0060,0.9481,0.0102,0.3913,0.0065,0.5539,0.0049,0.7582,0.0054
rk45,128,2,3,0.0171,0.0003,knn,knn,10000,30000,0.6743,0.0070,0.6859,0.0073,0.6777,0.0036,0.0445,0.0320,0.0016,0.0012,0.0031,0.0024,0.3445,0.0026
rk45,128,2,3,0.0171,0.0003,altered_knn,altered_knn,10000,20000,0.7171,0.0726,0.7253,0.0761,0.7944,0.0376,0.0215,0.0006,0.2442,0.1272,0.0388,0.0011,0.3821,0.0377
rk45,128,2,3,0.0171,0.0003,quadratic,quadratic,10000,30000,0.7504,0.0010,0.7577,0.0009,0.8162,0.0012,0.0354,0.0003,0.3311,0.0058,0.0640,0.0006,0.4109,0.0008
rk45,128,2,3,0.0171,0.0003,polar3,polar,10000,30000,0.9646,0.0022,0.9734,0.0020,0.9685,0.0022,0.9886,0.0024,0.4548,0.0159,0.6228,0.0146,0.7981,0.0077
rk45,128,2,3,0.0171,0.0003,knn,knn,15000,45000,0.6778,0.0067,0.6895,0.0070,0.6814,0.0036,0.0262,0.0082,0.0008,0.0003,0.0015,0.0005,0.3455,0.0034
rk45,128,2,3,0.0171,0.0003,altered_knn,altered_knn,15000,30000,0.6224,0.0018,0.6261,0.0019,0.7478,0.0016,0.0206,0.0005,0.4112,0.0134,0.0393,0.0009,0.3327,0.0013
rk45,128,2,3,0.0171,0.0003,quadratic,quadratic,15000,45000,0.8714,0.0004,0.8809,0.0005,0.9009,0.0004,0.0881,0.0035,0.3197,0.0075,0.1381,0.0050,0.5095,0.0026
rk45,128,2,3,0.0171,0.0003,polar3,polar,15000,45000,0.9678,0.0002,0.9757,0.0005,0.9712,0.0003,0.9927,0.0021,0.5118,0.0206,0.6752,0.0184,0.8254,0.0089
rk45,128,2,3,0.0171,0.0003,knn,knn,20000,60000,0.6807,0.0068,0.6925,0.0071,0.6844,0.0038,0.0704,0.0391,0.0019,0.0010,0.0038,0.0019,0.3481,0.0044
rk45,128,2,3,0.0171,0.0003,altered_knn,altered_knn,20000,40000,0.7292,0.0713,0.7376,0.0750,0.8044,0.0366,0.0225,0.0015,0.2475,0.1362,0.0403,0.0028,0.3890,0.0371
rk45,128,2,3,0.0171,0.0003,quadratic,quadratic,20000,60000,0.9095,0.0012,0.9200,0.0012,0.9276,0.0009,0.1500,0.0090,0.3017,0.0095,0.2003,0.0101,0.5602,0.0056
rk45,128,2,3,0.0171,0.0003,polar3,polar,20000,60000,0.9722,0.0006,0.9796,0.0005,0.9755,0.0005,0.9932,0.0014,0.5474,0.0114,0.7057,0.0096,0.8426,0.0047
rk45,128,4,3,0.0158,0.0005,knn,knn,2000,12000,0.4486,0.0067,0.4557,0.0067,0.4472,0.0037,0.0305,0.0048,0.0086,0.0016,0.0134,0.0024,0.2345,0.0041
rk45,128,4,3,0.0158,0.0005,altered_knn,altered_knn,2000,8000,0.5685,0.0757,0.5731,0.0798,0.6464,0.0290,0.0189,0.0009,0.2880,0.1771,0.0323,0.0037,0.3027,0.0381
rk45,128,4,3,0.0158,0.0005,quadratic,quadratic,2000,12000,0.3126,0.0012,0.3118,0.0012,0.3739,0.0016,0.0165,0.0008,0.3598,0.0076,0.0315,0.0016,0.1717,0.0010
rk45,128,4,3,0.0158,0.0005,polar3,polar,2000,12000,0.9048,0.0043,0.9132,0.0045,0.9078,0.0044,0.9538,0.0107,0.3806,0.0107,0.5440,0.0115,0.7286,0.0070
rk45,128,4,3,0.0158,0.0005,knn,knn,5000,30000,0.4622,0.0071,0.4695,0.0070,0.4609,0.0038,0.0354,0.0021,0.0080,0.0008,0.0130,0.0012,0.2413,0.0039
rk45,128,4,3,0.0158,0.0005,altered_knn,altered_knn,5000,20000,0.6100,0.0924,0.6163,0.0972,0.6732,0.0407,0.0198,0.0018,0.2302,0.2021,0.0321,0.0033,0.3242,0.0477
rk45,128,4,3,0.0158,0.0005,quadratic,quadratic,5000,30000,0.4961,0.0013,0.4988,0.0015,0.5645,0.0010,0.0206,0.0006,0.3284,0.0044,0.0388,0.0010,0.2688,0.0012
rk45,128,4,3,0.0158,0.0005,polar3,polar,5000,30000,0.9288,0.0042,0.9358,0.0043,0.9300,0.0045,0.9873,0.0028,0.4918,0.0123,0.6565,0.0104,0.7961,0.0048
rk45,128,4,3,0.0158,0.0005,knn,knn,10000,60000,0.4721,0.0054,0.4796,0.0054,0.4709,0.0024,0.0326,0.0051,0.0058,0.0013,0.0099,0.0021,0.2447,0.0029
rk45,128,4,3,0.0158,0.0005,altered_knn,altered_knn,10000,40000,0.6566,0.0465,0.6644,0.0494,0.7067,0.0114,0.0400,0.0286,0.1745,0.1279,0.0258,0.0153,0.3451,0.0176
rk45,128,4,3,0.0158,0.0005,quadratic,quadratic,10000,60000,0.7755,0.0025,0.7826,0.0025,0.8017,0.0024,0.0749,0.0036,0.3330,0.0086,0.1223,0.0053,0.4525,0.0014
rk45,128,4,3,0.0158,0.0005,polar3,polar,10000,60000,0.9471,0.0028,0.9530,0.0027,0.9486,0.0027,0.9910,0.0025,0.5793,0.0112,0.7311,0.0082,0.8421,0.0044
rk45,128,4,3,0.0158,0.0005,knn,knn,15000,90000,0.4764,0.0070,0.4840,0.0070,0.4751,0.0038,0.0317,0.0025,0.0055,0.0004,0.0093,0.0007,0.2467,0.0038
rk45,128,4,3,0.0158,0.0005,altered_knn,altered_knn,15000,60000,0.6564,0.0400,0.6638,0.0428,0.7136,0.0083,0.0204,0.0011,0.1987,0.1201,0.0329,0.0057,0.3484,0.0187
rk45,128,4,3,0.0158,0.0005,quadratic,quadratic,15000,90000,0.8477,0.0011,0.8559,0.0008,0.8624,0.0012,0.1478,0.0048,0.3346,0.0082,0.2050,0.0058,0.5304,0.0027
rk45,128,4,3,0.0158,0.0005,polar3,polar,15000,90000,0.9495,0.0035,0.9548,0.0033,0.9506,0.0035,0.9896,0.0019,0.6203,0.0129,0.7625,0.0092,0.8587,0.0056
rk45,128,4,3,0.0158,0.0005,knn,knn,20000,120000,0.4799,0.0084,0.4875,0.0084,0.4787,0.0052,0.0413,0.0083,0.0065,0.0012,0.0112,0.0021,0.2494,0.0032
rk45,128,4,3,0.0158,0.0005,altered_knn,altered_knn,20000,80000,0.6823,0.0297,0.6908,0.0316,0.7267,0.0088,0.0218,0.0018,0.1576,0.0763,0.0372,0.0014,0.3640,0.0162
rk45,128,4,3,0.0158,0.0005,quadratic,quadratic,20000,120000,0.8774,0.0003,0.8863,0.0005,0.8890,0.0006,0.2006,0.0102,0.3281,0.0072,0.2489,0.0099,0.5676,0.0050
rk45,128,4,3,0.0158,0.0005,polar3,polar,20000,120000,0.9512,0.0025,0.9563,0.0024,0.9523,0.0018,0.9894,0.0006,0.6376,0.0129,0.7754,0.0094,0.8658,0.0047
rk45,128,8,3,0.0149,0.0005,knn,knn,2000,24000,0.3046,0.0013,0.3089,0.0013,0.3033,0.0012,0.0261,0.0042,0.0198,0.0028,0.0225,0.0033,0.1657,0.0012
rk45,128,8,3,0.0149,0.0005,altered_knn,altered_knn,2000,16000,0.5285,0.0414,0.5333,0.0442,0.5805,0.0109,0.0193,0.0022,0.2171,0.1325,0.0327,0.0012,0.2830,0.0215
rk45,128,8,3,0.0149,0.0005,quadratic,quadratic,2000,24000,0.3267,0.0016,0.3259,0.0016,0.3916,0.0022,0.0164,0.0004,0.3778,0.0042,0.0314,0.0007,0.1787,0.0011
rk45,128,8,3,0.0149,0.0005,polar3,polar,2000,24000,0.8804,0.0027,0.8865,0.0031,0.8810,0.0029,0.9745,0.0059,0.4797,0.0178,0.6427,0.0147,0.7646,0.0059
rk45,128,8,3,0.0149,0.0005,knn,knn,5000,60000,0.3173,0.0026,0.3218,0.0025,0.3161,0.0016,0.0284,0.0007,0.0195,0.0007,0.0231,0.0006,0.1725,0.0012
rk45,128,8,3,0.0149,0.0005,altered_knn,altered_knn,5000,40000,0.5959,0.0223,0.6036,0.0237,0.6182,0.0057,0.0202,0.0008,0.0866,0.0760,0.0275,0.0079,0.3156,0.0092
rk45,128,8,3,0.0149,0.0005,quadratic,quadratic,5000,60000,0.5374,0.0007,0.5406,0.0006,0.5867,0.0012,0.0265,0.0010,0.3215,0.0068,0.0489,0.0017,0.2948,0.0011
rk45,128,8,3,0.0149,0.0005,polar3,polar,5000,60000,0.9245,0.0022,0.9295,0.0018,0.9249,0.0023,0.9864,0.0049,0.5904,0.0174,0.7385,0.0123,0.8340,0.0071
rk45,128,8,3,0.0149,0.0005,knn,knn,10000,120000,0.3267,0.0023,0.3314,0.0022,0.3252,0.0013,0.0309,0.0026,0.0173,0.0015,0.0222,0.0018,0.1768,0.0007
rk45,128,8,3,0.0149,0.0005,altered_knn,altered_knn,10000,80000,0.6112,0.0139,0.6189,0.0152,0.6376,0.0027,0.0206,0.0015,0.1034,0.0516,0.0329,0.0013,0.3259,0.0069
rk45,128,8,3,0.0149,0.0005,quadratic,quadratic,10000,120000,0.7432,0.0008,0.7489,0.0005,0.7603,0.0008,0.0982,0.0020,0.3619,0.0065,0.1544,0.0020,0.4517,0.0007
rk45,128,8,3,0.0149,0.0005,polar3,polar,10000,120000,0.9410,0.0013,0.9455,0.0009,0.9416,0.0011,0.9881,0.0037,0.6440,0.0216,0.7795,0.0146,0.8625,0.0077
rk45,128,8,3,0.0149,0.0005,knn,knn,15000,180000,0.3310,0.0017,0.3358,0.0016,0.3299,0.0011,0.0300,0.0028,0.0160,0.0007,0.0209,0.0013,0.1783,0.0006
rk45,128,8,3,0.0149,0.0005,altered_knn,altered_knn,15000,120000,0.5342,0.0761,0.5372,0.0797,0.6170,0.0384,0.0186,0.0010,0.3340,0.1692,0.0347,0.0018,0.2860,0.0399
rk45,128,8,3,0.0149,0.0005,quadratic,quadratic,15000,180000,0.8114,0.0007,0.8180,0.0010,0.8225,0.0010,0.1660,0.0048,0.3699,0.0048,0.2291,0.0037,0.5236,0.0024
rk45,128,8,3,0.0149,0.0005,polar3,polar,15000,180000,0.9453,0.0036,0.9497,0.0034,0.9460,0.0036,0.9863,0.0052,0.6530,0.0231,0.7854,0.0151,0.8676,0.0084
rk45,128,8,3,0.0149,0.0005,knn,knn,20000,240000,0.3341,0.0015,0.3389,0.0014,0.3329,0.0010,0.0328,0.0021,0.0167,0.0010,0.0221,0.0013,0.1805,0.0007
rk45,128,8,3,0.0149,0.0005,altered_knn,altered_knn,20000,160000,0.6108,0.0296,0.6174,0.0314,0.6525,0.0039,0.0217,0.0015,0.1678,0.1065,0.0354,0.0031,0.3264,0.0142
rk45,128,8,3,0.0149,0.0005,quadratic,quadratic,20000,240000,0.8487,0.0000,0.8561,0.0003,0.8561,0.0006,0.2541,0.0074,0.3576,0.0050,0.2969,0.0037,0.5765,0.0020
rk45,128,8,3,0.0149,0.0005,polar3,polar,20000,240000,0.9468,0.0005,0.9511,0.0010,0.9477,0.0007,0.9869,0.0045,0.6629,0.0223,0.7928,0.0145,0.8720,0.0068
rk45,128,16,3,0.0143,0.0002,knn,knn,2000,48000,0.2048,0.0010,0.2073,0.0010,0.2042,0.0007,0.0248,0.0006,0.0373,0.0013,0.0298,0.0009,0.1185,0.0009
rk45,128,16,3,0.0143,0.0002,altered_knn,altered_knn,2000,32000,0.5057,0.0051,0.5120,0.0056,0.5218,0.0021,0.0203,0.0015,0.0699,0.0346,0.0289,0.0050,0.2705,0.0003
rk45,128,16,3,0.0143,0.0002,quadratic,quadratic,2000,48000,0.3778,0.0006,0.3775,0.0005,0.4461,0.0009,0.0180,0.0002,0.4005,0.0027,0.0344,0.0003,0.2059,0.0001
rk45,128,16,3,0.0143,0.0002,polar3,polar,2000,48000,0.8647,0.0015,0.8691,0.0017,0.8637,0.0008,0.9608,0.0016,0.5574,0.0093,0.7054,0.0070,0.7873,0.0027
rk45,128,16,3,0.0143,0.0002,knn,knn,5000,120000,0.2156,0.0006,0.2182,0.0006,0.2151,0.0001,0.0250,0.0006,0.0334,0.0012,0.0286,0.0008,0.1234,0.0003
rk45,128,16,3,0.0143,0.0002,altered_knn,altered_knn,5000,80000,0.5448,0.0049,0.5522,0.0053,0.5547,0.0019,0.0236,0.0028,0.0351,0.0244,0.0242,0.0045,0.2882,0.0008
rk45,128,16,3,0.0143,0.0002,quadratic,quadratic,5000,120000,0.5453,0.0014,0.5486,0.0014,0.5832,0.0021,0.0322,0.0009,0.3223,0.0056,0.0585,0.0016,0.3036,0.0006
rk45,128,16,3,0.0143,0.0002,polar3,polar,5000,120000,0.9076,0.0045,0.9117,0.0047,0.9071,0.0047,0.9788,0.0011,0.6275,0.0091,0.7647,0.0065,0.8382,0.0031
rk45,128,16,3,0.0143,0.0002,knn,knn,10000,240000,0.2239,0.0009,0.2267,0.0010,0.2233,0.0005,0.0253,0.0005,0.0289,0.0012,0.0270,0.0008,0.1268,0.0001
rk45,128,16,3,0.0143,0.0002,altered_knn,altered_knn,10000,160000,0.5642,0.0003,0.5717,0.0002,0.5774,0.0018,0.0203,0.0011,0.0483,0.0098,0.0284,0.0027,0.3000,0.0015
rk45,128,16,3,0.0143,0.0002,quadratic,quadratic,10000,240000,0.7180,0.0005,0.7229,0.0004,0.7320,0.0008,0.1097,0.0006,0.3752,0.0041,0.1698,0.0006,0.4464,0.0003
rk45,128,16,3,0.0143,0.0002,polar3,polar,10000,240000,0.9183,0.0037,0.9223,0.0039,0.9187,0.0035,0.9800,0.0016,0.6421,0.0078,0.7758,0.0052,0.8490,0.0012
rk45,128,16,3,0.0143,0.0002,knn,knn,15000,360000,0.2277,0.0012,0.2306,0.0013,0.2271,0.0008,0.0253,0.0018,0.0281,0.0013,0.0266,0.0016,0.1286,0.0014
rk45,128,16,3,0.0143,0.0002,altered_knn,altered_knn,15000,240000,0.5284,0.0643,0.5329,0.0684,0.5788,0.0173,0.0221,0.0041,0.2194,0.2176,0.0295,0.0078,0.2812,0.0323
rk45,128,16,3,0.0143,0.0002,quadratic,quadratic,15000,360000,0.8054,0.0002,0.8117,0.0004,0.8098,0.0001,0.3123,0.0039,0.3704,0.0056,0.3388,0.0022,0.5752,0.0011
rk45,128,16,3,0.0143,0.0002,polar3,polar,15000,360000,0.9265,0.0020,0.9304,0.0019,0.9265,0.0022,0.9787,0.0012,0.6538,0.0080,0.7839,0.0056,0.8572,0.0037
rk45,128,16,3,0.0143,0.0002,knn,knn,20000,480000,0.2307,0.0015,0.2336,0.0016,0.2301,0.0011,0.0265,0.0021,0.0285,0.0027,0.0274,0.0024,0.1305,0.0008
rk45,128,16,3,0.0143,0.0002,altered_knn,altered_knn,20000,320000,0.5326,0.0568,0.5366,0.0602,0.5910,0.0173,0.0196,0.0015,0.2568,0.1762,0.0351,0.0011,0.2859,0.0305
rk45,128,16,3,0.0143,0.0002,quadratic,quadratic,20000,480000,0.8463,0.0011,0.8535,0.0010,0.8492,0.0013,0.4954,0.0047,0.3548,0.0025,0.4134,0.0014,0.6334,0.0007
rk45,128,16,3,0.0143,0.0002,polar3,polar,20000,480000,0.9293,0.0028,0.9332,0.0026,0.9296,0.0029,0.9780,0.0020,0.6606,0.0087,0.7885,0.0056,0.8609,0.0041
rk45,256,2,3,0.0230,0.0009,knn,knn,2000,6000,0.6143,0.0076,0.6287,0.0083,0.6196,0.0051,0.0406,0.0073,0.0028,0.0004,0.0052,0.0007,0.3169,0.0043
rk45,256,2,3,0.0230,0.0009,altered_knn,altered_knn,2000,4000,0.5465,0.0929,0.5497,0.0989,0.6597,0.0571,0.0254,0.0011,0.4059,0.1641,0.0473,0.0035,0.2985,0.0478
rk45,256,2,3,0.0230,0.0009,quadratic,quadratic,2000,6000,0.3870,0.0022,0.3893,0.0022,0.4501,0.0014,0.0231,0.0017,0.2920,0.0102,0.0429,0.0030,0.2161,0.0025
rk45,256,2,3,0.0230,0.0009,polar3,polar,2000,6000,0.9149,0.0042,0.9297,0.0038,0.9237,0.0040,0.6081,0.0129,0.2848,0.0077,0.3878,0.0069,0.6587,0.0034
rk45,256,2,3,0.0230,0.0009,knn,knn,5000,15000,0.6260,0.0048,0.6407,0.0055,0.6315,0.0025,0.0551,0.0079,0.0022,0.0003,0.0042,0.0006,0.3224,0.0030
rk45,256,2,3,0.0230,0.0009,altered_knn,altered_knn,5000,10000,0.5118,0.0028,0.5123,0.0029,0.6493,0.0028,0.0257,0.0011,0.4891,0.0068,0.0488,0.0020,0.2805,0.0005
rk45,256,2,3,0.0230,0.0009,quadratic,quadratic,5000,15000,0.3956,0.0009,0.3973,0.0010,0.4668,0.0011,0.0232,0.0012,0.3208,0.0058,0.0433,0.0022,0.2203,0.0014
rk45,256,2,3,0.0230,0.0009,polar3,polar,5000,15000,0.9346,0.0026,0.9495,0.0020,0.9419,0.0024,0.9232,0.0103,0.2988,0.0072,0.4515,0.0086,0.7005,0.0052
rk45,256,2,3,0.0230,0.0009,knn,knn,10000,30000,0.6323,0.0053,0.6471,0.0059,0.6375,0.0027,0.0539,0.0312,0.0017,0.0009,0.0033,0.0017,0.3252,0.0037
rk45,256,2,3,0.0230,0.0009,altered_knn,altered_knn,10000,20000,0.5328,0.0017,0.5345,0.0018,0.6693,0.0018,0.0253,0.0011,0.4618,0.0068,0.0480,0.0021,0.2913,0.0001
rk45,256,2,3,0.0230,0.0009,quadratic,quadratic,10000,30000,0.4170,0.0021,0.4187,0.0020,0.4972,0.0024,0.0236,0.0012,0.3441,0.0088,0.0442,0.0021,0.2315,0.0020
rk45,256,2,3,0.0230,0.0009,polar3,polar,10000,30000,0.9438,0.0044,0.9582,0.0048,0.9506,0.0045,0.9917,0.0022,0.3322,0.0108,0.4975,0.0119,0.7278,0.0063
rk45,256,2,3,0.0230,0.0009,knn,knn,15000,45000,0.6362,0.0080,0.6511,0.0088,0.6417,0.0055,0.0303,0.0117,0.0009,0.0004,0.0017,0.0007,0.3264,0.0041
rk45,256,2,3,0.0230,0.0009,altered_knn,altered_knn,15000,30000,0.7184,0.0024,0.7316,0.0019,0.7780,0.0021,0.0253,0.0007,0.1562,0.0022,0.0435,0.0011,0.3875,0.0006
rk45,256,2,3,0.0230,0.0009,quadratic,quadratic,15000,45000,0.4397,0.0026,0.4418,0.0028,0.5262,0.0034,0.0237,0.0007,0.3511,0.0027,0.0445,0.0013,0.2431,0.0019
rk45,256,2,3,0.0230,0.0009,polar3,polar,15000,45000,0.9486,0.0020,0.9622,0.0028,0.9550,0.0023,0.9980,0.0005,0.3679,0.0089,0.5375,0.0095,0.7499,0.0034
rk45,256,2,3,0.0230,0.0009,knn,knn,20000,60000,0.6383,0.0071,0.6533,0.0078,0.6438,0.0047,0.0118,0.0084,0.0003,0.0002,0.0006,0.0004,0.3269,0.0040
rk45,256,2,3,0.0230,0.0009,altered_knn,altered_knn,20000,40000,0.5498,0.0012,0.5523,0.0012,0.6849,0.0012,0.0254,0.0011,0.4466,0.0156,0.0481,0.0020,0.3002,0.0005
rk45,256,2,3,0.0230,0.0009,quadratic,quadratic,20000,60000,0.4724,0.0032,0.4749,0.0034,0.5665,0.0036,0.0244,0.0009,0.3626,0.0037,0.0456,0.0016,0.2603,0.0023
rk45,256,2,3,0.0230,0.0009,polar3,polar,20000,60000,0.9560,0.0002,0.9693,0.0006,0.9623,0.0002,0.9978,0.0009,0.3901,0.0061,0.5609,0.0062,0.7651,0.0028
rk45,256,4,3,0.0192,0.0005,knn,knn,2000,12000,0.3981,0.0069,0.4057,0.0069,0.3978,0.0043,0.0341,0.0025,0.0103,0.0004,0.0158,0.0003,0.2108,0.0036
rk45,256,4,3,0.0192,0.0005,altered_knn,altered_knn,2000,8000,0.5491,0.0511,0.5567,0.0547,0.5904,0.0194,0.0212,0.0009,0.1566,0.1377,0.0342,0.0045,0.2955,0.0253
rk45,256,4,3,0.0192,0.0005,quadratic,quadratic,2000,12000,0.2180,0.0014,0.2137,0.0014,0.2686,0.0017,0.0197,0.0006,0.4355,0.0014,0.0377,0.0010,0.1257,0.0010
rk45,256,4,3,0.0192,0.0005,polar3,polar,2000,12000,0.8807,0.0060,0.8921,0.0056,0.8856,0.0054,0.9341,0.0103,0.3002,0.0124,0.4541,0.0137,0.6731,0.0096
rk45,256,4,3,0.0192,0.0005,knn,knn,5000,30000,0.4093,0.0059,0.4172,0.0058,0.4091,0.0033,0.0335,0.0043,0.0065,0.0011,0.0109,0.0017,0.2140,0.0038
rk45,256,4,3,0.0192,0.0005,altered_knn,altered_knn,5000,20000,0.5293,0.0464,0.5342,0.0494,0.6017,0.0217,0.0214,0.0009,0.2741,0.1056,0.0391,0.0023,0.2867,0.0238
rk45,256,4,3,0.0192,0.0005,quadratic,quadratic,5000,30000,0.2781,0.0014,0.2759,0.0016,0.3377,0.0016,0.0196,0.0005,0.3899,0.0077,0.0374,0.0008,0.1566,0.0008
rk45,256,4,3,0.0192,0.0005,polar3,polar,5000,30000,0.9193,0.0044,0.9299,0.0043,0.9236,0.0042,0.9938,0.0010,0.3740,0.0089,0.5434,0.0093,0.7367,0.0053
rk45,256,4,3,0.0192,0.0005,knn,knn,10000,60000,0.4170,0.0066,0.4250,0.0066,0.4168,0.0039,0.0289,0.0027,0.0058,0.0007,0.0097,0.0011,0.2174,0.0037
rk45,256,4,3,0.0192,0.0005,altered_knn,altered_knn,10000,40000,0.6144,0.0094,0.6245,0.0106,0.6456,0.0023,0.0213,0.0016,0.0991,0.0392,0.0339,0.0045,0.3292,0.0041
rk45,256,4,3,0.0192,0.0005,quadratic,quadratic,10000,60000,0.3462,0.0007,0.3457,0.0005,0.4160,0.0003,0.0202,0.0004,0.3725,0.0096,0.0383,0.0008,0.1920,0.0006
rk45,256,4,3,0.0192,0.0005,polar3,polar,10000,60000,0.9268,0.0059,0.9356,0.0064,0.9294,0.0063,0.9967,0.0009,0.4737,0.0110,0.6421,0.0104,0.7889,0.0021
rk45,256,4,3,0.0192,0.0005,knn,knn,15000,90000,0.4213,0.0054,0.4294,0.0053,0.4211,0.0029,0.0294,0.0030,0.0053,0.0006,0.0090,0.0010,0.2192,0.0030
rk45,256,4,3,0.0192,0.0005,altered_knn,altered_knn,15000,60000,0.5294,0.0517,0.5335,0.0552,0.6165,0.0239,0.0214,0.0006,0.3216,0.1217,0.0397,0.0009,0.2866,0.0275
rk45,256,4,3,0.0192,0.0005,quadratic,quadratic,15000,90000,0.4185,0.0009,0.4199,0.0009,0.4940,0.0009,0.0207,0.0006,0.3444,0.0021,0.0391,0.0010,0.2295,0.0002
rk45,256,4,3,0.0192,0.0005,polar3,polar,15000,90000,0.9280,0.0059,0.9359,0.0062,0.9302,0.0058,0.9980,0.0004,0.5284,0.0048,0.6910,0.0040,0.8134,0.0021
rk45,256,4,3,0.0192,0.0005,knn,knn,20000,120000,0.4249,0.0054,0.4331,0.0053,0.4250,0.0029,0.0294,0.0108,0.0049,0.0019,0.0084,0.0032,0.2207,0.0041
rk45,256,4,3,0.0192,0.0005,altered_knn,altered_knn,20000,80000,0.5600,0.1008,0.5661,0.1070,0.6251,0.0522,0.0228,0.0020,0.2523,0.2138,0.0387,0.0007,0.3024,0.0531
rk45,256,4,3,0.0192,0.0005,quadratic,quadratic,20000,120000,0.4816,0.0009,0.4843,0.0009,0.5584,0.0005,0.0229,0.0007,0.3410,0.0035,0.0430,0.0012,0.2636,0.0001
rk45,256,4,3,0.0192,0.0005,polar3,polar,20000,120000,0.9272,0.0067,0.9345,0.0070,0.9288,0.0061,0.9974,0.0002,0.5579,0.0075,0.7155,0.0062,0.8250,0.0024
rk45,256,8,3,0.0175,0.0012,knn,knn,2000,24000,0.2546,0.0016,0.2588,0.0017,0.2532,0.0010,0.0243,0.0017,0.0204,0.0025,0.0221,0.0020,0.1405,0.0005
rk45,256,8,3,0.0175,0.0012,altered_knn,altered_knn,2000,16000,0.4317,0.0247,0.4355,0.0267,0.4783,0.0096,0.0199,0.0016,0.2259,0.0794,0.0361,0.0018,0.2358,0.0142
rk45,256,8,3,0.0175,0.0012,quadratic,quadratic,2000,24000,0.1663,0.0009,0.1599,0.0009,0.2157,0.0011,0.0177,0.0012,0.5236,0.0033,0.0342,0.0022,0.0971,0.0011
rk45,256,8,3,0.0175,0.0012,polar3,polar,2000,24000,0.8710,0.0015,0.8797,0.0011,0.8731,0.0016,0.9685,0.0159,0.3876,0.0157,0.5533,0.0140,0.7165,0.0070
rk45,256,8,3,0.0175,0.0012,knn,knn,5000,60000,0.2648,0.0016,0.2693,0.0016,0.2632,0.0011,0.0261,0.0013,0.0167,0.0016,0.0203,0.0015,0.1448,0.0006
rk45,256,8,3,0.0175,0.0012,altered_knn,altered_knn,5000,40000,0.4411,0.0453,0.4440,0.0490,0.5024,0.0148,0.0202,0.0022,0.2829,0.1476,0.0362,0.0024,0.2401,0.0244
rk45,256,8,3,0.0175,0.0012,quadratic,quadratic,5000,60000,0.2604,0.0007,0.2571,0.0006,0.3258,0.0005,0.0183,0.0013,0.4461,0.0010,0.0351,0.0024,0.1461,0.0014
rk45,256,8,3,0.0175,0.0012,polar3,polar,5000,60000,0.9105,0.0040,0.9179,0.0049,0.9115,0.0044,0.9872,0.0126,0.4990,0.0244,0.6623,0.0185,0.7901,0.0072
rk45,256,8,3,0.0175,0.0012,knn,knn,10000,120000,0.2722,0.0020,0.2768,0.0022,0.2706,0.0011,0.0243,0.0010,0.0145,0.0016,0.0181,0.0015,0.1474,0.0006
rk45,256,8,3,0.0175,0.0012,altered_knn,altered_knn,10000,80000,0.4458,0.0108,0.4479,0.0118,0.5197,0.0022,0.0200,0.0017,0.3283,0.0349,0.0376,0.0029,0.2428,0.0070
rk45,256,8,3,0.0175,0.0012,quadratic,quadratic,10000,120000,0.3733,0.0007,0.3730,0.0007,0.4436,0.0006,0.0203,0.0012,0.3869,0.0050,0.0386,0.0021,0.2058,0.0013
rk45,256,8,3,0.0175,0.0012,polar3,polar,10000,120000,0.9326,0.0011,0.9389,0.0019,0.9339,0.0016,0.9855,0.0152,0.5804,0.0226,0.7301,0.0137,0.8345,0.0059
rk45,256,8,3,0.0175,0.0012,knn,knn,15000,180000,0.2751,0.0019,0.2798,0.0021,0.2737,0.0012,0.0264,0.0031,0.0147,0.0006,0.0189,0.0013,0.1493,0.0013
rk45,256,8,3,0.0175,0.0012,altered_knn,altered_knn,15000,120000,0.4961,0.0360,0.5017,0.0391,0.5414,0.0101,0.0211,0.0027,0.1925,0.1162,0.0329,0.0051,0.2673,0.0173
rk45,256,8,3,0.0175,0.0012,quadratic,quadratic,15000,180000,0.4465,0.0009,0.4483,0.0010,0.5139,0.0007,0.0218,0.0013,0.3428,0.0044,0.0410,0.0022,0.2447,0.0016
rk45,256,8,3,0.0175,0.0012,polar3,polar,15000,180000,0.9405,0.0018,0.9465,0.0023,0.9415,0.0021,0.9829,0.0182,0.6018,0.0229,0.7460,0.0123,0.8463,0.0054
rk45,256,8,3,0.0175,0.0012,knn,knn,20000,240000,0.2787,0.0018,0.2835,0.0019,0.2773,0.0011,0.0246,0.0014,0.0132,0.0003,0.0172,0.0004,0.1503,0.0008
rk45,256,8,3,0.0175,0.0012,altered_knn,altered_knn,20000,160000,0.4859,0.0719,0.4908,0.0769,0.5387,0.0285,0.0209,0.0028,0.2292,0.2013,0.0344,0.0007,0.2626,0.0386
rk45,256,8,3,0.0175,0.0012,quadratic,quadratic,20000,240000,0.4983,0.0007,0.5014,0.0006,0.5594,0.0008,0.0246,0.0017,0.3240,0.0032,0.0457,0.0030,0.2736,0.0015
rk45,256,8,3,0.0175,0.0012,polar3,polar,20000,240000,0.9403,0.0007,0.9461,0.0002,0.9413,0.0004,0.9812,0.0207,0.6117,0.0242,0.7530,0.0122,0.8496,0.0060
rk45,256,16,3,0.0166,0.0003,knn,knn,2000,48000,0.1609,0.0006,0.1631,0.0006,0.1601,0.0002,0.0216,0.0008,0.0349,0.0018,0.0267,0.0011,0.0949,0.0006
rk45,256,16,3,0.0166,0.0003,altered_knn,altered_knn,2000,32000,0.3389,0.0485,0.3395,0.0526,0.3890,0.0216,0.0184,0.0005,0.2984,0.1999,0.0320,0.0041,0.1858,0.0245
rk45,256,16,3,0.0166,0.0003,quadratic,quadratic,2000,48000,0.1617,0.0008,0.1539,0.0007,0.2216,0.0012,0.0172,0.0004,0.6227,0.0034,0.0335,0.0007,0.0937,0.0006
rk45,256,16,3,0.0166,0.0003,polar3,polar,2000,48000,0.8417,0.0034,0.8479,0.0032,0.8418,0.0029,0.9749,0.0032,0.4731,0.0093,0.6369,0.0077,0.7424,0.0053
rk45,256,16,3,0.0166,0.0003,knn,knn,5000,120000,0.1692,0.0006,0.1716,0.0006,0.1681,0.0001,0.0229,0.0007,0.0311,0.0009,0.0264,0.0008,0.0990,0.0001
rk45,256,16,3,0.0166,0.0003,altered_knn,altered_knn,5000,80000,0.3363,0.0143,0.3349,0.0151,0.4127,0.0090,0.0184,0.0005,0.4210,0.0366,0.0352,0.0008,0.1850,0.0079
rk45,256,16,3,0.0166,0.0003,quadratic,quadratic,5000,120000,0.2916,0.0002,0.2880,0.0001,0.3704,0.0001,0.0185,0.0003,0.5006,0.0021,0.0357,0.0006,0.1619,0.0004
rk45,256,16,3,0.0166,0.0003,polar3,polar,5000,120000,0.8889,0.0012,0.8941,0.0013,0.8887,0.0008,0.9898,0.0035,0.5844,0.0122,0.7348,0.0086,0.8144,0.0042
rk45,256,16,3,0.0166,0.0003,knn,knn,10000,240000,0.1746,0.0010,0.1770,0.0010,0.1736,0.0005,0.0233,0.0004,0.0297,0.0001,0.0261,0.0003,0.1016,0.0004
rk45,256,16,3,0.0166,0.0003,altered_knn,altered_knn,10000,160000,0.4277,0.0234,0.4325,0.0260,0.4590,0.0006,0.0212,0.0024,0.1500,0.1262,0.0253,0.0143,0.2289,0.0084
rk45,256,16,3,0.0166,0.0003,quadratic,quadratic,10000,240000,0.4049,0.0006,0.4052,0.0007,0.4741,0.0004,0.0212,0.0004,0.3910,0.0012,0.0401,0.0007,0.2227,0.0007
rk45,256,16,3,0.0166,0.0003,polar3,polar,10000,240000,0.9081,0.0021,0.9131,0.0018,0.9087,0.0020,0.9906,0.0029,0.6185,0.0127,0.7614,0.0089,0.8372,0.0053
rk45,256,16,3,0.0166,0.0003,knn,knn,15000,360000,0.1775,0.0009,0.1800,0.0009,0.1766,0.0004,0.0219,0.0010,0.0260,0.0007,0.0237,0.0009,0.1019,0.0005
rk45,256,16,3,0.0166,0.0003,altered_knn,altered_knn,15000,240000,0.3706,0.0556,0.3704,0.0595,0.4414,0.0250,0.0191,0.0004,0.3794,0.1803,0.0356,0.0010,0.2030,0.0293
rk45,256,16,3,0.0166,0.0003,quadratic,quadratic,15000,360000,0.4615,0.0006,0.4637,0.0007,0.5177,0.0007,0.0243,0.0003,0.3362,0.0038,0.0454,0.0006,0.2545,0.0005
rk45,256,16,3,0.0166,0.0003,polar3,polar,15000,360000,0.9150,0.0015,0.9197,0.0012,0.9157,0.0012,0.9880,0.0023,0.6354,0.0118,0.7733,0.0083,0.8465,0.0047
rk45,256,16,3,0.0166,0.0003,knn,knn,20000,480000,0.1806,0.0007,0.1831,0.0006,0.1797,0.0003,0.0240,0.0004,0.0277,0.0009,0.0257,0.0006,0.1044,0.0006
rk45,256,16,3,0.0166,0.0003,altered_knn,altered_knn,20000,320000,0.3530,0.0202,0.3512,0.0214,0.4416,0.0118,0.0188,0.0004,0.4650,0.0571,0.0361,0.0006,0.1936,0.0110
rk45,256,16,3,0.0166,0.0003,quadratic,quadratic,20000,480000,0.5043,0.0003,0.5077,0.0004,0.5484,0.0005,0.0295,0.0007,0.3067,0.0021,0.0538,0.0012,0.2807,0.0006
rk45,256,16,3,0.0166,0.0003,polar3,polar,20000,480000,0.9220,0.0029,0.9267,0.0031,0.9227,0.0029,0.9882,0.0026,0.6453,0.0135,0.7806,0.0092,0.8537,0.0040
rk45,512,2,3,0.0299,0.0011,knn,knn,2000,6000,0.5847,0.0069,0.6027,0.0064,0.5919,0.0041,0.0340,0.0169,0.0020,0.0010,0.0038,0.0019,0.3032,0.0038
rk45,512,2,3,0.0299,0.0011,altered_knn,altered_knn,2000,4000,0.6250,0.0035,0.6381,0.0039,0.6927,0.0032,0.0324,0.0013,0.2006,0.0036,0.0557,0.0020,0.3469,0.0023
rk45,512,2,3,0.0299,0.0011,quadratic,quadratic,2000,6000,0.3709,0.0023,0.3731,0.0025,0.4321,0.0022,0.0300,0.0009,0.2993,0.0040,0.0546,0.0014,0.2138,0.0017
rk45,512,2,3,0.0299,0.0011,polar3,polar,2000,6000,0.8760,0.0024,0.8951,0.0016,0.8884,0.0020,0.4824,0.0083,0.2572,0.0112,0.3352,0.0084,0.6152,0.0050
rk45,512,2,3,0.0299,0.0011,knn,knn,5000,15000,0.5936,0.0070,0.6118,0.0065,0.6008,0.0041,0.0343,0.0102,0.0015,0.0004,0.0030,0.0007,0.3074,0.0029
rk45,512,2,3,0.0299,0.0011,altered_knn,altered_knn,5000,10000,0.5101,0.0919,0.5131,0.1000,0.6238,0.0587,0.0318,0.0012,0.4165,0.1637,0.0580,0.0028,0.2856,0.0491
rk45,512,2,3,0.0299,0.0011,quadratic,quadratic,5000,15000,0.3732,0.0011,0.3747,0.0013,0.4391,0.0010,0.0307,0.0018,0.3260,0.0121,0.0560,0.0031,0.2153,0.0018
rk45,512,2,3,0.0299,0.0011,polar3,polar,5000,15000,0.9167,0.0045,0.9367,0.0038,0.9270,0.0041,0.8250,0.0188,0.2688,0.0068,0.4053,0.0054,0.6710,0.0044
rk45,512,2,3,0.0299,0.0011,knn,knn,10000,30000,0.5979,0.0077,0.6163,0.0072,0.6049,0.0044,0.0296,0.0116,0.0011,0.0005,0.0022,0.0009,0.3092,0.0040
rk45,512,2,3,0.0299,0.0011,altered_knn,altered_knn,10000,20000,0.5280,0.0905,0.5318,0.0982,0.6417,0.0566,0.0327,0.0018,0.4098,0.1548,0.0595,0.0018,0.2956,0.0489
rk45,512,2,3,0.0299,0.0011,quadratic,quadratic,10000,30000,0.3819,0.0008,0.3836,0.0007,0.4515,0.0008,0.0299,0.0005,0.3260,0.0073,0.0549,0.0009,0.2192,0.0001
rk45,512,2,3,0.0299,0.0011,polar3,polar,10000,30000,0.9261,0.0046,0.9460,0.0040,0.9356,0.0043,0.9823,0.0026,0.2796,0.0127,0.4351,0.0152,0.6906,0.0086
rk45,512,2,3,0.0299,0.0011,knn,knn,15000,45000,0.6001,0.0039,0.6185,0.0034,0.6069,0.0007,0.0483,0.0139,0.0013,0.0003,0.0026,0.0005,0.3106,0.0018
rk45,512,2,3,0.0299,0.0011,altered_knn,altered_knn,15000,30000,0.4703,0.0013,0.4687,0.0017,0.6077,0.0017,0.0328,0.0012,0.5212,0.0104,0.0616,0.0022,0.2652,0.0007
rk45,512,2,3,0.0299,0.0011,quadratic,quadratic,15000,45000,0.3905,0.0018,0.3922,0.0021,0.4626,0.0022,0.0304,0.0016,0.3337,0.0107,0.0557,0.0028,0.2240,0.0019
rk45,512,2,3,0.0299,0.0011,polar3,polar,15000,45000,0.9315,0.0052,0.9512,0.0044,0.9409,0.0047,0.9951,0.0005,0.2936,0.0102,0.4533,0.0121,0.7022,0.0080
rk45,512,2,3,0.0299,0.0011,knn,knn,20000,60000,0.6029,0.0056,0.6214,0.0050,0.6099,0.0025,0.0423,0.0217,0.0011,0.0005,0.0021,0.0011,0.3118,0.0020
rk45,512,2,3,0.0299,0.0011,altered_knn,altered_knn,20000,40000,0.5416,0.0923,0.5455,0.0998,0.6547,0.0581,0.0326,0.0020,0.4050,0.1645,0.0595,0.0061,0.3025,0.0469
rk45,512,2,3,0.0299,0.0011,quadratic,quadratic,20000,60000,0.3952,0.0004,0.3968,0.0005,0.4706,0.0005,0.0302,0.0013,0.3406,0.0058,0.0555,0.0023,0.2262,0.0010
rk45,512,2,3,0.0299,0.0011,polar3,polar,20000,60000,0.9324,0.0019,0.9515,0.0028,0.9415,0.0023,0.9979,0.0015,0.3125,0.0147,0.4757,0.0169,0.7136,0.0075
rk45,512,4,3,0.0263,0.0001,knn,knn,2000,12000,0.3578,0.0039,0.3672,0.0040,0.3585,0.0015,0.0360,0.0074,0.0100,0.0020,0.0157,0.0031,0.1914,0.0035
rk45,512,4,3,0.0263,0.0001,altered_knn,altered_knn,2000,8000,0.4480,0.0701,0.4532,0.0768,0.5022,0.0385,0.0285,0.0003,0.2554,0.1777,0.0485,0.0043,0.2508,0.0365
rk45,512,4,3,0.0263,0.0001,quadratic,quadratic,2000,12000,0.1413,0.0011,0.1289,0.0011,0.1824,0.0012,0.0263,0.0003,0.5990,0.0061,0.0503,0.0006,0.0896,0.0007
rk45,512,4,3,0.0263,0.0001,polar3,polar,2000,12000,0.8462,0.0048,0.8617,0.0051,0.8530,0.0045,0.8290,0.0036,0.2731,0.0082,0.4107,0.0094,0.6362,0.0024
rk45,512,4,3,0.0263,0.0001,knn,knn,5000,30000,0.3663,0.0047,0.3760,0.0048,0.3670,0.0022,0.0341,0.0034,0.0083,0.0010,0.0133,0.0015,0.1947,0.0030
rk45,512,4,3,0.0263,0.0001,altered_knn,altered_knn,5000,20000,0.4710,0.0605,0.4770,0.0663,0.5292,0.0309,0.0287,0.0009,0.2511,0.1526,0.0496,0.0022,0.2633,0.0320
rk45,512,4,3,0.0263,0.0001,quadratic,quadratic,5000,30000,0.1863,0.0011,0.1774,0.0010,0.2355,0.0011,0.0265,0.0006,0.5130,0.0120,0.0505,0.0012,0.1139,0.0009
rk45,512,4,3,0.0263,0.0001,polar3,polar,5000,30000,0.8927,0.0016,0.9095,0.0017,0.9002,0.0013,0.9906,0.0024,0.2686,0.0017,0.4227,0.0022,0.6661,0.0012
rk45,512,4,3,0.0263,0.0001,knn,knn,10000,60000,0.3733,0.0045,0.3832,0.0047,0.3741,0.0021,0.0324,0.0058,0.0065,0.0011,0.0109,0.0019,0.1970,0.0017
rk45,512,4,3,0.0263,0.0001,altered_knn,altered_knn,10000,40000,0.4443,0.0538,0.4466,0.0589,0.5259,0.0267,0.0289,0.0007,0.3577,0.1369,0.0525,0.0012,0.2495,0.0289
rk45,512,4,3,0.0263,0.0001,quadratic,quadratic,10000,60000,0.2313,0.0006,0.2253,0.0008,0.2872,0.0010,0.0265,0.0003,0.4519,0.0047,0.0501,0.0006,0.1377,0.0001
rk45,512,4,3,0.0263,0.0001,polar3,polar,10000,60000,0.9190,0.0006,0.9347,0.0006,0.9256,0.0007,0.9968,0.0011,0.3378,0.0033,0.5046,0.0035,0.7197,0.0017
rk45,512,4,3,0.0263,0.0001,knn,knn,15000,90000,0.3762,0.0050,0.3863,0.0052,0.3770,0.0027,0.0288,0.0064,0.0056,0.0013,0.0093,0.0022,0.1978,0.0021
rk45,512,4,3,0.0263,0.0001,altered_knn,altered_knn,15000,60000,0.5211,0.0489,0.5303,0.0534,0.5663,0.0225,0.0306,0.0016,0.1799,0.1219,0.0489,0.0029,0.2896,0.0254
rk45,512,4,3,0.0263,0.0001,quadratic,quadratic,15000,90000,0.2590,0.0009,0.2543,0.0010,0.3190,0.0011,0.0270,0.0004,0.4337,0.0069,0.0508,0.0007,0.1525,0.0005
rk45,512,4,3,0.0263,0.0001,polar3,polar,15000,90000,0.9197,0.0037,0.9340,0.0039,0.9249,0.0042,0.9985,0.0007,0.3900,0.0020,0.5609,0.0020,0.7475,0.0019
rk45,512,4,3,0.0263,0.0001,knn,knn,20000,120000,0.3797,0.0044,0.3897,0.0045,0.3806,0.0021,0.0349,0.0100,0.0066,0.0019,0.0112,0.0032,0.2005,0.0038
rk45,512,4,3,0.0263,0.0001,altered_knn,altered_knn,20000,80000,0.4577,0.0717,0.4603,0.0784,0.5394,0.0353,0.0292,0.0005,0.3585,0.1792,0.0518,0.0040,0.2561,0.0372
rk45,512,4,3,0.0263,0.0001,quadratic,quadratic,20000,120000,0.2818,0.0010,0.2780,0.0010,0.3466,0.0011,0.0267,0.0003,0.4210,0.0059,0.0503,0.0006,0.1641,0.0007
rk45,512,4,3,0.0263,0.0001,polar3,polar,20000,120000,0.9175,0.0010,0.9306,0.0012,0.9217,0.0008,0.9985,0.0002,0.4318,0.0037,0.6029,0.0036,0.7668,0.0012
rk45,512,8,3,0.0226,0.0010,knn,knn,2000,24000,0.2165,0.0010,0.2210,0.0008,0.2154,0.0003,0.0313,0.0008,0.0203,0.0005,0.0246,0.0005,0.1228,0.0006
rk45,512,8,3,0.0226,0.0010,altered_knn,altered_knn,2000,16000,0.3722,0.0116,0.3774,0.0129,0.3999,0.0054,0.0245,0.0013,0.1494,0.0416,0.0417,0.0017,0.2095,0.0062
rk45,512,8,3,0.0226,0.0010,quadratic,quadratic,2000,24000,0.0767,0.0006,0.0610,0.0002,0.0972,0.0004,0.0228,0.0010,0.7536,0.0014,0.0443,0.0019,0.0527,0.0009
rk45,512,8,3,0.0226,0.0010,polar3,polar,2000,24000,0.8269,0.0037,0.8390,0.0036,0.8317,0.0035,0.9394,0.0095,0.3025,0.0119,0.4574,0.0133,0.6482,0.0073
rk45,512,8,3,0.0226,0.0010,knn,knn,5000,60000,0.2227,0.0014,0.2274,0.0012,0.2223,0.0007,0.0274,0.0029,0.0193,0.0027,0.0226,0.0028,0.1250,0.0019
rk45,512,8,3,0.0226,0.0010,altered_knn,altered_knn,5000,40000,0.3681,0.0588,0.3714,0.0650,0.4090,0.0273,0.0249,0.0016,0.2333,0.2075,0.0406,0.0030,0.2060,0.0312
rk45,512,8,3,0.0226,0.0010,quadratic,quadratic,5000,60000,0.1303,0.0006,0.1187,0.0007,0.1718,0.0009,0.0229,0.0009,0.6281,0.0038,0.0442,0.0017,0.0815,0.0007
rk45,512,8,3,0.0226,0.0010,polar3,polar,5000,60000,0.8791,0.0036,0.8904,0.0045,0.8830,0.0042,0.9887,0.0050,0.3910,0.0127,0.5602,0.0128,0.7253,0.0041
rk45,512,8,3,0.0226,0.0010,knn,knn,10000,120000,0.2284,0.0017,0.2332,0.0015,0.2279,0.0011,0.0312,0.0013,0.0199,0.0007,0.0242,0.0006,0.1287,0.0008
rk45,512,8,3,0.0226,0.0010,altered_knn,altered_knn,10000,80000,0.3562,0.0501,0.3569,0.0554,0.4157,0.0230,0.0242,0.0008,0.3327,0.1748,0.0432,0.0023,0.2001,0.0266
rk45,512,8,3,0.0226,0.0010,quadratic,quadratic,10000,120000,0.1911,0.0006,0.1828,0.0004,0.2478,0.0006,0.0233,0.0010,0.5471,0.0046,0.0448,0.0018,0.1138,0.0010
rk45,512,8,3,0.0226,0.0010,polar3,polar,10000,120000,0.8979,0.0020,0.9075,0.0015,0.9008,0.0016,0.9885,0.0060,0.4833,0.0167,0.6490,0.0150,0.7783,0.0079
rk45,512,8,3,0.0226,0.0010,knn,knn,15000,180000,0.2313,0.0016,0.2363,0.0014,0.2309,0.0008,0.0289,0.0014,0.0172,0.0002,0.0215,0.0005,0.1289,0.0005
rk45,512,8,3,0.0226,0.0010,altered_knn,altered_knn,15000,120000,0.4176,0.0124,0.4236,0.0141,0.4508,0.0044,0.0252,0.0016,0.1603,0.0464,0.0428,0.0007,0.2332,0.0069
rk45,512,8,3,0.0226,0.0010,quadratic,quadratic,15000,180000,0.2403,0.0006,0.2348,0.0004,0.3032,0.0004,0.0234,0.0011,0.4787,0.0032,0.0447,0.0019,0.1397,0.0012
rk45,512,8,3,0.0226,0.0010,polar3,polar,15000,180000,0.9025,0.0029,0.9114,0.0025,0.9041,0.0022,0.9859,0.0088,0.5187,0.0171,0.6796,0.0146,0.7955,0.0079
rk45,512,8,3,0.0226,0.0010,knn,knn,20000,240000,0.2330,0.0019,0.2380,0.0017,0.2327,0.0012,0.0277,0.0013,0.0168,0.0011,0.0209,0.0012,0.1294,0.0014
rk45,512,8,3,0.0226,0.0010,altered_knn,altered_knn,20000,160000,0.4039,0.0402,0.4080,0.0442,0.4469,0.0160,0.0250,0.0009,0.2203,0.1404,0.0418,0.0070,0.2249,0.0187
rk45,512,8,3,0.0226,0.0010,quadratic,quadratic,20000,240000,0.2729,0.0006,0.2685,0.0006,0.3422,0.0007,0.0236,0.0010,0.4630,0.0007,0.0450,0.0018,0.1567,0.0009
rk45,512,8,3,0.0226,0.0010,polar3,polar,20000,240000,0.9030,0.0037,0.9116,0.0032,0.9037,0.0028,0.9849,0.0090,0.5352,0.0198,0.6933,0.0170,0.8024,0.0094
rk45,512,16,3,0.0243,0.0015,knn,knn,2000,48000,0.1296,0.0010,0.1318,0.0009,0.1289,0.0007,0.0267,0.0024,0.0378,0.0019,0.0312,0.0022,0.0815,0.0008
rk45,512,16,3,0.0243,0.0015,altered_knn,altered_knn,2000,32000,0.2541,0.0208,0.2520,0.0247,0.2907,0.0066,0.0282,0.0006,0.3313,0.1262,0.0515,0.0021,0.1517,0.0114
rk45,512,16,3,0.0243,0.0015,quadratic,quadratic,2000,48000,0.0551,0.0011,0.0350,0.0001,0.0619,0.0003,0.0245,0.0014,0.8604,0.0027,0.0476,0.0027,0.0413,0.0013
rk45,512,16,3,0.0243,0.0015,polar3,polar,2000,48000,0.7835,0.0041,0.7955,0.0042,0.7883,0.0037,0.8087,0.0362,0.3013,0.0103,0.4385,0.0077,0.6170,0.0023
rk45,512,16,3,0.0243,0.0015,knn,knn,5000,120000,0.1350,0.0008,0.1375,0.0007,0.1343,0.0006,0.0274,0.0021,0.0336,0.0004,0.0302,0.0015,0.0838,0.0004
rk45,512,16,3,0.0243,0.0015,altered_knn,altered_knn,5000,80000,0.2642,0.0173,0.2604,0.0200,0.3158,0.0066,0.0280,0.0015,0.4209,0.1011,0.0523,0.0024,0.1563,0.0104
rk45,512,16,3,0.0243,0.0015,quadratic,quadratic,5000,120000,0.1179,0.0005,0.1026,0.0005,0.1602,0.0009,0.0250,0.0014,0.7329,0.0033,0.0483,0.0027,0.0754,0.0011
rk45,512,16,3,0.0243,0.0015,polar3,polar,5000,120000,0.8412,0.0038,0.8527,0.0045,0.8456,0.0046,0.8675,0.0424,0.3807,0.0106,0.5288,0.0114,0.6908,0.0073
rk45,512,16,3,0.0243,0.0015,knn,knn,10000,240000,0.1387,0.0004,0.1413,0.0002,0.1381,0.0000,0.0276,0.0029,0.0327,0.0014,0.0299,0.0022,0.0856,0.0010
rk45,512,16,3,0.0243,0.0015,altered_knn,altered_knn,10000,160000,0.3036,0.0130,0.3037,0.0155,0.3420,0.0017,0.0296,0.0008,0.2948,0.0862,0.0535,0.0027,0.1786,0.0064
rk45,512,16,3,0.0243,0.0015,quadratic,quadratic,10000,240000,0.2069,0.0011,0.1978,0.0005,0.2697,0.0002,0.0260,0.0018,0.5758,0.0029,0.0497,0.0033,0.1237,0.0019
rk45,512,16,3,0.0243,0.0015,polar3,polar,10000,240000,0.8724,0.0061,0.8838,0.0071,0.8763,0.0062,0.8474,0.0506,0.4157,0.0117,0.5573,0.0157,0.7206,0.0099
rk45,512,16,3,0.0243,0.0015,knn,knn,15000,360000,0.1409,0.0009,0.1437,0.0008,0.1403,0.0005,0.0275,0.0015,0.0312,0.0002,0.0292,0.0008,0.0864,0.0002
rk45,512,16,3,0.0243,0.0015,altered_knn,altered_knn,15000,240000,0.2849,0.0267,0.2815,0.0304,0.3400,0.0129,0.0287,0.0017,0.4233,0.1295,0.0533,0.0026,0.1674,0.0157
rk45,512,16,3,0.0243,0.0015,quadratic,quadratic,15000,360000,0.2576,0.0005,0.2504,0.0003,0.3318,0.0003,0.0266,0.0014,0.5471,0.0055,0.0507,0.0025,0.1506,0.0013
rk45,512,16,3,0.0243,0.0015,polar3,polar,15000,360000,0.8775,0.0071,0.8887,0.0079,0.8822,0.0077,0.8343,0.0544,0.4264,0.0113,0.5638,0.0168,0.7263,0.0119
rk45,512,16,3,0.0243,0.0015,knn,knn,20000,480000,0.1425,0.0008,0.1453,0.0007,0.1419,0.0005,0.0280,0.0021,0.0305,0.0006,0.0292,0.0014,0.0873,0.0005
rk45,512,16,3,0.0243,0.0015,altered_knn,altered_knn,20000,320000,0.3388,0.0126,0.3435,0.0158,0.3614,0.0005,0.0320,0.0034,0.1588,0.1016,0.0440,0.0115,0.1938,0.0026
rk45,512,16,3,0.0243,0.0015,quadratic,quadratic,20000,480000,0.2970,0.0006,0.2916,0.0004,0.3751,0.0005,0.0274,0.0015,0.5154,0.0045,0.0520,0.0027,0.1718,0.0015
rk45,512,16,3,0.0243,0.0015,polar3,polar,20000,480000,0.8880,0.0042,0.8993,0.0048,0.8926,0.0042,0.8299,0.0547,0.4324,0.0119,0.5680,0.0183,0.7337,0.0113
