sampler,d,K,n_seeds,hall_gt,hall_gt_std,model,arch,n_per_mode,n_anchors,full_acc,full_acc_std,mode_acc,mode_acc_std,mode_f1,mode_f1_std,hall_prec,hall_prec_std,hall_rec,hall_rec_std,hall_f1,hall_f1_std,balanced,balanced_std
dpmpp2m,2,2,3,0.0110,0.0005,knn,knn,2000,6000,0.9839,0.0011,0.9867,0.0009,0.9912,0.0006,0.4022,0.0207,0.7255,0.0199,0.5174,0.0220,0.7521,0.0114
dpmpp2m,2,2,3,0.0110,0.0005,altered_knn,altered_knn,2000,4000,0.9605,0.0092,0.9681,0.0100,0.9791,0.0039,0.0930,0.0087,0.2720,0.0941,0.1338,0.0173,0.5510,0.0064
dpmpp2m,2,2,3,0.0110,0.0005,quadratic,quadratic,2000,6000,0.9879,0.0011,0.9925,0.0007,0.9924,0.0008,0.5875,0.0330,0.5716,0.0224,0.5792,0.0259,0.7859,0.0132
dpmpp2m,2,2,3,0.0110,0.0005,polar3,polar,2000,6000,0.9954,0.0014,0.9965,0.0011,0.9975,0.0009,0.7588,0.0510,0.8887,0.0259,0.8182,0.0400,0.9074,0.0206
dpmpp2m,2,2,3,0.0110,0.0005,knn,knn,5000,15000,0.9902,0.0012,0.9922,0.0008,0.9948,0.0007,0.5483,0.0389,0.8045,0.0331,0.6520,0.0379,0.8221,0.0194
dpmpp2m,2,2,3,0.0110,0.0005,altered_knn,altered_knn,5000,10000,0.9746,0.0031,0.9827,0.0031,0.9868,0.0014,0.1473,0.0175,0.2533,0.0342,0.1848,0.0162,0.5837,0.0084
dpmpp2m,2,2,3,0.0110,0.0005,quadratic,quadratic,5000,15000,0.9872,0.0014,0.9919,0.0015,0.9917,0.0016,0.5892,0.0193,0.5631,0.0217,0.5757,0.0184,0.7838,0.0087
dpmpp2m,2,2,3,0.0110,0.0005,polar3,polar,5000,15000,0.9954,0.0013,0.9967,0.0010,0.9975,0.0009,0.7679,0.0362,0.8841,0.0298,0.8218,0.0326,0.9092,0.0168
dpmpp2m,2,2,3,0.0110,0.0005,knn,knn,10000,30000,0.9932,0.0010,0.9950,0.0006,0.9964,0.0006,0.6601,0.0311,0.8320,0.0384,0.7360,0.0332,0.8655,0.0169
dpmpp2m,2,2,3,0.0110,0.0005,altered_knn,altered_knn,10000,20000,0.9741,0.0029,0.9818,0.0035,0.9868,0.0014,0.1476,0.0113,0.2787,0.0506,0.1910,0.0158,0.5864,0.0070
dpmpp2m,2,2,3,0.0110,0.0005,quadratic,quadratic,10000,30000,0.9871,0.0012,0.9918,0.0014,0.9916,0.0015,0.5875,0.0227,0.5657,0.0253,0.5763,0.0227,0.7841,0.0108
dpmpp2m,2,2,3,0.0110,0.0005,polar3,polar,10000,30000,0.9956,0.0012,0.9969,0.0009,0.9976,0.0009,0.7846,0.0289,0.8764,0.0325,0.8280,0.0306,0.9124,0.0157
dpmpp2m,2,2,3,0.0110,0.0005,knn,knn,15000,45000,0.9942,0.0012,0.9959,0.0006,0.9970,0.0007,0.7079,0.0351,0.8400,0.0479,0.7683,0.0404,0.8821,0.0205
dpmpp2m,2,2,3,0.0110,0.0005,altered_knn,altered_knn,15000,30000,0.9791,0.0041,0.9871,0.0043,0.9894,0.0020,0.1946,0.0349,0.2590,0.0481,0.2165,0.0216,0.6018,0.0113
dpmpp2m,2,2,3,0.0110,0.0005,quadratic,quadratic,15000,45000,0.9875,0.0012,0.9922,0.0013,0.9920,0.0014,0.5907,0.0255,0.5683,0.0239,0.5791,0.0228,0.7857,0.0110
dpmpp2m,2,2,3,0.0110,0.0005,polar3,polar,15000,45000,0.9957,0.0012,0.9970,0.0008,0.9976,0.0008,0.7887,0.0263,0.8761,0.0330,0.8301,0.0294,0.9135,0.0151
dpmpp2m,2,2,3,0.0110,0.0005,knn,knn,20000,60000,0.9948,0.0012,0.9965,0.0007,0.9972,0.0008,0.7419,0.0363,0.8406,0.0479,0.7881,0.0414,0.8923,0.0210
dpmpp2m,2,2,3,0.0110,0.0005,altered_knn,altered_knn,20000,40000,0.9834,0.0033,0.9919,0.0036,0.9916,0.0017,0.2574,0.0657,0.2218,0.0149,0.2318,0.0226,0.6119,0.0131
dpmpp2m,2,2,3,0.0110,0.0005,quadratic,quadratic,20000,60000,0.9879,0.0012,0.9926,0.0011,0.9923,0.0013,0.5918,0.0259,0.5668,0.0247,0.5789,0.0231,0.7857,0.0113
dpmpp2m,2,2,3,0.0110,0.0005,polar3,polar,20000,60000,0.9956,0.0013,0.9969,0.0009,0.9976,0.0009,0.7838,0.0335,0.8773,0.0331,0.8279,0.0334,0.9124,0.0172
dpmpp2m,2,4,3,0.0120,0.0003,knn,knn,2000,12000,0.9749,0.0017,0.9782,0.0016,0.9857,0.0012,0.3098,0.0129,0.7072,0.0110,0.4307,0.0137,0.7045,0.0076
dpmpp2m,2,4,3,0.0120,0.0003,altered_knn,altered_knn,2000,8000,0.9601,0.0088,0.9681,0.0103,0.9762,0.0036,0.1342,0.0182,0.3045,0.1468,0.1682,0.0306,0.5681,0.0110
dpmpp2m,2,4,3,0.0120,0.0003,quadratic,quadratic,2000,12000,0.9327,0.0120,0.9389,0.0128,0.9435,0.0098,0.2497,0.0486,0.4266,0.0739,0.3062,0.0222,0.6225,0.0175
dpmpp2m,2,4,3,0.0120,0.0003,polar3,polar,2000,12000,0.9812,0.0011,0.9839,0.0011,0.9897,0.0009,0.3834,0.0113,0.7614,0.0050,0.5099,0.0098,0.7469,0.0054
dpmpp2m,2,4,3,0.0120,0.0003,knn,knn,5000,30000,0.9837,0.0017,0.9868,0.0014,0.9910,0.0012,0.4221,0.0228,0.7274,0.0156,0.5340,0.0212,0.7604,0.0113
dpmpp2m,2,4,3,0.0120,0.0003,altered_knn,altered_knn,5000,20000,0.9727,0.0019,0.9809,0.0018,0.9846,0.0014,0.1821,0.0037,0.3016,0.0314,0.2265,0.0093,0.6037,0.0045
dpmpp2m,2,4,3,0.0120,0.0003,quadratic,quadratic,5000,30000,0.9318,0.0105,0.9380,0.0113,0.9425,0.0085,0.2495,0.0506,0.4252,0.0716,0.3060,0.0248,0.6220,0.0179
dpmpp2m,2,4,3,0.0120,0.0003,polar3,polar,5000,30000,0.9816,0.0017,0.9844,0.0017,0.9899,0.0012,0.3907,0.0199,0.7576,0.0014,0.5152,0.0172,0.7498,0.0094
dpmpp2m,2,4,3,0.0120,0.0003,knn,knn,10000,60000,0.9873,0.0014,0.9909,0.0013,0.9930,0.0010,0.5072,0.0297,0.6961,0.0082,0.5865,0.0225,0.7887,0.0119
dpmpp2m,2,4,3,0.0120,0.0003,altered_knn,altered_knn,10000,40000,0.9766,0.0028,0.9845,0.0031,0.9875,0.0015,0.2197,0.0149,0.3291,0.0381,0.2614,0.0032,0.6230,0.0015
dpmpp2m,2,4,3,0.0120,0.0003,quadratic,quadratic,10000,60000,0.9330,0.0110,0.9392,0.0118,0.9435,0.0092,0.2553,0.0487,0.4267,0.0723,0.3110,0.0219,0.6251,0.0168
dpmpp2m,2,4,3,0.0120,0.0003,polar3,polar,10000,60000,0.9820,0.0010,0.9847,0.0010,0.9902,0.0008,0.3952,0.0127,0.7599,0.0037,0.5199,0.0117,0.7523,0.0063
dpmpp2m,2,4,3,0.0120,0.0003,knn,knn,15000,90000,0.9884,0.0012,0.9923,0.0011,0.9936,0.0008,0.5459,0.0307,0.6698,0.0102,0.6012,0.0223,0.7968,0.0117
dpmpp2m,2,4,3,0.0120,0.0003,altered_knn,altered_knn,15000,60000,0.9796,0.0039,0.9882,0.0050,0.9889,0.0019,0.2460,0.0231,0.2659,0.1150,0.2362,0.0591,0.6122,0.0276
dpmpp2m,2,4,3,0.0120,0.0003,quadratic,quadratic,15000,90000,0.9330,0.0110,0.9392,0.0117,0.9434,0.0091,0.2566,0.0490,0.4258,0.0713,0.3118,0.0219,0.6255,0.0167
dpmpp2m,2,4,3,0.0120,0.0003,polar3,polar,15000,90000,0.9825,0.0012,0.9853,0.0011,0.9904,0.0008,0.4057,0.0181,0.7549,0.0125,0.5275,0.0171,0.7564,0.0091
dpmpp2m,2,4,3,0.0120,0.0003,knn,knn,20000,120000,0.9890,0.0012,0.9931,0.0011,0.9938,0.0008,0.5722,0.0339,0.6533,0.0113,0.6098,0.0237,0.8014,0.0124
dpmpp2m,2,4,3,0.0120,0.0003,altered_knn,altered_knn,20000,80000,0.9812,0.0013,0.9899,0.0023,0.9898,0.0007,0.2639,0.0170,0.2666,0.0824,0.2579,0.0457,0.6239,0.0220
dpmpp2m,2,4,3,0.0120,0.0003,quadratic,quadratic,20000,120000,0.9326,0.0107,0.9387,0.0115,0.9429,0.0088,0.2578,0.0481,0.4255,0.0709,0.3128,0.0211,0.6257,0.0162
dpmpp2m,2,4,3,0.0120,0.0003,polar3,polar,20000,120000,0.9822,0.0008,0.9849,0.0008,0.9903,0.0007,0.3982,0.0102,0.7590,0.0071,0.5223,0.0103,0.7536,0.0055
dpmpp2m,2,8,3,0.0117,0.0006,knn,knn,2000,24000,0.9669,0.0023,0.9709,0.0020,0.9802,0.0019,0.2436,0.0140,0.6331,0.0360,0.3517,0.0191,0.6613,0.0105
dpmpp2m,2,8,3,0.0117,0.0006,altered_knn,altered_knn,2000,16000,0.9515,0.0059,0.9588,0.0070,0.9713,0.0027,0.1087,0.0150,0.3362,0.0641,0.1612,0.0101,0.5600,0.0081
dpmpp2m,2,8,3,0.0117,0.0006,quadratic,quadratic,2000,24000,0.8351,0.0034,0.8381,0.0034,0.8989,0.0034,0.0472,0.0023,0.5867,0.0090,0.0874,0.0039,0.4627,0.0004
dpmpp2m,2,8,3,0.0117,0.0006,polar3,polar,2000,24000,0.9691,0.0039,0.9732,0.0032,0.9819,0.0029,0.2518,0.0304,0.6299,0.0682,0.3598,0.0420,0.6665,0.0226
dpmpp2m,2,8,3,0.0117,0.0006,knn,knn,5000,60000,0.9755,0.0029,0.9798,0.0024,0.9854,0.0024,0.3122,0.0258,0.6149,0.0532,0.4140,0.0333,0.6969,0.0178
dpmpp2m,2,8,3,0.0117,0.0006,altered_knn,altered_knn,5000,40000,0.9580,0.0061,0.9645,0.0067,0.9768,0.0030,0.1331,0.0127,0.4124,0.0878,0.1997,0.0197,0.5821,0.0096
dpmpp2m,2,8,3,0.0117,0.0006,quadratic,quadratic,5000,60000,0.8322,0.0042,0.8351,0.0042,0.8968,0.0041,0.0465,0.0024,0.5878,0.0076,0.0862,0.0041,0.4606,0.0016
dpmpp2m,2,8,3,0.0117,0.0006,polar3,polar,5000,60000,0.9690,0.0039,0.9730,0.0032,0.9818,0.0029,0.2527,0.0312,0.6328,0.0697,0.3610,0.0424,0.6670,0.0228
dpmpp2m,2,8,3,0.0117,0.0006,knn,knn,10000,120000,0.9788,0.0032,0.9837,0.0027,0.9870,0.0026,0.3638,0.0336,0.5671,0.0522,0.4429,0.0384,0.7133,0.0206
dpmpp2m,2,8,3,0.0117,0.0006,altered_knn,altered_knn,10000,80000,0.9691,0.0047,0.9774,0.0050,0.9823,0.0028,0.1523,0.0217,0.2741,0.0230,0.1937,0.0154,0.5855,0.0101
dpmpp2m,2,8,3,0.0117,0.0006,quadratic,quadratic,10000,120000,0.8334,0.0052,0.8363,0.0052,0.8977,0.0047,0.0469,0.0020,0.5886,0.0092,0.0868,0.0035,0.4616,0.0016
dpmpp2m,2,8,3,0.0117,0.0006,polar3,polar,10000,120000,0.9687,0.0040,0.9729,0.0034,0.9817,0.0031,0.2471,0.0294,0.6218,0.0638,0.3535,0.0397,0.6632,0.0215
dpmpp2m,2,8,3,0.0117,0.0006,knn,knn,15000,180000,0.9800,0.0033,0.9852,0.0028,0.9874,0.0027,0.3971,0.0378,0.5449,0.0527,0.4590,0.0415,0.7221,0.0221
dpmpp2m,2,8,3,0.0117,0.0006,altered_knn,altered_knn,15000,120000,0.9743,0.0033,0.9837,0.0031,0.9842,0.0026,0.1668,0.0265,0.1820,0.0372,0.1733,0.0292,0.5785,0.0153
dpmpp2m,2,8,3,0.0117,0.0006,quadratic,quadratic,15000,180000,0.8344,0.0056,0.8373,0.0057,0.8982,0.0050,0.0472,0.0019,0.5884,0.0092,0.0873,0.0033,0.4623,0.0017
dpmpp2m,2,8,3,0.0117,0.0006,polar3,polar,15000,180000,0.9689,0.0039,0.9730,0.0032,0.9818,0.0030,0.2502,0.0299,0.6278,0.0709,0.3577,0.0413,0.6653,0.0222
dpmpp2m,2,8,3,0.0117,0.0006,knn,knn,20000,240000,0.9806,0.0033,0.9860,0.0028,0.9875,0.0028,0.4202,0.0380,0.5288,0.0514,0.4680,0.0419,0.7270,0.0223
dpmpp2m,2,8,3,0.0117,0.0006,altered_knn,altered_knn,20000,160000,0.9739,0.0031,0.9829,0.0030,0.9843,0.0025,0.1694,0.0246,0.2098,0.0697,0.1849,0.0392,0.5839,0.0196
dpmpp2m,2,8,3,0.0117,0.0006,quadratic,quadratic,20000,240000,0.8419,0.0049,0.8449,0.0050,0.9036,0.0045,0.0487,0.0020,0.5830,0.0098,0.0899,0.0035,0.4674,0.0009
dpmpp2m,2,8,3,0.0117,0.0006,polar3,polar,20000,240000,0.9697,0.0040,0.9739,0.0033,0.9822,0.0030,0.2567,0.0324,0.6199,0.0651,0.3629,0.0428,0.6684,0.0230
dpmpp2m,4,2,3,0.0115,0.0006,knn,knn,2000,6000,0.9147,0.0026,0.9220,0.0027,0.9191,0.0026,0.6121,0.0370,0.2885,0.0095,0.3921,0.0160,0.6570,0.0092
dpmpp2m,4,2,3,0.0115,0.0006,altered_knn,altered_knn,2000,4000,0.8933,0.0341,0.9013,0.0362,0.9331,0.0139,0.0325,0.0046,0.2108,0.1160,0.0513,0.0046,0.4763,0.0179
dpmpp2m,4,2,3,0.0115,0.0006,quadratic,quadratic,2000,6000,0.9868,0.0024,0.9915,0.0024,0.9897,0.0024,0.8576,0.0343,0.5863,0.0136,0.6962,0.0172,0.8439,0.0080
dpmpp2m,4,2,3,0.0115,0.0006,polar3,polar,2000,6000,0.9946,0.0002,0.9968,0.0002,0.9965,0.0001,0.8571,0.0021,0.8008,0.0168,0.8279,0.0092,0.9124,0.0045
dpmpp2m,4,2,3,0.0115,0.0006,knn,knn,5000,15000,0.9305,0.0023,0.9373,0.0024,0.9347,0.0023,0.6722,0.0289,0.3464,0.0063,0.4569,0.0033,0.6971,0.0028
dpmpp2m,4,2,3,0.0115,0.0006,altered_knn,altered_knn,5000,10000,0.9245,0.0122,0.9336,0.0129,0.9486,0.0041,0.0388,0.0018,0.1419,0.0559,0.0589,0.0045,0.4963,0.0042
dpmpp2m,4,2,3,0.0115,0.0006,quadratic,quadratic,5000,15000,0.9878,0.0014,0.9926,0.0012,0.9907,0.0014,0.8624,0.0271,0.5788,0.0041,0.6926,0.0114,0.8426,0.0054
dpmpp2m,4,2,3,0.0115,0.0006,polar3,polar,5000,15000,0.9946,0.0002,0.9968,0.0001,0.9965,0.0001,0.8512,0.0031,0.8006,0.0181,0.8250,0.0099,0.9109,0.0049
dpmpp2m,4,2,3,0.0115,0.0006,knn,knn,10000,30000,0.9418,0.0011,0.9483,0.0014,0.9457,0.0013,0.7164,0.0141,0.3811,0.0093,0.4975,0.0111,0.7229,0.0049
dpmpp2m,4,2,3,0.0115,0.0006,altered_knn,altered_knn,10000,20000,0.9146,0.0351,0.9233,0.0367,0.9453,0.0135,0.0348,0.0015,0.1636,0.1350,0.0463,0.0160,0.4848,0.0131
dpmpp2m,4,2,3,0.0115,0.0006,quadratic,quadratic,10000,30000,0.9888,0.0008,0.9937,0.0007,0.9917,0.0007,0.8674,0.0219,0.5743,0.0014,0.6909,0.0066,0.8423,0.0034
dpmpp2m,4,2,3,0.0115,0.0006,polar3,polar,10000,30000,0.9945,0.0002,0.9968,0.0002,0.9965,0.0001,0.8486,0.0080,0.8029,0.0185,0.8249,0.0078,0.9109,0.0038
dpmpp2m,4,2,3,0.0115,0.0006,knn,knn,15000,45000,0.9479,0.0006,0.9543,0.0006,0.9519,0.0006,0.7057,0.0163,0.3986,0.0082,0.5095,0.0110,0.7319,0.0053
dpmpp2m,4,2,3,0.0115,0.0006,altered_knn,altered_knn,15000,30000,0.9123,0.0155,0.9204,0.0167,0.9479,0.0058,0.0369,0.0025,0.2178,0.0661,0.0618,0.0014,0.4911,0.0084
dpmpp2m,4,2,3,0.0115,0.0006,quadratic,quadratic,15000,45000,0.9889,0.0009,0.9937,0.0006,0.9917,0.0008,0.8664,0.0226,0.5765,0.0042,0.6921,0.0054,0.8429,0.0026
dpmpp2m,4,2,3,0.0115,0.0006,polar3,polar,15000,45000,0.9945,0.0002,0.9967,0.0002,0.9965,0.0001,0.8423,0.0090,0.8044,0.0193,0.8227,0.0069,0.9097,0.0034
dpmpp2m,4,2,3,0.0115,0.0006,knn,knn,20000,60000,0.9511,0.0004,0.9574,0.0001,0.9551,0.0002,0.7105,0.0260,0.4044,0.0026,0.5152,0.0055,0.7363,0.0027
dpmpp2m,4,2,3,0.0115,0.0006,altered_knn,altered_knn,20000,40000,0.9101,0.0325,0.9180,0.0340,0.9459,0.0144,0.0392,0.0043,0.2259,0.1122,0.0643,0.0041,0.4912,0.0170
dpmpp2m,4,2,3,0.0115,0.0006,quadratic,quadratic,20000,60000,0.9888,0.0006,0.9936,0.0006,0.9916,0.0006,0.8682,0.0233,0.5763,0.0030,0.6926,0.0084,0.8431,0.0044
dpmpp2m,4,2,3,0.0115,0.0006,polar3,polar,20000,60000,0.9945,0.0002,0.9967,0.0002,0.9965,0.0001,0.8429,0.0119,0.8032,0.0185,0.8223,0.0057,0.9095,0.0028
dpmpp2m,4,4,3,0.0126,0.0003,knn,knn,2000,12000,0.8390,0.0115,0.8449,0.0115,0.8466,0.0135,0.2696,0.0658,0.3729,0.0086,0.3080,0.0420,0.5765,0.0157
dpmpp2m,4,4,3,0.0126,0.0003,altered_knn,altered_knn,2000,8000,0.8729,0.0336,0.8822,0.0352,0.8985,0.0155,0.0403,0.0054,0.1422,0.1152,0.0514,0.0105,0.4668,0.0147
dpmpp2m,4,4,3,0.0126,0.0003,quadratic,quadratic,2000,12000,0.9393,0.0059,0.9441,0.0058,0.9439,0.0062,0.5198,0.0128,0.5632,0.0071,0.5406,0.0092,0.7423,0.0066
dpmpp2m,4,4,3,0.0126,0.0003,polar3,polar,2000,12000,0.9769,0.0020,0.9809,0.0018,0.9823,0.0022,0.5198,0.0145,0.6632,0.0211,0.5824,0.0077,0.7817,0.0034
dpmpp2m,4,4,3,0.0126,0.0003,knn,knn,5000,30000,0.8697,0.0098,0.8757,0.0098,0.8764,0.0117,0.3037,0.0608,0.3911,0.0110,0.3384,0.0361,0.6071,0.0132
dpmpp2m,4,4,3,0.0126,0.0003,altered_knn,altered_knn,5000,20000,0.8759,0.0236,0.8846,0.0248,0.9075,0.0121,0.0388,0.0022,0.1935,0.0872,0.0611,0.0055,0.4728,0.0101
dpmpp2m,4,4,3,0.0126,0.0003,quadratic,quadratic,5000,30000,0.9393,0.0054,0.9441,0.0053,0.9437,0.0057,0.5305,0.0166,0.5607,0.0096,0.5451,0.0123,0.7446,0.0080
dpmpp2m,4,4,3,0.0126,0.0003,polar3,polar,5000,30000,0.9782,0.0021,0.9824,0.0019,0.9834,0.0023,0.5398,0.0143,0.6535,0.0161,0.5909,0.0023,0.7866,0.0010
dpmpp2m,4,4,3,0.0126,0.0003,knn,knn,10000,60000,0.8911,0.0086,0.8972,0.0086,0.8976,0.0104,0.3377,0.0705,0.4087,0.0064,0.3662,0.0416,0.6317,0.0165
dpmpp2m,4,4,3,0.0126,0.0003,altered_knn,altered_knn,10000,40000,0.8889,0.0122,0.8979,0.0133,0.9154,0.0067,0.0496,0.0136,0.1821,0.0810,0.0728,0.0102,0.4853,0.0084
dpmpp2m,4,4,3,0.0126,0.0003,quadratic,quadratic,10000,60000,0.9395,0.0054,0.9443,0.0054,0.9438,0.0057,0.5413,0.0172,0.5624,0.0106,0.5515,0.0125,0.7479,0.0080
dpmpp2m,4,4,3,0.0126,0.0003,polar3,polar,10000,60000,0.9784,0.0016,0.9826,0.0013,0.9836,0.0018,0.5392,0.0189,0.6515,0.0175,0.5895,0.0043,0.7860,0.0015
dpmpp2m,4,4,3,0.0126,0.0003,knn,knn,15000,90000,0.9009,0.0078,0.9071,0.0077,0.9076,0.0096,0.3385,0.0662,0.4139,0.0096,0.3688,0.0384,0.6380,0.0156
dpmpp2m,4,4,3,0.0126,0.0003,altered_knn,altered_knn,15000,60000,0.8958,0.0221,0.9053,0.0241,0.9186,0.0077,0.0626,0.0210,0.1506,0.1371,0.0626,0.0068,0.4839,0.0100
dpmpp2m,4,4,3,0.0126,0.0003,quadratic,quadratic,15000,90000,0.9396,0.0052,0.9444,0.0052,0.9439,0.0056,0.5374,0.0173,0.5612,0.0116,0.5490,0.0134,0.7467,0.0081
dpmpp2m,4,4,3,0.0126,0.0003,polar3,polar,15000,90000,0.9783,0.0014,0.9825,0.0011,0.9836,0.0018,0.5364,0.0261,0.6498,0.0164,0.5869,0.0088,0.7847,0.0038
dpmpp2m,4,4,3,0.0126,0.0003,knn,knn,20000,120000,0.9082,0.0070,0.9144,0.0068,0.9147,0.0087,0.3600,0.0692,0.4253,0.0143,0.3858,0.0362,0.6501,0.0148
dpmpp2m,4,4,3,0.0126,0.0003,altered_knn,altered_knn,20000,80000,0.8895,0.0213,0.8983,0.0233,0.9189,0.0065,0.0595,0.0263,0.1988,0.1315,0.0679,0.0029,0.4831,0.0111
dpmpp2m,4,4,3,0.0126,0.0003,quadratic,quadratic,20000,120000,0.9397,0.0054,0.9446,0.0053,0.9441,0.0057,0.5407,0.0168,0.5607,0.0101,0.5504,0.0129,0.7475,0.0078
dpmpp2m,4,4,3,0.0126,0.0003,polar3,polar,20000,120000,0.9785,0.0014,0.9827,0.0011,0.9837,0.0018,0.5416,0.0276,0.6477,0.0176,0.5891,0.0089,0.7859,0.0040
dpmpp2m,4,8,3,0.0132,0.0001,knn,knn,2000,24000,0.7922,0.0119,0.7977,0.0119,0.8097,0.0111,0.1187,0.0081,0.3855,0.0107,0.1814,0.0107,0.4896,0.0113
dpmpp2m,4,8,3,0.0132,0.0001,altered_knn,altered_knn,2000,16000,0.8499,0.0166,0.8589,0.0177,0.8780,0.0068,0.0444,0.0072,0.1793,0.0663,0.0672,0.0010,0.4630,0.0091
dpmpp2m,4,8,3,0.0132,0.0001,quadratic,quadratic,2000,24000,0.9023,0.0123,0.9078,0.0124,0.9115,0.0119,0.2881,0.0243,0.4918,0.0097,0.3629,0.0214,0.6353,0.0167
dpmpp2m,4,8,3,0.0132,0.0001,polar3,polar,2000,24000,0.9601,0.0052,0.9653,0.0050,0.9699,0.0049,0.3246,0.0177,0.5693,0.0133,0.4134,0.0178,0.6893,0.0114
dpmpp2m,4,8,3,0.0132,0.0001,knn,knn,5000,60000,0.8340,0.0108,0.8397,0.0108,0.8491,0.0100,0.1495,0.0124,0.4049,0.0108,0.2182,0.0148,0.5290,0.0128
dpmpp2m,4,8,3,0.0132,0.0001,altered_knn,altered_knn,5000,40000,0.8715,0.0080,0.8812,0.0083,0.8923,0.0050,0.0522,0.0047,0.1496,0.0310,0.0760,0.0014,0.4786,0.0044
dpmpp2m,4,8,3,0.0132,0.0001,quadratic,quadratic,5000,60000,0.9028,0.0127,0.9084,0.0127,0.9120,0.0121,0.2906,0.0277,0.4893,0.0080,0.3640,0.0240,0.6362,0.0182
dpmpp2m,4,8,3,0.0132,0.0001,polar3,polar,5000,60000,0.9616,0.0046,0.9669,0.0045,0.9711,0.0043,0.3327,0.0158,0.5656,0.0097,0.4188,0.0152,0.6929,0.0099
dpmpp2m,4,8,3,0.0132,0.0001,knn,knn,10000,120000,0.8598,0.0096,0.8658,0.0097,0.8737,0.0090,0.1700,0.0097,0.4116,0.0013,0.2404,0.0098,0.5531,0.0097
dpmpp2m,4,8,3,0.0132,0.0001,altered_knn,altered_knn,10000,80000,0.8861,0.0090,0.8965,0.0095,0.9011,0.0055,0.0604,0.0068,0.1070,0.0404,0.0722,0.0099,0.4843,0.0028
dpmpp2m,4,8,3,0.0132,0.0001,quadratic,quadratic,10000,120000,0.9027,0.0127,0.9083,0.0127,0.9119,0.0121,0.2907,0.0278,0.4891,0.0065,0.3640,0.0235,0.6361,0.0180
dpmpp2m,4,8,3,0.0132,0.0001,polar3,polar,10000,120000,0.9621,0.0047,0.9675,0.0047,0.9715,0.0043,0.3371,0.0190,0.5649,0.0083,0.4221,0.0173,0.6948,0.0110
dpmpp2m,4,8,3,0.0132,0.0001,knn,knn,15000,180000,0.8739,0.0084,0.8799,0.0084,0.8870,0.0079,0.1854,0.0117,0.4203,0.0047,0.2571,0.0122,0.5685,0.0103
dpmpp2m,4,8,3,0.0132,0.0001,altered_knn,altered_knn,15000,120000,0.8842,0.0154,0.8940,0.0169,0.9050,0.0056,0.0597,0.0109,0.1523,0.0947,0.0761,0.0032,0.4851,0.0078
dpmpp2m,4,8,3,0.0132,0.0001,quadratic,quadratic,15000,180000,0.9029,0.0127,0.9085,0.0128,0.9120,0.0122,0.2916,0.0267,0.4886,0.0072,0.3646,0.0226,0.6365,0.0176
dpmpp2m,4,8,3,0.0132,0.0001,polar3,polar,15000,180000,0.9620,0.0049,0.9673,0.0048,0.9715,0.0046,0.3350,0.0172,0.5659,0.0081,0.4207,0.0159,0.6940,0.0104
dpmpp2m,4,8,3,0.0132,0.0001,knn,knn,20000,240000,0.8838,0.0079,0.8900,0.0078,0.8964,0.0074,0.1971,0.0125,0.4224,0.0075,0.2687,0.0131,0.5794,0.0104
dpmpp2m,4,8,3,0.0132,0.0001,altered_knn,altered_knn,20000,160000,0.8923,0.0070,0.9024,0.0076,0.9097,0.0045,0.0629,0.0071,0.1382,0.0482,0.0832,0.0057,0.4928,0.0053
dpmpp2m,4,8,3,0.0132,0.0001,quadratic,quadratic,20000,240000,0.9056,0.0126,0.9113,0.0126,0.9144,0.0121,0.3027,0.0246,0.4840,0.0066,0.3720,0.0205,0.6416,0.0165
dpmpp2m,4,8,3,0.0132,0.0001,polar3,polar,20000,240000,0.9625,0.0049,0.9678,0.0048,0.9719,0.0046,0.3379,0.0173,0.5643,0.0095,0.4226,0.0162,0.6952,0.0105
dpmpp2m,4,16,3,0.0145,0.0004,knn,knn,2000,48000,0.7739,0.0051,0.7793,0.0051,0.7956,0.0057,0.1069,0.0036,0.4079,0.0003,0.1694,0.0045,0.4744,0.0014
dpmpp2m,4,16,3,0.0145,0.0004,altered_knn,altered_knn,2000,32000,0.8477,0.0004,0.8579,0.0001,0.8668,0.0023,0.0625,0.0012,0.1510,0.0223,0.0879,0.0030,0.4729,0.0014
dpmpp2m,4,16,3,0.0145,0.0004,quadratic,quadratic,2000,48000,0.8886,0.0061,0.8949,0.0061,0.9046,0.0065,0.1864,0.0074,0.4643,0.0108,0.2658,0.0057,0.5803,0.0038
dpmpp2m,4,16,3,0.0145,0.0004,polar3,polar,2000,48000,0.9465,0.0016,0.9530,0.0016,0.9597,0.0016,0.2582,0.0073,0.5078,0.0056,0.3422,0.0052,0.6476,0.0029
dpmpp2m,4,16,3,0.0145,0.0004,knn,knn,5000,120000,0.8184,0.0055,0.8242,0.0055,0.8370,0.0059,0.1356,0.0031,0.4213,0.0064,0.2051,0.0028,0.5147,0.0025
dpmpp2m,4,16,3,0.0145,0.0004,altered_knn,altered_knn,5000,80000,0.8700,0.0025,0.8814,0.0023,0.8826,0.0022,0.0802,0.0035,0.0953,0.0203,0.0857,0.0067,0.4835,0.0030
dpmpp2m,4,16,3,0.0145,0.0004,quadratic,quadratic,5000,120000,0.8894,0.0070,0.8957,0.0071,0.9053,0.0071,0.1888,0.0098,0.4644,0.0117,0.2681,0.0082,0.5819,0.0060
dpmpp2m,4,16,3,0.0145,0.0004,polar3,polar,5000,120000,0.9473,0.0011,0.9537,0.0012,0.9603,0.0011,0.2615,0.0067,0.5073,0.0072,0.3449,0.0043,0.6493,0.0025
dpmpp2m,4,16,3,0.0145,0.0004,knn,knn,10000,240000,0.8487,0.0045,0.8549,0.0044,0.8655,0.0047,0.1598,0.0050,0.4278,0.0037,0.2326,0.0049,0.5438,0.0010
dpmpp2m,4,16,3,0.0145,0.0004,altered_knn,altered_knn,10000,160000,0.8764,0.0031,0.8871,0.0035,0.8925,0.0023,0.0815,0.0027,0.1478,0.0471,0.1023,0.0083,0.4947,0.0029
dpmpp2m,4,16,3,0.0145,0.0004,quadratic,quadratic,10000,240000,0.8937,0.0063,0.9000,0.0064,0.9091,0.0064,0.1951,0.0111,0.4631,0.0102,0.2741,0.0094,0.5871,0.0060
dpmpp2m,4,16,3,0.0145,0.0004,polar3,polar,10000,240000,0.9484,0.0012,0.9549,0.0012,0.9612,0.0011,0.2658,0.0073,0.5078,0.0060,0.3489,0.0050,0.6519,0.0030
dpmpp2m,4,16,3,0.0145,0.0004,knn,knn,15000,360000,0.8642,0.0046,0.8706,0.0045,0.8800,0.0046,0.1748,0.0041,0.4323,0.0029,0.2489,0.0038,0.5598,0.0018
dpmpp2m,4,16,3,0.0145,0.0004,altered_knn,altered_knn,15000,240000,0.8720,0.0077,0.8814,0.0087,0.8968,0.0014,0.0739,0.0093,0.2365,0.0634,0.1094,0.0036,0.4954,0.0062
dpmpp2m,4,16,3,0.0145,0.0004,quadratic,quadratic,15000,360000,0.8979,0.0049,0.9042,0.0049,0.9154,0.0051,0.1753,0.0083,0.4699,0.0075,0.2551,0.0078,0.5797,0.0046
dpmpp2m,4,16,3,0.0145,0.0004,polar3,polar,15000,360000,0.9501,0.0010,0.9566,0.0011,0.9626,0.0009,0.2732,0.0092,0.5082,0.0039,0.3552,0.0070,0.6559,0.0039
dpmpp2m,4,16,3,0.0145,0.0004,knn,knn,20000,480000,0.8745,0.0042,0.8809,0.0041,0.8894,0.0042,0.1891,0.0046,0.4371,0.0029,0.2639,0.0040,0.5724,0.0020
dpmpp2m,4,16,3,0.0145,0.0004,altered_knn,altered_knn,20000,320000,0.8862,0.0013,0.8968,0.0023,0.9025,0.0024,0.0905,0.0082,0.1664,0.0529,0.1122,0.0120,0.5045,0.0051
dpmpp2m,4,16,3,0.0145,0.0004,quadratic,quadratic,20000,480000,0.8954,0.0045,0.9016,0.0046,0.9167,0.0047,0.1462,0.0049,0.4742,0.0043,0.2234,0.0053,0.5625,0.0036
dpmpp2m,4,16,3,0.0145,0.0004,polar3,polar,20000,480000,0.9507,0.0009,0.9572,0.0012,0.9631,0.0008,0.2757,0.0110,0.5089,0.0039,0.3575,0.0084,0.6573,0.0047
dpmpp2m,8,2,3,0.0136,0.0002,knn,knn,2000,6000,0.8174,0.0022,0.8279,0.0024,0.8223,0.0025,0.5766,0.0385,0.0574,0.0098,0.1043,0.0168,0.4661,0.0080
dpmpp2m,8,2,3,0.0136,0.0002,altered_knn,altered_knn,2000,4000,0.8482,0.0323,0.8562,0.0341,0.9020,0.0135,0.0324,0.0018,0.2688,0.0991,0.0570,0.0025,0.4566,0.0171
dpmpp2m,8,2,3,0.0136,0.0002,quadratic,quadratic,2000,6000,0.9841,0.0018,0.9914,0.0017,0.9879,0.0018,0.9369,0.0183,0.4578,0.0035,0.6151,0.0061,0.8032,0.0035
dpmpp2m,8,2,3,0.0136,0.0002,polar3,polar,2000,6000,0.9921,0.0009,0.9955,0.0008,0.9943,0.0007,0.9096,0.0214,0.7430,0.0083,0.8179,0.0135,0.9067,0.0072
dpmpp2m,8,2,3,0.0136,0.0002,knn,knn,5000,15000,0.8325,0.0026,0.8430,0.0027,0.8376,0.0027,0.7104,0.0530,0.0664,0.0073,0.1211,0.0118,0.4821,0.0063
dpmpp2m,8,2,3,0.0136,0.0002,altered_knn,altered_knn,5000,10000,0.7934,0.0746,0.7990,0.0774,0.8735,0.0413,0.0307,0.0057,0.3831,0.1333,0.0556,0.0075,0.4273,0.0424
dpmpp2m,8,2,3,0.0136,0.0002,quadratic,quadratic,5000,15000,0.9863,0.0006,0.9937,0.0006,0.9900,0.0006,0.9618,0.0074,0.4510,0.0017,0.6140,0.0026,0.8038,0.0014
dpmpp2m,8,2,3,0.0136,0.0002,polar3,polar,5000,15000,0.9929,0.0007,0.9964,0.0005,0.9949,0.0005,0.9405,0.0209,0.7383,0.0092,0.8272,0.0136,0.9118,0.0070
dpmpp2m,8,2,3,0.0136,0.0002,knn,knn,10000,30000,0.8440,0.0035,0.8547,0.0037,0.8491,0.0037,0.7147,0.0499,0.0700,0.0080,0.1275,0.0138,0.4911,0.0064
dpmpp2m,8,2,3,0.0136,0.0002,altered_knn,altered_knn,10000,20000,0.9013,0.0114,0.9124,0.0122,0.9266,0.0034,0.0273,0.0089,0.1006,0.0586,0.0416,0.0181,0.4770,0.0036
dpmpp2m,8,2,3,0.0136,0.0002,quadratic,quadratic,10000,30000,0.9867,0.0008,0.9942,0.0007,0.9905,0.0007,0.9680,0.0069,0.4451,0.0052,0.6098,0.0045,0.8020,0.0026
dpmpp2m,8,2,3,0.0136,0.0002,polar3,polar,10000,30000,0.9931,0.0005,0.9966,0.0003,0.9950,0.0003,0.9515,0.0087,0.7401,0.0133,0.8325,0.0107,0.9145,0.0055
dpmpp2m,8,2,3,0.0136,0.0002,knn,knn,15000,45000,0.8538,0.0041,0.8644,0.0043,0.8589,0.0043,0.7854,0.0357,0.0786,0.0086,0.1429,0.0147,0.5037,0.0054
dpmpp2m,8,2,3,0.0136,0.0002,altered_knn,altered_knn,15000,30000,0.8989,0.0031,0.9096,0.0032,0.9271,0.0019,0.0322,0.0019,0.1200,0.0110,0.0507,0.0031,0.4802,0.0023
dpmpp2m,8,2,3,0.0136,0.0002,quadratic,quadratic,15000,45000,0.9868,0.0009,0.9943,0.0008,0.9906,0.0009,0.9677,0.0096,0.4471,0.0087,0.6115,0.0082,0.8029,0.0045
dpmpp2m,8,2,3,0.0136,0.0002,polar3,polar,15000,45000,0.9930,0.0005,0.9964,0.0003,0.9949,0.0004,0.9500,0.0073,0.7437,0.0110,0.8343,0.0083,0.9153,0.0043
dpmpp2m,8,2,3,0.0136,0.0002,knn,knn,20000,60000,0.8544,0.0015,0.8650,0.0017,0.8595,0.0017,0.7946,0.0441,0.0863,0.0112,0.1555,0.0190,0.5102,0.0087
dpmpp2m,8,2,3,0.0136,0.0002,altered_knn,altered_knn,20000,40000,0.9026,0.0058,0.9133,0.0063,0.9300,0.0028,0.0346,0.0049,0.1273,0.0363,0.0542,0.0094,0.4837,0.0023
dpmpp2m,8,2,3,0.0136,0.0002,quadratic,quadratic,20000,60000,0.9866,0.0010,0.9940,0.0009,0.9903,0.0009,0.9694,0.0045,0.4503,0.0070,0.6149,0.0071,0.8044,0.0039
dpmpp2m,8,2,3,0.0136,0.0002,polar3,polar,20000,60000,0.9930,0.0005,0.9965,0.0003,0.9950,0.0004,0.9499,0.0066,0.7430,0.0100,0.8338,0.0077,0.9151,0.0040
dpmpp2m,8,4,3,0.0134,0.0002,knn,knn,2000,12000,0.6925,0.0093,0.7002,0.0093,0.6985,0.0097,0.2307,0.0663,0.1299,0.0017,0.1626,0.0201,0.4314,0.0062
dpmpp2m,8,4,3,0.0134,0.0002,altered_knn,altered_knn,2000,8000,0.8257,0.0211,0.8346,0.0226,0.8563,0.0062,0.0391,0.0078,0.1666,0.0856,0.0566,0.0019,0.4456,0.0107
dpmpp2m,8,4,3,0.0134,0.0002,quadratic,quadratic,2000,12000,0.9510,0.0077,0.9569,0.0077,0.9543,0.0078,0.8117,0.0065,0.5156,0.0092,0.6305,0.0049,0.7937,0.0058
dpmpp2m,8,4,3,0.0134,0.0002,polar3,polar,2000,12000,0.9753,0.0038,0.9801,0.0037,0.9792,0.0042,0.6844,0.0337,0.6261,0.0047,0.6535,0.0133,0.8168,0.0057
dpmpp2m,8,4,3,0.0134,0.0002,knn,knn,5000,30000,0.7146,0.0081,0.7225,0.0082,0.7204,0.0079,0.2710,0.0453,0.1345,0.0033,0.1789,0.0127,0.4507,0.0046
dpmpp2m,8,4,3,0.0134,0.0002,altered_knn,altered_knn,5000,20000,0.8115,0.0387,0.8192,0.0410,0.8579,0.0136,0.0346,0.0049,0.2479,0.1320,0.0574,0.0021,0.4383,0.0215
dpmpp2m,8,4,3,0.0134,0.0002,quadratic,quadratic,5000,30000,0.9525,0.0075,0.9584,0.0074,0.9557,0.0075,0.8319,0.0053,0.5177,0.0112,0.6381,0.0073,0.7983,0.0071
dpmpp2m,8,4,3,0.0134,0.0002,polar3,polar,5000,30000,0.9797,0.0031,0.9845,0.0030,0.9830,0.0032,0.7758,0.0143,0.6297,0.0049,0.6951,0.0056,0.8398,0.0034
dpmpp2m,8,4,3,0.0134,0.0002,knn,knn,10000,60000,0.7324,0.0090,0.7405,0.0091,0.7376,0.0087,0.3460,0.0378,0.1438,0.0030,0.2026,0.0060,0.4715,0.0059
dpmpp2m,8,4,3,0.0134,0.0002,altered_knn,altered_knn,10000,40000,0.8439,0.0291,0.8535,0.0317,0.8704,0.0044,0.0461,0.0098,0.1449,0.1552,0.0478,0.0121,0.4506,0.0104
dpmpp2m,8,4,3,0.0134,0.0002,quadratic,quadratic,10000,60000,0.9530,0.0080,0.9589,0.0079,0.9562,0.0080,0.8360,0.0068,0.5144,0.0118,0.6368,0.0070,0.7978,0.0069
dpmpp2m,8,4,3,0.0134,0.0002,polar3,polar,10000,60000,0.9814,0.0025,0.9862,0.0025,0.9845,0.0027,0.8087,0.0150,0.6322,0.0039,0.7095,0.0042,0.8479,0.0025
dpmpp2m,8,4,3,0.0134,0.0002,knn,knn,15000,90000,0.7413,0.0078,0.7493,0.0078,0.7463,0.0074,0.3890,0.0271,0.1525,0.0025,0.2188,0.0034,0.4841,0.0049
dpmpp2m,8,4,3,0.0134,0.0002,altered_knn,altered_knn,15000,60000,0.8040,0.0783,0.8110,0.0824,0.8564,0.0345,0.0372,0.0066,0.2817,0.2241,0.0578,0.0060,0.4344,0.0425
dpmpp2m,8,4,3,0.0134,0.0002,quadratic,quadratic,15000,90000,0.9534,0.0082,0.9594,0.0082,0.9566,0.0083,0.8414,0.0058,0.5122,0.0088,0.6367,0.0052,0.7981,0.0061
dpmpp2m,8,4,3,0.0134,0.0002,polar3,polar,15000,90000,0.9821,0.0022,0.9869,0.0022,0.9852,0.0024,0.8144,0.0102,0.6318,0.0031,0.7116,0.0030,0.8492,0.0021
dpmpp2m,8,4,3,0.0134,0.0002,knn,knn,20000,120000,0.7468,0.0074,0.7549,0.0074,0.7518,0.0071,0.4085,0.0240,0.1576,0.0038,0.2272,0.0050,0.4910,0.0053
dpmpp2m,8,4,3,0.0134,0.0002,altered_knn,altered_knn,20000,80000,0.8632,0.0115,0.8736,0.0124,0.8822,0.0039,0.0453,0.0090,0.1017,0.0541,0.0536,0.0096,0.4636,0.0014
dpmpp2m,8,4,3,0.0134,0.0002,quadratic,quadratic,20000,120000,0.9534,0.0083,0.9594,0.0083,0.9565,0.0084,0.8434,0.0046,0.5130,0.0077,0.6379,0.0046,0.7986,0.0055
dpmpp2m,8,4,3,0.0134,0.0002,polar3,polar,20000,120000,0.9822,0.0021,0.9870,0.0020,0.9853,0.0022,0.8188,0.0122,0.6306,0.0031,0.7124,0.0028,0.8497,0.0016
dpmpp2m,8,8,3,0.0143,0.0002,knn,knn,2000,24000,0.6010,0.0050,0.6069,0.0050,0.6108,0.0036,0.1066,0.0144,0.1964,0.0038,0.1374,0.0114,0.3722,0.0081
dpmpp2m,8,8,3,0.0143,0.0002,altered_knn,altered_knn,2000,16000,0.7882,0.0131,0.7970,0.0146,0.8157,0.0019,0.0465,0.0055,0.1843,0.0872,0.0687,0.0056,0.4328,0.0056
dpmpp2m,8,8,3,0.0143,0.0002,quadratic,quadratic,2000,24000,0.9261,0.0060,0.9322,0.0059,0.9309,0.0061,0.5937,0.0061,0.5046,0.0062,0.5454,0.0014,0.7388,0.0034
dpmpp2m,8,8,3,0.0143,0.0002,polar3,polar,2000,24000,0.9627,0.0014,0.9687,0.0013,0.9681,0.0012,0.5919,0.0238,0.5478,0.0042,0.5688,0.0131,0.7688,0.0071
dpmpp2m,8,8,3,0.0143,0.0002,knn,knn,5000,60000,0.6295,0.0037,0.6356,0.0037,0.6382,0.0033,0.1296,0.0032,0.2094,0.0038,0.1601,0.0032,0.3978,0.0028
dpmpp2m,8,8,3,0.0143,0.0002,altered_knn,altered_knn,5000,40000,0.7842,0.0109,0.7915,0.0120,0.8238,0.0022,0.0443,0.0029,0.2830,0.0563,0.0761,0.0025,0.4338,0.0072
dpmpp2m,8,8,3,0.0143,0.0002,quadratic,quadratic,5000,60000,0.9290,0.0057,0.9352,0.0056,0.9338,0.0058,0.6017,0.0090,0.5068,0.0041,0.5502,0.0025,0.7427,0.0022
dpmpp2m,8,8,3,0.0143,0.0002,polar3,polar,5000,60000,0.9684,0.0016,0.9745,0.0015,0.9731,0.0015,0.6581,0.0145,0.5428,0.0050,0.5949,0.0084,0.7847,0.0045
dpmpp2m,8,8,3,0.0143,0.0002,knn,knn,10000,120000,0.6518,0.0016,0.6581,0.0016,0.6599,0.0014,0.1519,0.0048,0.2174,0.0024,0.1788,0.0041,0.4185,0.0013
dpmpp2m,8,8,3,0.0143,0.0002,altered_knn,altered_knn,10000,80000,0.8022,0.0262,0.8107,0.0284,0.8331,0.0068,0.0499,0.0075,0.2107,0.1283,0.0738,0.0040,0.4422,0.0148
dpmpp2m,8,8,3,0.0143,0.0002,quadratic,quadratic,10000,120000,0.9292,0.0059,0.9354,0.0059,0.9340,0.0061,0.6063,0.0088,0.5056,0.0046,0.5513,0.0019,0.7434,0.0022
dpmpp2m,8,8,3,0.0143,0.0002,polar3,polar,10000,120000,0.9703,0.0014,0.9765,0.0012,0.9750,0.0013,0.6774,0.0106,0.5437,0.0044,0.6032,0.0052,0.7899,0.0030
dpmpp2m,8,8,3,0.0143,0.0002,knn,knn,15000,180000,0.6649,0.0018,0.6714,0.0017,0.6727,0.0017,0.1678,0.0097,0.2200,0.0030,0.1902,0.0067,0.4308,0.0034
dpmpp2m,8,8,3,0.0143,0.0002,altered_knn,altered_knn,15000,120000,0.8088,0.0210,0.8173,0.0226,0.8398,0.0062,0.0502,0.0067,0.2193,0.0943,0.0781,0.0036,0.4477,0.0130
dpmpp2m,8,8,3,0.0143,0.0002,quadratic,quadratic,15000,180000,0.9297,0.0062,0.9359,0.0061,0.9344,0.0063,0.6095,0.0094,0.5042,0.0048,0.5518,0.0029,0.7438,0.0025
dpmpp2m,8,8,3,0.0143,0.0002,polar3,polar,15000,180000,0.9710,0.0015,0.9772,0.0013,0.9756,0.0015,0.6856,0.0067,0.5433,0.0050,0.6062,0.0048,0.7917,0.0028
dpmpp2m,8,8,3,0.0143,0.0002,knn,knn,20000,240000,0.6732,0.0022,0.6798,0.0022,0.6808,0.0022,0.1784,0.0049,0.2204,0.0054,0.1971,0.0028,0.4384,0.0005
dpmpp2m,8,8,3,0.0143,0.0002,altered_knn,altered_knn,20000,160000,0.8274,0.0025,0.8374,0.0025,0.8466,0.0020,0.0537,0.0014,0.1362,0.0103,0.0769,0.0016,0.4572,0.0018
dpmpp2m,8,8,3,0.0143,0.0002,quadratic,quadratic,20000,240000,0.9324,0.0061,0.9387,0.0060,0.9369,0.0062,0.6442,0.0106,0.4976,0.0039,0.5614,0.0032,0.7501,0.0018
dpmpp2m,8,8,3,0.0143,0.0002,polar3,polar,20000,240000,0.9717,0.0015,0.9779,0.0013,0.9763,0.0014,0.6899,0.0067,0.5451,0.0056,0.6090,0.0054,0.7934,0.0032
dpmpp2m,8,16,3,0.0157,0.0006,knn,knn,2000,48000,0.5233,0.0029,0.5274,0.0028,0.5394,0.0024,0.0683,0.0007,0.2633,0.0032,0.1085,0.0007,0.3180,0.0017
dpmpp2m,8,16,3,0.0157,0.0006,altered_knn,altered_knn,2000,32000,0.7632,0.0034,0.7747,0.0036,0.7727,0.0011,0.0561,0.0020,0.0421,0.0366,0.0406,0.0225,0.4077,0.0095
dpmpp2m,8,16,3,0.0157,0.0006,quadratic,quadratic,2000,48000,0.8965,0.0013,0.9032,0.0014,0.9035,0.0012,0.4267,0.0109,0.4750,0.0080,0.4494,0.0056,0.6763,0.0025
dpmpp2m,8,16,3,0.0157,0.0006,polar3,polar,2000,48000,0.9413,0.0028,0.9487,0.0026,0.9485,0.0026,0.4740,0.0068,0.4750,0.0098,0.4744,0.0072,0.7116,0.0044
dpmpp2m,8,16,3,0.0157,0.0006,knn,knn,5000,120000,0.5567,0.0017,0.5613,0.0016,0.5717,0.0020,0.0808,0.0025,0.2685,0.0026,0.1242,0.0028,0.3427,0.0006
dpmpp2m,8,16,3,0.0157,0.0006,altered_knn,altered_knn,5000,80000,0.7515,0.0114,0.7592,0.0129,0.7873,0.0005,0.0486,0.0021,0.2655,0.0865,0.0804,0.0036,0.4198,0.0053
dpmpp2m,8,16,3,0.0157,0.0006,quadratic,quadratic,5000,120000,0.8984,0.0013,0.9051,0.0014,0.9054,0.0012,0.4317,0.0137,0.4777,0.0067,0.4533,0.0075,0.6792,0.0037
dpmpp2m,8,16,3,0.0157,0.0006,polar3,polar,5000,120000,0.9476,0.0022,0.9551,0.0019,0.9545,0.0020,0.5006,0.0052,0.4744,0.0103,0.4871,0.0075,0.7211,0.0042
dpmpp2m,8,16,3,0.0157,0.0006,knn,knn,10000,240000,0.5851,0.0016,0.5901,0.0014,0.5992,0.0017,0.0934,0.0029,0.2756,0.0048,0.1395,0.0026,0.3648,0.0009
dpmpp2m,8,16,3,0.0157,0.0006,altered_knn,altered_knn,10000,160000,0.7799,0.0028,0.7900,0.0029,0.8005,0.0011,0.0550,0.0022,0.1491,0.0199,0.0800,0.0039,0.4350,0.0019
dpmpp2m,8,16,3,0.0157,0.0006,quadratic,quadratic,10000,240000,0.9021,0.0017,0.9090,0.0017,0.9086,0.0017,0.4613,0.0122,0.4687,0.0056,0.4648,0.0060,0.6869,0.0026
dpmpp2m,8,16,3,0.0157,0.0006,polar3,polar,10000,240000,0.9507,0.0020,0.9583,0.0016,0.9574,0.0019,0.5171,0.0061,0.4739,0.0122,0.4945,0.0086,0.7264,0.0047
dpmpp2m,8,16,3,0.0157,0.0006,knn,knn,15000,360000,0.6003,0.0007,0.6054,0.0005,0.6139,0.0009,0.1023,0.0050,0.2842,0.0023,0.1503,0.0050,0.3778,0.0023
dpmpp2m,8,16,3,0.0157,0.0006,altered_knn,altered_knn,15000,240000,0.7948,0.0006,0.8064,0.0011,0.8064,0.0014,0.0630,0.0029,0.0678,0.0145,0.0646,0.0066,0.4355,0.0033
dpmpp2m,8,16,3,0.0157,0.0006,quadratic,quadratic,15000,360000,0.9096,0.0026,0.9169,0.0024,0.9156,0.0026,0.5236,0.0116,0.4520,0.0074,0.4850,0.0042,0.7010,0.0009
dpmpp2m,8,16,3,0.0157,0.0006,polar3,polar,15000,360000,0.9527,0.0022,0.9603,0.0018,0.9593,0.0020,0.5326,0.0058,0.4748,0.0124,0.5020,0.0075,0.7311,0.0042
dpmpp2m,8,16,3,0.0157,0.0006,knn,knn,20000,480000,0.6100,0.0010,0.6153,0.0008,0.6233,0.0011,0.1065,0.0046,0.2817,0.0033,0.1545,0.0044,0.3849,0.0020
dpmpp2m,8,16,3,0.0157,0.0006,altered_knn,altered_knn,20000,320000,0.7726,0.0148,0.7807,0.0170,0.8091,0.0022,0.0505,0.0062,0.2661,0.0996,0.0809,0.0004,0.4308,0.0084
dpmpp2m,8,16,3,0.0157,0.0006,quadratic,quadratic,20000,480000,0.9129,0.0027,0.9204,0.0025,0.9187,0.0027,0.5499,0.0111,0.4447,0.0071,0.4916,0.0038,0.7060,0.0006
dpmpp2m,8,16,3,0.0157,0.0006,polar3,polar,20000,480000,0.9538,0.0021,0.9614,0.0018,0.9603,0.0020,0.5390,0.0057,0.4742,0.0117,0.5044,0.0076,0.7329,0.0042
dpmpp2m,16,2,3,0.0147,0.0004,knn,knn,2000,6000,0.7861,0.0006,0.7976,0.0010,0.7916,0.0007,0.3451,0.0756,0.0131,0.0040,0.0252,0.0077,0.4114,0.0040
dpmpp2m,16,2,3,0.0147,0.0004,altered_knn,altered_knn,2000,4000,0.7431,0.0915,0.7478,0.0952,0.8367,0.0545,0.0286,0.0031,0.4255,0.1670,0.0526,0.0039,0.4002,0.0495
dpmpp2m,16,2,3,0.0147,0.0004,quadratic,quadratic,2000,6000,0.9751,0.0003,0.9842,0.0003,0.9798,0.0002,0.9110,0.0136,0.3626,0.0135,0.5186,0.0160,0.7514,0.0079
dpmpp2m,16,2,3,0.0147,0.0004,polar3,polar,2000,6000,0.9767,0.0009,0.9820,0.0012,0.9799,0.0008,0.8815,0.0417,0.6175,0.0075,0.7256,0.0093,0.8538,0.0052
dpmpp2m,16,2,3,0.0147,0.0004,knn,knn,5000,15000,0.7902,0.0016,0.8018,0.0019,0.7959,0.0017,0.4027,0.0586,0.0113,0.0024,0.0221,0.0045,0.4119,0.0021
dpmpp2m,16,2,3,0.0147,0.0004,altered_knn,altered_knn,5000,10000,0.8583,0.0058,0.8684,0.0064,0.9004,0.0019,0.0316,0.0011,0.1829,0.0266,0.0538,0.0015,0.4611,0.0028
dpmpp2m,16,2,3,0.0147,0.0004,quadratic,quadratic,5000,15000,0.9800,0.0006,0.9893,0.0011,0.9847,0.0009,0.9568,0.0114,0.3584,0.0168,0.5213,0.0195,0.7553,0.0092
dpmpp2m,16,2,3,0.0147,0.0004,polar3,polar,5000,15000,0.9880,0.0011,0.9922,0.0015,0.9915,0.0005,0.7889,0.1082,0.7011,0.0167,0.7383,0.0406,0.8652,0.0209
dpmpp2m,16,2,3,0.0147,0.0004,knn,knn,10000,30000,0.7968,0.0027,0.8085,0.0030,0.8022,0.0029,0.4604,0.1301,0.0102,0.0032,0.0200,0.0062,0.4143,0.0034
dpmpp2m,16,2,3,0.0147,0.0004,altered_knn,altered_knn,10000,20000,0.8280,0.0467,0.8363,0.0492,0.8870,0.0210,0.0323,0.0032,0.2730,0.1202,0.0563,0.0042,0.4463,0.0256
dpmpp2m,16,2,3,0.0147,0.0004,quadratic,quadratic,10000,30000,0.9817,0.0003,0.9912,0.0004,0.9865,0.0003,0.9645,0.0106,0.3500,0.0075,0.5136,0.0096,0.7524,0.0047
dpmpp2m,16,2,3,0.0147,0.0004,polar3,polar,10000,30000,0.9905,0.0007,0.9946,0.0008,0.9935,0.0003,0.8409,0.0620,0.7171,0.0128,0.7729,0.0258,0.8837,0.0133
dpmpp2m,16,2,3,0.0147,0.0004,knn,knn,15000,45000,0.7983,0.0027,0.8100,0.0031,0.8036,0.0031,0.5541,0.0903,0.0141,0.0012,0.0275,0.0024,0.4188,0.0004
dpmpp2m,16,2,3,0.0147,0.0004,altered_knn,altered_knn,15000,30000,0.7958,0.0423,0.8022,0.0444,0.8723,0.0198,0.0314,0.0022,0.3632,0.1040,0.0571,0.0020,0.4296,0.0229
dpmpp2m,16,2,3,0.0147,0.0004,quadratic,quadratic,15000,45000,0.9832,0.0002,0.9925,0.0005,0.9879,0.0004,0.9700,0.0055,0.3579,0.0041,0.5228,0.0052,0.7577,0.0024
dpmpp2m,16,2,3,0.0147,0.0004,polar3,polar,15000,45000,0.9905,0.0007,0.9945,0.0009,0.9936,0.0005,0.8264,0.0575,0.7241,0.0133,0.7709,0.0252,0.8827,0.0129
dpmpp2m,16,2,3,0.0147,0.0004,knn,knn,20000,60000,0.7985,0.0016,0.8103,0.0019,0.8038,0.0019,0.4037,0.0683,0.0075,0.0007,0.0147,0.0015,0.4125,0.0004
dpmpp2m,16,2,3,0.0147,0.0004,altered_knn,altered_knn,20000,40000,0.8336,0.0445,0.8425,0.0471,0.8885,0.0191,0.0302,0.0038,0.2384,0.1223,0.0521,0.0060,0.4473,0.0236
dpmpp2m,16,2,3,0.0147,0.0004,quadratic,quadratic,20000,60000,0.9837,0.0001,0.9932,0.0004,0.9885,0.0002,0.9696,0.0099,0.3513,0.0051,0.5157,0.0067,0.7544,0.0032
dpmpp2m,16,2,3,0.0147,0.0004,polar3,polar,20000,60000,0.9911,0.0005,0.9951,0.0007,0.9939,0.0004,0.8605,0.0409,0.7239,0.0148,0.7859,0.0203,0.8905,0.0103
dpmpp2m,16,4,3,0.0138,0.0003,knn,knn,2000,12000,0.6191,0.0011,0.6273,0.0010,0.6233,0.0010,0.1743,0.0249,0.0313,0.0025,0.0528,0.0033,0.3400,0.0021
dpmpp2m,16,4,3,0.0138,0.0003,altered_knn,altered_knn,2000,8000,0.8136,0.0235,0.8228,0.0252,0.8388,0.0074,0.0472,0.0094,0.1535,0.0969,0.0646,0.0047,0.4437,0.0134
dpmpp2m,16,4,3,0.0138,0.0003,quadratic,quadratic,2000,12000,0.9535,0.0024,0.9607,0.0025,0.9574,0.0025,0.8408,0.0012,0.4399,0.0091,0.5775,0.0080,0.7691,0.0029
dpmpp2m,16,4,3,0.0138,0.0003,polar3,polar,2000,12000,0.9533,0.0008,0.9583,0.0008,0.9597,0.0010,0.4810,0.0155,0.5977,0.0068,0.5330,0.0122,0.7456,0.0057
dpmpp2m,16,4,3,0.0138,0.0003,knn,knn,5000,30000,0.6304,0.0020,0.6388,0.0020,0.6347,0.0021,0.2216,0.0127,0.0338,0.0066,0.0585,0.0100,0.3486,0.0058
dpmpp2m,16,4,3,0.0138,0.0003,altered_knn,altered_knn,5000,20000,0.8329,0.0018,0.8434,0.0019,0.8480,0.0021,0.0466,0.0037,0.0815,0.0236,0.0576,0.0038,0.4505,0.0010
dpmpp2m,16,4,3,0.0138,0.0003,quadratic,quadratic,5000,30000,0.9614,0.0027,0.9688,0.0027,0.9653,0.0028,0.8829,0.0060,0.4341,0.0013,0.5820,0.0021,0.7754,0.0003
dpmpp2m,16,4,3,0.0138,0.0003,polar3,polar,5000,30000,0.9733,0.0021,0.9782,0.0021,0.9791,0.0016,0.5464,0.0388,0.6238,0.0123,0.5816,0.0202,0.7799,0.0112
dpmpp2m,16,4,3,0.0138,0.0003,knn,knn,10000,60000,0.6425,0.0013,0.6510,0.0015,0.6466,0.0012,0.2303,0.0122,0.0298,0.0030,0.0527,0.0045,0.3519,0.0022
dpmpp2m,16,4,3,0.0138,0.0003,altered_knn,altered_knn,10000,40000,0.8137,0.0309,0.8229,0.0331,0.8435,0.0077,0.0421,0.0094,0.1528,0.1180,0.0558,0.0018,0.4393,0.0174
dpmpp2m,16,4,3,0.0138,0.0003,quadratic,quadratic,10000,60000,0.9643,0.0032,0.9718,0.0032,0.9682,0.0033,0.8951,0.0056,0.4281,0.0068,0.5792,0.0072,0.7755,0.0029
dpmpp2m,16,4,3,0.0138,0.0003,polar3,polar,10000,60000,0.9774,0.0024,0.9823,0.0024,0.9832,0.0020,0.5493,0.0332,0.6237,0.0134,0.5834,0.0164,0.7828,0.0094
dpmpp2m,16,4,3,0.0138,0.0003,knn,knn,15000,90000,0.6462,0.0009,0.6548,0.0010,0.6504,0.0007,0.2474,0.0223,0.0287,0.0014,0.0514,0.0025,0.3531,0.0017
dpmpp2m,16,4,3,0.0138,0.0003,altered_knn,altered_knn,15000,60000,0.8174,0.0195,0.8268,0.0210,0.8459,0.0051,0.0378,0.0054,0.1491,0.0779,0.0562,0.0005,0.4415,0.0107
dpmpp2m,16,4,3,0.0138,0.0003,quadratic,quadratic,15000,90000,0.9651,0.0032,0.9726,0.0033,0.9690,0.0033,0.8995,0.0024,0.4271,0.0072,0.5792,0.0071,0.7759,0.0025
dpmpp2m,16,4,3,0.0138,0.0003,polar3,polar,15000,90000,0.9783,0.0020,0.9832,0.0022,0.9840,0.0017,0.5546,0.0306,0.6237,0.0143,0.5862,0.0120,0.7847,0.0071
dpmpp2m,16,4,3,0.0138,0.0003,knn,knn,20000,120000,0.6504,0.0023,0.6591,0.0024,0.6547,0.0023,0.2678,0.0154,0.0291,0.0040,0.0525,0.0068,0.3558,0.0040
dpmpp2m,16,4,3,0.0138,0.0003,altered_knn,altered_knn,20000,80000,0.8242,0.0165,0.8340,0.0177,0.8468,0.0030,0.0423,0.0052,0.1207,0.0828,0.0551,0.0055,0.4446,0.0063
dpmpp2m,16,4,3,0.0138,0.0003,quadratic,quadratic,20000,120000,0.9655,0.0031,0.9730,0.0031,0.9694,0.0032,0.9021,0.0062,0.4257,0.0069,0.5785,0.0074,0.7757,0.0024
dpmpp2m,16,4,3,0.0138,0.0003,polar3,polar,20000,120000,0.9793,0.0014,0.9843,0.0016,0.9848,0.0013,0.5726,0.0129,0.6244,0.0152,0.5971,0.0012,0.7907,0.0013
dpmpp2m,16,8,3,0.0146,0.0002,knn,knn,2000,24000,0.4929,0.0028,0.4990,0.0028,0.4970,0.0026,0.1078,0.0152,0.0768,0.0031,0.0890,0.0035,0.2940,0.0029
dpmpp2m,16,8,3,0.0146,0.0002,altered_knn,altered_knn,2000,16000,0.7586,0.0113,0.7668,0.0128,0.7864,0.0008,0.0482,0.0033,0.2069,0.0928,0.0751,0.0027,0.4209,0.0056
dpmpp2m,16,8,3,0.0146,0.0002,quadratic,quadratic,2000,24000,0.9234,0.0037,0.9302,0.0039,0.9276,0.0038,0.7127,0.0133,0.4614,0.0063,0.5600,0.0019,0.7451,0.0025
dpmpp2m,16,8,3,0.0146,0.0002,polar3,polar,2000,24000,0.9435,0.0024,0.9497,0.0024,0.9476,0.0024,0.7104,0.0135,0.5312,0.0104,0.6078,0.0094,0.7787,0.0054
dpmpp2m,16,8,3,0.0146,0.0002,knn,knn,5000,60000,0.5084,0.0030,0.5148,0.0032,0.5126,0.0030,0.1171,0.0071,0.0733,0.0011,0.0900,0.0018,0.3024,0.0023
dpmpp2m,16,8,3,0.0146,0.0002,altered_knn,altered_knn,5000,40000,0.7594,0.0175,0.7678,0.0194,0.7898,0.0025,0.0467,0.0096,0.2001,0.1063,0.0658,0.0060,0.4168,0.0083
dpmpp2m,16,8,3,0.0146,0.0002,quadratic,quadratic,5000,60000,0.9322,0.0037,0.9391,0.0039,0.9364,0.0038,0.7399,0.0152,0.4675,0.0063,0.5728,0.0026,0.7560,0.0029
dpmpp2m,16,8,3,0.0146,0.0002,polar3,polar,5000,60000,0.9605,0.0019,0.9669,0.0019,0.9645,0.0019,0.7650,0.0096,0.5281,0.0109,0.6248,0.0106,0.7959,0.0056
dpmpp2m,16,8,3,0.0146,0.0002,knn,knn,10000,120000,0.5218,0.0036,0.5285,0.0037,0.5261,0.0034,0.1333,0.0091,0.0723,0.0014,0.0937,0.0035,0.3111,0.0036
dpmpp2m,16,8,3,0.0146,0.0002,altered_knn,altered_knn,10000,80000,0.7679,0.0119,0.7771,0.0130,0.7923,0.0031,0.0430,0.0047,0.1520,0.0630,0.0640,0.0025,0.4205,0.0056
dpmpp2m,16,8,3,0.0146,0.0002,quadratic,quadratic,10000,120000,0.9349,0.0037,0.9418,0.0039,0.9390,0.0038,0.7552,0.0128,0.4680,0.0098,0.5777,0.0056,0.7598,0.0033
dpmpp2m,16,8,3,0.0146,0.0002,polar3,polar,10000,120000,0.9661,0.0018,0.9726,0.0018,0.9701,0.0018,0.7907,0.0034,0.5282,0.0099,0.6333,0.0071,0.8029,0.0035
dpmpp2m,16,8,3,0.0146,0.0002,knn,knn,15000,180000,0.5283,0.0038,0.5351,0.0040,0.5325,0.0036,0.1429,0.0079,0.0708,0.0021,0.0945,0.0016,0.3148,0.0025
dpmpp2m,16,8,3,0.0146,0.0002,altered_knn,altered_knn,15000,120000,0.7734,0.0110,0.7830,0.0122,0.7928,0.0023,0.0476,0.0062,0.1201,0.0799,0.0588,0.0120,0.4209,0.0024
dpmpp2m,16,8,3,0.0146,0.0002,quadratic,quadratic,15000,180000,0.9361,0.0039,0.9431,0.0040,0.9402,0.0039,0.7644,0.0166,0.4682,0.0084,0.5805,0.0045,0.7618,0.0036
dpmpp2m,16,8,3,0.0146,0.0002,polar3,polar,15000,180000,0.9681,0.0016,0.9746,0.0017,0.9721,0.0017,0.8019,0.0011,0.5287,0.0098,0.6372,0.0073,0.8059,0.0035
dpmpp2m,16,8,3,0.0146,0.0002,knn,knn,20000,240000,0.5331,0.0039,0.5400,0.0041,0.5374,0.0038,0.1503,0.0066,0.0709,0.0013,0.0963,0.0005,0.3181,0.0020
dpmpp2m,16,8,3,0.0146,0.0002,altered_knn,altered_knn,20000,160000,0.7662,0.0125,0.7749,0.0141,0.7932,0.0011,0.0473,0.0064,0.1807,0.1026,0.0635,0.0139,0.4192,0.0008
dpmpp2m,16,8,3,0.0146,0.0002,quadratic,quadratic,20000,240000,0.9390,0.0040,0.9462,0.0042,0.9430,0.0040,0.7998,0.0145,0.4558,0.0090,0.5805,0.0056,0.7634,0.0035
dpmpp2m,16,8,3,0.0146,0.0002,polar3,polar,20000,240000,0.9698,0.0017,0.9763,0.0018,0.9735,0.0018,0.8480,0.0017,0.5326,0.0095,0.6543,0.0074,0.8153,0.0034
dpmpp2m,16,16,3,0.0155,0.0001,knn,knn,2000,48000,0.3953,0.0021,0.3996,0.0021,0.4003,0.0015,0.0701,0.0050,0.1240,0.0030,0.0894,0.0039,0.2445,0.0030
dpmpp2m,16,16,3,0.0155,0.0001,altered_knn,altered_knn,2000,32000,0.7239,0.0045,0.7322,0.0055,0.7461,0.0029,0.0587,0.0055,0.1934,0.0596,0.0875,0.0022,0.4099,0.0032
dpmpp2m,16,16,3,0.0155,0.0001,quadratic,quadratic,2000,48000,0.9063,0.0045,0.9133,0.0045,0.9118,0.0046,0.5615,0.0005,0.4603,0.0022,0.5059,0.0015,0.7096,0.0030
dpmpp2m,16,16,3,0.0155,0.0001,polar3,polar,2000,48000,0.9329,0.0022,0.9402,0.0021,0.9373,0.0022,0.7441,0.0123,0.4723,0.0036,0.5778,0.0051,0.7590,0.0035
dpmpp2m,16,16,3,0.0155,0.0001,knn,knn,5000,120000,0.4165,0.0045,0.4212,0.0046,0.4216,0.0043,0.0809,0.0057,0.1224,0.0011,0.0972,0.0039,0.2592,0.0032
dpmpp2m,16,16,3,0.0155,0.0001,altered_knn,altered_knn,5000,80000,0.7341,0.0028,0.7439,0.0036,0.7495,0.0040,0.0540,0.0028,0.1088,0.0597,0.0663,0.0178,0.4051,0.0071
dpmpp2m,16,16,3,0.0155,0.0001,quadratic,quadratic,5000,120000,0.9143,0.0047,0.9214,0.0047,0.9197,0.0048,0.5832,0.0015,0.4661,0.0032,0.5181,0.0026,0.7198,0.0036
dpmpp2m,16,16,3,0.0155,0.0001,polar3,polar,5000,120000,0.9467,0.0016,0.9543,0.0015,0.9511,0.0016,0.7951,0.0124,0.4659,0.0052,0.5875,0.0041,0.7709,0.0028
dpmpp2m,16,16,3,0.0155,0.0001,knn,knn,10000,240000,0.4338,0.0039,0.4388,0.0039,0.4388,0.0037,0.0906,0.0040,0.1174,0.0018,0.1022,0.0025,0.2705,0.0019
dpmpp2m,16,16,3,0.0155,0.0001,altered_knn,altered_knn,10000,160000,0.6978,0.0315,0.7034,0.0350,0.7452,0.0065,0.0445,0.0056,0.3383,0.1914,0.0695,0.0073,0.3865,0.0138
dpmpp2m,16,16,3,0.0155,0.0001,quadratic,quadratic,10000,240000,0.9209,0.0050,0.9282,0.0050,0.9258,0.0051,0.6417,0.0013,0.4567,0.0038,0.5336,0.0029,0.7309,0.0038
dpmpp2m,16,16,3,0.0155,0.0001,polar3,polar,10000,240000,0.9532,0.0012,0.9608,0.0011,0.9575,0.0012,0.8276,0.0111,0.4683,0.0063,0.5981,0.0067,0.7795,0.0039
dpmpp2m,16,16,3,0.0155,0.0001,knn,knn,15000,360000,0.4427,0.0033,0.4479,0.0033,0.4478,0.0031,0.0949,0.0027,0.1174,0.0020,0.1049,0.0008,0.2764,0.0019
dpmpp2m,16,16,3,0.0155,0.0001,altered_knn,altered_knn,15000,240000,0.7164,0.0266,0.7237,0.0294,0.7502,0.0060,0.0499,0.0065,0.2527,0.1542,0.0776,0.0019,0.4006,0.0156
dpmpp2m,16,16,3,0.0155,0.0001,quadratic,quadratic,15000,360000,0.9311,0.0047,0.9390,0.0047,0.9357,0.0048,0.7473,0.0027,0.4314,0.0023,0.5470,0.0014,0.7430,0.0029
dpmpp2m,16,16,3,0.0155,0.0001,polar3,polar,15000,360000,0.9564,0.0008,0.9639,0.0007,0.9605,0.0008,0.8461,0.0053,0.4759,0.0057,0.6092,0.0057,0.7866,0.0032
dpmpp2m,16,16,3,0.0155,0.0001,knn,knn,20000,480000,0.4487,0.0034,0.4539,0.0034,0.4539,0.0033,0.0961,0.0012,0.1168,0.0039,0.1055,0.0023,0.2797,0.0012
dpmpp2m,16,16,3,0.0155,0.0001,altered_knn,altered_knn,20000,320000,0.7206,0.0263,0.7283,0.0289,0.7512,0.0064,0.0540,0.0092,0.2302,0.1408,0.0800,0.0036,0.4042,0.0163
dpmpp2m,16,16,3,0.0155,0.0001,quadratic,quadratic,20000,480000,0.9371,0.0043,0.9452,0.0043,0.9416,0.0043,0.7982,0.0036,0.4204,0.0018,0.5507,0.0009,0.7480,0.0026
dpmpp2m,16,16,3,0.0155,0.0001,polar3,polar,20000,480000,0.9576,0.0008,0.9651,0.0007,0.9617,0.0008,0.8531,0.0054,0.4794,0.0064,0.6138,0.0060,0.7895,0.0033
dpmpp2m,32,2,3,0.0154,0.0007,knn,knn,2000,6000,0.7449,0.0042,0.7565,0.0044,0.7503,0.0043,0.1216,0.0431,0.0041,0.0010,0.0079,0.0019,0.3822,0.0020
dpmpp2m,32,2,3,0.0154,0.0007,altered_knn,altered_knn,2000,4000,0.7372,0.1216,0.7434,0.1264,0.8203,0.0738,0.0269,0.0039,0.3364,0.1895,0.0484,0.0049,0.3959,0.0654
dpmpp2m,32,2,3,0.0154,0.0007,quadratic,quadratic,2000,6000,0.9517,0.0007,0.9614,0.0008,0.9582,0.0008,0.5899,0.0068,0.3345,0.0033,0.4269,0.0045,0.6941,0.0021
dpmpp2m,32,2,3,0.0154,0.0007,polar3,polar,2000,6000,0.9624,0.0012,0.9696,0.0008,0.9662,0.0010,0.9047,0.0097,0.5024,0.0127,0.6459,0.0103,0.8077,0.0055
dpmpp2m,32,2,3,0.0154,0.0007,knn,knn,5000,15000,0.7571,0.0047,0.7689,0.0047,0.7626,0.0048,0.1308,0.0361,0.0031,0.0017,0.0061,0.0033,0.3875,0.0033
dpmpp2m,32,2,3,0.0154,0.0007,altered_knn,altered_knn,5000,10000,0.7575,0.0637,0.7642,0.0666,0.8456,0.0328,0.0260,0.0043,0.3323,0.1103,0.0472,0.0054,0.4057,0.0356
dpmpp2m,32,2,3,0.0154,0.0007,quadratic,quadratic,5000,15000,0.9683,0.0003,0.9785,0.0006,0.9738,0.0004,0.8108,0.0043,0.3176,0.0024,0.4564,0.0018,0.7174,0.0007
dpmpp2m,32,2,3,0.0154,0.0007,polar3,polar,5000,15000,0.9809,0.0013,0.9866,0.0019,0.9837,0.0016,0.9757,0.0031,0.6153,0.0184,0.7545,0.0145,0.8705,0.0064
dpmpp2m,32,2,3,0.0154,0.0007,knn,knn,10000,30000,0.7610,0.0047,0.7728,0.0045,0.7661,0.0047,0.2368,0.0606,0.0052,0.0014,0.0102,0.0027,0.3915,0.0036
dpmpp2m,32,2,3,0.0154,0.0007,altered_knn,altered_knn,10000,20000,0.7969,0.0415,0.8048,0.0438,0.8697,0.0205,0.0291,0.0031,0.3024,0.0845,0.0525,0.0041,0.4287,0.0239
dpmpp2m,32,2,3,0.0154,0.0007,quadratic,quadratic,10000,30000,0.9744,0.0004,0.9846,0.0005,0.9797,0.0003,0.8812,0.0161,0.3216,0.0062,0.4711,0.0044,0.7279,0.0020
dpmpp2m,32,2,3,0.0154,0.0007,polar3,polar,10000,30000,0.9893,0.0004,0.9939,0.0004,0.9916,0.0004,0.9895,0.0008,0.6904,0.0156,0.8132,0.0110,0.9036,0.0054
dpmpp2m,32,2,3,0.0154,0.0007,knn,knn,15000,45000,0.7627,0.0043,0.7746,0.0040,0.7679,0.0042,0.2782,0.0920,0.0046,0.0021,0.0091,0.0041,0.3919,0.0038
dpmpp2m,32,2,3,0.0154,0.0007,altered_knn,altered_knn,15000,30000,0.8668,0.0143,0.8785,0.0159,0.8991,0.0031,0.0295,0.0014,0.1214,0.0608,0.0447,0.0095,0.4616,0.0032
dpmpp2m,32,2,3,0.0154,0.0007,quadratic,quadratic,15000,45000,0.9767,0.0003,0.9871,0.0003,0.9821,0.0000,0.9002,0.0085,0.3155,0.0122,0.4671,0.0134,0.7271,0.0065
dpmpp2m,32,2,3,0.0154,0.0007,polar3,polar,15000,45000,0.9909,0.0005,0.9953,0.0005,0.9931,0.0004,0.9925,0.0024,0.7126,0.0191,0.8294,0.0134,0.9124,0.0067
dpmpp2m,32,2,3,0.0154,0.0007,knn,knn,20000,60000,0.7655,0.0034,0.7774,0.0030,0.7707,0.0032,0.1942,0.0810,0.0040,0.0020,0.0077,0.0038,0.3926,0.0025
dpmpp2m,32,2,3,0.0154,0.0007,altered_knn,altered_knn,20000,40000,0.8402,0.0091,0.8498,0.0092,0.8917,0.0040,0.0323,0.0015,0.2259,0.0227,0.0565,0.0027,0.4532,0.0038
dpmpp2m,32,2,3,0.0154,0.0007,quadratic,quadratic,20000,60000,0.9787,0.0004,0.9891,0.0004,0.9841,0.0003,0.9120,0.0034,0.3184,0.0123,0.4719,0.0137,0.7305,0.0068
dpmpp2m,32,2,3,0.0154,0.0007,polar3,polar,20000,60000,0.9914,0.0007,0.9957,0.0006,0.9935,0.0006,0.9925,0.0017,0.7155,0.0179,0.8314,0.0124,0.9136,0.0062
dpmpp2m,32,4,3,0.0152,0.0004,knn,knn,2000,12000,0.5649,0.0027,0.5734,0.0029,0.5684,0.0027,0.0997,0.0081,0.0158,0.0014,0.0272,0.0024,0.3003,0.0021
dpmpp2m,32,4,3,0.0152,0.0004,altered_knn,altered_knn,2000,8000,0.7153,0.0704,0.7218,0.0744,0.7833,0.0263,0.0330,0.0103,0.2906,0.2008,0.0402,0.0124,0.3810,0.0328
dpmpp2m,32,4,3,0.0152,0.0004,quadratic,quadratic,2000,12000,0.9228,0.0016,0.9315,0.0014,0.9283,0.0015,0.6395,0.0051,0.3569,0.0146,0.4578,0.0107,0.6947,0.0058
dpmpp2m,32,4,3,0.0152,0.0004,polar3,polar,2000,12000,0.9332,0.0016,0.9395,0.0018,0.9362,0.0018,0.9365,0.0105,0.5241,0.0154,0.6720,0.0154,0.8058,0.0072
dpmpp2m,32,4,3,0.0152,0.0004,knn,knn,5000,30000,0.5806,0.0020,0.5894,0.0019,0.5844,0.0020,0.1013,0.0051,0.0110,0.0015,0.0198,0.0025,0.3046,0.0018
dpmpp2m,32,4,3,0.0152,0.0004,altered_knn,altered_knn,5000,20000,0.8169,0.0029,0.8288,0.0031,0.8288,0.0010,0.0519,0.0048,0.0502,0.0268,0.0455,0.0151,0.4371,0.0060
dpmpp2m,32,4,3,0.0152,0.0004,quadratic,quadratic,5000,30000,0.9483,0.0006,0.9574,0.0006,0.9534,0.0006,0.7690,0.0153,0.3591,0.0110,0.4893,0.0090,0.7234,0.0047
dpmpp2m,32,4,3,0.0152,0.0004,polar3,polar,5000,30000,0.9672,0.0018,0.9730,0.0018,0.9700,0.0018,0.9824,0.0028,0.5930,0.0122,0.7395,0.0102,0.8563,0.0048
dpmpp2m,32,4,3,0.0152,0.0004,knn,knn,10000,60000,0.5903,0.0045,0.5992,0.0043,0.5940,0.0044,0.1307,0.0086,0.0122,0.0017,0.0223,0.0029,0.3107,0.0034
dpmpp2m,32,4,3,0.0152,0.0004,altered_knn,altered_knn,10000,40000,0.8007,0.0295,0.8108,0.0320,0.8305,0.0067,0.0464,0.0110,0.1529,0.1202,0.0589,0.0003,0.4348,0.0159
dpmpp2m,32,4,3,0.0152,0.0004,quadratic,quadratic,10000,60000,0.9587,0.0012,0.9680,0.0012,0.9638,0.0012,0.8192,0.0114,0.3622,0.0086,0.5022,0.0062,0.7351,0.0036
dpmpp2m,32,4,3,0.0152,0.0004,polar3,polar,10000,60000,0.9766,0.0011,0.9822,0.0011,0.9793,0.0011,0.9905,0.0036,0.6107,0.0137,0.7555,0.0110,0.8689,0.0054
dpmpp2m,32,4,3,0.0152,0.0004,knn,knn,15000,90000,0.5949,0.0033,0.6040,0.0031,0.5988,0.0032,0.1356,0.0169,0.0107,0.0011,0.0199,0.0021,0.3119,0.0024
dpmpp2m,32,4,3,0.0152,0.0004,altered_knn,altered_knn,15000,60000,0.8042,0.0027,0.8141,0.0030,0.8349,0.0003,0.0399,0.0023,0.1703,0.0201,0.0646,0.0041,0.4393,0.0015
dpmpp2m,32,4,3,0.0152,0.0004,quadratic,quadratic,15000,90000,0.9622,0.0009,0.9715,0.0011,0.9672,0.0010,0.8377,0.0066,0.3584,0.0036,0.5020,0.0033,0.7367,0.0022
dpmpp2m,32,4,3,0.0152,0.0004,polar3,polar,15000,90000,0.9792,0.0010,0.9848,0.0011,0.9819,0.0010,0.9918,0.0027,0.6162,0.0114,0.7601,0.0090,0.8724,0.0043
dpmpp2m,32,4,3,0.0152,0.0004,knn,knn,20000,120000,0.5991,0.0030,0.6082,0.0028,0.6031,0.0029,0.1415,0.0049,0.0112,0.0010,0.0207,0.0018,0.3144,0.0023
dpmpp2m,32,4,3,0.0152,0.0004,altered_knn,altered_knn,20000,80000,0.7836,0.0070,0.7916,0.0074,0.8296,0.0024,0.0383,0.0008,0.2662,0.0265,0.0669,0.0015,0.4293,0.0033
dpmpp2m,32,4,3,0.0152,0.0004,quadratic,quadratic,20000,120000,0.9642,0.0012,0.9736,0.0013,0.9692,0.0013,0.8489,0.0101,0.3568,0.0076,0.5023,0.0071,0.7380,0.0042
dpmpp2m,32,4,3,0.0152,0.0004,polar3,polar,20000,120000,0.9801,0.0004,0.9857,0.0006,0.9828,0.0005,0.9920,0.0029,0.6185,0.0119,0.7619,0.0094,0.8738,0.0044
dpmpp2m,32,8,3,0.0154,0.0002,knn,knn,2000,24000,0.4287,0.0034,0.4348,0.0035,0.4316,0.0034,0.0719,0.0025,0.0338,0.0028,0.0459,0.0027,0.2404,0.0014
dpmpp2m,32,8,3,0.0154,0.0002,altered_knn,altered_knn,2000,16000,0.7354,0.0161,0.7446,0.0178,0.7580,0.0030,0.0498,0.0091,0.1467,0.0921,0.0658,0.0030,0.4052,0.0074
dpmpp2m,32,8,3,0.0154,0.0002,quadratic,quadratic,2000,24000,0.8936,0.0016,0.9014,0.0016,0.8990,0.0016,0.5829,0.0068,0.3911,0.0015,0.4681,0.0013,0.6847,0.0013
dpmpp2m,32,8,3,0.0154,0.0002,polar3,polar,2000,24000,0.9255,0.0016,0.9322,0.0017,0.9286,0.0017,0.9477,0.0078,0.4960,0.0052,0.6511,0.0051,0.7917,0.0018
dpmpp2m,32,8,3,0.0154,0.0002,knn,knn,5000,60000,0.4447,0.0014,0.4511,0.0014,0.4475,0.0015,0.0838,0.0047,0.0326,0.0015,0.0470,0.0022,0.2490,0.0005
dpmpp2m,32,8,3,0.0154,0.0002,altered_knn,altered_knn,5000,40000,0.7443,0.0186,0.7527,0.0208,0.7740,0.0011,0.0529,0.0119,0.2086,0.1227,0.0730,0.0039,0.4128,0.0096
dpmpp2m,32,8,3,0.0154,0.0002,quadratic,quadratic,5000,60000,0.9251,0.0025,0.9333,0.0025,0.9302,0.0025,0.6908,0.0105,0.3960,0.0030,0.5034,0.0045,0.7183,0.0035
dpmpp2m,32,8,3,0.0154,0.0002,polar3,polar,5000,60000,0.9564,0.0029,0.9632,0.0030,0.9595,0.0031,0.9844,0.0018,0.5184,0.0042,0.6791,0.0032,0.8212,0.0018
dpmpp2m,32,8,3,0.0154,0.0002,knn,knn,10000,120000,0.4544,0.0014,0.4610,0.0014,0.4573,0.0014,0.0896,0.0070,0.0291,0.0021,0.0440,0.0032,0.2525,0.0021
dpmpp2m,32,8,3,0.0154,0.0002,altered_knn,altered_knn,10000,80000,0.7687,0.0071,0.7790,0.0082,0.7833,0.0010,0.0663,0.0086,0.1075,0.0619,0.0732,0.0099,0.4261,0.0013
dpmpp2m,32,8,3,0.0154,0.0002,quadratic,quadratic,10000,120000,0.9371,0.0026,0.9453,0.0026,0.9420,0.0026,0.7273,0.0081,0.4060,0.0034,0.5211,0.0031,0.7332,0.0029
dpmpp2m,32,8,3,0.0154,0.0002,polar3,polar,10000,120000,0.9642,0.0028,0.9711,0.0028,0.9674,0.0028,0.9897,0.0001,0.5228,0.0020,0.6842,0.0017,0.8276,0.0016
dpmpp2m,32,8,3,0.0154,0.0002,knn,knn,15000,180000,0.4595,0.0021,0.4662,0.0023,0.4625,0.0023,0.0958,0.0049,0.0293,0.0017,0.0449,0.0025,0.2556,0.0004
dpmpp2m,32,8,3,0.0154,0.0002,altered_knn,altered_knn,15000,120000,0.7696,0.0046,0.7798,0.0055,0.7852,0.0017,0.0630,0.0098,0.1108,0.0572,0.0703,0.0145,0.4251,0.0048
dpmpp2m,32,8,3,0.0154,0.0002,quadratic,quadratic,15000,180000,0.9411,0.0031,0.9495,0.0031,0.9460,0.0031,0.7445,0.0078,0.4038,0.0042,0.5236,0.0046,0.7365,0.0038
dpmpp2m,32,8,3,0.0154,0.0002,polar3,polar,15000,180000,0.9672,0.0022,0.9741,0.0023,0.9705,0.0023,0.9906,0.0003,0.5239,0.0014,0.6853,0.0013,0.8297,0.0008
dpmpp2m,32,8,3,0.0154,0.0002,knn,knn,20000,240000,0.4646,0.0027,0.4714,0.0028,0.4677,0.0029,0.1010,0.0054,0.0293,0.0019,0.0454,0.0029,0.2584,0.0004
dpmpp2m,32,8,3,0.0154,0.0002,altered_knn,altered_knn,20000,160000,0.7229,0.0548,0.7291,0.0587,0.7724,0.0198,0.0470,0.0104,0.3282,0.1890,0.0770,0.0108,0.4030,0.0348
dpmpp2m,32,8,3,0.0154,0.0002,quadratic,quadratic,20000,240000,0.9459,0.0035,0.9546,0.0036,0.9507,0.0036,0.7981,0.0100,0.3886,0.0015,0.5227,0.0027,0.7387,0.0032
dpmpp2m,32,8,3,0.0154,0.0002,polar3,polar,20000,240000,0.9682,0.0023,0.9751,0.0024,0.9715,0.0024,0.9906,0.0002,0.5241,0.0026,0.6855,0.0022,0.8303,0.0009
dpmpp2m,32,16,3,0.0162,0.0006,knn,knn,2000,48000,0.3241,0.0031,0.3285,0.0033,0.3260,0.0030,0.0587,0.0008,0.0569,0.0020,0.0578,0.0013,0.1932,0.0013
dpmpp2m,32,16,3,0.0162,0.0006,altered_knn,altered_knn,2000,32000,0.7014,0.0049,0.7109,0.0061,0.7162,0.0020,0.0661,0.0054,0.1268,0.0441,0.0827,0.0088,0.3968,0.0019
dpmpp2m,32,16,3,0.0162,0.0006,quadratic,quadratic,2000,48000,0.8700,0.0010,0.8775,0.0013,0.8763,0.0011,0.4785,0.0116,0.4172,0.0081,0.4456,0.0052,0.6616,0.0030
dpmpp2m,32,16,3,0.0162,0.0006,polar3,polar,2000,48000,0.9154,0.0011,0.9231,0.0014,0.9189,0.0013,0.9602,0.0056,0.4545,0.0126,0.6168,0.0107,0.7700,0.0047
dpmpp2m,32,16,3,0.0162,0.0006,knn,knn,5000,120000,0.3385,0.0026,0.3432,0.0028,0.3404,0.0024,0.0628,0.0023,0.0528,0.0013,0.0574,0.0017,0.2003,0.0021
dpmpp2m,32,16,3,0.0162,0.0006,altered_knn,altered_knn,5000,80000,0.7197,0.0052,0.7297,0.0066,0.7325,0.0012,0.0799,0.0100,0.1151,0.0558,0.0869,0.0091,0.4083,0.0015
dpmpp2m,32,16,3,0.0162,0.0006,quadratic,quadratic,5000,120000,0.9034,0.0023,0.9112,0.0027,0.9093,0.0024,0.5557,0.0119,0.4329,0.0107,0.4865,0.0073,0.6988,0.0042
dpmpp2m,32,16,3,0.0162,0.0006,polar3,polar,5000,120000,0.9390,0.0013,0.9470,0.0018,0.9427,0.0015,0.9778,0.0048,0.4504,0.0111,0.6166,0.0095,0.7818,0.0039
dpmpp2m,32,16,3,0.0162,0.0006,knn,knn,10000,240000,0.3491,0.0016,0.3541,0.0018,0.3513,0.0014,0.0712,0.0034,0.0510,0.0008,0.0594,0.0018,0.2067,0.0018
dpmpp2m,32,16,3,0.0162,0.0006,altered_knn,altered_knn,10000,160000,0.7260,0.0014,0.7363,0.0017,0.7381,0.0023,0.0771,0.0066,0.0967,0.0445,0.0780,0.0206,0.4072,0.0095
dpmpp2m,32,16,3,0.0162,0.0006,quadratic,quadratic,10000,240000,0.9201,0.0023,0.9284,0.0028,0.9255,0.0025,0.6550,0.0136,0.4203,0.0109,0.5119,0.0090,0.7201,0.0046
dpmpp2m,32,16,3,0.0162,0.0006,polar3,polar,10000,240000,0.9484,0.0014,0.9566,0.0018,0.9523,0.0016,0.9824,0.0030,0.4506,0.0120,0.6177,0.0107,0.7872,0.0045
dpmpp2m,32,16,3,0.0162,0.0006,knn,knn,15000,360000,0.3556,0.0024,0.3606,0.0026,0.3578,0.0022,0.0737,0.0043,0.0492,0.0017,0.0590,0.0026,0.2098,0.0026
dpmpp2m,32,16,3,0.0162,0.0006,altered_knn,altered_knn,15000,240000,0.7098,0.0257,0.7181,0.0293,0.7370,0.0041,0.0649,0.0160,0.2149,0.1820,0.0773,0.0099,0.3977,0.0138
dpmpp2m,32,16,3,0.0162,0.0006,quadratic,quadratic,15000,360000,0.9332,0.0022,0.9423,0.0027,0.9380,0.0024,0.8059,0.0148,0.3811,0.0094,0.5173,0.0090,0.7298,0.0041
dpmpp2m,32,16,3,0.0162,0.0006,polar3,polar,15000,360000,0.9503,0.0005,0.9585,0.0009,0.9541,0.0007,0.9855,0.0037,0.4560,0.0122,0.6234,0.0106,0.7910,0.0049
dpmpp2m,32,16,3,0.0162,0.0006,knn,knn,20000,480000,0.3597,0.0028,0.3648,0.0030,0.3621,0.0027,0.0763,0.0048,0.0488,0.0017,0.0596,0.0027,0.2122,0.0027
dpmpp2m,32,16,3,0.0162,0.0006,altered_knn,altered_knn,20000,320000,0.7231,0.0055,0.7326,0.0069,0.7403,0.0010,0.0674,0.0084,0.1475,0.0640,0.0844,0.0127,0.4085,0.0036
dpmpp2m,32,16,3,0.0162,0.0006,quadratic,quadratic,20000,480000,0.9408,0.0021,0.9503,0.0026,0.9457,0.0023,0.8751,0.0101,0.3693,0.0109,0.5193,0.0104,0.7348,0.0046
dpmpp2m,32,16,3,0.0162,0.0006,polar3,polar,20000,480000,0.9534,0.0010,0.9614,0.0015,0.9574,0.0012,0.9352,0.0119,0.4705,0.0135,0.6258,0.0096,0.7936,0.0041
dpmpp2m,64,2,3,0.0177,0.0004,knn,knn,2000,6000,0.7098,0.0058,0.7225,0.0058,0.7153,0.0061,0.0790,0.0246,0.0034,0.0011,0.0065,0.0022,0.3645,0.0021
dpmpp2m,64,2,3,0.0177,0.0004,altered_knn,altered_knn,2000,4000,0.7966,0.0061,0.8072,0.0064,0.8507,0.0027,0.0303,0.0036,0.2037,0.0372,0.0527,0.0067,0.4300,0.0031
dpmpp2m,64,2,3,0.0177,0.0004,quadratic,quadratic,2000,6000,0.6058,0.0025,0.6101,0.0026,0.6908,0.0041,0.0262,0.0005,0.3668,0.0038,0.0490,0.0008,0.3296,0.0017
dpmpp2m,64,2,3,0.0177,0.0004,polar3,polar,2000,6000,0.9400,0.0024,0.9492,0.0029,0.9451,0.0025,0.8290,0.0176,0.4258,0.0225,0.5620,0.0171,0.7556,0.0076
dpmpp2m,64,2,3,0.0177,0.0004,knn,knn,5000,15000,0.7207,0.0035,0.7337,0.0036,0.7265,0.0037,0.0824,0.0298,0.0026,0.0009,0.0051,0.0017,0.3694,0.0014
dpmpp2m,64,2,3,0.0177,0.0004,altered_knn,altered_knn,5000,10000,0.7680,0.0702,0.7771,0.0738,0.8408,0.0363,0.0286,0.0035,0.2631,0.1241,0.0503,0.0049,0.4137,0.0380
dpmpp2m,64,2,3,0.0177,0.0004,quadratic,quadratic,5000,15000,0.9168,0.0009,0.9271,0.0012,0.9299,0.0014,0.2558,0.0130,0.3404,0.0116,0.2921,0.0127,0.6096,0.0062
dpmpp2m,64,2,3,0.0177,0.0004,polar3,polar,5000,15000,0.9657,0.0014,0.9739,0.0019,0.9698,0.0016,0.9628,0.0088,0.5104,0.0165,0.6669,0.0127,0.8204,0.0054
dpmpp2m,64,2,3,0.0177,0.0004,knn,knn,10000,30000,0.7270,0.0027,0.7400,0.0026,0.7326,0.0027,0.0682,0.0013,0.0017,0.0000,0.0033,0.0001,0.3717,0.0013
dpmpp2m,64,2,3,0.0177,0.0004,altered_knn,altered_knn,10000,20000,0.7844,0.0704,0.7942,0.0737,0.8524,0.0357,0.0299,0.0046,0.2418,0.1123,0.0515,0.0053,0.4229,0.0392
dpmpp2m,64,2,3,0.0177,0.0004,quadratic,quadratic,10000,30000,0.9470,0.0006,0.9583,0.0006,0.9555,0.0006,0.4738,0.0137,0.3195,0.0083,0.3815,0.0091,0.6699,0.0048
dpmpp2m,64,2,3,0.0177,0.0004,polar3,polar,10000,30000,0.9793,0.0006,0.9861,0.0001,0.9827,0.0004,0.9859,0.0055,0.6018,0.0171,0.7472,0.0118,0.8667,0.0060
dpmpp2m,64,2,3,0.0177,0.0004,knn,knn,15000,45000,0.7320,0.0030,0.7452,0.0028,0.7377,0.0030,0.0555,0.0223,0.0015,0.0007,0.0030,0.0014,0.3741,0.0021
dpmpp2m,64,2,3,0.0177,0.0004,altered_knn,altered_knn,15000,30000,0.7455,0.1175,0.7531,0.1227,0.8281,0.0712,0.0298,0.0045,0.3152,0.1749,0.0526,0.0052,0.4029,0.0634
dpmpp2m,64,2,3,0.0177,0.0004,quadratic,quadratic,15000,45000,0.9559,0.0001,0.9673,0.0003,0.9635,0.0003,0.5740,0.0186,0.3216,0.0132,0.4121,0.0142,0.6897,0.0070
dpmpp2m,64,2,3,0.0177,0.0004,polar3,polar,15000,45000,0.9850,0.0005,0.9910,0.0001,0.9879,0.0002,0.9945,0.0008,0.6511,0.0199,0.7868,0.0144,0.8889,0.0072
dpmpp2m,64,2,3,0.0177,0.0004,knn,knn,20000,60000,0.7334,0.0019,0.7466,0.0018,0.7392,0.0019,0.0294,0.0416,0.0006,0.0008,0.0011,0.0016,0.3739,0.0010
dpmpp2m,64,2,3,0.0177,0.0004,altered_knn,altered_knn,20000,40000,0.8408,0.0045,0.8530,0.0044,0.8838,0.0035,0.0337,0.0024,0.1637,0.0073,0.0558,0.0037,0.4544,0.0037
dpmpp2m,64,2,3,0.0177,0.0004,quadratic,quadratic,20000,60000,0.9614,0.0004,0.9727,0.0006,0.9686,0.0007,0.6378,0.0245,0.3320,0.0028,0.4366,0.0080,0.7047,0.0038
dpmpp2m,64,2,3,0.0177,0.0004,polar3,polar,20000,60000,0.9865,0.0007,0.9922,0.0006,0.9893,0.0006,0.9950,0.0023,0.6711,0.0166,0.8015,0.0112,0.8968,0.0056
dpmpp2m,64,4,3,0.0170,0.0005,knn,knn,2000,12000,0.5144,0.0032,0.5231,0.0030,0.5180,0.0027,0.0530,0.0006,0.0101,0.0001,0.0170,0.0001,0.2700,0.0014
dpmpp2m,64,4,3,0.0170,0.0005,altered_knn,altered_knn,2000,8000,0.7539,0.0098,0.7661,0.0112,0.7704,0.0003,0.0404,0.0181,0.0533,0.0521,0.0305,0.0134,0.3983,0.0011
dpmpp2m,64,4,3,0.0170,0.0005,quadratic,quadratic,2000,12000,0.7088,0.0035,0.7153,0.0036,0.7402,0.0026,0.0685,0.0042,0.3348,0.0088,0.1137,0.0061,0.4145,0.0044
dpmpp2m,64,4,3,0.0170,0.0005,polar3,polar,2000,12000,0.9129,0.0087,0.9209,0.0086,0.9167,0.0086,0.9605,0.0020,0.4457,0.0121,0.6088,0.0116,0.7648,0.0084
dpmpp2m,64,4,3,0.0170,0.0005,knn,knn,5000,30000,0.5279,0.0019,0.5369,0.0018,0.5316,0.0015,0.0594,0.0084,0.0088,0.0013,0.0154,0.0023,0.2761,0.0020
dpmpp2m,64,4,3,0.0170,0.0005,altered_knn,altered_knn,5000,20000,0.7728,0.0062,0.7850,0.0073,0.7910,0.0009,0.0351,0.0039,0.0646,0.0352,0.0413,0.0089,0.4132,0.0030
dpmpp2m,64,4,3,0.0170,0.0005,quadratic,quadratic,5000,30000,0.8875,0.0015,0.8968,0.0017,0.8965,0.0016,0.3635,0.0036,0.3497,0.0024,0.3565,0.0019,0.6266,0.0012
dpmpp2m,64,4,3,0.0170,0.0005,polar3,polar,5000,30000,0.9505,0.0027,0.9576,0.0025,0.9538,0.0026,0.9880,0.0017,0.5362,0.0126,0.6951,0.0107,0.8263,0.0064
dpmpp2m,64,4,3,0.0170,0.0005,knn,knn,10000,60000,0.5378,0.0018,0.5469,0.0016,0.5414,0.0013,0.0667,0.0082,0.0082,0.0012,0.0145,0.0021,0.2807,0.0012
dpmpp2m,64,4,3,0.0170,0.0005,altered_knn,altered_knn,10000,40000,0.7672,0.0272,0.7781,0.0288,0.8001,0.0075,0.0344,0.0035,0.1327,0.0851,0.0488,0.0059,0.4134,0.0122
dpmpp2m,64,4,3,0.0170,0.0005,quadratic,quadratic,10000,60000,0.9231,0.0014,0.9330,0.0016,0.9304,0.0015,0.5165,0.0023,0.3506,0.0075,0.4177,0.0053,0.6753,0.0019
dpmpp2m,64,4,3,0.0170,0.0005,polar3,polar,10000,60000,0.9671,0.0015,0.9736,0.0012,0.9702,0.0013,0.9960,0.0013,0.5945,0.0117,0.7445,0.0092,0.8590,0.0052
dpmpp2m,64,4,3,0.0170,0.0005,knn,knn,15000,90000,0.5441,0.0024,0.5534,0.0022,0.5477,0.0019,0.0637,0.0061,0.0067,0.0006,0.0121,0.0010,0.2828,0.0016
dpmpp2m,64,4,3,0.0170,0.0005,altered_knn,altered_knn,15000,60000,0.7781,0.0263,0.7893,0.0280,0.8073,0.0062,0.0398,0.0060,0.1228,0.0864,0.0528,0.0022,0.4211,0.0130
dpmpp2m,64,4,3,0.0170,0.0005,quadratic,quadratic,15000,90000,0.9354,0.0011,0.9456,0.0014,0.9425,0.0012,0.5612,0.0024,0.3451,0.0067,0.4274,0.0051,0.6865,0.0019
dpmpp2m,64,4,3,0.0170,0.0005,polar3,polar,15000,90000,0.9704,0.0013,0.9766,0.0011,0.9734,0.0012,0.9973,0.0011,0.6122,0.0147,0.7586,0.0109,0.8676,0.0059
dpmpp2m,64,4,3,0.0170,0.0005,knn,knn,20000,120000,0.5471,0.0020,0.5564,0.0018,0.5509,0.0014,0.0698,0.0042,0.0073,0.0003,0.0131,0.0006,0.2848,0.0009
dpmpp2m,64,4,3,0.0170,0.0005,altered_knn,altered_knn,20000,80000,0.7643,0.0553,0.7746,0.0588,0.8041,0.0169,0.0401,0.0084,0.1607,0.1612,0.0485,0.0037,0.4116,0.0278
dpmpp2m,64,4,3,0.0170,0.0005,quadratic,quadratic,20000,120000,0.9422,0.0011,0.9524,0.0013,0.9490,0.0012,0.5932,0.0048,0.3490,0.0026,0.4394,0.0012,0.6959,0.0006
dpmpp2m,64,4,3,0.0170,0.0005,polar3,polar,20000,120000,0.9739,0.0024,0.9801,0.0026,0.9768,0.0025,0.9982,0.0006,0.6187,0.0111,0.7639,0.0083,0.8720,0.0029
dpmpp2m,64,8,3,0.0177,0.0003,knn,knn,2000,24000,0.3679,0.0026,0.3742,0.0025,0.3706,0.0018,0.0455,0.0026,0.0224,0.0006,0.0300,0.0010,0.2021,0.0013
dpmpp2m,64,8,3,0.0177,0.0003,altered_knn,altered_knn,2000,16000,0.6793,0.0152,0.6899,0.0167,0.6996,0.0023,0.0411,0.0065,0.0929,0.0673,0.0482,0.0066,0.3690,0.0064
dpmpp2m,64,8,3,0.0177,0.0003,quadratic,quadratic,2000,24000,0.7086,0.0020,0.7155,0.0019,0.7259,0.0020,0.1252,0.0010,0.3274,0.0028,0.1811,0.0009,0.4483,0.0011
dpmpp2m,64,8,3,0.0177,0.0003,polar3,polar,2000,24000,0.8994,0.0027,0.9075,0.0027,0.9030,0.0027,0.9728,0.0061,0.4486,0.0033,0.6141,0.0041,0.7608,0.0023
dpmpp2m,64,8,3,0.0177,0.0003,knn,knn,5000,60000,0.3829,0.0013,0.3895,0.0013,0.3858,0.0007,0.0477,0.0008,0.0200,0.0008,0.0282,0.0010,0.2088,0.0002
dpmpp2m,64,8,3,0.0177,0.0003,altered_knn,altered_knn,5000,40000,0.6939,0.0184,0.7036,0.0201,0.7242,0.0017,0.0420,0.0097,0.1512,0.0810,0.0580,0.0014,0.3808,0.0097
dpmpp2m,64,8,3,0.0177,0.0003,quadratic,quadratic,5000,60000,0.8528,0.0008,0.8617,0.0008,0.8610,0.0008,0.3947,0.0064,0.3604,0.0053,0.3768,0.0054,0.6192,0.0023
dpmpp2m,64,8,3,0.0177,0.0003,polar3,polar,5000,60000,0.9401,0.0018,0.9480,0.0017,0.9438,0.0018,0.9932,0.0011,0.5031,0.0018,0.6679,0.0017,0.8079,0.0010
dpmpp2m,64,8,3,0.0177,0.0003,knn,knn,10000,120000,0.3933,0.0017,0.4001,0.0017,0.3961,0.0011,0.0522,0.0030,0.0184,0.0016,0.0272,0.0021,0.2136,0.0018
dpmpp2m,64,8,3,0.0177,0.0003,altered_knn,altered_knn,10000,80000,0.6932,0.0009,0.7012,0.0008,0.7411,0.0007,0.0357,0.0007,0.2504,0.0093,0.0624,0.0014,0.3818,0.0007
dpmpp2m,64,8,3,0.0177,0.0003,quadratic,quadratic,10000,120000,0.8956,0.0012,0.9051,0.0011,0.9026,0.0012,0.5193,0.0088,0.3669,0.0054,0.4300,0.0060,0.6675,0.0028
dpmpp2m,64,8,3,0.0177,0.0003,polar3,polar,10000,120000,0.9532,0.0023,0.9611,0.0022,0.9569,0.0023,0.9961,0.0008,0.5183,0.0011,0.6818,0.0011,0.8215,0.0006
dpmpp2m,64,8,3,0.0177,0.0003,knn,knn,15000,180000,0.3995,0.0021,0.4064,0.0020,0.4025,0.0015,0.0542,0.0014,0.0178,0.0014,0.0267,0.0016,0.2166,0.0016
dpmpp2m,64,8,3,0.0177,0.0003,altered_knn,altered_knn,15000,120000,0.7255,0.0155,0.7363,0.0175,0.7510,0.0007,0.0429,0.0065,0.1284,0.0928,0.0567,0.0076,0.3965,0.0053
dpmpp2m,64,8,3,0.0177,0.0003,quadratic,quadratic,15000,180000,0.9113,0.0010,0.9211,0.0009,0.9182,0.0010,0.5682,0.0103,0.3684,0.0050,0.4470,0.0052,0.6840,0.0024
dpmpp2m,64,8,3,0.0177,0.0003,polar3,polar,15000,180000,0.9565,0.0021,0.9644,0.0020,0.9602,0.0021,0.9969,0.0011,0.5211,0.0014,0.6845,0.0011,0.8244,0.0011
dpmpp2m,64,8,3,0.0177,0.0003,knn,knn,20000,240000,0.4037,0.0015,0.4107,0.0014,0.4069,0.0009,0.0540,0.0026,0.0167,0.0008,0.0256,0.0012,0.2181,0.0002
dpmpp2m,64,8,3,0.0177,0.0003,altered_knn,altered_knn,20000,160000,0.7467,0.0014,0.7593,0.0013,0.7574,0.0008,0.0631,0.0051,0.0480,0.0134,0.0533,0.0099,0.4063,0.0046
dpmpp2m,64,8,3,0.0177,0.0003,quadratic,quadratic,20000,240000,0.9232,0.0008,0.9335,0.0007,0.9296,0.0008,0.6532,0.0043,0.3542,0.0048,0.4593,0.0050,0.6964,0.0023
dpmpp2m,64,8,3,0.0177,0.0003,polar3,polar,20000,240000,0.9588,0.0014,0.9667,0.0014,0.9625,0.0014,0.9966,0.0009,0.5209,0.0008,0.6842,0.0008,0.8254,0.0004
dpmpp2m,64,16,3,0.0185,0.0004,knn,knn,2000,48000,0.2649,0.0009,0.2692,0.0008,0.2661,0.0005,0.0421,0.0021,0.0387,0.0023,0.0403,0.0022,0.1548,0.0014
dpmpp2m,64,16,3,0.0185,0.0004,altered_knn,altered_knn,2000,32000,0.6322,0.0082,0.6428,0.0097,0.6469,0.0029,0.0494,0.0079,0.0685,0.0771,0.0356,0.0197,0.3392,0.0053
dpmpp2m,64,16,3,0.0185,0.0004,quadratic,quadratic,2000,48000,0.6940,0.0011,0.7006,0.0012,0.7095,0.0011,0.1449,0.0029,0.3407,0.0031,0.2033,0.0024,0.4520,0.0017
dpmpp2m,64,16,3,0.0185,0.0004,polar3,polar,2000,48000,0.8881,0.0010,0.8965,0.0012,0.8919,0.0011,0.9788,0.0025,0.4414,0.0050,0.6084,0.0045,0.7525,0.0017
dpmpp2m,64,16,3,0.0185,0.0004,knn,knn,5000,120000,0.2787,0.0001,0.2833,0.0001,0.2800,0.0001,0.0445,0.0006,0.0352,0.0004,0.0393,0.0005,0.1613,0.0003
dpmpp2m,64,16,3,0.0185,0.0004,altered_knn,altered_knn,5000,80000,0.6623,0.0074,0.6733,0.0085,0.6774,0.0010,0.0508,0.0062,0.0757,0.0609,0.0479,0.0186,0.3606,0.0059
dpmpp2m,64,16,3,0.0185,0.0004,quadratic,quadratic,5000,120000,0.8290,0.0007,0.8373,0.0008,0.8382,0.0007,0.3458,0.0050,0.3852,0.0018,0.3644,0.0023,0.6009,0.0013
dpmpp2m,64,16,3,0.0185,0.0004,polar3,polar,5000,120000,0.9267,0.0030,0.9358,0.0032,0.9309,0.0031,0.9926,0.0011,0.4485,0.0030,0.6178,0.0027,0.7768,0.0003
dpmpp2m,64,16,3,0.0185,0.0004,knn,knn,10000,240000,0.2875,0.0011,0.2923,0.0010,0.2891,0.0008,0.0467,0.0024,0.0331,0.0015,0.0387,0.0018,0.1655,0.0014
dpmpp2m,64,16,3,0.0185,0.0004,altered_knn,altered_knn,10000,160000,0.6813,0.0039,0.6922,0.0043,0.6984,0.0019,0.0518,0.0050,0.0984,0.0320,0.0647,0.0060,0.3785,0.0014
dpmpp2m,64,16,3,0.0185,0.0004,quadratic,quadratic,10000,240000,0.8798,0.0009,0.8892,0.0008,0.8871,0.0009,0.5066,0.0096,0.3802,0.0008,0.4344,0.0040,0.6618,0.0020
dpmpp2m,64,16,3,0.0185,0.0004,polar3,polar,10000,240000,0.9392,0.0025,0.9483,0.0027,0.9435,0.0026,0.9936,0.0015,0.4518,0.0033,0.6211,0.0029,0.7847,0.0001
dpmpp2m,64,16,3,0.0185,0.0004,knn,knn,15000,360000,0.2933,0.0016,0.2982,0.0016,0.2950,0.0015,0.0469,0.0014,0.0309,0.0008,0.0373,0.0010,0.1678,0.0005
dpmpp2m,64,16,3,0.0185,0.0004,altered_knn,altered_knn,15000,240000,0.6941,0.0032,0.7061,0.0035,0.7060,0.0017,0.0654,0.0154,0.0580,0.0319,0.0520,0.0185,0.3790,0.0078
dpmpp2m,64,16,3,0.0185,0.0004,quadratic,quadratic,15000,360000,0.9076,0.0011,0.9184,0.0010,0.9137,0.0011,0.7358,0.0076,0.3387,0.0023,0.4638,0.0007,0.6911,0.0006
dpmpp2m,64,16,3,0.0185,0.0004,polar3,polar,15000,360000,0.9454,0.0014,0.9547,0.0015,0.9498,0.0014,0.9937,0.0011,0.4550,0.0031,0.6242,0.0028,0.7894,0.0009
dpmpp2m,64,16,3,0.0185,0.0004,knn,knn,20000,480000,0.2974,0.0011,0.3024,0.0011,0.2990,0.0010,0.0507,0.0031,0.0321,0.0021,0.0393,0.0025,0.1708,0.0016
dpmpp2m,64,16,3,0.0185,0.0004,altered_knn,altered_knn,20000,320000,0.6958,0.0090,0.7070,0.0102,0.7122,0.0007,0.0612,0.0080,0.0987,0.0661,0.0655,0.0101,0.3863,0.0010
dpmpp2m,64,16,3,0.0185,0.0004,quadratic,quadratic,20000,480000,0.9215,0.0014,0.9328,0.0013,0.9273,0.0014,0.8448,0.0042,0.3178,0.0044,0.4618,0.0041,0.6973,0.0022
dpmpp2m,64,16,3,0.0185,0.0004,polar3,polar,20000,480000,0.9484,0.0013,0.9576,0.0015,0.9527,0.0014,0.9941,0.0010,0.4553,0.0044,0.6246,0.0039,0.7911,0.0015
dpmpp2m,128,2,3,0.0196,0.0003,knn,knn,2000,6000,0.6859,0.0030,0.6995,0.0029,0.6918,0.0028,0.0618,0.0179,0.0030,0.0007,0.0058,0.0013,0.3527,0.0008
dpmpp2m,128,2,3,0.0196,0.0003,altered_knn,altered_knn,2000,4000,0.7041,0.1147,0.7130,0.1203,0.7876,0.0692,0.0238,0.0012,0.2553,0.1665,0.0420,0.0013,0.3775,0.0598
dpmpp2m,128,2,3,0.0196,0.0003,quadratic,quadratic,2000,6000,0.3945,0.0040,0.3955,0.0043,0.4693,0.0042,0.0207,0.0006,0.3460,0.0084,0.0391,0.0011,0.2173,0.0021
dpmpp2m,128,2,3,0.0196,0.0003,polar3,polar,2000,6000,0.9294,0.0020,0.9397,0.0022,0.9360,0.0022,0.6821,0.0328,0.4172,0.0238,0.5176,0.0272,0.7287,0.0131
dpmpp2m,128,2,3,0.0196,0.0003,knn,knn,5000,15000,0.6950,0.0013,0.7088,0.0011,0.7011,0.0012,0.0614,0.0273,0.0025,0.0008,0.0049,0.0016,0.3569,0.0005
dpmpp2m,128,2,3,0.0196,0.0003,altered_knn,altered_knn,5000,10000,0.6570,0.1254,0.6628,0.1312,0.7648,0.0822,0.0256,0.0022,0.3680,0.1706,0.0465,0.0023,0.3546,0.0664
dpmpp2m,128,2,3,0.0196,0.0003,quadratic,quadratic,5000,15000,0.4368,0.0035,0.4384,0.0036,0.5240,0.0039,0.0206,0.0004,0.3572,0.0028,0.0390,0.0007,0.2387,0.0017
dpmpp2m,128,2,3,0.0196,0.0003,polar3,polar,5000,15000,0.9478,0.0030,0.9573,0.0030,0.9526,0.0030,0.9239,0.0083,0.4750,0.0106,0.6274,0.0110,0.7924,0.0058
dpmpp2m,128,2,3,0.0196,0.0003,knn,knn,10000,30000,0.7028,0.0005,0.7168,0.0006,0.7087,0.0005,0.0547,0.0130,0.0015,0.0004,0.0030,0.0008,0.3599,0.0007
dpmpp2m,128,2,3,0.0196,0.0003,altered_knn,altered_knn,10000,20000,0.6591,0.0368,0.6646,0.0385,0.7808,0.0254,0.0243,0.0007,0.3865,0.0467,0.0457,0.0010,0.3551,0.0197
dpmpp2m,128,2,3,0.0196,0.0003,quadratic,quadratic,10000,30000,0.6895,0.0014,0.6958,0.0016,0.7705,0.0011,0.0350,0.0006,0.3734,0.0086,0.0640,0.0011,0.3799,0.0010
dpmpp2m,128,2,3,0.0196,0.0003,polar3,polar,10000,30000,0.9624,0.0021,0.9709,0.0020,0.9665,0.0020,0.9812,0.0013,0.5396,0.0165,0.6961,0.0134,0.8335,0.0074
dpmpp2m,128,2,3,0.0196,0.0003,knn,knn,15000,45000,0.7058,0.0022,0.7199,0.0021,0.7118,0.0022,0.0504,0.0021,0.0015,0.0000,0.0030,0.0000,0.3614,0.0011
dpmpp2m,128,2,3,0.0196,0.0003,altered_knn,altered_knn,15000,30000,0.6837,0.1172,0.6906,0.1230,0.7876,0.0734,0.0252,0.0016,0.3412,0.1722,0.0454,0.0016,0.3680,0.0616
dpmpp2m,128,2,3,0.0196,0.0003,quadratic,quadratic,15000,45000,0.8284,0.0020,0.8369,0.0021,0.8733,0.0016,0.0789,0.0007,0.4078,0.0066,0.1322,0.0013,0.4845,0.0011
dpmpp2m,128,2,3,0.0196,0.0003,polar3,polar,15000,45000,0.9662,0.0006,0.9739,0.0006,0.9699,0.0006,0.9933,0.0006,0.5827,0.0142,0.7344,0.0115,0.8542,0.0057
dpmpp2m,128,2,3,0.0196,0.0003,knn,knn,20000,60000,0.7091,0.0020,0.7233,0.0019,0.7151,0.0019,0.0697,0.0352,0.0017,0.0009,0.0033,0.0017,0.3633,0.0008
dpmpp2m,128,2,3,0.0196,0.0003,altered_knn,altered_knn,20000,40000,0.7322,0.1252,0.7415,0.1319,0.8135,0.0753,0.0252,0.0027,0.2649,0.2067,0.0438,0.0051,0.3927,0.0647
dpmpp2m,128,2,3,0.0196,0.0003,quadratic,quadratic,20000,60000,0.8799,0.0020,0.8895,0.0020,0.9092,0.0016,0.1267,0.0065,0.4005,0.0102,0.1925,0.0087,0.5410,0.0052
dpmpp2m,128,2,3,0.0196,0.0003,polar3,polar,20000,60000,0.9728,0.0007,0.9800,0.0008,0.9762,0.0007,0.9972,0.0029,0.6155,0.0135,0.7611,0.0107,0.8705,0.0053
dpmpp2m,128,4,3,0.0179,0.0003,knn,knn,2000,12000,0.4715,0.0025,0.4800,0.0026,0.4749,0.0028,0.0357,0.0070,0.0086,0.0020,0.0138,0.0032,0.2469,0.0023
dpmpp2m,128,4,3,0.0179,0.0003,altered_knn,altered_knn,2000,8000,0.6708,0.0134,0.6802,0.0143,0.7193,0.0047,0.0222,0.0004,0.1564,0.0347,0.0387,0.0010,0.3595,0.0067
dpmpp2m,128,4,3,0.0179,0.0003,quadratic,quadratic,2000,12000,0.2952,0.0017,0.2938,0.0019,0.3565,0.0016,0.0184,0.0005,0.3731,0.0081,0.0350,0.0010,0.1644,0.0009
dpmpp2m,128,4,3,0.0179,0.0003,polar3,polar,2000,12000,0.9070,0.0028,0.9156,0.0028,0.9110,0.0028,0.9548,0.0089,0.4314,0.0025,0.5943,0.0037,0.7550,0.0023
dpmpp2m,128,4,3,0.0179,0.0003,knn,knn,5000,30000,0.4864,0.0011,0.4951,0.0010,0.4897,0.0011,0.0456,0.0037,0.0089,0.0009,0.0150,0.0015,0.2550,0.0012
dpmpp2m,128,4,3,0.0179,0.0003,altered_knn,altered_knn,5000,20000,0.7077,0.0446,0.7186,0.0477,0.7447,0.0107,0.0254,0.0025,0.1151,0.1233,0.0321,0.0068,0.3753,0.0205
dpmpp2m,128,4,3,0.0179,0.0003,quadratic,quadratic,5000,30000,0.4368,0.0015,0.4386,0.0016,0.5061,0.0015,0.0217,0.0003,0.3398,0.0065,0.0409,0.0005,0.2397,0.0009
dpmpp2m,128,4,3,0.0179,0.0003,polar3,polar,5000,30000,0.9355,0.0024,0.9428,0.0024,0.9388,0.0024,0.9930,0.0014,0.5320,0.0025,0.6928,0.0024,0.8178,0.0007
dpmpp2m,128,4,3,0.0179,0.0003,knn,knn,10000,60000,0.4960,0.0009,0.5049,0.0011,0.4995,0.0009,0.0395,0.0036,0.0061,0.0005,0.0106,0.0008,0.2578,0.0007
dpmpp2m,128,4,3,0.0179,0.0003,altered_knn,altered_knn,10000,40000,0.6536,0.0949,0.6609,0.1004,0.7267,0.0442,0.0229,0.0013,0.2548,0.2030,0.0354,0.0084,0.3482,0.0473
dpmpp2m,128,4,3,0.0179,0.0003,quadratic,quadratic,10000,60000,0.7409,0.0008,0.7477,0.0009,0.7771,0.0007,0.0716,0.0014,0.3700,0.0062,0.1200,0.0023,0.4338,0.0008
dpmpp2m,128,4,3,0.0179,0.0003,polar3,polar,10000,60000,0.9579,0.0021,0.9642,0.0021,0.9608,0.0021,0.9980,0.0009,0.6134,0.0021,0.7598,0.0014,0.8620,0.0014
dpmpp2m,128,4,3,0.0179,0.0003,knn,knn,15000,90000,0.5004,0.0017,0.5094,0.0017,0.5037,0.0017,0.0382,0.0058,0.0056,0.0009,0.0098,0.0015,0.2596,0.0015
dpmpp2m,128,4,3,0.0179,0.0003,altered_knn,altered_knn,15000,60000,0.7382,0.0063,0.7499,0.0065,0.7704,0.0027,0.0242,0.0003,0.0959,0.0142,0.0385,0.0016,0.3942,0.0025
dpmpp2m,128,4,3,0.0179,0.0003,quadratic,quadratic,15000,90000,0.8241,0.0013,0.8319,0.0012,0.8474,0.0015,0.1312,0.0007,0.3945,0.0065,0.1970,0.0015,0.5144,0.0012
dpmpp2m,128,4,3,0.0179,0.0003,polar3,polar,15000,90000,0.9659,0.0017,0.9715,0.0017,0.9685,0.0017,0.9987,0.0009,0.6557,0.0059,0.7916,0.0043,0.8816,0.0015
dpmpp2m,128,4,3,0.0179,0.0003,knn,knn,20000,120000,0.5032,0.0015,0.5122,0.0014,0.5066,0.0015,0.0444,0.0020,0.0061,0.0004,0.0108,0.0006,0.2615,0.0004
dpmpp2m,128,4,3,0.0179,0.0003,altered_knn,altered_knn,20000,80000,0.7144,0.0259,0.7243,0.0273,0.7676,0.0077,0.0239,0.0006,0.1709,0.0609,0.0413,0.0011,0.3828,0.0132
dpmpp2m,128,4,3,0.0179,0.0003,quadratic,quadratic,20000,120000,0.8594,0.0011,0.8680,0.0013,0.8782,0.0012,0.1691,0.0019,0.3858,0.0060,0.2351,0.0025,0.5516,0.0009
dpmpp2m,128,4,3,0.0179,0.0003,polar3,polar,20000,120000,0.9693,0.0005,0.9747,0.0005,0.9718,0.0005,0.9993,0.0007,0.6719,0.0024,0.8036,0.0017,0.8891,0.0010
dpmpp2m,128,8,3,0.0173,0.0001,knn,knn,2000,24000,0.3211,0.0002,0.3264,0.0002,0.3228,0.0005,0.0312,0.0039,0.0205,0.0025,0.0248,0.0031,0.1756,0.0014
dpmpp2m,128,8,3,0.0173,0.0001,altered_knn,altered_knn,2000,16000,0.5406,0.0866,0.5455,0.0919,0.6030,0.0392,0.0227,0.0025,0.2640,0.2165,0.0375,0.0019,0.2915,0.0453
dpmpp2m,128,8,3,0.0173,0.0001,quadratic,quadratic,2000,24000,0.2996,0.0011,0.2978,0.0011,0.3624,0.0014,0.0189,0.0002,0.4024,0.0058,0.0361,0.0004,0.1670,0.0005
dpmpp2m,128,8,3,0.0173,0.0001,polar3,polar,2000,24000,0.8805,0.0033,0.8875,0.0034,0.8833,0.0035,0.9811,0.0015,0.4847,0.0076,0.6488,0.0065,0.7681,0.0038
dpmpp2m,128,8,3,0.0173,0.0001,knn,knn,5000,60000,0.3338,0.0013,0.3394,0.0013,0.3357,0.0008,0.0314,0.0012,0.0188,0.0011,0.0235,0.0012,0.1815,0.0006
dpmpp2m,128,8,3,0.0173,0.0001,altered_knn,altered_knn,5000,40000,0.6214,0.0265,0.6297,0.0286,0.6604,0.0038,0.0232,0.0008,0.1458,0.0965,0.0354,0.0072,0.3326,0.0109
dpmpp2m,128,8,3,0.0173,0.0001,quadratic,quadratic,5000,60000,0.4819,0.0010,0.4846,0.0011,0.5349,0.0007,0.0280,0.0006,0.3290,0.0058,0.0517,0.0010,0.2681,0.0005
dpmpp2m,128,8,3,0.0173,0.0001,polar3,polar,5000,60000,0.9283,0.0044,0.9346,0.0043,0.9310,0.0044,0.9945,0.0007,0.5715,0.0070,0.7258,0.0054,0.8302,0.0048
dpmpp2m,128,8,3,0.0173,0.0001,knn,knn,10000,120000,0.3438,0.0010,0.3496,0.0010,0.3455,0.0005,0.0331,0.0014,0.0159,0.0011,0.0215,0.0013,0.1855,0.0004
dpmpp2m,128,8,3,0.0173,0.0001,altered_knn,altered_knn,10000,80000,0.6568,0.0163,0.6670,0.0176,0.6809,0.0022,0.0232,0.0008,0.0793,0.0619,0.0290,0.0120,0.3480,0.0037
dpmpp2m,128,8,3,0.0173,0.0001,quadratic,quadratic,10000,120000,0.7242,0.0006,0.7302,0.0006,0.7467,0.0007,0.1082,0.0014,0.3829,0.0013,0.1687,0.0018,0.4494,0.0008
dpmpp2m,128,8,3,0.0173,0.0001,polar3,polar,10000,120000,0.9507,0.0019,0.9565,0.0019,0.9533,0.0019,0.9968,0.0010,0.6170,0.0111,0.7622,0.0082,0.8594,0.0043
dpmpp2m,128,8,3,0.0173,0.0001,knn,knn,15000,180000,0.3485,0.0010,0.3543,0.0010,0.3504,0.0005,0.0349,0.0016,0.0160,0.0005,0.0220,0.0007,0.1881,0.0006
dpmpp2m,128,8,3,0.0173,0.0001,altered_knn,altered_knn,15000,120000,0.6270,0.0431,0.6344,0.0460,0.6824,0.0108,0.0246,0.0029,0.2076,0.1317,0.0370,0.0077,0.3357,0.0201
dpmpp2m,128,8,3,0.0173,0.0001,quadratic,quadratic,15000,180000,0.8002,0.0012,0.8073,0.0012,0.8160,0.0009,0.1784,0.0059,0.3991,0.0064,0.2465,0.0063,0.5269,0.0037
dpmpp2m,128,8,3,0.0173,0.0001,polar3,polar,15000,180000,0.9572,0.0029,0.9630,0.0029,0.9598,0.0029,0.9980,0.0006,0.6255,0.0111,0.7689,0.0082,0.8660,0.0048
dpmpp2m,128,8,3,0.0173,0.0001,knn,knn,20000,240000,0.3519,0.0006,0.3578,0.0006,0.3537,0.0006,0.0369,0.0011,0.0161,0.0008,0.0224,0.0010,0.1901,0.0003
dpmpp2m,128,8,3,0.0173,0.0001,altered_knn,altered_knn,20000,160000,0.6244,0.0325,0.6311,0.0346,0.6870,0.0098,0.0241,0.0017,0.2438,0.0881,0.0430,0.0021,0.3371,0.0177
dpmpp2m,128,8,3,0.0173,0.0001,quadratic,quadratic,20000,240000,0.8429,0.0007,0.8508,0.0006,0.8546,0.0006,0.2581,0.0012,0.3916,0.0057,0.3111,0.0025,0.5810,0.0012
dpmpp2m,128,8,3,0.0173,0.0001,polar3,polar,20000,240000,0.9578,0.0015,0.9635,0.0016,0.9605,0.0016,0.9974,0.0006,0.6336,0.0113,0.7749,0.0084,0.8692,0.0037
dpmpp2m,128,16,3,0.0157,0.0004,knn,knn,2000,48000,0.2155,0.0003,0.2183,0.0004,0.2158,0.0003,0.0266,0.0007,0.0361,0.0005,0.0306,0.0006,0.1245,0.0005
dpmpp2m,128,16,3,0.0157,0.0004,altered_knn,altered_knn,2000,32000,0.4898,0.0731,0.4937,0.0781,0.5397,0.0256,0.0209,0.0012,0.2382,0.2404,0.0343,0.0028,0.2640,0.0380
dpmpp2m,128,16,3,0.0157,0.0004,quadratic,quadratic,2000,48000,0.3456,0.0007,0.3444,0.0008,0.4140,0.0005,0.0191,0.0006,0.4224,0.0050,0.0366,0.0011,0.1905,0.0002
dpmpp2m,128,16,3,0.0157,0.0004,polar3,polar,2000,48000,0.8657,0.0012,0.8706,0.0014,0.8676,0.0012,0.9714,0.0034,0.5563,0.0159,0.7073,0.0125,0.7890,0.0061
dpmpp2m,128,16,3,0.0157,0.0004,knn,knn,5000,120000,0.2273,0.0004,0.2304,0.0004,0.2278,0.0004,0.0273,0.0019,0.0327,0.0015,0.0298,0.0017,0.1301,0.0007
dpmpp2m,128,16,3,0.0157,0.0004,altered_knn,altered_knn,5000,80000,0.5821,0.0028,0.5909,0.0030,0.5912,0.0015,0.0262,0.0023,0.0278,0.0204,0.0231,0.0072,0.3070,0.0021
dpmpp2m,128,16,3,0.0157,0.0004,quadratic,quadratic,5000,120000,0.5039,0.0010,0.5065,0.0011,0.5451,0.0013,0.0340,0.0013,0.3353,0.0063,0.0617,0.0022,0.2841,0.0006
dpmpp2m,128,16,3,0.0157,0.0004,polar3,polar,5000,120000,0.9126,0.0041,0.9175,0.0040,0.9145,0.0041,0.9889,0.0032,0.6077,0.0164,0.7527,0.0124,0.8351,0.0075
dpmpp2m,128,16,3,0.0157,0.0004,knn,knn,10000,240000,0.2361,0.0004,0.2394,0.0003,0.2364,0.0003,0.0281,0.0014,0.0290,0.0016,0.0285,0.0015,0.1340,0.0007
dpmpp2m,128,16,3,0.0157,0.0004,altered_knn,altered_knn,10000,160000,0.6013,0.0013,0.6102,0.0015,0.6142,0.0006,0.0233,0.0016,0.0444,0.0102,0.0304,0.0038,0.3203,0.0012
dpmpp2m,128,16,3,0.0157,0.0004,quadratic,quadratic,10000,240000,0.7026,0.0006,0.7074,0.0005,0.7196,0.0006,0.1283,0.0030,0.4021,0.0015,0.1946,0.0036,0.4510,0.0017
dpmpp2m,128,16,3,0.0157,0.0004,polar3,polar,10000,240000,0.9278,0.0036,0.9326,0.0037,0.9299,0.0036,0.9898,0.0037,0.6226,0.0149,0.7643,0.0110,0.8485,0.0060
dpmpp2m,128,16,3,0.0157,0.0004,knn,knn,15000,360000,0.2398,0.0003,0.2432,0.0004,0.2401,0.0003,0.0276,0.0019,0.0276,0.0007,0.0276,0.0013,0.1354,0.0008
dpmpp2m,128,16,3,0.0157,0.0004,altered_knn,altered_knn,15000,240000,0.5724,0.0589,0.5787,0.0631,0.6161,0.0138,0.0234,0.0037,0.1829,0.2018,0.0330,0.0053,0.3058,0.0302
dpmpp2m,128,16,3,0.0157,0.0004,quadratic,quadratic,15000,360000,0.8016,0.0008,0.8082,0.0009,0.8091,0.0008,0.3380,0.0065,0.3944,0.0061,0.3639,0.0027,0.5860,0.0018
dpmpp2m,128,16,3,0.0157,0.0004,polar3,polar,15000,360000,0.9400,0.0017,0.9449,0.0017,0.9422,0.0017,0.9895,0.0038,0.6306,0.0143,0.7702,0.0105,0.8576,0.0055
dpmpp2m,128,16,3,0.0157,0.0004,knn,knn,20000,480000,0.2428,0.0004,0.2462,0.0005,0.2431,0.0006,0.0287,0.0012,0.0278,0.0008,0.0282,0.0010,0.1372,0.0004
dpmpp2m,128,16,3,0.0157,0.0004,altered_knn,altered_knn,20000,320000,0.5749,0.0543,0.5804,0.0579,0.6278,0.0165,0.0225,0.0017,0.2306,0.1729,0.0387,0.0009,0.3096,0.0287
dpmpp2m,128,16,3,0.0157,0.0004,quadratic,quadratic,20000,480000,0.8463,0.0004,0.8538,0.0005,0.8519,0.0004,0.5065,0.0079,0.3776,0.0030,0.4326,0.0024,0.6432,0.0015
dpmpp2m,128,16,3,0.0157,0.0004,polar3,polar,20000,480000,0.9447,0.0002,0.9497,0.0003,0.9469,0.0002,0.9897,0.0044,0.6336,0.0155,0.7725,0.0114,0.8611,0.0056
dpmpp2m,256,2,3,0.0261,0.0008,knn,knn,2000,6000,0.6626,0.0025,0.6803,0.0025,0.6700,0.0024,0.0462,0.0168,0.0023,0.0008,0.0044,0.0016,0.3423,0.0020
dpmpp2m,256,2,3,0.0261,0.0008,altered_knn,altered_knn,2000,4000,0.7215,0.0737,0.7352,0.0788,0.7999,0.0390,0.0297,0.0012,0.2124,0.1171,0.0504,0.0022,0.3928,0.0385
dpmpp2m,256,2,3,0.0261,0.0008,quadratic,quadratic,2000,6000,0.3726,0.0011,0.3737,0.0011,0.4399,0.0009,0.0270,0.0012,0.3309,0.0040,0.0500,0.0021,0.2118,0.0014
dpmpp2m,256,2,3,0.0261,0.0008,polar3,polar,2000,6000,0.9120,0.0018,0.9258,0.0017,0.9221,0.0019,0.5608,0.0165,0.3970,0.0109,0.4647,0.0097,0.6952,0.0040
dpmpp2m,256,2,3,0.0261,0.0008,knn,knn,5000,15000,0.6752,0.0025,0.6932,0.0027,0.6831,0.0025,0.0594,0.0069,0.0019,0.0003,0.0037,0.0005,0.3485,0.0014
dpmpp2m,256,2,3,0.0261,0.0008,altered_knn,altered_knn,5000,10000,0.7440,0.0662,0.7588,0.0710,0.8185,0.0332,0.0293,0.0012,0.1938,0.1120,0.0491,0.0038,0.4040,0.0338
dpmpp2m,256,2,3,0.0261,0.0008,quadratic,quadratic,5000,15000,0.3728,0.0011,0.3733,0.0014,0.4468,0.0010,0.0266,0.0011,0.3533,0.0081,0.0495,0.0020,0.2114,0.0004
dpmpp2m,256,2,3,0.0261,0.0008,polar3,polar,5000,15000,0.9365,0.0011,0.9499,0.0009,0.9437,0.0009,0.8485,0.0197,0.4366,0.0157,0.5764,0.0168,0.7631,0.0088
dpmpp2m,256,2,3,0.0261,0.0008,knn,knn,10000,30000,0.6838,0.0028,0.7021,0.0029,0.6917,0.0029,0.0513,0.0323,0.0013,0.0007,0.0025,0.0014,0.3523,0.0007
dpmpp2m,256,2,3,0.0261,0.0008,altered_knn,altered_knn,10000,20000,0.6161,0.0734,0.6215,0.0781,0.7460,0.0554,0.0300,0.0008,0.4115,0.1013,0.0558,0.0023,0.3386,0.0379
dpmpp2m,256,2,3,0.0261,0.0008,quadratic,quadratic,10000,30000,0.3814,0.0030,0.3817,0.0033,0.4619,0.0036,0.0264,0.0008,0.3686,0.0116,0.0493,0.0015,0.2155,0.0017
dpmpp2m,256,2,3,0.0261,0.0008,polar3,polar,10000,30000,0.9502,0.0024,0.9623,0.0026,0.9561,0.0025,0.9618,0.0076,0.4982,0.0072,0.6563,0.0065,0.8093,0.0044
dpmpp2m,256,2,3,0.0261,0.0008,knn,knn,15000,45000,0.6861,0.0036,0.7044,0.0039,0.6940,0.0038,0.0572,0.0093,0.0013,0.0001,0.0025,0.0003,0.3534,0.0021
dpmpp2m,256,2,3,0.0261,0.0008,altered_knn,altered_knn,15000,30000,0.6244,0.0724,0.6306,0.0770,0.7529,0.0537,0.0300,0.0013,0.4003,0.0961,0.0556,0.0016,0.3431,0.0390
dpmpp2m,256,2,3,0.0261,0.0008,quadratic,quadratic,15000,45000,0.3998,0.0025,0.4003,0.0026,0.4840,0.0033,0.0273,0.0007,0.3804,0.0025,0.0510,0.0011,0.2256,0.0018
dpmpp2m,256,2,3,0.0261,0.0008,polar3,polar,15000,45000,0.9577,0.0013,0.9695,0.0016,0.9633,0.0015,0.9877,0.0024,0.5165,0.0032,0.6783,0.0033,0.8239,0.0024
dpmpp2m,256,2,3,0.0261,0.0008,knn,knn,20000,60000,0.6884,0.0027,0.7068,0.0031,0.6965,0.0028,0.0577,0.0203,0.0013,0.0005,0.0025,0.0010,0.3547,0.0011
dpmpp2m,256,2,3,0.0261,0.0008,altered_knn,altered_knn,20000,40000,0.6314,0.0783,0.6378,0.0827,0.7583,0.0582,0.0304,0.0016,0.3939,0.0854,0.0561,0.0020,0.3470,0.0423
dpmpp2m,256,2,3,0.0261,0.0008,quadratic,quadratic,20000,60000,0.4226,0.0025,0.4240,0.0029,0.5126,0.0034,0.0265,0.0008,0.3688,0.0153,0.0495,0.0015,0.2368,0.0015
dpmpp2m,256,2,3,0.0261,0.0008,polar3,polar,20000,60000,0.9618,0.0004,0.9733,0.0003,0.9673,0.0002,0.9925,0.0021,0.5332,0.0216,0.6934,0.0180,0.8334,0.0089
dpmpp2m,256,4,3,0.0224,0.0003,knn,knn,2000,12000,0.4419,0.0004,0.4518,0.0003,0.4458,0.0004,0.0352,0.0039,0.0088,0.0013,0.0140,0.0019,0.2329,0.0010
dpmpp2m,256,4,3,0.0224,0.0003,altered_knn,altered_knn,2000,8000,0.6598,0.0274,0.6718,0.0295,0.7014,0.0088,0.0285,0.0018,0.1316,0.0684,0.0446,0.0031,0.3582,0.0132
dpmpp2m,256,4,3,0.0224,0.0003,quadratic,quadratic,2000,12000,0.2180,0.0009,0.2120,0.0010,0.2735,0.0010,0.0231,0.0004,0.4772,0.0041,0.0441,0.0008,0.1281,0.0005
dpmpp2m,256,4,3,0.0224,0.0003,polar3,polar,2000,12000,0.8751,0.0021,0.8855,0.0023,0.8802,0.0022,0.8695,0.0064,0.4225,0.0077,0.5686,0.0075,0.7270,0.0029
dpmpp2m,256,4,3,0.0224,0.0003,knn,knn,5000,30000,0.4569,0.0011,0.4672,0.0011,0.4610,0.0013,0.0338,0.0032,0.0055,0.0004,0.0095,0.0007,0.2383,0.0006
dpmpp2m,256,4,3,0.0224,0.0003,altered_knn,altered_knn,5000,20000,0.6675,0.0329,0.6790,0.0354,0.7197,0.0106,0.0268,0.0006,0.1623,0.0843,0.0433,0.0073,0.3611,0.0140
dpmpp2m,256,4,3,0.0224,0.0003,quadratic,quadratic,5000,30000,0.2575,0.0006,0.2534,0.0007,0.3184,0.0006,0.0232,0.0004,0.4374,0.0060,0.0441,0.0007,0.1488,0.0000
dpmpp2m,256,4,3,0.0224,0.0003,polar3,polar,5000,30000,0.9101,0.0073,0.9203,0.0073,0.9146,0.0075,0.9894,0.0008,0.4671,0.0031,0.6346,0.0028,0.7774,0.0046
dpmpp2m,256,4,3,0.0224,0.0003,knn,knn,10000,60000,0.4656,0.0006,0.4761,0.0005,0.4697,0.0005,0.0392,0.0050,0.0062,0.0006,0.0107,0.0011,0.2434,0.0004
dpmpp2m,256,4,3,0.0224,0.0003,altered_knn,altered_knn,10000,40000,0.6206,0.0722,0.6282,0.0771,0.7044,0.0360,0.0264,0.0004,0.2826,0.1465,0.0474,0.0017,0.3378,0.0377
dpmpp2m,256,4,3,0.0224,0.0003,quadratic,quadratic,10000,60000,0.2977,0.0012,0.2954,0.0013,0.3640,0.0012,0.0229,0.0003,0.4000,0.0096,0.0433,0.0006,0.1693,0.0007
dpmpp2m,256,4,3,0.0224,0.0003,polar3,polar,10000,60000,0.9364,0.0022,0.9455,0.0023,0.9405,0.0023,0.9983,0.0004,0.5409,0.0120,0.7016,0.0101,0.8235,0.0045
dpmpp2m,256,4,3,0.0224,0.0003,knn,knn,15000,90000,0.4700,0.0009,0.4806,0.0008,0.4741,0.0008,0.0399,0.0045,0.0057,0.0008,0.0099,0.0014,0.2453,0.0011
dpmpp2m,256,4,3,0.0224,0.0003,altered_knn,altered_knn,15000,60000,0.6031,0.0874,0.6096,0.0932,0.6995,0.0462,0.0257,0.0012,0.3201,0.1648,0.0458,0.0016,0.3277,0.0458
dpmpp2m,256,4,3,0.0224,0.0003,quadratic,quadratic,15000,90000,0.3460,0.0012,0.3454,0.0011,0.4157,0.0012,0.0234,0.0003,0.3697,0.0093,0.0440,0.0007,0.1947,0.0007
dpmpp2m,256,4,3,0.0224,0.0003,polar3,polar,15000,90000,0.9481,0.0013,0.9561,0.0011,0.9517,0.0012,0.9991,0.0005,0.5981,0.0105,0.7482,0.0082,0.8522,0.0042
dpmpp2m,256,4,3,0.0224,0.0003,knn,knn,20000,120000,0.4731,0.0008,0.4838,0.0008,0.4773,0.0006,0.0384,0.0034,0.0054,0.0005,0.0094,0.0008,0.2466,0.0000
dpmpp2m,256,4,3,0.0224,0.0003,altered_knn,altered_knn,20000,80000,0.5752,0.0586,0.5791,0.0623,0.6913,0.0349,0.0260,0.0005,0.3995,0.1073,0.0485,0.0016,0.3138,0.0304
dpmpp2m,256,4,3,0.0224,0.0003,quadratic,quadratic,20000,120000,0.3969,0.0005,0.3980,0.0007,0.4702,0.0008,0.0243,0.0007,0.3505,0.0057,0.0454,0.0013,0.2217,0.0004
dpmpp2m,256,4,3,0.0224,0.0003,polar3,polar,20000,120000,0.9573,0.0012,0.9649,0.0014,0.9608,0.0013,0.9995,0.0004,0.6280,0.0149,0.7713,0.0113,0.8681,0.0052
dpmpp2m,256,8,3,0.0209,0.0006,knn,knn,2000,24000,0.2853,0.0003,0.2909,0.0004,0.2868,0.0003,0.0333,0.0008,0.0229,0.0017,0.0271,0.0014,0.1590,0.0005
dpmpp2m,256,8,3,0.0209,0.0006,altered_knn,altered_knn,2000,16000,0.4788,0.0674,0.4819,0.0724,0.5542,0.0347,0.0243,0.0012,0.3269,0.1660,0.0442,0.0013,0.2630,0.0357
dpmpp2m,256,8,3,0.0209,0.0006,quadratic,quadratic,2000,24000,0.1686,0.0007,0.1601,0.0009,0.2207,0.0013,0.0213,0.0006,0.5691,0.0010,0.0410,0.0012,0.1005,0.0004
dpmpp2m,256,8,3,0.0209,0.0006,polar3,polar,2000,24000,0.8613,0.0019,0.8702,0.0018,0.8651,0.0020,0.9775,0.0015,0.4406,0.0107,0.6073,0.0104,0.7388,0.0050
dpmpp2m,256,8,3,0.0209,0.0006,knn,knn,5000,60000,0.2967,0.0009,0.3027,0.0007,0.2982,0.0010,0.0303,0.0020,0.0172,0.0014,0.0219,0.0016,0.1623,0.0012
dpmpp2m,256,8,3,0.0209,0.0006,altered_knn,altered_knn,5000,40000,0.5201,0.0512,0.5247,0.0551,0.5953,0.0212,0.0251,0.0013,0.3033,0.1363,0.0451,0.0014,0.2849,0.0270
dpmpp2m,256,8,3,0.0209,0.0006,quadratic,quadratic,5000,60000,0.2283,0.0010,0.2228,0.0008,0.2904,0.0011,0.0214,0.0007,0.4881,0.0064,0.0409,0.0013,0.1319,0.0010
dpmpp2m,256,8,3,0.0209,0.0006,polar3,polar,5000,60000,0.9124,0.0017,0.9205,0.0014,0.9158,0.0016,0.9957,0.0009,0.5316,0.0096,0.6931,0.0080,0.8068,0.0045
dpmpp2m,256,8,3,0.0209,0.0006,knn,knn,10000,120000,0.3055,0.0005,0.3117,0.0007,0.3072,0.0006,0.0299,0.0034,0.0149,0.0019,0.0199,0.0025,0.1658,0.0009
dpmpp2m,256,8,3,0.0209,0.0006,altered_knn,altered_knn,10000,80000,0.5534,0.0883,0.5603,0.0951,0.6099,0.0394,0.0261,0.0016,0.2314,0.2259,0.0399,0.0069,0.3001,0.0453
dpmpp2m,256,8,3,0.0209,0.0006,quadratic,quadratic,10000,120000,0.2957,0.0009,0.2932,0.0009,0.3606,0.0009,0.0223,0.0007,0.4147,0.0030,0.0424,0.0012,0.1678,0.0008
dpmpp2m,256,8,3,0.0209,0.0006,polar3,polar,10000,120000,0.9392,0.0026,0.9464,0.0028,0.9424,0.0027,0.9985,0.0003,0.6000,0.0075,0.7495,0.0059,0.8480,0.0022
dpmpp2m,256,8,3,0.0209,0.0006,knn,knn,15000,180000,0.3101,0.0001,0.3164,0.0002,0.3117,0.0001,0.0304,0.0033,0.0138,0.0019,0.0189,0.0024,0.1677,0.0012
dpmpp2m,256,8,3,0.0209,0.0006,altered_knn,altered_knn,15000,120000,0.6079,0.0206,0.6180,0.0226,0.6452,0.0034,0.0267,0.0017,0.1335,0.0699,0.0428,0.0023,0.3304,0.0105
dpmpp2m,256,8,3,0.0209,0.0006,quadratic,quadratic,15000,180000,0.3513,0.0011,0.3509,0.0011,0.4153,0.0012,0.0236,0.0007,0.3677,0.0040,0.0444,0.0013,0.1977,0.0010
dpmpp2m,256,8,3,0.0209,0.0006,polar3,polar,15000,180000,0.9511,0.0013,0.9580,0.0017,0.9542,0.0015,0.9989,0.0002,0.6232,0.0072,0.7675,0.0055,0.8628,0.0020
dpmpp2m,256,8,3,0.0209,0.0006,knn,knn,20000,240000,0.3129,0.0003,0.3193,0.0003,0.3146,0.0004,0.0325,0.0036,0.0140,0.0013,0.0196,0.0020,0.1694,0.0010
dpmpp2m,256,8,3,0.0209,0.0006,altered_knn,altered_knn,20000,160000,0.6052,0.0160,0.6146,0.0173,0.6493,0.0033,0.0269,0.0006,0.1648,0.0552,0.0457,0.0033,0.3301,0.0070
dpmpp2m,256,8,3,0.0209,0.0006,quadratic,quadratic,20000,240000,0.4041,0.0005,0.4053,0.0004,0.4647,0.0004,0.0266,0.0009,0.3458,0.0052,0.0494,0.0016,0.2274,0.0010
dpmpp2m,256,8,3,0.0209,0.0006,polar3,polar,20000,240000,0.9554,0.0014,0.9623,0.0013,0.9585,0.0014,0.9987,0.0005,0.6332,0.0085,0.7750,0.0064,0.8686,0.0034
dpmpp2m,256,16,3,0.0189,0.0004,knn,knn,2000,48000,0.1803,0.0003,0.1831,0.0002,0.1806,0.0001,0.0255,0.0004,0.0356,0.0008,0.0297,0.0003,0.1064,0.0002
dpmpp2m,256,16,3,0.0189,0.0004,altered_knn,altered_knn,2000,32000,0.4370,0.0228,0.4411,0.0248,0.4838,0.0069,0.0219,0.0003,0.2234,0.0851,0.0394,0.0014,0.2402,0.0117
dpmpp2m,256,16,3,0.0189,0.0004,quadratic,quadratic,2000,48000,0.1566,0.0002,0.1468,0.0004,0.2154,0.0008,0.0195,0.0004,0.6641,0.0017,0.0378,0.0008,0.0923,0.0002
dpmpp2m,256,16,3,0.0189,0.0004,polar3,polar,2000,48000,0.8148,0.0058,0.8204,0.0057,0.8144,0.0064,0.9841,0.0004,0.5246,0.0065,0.6844,0.0055,0.7524,0.0051
dpmpp2m,256,16,3,0.0189,0.0004,knn,knn,5000,120000,0.1896,0.0001,0.1926,0.0001,0.1900,0.0000,0.0265,0.0007,0.0324,0.0015,0.0292,0.0010,0.1109,0.0005
dpmpp2m,256,16,3,0.0189,0.0004,altered_knn,altered_knn,5000,80000,0.4245,0.0491,0.4257,0.0527,0.4990,0.0254,0.0216,0.0003,0.3578,0.1384,0.0404,0.0011,0.2331,0.0259
dpmpp2m,256,16,3,0.0189,0.0004,quadratic,quadratic,5000,120000,0.2417,0.0005,0.2357,0.0004,0.3156,0.0003,0.0204,0.0004,0.5573,0.0034,0.0394,0.0007,0.1375,0.0004
dpmpp2m,256,16,3,0.0189,0.0004,polar3,polar,5000,120000,0.8780,0.0083,0.8833,0.0086,0.8788,0.0085,0.9953,0.0010,0.6028,0.0112,0.7508,0.0085,0.8170,0.0055
dpmpp2m,256,16,3,0.0189,0.0004,knn,knn,10000,240000,0.1961,0.0005,0.1993,0.0006,0.1965,0.0005,0.0264,0.0011,0.0289,0.0006,0.0276,0.0008,0.1134,0.0004
dpmpp2m,256,16,3,0.0189,0.0004,altered_knn,altered_knn,10000,160000,0.3842,0.0054,0.3816,0.0059,0.4923,0.0017,0.0213,0.0006,0.5202,0.0214,0.0409,0.0010,0.2113,0.0029
dpmpp2m,256,16,3,0.0189,0.0004,quadratic,quadratic,10000,240000,0.3203,0.0007,0.3182,0.0008,0.3868,0.0006,0.0222,0.0003,0.4313,0.0046,0.0422,0.0006,0.1802,0.0007
dpmpp2m,256,16,3,0.0189,0.0004,polar3,polar,10000,240000,0.9156,0.0023,0.9212,0.0023,0.9177,0.0023,0.9957,0.0011,0.6255,0.0100,0.7683,0.0072,0.8448,0.0038
dpmpp2m,256,16,3,0.0189,0.0004,knn,knn,15000,360000,0.1989,0.0006,0.2022,0.0006,0.1993,0.0005,0.0275,0.0004,0.0285,0.0001,0.0280,0.0001,0.1151,0.0003
dpmpp2m,256,16,3,0.0189,0.0004,altered_knn,altered_knn,15000,240000,0.4820,0.0694,0.4863,0.0750,0.5389,0.0269,0.0228,0.0011,0.2591,0.2223,0.0384,0.0038,0.2624,0.0364
dpmpp2m,256,16,3,0.0189,0.0004,quadratic,quadratic,15000,360000,0.3690,0.0001,0.3690,0.0001,0.4242,0.0002,0.0255,0.0005,0.3705,0.0011,0.0477,0.0009,0.2083,0.0004
dpmpp2m,256,16,3,0.0189,0.0004,polar3,polar,15000,360000,0.9238,0.0034,0.9292,0.0032,0.9260,0.0033,0.9957,0.0012,0.6420,0.0092,0.7806,0.0065,0.8549,0.0047
dpmpp2m,256,16,3,0.0189,0.0004,knn,knn,20000,480000,0.2018,0.0002,0.2052,0.0002,0.2021,0.0002,0.0267,0.0004,0.0262,0.0007,0.0264,0.0005,0.1158,0.0002
dpmpp2m,256,16,3,0.0189,0.0004,altered_knn,altered_knn,20000,320000,0.4505,0.0551,0.4518,0.0591,0.5356,0.0251,0.0221,0.0008,0.3862,0.1516,0.0412,0.0002,0.2465,0.0296
dpmpp2m,256,16,3,0.0189,0.0004,quadratic,quadratic,20000,480000,0.4188,0.0010,0.4204,0.0010,0.4633,0.0009,0.0318,0.0007,0.3385,0.0034,0.0582,0.0011,0.2393,0.0006
dpmpp2m,256,16,3,0.0189,0.0004,polar3,polar,20000,480000,0.9295,0.0038,0.9349,0.0038,0.9318,0.0038,0.9951,0.0012,0.6479,0.0105,0.7847,0.0074,0.8598,0.0043
dpmpp2m,512,2,3,0.0356,0.0014,knn,knn,2000,6000,0.6589,0.0026,0.6832,0.0017,0.6696,0.0023,0.0625,0.0209,0.0024,0.0008,0.0047,0.0015,0.3439,0.0012
dpmpp2m,512,2,3,0.0356,0.0014,altered_knn,altered_knn,2000,4000,0.6788,0.0637,0.6931,0.0706,0.7797,0.0322,0.0425,0.0038,0.2967,0.1084,0.0720,0.0028,0.3825,0.0351
dpmpp2m,512,2,3,0.0356,0.0014,quadratic,quadratic,2000,6000,0.3549,0.0027,0.3552,0.0031,0.4200,0.0027,0.0368,0.0019,0.3442,0.0084,0.0665,0.0032,0.2109,0.0006
dpmpp2m,512,2,3,0.0356,0.0014,polar3,polar,2000,6000,0.8572,0.0031,0.8738,0.0033,0.8744,0.0033,0.3912,0.0073,0.4064,0.0043,0.3986,0.0043,0.6362,0.0037
dpmpp2m,512,2,3,0.0356,0.0014,knn,knn,5000,15000,0.6695,0.0013,0.6942,0.0004,0.6802,0.0011,0.0386,0.0032,0.0011,0.0000,0.0022,0.0001,0.3482,0.0002
dpmpp2m,512,2,3,0.0356,0.0014,altered_knn,altered_knn,5000,10000,0.6744,0.0890,0.6876,0.0976,0.7785,0.0528,0.0425,0.0018,0.3165,0.1421,0.0721,0.0048,0.3798,0.0464
dpmpp2m,512,2,3,0.0356,0.0014,quadratic,quadratic,5000,15000,0.3461,0.0035,0.3453,0.0038,0.4158,0.0027,0.0360,0.0011,0.3667,0.0058,0.0656,0.0020,0.2054,0.0009
dpmpp2m,512,2,3,0.0356,0.0014,polar3,polar,5000,15000,0.9043,0.0049,0.9207,0.0045,0.9157,0.0046,0.6514,0.0154,0.4612,0.0075,0.5399,0.0058,0.7303,0.0051
dpmpp2m,512,2,3,0.0356,0.0014,knn,knn,10000,30000,0.6777,0.0032,0.7026,0.0024,0.6884,0.0029,0.0461,0.0162,0.0011,0.0004,0.0022,0.0008,0.3524,0.0013
dpmpp2m,512,2,3,0.0356,0.0014,altered_knn,altered_knn,10000,20000,0.6907,0.0828,0.7054,0.0913,0.7922,0.0477,0.0415,0.0014,0.2946,0.1335,0.0698,0.0049,0.3876,0.0433
dpmpp2m,512,2,3,0.0356,0.0014,quadratic,quadratic,10000,30000,0.3479,0.0044,0.3465,0.0047,0.4207,0.0039,0.0365,0.0010,0.3860,0.0039,0.0667,0.0017,0.2066,0.0017
dpmpp2m,512,2,3,0.0356,0.0014,polar3,polar,10000,30000,0.9269,0.0014,0.9420,0.0012,0.9356,0.0012,0.8176,0.0215,0.5168,0.0205,0.6326,0.0090,0.7873,0.0045
dpmpp2m,512,2,3,0.0356,0.0014,knn,knn,15000,45000,0.6811,0.0038,0.7063,0.0029,0.6922,0.0033,0.0402,0.0147,0.0010,0.0004,0.0020,0.0007,0.3541,0.0016
dpmpp2m,512,2,3,0.0356,0.0014,altered_knn,altered_knn,15000,30000,0.6574,0.0404,0.6681,0.0437,0.7778,0.0290,0.0418,0.0017,0.3628,0.0569,0.0748,0.0037,0.3715,0.0203
dpmpp2m,512,2,3,0.0356,0.0014,quadratic,quadratic,15000,45000,0.3500,0.0028,0.3489,0.0032,0.4250,0.0028,0.0356,0.0014,0.3812,0.0088,0.0651,0.0024,0.2070,0.0019
dpmpp2m,512,2,3,0.0356,0.0014,polar3,polar,15000,45000,0.9363,0.0028,0.9507,0.0021,0.9439,0.0025,0.8934,0.0117,0.5475,0.0153,0.6787,0.0082,0.8147,0.0046
dpmpp2m,512,2,3,0.0356,0.0014,knn,knn,20000,60000,0.6819,0.0040,0.7070,0.0033,0.6931,0.0035,0.0373,0.0066,0.0010,0.0002,0.0020,0.0003,0.3545,0.0018
dpmpp2m,512,2,3,0.0356,0.0014,altered_knn,altered_knn,20000,40000,0.7041,0.0808,0.7195,0.0887,0.8028,0.0460,0.0424,0.0022,0.2853,0.1315,0.0709,0.0062,0.3952,0.0413
dpmpp2m,512,2,3,0.0356,0.0014,quadratic,quadratic,20000,60000,0.3529,0.0017,0.3514,0.0019,0.4297,0.0016,0.0361,0.0011,0.3921,0.0040,0.0660,0.0018,0.2087,0.0018
dpmpp2m,512,2,3,0.0356,0.0014,polar3,polar,20000,60000,0.9442,0.0018,0.9583,0.0013,0.9515,0.0015,0.9179,0.0071,0.5656,0.0172,0.6997,0.0110,0.8290,0.0056
dpmpp2m,512,4,3,0.0306,0.0023,knn,knn,2000,12000,0.4288,0.0013,0.4420,0.0011,0.4342,0.0014,0.0478,0.0059,0.0108,0.0009,0.0176,0.0016,0.2298,0.0003
dpmpp2m,512,4,3,0.0306,0.0023,altered_knn,altered_knn,2000,8000,0.6143,0.0438,0.6267,0.0497,0.6835,0.0128,0.0381,0.0059,0.2293,0.1159,0.0591,0.0047,0.3429,0.0234
dpmpp2m,512,4,3,0.0306,0.0023,quadratic,quadratic,2000,12000,0.1481,0.0023,0.1323,0.0013,0.1933,0.0015,0.0308,0.0023,0.6456,0.0017,0.0588,0.0043,0.0956,0.0027
dpmpp2m,512,4,3,0.0306,0.0023,polar3,polar,2000,12000,0.8003,0.0009,0.8105,0.0016,0.8075,0.0008,0.6094,0.0280,0.4792,0.0191,0.5356,0.0091,0.6731,0.0049
dpmpp2m,512,4,3,0.0306,0.0023,knn,knn,5000,30000,0.4410,0.0022,0.4548,0.0013,0.4466,0.0021,0.0345,0.0043,0.0067,0.0009,0.0113,0.0015,0.2330,0.0010
dpmpp2m,512,4,3,0.0306,0.0023,altered_knn,altered_knn,5000,20000,0.6332,0.0152,0.6458,0.0180,0.7063,0.0027,0.0369,0.0028,0.2389,0.0500,0.0635,0.0027,0.3546,0.0102
dpmpp2m,512,4,3,0.0306,0.0023,quadratic,quadratic,5000,30000,0.1794,0.0008,0.1665,0.0011,0.2328,0.0013,0.0309,0.0026,0.5865,0.0095,0.0586,0.0048,0.1126,0.0020
dpmpp2m,512,4,3,0.0306,0.0023,polar3,polar,5000,30000,0.8639,0.0029,0.8752,0.0045,0.8692,0.0035,0.9011,0.0187,0.5079,0.0207,0.6491,0.0122,0.7622,0.0039
dpmpp2m,512,4,3,0.0306,0.0023,knn,knn,10000,60000,0.4506,0.0027,0.4646,0.0018,0.4563,0.0024,0.0393,0.0073,0.0063,0.0007,0.0108,0.0013,0.2377,0.0004
dpmpp2m,512,4,3,0.0306,0.0023,altered_knn,altered_knn,10000,40000,0.5121,0.0206,0.5126,0.0225,0.6458,0.0144,0.0354,0.0024,0.4989,0.0396,0.0660,0.0039,0.2893,0.0125
dpmpp2m,512,4,3,0.0306,0.0023,quadratic,quadratic,10000,60000,0.2086,0.0008,0.1986,0.0017,0.2665,0.0018,0.0307,0.0023,0.5265,0.0029,0.0581,0.0041,0.1283,0.0012
dpmpp2m,512,4,3,0.0306,0.0023,polar3,polar,10000,60000,0.8883,0.0035,0.8994,0.0054,0.8931,0.0043,0.9785,0.0124,0.5393,0.0360,0.6944,0.0266,0.7969,0.0108
dpmpp2m,512,4,3,0.0306,0.0023,knn,knn,15000,90000,0.4543,0.0023,0.4685,0.0013,0.4600,0.0018,0.0342,0.0033,0.0052,0.0005,0.0091,0.0008,0.2388,0.0008
dpmpp2m,512,4,3,0.0306,0.0023,altered_knn,altered_knn,15000,60000,0.6594,0.0193,0.6729,0.0205,0.7307,0.0072,0.0380,0.0030,0.2289,0.0428,0.0650,0.0055,0.3689,0.0087
dpmpp2m,512,4,3,0.0306,0.0023,quadratic,quadratic,15000,90000,0.2241,0.0009,0.2154,0.0013,0.2831,0.0017,0.0310,0.0027,0.4991,0.0073,0.0583,0.0048,0.1369,0.0020
dpmpp2m,512,4,3,0.0306,0.0023,polar3,polar,15000,90000,0.9136,0.0028,0.9241,0.0012,0.9182,0.0020,0.9871,0.0107,0.5839,0.0401,0.7327,0.0284,0.8284,0.0146
dpmpp2m,512,4,3,0.0306,0.0023,knn,knn,20000,120000,0.4578,0.0022,0.4721,0.0013,0.4636,0.0019,0.0318,0.0079,0.0048,0.0012,0.0083,0.0021,0.2402,0.0016
dpmpp2m,512,4,3,0.0306,0.0023,altered_knn,altered_knn,20000,80000,0.5586,0.0816,0.5624,0.0881,0.6743,0.0501,0.0361,0.0015,0.4221,0.1437,0.0659,0.0048,0.3141,0.0417
dpmpp2m,512,4,3,0.0306,0.0023,quadratic,quadratic,20000,120000,0.2374,0.0016,0.2301,0.0018,0.2975,0.0025,0.0305,0.0021,0.4694,0.0054,0.0573,0.0036,0.1437,0.0016
dpmpp2m,512,4,3,0.0306,0.0023,polar3,polar,20000,120000,0.9188,0.0010,0.9287,0.0024,0.9231,0.0015,0.9897,0.0108,0.6089,0.0397,0.7529,0.0271,0.8408,0.0125
dpmpp2m,512,8,3,0.0271,0.0006,knn,knn,2000,24000,0.2677,0.0003,0.2746,0.0004,0.2699,0.0006,0.0352,0.0023,0.0184,0.0008,0.0241,0.0012,0.1494,0.0007
dpmpp2m,512,8,3,0.0271,0.0006,altered_knn,altered_knn,2000,16000,0.5086,0.0780,0.5168,0.0864,0.5603,0.0334,0.0319,0.0017,0.2159,0.2215,0.0468,0.0071,0.2818,0.0399
dpmpp2m,512,8,3,0.0271,0.0006,quadratic,quadratic,2000,24000,0.0896,0.0001,0.0699,0.0006,0.1150,0.0009,0.0273,0.0006,0.7976,0.0017,0.0529,0.0012,0.0614,0.0003
dpmpp2m,512,8,3,0.0271,0.0006,polar3,polar,2000,24000,0.7764,0.0073,0.7845,0.0074,0.7789,0.0078,0.8660,0.0078,0.4871,0.0042,0.6235,0.0027,0.7040,0.0024
dpmpp2m,512,8,3,0.0271,0.0006,knn,knn,5000,60000,0.2769,0.0003,0.2841,0.0002,0.2799,0.0004,0.0335,0.0005,0.0189,0.0007,0.0242,0.0006,0.1541,0.0004
dpmpp2m,512,8,3,0.0271,0.0006,altered_knn,altered_knn,5000,40000,0.5159,0.0665,0.5227,0.0731,0.5831,0.0301,0.0319,0.0017,0.2734,0.1703,0.0544,0.0032,0.2886,0.0358
dpmpp2m,512,8,3,0.0271,0.0006,quadratic,quadratic,5000,60000,0.1298,0.0004,0.1136,0.0005,0.1737,0.0006,0.0276,0.0006,0.7139,0.0035,0.0531,0.0010,0.0833,0.0004
dpmpp2m,512,8,3,0.0271,0.0006,polar3,polar,5000,60000,0.8462,0.0073,0.8552,0.0075,0.8487,0.0086,0.9779,0.0043,0.5235,0.0065,0.6819,0.0045,0.7685,0.0053
dpmpp2m,512,8,3,0.0271,0.0006,knn,knn,10000,120000,0.2855,0.0013,0.2929,0.0012,0.2884,0.0011,0.0354,0.0009,0.0183,0.0001,0.0241,0.0001,0.1585,0.0005
dpmpp2m,512,8,3,0.0271,0.0006,altered_knn,altered_knn,10000,80000,0.5002,0.0758,0.5045,0.0836,0.5863,0.0352,0.0312,0.0012,0.3539,0.1985,0.0537,0.0048,0.2791,0.0395
dpmpp2m,512,8,3,0.0271,0.0006,quadratic,quadratic,10000,120000,0.1632,0.0003,0.1500,0.0003,0.2166,0.0004,0.0276,0.0006,0.6382,0.0022,0.0529,0.0011,0.1014,0.0005
dpmpp2m,512,8,3,0.0271,0.0006,polar3,polar,10000,120000,0.8883,0.0011,0.8965,0.0008,0.8912,0.0011,0.9877,0.0038,0.5936,0.0086,0.7415,0.0060,0.8190,0.0032
dpmpp2m,512,8,3,0.0271,0.0006,knn,knn,15000,180000,0.2896,0.0018,0.2971,0.0016,0.2926,0.0015,0.0358,0.0032,0.0172,0.0011,0.0232,0.0017,0.1602,0.0009
dpmpp2m,512,8,3,0.0271,0.0006,altered_knn,altered_knn,15000,120000,0.5502,0.0818,0.5590,0.0898,0.6115,0.0373,0.0326,0.0021,0.2391,0.2066,0.0520,0.0043,0.3055,0.0431
dpmpp2m,512,8,3,0.0271,0.0006,quadratic,quadratic,15000,180000,0.1868,0.0009,0.1769,0.0009,0.2397,0.0010,0.0272,0.0009,0.5403,0.0070,0.0519,0.0016,0.1144,0.0010
dpmpp2m,512,8,3,0.0271,0.0006,polar3,polar,15000,180000,0.9081,0.0038,0.9158,0.0041,0.9108,0.0043,0.9883,0.0041,0.6323,0.0114,0.7711,0.0076,0.8435,0.0035
dpmpp2m,512,8,3,0.0271,0.0006,knn,knn,20000,240000,0.2926,0.0012,0.3003,0.0012,0.2958,0.0009,0.0317,0.0018,0.0153,0.0009,0.0206,0.0011,0.1605,0.0001
dpmpp2m,512,8,3,0.0271,0.0006,altered_knn,altered_knn,20000,160000,0.5776,0.0155,0.5874,0.0172,0.6384,0.0025,0.0328,0.0005,0.2220,0.0539,0.0569,0.0023,0.3222,0.0075
dpmpp2m,512,8,3,0.0271,0.0006,quadratic,quadratic,20000,240000,0.2026,0.0011,0.1938,0.0012,0.2589,0.0014,0.0273,0.0006,0.5206,0.0032,0.0519,0.0011,0.1228,0.0007
dpmpp2m,512,8,3,0.0271,0.0006,polar3,polar,20000,240000,0.9196,0.0018,0.9272,0.0020,0.9226,0.0019,0.9878,0.0039,0.6485,0.0116,0.7829,0.0074,0.8550,0.0033
dpmpp2m,512,16,3,0.0271,0.0001,knn,knn,2000,48000,0.1613,0.0008,0.1647,0.0008,0.1621,0.0009,0.0302,0.0009,0.0376,0.0027,0.0335,0.0016,0.0991,0.0011
dpmpp2m,512,16,3,0.0271,0.0001,altered_knn,altered_knn,2000,32000,0.4171,0.0217,0.4206,0.0252,0.4650,0.0070,0.0370,0.0013,0.2919,0.1071,0.0645,0.0014,0.2425,0.0119
dpmpp2m,512,16,3,0.0271,0.0001,quadratic,quadratic,2000,48000,0.0643,0.0003,0.0412,0.0003,0.0738,0.0004,0.0274,0.0001,0.8970,0.0029,0.0531,0.0002,0.0471,0.0002
dpmpp2m,512,16,3,0.0271,0.0001,polar3,polar,2000,48000,0.7366,0.0022,0.7461,0.0019,0.7391,0.0019,0.7367,0.0348,0.3944,0.0173,0.5138,0.0229,0.6299,0.0122
dpmpp2m,512,16,3,0.0271,0.0001,knn,knn,5000,120000,0.1689,0.0001,0.1727,0.0001,0.1698,0.0003,0.0304,0.0005,0.0323,0.0001,0.0313,0.0002,0.1020,0.0001
dpmpp2m,512,16,3,0.0271,0.0001,altered_knn,altered_knn,5000,80000,0.4390,0.0584,0.4435,0.0658,0.4856,0.0249,0.0412,0.0059,0.2773,0.2080,0.0656,0.0020,0.2545,0.0338
dpmpp2m,512,16,3,0.0271,0.0001,quadratic,quadratic,5000,120000,0.1101,0.0005,0.0907,0.0004,0.1493,0.0005,0.0277,0.0002,0.8100,0.0014,0.0536,0.0004,0.0721,0.0004
dpmpp2m,512,16,3,0.0271,0.0001,polar3,polar,5000,120000,0.8004,0.0027,0.8109,0.0026,0.7994,0.0019,0.7784,0.0371,0.4241,0.0189,0.5491,0.0250,0.6800,0.0130
dpmpp2m,512,16,3,0.0271,0.0001,knn,knn,10000,240000,0.1745,0.0005,0.1784,0.0005,0.1755,0.0005,0.0317,0.0006,0.0323,0.0012,0.0320,0.0009,0.1052,0.0003
dpmpp2m,512,16,3,0.0271,0.0001,altered_knn,altered_knn,10000,160000,0.4820,0.0196,0.4886,0.0224,0.5247,0.0053,0.0425,0.0043,0.2446,0.0836,0.0704,0.0017,0.2795,0.0119
dpmpp2m,512,16,3,0.0271,0.0001,quadratic,quadratic,10000,240000,0.1570,0.0000,0.1435,0.0002,0.2075,0.0003,0.0278,0.0003,0.6431,0.0033,0.0532,0.0005,0.0983,0.0002
dpmpp2m,512,16,3,0.0271,0.0001,polar3,polar,10000,240000,0.8427,0.0084,0.8539,0.0086,0.8454,0.0091,0.7638,0.0366,0.4430,0.0190,0.5608,0.0250,0.7073,0.0139
dpmpp2m,512,16,3,0.0271,0.0001,knn,knn,15000,360000,0.1777,0.0002,0.1818,0.0002,0.1787,0.0002,0.0310,0.0002,0.0303,0.0004,0.0306,0.0002,0.1062,0.0001
dpmpp2m,512,16,3,0.0271,0.0001,altered_knn,altered_knn,15000,240000,0.5165,0.0134,0.5279,0.0167,0.5390,0.0038,0.0522,0.0084,0.1070,0.1066,0.0507,0.0138,0.2893,0.0018
dpmpp2m,512,16,3,0.0271,0.0001,quadratic,quadratic,15000,360000,0.1775,0.0003,0.1654,0.0003,0.2343,0.0004,0.0276,0.0002,0.6113,0.0035,0.0528,0.0003,0.1091,0.0003
dpmpp2m,512,16,3,0.0271,0.0001,polar3,polar,15000,360000,0.8705,0.0065,0.8823,0.0062,0.8760,0.0066,0.7548,0.0368,0.4481,0.0202,0.5624,0.0261,0.7223,0.0158
dpmpp2m,512,16,3,0.0271,0.0001,knn,knn,20000,480000,0.1800,0.0005,0.1842,0.0005,0.1810,0.0005,0.0316,0.0007,0.0294,0.0009,0.0304,0.0008,0.1073,0.0006
dpmpp2m,512,16,3,0.0271,0.0001,altered_knn,altered_knn,20000,320000,0.4535,0.0531,0.4545,0.0592,0.5265,0.0258,0.0388,0.0029,0.4178,0.1641,0.0699,0.0027,0.2622,0.0309
dpmpp2m,512,16,3,0.0271,0.0001,quadratic,quadratic,20000,480000,0.1949,0.0002,0.1843,0.0002,0.2546,0.0004,0.0277,0.0002,0.5783,0.0007,0.0529,0.0003,0.1186,0.0002
dpmpp2m,512,16,3,0.0271,0.0001,polar3,polar,20000,480000,0.8879,0.0075,0.9001,0.0072,0.8948,0.0073,0.7525,0.0368,0.4513,0.0210,0.5642,0.0267,0.7321,0.0164
