sampler,d,K,n_seeds,hall_gt,hall_gt_std,model,arch,n_per_mode,n_anchors,full_acc,full_acc_std,mode_acc,mode_acc_std,mode_f1,mode_f1_std,hall_prec,hall_prec_std,hall_rec,hall_rec_std,hall_f1,hall_f1_std,balanced,balanced_std
flow,2,2,3,0.0098,0.0003,knn,knn,2000,6000,0.9849,0.0012,0.9869,0.0012,0.9916,0.0007,0.3990,0.0227,0.7785,0.0059,0.5272,0.0204,0.7571,0.0108
flow,2,2,3,0.0098,0.0003,altered_knn,altered_knn,2000,4000,0.9660,0.0094,0.9728,0.0100,0.9819,0.0045,0.1066,0.0274,0.2820,0.0564,0.1507,0.0292,0.5618,0.0184
flow,2,2,3,0.0098,0.0003,quadratic,quadratic,2000,6000,0.9896,0.0009,0.9937,0.0006,0.9938,0.0007,0.5655,0.0093,0.5695,0.0205,0.5674,0.0148,0.7806,0.0077
flow,2,2,3,0.0098,0.0003,polar3,polar,2000,6000,0.9970,0.0001,0.9977,0.0003,0.9985,0.0001,0.7995,0.0220,0.9247,0.0176,0.8571,0.0052,0.9274,0.0027
flow,2,2,3,0.0098,0.0003,knn,knn,5000,15000,0.9912,0.0005,0.9925,0.0006,0.9954,0.0002,0.5409,0.0266,0.8570,0.0083,0.6627,0.0174,0.8276,0.0090
flow,2,2,3,0.0098,0.0003,altered_knn,altered_knn,5000,10000,0.9770,0.0036,0.9842,0.0044,0.9879,0.0015,0.1515,0.0266,0.2564,0.0588,0.1846,0.0123,0.5844,0.0065
flow,2,2,3,0.0098,0.0003,quadratic,quadratic,5000,15000,0.9888,0.0005,0.9931,0.0008,0.9930,0.0007,0.5685,0.0062,0.5616,0.0187,0.5648,0.0095,0.7790,0.0043
flow,2,2,3,0.0098,0.0003,polar3,polar,5000,15000,0.9966,0.0006,0.9973,0.0008,0.9983,0.0003,0.7771,0.0505,0.9295,0.0206,0.8449,0.0224,0.9211,0.0116
flow,2,2,3,0.0098,0.0003,knn,knn,10000,30000,0.9946,0.0005,0.9954,0.0004,0.9972,0.0002,0.6650,0.0276,0.9081,0.0111,0.7676,0.0221,0.8815,0.0113
flow,2,2,3,0.0098,0.0003,altered_knn,altered_knn,10000,20000,0.9782,0.0035,0.9849,0.0036,0.9889,0.0018,0.1728,0.0307,0.3049,0.0159,0.2186,0.0261,0.6017,0.0147
flow,2,2,3,0.0098,0.0003,quadratic,quadratic,10000,30000,0.9889,0.0006,0.9931,0.0009,0.9931,0.0008,0.5683,0.0064,0.5627,0.0204,0.5654,0.0131,0.7792,0.0061
flow,2,2,3,0.0098,0.0003,polar3,polar,10000,30000,0.9968,0.0003,0.9975,0.0005,0.9984,0.0002,0.7916,0.0371,0.9268,0.0195,0.8529,0.0140,0.9252,0.0073
flow,2,2,3,0.0098,0.0003,knn,knn,15000,45000,0.9956,0.0005,0.9964,0.0004,0.9978,0.0002,0.7187,0.0310,0.9184,0.0050,0.8061,0.0214,0.9012,0.0109
flow,2,2,3,0.0098,0.0003,altered_knn,altered_knn,15000,30000,0.9846,0.0032,0.9920,0.0036,0.9922,0.0016,0.2553,0.0671,0.2354,0.0455,0.2328,0.0211,0.6124,0.0113
flow,2,2,3,0.0098,0.0003,quadratic,quadratic,15000,45000,0.9891,0.0002,0.9933,0.0005,0.9933,0.0004,0.5649,0.0100,0.5624,0.0222,0.5635,0.0143,0.7784,0.0069
flow,2,2,3,0.0098,0.0003,polar3,polar,15000,45000,0.9969,0.0003,0.9976,0.0004,0.9984,0.0001,0.7958,0.0311,0.9268,0.0175,0.8556,0.0110,0.9266,0.0057
flow,2,2,3,0.0098,0.0003,knn,knn,20000,60000,0.9963,0.0004,0.9971,0.0003,0.9981,0.0002,0.7567,0.0257,0.9194,0.0050,0.8300,0.0175,0.9135,0.0089
flow,2,2,3,0.0098,0.0003,altered_knn,altered_knn,20000,40000,0.9864,0.0037,0.9941,0.0043,0.9931,0.0018,0.3179,0.0957,0.2083,0.0476,0.2335,0.0110,0.6138,0.0075
flow,2,2,3,0.0098,0.0003,quadratic,quadratic,20000,60000,0.9894,0.0002,0.9936,0.0003,0.9935,0.0003,0.5690,0.0082,0.5634,0.0203,0.5660,0.0130,0.7798,0.0064
flow,2,2,3,0.0098,0.0003,polar3,polar,20000,60000,0.9969,0.0003,0.9976,0.0005,0.9984,0.0001,0.7965,0.0346,0.9265,0.0187,0.8558,0.0126,0.9267,0.0066
flow,2,4,3,0.0103,0.0004,knn,knn,2000,12000,0.9751,0.0022,0.9777,0.0023,0.9858,0.0013,0.2836,0.0303,0.7258,0.0079,0.4070,0.0321,0.6924,0.0172
flow,2,4,3,0.0103,0.0004,altered_knn,altered_knn,2000,8000,0.9641,0.0031,0.9711,0.0041,0.9779,0.0017,0.1218,0.0124,0.2864,0.1207,0.1639,0.0373,0.5675,0.0174
flow,2,4,3,0.0103,0.0004,quadratic,quadratic,2000,12000,0.9338,0.0095,0.9394,0.0104,0.9443,0.0075,0.2093,0.0393,0.3966,0.0763,0.2665,0.0199,0.6030,0.0149
flow,2,4,3,0.0103,0.0004,polar3,polar,2000,12000,0.9813,0.0028,0.9834,0.0025,0.9899,0.0018,0.3503,0.0418,0.7831,0.0303,0.4834,0.0455,0.7334,0.0240
flow,2,4,3,0.0103,0.0004,knn,knn,5000,30000,0.9838,0.0023,0.9863,0.0023,0.9911,0.0016,0.3887,0.0387,0.7458,0.0036,0.5099,0.0340,0.7481,0.0181
flow,2,4,3,0.0103,0.0004,altered_knn,altered_knn,5000,20000,0.9681,0.0056,0.9738,0.0064,0.9830,0.0028,0.1546,0.0258,0.4152,0.0622,0.2216,0.0198,0.5977,0.0127
flow,2,4,3,0.0103,0.0004,quadratic,quadratic,5000,30000,0.9329,0.0083,0.9385,0.0091,0.9434,0.0064,0.2100,0.0415,0.3969,0.0737,0.2673,0.0224,0.6029,0.0155
flow,2,4,3,0.0103,0.0004,polar3,polar,5000,30000,0.9817,0.0030,0.9838,0.0028,0.9900,0.0020,0.3595,0.0489,0.7827,0.0321,0.4917,0.0518,0.7377,0.0273
flow,2,4,3,0.0103,0.0004,knn,knn,10000,60000,0.9875,0.0022,0.9903,0.0022,0.9931,0.0015,0.4694,0.0565,0.7184,0.0088,0.5662,0.0444,0.7782,0.0233
flow,2,4,3,0.0103,0.0004,altered_knn,altered_knn,10000,40000,0.9771,0.0028,0.9837,0.0032,0.9878,0.0016,0.1974,0.0322,0.3461,0.0136,0.2491,0.0218,0.6164,0.0125
flow,2,4,3,0.0103,0.0004,quadratic,quadratic,10000,60000,0.9340,0.0087,0.9396,0.0095,0.9443,0.0070,0.2140,0.0401,0.3957,0.0733,0.2704,0.0202,0.6050,0.0148
flow,2,4,3,0.0103,0.0004,polar3,polar,10000,60000,0.9814,0.0030,0.9835,0.0028,0.9899,0.0020,0.3526,0.0451,0.7812,0.0274,0.4850,0.0482,0.7343,0.0255
flow,2,4,3,0.0103,0.0004,knn,knn,15000,90000,0.9886,0.0022,0.9917,0.0021,0.9937,0.0015,0.5088,0.0600,0.6961,0.0123,0.5864,0.0446,0.7890,0.0233
flow,2,4,3,0.0103,0.0004,altered_knn,altered_knn,15000,60000,0.9808,0.0007,0.9880,0.0008,0.9895,0.0008,0.2205,0.0256,0.2839,0.0741,0.2467,0.0451,0.6174,0.0224
flow,2,4,3,0.0103,0.0004,quadratic,quadratic,15000,90000,0.9341,0.0085,0.9398,0.0093,0.9443,0.0067,0.2152,0.0406,0.3948,0.0714,0.2713,0.0208,0.6055,0.0149
flow,2,4,3,0.0103,0.0004,polar3,polar,15000,90000,0.9820,0.0029,0.9841,0.0026,0.9902,0.0019,0.3626,0.0471,0.7819,0.0316,0.4946,0.0501,0.7394,0.0264
flow,2,4,3,0.0103,0.0004,knn,knn,20000,120000,0.9891,0.0022,0.9924,0.0021,0.9938,0.0015,0.5336,0.0644,0.6743,0.0164,0.5943,0.0465,0.7933,0.0243
flow,2,4,3,0.0103,0.0004,altered_knn,altered_knn,20000,80000,0.9828,0.0022,0.9907,0.0026,0.9905,0.0015,0.2486,0.0613,0.2323,0.0604,0.2337,0.0405,0.6122,0.0207
flow,2,4,3,0.0103,0.0004,quadratic,quadratic,20000,120000,0.9337,0.0083,0.9394,0.0091,0.9439,0.0065,0.2166,0.0394,0.3945,0.0720,0.2725,0.0193,0.6059,0.0140
flow,2,4,3,0.0103,0.0004,polar3,polar,20000,120000,0.9823,0.0022,0.9844,0.0020,0.9903,0.0016,0.3662,0.0339,0.7836,0.0287,0.4988,0.0370,0.7416,0.0195
flow,2,8,3,0.0118,0.0001,knn,knn,2000,24000,0.9686,0.0011,0.9725,0.0008,0.9815,0.0009,0.2520,0.0052,0.6398,0.0221,0.3616,0.0089,0.6671,0.0048
flow,2,8,3,0.0118,0.0001,altered_knn,altered_knn,2000,16000,0.9600,0.0030,0.9686,0.0040,0.9748,0.0006,0.1199,0.0028,0.2473,0.0774,0.1578,0.0157,0.5632,0.0062
flow,2,8,3,0.0118,0.0001,quadratic,quadratic,2000,24000,0.8344,0.0024,0.8378,0.0024,0.8985,0.0021,0.0447,0.0007,0.5512,0.0064,0.0826,0.0013,0.4602,0.0014
flow,2,8,3,0.0118,0.0001,polar3,polar,2000,24000,0.9707,0.0023,0.9748,0.0019,0.9835,0.0018,0.2513,0.0124,0.6228,0.0290,0.3581,0.0172,0.6665,0.0095
flow,2,8,3,0.0118,0.0001,knn,knn,5000,60000,0.9778,0.0020,0.9820,0.0015,0.9874,0.0015,0.3285,0.0211,0.6275,0.0459,0.4313,0.0290,0.7066,0.0152
flow,2,8,3,0.0118,0.0001,altered_knn,altered_knn,5000,40000,0.9637,0.0035,0.9706,0.0046,0.9796,0.0012,0.1539,0.0053,0.3917,0.0947,0.2183,0.0133,0.5944,0.0049
flow,2,8,3,0.0118,0.0001,quadratic,quadratic,5000,60000,0.8314,0.0031,0.8347,0.0031,0.8963,0.0028,0.0440,0.0013,0.5521,0.0075,0.0816,0.0024,0.4581,0.0023
flow,2,8,3,0.0118,0.0001,polar3,polar,5000,60000,0.9709,0.0023,0.9750,0.0020,0.9835,0.0019,0.2566,0.0110,0.6288,0.0255,0.3645,0.0153,0.6697,0.0086
flow,2,8,3,0.0118,0.0001,knn,knn,10000,120000,0.9814,0.0025,0.9861,0.0018,0.9892,0.0019,0.3886,0.0316,0.5899,0.0552,0.4685,0.0403,0.7273,0.0210
flow,2,8,3,0.0118,0.0001,altered_knn,altered_knn,10000,80000,0.9721,0.0048,0.9802,0.0056,0.9843,0.0023,0.1823,0.0280,0.2913,0.0769,0.2157,0.0124,0.5980,0.0053
flow,2,8,3,0.0118,0.0001,quadratic,quadratic,10000,120000,0.8328,0.0038,0.8361,0.0039,0.8974,0.0033,0.0443,0.0013,0.5522,0.0063,0.0820,0.0022,0.4591,0.0026
flow,2,8,3,0.0118,0.0001,polar3,polar,10000,120000,0.9704,0.0028,0.9746,0.0025,0.9833,0.0022,0.2500,0.0137,0.6203,0.0258,0.3563,0.0182,0.6654,0.0103
flow,2,8,3,0.0118,0.0001,knn,knn,15000,180000,0.9827,0.0025,0.9877,0.0019,0.9897,0.0020,0.4220,0.0319,0.5646,0.0498,0.4830,0.0390,0.7353,0.0205
flow,2,8,3,0.0118,0.0001,altered_knn,altered_knn,15000,120000,0.9758,0.0036,0.9847,0.0043,0.9860,0.0020,0.1941,0.0353,0.2322,0.0914,0.2035,0.0440,0.5941,0.0216
flow,2,8,3,0.0118,0.0001,quadratic,quadratic,15000,180000,0.8338,0.0043,0.8372,0.0044,0.8980,0.0036,0.0446,0.0012,0.5516,0.0064,0.0825,0.0021,0.4599,0.0028
flow,2,8,3,0.0118,0.0001,polar3,polar,15000,180000,0.9708,0.0028,0.9750,0.0024,0.9835,0.0022,0.2555,0.0143,0.6252,0.0305,0.3628,0.0195,0.6689,0.0109
flow,2,8,3,0.0118,0.0001,knn,knn,20000,240000,0.9833,0.0025,0.9885,0.0020,0.9899,0.0020,0.4435,0.0324,0.5458,0.0468,0.4893,0.0384,0.7389,0.0202
flow,2,8,3,0.0118,0.0001,altered_knn,altered_knn,20000,160000,0.9768,0.0044,0.9858,0.0053,0.9866,0.0023,0.2131,0.0444,0.2227,0.0991,0.2024,0.0346,0.5941,0.0158
flow,2,8,3,0.0118,0.0001,quadratic,quadratic,20000,240000,0.8414,0.0041,0.8450,0.0042,0.9035,0.0035,0.0460,0.0010,0.5460,0.0062,0.0849,0.0018,0.4649,0.0025
flow,2,8,3,0.0118,0.0001,polar3,polar,20000,240000,0.9713,0.0025,0.9755,0.0022,0.9837,0.0020,0.2596,0.0137,0.6236,0.0263,0.3666,0.0182,0.6711,0.0101
flow,4,2,3,0.0090,0.0003,knn,knn,2000,6000,0.9149,0.0023,0.9204,0.0024,0.9184,0.0024,0.5760,0.0134,0.3023,0.0051,0.3965,0.0074,0.6584,0.0040
flow,4,2,3,0.0090,0.0003,altered_knn,altered_knn,2000,4000,0.9018,0.0150,0.9081,0.0156,0.9389,0.0069,0.0262,0.0028,0.2128,0.0361,0.0464,0.0038,0.4772,0.0097
flow,4,2,3,0.0090,0.0003,quadratic,quadratic,2000,6000,0.9874,0.0029,0.9906,0.0027,0.9896,0.0028,0.8033,0.0419,0.6260,0.0309,0.7036,0.0350,0.8471,0.0181
flow,4,2,3,0.0090,0.0003,polar3,polar,2000,6000,0.9951,0.0012,0.9963,0.0010,0.9967,0.0011,0.7923,0.0144,0.8652,0.0358,0.8269,0.0222,0.9116,0.0115
flow,4,2,3,0.0090,0.0003,knn,knn,5000,15000,0.9310,0.0020,0.9361,0.0022,0.9343,0.0021,0.6293,0.0187,0.3673,0.0160,0.4635,0.0113,0.6998,0.0047
flow,4,2,3,0.0090,0.0003,altered_knn,altered_knn,5000,10000,0.9025,0.0226,0.9085,0.0234,0.9417,0.0101,0.0276,0.0006,0.2415,0.0789,0.0491,0.0014,0.4788,0.0113
flow,4,2,3,0.0090,0.0003,quadratic,quadratic,5000,15000,0.9885,0.0017,0.9919,0.0014,0.9908,0.0016,0.8117,0.0411,0.6116,0.0250,0.6974,0.0294,0.8446,0.0150
flow,4,2,3,0.0090,0.0003,polar3,polar,5000,15000,0.9952,0.0011,0.9963,0.0009,0.9968,0.0010,0.7892,0.0125,0.8656,0.0358,0.8254,0.0214,0.9109,0.0110
flow,4,2,3,0.0090,0.0003,knn,knn,10000,30000,0.9427,0.0010,0.9474,0.0011,0.9458,0.0011,0.6748,0.0060,0.4139,0.0073,0.5130,0.0050,0.7302,0.0020
flow,4,2,3,0.0090,0.0003,altered_knn,altered_knn,10000,20000,0.8709,0.0151,0.8755,0.0155,0.9287,0.0078,0.0269,0.0015,0.3647,0.0298,0.0500,0.0024,0.4628,0.0088
flow,4,2,3,0.0090,0.0003,quadratic,quadratic,10000,30000,0.9896,0.0018,0.9930,0.0016,0.9919,0.0016,0.8163,0.0293,0.6113,0.0216,0.6990,0.0238,0.8460,0.0127
flow,4,2,3,0.0090,0.0003,polar3,polar,10000,30000,0.9951,0.0012,0.9963,0.0010,0.9968,0.0010,0.7845,0.0196,0.8660,0.0349,0.8229,0.0223,0.9096,0.0116
flow,4,2,3,0.0090,0.0003,knn,knn,15000,45000,0.9489,0.0004,0.9535,0.0002,0.9521,0.0002,0.6512,0.0243,0.4478,0.0094,0.5307,0.0145,0.7421,0.0073
flow,4,2,3,0.0090,0.0003,altered_knn,altered_knn,15000,30000,0.9142,0.0308,0.9205,0.0319,0.9476,0.0132,0.0321,0.0030,0.2217,0.1087,0.0542,0.0020,0.4873,0.0167
flow,4,2,3,0.0090,0.0003,quadratic,quadratic,15000,45000,0.9897,0.0014,0.9931,0.0012,0.9920,0.0012,0.8139,0.0318,0.6147,0.0249,0.7003,0.0264,0.8467,0.0137
flow,4,2,3,0.0090,0.0003,polar3,polar,15000,45000,0.9951,0.0012,0.9962,0.0010,0.9968,0.0010,0.7777,0.0228,0.8663,0.0359,0.8193,0.0248,0.9078,0.0128
flow,4,2,3,0.0090,0.0003,knn,knn,20000,60000,0.9520,0.0006,0.9565,0.0005,0.9551,0.0006,0.6662,0.0227,0.4514,0.0049,0.5380,0.0093,0.7473,0.0045
flow,4,2,3,0.0090,0.0003,altered_knn,altered_knn,20000,40000,0.9375,0.0056,0.9448,0.0061,0.9578,0.0016,0.0326,0.0024,0.1290,0.0297,0.0513,0.0010,0.4981,0.0032
flow,4,2,3,0.0090,0.0003,quadratic,quadratic,20000,60000,0.9897,0.0016,0.9931,0.0014,0.9920,0.0014,0.8171,0.0325,0.6132,0.0238,0.7005,0.0264,0.8468,0.0139
flow,4,2,3,0.0090,0.0003,polar3,polar,20000,60000,0.9951,0.0012,0.9963,0.0010,0.9968,0.0010,0.7793,0.0259,0.8660,0.0354,0.8200,0.0244,0.9081,0.0127
flow,4,4,3,0.0103,0.0001,knn,knn,2000,12000,0.8390,0.0104,0.8439,0.0104,0.8476,0.0114,0.2443,0.0645,0.3739,0.0078,0.2901,0.0439,0.5670,0.0170
flow,4,4,3,0.0103,0.0001,altered_knn,altered_knn,2000,8000,0.8937,0.0072,0.9023,0.0072,0.9055,0.0078,0.0425,0.0023,0.0668,0.0209,0.0504,0.0042,0.4764,0.0038
flow,4,4,3,0.0103,0.0001,quadratic,quadratic,2000,12000,0.9414,0.0040,0.9453,0.0040,0.9463,0.0040,0.4767,0.0143,0.5681,0.0067,0.5183,0.0108,0.7318,0.0054
flow,4,4,3,0.0103,0.0001,polar3,polar,2000,12000,0.9786,0.0011,0.9814,0.0010,0.9838,0.0012,0.4880,0.0120,0.7133,0.0099,0.5793,0.0058,0.7804,0.0026
flow,4,4,3,0.0103,0.0001,knn,knn,5000,30000,0.8703,0.0095,0.8752,0.0095,0.8780,0.0106,0.2827,0.0627,0.4019,0.0162,0.3269,0.0364,0.6011,0.0135
flow,4,4,3,0.0103,0.0001,altered_knn,altered_knn,5000,20000,0.8756,0.0105,0.8824,0.0113,0.9095,0.0029,0.0370,0.0080,0.2228,0.0714,0.0606,0.0063,0.4715,0.0087
flow,4,4,3,0.0103,0.0001,quadratic,quadratic,5000,30000,0.9414,0.0037,0.9453,0.0037,0.9462,0.0037,0.4851,0.0163,0.5654,0.0076,0.5221,0.0127,0.7337,0.0062
flow,4,4,3,0.0103,0.0001,polar3,polar,5000,30000,0.9804,0.0008,0.9833,0.0006,0.9853,0.0009,0.5104,0.0134,0.7046,0.0151,0.5917,0.0046,0.7875,0.0021
flow,4,4,3,0.0103,0.0001,knn,knn,10000,60000,0.8907,0.0086,0.8956,0.0086,0.8978,0.0095,0.3150,0.0656,0.4221,0.0081,0.3568,0.0397,0.6262,0.0156
flow,4,4,3,0.0103,0.0001,altered_knn,altered_knn,10000,40000,0.8645,0.0248,0.8705,0.0265,0.9083,0.0031,0.0386,0.0111,0.2897,0.1353,0.0613,0.0063,0.4659,0.0164
flow,4,4,3,0.0103,0.0001,quadratic,quadratic,10000,60000,0.9415,0.0036,0.9454,0.0036,0.9462,0.0036,0.4951,0.0141,0.5636,0.0095,0.5271,0.0119,0.7363,0.0058
flow,4,4,3,0.0103,0.0001,polar3,polar,10000,60000,0.9807,0.0009,0.9835,0.0008,0.9856,0.0009,0.5080,0.0244,0.7072,0.0127,0.5906,0.0126,0.7871,0.0064
flow,4,4,3,0.0103,0.0001,knn,knn,15000,90000,0.9014,0.0075,0.9063,0.0075,0.9085,0.0085,0.3223,0.0639,0.4355,0.0068,0.3667,0.0396,0.6365,0.0161
flow,4,4,3,0.0103,0.0001,altered_knn,altered_knn,15000,60000,0.8790,0.0248,0.8855,0.0262,0.9158,0.0086,0.0362,0.0031,0.2524,0.1152,0.0613,0.0022,0.4734,0.0136
flow,4,4,3,0.0103,0.0001,quadratic,quadratic,15000,90000,0.9417,0.0035,0.9456,0.0035,0.9465,0.0035,0.4932,0.0156,0.5636,0.0089,0.5260,0.0125,0.7358,0.0060
flow,4,4,3,0.0103,0.0001,polar3,polar,15000,90000,0.9807,0.0010,0.9836,0.0010,0.9856,0.0010,0.5098,0.0320,0.7051,0.0119,0.5909,0.0176,0.7873,0.0091
flow,4,4,3,0.0103,0.0001,knn,knn,20000,120000,0.9083,0.0071,0.9131,0.0072,0.9151,0.0082,0.3390,0.0691,0.4450,0.0092,0.3808,0.0414,0.6469,0.0171
flow,4,4,3,0.0103,0.0001,altered_knn,altered_knn,20000,80000,0.8958,0.0153,0.9031,0.0164,0.9228,0.0042,0.0483,0.0168,0.1982,0.1003,0.0689,0.0089,0.4860,0.0112
flow,4,4,3,0.0103,0.0001,quadratic,quadratic,20000,120000,0.9417,0.0034,0.9457,0.0035,0.9465,0.0034,0.4959,0.0175,0.5634,0.0097,0.5274,0.0137,0.7365,0.0066
flow,4,4,3,0.0103,0.0001,polar3,polar,20000,120000,0.9810,0.0010,0.9838,0.0010,0.9858,0.0009,0.5146,0.0320,0.7057,0.0115,0.5943,0.0174,0.7891,0.0090
flow,4,8,3,0.0116,0.0003,knn,knn,2000,24000,0.7927,0.0118,0.7974,0.0116,0.8103,0.0109,0.1106,0.0053,0.3982,0.0156,0.1731,0.0079,0.4852,0.0097
flow,4,8,3,0.0116,0.0003,altered_knn,altered_knn,2000,16000,0.8654,0.0072,0.8743,0.0072,0.8819,0.0054,0.0439,0.0022,0.1060,0.0144,0.0617,0.0020,0.4680,0.0038
flow,4,8,3,0.0116,0.0003,quadratic,quadratic,2000,24000,0.9023,0.0126,0.9074,0.0125,0.9122,0.0120,0.2540,0.0170,0.4703,0.0143,0.3296,0.0162,0.6185,0.0142
flow,4,8,3,0.0116,0.0003,polar3,polar,2000,24000,0.9643,0.0042,0.9688,0.0039,0.9742,0.0038,0.3001,0.0076,0.5886,0.0172,0.3975,0.0101,0.6831,0.0070
flow,4,8,3,0.0116,0.0003,knn,knn,5000,60000,0.8344,0.0104,0.8394,0.0102,0.8498,0.0094,0.1377,0.0085,0.4122,0.0153,0.2064,0.0115,0.5229,0.0107
flow,4,8,3,0.0116,0.0003,altered_knn,altered_knn,5000,40000,0.8795,0.0086,0.8885,0.0088,0.8948,0.0046,0.0498,0.0047,0.1036,0.0338,0.0645,0.0055,0.4765,0.0044
flow,4,8,3,0.0116,0.0003,quadratic,quadratic,5000,60000,0.9028,0.0127,0.9078,0.0126,0.9125,0.0120,0.2564,0.0197,0.4704,0.0131,0.3316,0.0187,0.6197,0.0156
flow,4,8,3,0.0116,0.0003,polar3,polar,5000,60000,0.9658,0.0041,0.9702,0.0038,0.9753,0.0036,0.3101,0.0091,0.5845,0.0135,0.4052,0.0108,0.6877,0.0073
flow,4,8,3,0.0116,0.0003,knn,knn,10000,120000,0.8613,0.0088,0.8664,0.0087,0.8754,0.0080,0.1586,0.0065,0.4245,0.0089,0.2309,0.0081,0.5486,0.0083
flow,4,8,3,0.0116,0.0003,altered_knn,altered_knn,10000,80000,0.8749,0.0155,0.8828,0.0164,0.9010,0.0054,0.0496,0.0107,0.1975,0.0712,0.0749,0.0055,0.4788,0.0109
flow,4,8,3,0.0116,0.0003,quadratic,quadratic,10000,120000,0.9029,0.0127,0.9080,0.0126,0.9127,0.0119,0.2572,0.0212,0.4708,0.0132,0.3322,0.0198,0.6201,0.0162
flow,4,8,3,0.0116,0.0003,polar3,polar,10000,120000,0.9662,0.0042,0.9707,0.0040,0.9756,0.0037,0.3145,0.0132,0.5866,0.0152,0.4094,0.0145,0.6901,0.0092
flow,4,8,3,0.0116,0.0003,knn,knn,15000,180000,0.8750,0.0081,0.8802,0.0079,0.8883,0.0073,0.1735,0.0084,0.4341,0.0122,0.2479,0.0106,0.5640,0.0092
flow,4,8,3,0.0116,0.0003,altered_knn,altered_knn,15000,120000,0.8982,0.0074,0.9078,0.0075,0.9094,0.0047,0.0657,0.0064,0.0797,0.0242,0.0694,0.0046,0.4886,0.0017
flow,4,8,3,0.0116,0.0003,quadratic,quadratic,15000,180000,0.9031,0.0128,0.9081,0.0127,0.9128,0.0121,0.2583,0.0206,0.4698,0.0133,0.3329,0.0191,0.6205,0.0159
flow,4,8,3,0.0116,0.0003,polar3,polar,15000,180000,0.9662,0.0042,0.9706,0.0040,0.9756,0.0037,0.3141,0.0113,0.5878,0.0141,0.4094,0.0129,0.6900,0.0084
flow,4,8,3,0.0116,0.0003,knn,knn,20000,240000,0.8844,0.0076,0.8895,0.0074,0.8971,0.0069,0.1867,0.0086,0.4447,0.0128,0.2629,0.0107,0.5762,0.0091
flow,4,8,3,0.0116,0.0003,altered_knn,altered_knn,20000,160000,0.8939,0.0072,0.9026,0.0076,0.9116,0.0042,0.0582,0.0074,0.1465,0.0432,0.0806,0.0033,0.4916,0.0053
flow,4,8,3,0.0116,0.0003,quadratic,quadratic,20000,240000,0.9058,0.0126,0.9109,0.0125,0.9152,0.0119,0.2679,0.0187,0.4668,0.0136,0.3401,0.0174,0.6255,0.0149
flow,4,8,3,0.0116,0.0003,polar3,polar,20000,240000,0.9667,0.0042,0.9711,0.0039,0.9761,0.0037,0.3169,0.0129,0.5893,0.0161,0.4122,0.0149,0.6917,0.0093
flow,4,16,3,0.0128,0.0004,knn,knn,2000,48000,0.7732,0.0052,0.7779,0.0053,0.7950,0.0058,0.0953,0.0021,0.4090,0.0042,0.1546,0.0029,0.4663,0.0015
flow,4,16,3,0.0128,0.0004,altered_knn,altered_knn,2000,32000,0.8465,0.0127,0.8553,0.0139,0.8674,0.0039,0.0573,0.0072,0.1683,0.0744,0.0804,0.0020,0.4678,0.0061
flow,4,16,3,0.0128,0.0004,quadratic,quadratic,2000,48000,0.8896,0.0077,0.8953,0.0079,0.9060,0.0082,0.1592,0.0050,0.4458,0.0114,0.2344,0.0039,0.5649,0.0045
flow,4,16,3,0.0128,0.0004,polar3,polar,2000,48000,0.9500,0.0022,0.9555,0.0022,0.9630,0.0022,0.2373,0.0034,0.5239,0.0091,0.3266,0.0020,0.6411,0.0020
flow,4,16,3,0.0128,0.0004,knn,knn,5000,120000,0.8179,0.0053,0.8231,0.0054,0.8367,0.0058,0.1210,0.0030,0.4219,0.0058,0.1880,0.0034,0.5056,0.0017
flow,4,16,3,0.0128,0.0004,altered_knn,altered_knn,5000,80000,0.8478,0.0376,0.8560,0.0405,0.8779,0.0109,0.0637,0.0181,0.2194,0.1876,0.0767,0.0056,0.4664,0.0216
flow,4,16,3,0.0128,0.0004,quadratic,quadratic,5000,120000,0.8903,0.0085,0.8961,0.0087,0.9066,0.0088,0.1611,0.0076,0.4454,0.0117,0.2364,0.0068,0.5663,0.0064
flow,4,16,3,0.0128,0.0004,polar3,polar,5000,120000,0.9507,0.0015,0.9563,0.0015,0.9636,0.0015,0.2410,0.0039,0.5228,0.0114,0.3299,0.0015,0.6431,0.0012
flow,4,16,3,0.0128,0.0004,knn,knn,10000,240000,0.8489,0.0050,0.8543,0.0051,0.8656,0.0053,0.1455,0.0028,0.4368,0.0110,0.2183,0.0033,0.5363,0.0009
flow,4,16,3,0.0128,0.0004,altered_knn,altered_knn,10000,160000,0.8516,0.0390,0.8589,0.0417,0.8867,0.0128,0.0630,0.0161,0.2856,0.1789,0.0904,0.0129,0.4746,0.0259
flow,4,16,3,0.0128,0.0004,quadratic,quadratic,10000,240000,0.8945,0.0079,0.9004,0.0080,0.9103,0.0081,0.1661,0.0086,0.4436,0.0112,0.2414,0.0076,0.5709,0.0062
flow,4,16,3,0.0128,0.0004,polar3,polar,10000,240000,0.9519,0.0014,0.9575,0.0014,0.9646,0.0014,0.2444,0.0042,0.5238,0.0113,0.3332,0.0017,0.6453,0.0011
flow,4,16,3,0.0128,0.0004,knn,knn,15000,360000,0.8646,0.0049,0.8701,0.0050,0.8804,0.0050,0.1586,0.0030,0.4406,0.0084,0.2332,0.0025,0.5517,0.0021
flow,4,16,3,0.0128,0.0004,altered_knn,altered_knn,15000,240000,0.8905,0.0051,0.9010,0.0057,0.9006,0.0027,0.0977,0.0148,0.0840,0.0351,0.0831,0.0152,0.4920,0.0052
flow,4,16,3,0.0128,0.0004,quadratic,quadratic,15000,360000,0.8989,0.0063,0.9047,0.0065,0.9167,0.0067,0.1502,0.0057,0.4518,0.0080,0.2253,0.0056,0.5650,0.0042
flow,4,16,3,0.0128,0.0004,polar3,polar,15000,360000,0.9535,0.0011,0.9590,0.0013,0.9659,0.0012,0.2502,0.0064,0.5253,0.0091,0.3388,0.0040,0.6489,0.0024
flow,4,16,3,0.0128,0.0004,knn,knn,20000,480000,0.8747,0.0044,0.8803,0.0045,0.8896,0.0045,0.1714,0.0039,0.4439,0.0087,0.2473,0.0032,0.5638,0.0018
flow,4,16,3,0.0128,0.0004,altered_knn,altered_knn,20000,320000,0.8939,0.0030,0.9042,0.0035,0.9046,0.0029,0.0954,0.0081,0.0976,0.0362,0.0920,0.0115,0.4981,0.0052
flow,4,16,3,0.0128,0.0004,quadratic,quadratic,20000,480000,0.8968,0.0056,0.9025,0.0058,0.9182,0.0059,0.1266,0.0030,0.4599,0.0070,0.1985,0.0031,0.5505,0.0033
flow,4,16,3,0.0128,0.0004,polar3,polar,20000,480000,0.9545,0.0009,0.9601,0.0012,0.9667,0.0009,0.2560,0.0084,0.5254,0.0095,0.3441,0.0060,0.6521,0.0033
flow,8,2,3,0.0096,0.0001,knn,knn,2000,6000,0.8183,0.0018,0.8255,0.0018,0.8216,0.0020,0.5510,0.0423,0.0659,0.0052,0.1177,0.0088,0.4716,0.0042
flow,8,2,3,0.0096,0.0001,altered_knn,altered_knn,2000,4000,0.8900,0.0104,0.8974,0.0110,0.9179,0.0046,0.0205,0.0024,0.1190,0.0425,0.0346,0.0055,0.4660,0.0031
flow,8,2,3,0.0096,0.0001,quadratic,quadratic,2000,6000,0.9871,0.0019,0.9917,0.0019,0.9896,0.0019,0.8952,0.0165,0.5042,0.0004,0.6450,0.0042,0.8184,0.0023
flow,8,2,3,0.0096,0.0001,polar3,polar,2000,6000,0.9931,0.0005,0.9948,0.0005,0.9946,0.0005,0.8528,0.0100,0.8252,0.0067,0.8387,0.0014,0.9167,0.0009
flow,8,2,3,0.0096,0.0001,knn,knn,5000,15000,0.8338,0.0020,0.8412,0.0020,0.8373,0.0020,0.6710,0.0285,0.0716,0.0092,0.1292,0.0150,0.4852,0.0076
flow,8,2,3,0.0096,0.0001,altered_knn,altered_knn,5000,10000,0.8224,0.0809,0.8273,0.0833,0.8879,0.0435,0.0219,0.0031,0.3171,0.1684,0.0400,0.0046,0.4337,0.0434
flow,8,2,3,0.0096,0.0001,quadratic,quadratic,5000,15000,0.9887,0.0008,0.9934,0.0008,0.9912,0.0008,0.9198,0.0085,0.4989,0.0033,0.6469,0.0031,0.8202,0.0020
flow,8,2,3,0.0096,0.0001,polar3,polar,5000,15000,0.9945,0.0002,0.9961,0.0002,0.9958,0.0002,0.8885,0.0058,0.8318,0.0040,0.8592,0.0046,0.9277,0.0022
flow,8,2,3,0.0096,0.0001,knn,knn,10000,30000,0.8453,0.0030,0.8528,0.0030,0.8487,0.0031,0.6931,0.0500,0.0740,0.0056,0.1337,0.0099,0.4932,0.0039
flow,8,2,3,0.0096,0.0001,altered_knn,altered_knn,10000,20000,0.8340,0.0837,0.8391,0.0861,0.8947,0.0443,0.0245,0.0043,0.3081,0.1718,0.0438,0.0058,0.4414,0.0460
flow,8,2,3,0.0096,0.0001,quadratic,quadratic,10000,30000,0.9893,0.0010,0.9941,0.0010,0.9918,0.0010,0.9313,0.0086,0.5004,0.0032,0.6510,0.0045,0.8225,0.0025
flow,8,2,3,0.0096,0.0001,polar3,polar,10000,30000,0.9947,0.0001,0.9963,0.0002,0.9960,0.0002,0.8948,0.0069,0.8336,0.0036,0.8631,0.0052,0.9297,0.0025
flow,8,2,3,0.0096,0.0001,knn,knn,15000,45000,0.8531,0.0029,0.8606,0.0030,0.8566,0.0031,0.7262,0.0706,0.0761,0.0085,0.1378,0.0152,0.4992,0.0063
flow,8,2,3,0.0096,0.0001,altered_knn,altered_knn,15000,30000,0.8986,0.0029,0.9057,0.0029,0.9280,0.0013,0.0267,0.0021,0.1594,0.0050,0.0458,0.0032,0.4757,0.0030
flow,8,2,3,0.0096,0.0001,quadratic,quadratic,15000,45000,0.9893,0.0014,0.9940,0.0014,0.9918,0.0014,0.9305,0.0037,0.5046,0.0029,0.6543,0.0033,0.8241,0.0016
flow,8,2,3,0.0096,0.0001,polar3,polar,15000,45000,0.9947,0.0002,0.9962,0.0002,0.9959,0.0002,0.8930,0.0113,0.8350,0.0030,0.8630,0.0069,0.9296,0.0034
flow,8,2,3,0.0096,0.0001,knn,knn,20000,60000,0.8550,0.0016,0.8624,0.0016,0.8586,0.0017,0.7017,0.0416,0.0859,0.0086,0.1530,0.0145,0.5077,0.0069
flow,8,2,3,0.0096,0.0001,altered_knn,altered_knn,20000,40000,0.8646,0.0287,0.8703,0.0298,0.9164,0.0125,0.0244,0.0030,0.2727,0.0862,0.0443,0.0043,0.4573,0.0157
flow,8,2,3,0.0096,0.0001,quadratic,quadratic,20000,60000,0.9891,0.0014,0.9938,0.0014,0.9916,0.0014,0.9300,0.0108,0.4990,0.0015,0.6495,0.0039,0.8216,0.0019
flow,8,2,3,0.0096,0.0001,polar3,polar,20000,60000,0.9946,0.0002,0.9962,0.0002,0.9959,0.0003,0.8929,0.0107,0.8346,0.0021,0.8628,0.0058,0.9295,0.0028
flow,8,4,3,0.0107,0.0001,knn,knn,2000,12000,0.6921,0.0093,0.6982,0.0094,0.6978,0.0095,0.1928,0.0580,0.1265,0.0038,0.1489,0.0207,0.4235,0.0060
flow,8,4,3,0.0107,0.0001,altered_knn,altered_knn,2000,8000,0.8320,0.0162,0.8393,0.0171,0.8578,0.0048,0.0340,0.0066,0.1517,0.0704,0.0500,0.0018,0.4446,0.0077
flow,8,4,3,0.0107,0.0001,quadratic,quadratic,2000,12000,0.9523,0.0074,0.9569,0.0073,0.9555,0.0073,0.7335,0.0025,0.5249,0.0076,0.6119,0.0060,0.7844,0.0064
flow,8,4,3,0.0107,0.0001,polar3,polar,2000,12000,0.9762,0.0036,0.9795,0.0036,0.9800,0.0038,0.6162,0.0385,0.6654,0.0055,0.6391,0.0180,0.8093,0.0083
flow,8,4,3,0.0107,0.0001,knn,knn,5000,30000,0.7137,0.0081,0.7200,0.0082,0.7191,0.0078,0.2382,0.0431,0.1364,0.0069,0.1727,0.0165,0.4463,0.0074
flow,8,4,3,0.0107,0.0001,altered_knn,altered_knn,5000,20000,0.8548,0.0011,0.8630,0.0009,0.8699,0.0024,0.0369,0.0006,0.0902,0.0119,0.0522,0.0014,0.4576,0.0011
flow,8,4,3,0.0107,0.0001,quadratic,quadratic,5000,30000,0.9539,0.0075,0.9586,0.0075,0.9570,0.0075,0.7547,0.0043,0.5250,0.0058,0.6192,0.0038,0.7889,0.0056
flow,8,4,3,0.0107,0.0001,polar3,polar,5000,30000,0.9817,0.0032,0.9851,0.0032,0.9847,0.0032,0.7184,0.0119,0.6714,0.0078,0.6940,0.0017,0.8395,0.0022
flow,8,4,3,0.0107,0.0001,knn,knn,10000,60000,0.7298,0.0074,0.7360,0.0074,0.7345,0.0067,0.3152,0.0410,0.1505,0.0021,0.2031,0.0107,0.4696,0.0059
flow,8,4,3,0.0107,0.0001,altered_knn,altered_knn,10000,40000,0.8615,0.0054,0.8698,0.0060,0.8767,0.0020,0.0383,0.0032,0.0880,0.0542,0.0485,0.0055,0.4591,0.0003
flow,8,4,3,0.0107,0.0001,quadratic,quadratic,10000,60000,0.9547,0.0080,0.9593,0.0080,0.9578,0.0080,0.7593,0.0065,0.5265,0.0078,0.6218,0.0051,0.7905,0.0065
flow,8,4,3,0.0107,0.0001,polar3,polar,10000,60000,0.9834,0.0026,0.9868,0.0026,0.9863,0.0026,0.7468,0.0116,0.6745,0.0081,0.7087,0.0008,0.8477,0.0015
flow,8,4,3,0.0107,0.0001,knn,knn,15000,90000,0.7391,0.0074,0.7454,0.0075,0.7437,0.0068,0.3386,0.0412,0.1522,0.0072,0.2097,0.0149,0.4776,0.0077
flow,8,4,3,0.0107,0.0001,altered_knn,altered_knn,15000,60000,0.8650,0.0121,0.8733,0.0128,0.8808,0.0041,0.0410,0.0047,0.0957,0.0620,0.0511,0.0056,0.4622,0.0039
flow,8,4,3,0.0107,0.0001,quadratic,quadratic,15000,90000,0.9547,0.0081,0.9593,0.0081,0.9577,0.0080,0.7612,0.0057,0.5265,0.0068,0.6224,0.0059,0.7909,0.0070
flow,8,4,3,0.0107,0.0001,polar3,polar,15000,90000,0.9841,0.0023,0.9874,0.0023,0.9869,0.0023,0.7535,0.0071,0.6758,0.0067,0.7125,0.0027,0.8500,0.0025
flow,8,4,3,0.0107,0.0001,knn,knn,20000,120000,0.7445,0.0082,0.7509,0.0081,0.7491,0.0077,0.3587,0.0395,0.1582,0.0079,0.2192,0.0135,0.4850,0.0091
flow,8,4,3,0.0107,0.0001,altered_knn,altered_knn,20000,80000,0.8743,0.0027,0.8831,0.0026,0.8848,0.0026,0.0417,0.0028,0.0561,0.0130,0.0475,0.0068,0.4653,0.0031
flow,8,4,3,0.0107,0.0001,quadratic,quadratic,20000,120000,0.9548,0.0080,0.9594,0.0080,0.9578,0.0080,0.7614,0.0084,0.5238,0.0073,0.6206,0.0062,0.7900,0.0069
flow,8,4,3,0.0107,0.0001,polar3,polar,20000,120000,0.9842,0.0023,0.9875,0.0023,0.9869,0.0023,0.7547,0.0109,0.6759,0.0065,0.7130,0.0023,0.8503,0.0022
flow,8,8,3,0.0125,0.0002,knn,knn,2000,24000,0.5994,0.0054,0.6045,0.0055,0.6086,0.0041,0.0960,0.0134,0.1941,0.0028,0.1278,0.0116,0.3661,0.0085
flow,8,8,3,0.0125,0.0002,altered_knn,altered_knn,2000,16000,0.7831,0.0033,0.7903,0.0035,0.8155,0.0013,0.0374,0.0014,0.2178,0.0266,0.0636,0.0016,0.4269,0.0019
flow,8,8,3,0.0125,0.0002,quadratic,quadratic,2000,24000,0.9256,0.0056,0.9310,0.0055,0.9306,0.0056,0.5425,0.0080,0.4973,0.0102,0.5188,0.0075,0.7249,0.0062
flow,8,8,3,0.0125,0.0002,polar3,polar,2000,24000,0.9630,0.0014,0.9682,0.0013,0.9682,0.0011,0.5559,0.0258,0.5504,0.0034,0.5529,0.0142,0.7606,0.0078
flow,8,8,3,0.0125,0.0002,knn,knn,5000,60000,0.6282,0.0040,0.6335,0.0041,0.6366,0.0034,0.1189,0.0050,0.2097,0.0062,0.1517,0.0054,0.3926,0.0041
flow,8,8,3,0.0125,0.0002,altered_knn,altered_knn,5000,40000,0.8072,0.0055,0.8157,0.0060,0.8275,0.0013,0.0422,0.0007,0.1349,0.0516,0.0622,0.0072,0.4390,0.0019
flow,8,8,3,0.0125,0.0002,quadratic,quadratic,5000,60000,0.9288,0.0054,0.9343,0.0054,0.9337,0.0054,0.5508,0.0057,0.4986,0.0065,0.5234,0.0051,0.7288,0.0046
flow,8,8,3,0.0125,0.0002,polar3,polar,5000,60000,0.9692,0.0014,0.9745,0.0014,0.9738,0.0013,0.6224,0.0172,0.5488,0.0018,0.5832,0.0084,0.7788,0.0048
flow,8,8,3,0.0125,0.0002,knn,knn,10000,120000,0.6508,0.0031,0.6563,0.0031,0.6587,0.0029,0.1414,0.0016,0.2222,0.0042,0.1728,0.0008,0.4145,0.0017
flow,8,8,3,0.0125,0.0002,altered_knn,altered_knn,10000,80000,0.7936,0.0349,0.8007,0.0374,0.8311,0.0078,0.0386,0.0056,0.2312,0.1619,0.0607,0.0022,0.4307,0.0198
flow,8,8,3,0.0125,0.0002,quadratic,quadratic,10000,120000,0.9292,0.0055,0.9346,0.0055,0.9340,0.0056,0.5563,0.0102,0.4976,0.0052,0.5252,0.0058,0.7299,0.0047
flow,8,8,3,0.0125,0.0002,polar3,polar,10000,120000,0.9712,0.0010,0.9766,0.0010,0.9757,0.0010,0.6441,0.0143,0.5502,0.0052,0.5934,0.0089,0.7850,0.0048
flow,8,8,3,0.0125,0.0002,knn,knn,15000,180000,0.6626,0.0031,0.6682,0.0031,0.6702,0.0028,0.1498,0.0073,0.2193,0.0035,0.1779,0.0053,0.4230,0.0024
flow,8,8,3,0.0125,0.0002,altered_knn,altered_knn,15000,120000,0.8200,0.0074,0.8284,0.0081,0.8429,0.0016,0.0439,0.0028,0.1595,0.0445,0.0673,0.0026,0.4478,0.0032
flow,8,8,3,0.0125,0.0002,quadratic,quadratic,15000,180000,0.9296,0.0057,0.9351,0.0057,0.9344,0.0057,0.5610,0.0088,0.4961,0.0059,0.5265,0.0056,0.7308,0.0049
flow,8,8,3,0.0125,0.0002,polar3,polar,15000,180000,0.9719,0.0010,0.9773,0.0010,0.9763,0.0010,0.6486,0.0089,0.5488,0.0039,0.5945,0.0045,0.7859,0.0027
flow,8,8,3,0.0125,0.0002,knn,knn,20000,240000,0.6716,0.0029,0.6773,0.0029,0.6792,0.0027,0.1599,0.0071,0.2217,0.0020,0.1857,0.0053,0.4315,0.0017
flow,8,8,3,0.0125,0.0002,altered_knn,altered_knn,20000,160000,0.8247,0.0071,0.8333,0.0077,0.8470,0.0020,0.0434,0.0037,0.1500,0.0342,0.0662,0.0017,0.4498,0.0047
flow,8,8,3,0.0125,0.0002,quadratic,quadratic,20000,240000,0.9322,0.0059,0.9378,0.0059,0.9369,0.0059,0.5899,0.0087,0.4916,0.0063,0.5362,0.0050,0.7370,0.0050
flow,8,8,3,0.0125,0.0002,polar3,polar,20000,240000,0.9726,0.0010,0.9779,0.0010,0.9770,0.0010,0.6480,0.0118,0.5511,0.0037,0.5956,0.0049,0.7868,0.0029
flow,8,16,3,0.0138,0.0005,knn,knn,2000,48000,0.5219,0.0026,0.5256,0.0027,0.5375,0.0024,0.0608,0.0021,0.2598,0.0081,0.0985,0.0022,0.3120,0.0021
flow,8,16,3,0.0138,0.0005,altered_knn,altered_knn,2000,32000,0.7477,0.0176,0.7559,0.0197,0.7724,0.0013,0.0458,0.0059,0.1648,0.1288,0.0585,0.0153,0.4072,0.0083
flow,8,16,3,0.0138,0.0005,quadratic,quadratic,2000,48000,0.8962,0.0009,0.9023,0.0008,0.9037,0.0007,0.3770,0.0072,0.4578,0.0078,0.4134,0.0042,0.6579,0.0017
flow,8,16,3,0.0138,0.0005,polar3,polar,2000,48000,0.9429,0.0023,0.9494,0.0023,0.9500,0.0021,0.4421,0.0166,0.4794,0.0071,0.4597,0.0065,0.7046,0.0036
flow,8,16,3,0.0138,0.0005,knn,knn,5000,120000,0.5548,0.0013,0.5589,0.0013,0.5696,0.0016,0.0716,0.0027,0.2658,0.0039,0.1128,0.0033,0.3359,0.0014
flow,8,16,3,0.0138,0.0005,altered_knn,altered_knn,5000,80000,0.7584,0.0211,0.7662,0.0234,0.7874,0.0024,0.0441,0.0046,0.1968,0.1394,0.0640,0.0091,0.4151,0.0100
flow,8,16,3,0.0138,0.0005,quadratic,quadratic,5000,120000,0.8981,0.0012,0.9042,0.0010,0.9055,0.0011,0.3816,0.0070,0.4592,0.0066,0.4167,0.0041,0.6605,0.0017
flow,8,16,3,0.0138,0.0005,polar3,polar,5000,120000,0.9493,0.0016,0.9559,0.0015,0.9562,0.0015,0.4658,0.0158,0.4795,0.0063,0.4723,0.0068,0.7141,0.0031
flow,8,16,3,0.0138,0.0005,knn,knn,10000,240000,0.5838,0.0011,0.5882,0.0013,0.5977,0.0013,0.0834,0.0023,0.2723,0.0036,0.1276,0.0023,0.3579,0.0017
flow,8,16,3,0.0138,0.0005,altered_knn,altered_knn,10000,160000,0.7763,0.0172,0.7848,0.0188,0.7998,0.0023,0.0476,0.0033,0.1604,0.1165,0.0654,0.0086,0.4251,0.0058
flow,8,16,3,0.0138,0.0005,quadratic,quadratic,10000,240000,0.9017,0.0010,0.9080,0.0008,0.9087,0.0009,0.4085,0.0077,0.4523,0.0073,0.4292,0.0042,0.6686,0.0017
flow,8,16,3,0.0138,0.0005,polar3,polar,10000,240000,0.9524,0.0008,0.9591,0.0008,0.9591,0.0008,0.4795,0.0175,0.4774,0.0049,0.4782,0.0082,0.7187,0.0040
flow,8,16,3,0.0138,0.0005,knn,knn,15000,360000,0.5986,0.0009,0.6030,0.0011,0.6121,0.0011,0.0906,0.0028,0.2800,0.0017,0.1368,0.0029,0.3699,0.0019
flow,8,16,3,0.0138,0.0005,altered_knn,altered_knn,15000,240000,0.7939,0.0043,0.8039,0.0046,0.8074,0.0008,0.0531,0.0024,0.0830,0.0382,0.0604,0.0123,0.4321,0.0041
flow,8,16,3,0.0138,0.0005,quadratic,quadratic,15000,360000,0.9091,0.0016,0.9158,0.0017,0.9155,0.0016,0.4676,0.0074,0.4366,0.0065,0.4515,0.0039,0.6836,0.0013
flow,8,16,3,0.0138,0.0005,polar3,polar,15000,360000,0.9549,0.0007,0.9616,0.0007,0.9614,0.0008,0.4936,0.0168,0.4784,0.0035,0.4857,0.0081,0.7236,0.0040
flow,8,16,3,0.0138,0.0005,knn,knn,20000,480000,0.6088,0.0012,0.6134,0.0014,0.6221,0.0014,0.0950,0.0020,0.2800,0.0038,0.1419,0.0017,0.3777,0.0015
flow,8,16,3,0.0138,0.0005,altered_knn,altered_knn,20000,320000,0.7922,0.0088,0.8015,0.0101,0.8112,0.0004,0.0526,0.0073,0.1294,0.0780,0.0647,0.0123,0.4331,0.0033
flow,8,16,3,0.0138,0.0005,quadratic,quadratic,20000,480000,0.9124,0.0019,0.9191,0.0020,0.9185,0.0019,0.4942,0.0093,0.4321,0.0049,0.4610,0.0034,0.6901,0.0015
flow,8,16,3,0.0138,0.0005,polar3,polar,20000,480000,0.9561,0.0008,0.9627,0.0008,0.9625,0.0008,0.5031,0.0173,0.4809,0.0040,0.4916,0.0077,0.7272,0.0038
flow,16,2,3,0.0089,0.0003,knn,knn,2000,6000,0.7884,0.0015,0.7953,0.0013,0.7916,0.0013,0.2503,0.0398,0.0141,0.0044,0.0265,0.0079,0.4109,0.0043
flow,16,2,3,0.0089,0.0003,altered_knn,altered_knn,2000,4000,0.6970,0.0993,0.6987,0.1018,0.8077,0.0593,0.0166,0.0023,0.5053,0.1771,0.0318,0.0037,0.3652,0.0525
flow,16,2,3,0.0089,0.0003,quadratic,quadratic,2000,6000,0.9792,0.0005,0.9843,0.0006,0.9820,0.0005,0.8463,0.0172,0.4132,0.0203,0.5551,0.0200,0.7697,0.0097
flow,16,2,3,0.0089,0.0003,polar3,polar,2000,6000,0.9793,0.0015,0.9813,0.0013,0.9810,0.0012,0.8091,0.0443,0.7642,0.0165,0.7856,0.0272,0.8834,0.0142
flow,16,2,3,0.0089,0.0003,knn,knn,5000,15000,0.7939,0.0028,0.8009,0.0027,0.7973,0.0027,0.3461,0.0728,0.0132,0.0040,0.0255,0.0076,0.4132,0.0041
flow,16,2,3,0.0089,0.0003,altered_knn,altered_knn,5000,10000,0.8594,0.0058,0.8653,0.0060,0.9005,0.0012,0.0199,0.0013,0.1940,0.0256,0.0361,0.0024,0.4507,0.0025
flow,16,2,3,0.0089,0.0003,quadratic,quadratic,5000,15000,0.9841,0.0012,0.9891,0.0013,0.9867,0.0013,0.9133,0.0173,0.4262,0.0161,0.5811,0.0180,0.7851,0.0085
flow,16,2,3,0.0089,0.0003,polar3,polar,5000,15000,0.9903,0.0018,0.9914,0.0017,0.9926,0.0010,0.6989,0.1040,0.8695,0.0200,0.7717,0.0686,0.8816,0.0351
flow,16,2,3,0.0089,0.0003,knn,knn,10000,30000,0.8001,0.0033,0.8071,0.0031,0.8032,0.0033,0.3960,0.1274,0.0139,0.0064,0.0269,0.0123,0.4170,0.0064
flow,16,2,3,0.0089,0.0003,altered_knn,altered_knn,10000,20000,0.8301,0.0403,0.8351,0.0414,0.8884,0.0180,0.0192,0.0018,0.2689,0.0895,0.0355,0.0024,0.4353,0.0218
flow,16,2,3,0.0089,0.0003,quadratic,quadratic,10000,30000,0.9857,0.0005,0.9908,0.0004,0.9884,0.0005,0.9229,0.0338,0.4213,0.0156,0.5783,0.0192,0.7846,0.0095
flow,16,2,3,0.0089,0.0003,polar3,polar,10000,30000,0.9924,0.0011,0.9933,0.0009,0.9942,0.0006,0.7422,0.0627,0.8842,0.0210,0.8062,0.0451,0.8998,0.0230
flow,16,2,3,0.0089,0.0003,knn,knn,15000,45000,0.8013,0.0020,0.8084,0.0018,0.8043,0.0019,0.4228,0.0894,0.0160,0.0048,0.0308,0.0091,0.4196,0.0037
flow,16,2,3,0.0089,0.0003,altered_knn,altered_knn,15000,30000,0.7426,0.0758,0.7452,0.0775,0.8410,0.0467,0.0167,0.0013,0.4409,0.1299,0.0321,0.0025,0.3886,0.0392
flow,16,2,3,0.0089,0.0003,quadratic,quadratic,15000,45000,0.9871,0.0007,0.9920,0.0007,0.9897,0.0007,0.9337,0.0245,0.4322,0.0132,0.5906,0.0124,0.7913,0.0060
flow,16,2,3,0.0089,0.0003,polar3,polar,15000,45000,0.9927,0.0010,0.9937,0.0008,0.9947,0.0005,0.7299,0.0509,0.8905,0.0199,0.8018,0.0383,0.8977,0.0195
flow,16,2,3,0.0089,0.0003,knn,knn,20000,60000,0.8016,0.0010,0.8087,0.0010,0.8046,0.0012,0.4419,0.1200,0.0101,0.0016,0.0198,0.0032,0.4142,0.0012
flow,16,2,3,0.0089,0.0003,altered_knn,altered_knn,20000,40000,0.8247,0.0766,0.8300,0.0790,0.8813,0.0359,0.0161,0.0056,0.2440,0.1809,0.0286,0.0116,0.4293,0.0389
flow,16,2,3,0.0089,0.0003,quadratic,quadratic,20000,60000,0.9875,0.0006,0.9925,0.0005,0.9901,0.0006,0.9377,0.0316,0.4247,0.0135,0.5843,0.0126,0.7884,0.0062
flow,16,2,3,0.0089,0.0003,polar3,polar,20000,60000,0.9935,0.0008,0.9945,0.0006,0.9952,0.0004,0.7739,0.0397,0.8924,0.0200,0.8287,0.0314,0.9116,0.0160
flow,16,4,3,0.0095,0.0003,knn,knn,2000,12000,0.6199,0.0008,0.6255,0.0007,0.6226,0.0008,0.1456,0.0194,0.0338,0.0021,0.0546,0.0013,0.3400,0.0009
flow,16,4,3,0.0095,0.0003,altered_knn,altered_knn,2000,8000,0.8288,0.0014,0.8359,0.0013,0.8405,0.0030,0.0398,0.0047,0.0848,0.0205,0.0536,0.0080,0.4448,0.0043
flow,16,4,3,0.0095,0.0003,quadratic,quadratic,2000,12000,0.9568,0.0030,0.9612,0.0031,0.9595,0.0030,0.7627,0.0063,0.4960,0.0093,0.6011,0.0062,0.7811,0.0038
flow,16,4,3,0.0095,0.0003,polar3,polar,2000,12000,0.9530,0.0017,0.9554,0.0016,0.9587,0.0016,0.4053,0.0153,0.6958,0.0057,0.5121,0.0138,0.7338,0.0068
flow,16,4,3,0.0095,0.0003,knn,knn,5000,30000,0.6313,0.0013,0.6370,0.0013,0.6341,0.0016,0.1693,0.0079,0.0334,0.0073,0.0555,0.0105,0.3463,0.0057
flow,16,4,3,0.0095,0.0003,altered_knn,altered_knn,5000,20000,0.8225,0.0179,0.8290,0.0188,0.8442,0.0033,0.0318,0.0037,0.1342,0.0932,0.0466,0.0018,0.4378,0.0088
flow,16,4,3,0.0095,0.0003,quadratic,quadratic,5000,30000,0.9649,0.0029,0.9693,0.0029,0.9675,0.0029,0.8072,0.0083,0.4992,0.0047,0.6169,0.0026,0.7931,0.0015
flow,16,4,3,0.0095,0.0003,polar3,polar,5000,30000,0.9745,0.0025,0.9768,0.0025,0.9794,0.0019,0.4764,0.0478,0.7334,0.0038,0.5763,0.0365,0.7766,0.0193
flow,16,4,3,0.0095,0.0003,knn,knn,10000,60000,0.6429,0.0012,0.6487,0.0014,0.6454,0.0010,0.1887,0.0082,0.0336,0.0060,0.0569,0.0091,0.3528,0.0040
flow,16,4,3,0.0095,0.0003,altered_knn,altered_knn,10000,40000,0.8409,0.0024,0.8487,0.0027,0.8482,0.0021,0.0277,0.0045,0.0249,0.0138,0.0249,0.0084,0.4368,0.0032
flow,16,4,3,0.0095,0.0003,quadratic,quadratic,10000,60000,0.9681,0.0039,0.9726,0.0039,0.9707,0.0039,0.8323,0.0083,0.4976,0.0018,0.6228,0.0033,0.7977,0.0035
flow,16,4,3,0.0095,0.0003,polar3,polar,10000,60000,0.9792,0.0023,0.9815,0.0023,0.9840,0.0019,0.4855,0.0401,0.7361,0.0035,0.5842,0.0302,0.7828,0.0160
flow,16,4,3,0.0095,0.0003,knn,knn,15000,90000,0.6472,0.0013,0.6531,0.0015,0.6498,0.0013,0.1915,0.0059,0.0294,0.0032,0.0510,0.0049,0.3521,0.0026
flow,16,4,3,0.0095,0.0003,altered_knn,altered_knn,15000,60000,0.8385,0.0034,0.8461,0.0038,0.8490,0.0017,0.0295,0.0013,0.0522,0.0185,0.0367,0.0066,0.4414,0.0015
flow,16,4,3,0.0095,0.0003,quadratic,quadratic,15000,90000,0.9688,0.0036,0.9733,0.0036,0.9714,0.0036,0.8349,0.0115,0.4976,0.0042,0.6236,0.0057,0.7984,0.0046
flow,16,4,3,0.0095,0.0003,polar3,polar,15000,90000,0.9804,0.0022,0.9827,0.0021,0.9851,0.0016,0.4873,0.0430,0.7368,0.0047,0.5856,0.0334,0.7842,0.0176
flow,16,4,3,0.0095,0.0003,knn,knn,20000,120000,0.6510,0.0029,0.6569,0.0030,0.6536,0.0030,0.2038,0.0117,0.0290,0.0053,0.0506,0.0085,0.3538,0.0046
flow,16,4,3,0.0095,0.0003,altered_knn,altered_knn,20000,80000,0.8234,0.0176,0.8299,0.0186,0.8463,0.0028,0.0258,0.0039,0.1354,0.1012,0.0382,0.0147,0.4341,0.0057
flow,16,4,3,0.0095,0.0003,quadratic,quadratic,20000,120000,0.9695,0.0036,0.9740,0.0036,0.9720,0.0036,0.8413,0.0109,0.5012,0.0066,0.6281,0.0070,0.8010,0.0053
flow,16,4,3,0.0095,0.0003,polar3,polar,20000,120000,0.9814,0.0016,0.9837,0.0016,0.9859,0.0014,0.5024,0.0299,0.7358,0.0035,0.5966,0.0223,0.7902,0.0117
flow,16,8,3,0.0101,0.0005,knn,knn,2000,24000,0.4922,0.0031,0.4964,0.0030,0.4952,0.0027,0.0836,0.0132,0.0813,0.0024,0.0818,0.0066,0.2891,0.0040
flow,16,8,3,0.0101,0.0005,altered_knn,altered_knn,2000,16000,0.7645,0.0154,0.7707,0.0166,0.7846,0.0038,0.0373,0.0038,0.1555,0.1009,0.0553,0.0020,0.4130,0.0074
flow,16,8,3,0.0101,0.0005,quadratic,quadratic,2000,24000,0.9260,0.0024,0.9302,0.0025,0.9295,0.0024,0.6004,0.0158,0.5079,0.0117,0.5500,0.0051,0.7401,0.0037
flow,16,8,3,0.0101,0.0005,polar3,polar,2000,24000,0.9432,0.0022,0.9465,0.0020,0.9465,0.0021,0.6193,0.0070,0.6214,0.0192,0.6203,0.0132,0.7834,0.0071
flow,16,8,3,0.0101,0.0005,knn,knn,5000,60000,0.5079,0.0029,0.5123,0.0030,0.5111,0.0028,0.0881,0.0081,0.0760,0.0003,0.0814,0.0035,0.2969,0.0031
flow,16,8,3,0.0101,0.0005,altered_knn,altered_knn,5000,40000,0.7613,0.0287,0.7674,0.0306,0.7877,0.0055,0.0355,0.0100,0.1668,0.1574,0.0427,0.0065,0.4051,0.0139
flow,16,8,3,0.0101,0.0005,quadratic,quadratic,5000,60000,0.9348,0.0023,0.9391,0.0024,0.9383,0.0023,0.6219,0.0187,0.5118,0.0119,0.5612,0.0048,0.7501,0.0036
flow,16,8,3,0.0101,0.0005,polar3,polar,5000,60000,0.9613,0.0015,0.9648,0.0012,0.9644,0.0014,0.6715,0.0096,0.6264,0.0194,0.6479,0.0090,0.8063,0.0050
flow,16,8,3,0.0101,0.0005,knn,knn,10000,120000,0.5216,0.0034,0.5261,0.0035,0.5248,0.0031,0.1037,0.0070,0.0771,0.0012,0.0883,0.0020,0.3072,0.0027
flow,16,8,3,0.0101,0.0005,altered_knn,altered_knn,10000,80000,0.7727,0.0142,0.7792,0.0151,0.7915,0.0031,0.0365,0.0067,0.1280,0.0971,0.0484,0.0057,0.4138,0.0047
flow,16,8,3,0.0101,0.0005,quadratic,quadratic,10000,120000,0.9376,0.0021,0.9419,0.0022,0.9410,0.0021,0.6352,0.0173,0.5162,0.0158,0.5691,0.0062,0.7555,0.0038
flow,16,8,3,0.0101,0.0005,polar3,polar,10000,120000,0.9669,0.0010,0.9704,0.0007,0.9699,0.0009,0.7018,0.0121,0.6251,0.0171,0.6609,0.0068,0.8157,0.0036
flow,16,8,3,0.0101,0.0005,knn,knn,15000,180000,0.5281,0.0037,0.5328,0.0039,0.5313,0.0036,0.1114,0.0062,0.0746,0.0031,0.0892,0.0009,0.3110,0.0016
flow,16,8,3,0.0101,0.0005,altered_knn,altered_knn,15000,120000,0.7840,0.0006,0.7915,0.0002,0.7930,0.0022,0.0409,0.0048,0.0539,0.0131,0.0451,0.0015,0.4183,0.0009
flow,16,8,3,0.0101,0.0005,quadratic,quadratic,15000,180000,0.9387,0.0022,0.9430,0.0022,0.9421,0.0021,0.6451,0.0213,0.5163,0.0159,0.5731,0.0064,0.7580,0.0041
flow,16,8,3,0.0101,0.0005,polar3,polar,15000,180000,0.9689,0.0009,0.9725,0.0006,0.9718,0.0008,0.7165,0.0060,0.6254,0.0185,0.6677,0.0098,0.8201,0.0052
flow,16,8,3,0.0101,0.0005,knn,knn,20000,240000,0.5332,0.0035,0.5379,0.0037,0.5363,0.0035,0.1160,0.0102,0.0742,0.0015,0.0904,0.0033,0.3141,0.0027
flow,16,8,3,0.0101,0.0005,altered_knn,altered_knn,20000,160000,0.7722,0.0111,0.7786,0.0120,0.7936,0.0024,0.0311,0.0016,0.1443,0.0718,0.0490,0.0033,0.4138,0.0052
flow,16,8,3,0.0101,0.0005,quadratic,quadratic,20000,240000,0.9419,0.0025,0.9463,0.0025,0.9451,0.0024,0.6831,0.0219,0.5084,0.0159,0.5825,0.0075,0.7644,0.0047
flow,16,8,3,0.0101,0.0005,polar3,polar,20000,240000,0.9706,0.0009,0.9741,0.0006,0.9732,0.0008,0.7634,0.0086,0.6312,0.0163,0.6908,0.0072,0.8325,0.0038
flow,16,16,3,0.0112,0.0002,knn,knn,2000,48000,0.3942,0.0014,0.3972,0.0014,0.3983,0.0011,0.0539,0.0048,0.1277,0.0029,0.0757,0.0052,0.2365,0.0033
flow,16,16,3,0.0112,0.0002,altered_knn,altered_knn,2000,32000,0.7210,0.0072,0.7268,0.0080,0.7440,0.0019,0.0417,0.0046,0.2017,0.0710,0.0672,0.0050,0.3970,0.0054
flow,16,16,3,0.0112,0.0002,quadratic,quadratic,2000,48000,0.9074,0.0038,0.9122,0.0037,0.9124,0.0038,0.4587,0.0095,0.4847,0.0067,0.4713,0.0076,0.6917,0.0049
flow,16,16,3,0.0112,0.0002,polar3,polar,2000,48000,0.9328,0.0026,0.9374,0.0025,0.9364,0.0025,0.6522,0.0086,0.5282,0.0068,0.5837,0.0074,0.7605,0.0049
flow,16,16,3,0.0112,0.0002,knn,knn,5000,120000,0.4155,0.0041,0.4188,0.0041,0.4198,0.0042,0.0621,0.0037,0.1270,0.0023,0.0833,0.0033,0.2510,0.0034
flow,16,16,3,0.0112,0.0002,altered_knn,altered_knn,5000,80000,0.7158,0.0279,0.7215,0.0304,0.7441,0.0018,0.0386,0.0061,0.2064,0.1987,0.0498,0.0154,0.3857,0.0138
flow,16,16,3,0.0112,0.0002,quadratic,quadratic,5000,120000,0.9154,0.0044,0.9202,0.0044,0.9203,0.0045,0.4766,0.0100,0.4917,0.0048,0.4840,0.0071,0.7021,0.0051
flow,16,16,3,0.0112,0.0002,polar3,polar,5000,120000,0.9470,0.0027,0.9517,0.0026,0.9504,0.0027,0.7036,0.0041,0.5265,0.0066,0.6023,0.0049,0.7770,0.0037
flow,16,16,3,0.0112,0.0002,knn,knn,10000,240000,0.4324,0.0032,0.4359,0.0033,0.4365,0.0033,0.0701,0.0030,0.1219,0.0008,0.0890,0.0025,0.2624,0.0024
flow,16,16,3,0.0112,0.0002,altered_knn,altered_knn,10000,160000,0.6955,0.0314,0.6994,0.0338,0.7437,0.0065,0.0341,0.0069,0.3500,0.1746,0.0572,0.0033,0.3783,0.0185
flow,16,16,3,0.0112,0.0002,quadratic,quadratic,10000,240000,0.9219,0.0046,0.9268,0.0046,0.9264,0.0047,0.5322,0.0102,0.4871,0.0048,0.5086,0.0065,0.7177,0.0050
flow,16,16,3,0.0112,0.0002,polar3,polar,10000,240000,0.9535,0.0020,0.9583,0.0019,0.9568,0.0019,0.7324,0.0041,0.5296,0.0083,0.6147,0.0070,0.7865,0.0045
flow,16,16,3,0.0112,0.0002,knn,knn,15000,360000,0.4415,0.0029,0.4451,0.0029,0.4458,0.0029,0.0733,0.0029,0.1222,0.0016,0.0916,0.0021,0.2684,0.0022
flow,16,16,3,0.0112,0.0002,altered_knn,altered_knn,15000,240000,0.7339,0.0056,0.7406,0.0058,0.7523,0.0023,0.0397,0.0029,0.1453,0.0270,0.0617,0.0018,0.4011,0.0038
flow,16,16,3,0.0112,0.0002,quadratic,quadratic,15000,360000,0.9322,0.0041,0.9375,0.0041,0.9361,0.0041,0.6332,0.0075,0.4681,0.0049,0.5383,0.0052,0.7379,0.0046
flow,16,16,3,0.0112,0.0002,polar3,polar,15000,360000,0.9569,0.0019,0.9617,0.0018,0.9601,0.0018,0.7479,0.0062,0.5376,0.0080,0.6255,0.0058,0.7936,0.0038
flow,16,16,3,0.0112,0.0002,knn,knn,20000,480000,0.4474,0.0026,0.4511,0.0027,0.4518,0.0027,0.0736,0.0006,0.1200,0.0035,0.0912,0.0014,0.2712,0.0009
flow,16,16,3,0.0112,0.0002,altered_knn,altered_knn,20000,320000,0.7203,0.0273,0.7258,0.0292,0.7500,0.0062,0.0387,0.0055,0.2285,0.1512,0.0614,0.0024,0.3936,0.0158
flow,16,16,3,0.0112,0.0002,quadratic,quadratic,20000,480000,0.9382,0.0036,0.9435,0.0036,0.9418,0.0036,0.6871,0.0090,0.4627,0.0049,0.5530,0.0057,0.7483,0.0045
flow,16,16,3,0.0112,0.0002,polar3,polar,20000,480000,0.9583,0.0017,0.9630,0.0016,0.9615,0.0017,0.7525,0.0063,0.5421,0.0084,0.6302,0.0045,0.7966,0.0030
flow,32,2,3,0.0083,0.0000,knn,knn,2000,6000,0.7428,0.0048,0.7490,0.0048,0.7454,0.0049,0.0684,0.0189,0.0045,0.0015,0.0083,0.0028,0.3787,0.0037
flow,32,2,3,0.0083,0.0000,altered_knn,altered_knn,2000,4000,0.6322,0.1349,0.6335,0.1378,0.7511,0.0816,0.0130,0.0023,0.4825,0.2067,0.0249,0.0037,0.3292,0.0707
flow,32,2,3,0.0083,0.0000,quadratic,quadratic,2000,6000,0.9591,0.0010,0.9639,0.0008,0.9629,0.0008,0.5042,0.0339,0.3801,0.0150,0.4329,0.0178,0.6984,0.0093
flow,32,2,3,0.0083,0.0000,polar3,polar,2000,6000,0.9681,0.0011,0.9707,0.0010,0.9699,0.0010,0.8160,0.0130,0.6522,0.0162,0.7248,0.0103,0.8477,0.0056
flow,32,2,3,0.0083,0.0000,knn,knn,5000,15000,0.7542,0.0045,0.7605,0.0045,0.7568,0.0046,0.1290,0.0101,0.0057,0.0006,0.0108,0.0011,0.3856,0.0020
flow,32,2,3,0.0083,0.0000,altered_knn,altered_knn,5000,10000,0.8494,0.0178,0.8554,0.0185,0.8847,0.0045,0.0123,0.0039,0.1248,0.0723,0.0220,0.0081,0.4387,0.0053
flow,32,2,3,0.0083,0.0000,quadratic,quadratic,5000,15000,0.9740,0.0005,0.9791,0.0006,0.9771,0.0005,0.7018,0.0094,0.3598,0.0051,0.4757,0.0033,0.7274,0.0015
flow,32,2,3,0.0083,0.0000,polar3,polar,5000,15000,0.9859,0.0005,0.9874,0.0004,0.9870,0.0004,0.8899,0.0186,0.7981,0.0113,0.8415,0.0142,0.9145,0.0073
flow,32,2,3,0.0083,0.0000,knn,knn,10000,30000,0.7602,0.0014,0.7665,0.0014,0.7624,0.0015,0.1405,0.0349,0.0040,0.0015,0.0079,0.0029,0.3872,0.0011
flow,32,2,3,0.0083,0.0000,altered_knn,altered_knn,10000,20000,0.7260,0.1012,0.7286,0.1035,0.8227,0.0590,0.0148,0.0019,0.4105,0.1729,0.0282,0.0030,0.3784,0.0532
flow,32,2,3,0.0083,0.0000,quadratic,quadratic,10000,30000,0.9805,0.0005,0.9856,0.0004,0.9835,0.0005,0.7642,0.0123,0.3672,0.0087,0.4959,0.0077,0.7408,0.0040
flow,32,2,3,0.0083,0.0000,polar3,polar,10000,30000,0.9925,0.0003,0.9934,0.0002,0.9934,0.0002,0.8779,0.0108,0.8732,0.0078,0.8755,0.0092,0.9345,0.0047
flow,32,2,3,0.0083,0.0000,knn,knn,15000,45000,0.7630,0.0025,0.7693,0.0025,0.7652,0.0024,0.0696,0.0171,0.0020,0.0006,0.0039,0.0011,0.3866,0.0014
flow,32,2,3,0.0083,0.0000,altered_knn,altered_knn,15000,30000,0.8084,0.0404,0.8129,0.0414,0.8728,0.0178,0.0156,0.0013,0.2678,0.0850,0.0293,0.0020,0.4211,0.0215
flow,32,2,3,0.0083,0.0000,quadratic,quadratic,15000,45000,0.9827,0.0002,0.9878,0.0001,0.9856,0.0002,0.7917,0.0095,0.3684,0.0079,0.5028,0.0090,0.7453,0.0045
flow,32,2,3,0.0083,0.0000,polar3,polar,15000,45000,0.9936,0.0003,0.9945,0.0002,0.9946,0.0003,0.8664,0.0078,0.8898,0.0109,0.8779,0.0064,0.9362,0.0031
flow,32,2,3,0.0083,0.0000,knn,knn,20000,60000,0.7660,0.0009,0.7724,0.0008,0.7683,0.0008,0.0929,0.0661,0.0028,0.0021,0.0055,0.0040,0.3889,0.0024
flow,32,2,3,0.0083,0.0000,altered_knn,altered_knn,20000,40000,0.7803,0.0385,0.7841,0.0395,0.8612,0.0199,0.0146,0.0008,0.3272,0.0804,0.0278,0.0014,0.4059,0.0200
flow,32,2,3,0.0083,0.0000,quadratic,quadratic,20000,60000,0.9843,0.0003,0.9893,0.0003,0.9871,0.0003,0.8178,0.0117,0.3732,0.0121,0.5124,0.0124,0.7509,0.0062
flow,32,2,3,0.0083,0.0000,polar3,polar,20000,60000,0.9942,0.0001,0.9950,0.0002,0.9952,0.0001,0.8594,0.0079,0.8950,0.0111,0.8768,0.0062,0.9359,0.0031
flow,32,4,3,0.0097,0.0003,knn,knn,2000,12000,0.5625,0.0015,0.5678,0.0016,0.5645,0.0017,0.0731,0.0102,0.0166,0.0021,0.0271,0.0035,0.2974,0.0012
flow,32,4,3,0.0097,0.0003,altered_knn,altered_knn,2000,8000,0.6574,0.1344,0.6601,0.1382,0.7402,0.0769,0.0203,0.0064,0.3879,0.2598,0.0347,0.0068,0.3474,0.0725
flow,32,4,3,0.0097,0.0003,quadratic,quadratic,2000,12000,0.9271,0.0014,0.9323,0.0012,0.9309,0.0013,0.5747,0.0064,0.3942,0.0139,0.4676,0.0115,0.6999,0.0064
flow,32,4,3,0.0097,0.0003,polar3,polar,2000,12000,0.9345,0.0015,0.9375,0.0016,0.9362,0.0015,0.8767,0.0050,0.6259,0.0047,0.7303,0.0021,0.8339,0.0004
flow,32,4,3,0.0097,0.0003,knn,knn,5000,30000,0.5784,0.0027,0.5839,0.0026,0.5807,0.0029,0.0891,0.0151,0.0139,0.0025,0.0240,0.0043,0.3039,0.0024
flow,32,4,3,0.0097,0.0003,altered_knn,altered_knn,5000,20000,0.8078,0.0063,0.8150,0.0069,0.8222,0.0005,0.0288,0.0024,0.0769,0.0454,0.0380,0.0061,0.4265,0.0023
flow,32,4,3,0.0097,0.0003,quadratic,quadratic,5000,30000,0.9513,0.0009,0.9566,0.0008,0.9546,0.0009,0.7122,0.0055,0.4038,0.0128,0.5153,0.0114,0.7360,0.0061
flow,32,4,3,0.0097,0.0003,polar3,polar,5000,30000,0.9690,0.0022,0.9714,0.0023,0.9704,0.0023,0.9271,0.0024,0.7232,0.0031,0.8126,0.0025,0.8920,0.0017
flow,32,4,3,0.0097,0.0003,knn,knn,10000,60000,0.5883,0.0022,0.5939,0.0021,0.5905,0.0024,0.0827,0.0026,0.0116,0.0012,0.0203,0.0019,0.3071,0.0012
flow,32,4,3,0.0097,0.0003,altered_knn,altered_knn,10000,40000,0.7617,0.0344,0.7663,0.0356,0.8156,0.0114,0.0230,0.0027,0.2916,0.1009,0.0419,0.0033,0.4041,0.0194
flow,32,4,3,0.0097,0.0003,quadratic,quadratic,10000,60000,0.9618,0.0008,0.9672,0.0009,0.9650,0.0009,0.7669,0.0067,0.4078,0.0120,0.5323,0.0095,0.7497,0.0051
flow,32,4,3,0.0097,0.0003,polar3,polar,10000,60000,0.9786,0.0017,0.9808,0.0018,0.9799,0.0018,0.9375,0.0002,0.7503,0.0033,0.8335,0.0021,0.9072,0.0014
flow,32,4,3,0.0097,0.0003,knn,knn,15000,90000,0.5932,0.0038,0.5989,0.0036,0.5954,0.0040,0.0739,0.0037,0.0095,0.0010,0.0168,0.0017,0.3078,0.0010
flow,32,4,3,0.0097,0.0003,altered_knn,altered_knn,15000,60000,0.8059,0.0119,0.8124,0.0127,0.8297,0.0010,0.0285,0.0052,0.1350,0.0627,0.0428,0.0024,0.4276,0.0061
flow,32,4,3,0.0097,0.0003,quadratic,quadratic,15000,90000,0.9652,0.0013,0.9705,0.0015,0.9683,0.0014,0.7735,0.0135,0.4137,0.0044,0.5390,0.0046,0.7548,0.0017
flow,32,4,3,0.0097,0.0003,polar3,polar,15000,90000,0.9830,0.0010,0.9852,0.0010,0.9842,0.0010,0.9390,0.0024,0.7583,0.0062,0.8390,0.0044,0.9121,0.0025
flow,32,4,3,0.0097,0.0003,knn,knn,20000,120000,0.5969,0.0024,0.6027,0.0022,0.5993,0.0026,0.0867,0.0138,0.0106,0.0023,0.0189,0.0039,0.3108,0.0030
flow,32,4,3,0.0097,0.0003,altered_knn,altered_knn,20000,80000,0.8173,0.0092,0.8244,0.0099,0.8330,0.0011,0.0317,0.0070,0.0866,0.0559,0.0385,0.0061,0.4314,0.0025
flow,32,4,3,0.0097,0.0003,quadratic,quadratic,20000,120000,0.9674,0.0015,0.9728,0.0017,0.9706,0.0017,0.7896,0.0149,0.4132,0.0029,0.5425,0.0012,0.7576,0.0004
flow,32,4,3,0.0097,0.0003,polar3,polar,20000,120000,0.9847,0.0007,0.9869,0.0007,0.9860,0.0007,0.9373,0.0028,0.7587,0.0065,0.8385,0.0043,0.9127,0.0025
flow,32,8,3,0.0099,0.0003,knn,knn,2000,24000,0.4271,0.0023,0.4310,0.0024,0.4288,0.0025,0.0515,0.0023,0.0360,0.0011,0.0423,0.0014,0.2367,0.0018
flow,32,8,3,0.0099,0.0003,altered_knn,altered_knn,2000,16000,0.7328,0.0009,0.7388,0.0011,0.7517,0.0012,0.0300,0.0010,0.1338,0.0200,0.0489,0.0027,0.3938,0.0008
flow,32,8,3,0.0099,0.0003,quadratic,quadratic,2000,24000,0.8982,0.0008,0.9026,0.0009,0.9022,0.0009,0.4953,0.0023,0.4501,0.0063,0.4716,0.0043,0.6871,0.0018
flow,32,8,3,0.0099,0.0003,polar3,polar,2000,24000,0.9269,0.0016,0.9301,0.0018,0.9288,0.0017,0.8637,0.0067,0.6066,0.0113,0.7125,0.0055,0.8213,0.0024
flow,32,8,3,0.0099,0.0003,knn,knn,5000,60000,0.4428,0.0009,0.4469,0.0010,0.4446,0.0010,0.0601,0.0027,0.0348,0.0014,0.0441,0.0018,0.2455,0.0013
flow,32,8,3,0.0099,0.0003,altered_knn,altered_knn,5000,40000,0.7583,0.0046,0.7647,0.0051,0.7708,0.0015,0.0430,0.0044,0.1080,0.0312,0.0598,0.0026,0.4122,0.0027
flow,32,8,3,0.0099,0.0003,quadratic,quadratic,5000,60000,0.9298,0.0017,0.9345,0.0018,0.9334,0.0018,0.5947,0.0115,0.4642,0.0048,0.5214,0.0068,0.7279,0.0042
flow,32,8,3,0.0099,0.0003,polar3,polar,5000,60000,0.9588,0.0028,0.9619,0.0030,0.9606,0.0029,0.9065,0.0084,0.6430,0.0099,0.7522,0.0038,0.8571,0.0019
flow,32,8,3,0.0099,0.0003,knn,knn,10000,120000,0.4526,0.0010,0.4568,0.0011,0.4543,0.0013,0.0604,0.0032,0.0304,0.0003,0.0405,0.0009,0.2486,0.0004
flow,32,8,3,0.0099,0.0003,altered_knn,altered_knn,10000,80000,0.7686,0.0018,0.7755,0.0022,0.7784,0.0003,0.0453,0.0034,0.0788,0.0210,0.0560,0.0046,0.4157,0.0014
flow,32,8,3,0.0099,0.0003,quadratic,quadratic,10000,120000,0.9409,0.0023,0.9456,0.0023,0.9444,0.0023,0.6317,0.0071,0.4686,0.0083,0.5380,0.0074,0.7418,0.0048
flow,32,8,3,0.0099,0.0003,polar3,polar,10000,120000,0.9687,0.0019,0.9719,0.0020,0.9705,0.0020,0.9131,0.0051,0.6489,0.0137,0.7585,0.0077,0.8652,0.0035
flow,32,8,3,0.0099,0.0003,knn,knn,15000,180000,0.4602,0.0007,0.4645,0.0007,0.4623,0.0005,0.0710,0.0049,0.0316,0.0016,0.0437,0.0024,0.2541,0.0015
flow,32,8,3,0.0099,0.0003,altered_knn,altered_knn,15000,120000,0.7609,0.0023,0.7669,0.0025,0.7804,0.0006,0.0370,0.0025,0.1654,0.0216,0.0604,0.0042,0.4136,0.0022
flow,32,8,3,0.0099,0.0003,quadratic,quadratic,15000,180000,0.9452,0.0028,0.9500,0.0028,0.9487,0.0028,0.6507,0.0091,0.4689,0.0072,0.5450,0.0070,0.7475,0.0049
flow,32,8,3,0.0099,0.0003,polar3,polar,15000,180000,0.9707,0.0021,0.9739,0.0022,0.9725,0.0021,0.9185,0.0056,0.6496,0.0155,0.7608,0.0087,0.8674,0.0044
flow,32,8,3,0.0099,0.0003,knn,knn,20000,240000,0.4642,0.0008,0.4685,0.0009,0.4662,0.0006,0.0738,0.0085,0.0311,0.0028,0.0438,0.0042,0.2561,0.0019
flow,32,8,3,0.0099,0.0003,altered_knn,altered_knn,20000,160000,0.7657,0.0075,0.7721,0.0082,0.7814,0.0016,0.0386,0.0043,0.1239,0.0559,0.0556,0.0034,0.4139,0.0042
flow,32,8,3,0.0099,0.0003,quadratic,quadratic,20000,240000,0.9497,0.0029,0.9547,0.0030,0.9530,0.0030,0.7091,0.0084,0.4556,0.0094,0.5548,0.0086,0.7547,0.0056
flow,32,8,3,0.0099,0.0003,polar3,polar,20000,240000,0.9715,0.0023,0.9747,0.0024,0.9733,0.0024,0.9185,0.0069,0.6499,0.0140,0.7611,0.0073,0.8679,0.0037
flow,32,16,3,0.0097,0.0001,knn,knn,2000,48000,0.3224,0.0029,0.3249,0.0029,0.3234,0.0030,0.0399,0.0005,0.0630,0.0016,0.0488,0.0008,0.1869,0.0017
flow,32,16,3,0.0097,0.0001,altered_knn,altered_knn,2000,32000,0.6965,0.0107,0.7020,0.0118,0.7099,0.0018,0.0462,0.0094,0.1281,0.0970,0.0545,0.0098,0.3783,0.0043
flow,32,16,3,0.0097,0.0001,quadratic,quadratic,2000,48000,0.8733,0.0014,0.8771,0.0014,0.8784,0.0015,0.3676,0.0039,0.4842,0.0094,0.4179,0.0059,0.6475,0.0034
flow,32,16,3,0.0097,0.0001,polar3,polar,2000,48000,0.9171,0.0006,0.9204,0.0007,0.9191,0.0007,0.8333,0.0043,0.5814,0.0118,0.6849,0.0097,0.8027,0.0046
flow,32,16,3,0.0097,0.0001,knn,knn,5000,120000,0.3376,0.0021,0.3404,0.0021,0.3387,0.0022,0.0428,0.0021,0.0579,0.0036,0.0492,0.0027,0.1948,0.0023
flow,32,16,3,0.0097,0.0001,altered_knn,altered_knn,5000,80000,0.7166,0.0021,0.7225,0.0024,0.7268,0.0029,0.0537,0.0073,0.1089,0.0492,0.0664,0.0057,0.3945,0.0029
flow,32,16,3,0.0097,0.0001,quadratic,quadratic,5000,120000,0.9054,0.0021,0.9094,0.0021,0.9101,0.0022,0.4305,0.0047,0.5062,0.0121,0.4653,0.0079,0.6873,0.0042
flow,32,16,3,0.0097,0.0001,polar3,polar,5000,120000,0.9423,0.0025,0.9458,0.0025,0.9443,0.0025,0.8601,0.0062,0.5860,0.0124,0.6970,0.0109,0.8214,0.0053
flow,32,16,3,0.0097,0.0001,knn,knn,10000,240000,0.3480,0.0026,0.3509,0.0027,0.3493,0.0028,0.0455,0.0012,0.0540,0.0016,0.0494,0.0013,0.2001,0.0018
flow,32,16,3,0.0097,0.0001,altered_knn,altered_knn,10000,160000,0.7155,0.0085,0.7207,0.0095,0.7334,0.0026,0.0436,0.0057,0.1782,0.1029,0.0647,0.0015,0.3927,0.0047
flow,32,16,3,0.0097,0.0001,quadratic,quadratic,10000,240000,0.9216,0.0025,0.9257,0.0025,0.9255,0.0025,0.5189,0.0070,0.5000,0.0123,0.5093,0.0097,0.7175,0.0049
flow,32,16,3,0.0097,0.0001,polar3,polar,10000,240000,0.9515,0.0012,0.9551,0.0013,0.9536,0.0013,0.8658,0.0070,0.5887,0.0135,0.7008,0.0119,0.8280,0.0057
flow,32,16,3,0.0097,0.0001,knn,knn,15000,360000,0.3549,0.0024,0.3579,0.0024,0.3562,0.0024,0.0487,0.0010,0.0522,0.0015,0.0504,0.0012,0.2041,0.0018
flow,32,16,3,0.0097,0.0001,altered_knn,altered_knn,15000,240000,0.7089,0.0206,0.7138,0.0223,0.7326,0.0020,0.0400,0.0076,0.2066,0.1626,0.0588,0.0021,0.3863,0.0120
flow,32,16,3,0.0097,0.0001,quadratic,quadratic,15000,360000,0.9345,0.0032,0.9390,0.0032,0.9376,0.0032,0.6796,0.0077,0.4771,0.0142,0.5605,0.0124,0.7498,0.0065
flow,32,16,3,0.0097,0.0001,polar3,polar,15000,360000,0.9537,0.0012,0.9572,0.0011,0.9557,0.0012,0.8694,0.0072,0.5944,0.0140,0.7060,0.0123,0.8316,0.0066
flow,32,16,3,0.0097,0.0001,knn,knn,20000,480000,0.3590,0.0018,0.3620,0.0019,0.3604,0.0018,0.0497,0.0023,0.0522,0.0028,0.0509,0.0026,0.2065,0.0016
flow,32,16,3,0.0097,0.0001,altered_knn,altered_knn,20000,320000,0.7130,0.0117,0.7180,0.0128,0.7352,0.0015,0.0385,0.0049,0.2031,0.1036,0.0607,0.0039,0.3894,0.0069
flow,32,16,3,0.0097,0.0001,quadratic,quadratic,20000,480000,0.9421,0.0027,0.9468,0.0027,0.9450,0.0027,0.7554,0.0049,0.4706,0.0126,0.5799,0.0109,0.7633,0.0058
flow,32,16,3,0.0097,0.0001,polar3,polar,20000,480000,0.9557,0.0021,0.9591,0.0020,0.9579,0.0020,0.8163,0.0118,0.6072,0.0140,0.6963,0.0124,0.8277,0.0071
flow,64,2,3,0.0083,0.0003,knn,knn,2000,6000,0.6995,0.0048,0.7054,0.0050,0.7014,0.0052,0.0265,0.0187,0.0024,0.0017,0.0044,0.0031,0.3549,0.0031
flow,64,2,3,0.0083,0.0003,altered_knn,altered_knn,2000,4000,0.7682,0.0086,0.7727,0.0087,0.8270,0.0047,0.0134,0.0003,0.2239,0.0193,0.0253,0.0007,0.3990,0.0040
flow,64,2,3,0.0083,0.0003,quadratic,quadratic,2000,6000,0.6567,0.0074,0.6592,0.0074,0.7349,0.0078,0.0143,0.0004,0.3662,0.0039,0.0275,0.0008,0.3433,0.0033
flow,64,2,3,0.0083,0.0003,polar3,polar,2000,6000,0.9485,0.0020,0.9521,0.0019,0.9511,0.0018,0.6944,0.0336,0.5189,0.0075,0.5937,0.0156,0.7729,0.0087
flow,64,2,3,0.0083,0.0003,knn,knn,5000,15000,0.7125,0.0010,0.7184,0.0012,0.7147,0.0012,0.0653,0.0186,0.0040,0.0011,0.0075,0.0021,0.3630,0.0012
flow,64,2,3,0.0083,0.0003,altered_knn,altered_knn,5000,10000,0.7816,0.0020,0.7862,0.0018,0.8404,0.0012,0.0137,0.0010,0.2250,0.0140,0.0259,0.0018,0.4061,0.0017
flow,64,2,3,0.0083,0.0003,quadratic,quadratic,5000,15000,0.9332,0.0005,0.9381,0.0004,0.9412,0.0007,0.1926,0.0151,0.3466,0.0140,0.2474,0.0155,0.5927,0.0078
flow,64,2,3,0.0083,0.0003,polar3,polar,5000,15000,0.9735,0.0013,0.9760,0.0012,0.9750,0.0012,0.8961,0.0114,0.6824,0.0042,0.7748,0.0069,0.8754,0.0040
flow,64,2,3,0.0083,0.0003,knn,knn,10000,30000,0.7192,0.0020,0.7252,0.0021,0.7211,0.0022,0.0466,0.0371,0.0024,0.0020,0.0046,0.0039,0.3649,0.0009
flow,64,2,3,0.0083,0.0003,altered_knn,altered_knn,10000,20000,0.7615,0.0627,0.7657,0.0641,0.8344,0.0307,0.0131,0.0017,0.2641,0.1068,0.0247,0.0029,0.3952,0.0329
flow,64,2,3,0.0083,0.0003,quadratic,quadratic,10000,30000,0.9583,0.0005,0.9636,0.0006,0.9630,0.0006,0.3865,0.0111,0.3329,0.0121,0.3574,0.0048,0.6605,0.0022
flow,64,2,3,0.0083,0.0003,polar3,polar,10000,30000,0.9848,0.0004,0.9863,0.0003,0.9858,0.0004,0.9146,0.0049,0.8090,0.0049,0.8586,0.0040,0.9224,0.0021
flow,64,2,3,0.0083,0.0003,knn,knn,15000,45000,0.7240,0.0010,0.7301,0.0010,0.7260,0.0011,0.0294,0.0007,0.0012,0.0000,0.0023,0.0001,0.3662,0.0005
flow,64,2,3,0.0083,0.0003,altered_knn,altered_knn,15000,30000,0.6657,0.1078,0.6678,0.1099,0.7779,0.0678,0.0121,0.0015,0.4136,0.1483,0.0232,0.0025,0.3455,0.0562
flow,64,2,3,0.0083,0.0003,quadratic,quadratic,15000,45000,0.9659,0.0003,0.9712,0.0002,0.9701,0.0002,0.4692,0.0158,0.3343,0.0079,0.3901,0.0020,0.6807,0.0011
flow,64,2,3,0.0083,0.0003,polar3,polar,15000,45000,0.9892,0.0006,0.9902,0.0005,0.9901,0.0006,0.8964,0.0052,0.8692,0.0123,0.8825,0.0043,0.9364,0.0021
flow,64,2,3,0.0083,0.0003,knn,knn,20000,60000,0.7272,0.0014,0.7333,0.0012,0.7293,0.0013,0.0111,0.0157,0.0004,0.0005,0.0007,0.0010,0.3670,0.0003
flow,64,2,3,0.0083,0.0003,altered_knn,altered_knn,20000,40000,0.8078,0.0100,0.8128,0.0102,0.8614,0.0040,0.0149,0.0010,0.2156,0.0247,0.0279,0.0018,0.4203,0.0053
flow,64,2,3,0.0083,0.0003,quadratic,quadratic,20000,60000,0.9712,0.0006,0.9766,0.0005,0.9750,0.0006,0.5368,0.0127,0.3269,0.0063,0.4063,0.0060,0.6914,0.0028
flow,64,2,3,0.0083,0.0003,polar3,polar,20000,60000,0.9915,0.0002,0.9924,0.0002,0.9924,0.0002,0.8856,0.0088,0.8908,0.0082,0.8881,0.0056,0.9403,0.0029
flow,64,4,3,0.0090,0.0002,knn,knn,2000,12000,0.5026,0.0015,0.5070,0.0015,0.5042,0.0017,0.0376,0.0028,0.0134,0.0007,0.0198,0.0011,0.2634,0.0005
flow,64,4,3,0.0090,0.0002,altered_knn,altered_knn,2000,8000,0.7398,0.0034,0.7462,0.0038,0.7503,0.0021,0.0182,0.0046,0.0378,0.0295,0.0198,0.0072,0.3830,0.0017
flow,64,4,3,0.0090,0.0002,quadratic,quadratic,2000,12000,0.7403,0.0020,0.7439,0.0019,0.7665,0.0015,0.0469,0.0023,0.3505,0.0161,0.0828,0.0040,0.4133,0.0025
flow,64,4,3,0.0090,0.0002,polar3,polar,2000,12000,0.9156,0.0067,0.9189,0.0068,0.9174,0.0067,0.8756,0.0171,0.5569,0.0105,0.6807,0.0105,0.7998,0.0025
flow,64,4,3,0.0090,0.0002,knn,knn,5000,30000,0.5179,0.0024,0.5225,0.0023,0.5197,0.0024,0.0304,0.0090,0.0079,0.0023,0.0126,0.0036,0.2675,0.0016
flow,64,4,3,0.0090,0.0002,altered_knn,altered_knn,5000,20000,0.7528,0.0055,0.7590,0.0057,0.7720,0.0012,0.0163,0.0028,0.0721,0.0122,0.0261,0.0032,0.3925,0.0044
flow,64,4,3,0.0090,0.0002,quadratic,quadratic,5000,30000,0.8988,0.0014,0.9037,0.0013,0.9048,0.0014,0.2894,0.0055,0.3673,0.0145,0.3236,0.0073,0.6136,0.0036
flow,64,4,3,0.0090,0.0002,polar3,polar,5000,30000,0.9532,0.0018,0.9556,0.0017,0.9546,0.0018,0.9023,0.0138,0.6874,0.0194,0.7801,0.0119,0.8678,0.0064
flow,64,4,3,0.0090,0.0002,knn,knn,10000,60000,0.5279,0.0008,0.5327,0.0007,0.5296,0.0008,0.0380,0.0097,0.0087,0.0022,0.0141,0.0035,0.2734,0.0015
flow,64,4,3,0.0090,0.0002,altered_knn,altered_knn,10000,40000,0.6651,0.1136,0.6683,0.1167,0.7392,0.0571,0.0144,0.0016,0.3027,0.2410,0.0236,0.0033,0.3460,0.0577
flow,64,4,3,0.0090,0.0002,quadratic,quadratic,10000,60000,0.9316,0.0013,0.9368,0.0012,0.9362,0.0012,0.4249,0.0066,0.3597,0.0090,0.3895,0.0053,0.6632,0.0023
flow,64,4,3,0.0090,0.0002,polar3,polar,10000,60000,0.9711,0.0005,0.9730,0.0007,0.9723,0.0006,0.9014,0.0119,0.7624,0.0156,0.8259,0.0086,0.8995,0.0040
flow,64,4,3,0.0090,0.0002,knn,knn,15000,90000,0.5345,0.0015,0.5393,0.0014,0.5361,0.0014,0.0406,0.0035,0.0076,0.0002,0.0127,0.0004,0.2760,0.0009
flow,64,4,3,0.0090,0.0002,altered_knn,altered_knn,15000,60000,0.7539,0.0273,0.7595,0.0284,0.7879,0.0062,0.0174,0.0025,0.1428,0.0880,0.0288,0.0009,0.3941,0.0146
flow,64,4,3,0.0090,0.0002,quadratic,quadratic,15000,90000,0.9434,0.0010,0.9487,0.0009,0.9477,0.0009,0.4648,0.0056,0.3582,0.0076,0.4045,0.0046,0.6766,0.0027
flow,64,4,3,0.0090,0.0002,polar3,polar,15000,90000,0.9751,0.0002,0.9769,0.0003,0.9763,0.0002,0.9010,0.0141,0.7749,0.0164,0.8330,0.0093,0.9050,0.0046
flow,64,4,3,0.0090,0.0002,knn,knn,20000,120000,0.5377,0.0013,0.5425,0.0012,0.5395,0.0012,0.0298,0.0008,0.0055,0.0004,0.0093,0.0006,0.2759,0.0003
flow,64,4,3,0.0090,0.0002,altered_knn,altered_knn,20000,80000,0.7863,0.0015,0.7929,0.0014,0.7990,0.0010,0.0216,0.0025,0.0575,0.0046,0.0313,0.0032,0.4121,0.0016
flow,64,4,3,0.0090,0.0002,quadratic,quadratic,20000,120000,0.9501,0.0007,0.9556,0.0005,0.9543,0.0006,0.4972,0.0023,0.3567,0.0062,0.4154,0.0040,0.6855,0.0023
flow,64,4,3,0.0090,0.0002,polar3,polar,20000,120000,0.9794,0.0020,0.9812,0.0020,0.9806,0.0019,0.8975,0.0138,0.7832,0.0174,0.8363,0.0101,0.9087,0.0057
flow,64,8,3,0.0084,0.0001,knn,knn,2000,24000,0.3616,0.0022,0.3645,0.0022,0.3626,0.0018,0.0258,0.0032,0.0261,0.0016,0.0259,0.0023,0.1952,0.0022
flow,64,8,3,0.0084,0.0001,altered_knn,altered_knn,2000,16000,0.6619,0.0161,0.6666,0.0167,0.6823,0.0018,0.0181,0.0040,0.1008,0.0617,0.0284,0.0055,0.3475,0.0095
flow,64,8,3,0.0084,0.0001,quadratic,quadratic,2000,24000,0.7286,0.0020,0.7317,0.0021,0.7438,0.0019,0.0752,0.0014,0.3630,0.0040,0.1245,0.0020,0.4281,0.0020
flow,64,8,3,0.0084,0.0001,polar3,polar,2000,24000,0.9016,0.0039,0.9039,0.0040,0.9032,0.0039,0.8271,0.0094,0.6271,0.0042,0.7133,0.0016,0.8086,0.0023
flow,64,8,3,0.0084,0.0001,knn,knn,5000,60000,0.3759,0.0014,0.3789,0.0014,0.3769,0.0012,0.0259,0.0009,0.0223,0.0017,0.0239,0.0013,0.2014,0.0001
flow,64,8,3,0.0084,0.0001,altered_knn,altered_knn,5000,40000,0.6677,0.0476,0.6720,0.0493,0.7023,0.0110,0.0202,0.0054,0.1607,0.1557,0.0298,0.0049,0.3509,0.0264
flow,64,8,3,0.0084,0.0001,quadratic,quadratic,5000,60000,0.8629,0.0005,0.8666,0.0007,0.8687,0.0005,0.2708,0.0052,0.4235,0.0123,0.3303,0.0059,0.5984,0.0029
flow,64,8,3,0.0084,0.0001,polar3,polar,5000,60000,0.9477,0.0030,0.9497,0.0031,0.9491,0.0030,0.8378,0.0139,0.7090,0.0074,0.7679,0.0016,0.8588,0.0024
flow,64,8,3,0.0084,0.0001,knn,knn,10000,120000,0.3871,0.0008,0.3902,0.0009,0.3880,0.0007,0.0270,0.0061,0.0195,0.0049,0.0226,0.0055,0.2064,0.0028
flow,64,8,3,0.0084,0.0001,altered_knn,altered_knn,10000,80000,0.6883,0.0237,0.6925,0.0249,0.7256,0.0028,0.0187,0.0037,0.1949,0.1102,0.0302,0.0008,0.3613,0.0123
flow,64,8,3,0.0084,0.0001,quadratic,quadratic,10000,120000,0.9039,0.0013,0.9078,0.0014,0.9086,0.0013,0.3658,0.0068,0.4372,0.0036,0.3982,0.0031,0.6530,0.0020
flow,64,8,3,0.0084,0.0001,polar3,polar,10000,120000,0.9630,0.0037,0.9650,0.0038,0.9645,0.0037,0.8303,0.0157,0.7250,0.0036,0.7740,0.0052,0.8695,0.0042
flow,64,8,3,0.0084,0.0001,knn,knn,15000,180000,0.3932,0.0021,0.3964,0.0021,0.3942,0.0020,0.0292,0.0024,0.0195,0.0025,0.0234,0.0025,0.2099,0.0010
flow,64,8,3,0.0084,0.0001,altered_knn,altered_knn,15000,120000,0.7113,0.0250,0.7161,0.0263,0.7354,0.0026,0.0261,0.0064,0.1382,0.1195,0.0365,0.0042,0.3763,0.0147
flow,64,8,3,0.0084,0.0001,quadratic,quadratic,15000,180000,0.9194,0.0011,0.9235,0.0013,0.9238,0.0012,0.4052,0.0011,0.4416,0.0100,0.4226,0.0050,0.6730,0.0019
flow,64,8,3,0.0084,0.0001,polar3,polar,15000,180000,0.9674,0.0038,0.9695,0.0039,0.9690,0.0038,0.8321,0.0165,0.7285,0.0043,0.7767,0.0063,0.8731,0.0049
flow,64,8,3,0.0084,0.0001,knn,knn,20000,240000,0.3975,0.0008,0.4008,0.0009,0.3988,0.0007,0.0309,0.0019,0.0193,0.0016,0.0237,0.0017,0.2122,0.0010
flow,64,8,3,0.0084,0.0001,altered_knn,altered_knn,20000,160000,0.7282,0.0079,0.7336,0.0083,0.7420,0.0010,0.0267,0.0053,0.0857,0.0362,0.0383,0.0036,0.3859,0.0057
flow,64,8,3,0.0084,0.0001,quadratic,quadratic,20000,240000,0.9309,0.0009,0.9351,0.0010,0.9346,0.0009,0.4900,0.0038,0.4289,0.0073,0.4574,0.0028,0.6962,0.0010
flow,64,8,3,0.0084,0.0001,polar3,polar,20000,240000,0.9702,0.0025,0.9722,0.0026,0.9718,0.0025,0.8308,0.0145,0.7306,0.0062,0.7774,0.0057,0.8748,0.0037
flow,64,16,3,0.0081,0.0002,knn,knn,2000,48000,0.2611,0.0004,0.2629,0.0004,0.2612,0.0003,0.0212,0.0007,0.0435,0.0012,0.0285,0.0007,0.1457,0.0005
flow,64,16,3,0.0081,0.0002,altered_knn,altered_knn,2000,32000,0.6197,0.0081,0.6240,0.0088,0.6351,0.0027,0.0195,0.0035,0.0898,0.0672,0.0268,0.0032,0.3254,0.0034
flow,64,16,3,0.0081,0.0002,quadratic,quadratic,2000,48000,0.7097,0.0008,0.7123,0.0007,0.7236,0.0007,0.0799,0.0014,0.3845,0.0045,0.1323,0.0019,0.4223,0.0006
flow,64,16,3,0.0081,0.0002,polar3,polar,2000,48000,0.8924,0.0015,0.8944,0.0014,0.8939,0.0014,0.7722,0.0121,0.6549,0.0032,0.7087,0.0034,0.8015,0.0010
flow,64,16,3,0.0081,0.0002,knn,knn,5000,120000,0.2747,0.0001,0.2766,0.0001,0.2749,0.0001,0.0218,0.0006,0.0387,0.0007,0.0279,0.0006,0.1523,0.0003
flow,64,16,3,0.0081,0.0002,altered_knn,altered_knn,5000,80000,0.6558,0.0021,0.6607,0.0023,0.6651,0.0025,0.0223,0.0055,0.0492,0.0289,0.0244,0.0061,0.3426,0.0022
flow,64,16,3,0.0081,0.0002,quadratic,quadratic,5000,120000,0.8380,0.0006,0.8412,0.0006,0.8454,0.0006,0.2026,0.0044,0.4498,0.0039,0.2793,0.0049,0.5603,0.0022
flow,64,16,3,0.0081,0.0002,polar3,polar,5000,120000,0.9330,0.0029,0.9351,0.0029,0.9345,0.0029,0.7909,0.0080,0.6727,0.0048,0.7270,0.0020,0.8311,0.0012
flow,64,16,3,0.0081,0.0002,knn,knn,10000,240000,0.2839,0.0010,0.2859,0.0009,0.2842,0.0009,0.0232,0.0018,0.0365,0.0027,0.0284,0.0021,0.1571,0.0015
flow,64,16,3,0.0081,0.0002,altered_knn,altered_knn,10000,160000,0.6751,0.0041,0.6801,0.0046,0.6861,0.0028,0.0256,0.0043,0.0713,0.0510,0.0308,0.0067,0.3554,0.0015
flow,64,16,3,0.0081,0.0002,quadratic,quadratic,10000,240000,0.8872,0.0011,0.8907,0.0011,0.8923,0.0011,0.3178,0.0061,0.4638,0.0052,0.3771,0.0046,0.6339,0.0024
flow,64,16,3,0.0081,0.0002,polar3,polar,10000,240000,0.9464,0.0023,0.9486,0.0023,0.9481,0.0023,0.7896,0.0111,0.6784,0.0062,0.7297,0.0029,0.8391,0.0015
flow,64,16,3,0.0081,0.0002,knn,knn,15000,360000,0.2897,0.0011,0.2918,0.0010,0.2901,0.0011,0.0236,0.0011,0.0346,0.0005,0.0280,0.0010,0.1599,0.0005
flow,64,16,3,0.0081,0.0002,altered_knn,altered_knn,15000,240000,0.6832,0.0059,0.6880,0.0064,0.6961,0.0013,0.0299,0.0078,0.0967,0.0575,0.0364,0.0068,0.3622,0.0009
flow,64,16,3,0.0081,0.0002,quadratic,quadratic,15000,360000,0.9146,0.0010,0.9185,0.0009,0.9180,0.0010,0.5169,0.0114,0.4476,0.0018,0.4797,0.0052,0.6991,0.0027
flow,64,16,3,0.0081,0.0002,polar3,polar,15000,360000,0.9530,0.0013,0.9552,0.0012,0.9547,0.0013,0.7877,0.0083,0.6827,0.0057,0.7314,0.0019,0.8433,0.0007
flow,64,16,3,0.0081,0.0002,knn,knn,20000,480000,0.2936,0.0010,0.2957,0.0009,0.2939,0.0010,0.0255,0.0020,0.0356,0.0037,0.0297,0.0027,0.1627,0.0018
flow,64,16,3,0.0081,0.0002,altered_knn,altered_knn,20000,320000,0.6766,0.0268,0.6811,0.0279,0.6984,0.0045,0.0309,0.0130,0.1264,0.1204,0.0335,0.0040,0.3573,0.0151
flow,64,16,3,0.0081,0.0002,quadratic,quadratic,20000,480000,0.9287,0.0011,0.9327,0.0010,0.9315,0.0011,0.6377,0.0108,0.4430,0.0016,0.5228,0.0040,0.7277,0.0020
flow,64,16,3,0.0081,0.0002,polar3,polar,20000,480000,0.9569,0.0013,0.9592,0.0012,0.9586,0.0013,0.7880,0.0106,0.6826,0.0059,0.7314,0.0034,0.8453,0.0012
flow,128,2,3,0.0056,0.0002,knn,knn,2000,6000,0.6593,0.0039,0.6630,0.0038,0.6599,0.0041,0.0220,0.0090,0.0036,0.0015,0.0062,0.0026,0.3346,0.0031
flow,128,2,3,0.0056,0.0002,altered_knn,altered_knn,2000,4000,0.7257,0.0013,0.7289,0.0012,0.7835,0.0011,0.0059,0.0003,0.1533,0.0053,0.0114,0.0005,0.3702,0.0008
flow,128,2,3,0.0056,0.0002,quadratic,quadratic,2000,6000,0.4120,0.0024,0.4125,0.0025,0.4869,0.0026,0.0060,0.0006,0.3314,0.0271,0.0118,0.0013,0.2121,0.0008
flow,128,2,3,0.0056,0.0002,polar3,polar,2000,6000,0.9448,0.0014,0.9473,0.0014,0.9478,0.0014,0.4229,0.0143,0.4973,0.0036,0.4569,0.0083,0.7021,0.0042
flow,128,2,3,0.0056,0.0002,knn,knn,5000,15000,0.6695,0.0031,0.6732,0.0031,0.6701,0.0033,0.0203,0.0147,0.0023,0.0017,0.0042,0.0030,0.3387,0.0001
flow,128,2,3,0.0056,0.0002,altered_knn,altered_knn,5000,10000,0.6326,0.0826,0.6344,0.0836,0.7410,0.0447,0.0062,0.0008,0.3176,0.1024,0.0122,0.0013,0.3233,0.0425
flow,128,2,3,0.0056,0.0002,quadratic,quadratic,5000,15000,0.4756,0.0011,0.4762,0.0011,0.5669,0.0007,0.0063,0.0003,0.3668,0.0131,0.0124,0.0006,0.2443,0.0008
flow,128,2,3,0.0056,0.0002,polar3,polar,5000,15000,0.9615,0.0012,0.9630,0.0012,0.9628,0.0012,0.7404,0.0045,0.6898,0.0099,0.7142,0.0050,0.8386,0.0028
flow,128,2,3,0.0056,0.0002,knn,knn,10000,30000,0.6782,0.0018,0.6820,0.0018,0.6787,0.0020,0.0116,0.0082,0.0012,0.0008,0.0022,0.0015,0.3421,0.0017
flow,128,2,3,0.0056,0.0002,altered_knn,altered_knn,10000,20000,0.7633,0.0019,0.7668,0.0019,0.8164,0.0015,0.0064,0.0008,0.1440,0.0156,0.0122,0.0015,0.3895,0.0006
flow,128,2,3,0.0056,0.0002,quadratic,quadratic,10000,30000,0.7617,0.0017,0.7640,0.0018,0.8240,0.0015,0.0128,0.0005,0.3454,0.0246,0.0247,0.0009,0.3944,0.0006
flow,128,2,3,0.0056,0.0002,polar3,polar,10000,30000,0.9718,0.0008,0.9726,0.0008,0.9727,0.0008,0.8035,0.0108,0.8433,0.0030,0.8228,0.0060,0.8977,0.0033
flow,128,2,3,0.0056,0.0002,knn,knn,15000,45000,0.6830,0.0017,0.6869,0.0018,0.6835,0.0017,0.0139,0.0098,0.0012,0.0008,0.0022,0.0016,0.3445,0.0013
flow,128,2,3,0.0056,0.0002,altered_knn,altered_knn,15000,30000,0.6292,0.1057,0.6306,0.1072,0.7414,0.0627,0.0069,0.0007,0.3774,0.1545,0.0135,0.0012,0.3221,0.0541
flow,128,2,3,0.0056,0.0002,quadratic,quadratic,15000,45000,0.8832,0.0016,0.8863,0.0016,0.9086,0.0014,0.0347,0.0016,0.3369,0.0093,0.0629,0.0028,0.4746,0.0022
flow,128,2,3,0.0056,0.0002,polar3,polar,15000,45000,0.9766,0.0016,0.9769,0.0016,0.9774,0.0016,0.7904,0.0112,0.9320,0.0075,0.8553,0.0033,0.9161,0.0014
flow,128,2,3,0.0056,0.0002,knn,knn,20000,60000,0.6854,0.0031,0.6892,0.0031,0.6860,0.0031,0.0219,0.0174,0.0018,0.0014,0.0033,0.0026,0.3462,0.0004
flow,128,2,3,0.0056,0.0002,altered_knn,altered_knn,20000,40000,0.6350,0.1062,0.6367,0.1077,0.7465,0.0634,0.0064,0.0003,0.3481,0.1520,0.0124,0.0005,0.3246,0.0541
flow,128,2,3,0.0056,0.0002,quadratic,quadratic,20000,60000,0.9173,0.0005,0.9205,0.0006,0.9324,0.0006,0.0633,0.0020,0.3506,0.0074,0.1073,0.0030,0.5139,0.0018
flow,128,2,3,0.0056,0.0002,polar3,polar,20000,60000,0.9798,0.0006,0.9800,0.0006,0.9807,0.0007,0.7510,0.0110,0.9595,0.0009,0.8425,0.0072,0.9112,0.0036
flow,128,4,3,0.0060,0.0001,knn,knn,2000,12000,0.4444,0.0018,0.4471,0.0018,0.4447,0.0019,0.0122,0.0034,0.0080,0.0020,0.0097,0.0025,0.2284,0.0014
flow,128,4,3,0.0060,0.0001,altered_knn,altered_knn,2000,8000,0.6332,0.0407,0.6363,0.0416,0.6693,0.0144,0.0076,0.0008,0.1270,0.0933,0.0137,0.0008,0.3250,0.0211
flow,128,4,3,0.0060,0.0001,quadratic,quadratic,2000,12000,0.3100,0.0022,0.3097,0.0021,0.3733,0.0025,0.0062,0.0004,0.3560,0.0150,0.0122,0.0007,0.1610,0.0014
flow,128,4,3,0.0060,0.0001,polar3,polar,2000,12000,0.9188,0.0020,0.9207,0.0020,0.9201,0.0021,0.7725,0.0271,0.6015,0.0139,0.6763,0.0184,0.7985,0.0087
flow,128,4,3,0.0060,0.0001,knn,knn,5000,30000,0.4596,0.0020,0.4624,0.0019,0.4600,0.0019,0.0128,0.0027,0.0070,0.0015,0.0090,0.0019,0.2357,0.0016
flow,128,4,3,0.0060,0.0001,altered_knn,altered_knn,5000,20000,0.6776,0.0207,0.6813,0.0212,0.6994,0.0038,0.0133,0.0085,0.0713,0.0615,0.0100,0.0049,0.3456,0.0088
flow,128,4,3,0.0060,0.0001,quadratic,quadratic,5000,30000,0.5103,0.0041,0.5115,0.0042,0.5811,0.0036,0.0080,0.0003,0.3256,0.0034,0.0156,0.0006,0.2635,0.0023
flow,128,4,3,0.0060,0.0001,polar3,polar,5000,30000,0.9481,0.0018,0.9489,0.0018,0.9489,0.0019,0.8098,0.0183,0.8097,0.0127,0.8095,0.0086,0.8792,0.0039
flow,128,4,3,0.0060,0.0001,knn,knn,10000,60000,0.4699,0.0013,0.4727,0.0013,0.4701,0.0013,0.0171,0.0035,0.0080,0.0014,0.0109,0.0020,0.2418,0.0011
flow,128,4,3,0.0060,0.0001,altered_knn,altered_knn,10000,40000,0.7070,0.0015,0.7110,0.0015,0.7202,0.0015,0.0075,0.0003,0.0397,0.0082,0.0126,0.0002,0.3618,0.0007
flow,128,4,3,0.0060,0.0001,quadratic,quadratic,10000,60000,0.7830,0.0002,0.7856,0.0002,0.8093,0.0002,0.0319,0.0013,0.3418,0.0098,0.0584,0.0022,0.4220,0.0012
flow,128,4,3,0.0060,0.0001,polar3,polar,10000,60000,0.9655,0.0020,0.9658,0.0020,0.9664,0.0019,0.7611,0.0182,0.9096,0.0111,0.8287,0.0153,0.8973,0.0081
flow,128,4,3,0.0060,0.0001,knn,knn,15000,90000,0.4754,0.0015,0.4782,0.0016,0.4756,0.0015,0.0184,0.0013,0.0081,0.0002,0.0112,0.0005,0.2447,0.0009
flow,128,4,3,0.0060,0.0001,altered_knn,altered_knn,15000,60000,0.6794,0.0502,0.6828,0.0513,0.7177,0.0155,0.0079,0.0009,0.1305,0.1209,0.0138,0.0015,0.3483,0.0257
flow,128,4,3,0.0060,0.0001,quadratic,quadratic,15000,90000,0.8569,0.0010,0.8599,0.0011,0.8706,0.0008,0.0704,0.0030,0.3571,0.0095,0.1175,0.0044,0.4887,0.0025
flow,128,4,3,0.0060,0.0001,polar3,polar,15000,90000,0.9716,0.0023,0.9718,0.0023,0.9727,0.0023,0.7235,0.0180,0.9325,0.0114,0.8148,0.0157,0.8933,0.0090
flow,128,4,3,0.0060,0.0001,knn,knn,20000,120000,0.4785,0.0008,0.4813,0.0008,0.4787,0.0007,0.0159,0.0028,0.0067,0.0011,0.0094,0.0015,0.2454,0.0004
flow,128,4,3,0.0060,0.0001,altered_knn,altered_knn,20000,80000,0.6167,0.0839,0.6187,0.0854,0.6948,0.0370,0.0072,0.0004,0.2705,0.1743,0.0136,0.0003,0.3161,0.0426
flow,128,4,3,0.0060,0.0001,quadratic,quadratic,20000,120000,0.8836,0.0016,0.8866,0.0016,0.8941,0.0015,0.0997,0.0060,0.3741,0.0170,0.1575,0.0089,0.5221,0.0052
flow,128,4,3,0.0060,0.0001,polar3,polar,20000,120000,0.9752,0.0016,0.9754,0.0016,0.9764,0.0016,0.7055,0.0179,0.9414,0.0084,0.8065,0.0148,0.8910,0.0078
flow,128,8,3,0.0060,0.0001,knn,knn,2000,24000,0.3020,0.0005,0.3037,0.0005,0.3020,0.0005,0.0131,0.0008,0.0236,0.0018,0.0169,0.0011,0.1603,0.0007
flow,128,8,3,0.0060,0.0001,altered_knn,altered_knn,2000,16000,0.5760,0.0033,0.5791,0.0034,0.5912,0.0016,0.0081,0.0005,0.0649,0.0052,0.0143,0.0006,0.2967,0.0020
flow,128,8,3,0.0060,0.0001,quadratic,quadratic,2000,24000,0.3310,0.0020,0.3307,0.0021,0.3972,0.0026,0.0067,0.0002,0.3814,0.0047,0.0132,0.0004,0.1720,0.0009
flow,128,8,3,0.0060,0.0001,polar3,polar,2000,24000,0.8946,0.0055,0.8955,0.0055,0.8953,0.0057,0.7669,0.0042,0.7440,0.0194,0.7552,0.0099,0.8253,0.0075
flow,128,8,3,0.0060,0.0001,knn,knn,5000,60000,0.3150,0.0005,0.3168,0.0005,0.3150,0.0004,0.0113,0.0017,0.0184,0.0029,0.0140,0.0021,0.1654,0.0012
flow,128,8,3,0.0060,0.0001,altered_knn,altered_knn,5000,40000,0.5436,0.0593,0.5454,0.0607,0.6014,0.0200,0.0079,0.0008,0.2458,0.1674,0.0147,0.0006,0.2801,0.0306
flow,128,8,3,0.0060,0.0001,quadratic,quadratic,5000,60000,0.5448,0.0007,0.5461,0.0007,0.5958,0.0011,0.0116,0.0004,0.3324,0.0083,0.0223,0.0009,0.2842,0.0004
flow,128,8,3,0.0060,0.0001,polar3,polar,5000,60000,0.9375,0.0021,0.9379,0.0020,0.9384,0.0021,0.7427,0.0068,0.8764,0.0090,0.8040,0.0057,0.8709,0.0039
flow,128,8,3,0.0060,0.0001,knn,knn,10000,120000,0.3256,0.0009,0.3275,0.0009,0.3257,0.0008,0.0142,0.0010,0.0195,0.0012,0.0164,0.0011,0.1720,0.0009
flow,128,8,3,0.0060,0.0001,altered_knn,altered_knn,10000,80000,0.5629,0.0998,0.5651,0.1019,0.6112,0.0415,0.0088,0.0015,0.2022,0.2472,0.0138,0.0009,0.2895,0.0512
flow,128,8,3,0.0060,0.0001,quadratic,quadratic,10000,120000,0.7510,0.0005,0.7532,0.0005,0.7700,0.0006,0.0469,0.0013,0.3878,0.0043,0.0836,0.0021,0.4184,0.0009
flow,128,8,3,0.0060,0.0001,polar3,polar,10000,120000,0.9571,0.0010,0.9574,0.0010,0.9582,0.0010,0.7074,0.0044,0.9079,0.0095,0.7952,0.0027,0.8763,0.0018
flow,128,8,3,0.0060,0.0001,knn,knn,15000,180000,0.3308,0.0008,0.3327,0.0007,0.3309,0.0007,0.0132,0.0026,0.0172,0.0037,0.0149,0.0031,0.1738,0.0019
flow,128,8,3,0.0060,0.0001,altered_knn,altered_knn,15000,120000,0.5447,0.0940,0.5464,0.0959,0.6150,0.0428,0.0079,0.0014,0.2803,0.2281,0.0129,0.0007,0.2796,0.0477
flow,128,8,3,0.0060,0.0001,quadratic,quadratic,15000,180000,0.8183,0.0003,0.8207,0.0003,0.8301,0.0003,0.0863,0.0017,0.4122,0.0037,0.1427,0.0023,0.4817,0.0012
flow,128,8,3,0.0060,0.0001,polar3,polar,15000,180000,0.9627,0.0007,0.9630,0.0006,0.9638,0.0006,0.7018,0.0030,0.9129,0.0085,0.7935,0.0031,0.8783,0.0019
flow,128,8,3,0.0060,0.0001,knn,knn,20000,240000,0.3331,0.0009,0.3350,0.0009,0.3331,0.0010,0.0119,0.0007,0.0151,0.0011,0.0133,0.0008,0.1741,0.0004
flow,128,8,3,0.0060,0.0001,altered_knn,altered_knn,20000,160000,0.6096,0.0574,0.6124,0.0588,0.6476,0.0148,0.0080,0.0008,0.1445,0.1685,0.0125,0.0014,0.3125,0.0289
flow,128,8,3,0.0060,0.0001,quadratic,quadratic,20000,240000,0.8551,0.0001,0.8577,0.0002,0.8630,0.0001,0.1385,0.0027,0.4217,0.0081,0.2085,0.0035,0.5331,0.0018
flow,128,8,3,0.0060,0.0001,polar3,polar,20000,240000,0.9666,0.0015,0.9669,0.0014,0.9678,0.0015,0.6923,0.0072,0.9159,0.0104,0.7885,0.0038,0.8777,0.0018
flow,128,16,3,0.0063,0.0001,knn,knn,2000,48000,0.2050,0.0004,0.2060,0.0004,0.2043,0.0003,0.0120,0.0004,0.0387,0.0016,0.0183,0.0006,0.1122,0.0005
flow,128,16,3,0.0063,0.0001,altered_knn,altered_knn,2000,32000,0.4669,0.0727,0.4687,0.0747,0.5041,0.0257,0.0093,0.0014,0.1826,0.2363,0.0123,0.0034,0.2405,0.0365
flow,128,16,3,0.0063,0.0001,quadratic,quadratic,2000,48000,0.3820,0.0010,0.3819,0.0011,0.4506,0.0013,0.0082,0.0001,0.3993,0.0073,0.0160,0.0001,0.1989,0.0006
flow,128,16,3,0.0063,0.0001,polar3,polar,2000,48000,0.8660,0.0034,0.8666,0.0034,0.8667,0.0033,0.7371,0.0007,0.7589,0.0091,0.7478,0.0040,0.8072,0.0035
flow,128,16,3,0.0063,0.0001,knn,knn,5000,120000,0.2154,0.0003,0.2166,0.0003,0.2147,0.0003,0.0124,0.0005,0.0360,0.0016,0.0184,0.0008,0.1175,0.0004
flow,128,16,3,0.0063,0.0001,altered_knn,altered_knn,5000,80000,0.5219,0.0183,0.5242,0.0188,0.5584,0.0042,0.0081,0.0002,0.1646,0.0696,0.0153,0.0006,0.2698,0.0093
flow,128,16,3,0.0063,0.0001,quadratic,quadratic,5000,120000,0.5543,0.0007,0.5557,0.0007,0.5935,0.0009,0.0158,0.0003,0.3302,0.0063,0.0301,0.0005,0.2929,0.0006
flow,128,16,3,0.0063,0.0001,polar3,polar,5000,120000,0.9160,0.0033,0.9166,0.0032,0.9171,0.0032,0.7297,0.0032,0.8275,0.0068,0.7755,0.0012,0.8460,0.0021
flow,128,16,3,0.0063,0.0001,knn,knn,10000,240000,0.2240,0.0003,0.2252,0.0003,0.2235,0.0002,0.0110,0.0008,0.0283,0.0024,0.0158,0.0012,0.1205,0.0005
flow,128,16,3,0.0063,0.0001,altered_knn,altered_knn,10000,160000,0.5444,0.0024,0.5466,0.0024,0.5845,0.0016,0.0092,0.0002,0.1971,0.0050,0.0176,0.0003,0.2821,0.0011
flow,128,16,3,0.0063,0.0001,quadratic,quadratic,10000,240000,0.7255,0.0004,0.7277,0.0004,0.7416,0.0003,0.0570,0.0012,0.3938,0.0033,0.0996,0.0019,0.4136,0.0010
flow,128,16,3,0.0063,0.0001,polar3,polar,10000,240000,0.9322,0.0020,0.9328,0.0020,0.9334,0.0020,0.7228,0.0074,0.8392,0.0052,0.7766,0.0026,0.8547,0.0006
flow,128,16,3,0.0063,0.0001,knn,knn,15000,360000,0.2286,0.0004,0.2299,0.0004,0.2282,0.0005,0.0115,0.0007,0.0285,0.0018,0.0163,0.0010,0.1231,0.0005
flow,128,16,3,0.0063,0.0001,altered_knn,altered_knn,15000,240000,0.5727,0.0064,0.5757,0.0068,0.5960,0.0032,0.0084,0.0006,0.1015,0.0484,0.0151,0.0019,0.2954,0.0024
flow,128,16,3,0.0063,0.0001,quadratic,quadratic,15000,360000,0.8139,0.0003,0.8164,0.0002,0.8196,0.0003,0.1893,0.0020,0.4221,0.0080,0.2613,0.0018,0.5389,0.0010
flow,128,16,3,0.0063,0.0001,polar3,polar,15000,360000,0.9396,0.0019,0.9401,0.0019,0.9408,0.0018,0.7124,0.0060,0.8464,0.0043,0.7736,0.0027,0.8569,0.0010
flow,128,16,3,0.0063,0.0001,knn,knn,20000,480000,0.2317,0.0007,0.2330,0.0007,0.2312,0.0007,0.0117,0.0006,0.0275,0.0014,0.0164,0.0008,0.1247,0.0002
flow,128,16,3,0.0063,0.0001,altered_knn,altered_knn,20000,320000,0.5555,0.0528,0.5580,0.0543,0.5915,0.0138,0.0108,0.0020,0.1665,0.1809,0.0162,0.0016,0.2871,0.0270
flow,128,16,3,0.0063,0.0001,quadratic,quadratic,20000,480000,0.8543,0.0002,0.8571,0.0001,0.8579,0.0002,0.3297,0.0027,0.4285,0.0089,0.3726,0.0018,0.6148,0.0010
flow,128,16,3,0.0063,0.0001,polar3,polar,20000,480000,0.9469,0.0010,0.9476,0.0010,0.9481,0.0010,0.7099,0.0053,0.8506,0.0048,0.7739,0.0024,0.8607,0.0007
flow,256,2,3,0.0041,0.0001,knn,knn,2000,6000,0.6216,0.0003,0.6241,0.0004,0.6210,0.0005,0.0079,0.0067,0.0024,0.0019,0.0037,0.0030,0.3139,0.0017
flow,256,2,3,0.0041,0.0001,altered_knn,altered_knn,2000,4000,0.6674,0.0035,0.6695,0.0035,0.7303,0.0031,0.0040,0.0003,0.1657,0.0107,0.0077,0.0006,0.3386,0.0015
flow,256,2,3,0.0041,0.0001,quadratic,quadratic,2000,6000,0.3885,0.0016,0.3889,0.0017,0.4541,0.0015,0.0041,0.0004,0.2896,0.0218,0.0080,0.0008,0.1984,0.0008
flow,256,2,3,0.0041,0.0001,polar3,polar,2000,6000,0.9343,0.0012,0.9361,0.0011,0.9380,0.0011,0.2434,0.0114,0.4790,0.0272,0.3227,0.0161,0.6294,0.0080
flow,256,2,3,0.0041,0.0001,knn,knn,5000,15000,0.6313,0.0013,0.6339,0.0013,0.6311,0.0012,0.0035,0.0050,0.0008,0.0012,0.0014,0.0019,0.3176,0.0015
flow,256,2,3,0.0041,0.0001,altered_knn,altered_knn,5000,10000,0.5543,0.0936,0.5550,0.0946,0.6704,0.0542,0.0043,0.0002,0.3791,0.1454,0.0085,0.0004,0.2818,0.0475
flow,256,2,3,0.0041,0.0001,quadratic,quadratic,5000,15000,0.3976,0.0016,0.3978,0.0016,0.4714,0.0016,0.0042,0.0004,0.3272,0.0237,0.0083,0.0008,0.2031,0.0010
flow,256,2,3,0.0041,0.0001,polar3,polar,5000,15000,0.9593,0.0008,0.9606,0.0008,0.9611,0.0008,0.5175,0.0178,0.6483,0.0183,0.5753,0.0132,0.7680,0.0068
flow,256,2,3,0.0041,0.0001,knn,knn,10000,30000,0.6384,0.0028,0.6410,0.0027,0.6380,0.0026,0.0162,0.0008,0.0025,0.0001,0.0043,0.0001,0.3226,0.0014
flow,256,2,3,0.0041,0.0001,altered_knn,altered_knn,10000,20000,0.7047,0.0017,0.7069,0.0017,0.7641,0.0014,0.0044,0.0005,0.1675,0.0185,0.0086,0.0010,0.3577,0.0004
flow,256,2,3,0.0041,0.0001,quadratic,quadratic,10000,30000,0.4217,0.0025,0.4221,0.0025,0.5044,0.0037,0.0040,0.0002,0.3263,0.0202,0.0079,0.0005,0.2150,0.0014
flow,256,2,3,0.0041,0.0001,polar3,polar,10000,30000,0.9696,0.0007,0.9703,0.0008,0.9707,0.0007,0.6647,0.0084,0.8217,0.0234,0.7349,0.0143,0.8526,0.0071
flow,256,2,3,0.0041,0.0001,knn,knn,15000,45000,0.6403,0.0027,0.6429,0.0027,0.6398,0.0027,0.0062,0.0087,0.0008,0.0012,0.0015,0.0021,0.3222,0.0017
flow,256,2,3,0.0041,0.0001,altered_knn,altered_knn,15000,30000,0.5156,0.0017,0.5159,0.0017,0.6580,0.0015,0.0042,0.0001,0.4470,0.0121,0.0083,0.0003,0.2621,0.0008
flow,256,2,3,0.0041,0.0001,quadratic,quadratic,15000,45000,0.4484,0.0036,0.4487,0.0037,0.5384,0.0046,0.0045,0.0001,0.3759,0.0151,0.0090,0.0002,0.2288,0.0017
flow,256,2,3,0.0041,0.0001,polar3,polar,15000,45000,0.9737,0.0011,0.9739,0.0011,0.9747,0.0011,0.6570,0.0055,0.9269,0.0173,0.7689,0.0095,0.8714,0.0047
flow,256,2,3,0.0041,0.0001,knn,knn,20000,60000,0.6440,0.0012,0.6467,0.0013,0.6437,0.0012,0.0000,0.0000,0.0000,0.0000,0.0000,0.0000,0.3233,0.0006
flow,256,2,3,0.0041,0.0001,altered_knn,altered_knn,20000,40000,0.5877,0.0916,0.5887,0.0924,0.7016,0.0522,0.0041,0.0002,0.3334,0.1232,0.0081,0.0004,0.2984,0.0463
flow,256,2,3,0.0041,0.0001,quadratic,quadratic,20000,60000,0.4841,0.0034,0.4846,0.0036,0.5808,0.0041,0.0042,0.0003,0.3468,0.0335,0.0083,0.0006,0.2465,0.0015
flow,256,2,3,0.0041,0.0001,polar3,polar,20000,60000,0.9764,0.0004,0.9765,0.0004,0.9775,0.0004,0.6363,0.0094,0.9605,0.0057,0.7654,0.0072,0.8710,0.0036
flow,256,4,3,0.0041,0.0002,knn,knn,2000,12000,0.3951,0.0003,0.3967,0.0003,0.3946,0.0003,0.0089,0.0030,0.0122,0.0036,0.0103,0.0033,0.2035,0.0018
flow,256,4,3,0.0041,0.0002,altered_knn,altered_knn,2000,8000,0.5273,0.0489,0.5286,0.0496,0.5762,0.0209,0.0048,0.0005,0.2048,0.1319,0.0093,0.0010,0.2690,0.0246
flow,256,4,3,0.0041,0.0002,quadratic,quadratic,2000,12000,0.2116,0.0007,0.2106,0.0007,0.2666,0.0007,0.0043,0.0002,0.4399,0.0050,0.0084,0.0003,0.1095,0.0002
flow,256,4,3,0.0041,0.0002,polar3,polar,2000,12000,0.9040,0.0019,0.9052,0.0019,0.9052,0.0019,0.6059,0.0224,0.6106,0.0093,0.6081,0.0153,0.7567,0.0076
flow,256,4,3,0.0041,0.0002,knn,knn,5000,30000,0.4072,0.0008,0.4088,0.0008,0.4066,0.0011,0.0097,0.0016,0.0090,0.0013,0.0093,0.0014,0.2091,0.0003
flow,256,4,3,0.0041,0.0002,altered_knn,altered_knn,5000,20000,0.5124,0.0686,0.5134,0.0695,0.5850,0.0277,0.0048,0.0009,0.2779,0.1500,0.0093,0.0013,0.2613,0.0354
flow,256,4,3,0.0041,0.0002,quadratic,quadratic,5000,30000,0.2744,0.0009,0.2740,0.0009,0.3372,0.0010,0.0043,0.0000,0.3952,0.0172,0.0084,0.0001,0.1412,0.0004
flow,256,4,3,0.0041,0.0002,polar3,polar,5000,30000,0.9351,0.0006,0.9355,0.0006,0.9359,0.0006,0.7001,0.0257,0.8553,0.0041,0.7696,0.0153,0.8526,0.0077
flow,256,4,3,0.0041,0.0002,knn,knn,10000,60000,0.4152,0.0015,0.4169,0.0014,0.4145,0.0014,0.0078,0.0036,0.0068,0.0027,0.0073,0.0031,0.2121,0.0009
flow,256,4,3,0.0041,0.0002,altered_knn,altered_knn,10000,40000,0.5692,0.0709,0.5708,0.0718,0.6196,0.0282,0.0043,0.0004,0.1802,0.1660,0.0083,0.0008,0.2895,0.0356
flow,256,4,3,0.0041,0.0002,quadratic,quadratic,10000,60000,0.3521,0.0014,0.3521,0.0013,0.4256,0.0016,0.0042,0.0003,0.3551,0.0255,0.0082,0.0006,0.1801,0.0009
flow,256,4,3,0.0041,0.0002,polar3,polar,10000,60000,0.9550,0.0003,0.9549,0.0003,0.9560,0.0004,0.6230,0.0303,0.9639,0.0066,0.7565,0.0243,0.8557,0.0120
flow,256,4,3,0.0041,0.0002,knn,knn,15000,90000,0.4190,0.0013,0.4207,0.0013,0.4184,0.0013,0.0056,0.0018,0.0044,0.0014,0.0050,0.0016,0.2128,0.0010
flow,256,4,3,0.0041,0.0002,altered_knn,altered_knn,15000,60000,0.5557,0.0507,0.5570,0.0514,0.6224,0.0201,0.0046,0.0004,0.2432,0.1153,0.0090,0.0007,0.2830,0.0257
flow,256,4,3,0.0041,0.0002,quadratic,quadratic,15000,90000,0.4301,0.0009,0.4304,0.0009,0.5091,0.0010,0.0049,0.0004,0.3710,0.0122,0.0096,0.0008,0.2200,0.0006
flow,256,4,3,0.0041,0.0002,polar3,polar,15000,90000,0.9653,0.0029,0.9652,0.0029,0.9667,0.0029,0.5582,0.0260,0.9801,0.0085,0.7110,0.0231,0.8381,0.0105
flow,256,4,3,0.0041,0.0002,knn,knn,20000,120000,0.4218,0.0013,0.4235,0.0012,0.4212,0.0012,0.0076,0.0024,0.0062,0.0021,0.0068,0.0022,0.2152,0.0017
flow,256,4,3,0.0041,0.0002,altered_knn,altered_knn,20000,80000,0.6041,0.0468,0.6060,0.0474,0.6429,0.0183,0.0044,0.0007,0.1362,0.1118,0.0084,0.0015,0.3072,0.0232
flow,256,4,3,0.0041,0.0002,quadratic,quadratic,20000,120000,0.4967,0.0004,0.4974,0.0004,0.5761,0.0007,0.0049,0.0003,0.3286,0.0112,0.0096,0.0007,0.2535,0.0003
flow,256,4,3,0.0041,0.0002,polar3,polar,20000,120000,0.9703,0.0005,0.9702,0.0005,0.9719,0.0005,0.5248,0.0281,0.9851,0.0073,0.6845,0.0256,0.8273,0.0127
flow,256,8,3,0.0046,0.0000,knn,knn,2000,24000,0.2532,0.0001,0.2542,0.0001,0.2524,0.0001,0.0078,0.0008,0.0245,0.0031,0.0119,0.0013,0.1330,0.0006
flow,256,8,3,0.0046,0.0000,altered_knn,altered_knn,2000,16000,0.4363,0.0565,0.4375,0.0576,0.4718,0.0203,0.0050,0.0006,0.1676,0.1805,0.0084,0.0009,0.2230,0.0284
flow,256,8,3,0.0046,0.0000,quadratic,quadratic,2000,24000,0.1598,0.0006,0.1582,0.0006,0.2126,0.0007,0.0046,0.0001,0.5171,0.0041,0.0091,0.0001,0.0836,0.0003
flow,256,8,3,0.0046,0.0000,polar3,polar,2000,24000,0.8826,0.0023,0.8833,0.0023,0.8835,0.0024,0.6694,0.0074,0.7267,0.0109,0.6969,0.0090,0.7901,0.0055
flow,256,8,3,0.0046,0.0000,knn,knn,5000,60000,0.2625,0.0002,0.2636,0.0002,0.2616,0.0003,0.0071,0.0018,0.0183,0.0048,0.0103,0.0026,0.1369,0.0013
flow,256,8,3,0.0046,0.0000,altered_knn,altered_knn,5000,40000,0.4787,0.0458,0.4803,0.0467,0.5059,0.0141,0.0047,0.0004,0.1242,0.1503,0.0074,0.0027,0.2439,0.0224
flow,256,8,3,0.0046,0.0000,quadratic,quadratic,5000,60000,0.2599,0.0012,0.2591,0.0012,0.3276,0.0016,0.0048,0.0001,0.4451,0.0094,0.0095,0.0002,0.1343,0.0007
flow,256,8,3,0.0046,0.0000,polar3,polar,5000,60000,0.9253,0.0018,0.9254,0.0018,0.9262,0.0019,0.6406,0.0025,0.8918,0.0044,0.7456,0.0025,0.8355,0.0018
flow,256,8,3,0.0046,0.0000,knn,knn,10000,120000,0.2696,0.0009,0.2708,0.0009,0.2686,0.0008,0.0057,0.0011,0.0130,0.0027,0.0079,0.0016,0.1394,0.0012
flow,256,8,3,0.0046,0.0000,altered_knn,altered_knn,10000,80000,0.4375,0.0730,0.4381,0.0743,0.5029,0.0271,0.0077,0.0037,0.3028,0.2191,0.0101,0.0002,0.2241,0.0373
flow,256,8,3,0.0046,0.0000,quadratic,quadratic,10000,120000,0.3827,0.0010,0.3828,0.0010,0.4563,0.0011,0.0052,0.0001,0.3695,0.0053,0.0102,0.0002,0.1965,0.0006
flow,256,8,3,0.0046,0.0000,polar3,polar,10000,120000,0.9464,0.0033,0.9464,0.0033,0.9478,0.0033,0.5778,0.0067,0.9307,0.0057,0.7129,0.0068,0.8297,0.0036
flow,256,8,3,0.0046,0.0000,knn,knn,15000,180000,0.2732,0.0007,0.2744,0.0007,0.2723,0.0006,0.0068,0.0008,0.0143,0.0020,0.0092,0.0011,0.1418,0.0003
flow,256,8,3,0.0046,0.0000,altered_knn,altered_knn,15000,120000,0.4266,0.0839,0.4270,0.0854,0.5026,0.0312,0.0050,0.0003,0.3378,0.2366,0.0077,0.0026,0.2174,0.0414
flow,256,8,3,0.0046,0.0000,quadratic,quadratic,15000,180000,0.4576,0.0012,0.4582,0.0012,0.5276,0.0012,0.0057,0.0001,0.3344,0.0016,0.0112,0.0001,0.2347,0.0007
flow,256,8,3,0.0046,0.0000,polar3,polar,15000,180000,0.9569,0.0016,0.9570,0.0016,0.9585,0.0016,0.5582,0.0063,0.9366,0.0055,0.6995,0.0065,0.8283,0.0037
flow,256,8,3,0.0046,0.0000,knn,knn,20000,240000,0.2762,0.0004,0.2774,0.0004,0.2754,0.0004,0.0085,0.0005,0.0168,0.0009,0.0113,0.0007,0.1444,0.0002
flow,256,8,3,0.0046,0.0000,altered_knn,altered_knn,20000,160000,0.4746,0.0753,0.4756,0.0766,0.5299,0.0321,0.0053,0.0002,0.2480,0.2028,0.0101,0.0000,0.2428,0.0383
flow,256,8,3,0.0046,0.0000,quadratic,quadratic,20000,240000,0.5120,0.0007,0.5129,0.0007,0.5754,0.0006,0.0068,0.0001,0.3282,0.0034,0.0133,0.0001,0.2631,0.0004
flow,256,8,3,0.0046,0.0000,polar3,polar,20000,240000,0.9589,0.0029,0.9590,0.0029,0.9605,0.0029,0.5473,0.0056,0.9371,0.0042,0.6910,0.0056,0.8250,0.0040
flow,256,16,3,0.0050,0.0000,knn,knn,2000,48000,0.1614,0.0004,0.1621,0.0004,0.1605,0.0003,0.0069,0.0003,0.0360,0.0022,0.0116,0.0005,0.0868,0.0003
flow,256,16,3,0.0050,0.0000,altered_knn,altered_knn,2000,32000,0.3624,0.0320,0.3633,0.0330,0.3960,0.0045,0.0055,0.0000,0.1900,0.1570,0.0086,0.0030,0.1860,0.0153
flow,256,16,3,0.0050,0.0000,quadratic,quadratic,2000,48000,0.1561,0.0008,0.1537,0.0009,0.2189,0.0011,0.0052,0.0001,0.6140,0.0075,0.0102,0.0002,0.0820,0.0004
flow,256,16,3,0.0050,0.0000,polar3,polar,2000,48000,0.8442,0.0018,0.8446,0.0018,0.8447,0.0017,0.6627,0.0051,0.7553,0.0052,0.7060,0.0046,0.7753,0.0024
flow,256,16,3,0.0050,0.0000,knn,knn,5000,120000,0.1695,0.0003,0.1701,0.0003,0.1685,0.0002,0.0070,0.0003,0.0323,0.0007,0.0116,0.0004,0.0909,0.0003
flow,256,16,3,0.0050,0.0000,altered_knn,altered_knn,5000,80000,0.3884,0.0160,0.3892,0.0165,0.4336,0.0007,0.0057,0.0000,0.2387,0.0884,0.0110,0.0002,0.2001,0.0082
flow,256,16,3,0.0050,0.0000,quadratic,quadratic,5000,120000,0.2927,0.0003,0.2917,0.0003,0.3738,0.0004,0.0056,0.0001,0.4929,0.0086,0.0111,0.0002,0.1514,0.0002
flow,256,16,3,0.0050,0.0000,polar3,polar,5000,120000,0.8930,0.0038,0.8931,0.0037,0.8938,0.0038,0.6193,0.0073,0.8690,0.0086,0.7232,0.0078,0.8081,0.0056
flow,256,16,3,0.0050,0.0000,knn,knn,10000,240000,0.1753,0.0002,0.1760,0.0003,0.1742,0.0003,0.0079,0.0003,0.0331,0.0011,0.0128,0.0005,0.0944,0.0002
flow,256,16,3,0.0050,0.0000,altered_knn,altered_knn,10000,160000,0.4044,0.0520,0.4054,0.0532,0.4432,0.0182,0.0060,0.0008,0.1994,0.1851,0.0100,0.0008,0.2077,0.0263
flow,256,16,3,0.0050,0.0000,quadratic,quadratic,10000,240000,0.4134,0.0007,0.4136,0.0007,0.4848,0.0008,0.0064,0.0002,0.3788,0.0081,0.0126,0.0004,0.2131,0.0005
flow,256,16,3,0.0050,0.0000,polar3,polar,10000,240000,0.9177,0.0010,0.9179,0.0010,0.9188,0.0011,0.5987,0.0074,0.8838,0.0076,0.7138,0.0076,0.8158,0.0040
flow,256,16,3,0.0050,0.0000,knn,knn,15000,360000,0.1780,0.0003,0.1788,0.0003,0.1768,0.0003,0.0082,0.0003,0.0319,0.0015,0.0130,0.0005,0.0959,0.0003
flow,256,16,3,0.0050,0.0000,altered_knn,altered_knn,15000,240000,0.4143,0.0470,0.4153,0.0481,0.4559,0.0168,0.0057,0.0003,0.2094,0.1581,0.0109,0.0005,0.2131,0.0241
flow,256,16,3,0.0050,0.0000,quadratic,quadratic,15000,360000,0.4706,0.0002,0.4712,0.0002,0.5286,0.0002,0.0079,0.0001,0.3480,0.0038,0.0155,0.0002,0.2433,0.0001
flow,256,16,3,0.0050,0.0000,polar3,polar,15000,360000,0.9237,0.0010,0.9238,0.0009,0.9250,0.0007,0.5804,0.0064,0.8901,0.0069,0.7026,0.0068,0.8132,0.0039
flow,256,16,3,0.0050,0.0000,knn,knn,20000,480000,0.1805,0.0003,0.1813,0.0003,0.1793,0.0002,0.0077,0.0008,0.0286,0.0033,0.0121,0.0013,0.0967,0.0006
flow,256,16,3,0.0050,0.0000,altered_knn,altered_knn,20000,320000,0.4405,0.0193,0.4419,0.0199,0.4759,0.0009,0.0059,0.0002,0.1719,0.0858,0.0113,0.0002,0.2266,0.0100
flow,256,16,3,0.0050,0.0000,quadratic,quadratic,20000,480000,0.5143,0.0006,0.5153,0.0006,0.5603,0.0006,0.0098,0.0001,0.3221,0.0021,0.0191,0.0001,0.2672,0.0004
flow,256,16,3,0.0050,0.0000,polar3,polar,20000,480000,0.9283,0.0027,0.9284,0.0027,0.9296,0.0027,0.5732,0.0063,0.8934,0.0076,0.6983,0.0069,0.8134,0.0047
flow,512,2,3,0.0026,0.0002,knn,knn,2000,6000,0.5909,0.0025,0.5924,0.0025,0.5899,0.0025,0.0019,0.0027,0.0012,0.0017,0.0014,0.0020,0.2969,0.0016
flow,512,2,3,0.0026,0.0002,altered_knn,altered_knn,2000,4000,0.6066,0.0032,0.6077,0.0032,0.6730,0.0030,0.0029,0.0005,0.2166,0.0216,0.0057,0.0009,0.3067,0.0012
flow,512,2,3,0.0026,0.0002,quadratic,quadratic,2000,6000,0.3717,0.0021,0.3719,0.0021,0.4361,0.0020,0.0026,0.0004,0.2984,0.0229,0.0052,0.0008,0.1885,0.0012
flow,512,2,3,0.0026,0.0002,polar3,polar,2000,6000,0.8993,0.0001,0.9005,0.0002,0.9040,0.0001,0.1170,0.0066,0.4722,0.0551,0.1873,0.0116,0.5439,0.0057
flow,512,2,3,0.0026,0.0002,knn,knn,5000,15000,0.5994,0.0003,0.6009,0.0004,0.5985,0.0004,0.0121,0.0171,0.0066,0.0094,0.0085,0.0121,0.3047,0.0059
flow,512,2,3,0.0026,0.0002,altered_knn,altered_knn,5000,10000,0.6246,0.0030,0.6257,0.0029,0.6899,0.0028,0.0028,0.0004,0.2040,0.0229,0.0056,0.0007,0.3156,0.0016
flow,512,2,3,0.0026,0.0002,quadratic,quadratic,5000,15000,0.3746,0.0009,0.3747,0.0008,0.4440,0.0009,0.0029,0.0001,0.3533,0.0126,0.0058,0.0002,0.1902,0.0004
flow,512,2,3,0.0026,0.0002,polar3,polar,5000,15000,0.9469,0.0019,0.9476,0.0019,0.9493,0.0019,0.2783,0.0099,0.6647,0.0365,0.3921,0.0126,0.6698,0.0073
flow,512,2,3,0.0026,0.0002,knn,knn,10000,30000,0.6038,0.0018,0.6054,0.0019,0.6023,0.0017,0.0033,0.0046,0.0012,0.0017,0.0017,0.0024,0.3035,0.0021
flow,512,2,3,0.0026,0.0002,altered_knn,altered_knn,10000,20000,0.6402,0.0021,0.6413,0.0021,0.7045,0.0022,0.0030,0.0004,0.2079,0.0168,0.0059,0.0009,0.3236,0.0009
flow,512,2,3,0.0026,0.0002,quadratic,quadratic,10000,30000,0.3838,0.0011,0.3839,0.0012,0.4567,0.0013,0.0028,0.0000,0.3488,0.0209,0.0056,0.0001,0.1948,0.0006
flow,512,2,3,0.0026,0.0002,polar3,polar,10000,30000,0.9619,0.0022,0.9622,0.0023,0.9633,0.0023,0.4516,0.0170,0.8444,0.0185,0.5881,0.0133,0.7752,0.0061
flow,512,2,3,0.0026,0.0002,knn,knn,15000,45000,0.6067,0.0015,0.6083,0.0014,0.6052,0.0016,0.0122,0.0015,0.0039,0.0003,0.0058,0.0002,0.3070,0.0008
flow,512,2,3,0.0026,0.0002,altered_knn,altered_knn,15000,30000,0.6457,0.0016,0.6468,0.0017,0.7098,0.0018,0.0029,0.0002,0.2033,0.0163,0.0058,0.0004,0.3263,0.0010
flow,512,2,3,0.0026,0.0002,quadratic,quadratic,15000,45000,0.3937,0.0013,0.3939,0.0014,0.4691,0.0015,0.0026,0.0004,0.3264,0.0268,0.0052,0.0008,0.1996,0.0005
flow,512,2,3,0.0026,0.0002,polar3,polar,15000,45000,0.9676,0.0004,0.9677,0.0004,0.9689,0.0004,0.4871,0.0260,0.9400,0.0077,0.6412,0.0216,0.8044,0.0109
flow,512,2,3,0.0026,0.0002,knn,knn,20000,60000,0.6088,0.0010,0.6104,0.0009,0.6076,0.0011,0.0000,0.0000,0.0000,0.0000,0.0000,0.0000,0.3052,0.0005
flow,512,2,3,0.0026,0.0002,altered_knn,altered_knn,20000,40000,0.6504,0.0018,0.6515,0.0019,0.7144,0.0020,0.0028,0.0001,0.1949,0.0208,0.0056,0.0003,0.3286,0.0010
flow,512,2,3,0.0026,0.0002,quadratic,quadratic,20000,60000,0.3999,0.0009,0.4000,0.0009,0.4785,0.0010,0.0027,0.0005,0.3440,0.0319,0.0054,0.0009,0.2027,0.0006
flow,512,2,3,0.0026,0.0002,polar3,polar,20000,60000,0.9710,0.0006,0.9710,0.0006,0.9724,0.0006,0.4602,0.0258,0.9534,0.0061,0.6204,0.0247,0.7957,0.0126
flow,512,4,3,0.0027,0.0001,knn,knn,2000,12000,0.3552,0.0019,0.3561,0.0019,0.3542,0.0018,0.0028,0.0015,0.0074,0.0039,0.0040,0.0022,0.1801,0.0005
flow,512,4,3,0.0027,0.0001,altered_knn,altered_knn,2000,8000,0.3916,0.0479,0.3917,0.0483,0.4670,0.0261,0.0028,0.0002,0.3429,0.0987,0.0056,0.0004,0.1986,0.0243
flow,512,4,3,0.0027,0.0001,quadratic,quadratic,2000,12000,0.1281,0.0009,0.1268,0.0010,0.1807,0.0012,0.0026,0.0001,0.5888,0.0088,0.0052,0.0002,0.0660,0.0004
flow,512,4,3,0.0027,0.0001,polar3,polar,2000,12000,0.8706,0.0011,0.8714,0.0011,0.8723,0.0010,0.3256,0.0156,0.5900,0.0134,0.4194,0.0140,0.6454,0.0075
flow,512,4,3,0.0027,0.0001,knn,knn,5000,30000,0.3639,0.0012,0.3648,0.0011,0.3628,0.0011,0.0040,0.0008,0.0094,0.0015,0.0056,0.0011,0.1852,0.0011
flow,512,4,3,0.0027,0.0001,altered_knn,altered_knn,5000,20000,0.4855,0.0266,0.4863,0.0269,0.5273,0.0103,0.0030,0.0002,0.1771,0.0721,0.0058,0.0004,0.2461,0.0135
flow,512,4,3,0.0027,0.0001,quadratic,quadratic,5000,30000,0.1758,0.0007,0.1749,0.0007,0.2334,0.0011,0.0027,0.0001,0.5088,0.0184,0.0054,0.0001,0.0901,0.0003
flow,512,4,3,0.0027,0.0001,polar3,polar,5000,30000,0.9142,0.0024,0.9145,0.0025,0.9152,0.0024,0.5185,0.0148,0.8112,0.0227,0.6323,0.0106,0.7734,0.0059
flow,512,4,3,0.0027,0.0001,knn,knn,10000,60000,0.3709,0.0009,0.3719,0.0009,0.3698,0.0009,0.0044,0.0011,0.0087,0.0022,0.0059,0.0015,0.1889,0.0004
flow,512,4,3,0.0027,0.0001,altered_knn,altered_knn,10000,40000,0.3889,0.0258,0.3888,0.0260,0.4873,0.0156,0.0028,0.0002,0.4203,0.0428,0.0055,0.0003,0.1972,0.0131
flow,512,4,3,0.0027,0.0001,quadratic,quadratic,10000,60000,0.2232,0.0006,0.2226,0.0007,0.2850,0.0007,0.0027,0.0001,0.4440,0.0110,0.0054,0.0002,0.1140,0.0003
flow,512,4,3,0.0027,0.0001,polar3,polar,10000,60000,0.9407,0.0013,0.9406,0.0013,0.9419,0.0013,0.4713,0.0076,0.9533,0.0044,0.6307,0.0059,0.7857,0.0036
flow,512,4,3,0.0027,0.0001,knn,knn,15000,90000,0.3731,0.0003,0.3741,0.0003,0.3718,0.0005,0.0037,0.0017,0.0069,0.0034,0.0048,0.0023,0.1895,0.0012
flow,512,4,3,0.0027,0.0001,altered_knn,altered_knn,15000,60000,0.4863,0.0747,0.4870,0.0754,0.5382,0.0363,0.0028,0.0001,0.2151,0.1751,0.0055,0.0003,0.2462,0.0376
flow,512,4,3,0.0027,0.0001,quadratic,quadratic,15000,90000,0.2544,0.0009,0.2539,0.0009,0.3198,0.0010,0.0029,0.0000,0.4444,0.0092,0.0057,0.0001,0.1298,0.0005
flow,512,4,3,0.0027,0.0001,polar3,polar,15000,90000,0.9523,0.0012,0.9523,0.0012,0.9539,0.0012,0.4248,0.0115,0.9788,0.0008,0.5924,0.0111,0.7723,0.0053
flow,512,4,3,0.0027,0.0001,knn,knn,20000,120000,0.3758,0.0008,0.3768,0.0008,0.3746,0.0007,0.0037,0.0021,0.0068,0.0037,0.0048,0.0027,0.1908,0.0010
flow,512,4,3,0.0027,0.0001,altered_knn,altered_knn,20000,80000,0.4754,0.0660,0.4761,0.0667,0.5371,0.0308,0.0029,0.0001,0.2558,0.1590,0.0056,0.0001,0.2408,0.0334
flow,512,4,3,0.0027,0.0001,quadratic,quadratic,20000,120000,0.2808,0.0008,0.2805,0.0008,0.3509,0.0010,0.0026,0.0001,0.3904,0.0192,0.0051,0.0001,0.1428,0.0004
flow,512,4,3,0.0027,0.0001,polar3,polar,20000,120000,0.9589,0.0016,0.9588,0.0016,0.9609,0.0016,0.3828,0.0114,0.9862,0.0027,0.5515,0.0123,0.7552,0.0069
flow,512,8,3,0.0031,0.0001,knn,knn,2000,24000,0.2139,0.0006,0.2145,0.0007,0.2126,0.0007,0.0043,0.0002,0.0248,0.0011,0.0073,0.0004,0.1109,0.0005
flow,512,8,3,0.0031,0.0001,altered_knn,altered_knn,2000,16000,0.3209,0.0491,0.3211,0.0498,0.3640,0.0239,0.0033,0.0002,0.2717,0.1659,0.0065,0.0002,0.1638,0.0250
flow,512,8,3,0.0031,0.0001,quadratic,quadratic,2000,24000,0.0591,0.0003,0.0569,0.0004,0.0913,0.0006,0.0031,0.0001,0.7535,0.0037,0.0062,0.0002,0.0315,0.0001
flow,512,8,3,0.0031,0.0001,polar3,polar,2000,24000,0.8459,0.0026,0.8464,0.0026,0.8469,0.0025,0.4594,0.0064,0.6774,0.0140,0.5474,0.0061,0.6969,0.0042
flow,512,8,3,0.0031,0.0001,knn,knn,5000,60000,0.2199,0.0004,0.2205,0.0004,0.2185,0.0004,0.0045,0.0005,0.0242,0.0013,0.0075,0.0007,0.1140,0.0005
flow,512,8,3,0.0031,0.0001,altered_knn,altered_knn,5000,40000,0.3032,0.0333,0.3029,0.0338,0.3713,0.0174,0.0033,0.0001,0.4056,0.1143,0.0065,0.0003,0.1547,0.0168
flow,512,8,3,0.0031,0.0001,quadratic,quadratic,5000,60000,0.1166,0.0006,0.1151,0.0005,0.1663,0.0007,0.0031,0.0001,0.6262,0.0027,0.0062,0.0002,0.0607,0.0004
flow,512,8,3,0.0031,0.0001,polar3,polar,5000,60000,0.8970,0.0041,0.8969,0.0042,0.8978,0.0040,0.5128,0.0183,0.9119,0.0127,0.6563,0.0160,0.7766,0.0099
flow,512,8,3,0.0031,0.0001,knn,knn,10000,120000,0.2259,0.0002,0.2266,0.0002,0.2244,0.0002,0.0041,0.0007,0.0191,0.0025,0.0068,0.0011,0.1167,0.0006
flow,512,8,3,0.0031,0.0001,altered_knn,altered_knn,10000,80000,0.3882,0.0572,0.3889,0.0580,0.4149,0.0217,0.0038,0.0010,0.1446,0.1875,0.0061,0.0009,0.1975,0.0290
flow,512,8,3,0.0031,0.0001,quadratic,quadratic,10000,120000,0.1825,0.0010,0.1814,0.0010,0.2457,0.0013,0.0032,0.0002,0.5347,0.0162,0.0063,0.0003,0.0938,0.0006
flow,512,8,3,0.0031,0.0001,polar3,polar,10000,120000,0.9292,0.0032,0.9291,0.0032,0.9307,0.0032,0.4344,0.0098,0.9668,0.0076,0.5993,0.0088,0.7642,0.0059
flow,512,8,3,0.0031,0.0001,knn,knn,15000,180000,0.2285,0.0001,0.2292,0.0002,0.2272,0.0003,0.0037,0.0001,0.0167,0.0005,0.0061,0.0002,0.1176,0.0001
flow,512,8,3,0.0031,0.0001,altered_knn,altered_knn,15000,120000,0.3592,0.0519,0.3594,0.0526,0.4128,0.0214,0.0030,0.0002,0.2848,0.1713,0.0060,0.0005,0.1827,0.0261
flow,512,8,3,0.0031,0.0001,quadratic,quadratic,15000,180000,0.2390,0.0010,0.2383,0.0010,0.3073,0.0010,0.0033,0.0001,0.4825,0.0061,0.0066,0.0003,0.1224,0.0006
flow,512,8,3,0.0031,0.0001,polar3,polar,15000,180000,0.9391,0.0030,0.9390,0.0030,0.9409,0.0030,0.4067,0.0104,0.9753,0.0042,0.5739,0.0100,0.7565,0.0052
flow,512,8,3,0.0031,0.0001,knn,knn,20000,240000,0.2317,0.0004,0.2323,0.0004,0.2302,0.0003,0.0042,0.0005,0.0184,0.0028,0.0068,0.0009,0.1196,0.0006
flow,512,8,3,0.0031,0.0001,altered_knn,altered_knn,20000,160000,0.3779,0.0563,0.3783,0.0570,0.4278,0.0255,0.0032,0.0000,0.2579,0.1806,0.0062,0.0001,0.1923,0.0285
flow,512,8,3,0.0031,0.0001,quadratic,quadratic,20000,240000,0.2768,0.0002,0.2762,0.0001,0.3515,0.0001,0.0033,0.0001,0.4612,0.0029,0.0066,0.0003,0.1414,0.0002
flow,512,8,3,0.0031,0.0001,polar3,polar,20000,240000,0.9444,0.0047,0.9443,0.0047,0.9463,0.0049,0.3931,0.0106,0.9777,0.0029,0.5607,0.0104,0.7525,0.0046
flow,512,16,3,0.0032,0.0001,knn,knn,2000,48000,0.1296,0.0001,0.1299,0.0002,0.1284,0.0001,0.0042,0.0004,0.0375,0.0023,0.0076,0.0006,0.0687,0.0003
flow,512,16,3,0.0032,0.0001,altered_knn,altered_knn,2000,32000,0.2306,0.0420,0.2302,0.0429,0.2739,0.0129,0.0035,0.0002,0.3573,0.2324,0.0066,0.0003,0.1184,0.0214
flow,512,16,3,0.0032,0.0001,quadratic,quadratic,2000,48000,0.0377,0.0004,0.0351,0.0003,0.0607,0.0005,0.0032,0.0001,0.8506,0.0054,0.0064,0.0003,0.0207,0.0002
flow,512,16,3,0.0032,0.0001,polar3,polar,2000,48000,0.8096,0.0017,0.8098,0.0017,0.8105,0.0018,0.4310,0.0098,0.7395,0.0188,0.5443,0.0049,0.6771,0.0031
flow,512,16,3,0.0032,0.0001,knn,knn,5000,120000,0.1349,0.0002,0.1352,0.0002,0.1336,0.0001,0.0041,0.0005,0.0338,0.0043,0.0073,0.0010,0.0713,0.0006
flow,512,16,3,0.0032,0.0001,altered_knn,altered_knn,5000,80000,0.2989,0.0181,0.2994,0.0184,0.3150,0.0032,0.0032,0.0004,0.1131,0.0937,0.0060,0.0009,0.1527,0.0090
flow,512,16,3,0.0032,0.0001,quadratic,quadratic,5000,120000,0.1042,0.0002,0.1022,0.0002,0.1574,0.0002,0.0033,0.0001,0.7178,0.0046,0.0065,0.0003,0.0544,0.0002
flow,512,16,3,0.0032,0.0001,polar3,polar,5000,120000,0.8610,0.0026,0.8609,0.0026,0.8618,0.0026,0.4439,0.0130,0.9145,0.0065,0.5975,0.0105,0.7292,0.0065
flow,512,16,3,0.0032,0.0001,knn,knn,10000,240000,0.1390,0.0004,0.1394,0.0004,0.1375,0.0004,0.0043,0.0004,0.0306,0.0015,0.0076,0.0007,0.0735,0.0003
flow,512,16,3,0.0032,0.0001,altered_knn,altered_knn,10000,160000,0.3028,0.0280,0.3032,0.0286,0.3318,0.0038,0.0038,0.0006,0.1995,0.1640,0.0065,0.0004,0.1548,0.0141
flow,512,16,3,0.0032,0.0001,quadratic,quadratic,10000,240000,0.2040,0.0008,0.2029,0.0008,0.2750,0.0010,0.0034,0.0001,0.5561,0.0074,0.0067,0.0002,0.1048,0.0003
flow,512,16,3,0.0032,0.0001,polar3,polar,10000,240000,0.8789,0.0038,0.8787,0.0038,0.8795,0.0043,0.4108,0.0146,0.9296,0.0072,0.5696,0.0129,0.7242,0.0070
flow,512,16,3,0.0032,0.0001,knn,knn,15000,360000,0.1416,0.0005,0.1419,0.0004,0.1401,0.0004,0.0044,0.0004,0.0297,0.0023,0.0076,0.0006,0.0748,0.0002
flow,512,16,3,0.0032,0.0001,altered_knn,altered_knn,15000,240000,0.3219,0.0188,0.3224,0.0192,0.3435,0.0031,0.0035,0.0002,0.1420,0.0978,0.0061,0.0013,0.1642,0.0091
flow,512,16,3,0.0032,0.0001,quadratic,quadratic,15000,360000,0.2595,0.0007,0.2587,0.0007,0.3406,0.0008,0.0035,0.0001,0.5235,0.0064,0.0069,0.0002,0.1328,0.0005
flow,512,16,3,0.0032,0.0001,polar3,polar,15000,360000,0.8941,0.0058,0.8939,0.0058,0.8954,0.0060,0.3897,0.0131,0.9322,0.0070,0.5495,0.0122,0.7217,0.0061
flow,512,16,3,0.0032,0.0001,knn,knn,20000,480000,0.1427,0.0002,0.1431,0.0002,0.1411,0.0002,0.0039,0.0003,0.0257,0.0025,0.0068,0.0005,0.0749,0.0003
flow,512,16,3,0.0032,0.0001,altered_knn,altered_knn,20000,320000,0.2908,0.0368,0.2908,0.0375,0.3372,0.0156,0.0033,0.0001,0.3034,0.1545,0.0066,0.0002,0.1487,0.0187
flow,512,16,3,0.0032,0.0001,quadratic,quadratic,20000,480000,0.3039,0.0006,0.3033,0.0006,0.3881,0.0009,0.0036,0.0002,0.5009,0.0078,0.0072,0.0004,0.1553,0.0004
flow,512,16,3,0.0032,0.0001,polar3,polar,20000,480000,0.9020,0.0012,0.9019,0.0012,0.9036,0.0013,0.3785,0.0122,0.9345,0.0063,0.5386,0.0117,0.7202,0.0063
