sampler,seed,d,K,hall_gt,model,arch,n_per_mode,n_anchors,full_acc,mode_acc,mode_f1,hall_prec,hall_rec,hall_f1,balanced
ddim,0,2,2,0.0100,knn,knn,20000,60000,0.9748,0.9763,0.9872,0.2630,0.8333,0.3998,0.6880
ddim,0,2,2,0.0100,altered_knn,altered_knn,20000,40000,0.9865,0.9938,0.9932,0.3086,0.2687,0.2872,0.6405
ddim,0,2,2,0.0100,quadratic,quadratic,20000,60000,0.9642,0.9677,0.9808,0.1711,0.6219,0.2684,0.6181
ddim,0,2,2,0.0100,quadratic_cal,quadratic,20000,60000,0.9710,0.9750,0.9843,0.2009,0.5771,0.2980,0.6365
ddim,0,2,2,0.0100,polar8,polar,20000,60000,0.9742,0.9762,0.9868,0.2508,0.7811,0.3797,0.6779
ddim,0,2,2,0.0100,polar8_cal,polar,20000,60000,0.9743,0.9763,0.9868,0.2512,0.7811,0.3801,0.6782
ddim,0,2,2,0.0100,knn,knn,50000,150000,0.9749,0.9768,0.9871,0.2565,0.7861,0.3868,0.6818
ddim,0,2,2,0.0100,altered_knn,altered_knn,50000,100000,0.9891,0.9967,0.9945,0.4254,0.2413,0.3079,0.6523
ddim,0,2,2,0.0100,quadratic,quadratic,50000,150000,0.9646,0.9681,0.9810,0.1748,0.6269,0.2733,0.6207
ddim,0,2,2,0.0100,quadratic_cal,quadratic,50000,150000,0.9708,0.9748,0.9842,0.2016,0.5796,0.2991,0.6370
ddim,0,2,2,0.0100,polar8,polar,50000,150000,0.9743,0.9762,0.9868,0.2522,0.7886,0.3822,0.6792
ddim,0,2,2,0.0100,polar8_cal,polar,50000,150000,0.9743,0.9762,0.9868,0.2522,0.7886,0.3822,0.6792
ddim,0,2,2,0.0100,knn,knn,100000,300000,0.9749,0.9770,0.9872,0.2539,0.7687,0.3817,0.6794
ddim,0,2,2,0.0100,altered_knn,altered_knn,100000,200000,0.9900,0.9983,0.9949,0.5111,0.1716,0.2570,0.6276
ddim,0,2,2,0.0100,quadratic,quadratic,100000,300000,0.9669,0.9704,0.9830,0.1784,0.6294,0.2780,0.6242
ddim,0,2,2,0.0100,quadratic_cal,quadratic,100000,300000,0.9735,0.9772,0.9864,0.2137,0.6045,0.3158,0.6465
ddim,0,2,2,0.0100,polar8,polar,100000,300000,0.9743,0.9763,0.9869,0.2512,0.7786,0.3799,0.6781
ddim,0,2,2,0.0100,polar8_cal,polar,100000,300000,0.9744,0.9763,0.9869,0.2518,0.7811,0.3808,0.6786
ddim,100,2,2,0.0084,knn,knn,20000,60000,0.9920,0.9930,0.9960,0.5166,0.8757,0.6498,0.8214
ddim,100,2,2,0.0084,altered_knn,altered_knn,20000,40000,0.9865,0.9928,0.9932,0.2331,0.2544,0.2433,0.6180
ddim,100,2,2,0.0084,quadratic,quadratic,20000,60000,0.9834,0.9866,0.9901,0.3339,0.6065,0.4307,0.7087
ddim,100,2,2,0.0084,quadratic_cal,quadratic,20000,60000,0.9846,0.9880,0.9907,0.3558,0.5769,0.4402,0.7141
ddim,100,2,2,0.0084,polar8,polar,20000,60000,0.9926,0.9940,0.9962,0.5416,0.8284,0.6550,0.8245
ddim,100,2,2,0.0084,polar8_cal,polar,20000,60000,0.9926,0.9940,0.9962,0.5416,0.8284,0.6550,0.8245
ddim,100,2,2,0.0084,knn,knn,50000,150000,0.9930,0.9942,0.9964,0.5573,0.8491,0.6729,0.8336
ddim,100,2,2,0.0084,altered_knn,altered_knn,50000,100000,0.9896,0.9964,0.9948,0.3208,0.2012,0.2473,0.6218
ddim,100,2,2,0.0084,quadratic,quadratic,50000,150000,0.9838,0.9870,0.9904,0.3361,0.6095,0.4332,0.7101
ddim,100,2,2,0.0084,quadratic_cal,quadratic,50000,150000,0.9849,0.9884,0.9910,0.3578,0.5769,0.4417,0.7150
ddim,100,2,2,0.0084,polar8,polar,50000,150000,0.9926,0.9939,0.9962,0.5413,0.8343,0.6566,0.8253
ddim,100,2,2,0.0084,polar8_cal,polar,50000,150000,0.9926,0.9940,0.9963,0.5426,0.8284,0.6557,0.8249
ddim,100,2,2,0.0084,knn,knn,100000,300000,0.9932,0.9946,0.9965,0.5665,0.8314,0.6739,0.8342
ddim,100,2,2,0.0084,altered_knn,altered_knn,100000,200000,0.9907,0.9979,0.9953,0.3731,0.1479,0.2119,0.6049
ddim,100,2,2,0.0084,quadratic,quadratic,100000,300000,0.9855,0.9888,0.9924,0.3259,0.6036,0.4232,0.7060
ddim,100,2,2,0.0084,quadratic_cal,quadratic,100000,300000,0.9871,0.9905,0.9932,0.3607,0.5858,0.4464,0.7185
ddim,100,2,2,0.0084,polar8,polar,100000,300000,0.9925,0.9939,0.9962,0.5404,0.8314,0.6550,0.8245
ddim,100,2,2,0.0084,polar8_cal,polar,100000,300000,0.9927,0.9941,0.9963,0.5499,0.8314,0.6620,0.8280
ddim,200,2,2,0.0101,knn,knn,20000,60000,0.9872,0.9896,0.9931,0.4420,0.7469,0.5554,0.7725
ddim,200,2,2,0.0101,altered_knn,altered_knn,20000,40000,0.9828,0.9908,0.9911,0.1852,0.1985,0.1916,0.5912
ddim,200,2,2,0.0101,quadratic,quadratic,20000,60000,0.9780,0.9821,0.9860,0.3217,0.5732,0.4121,0.6971
ddim,200,2,2,0.0101,quadratic_cal,quadratic,20000,60000,0.9808,0.9854,0.9874,0.3788,0.5310,0.4421,0.7138
ddim,200,2,2,0.0101,polar8,polar,20000,60000,0.9881,0.9904,0.9934,0.4775,0.7643,0.5878,0.7891
ddim,200,2,2,0.0101,polar8_cal,polar,20000,60000,0.9882,0.9904,0.9934,0.4820,0.7643,0.5912,0.7908
ddim,200,2,2,0.0101,knn,knn,50000,150000,0.9884,0.9908,0.9936,0.4895,0.7543,0.5938,0.7923
ddim,200,2,2,0.0101,altered_knn,altered_knn,50000,100000,0.9860,0.9946,0.9926,0.2295,0.1390,0.1731,0.5839
ddim,200,2,2,0.0101,quadratic,quadratic,50000,150000,0.9782,0.9823,0.9862,0.3231,0.5757,0.4139,0.6981
ddim,200,2,2,0.0101,quadratic_cal,quadratic,50000,150000,0.9810,0.9855,0.9876,0.3803,0.5360,0.4449,0.7152
ddim,200,2,2,0.0101,polar8,polar,50000,150000,0.9881,0.9904,0.9934,0.4791,0.7667,0.5897,0.7900
ddim,200,2,2,0.0101,polar8_cal,polar,50000,150000,0.9882,0.9904,0.9934,0.4813,0.7667,0.5914,0.7909
ddim,200,2,2,0.0101,knn,knn,100000,300000,0.9887,0.9910,0.9936,0.5025,0.7593,0.6047,0.7979
ddim,200,2,2,0.0101,altered_knn,altered_knn,100000,200000,0.9870,0.9960,0.9929,0.2593,0.1042,0.1487,0.5723
ddim,200,2,2,0.0101,quadratic,quadratic,100000,300000,0.9811,0.9851,0.9890,0.3310,0.5906,0.4242,0.7047
ddim,200,2,2,0.0101,quadratic_cal,quadratic,100000,300000,0.9841,0.9888,0.9906,0.3872,0.5236,0.4451,0.7170
ddim,200,2,2,0.0101,polar8,polar,100000,300000,0.9883,0.9905,0.9935,0.4860,0.7742,0.5971,0.7938
ddim,200,2,2,0.0101,polar8_cal,polar,100000,300000,0.9886,0.9908,0.9936,0.4984,0.7717,0.6056,0.7982
ddim,0,2,4,0.0116,knn,knn,20000,120000,0.8900,0.8951,0.8969,0.2569,0.4629,0.3304,0.6127
ddim,0,2,4,0.0116,altered_knn,altered_knn,20000,80000,0.8877,0.8965,0.8960,0.0901,0.1364,0.1085,0.5025
ddim,0,2,4,0.0116,quadratic,quadratic,20000,120000,0.8452,0.8488,0.8697,0.1012,0.5424,0.1706,0.5097
ddim,0,2,4,0.0116,quadratic_cal,quadratic,20000,120000,0.8701,0.8767,0.8771,0.1942,0.3093,0.2386,0.5577
ddim,0,2,4,0.0116,polar8,polar,20000,120000,0.8887,0.8935,0.8959,0.2507,0.4812,0.3297,0.6116
ddim,0,2,4,0.0116,polar8_cal,polar,20000,120000,0.8906,0.8957,0.8965,0.2893,0.4522,0.3529,0.6243
ddim,0,2,4,0.0116,knn,knn,50000,300000,0.8911,0.8963,0.8973,0.2818,0.4501,0.3466,0.6215
ddim,0,2,4,0.0116,altered_knn,altered_knn,50000,200000,0.8904,0.8997,0.8973,0.0972,0.1053,0.1011,0.5004
ddim,0,2,4,0.0116,quadratic,quadratic,50000,300000,0.8570,0.8608,0.8814,0.1020,0.5392,0.1715,0.5162
ddim,0,2,4,0.0116,quadratic_cal,quadratic,50000,300000,0.8777,0.8840,0.8849,0.2148,0.3426,0.2641,0.5740
ddim,0,2,4,0.0116,polar8,polar,50000,300000,0.8894,0.8942,0.8961,0.2641,0.4780,0.3402,0.6172
ddim,0,2,4,0.0116,polar8_cal,polar,50000,300000,0.8906,0.8957,0.8966,0.2902,0.4629,0.3568,0.6262
ddim,0,2,4,0.0116,knn,knn,100000,600000,0.8916,0.8969,0.8973,0.2948,0.4404,0.3531,0.6250
ddim,0,2,4,0.0116,altered_knn,altered_knn,100000,400000,0.8932,0.9029,0.8984,0.1085,0.0644,0.0809,0.4919
ddim,0,2,4,0.0116,quadratic,quadratic,100000,600000,0.8732,0.8771,0.8965,0.1064,0.5446,0.1780,0.5276
ddim,0,2,4,0.0116,quadratic_cal,quadratic,100000,600000,0.8915,0.8969,0.8988,0.2600,0.4339,0.3252,0.6110
ddim,0,2,4,0.0116,polar8,polar,100000,600000,0.8902,0.8951,0.8965,0.2818,0.4780,0.3546,0.6248
ddim,0,2,4,0.0116,polar8_cal,polar,100000,600000,0.8912,0.8962,0.8969,0.3050,0.4662,0.3687,0.6325
ddim,100,2,4,0.0104,knn,knn,20000,120000,0.9134,0.9197,0.9204,0.2530,0.3100,0.2786,0.5992
ddim,100,2,4,0.0104,altered_knn,altered_knn,20000,80000,0.9109,0.9204,0.9192,0.0087,0.0072,0.0079,0.4641
ddim,100,2,4,0.0104,quadratic,quadratic,20000,120000,0.9193,0.9255,0.9273,0.2429,0.3281,0.2791,0.6023
ddim,100,2,4,0.0104,quadratic_cal,quadratic,20000,120000,0.9222,0.9287,0.9288,0.3017,0.2992,0.3004,0.6146
ddim,100,2,4,0.0104,polar8,polar,20000,120000,0.9135,0.9196,0.9204,0.2617,0.3293,0.2917,0.6056
ddim,100,2,4,0.0104,polar8_cal,polar,20000,120000,0.9154,0.9216,0.9209,0.3576,0.3257,0.3409,0.6312
ddim,100,2,4,0.0104,knn,knn,50000,300000,0.9146,0.9208,0.9207,0.3099,0.3197,0.3147,0.6178
ddim,100,2,4,0.0104,altered_knn,altered_knn,50000,200000,0.9113,0.9208,0.9193,0.0079,0.0060,0.0068,0.4638
ddim,100,2,4,0.0104,quadratic,quadratic,50000,300000,0.9212,0.9274,0.9316,0.1730,0.3341,0.2280,0.5777
ddim,100,2,4,0.0104,quadratic_cal,quadratic,50000,300000,0.9259,0.9325,0.9321,0.3246,0.2979,0.3107,0.6216
ddim,100,2,4,0.0104,polar8,polar,50000,300000,0.9142,0.9203,0.9206,0.2901,0.3293,0.3085,0.6144
ddim,100,2,4,0.0104,polar8_cal,polar,50000,300000,0.9153,0.9215,0.9208,0.3548,0.3257,0.3396,0.6305
ddim,100,2,4,0.0104,knn,knn,100000,600000,0.9152,0.9214,0.9209,0.3410,0.3221,0.3313,0.6263
ddim,100,2,4,0.0104,altered_knn,altered_knn,100000,400000,0.9129,0.9224,0.9196,0.0104,0.0048,0.0066,0.4645
ddim,100,2,4,0.0104,quadratic,quadratic,100000,600000,0.9104,0.9159,0.9310,0.0864,0.3860,0.1412,0.5285
ddim,100,2,4,0.0104,quadratic_cal,quadratic,100000,600000,0.9281,0.9351,0.9351,0.2364,0.2569,0.2462,0.5907
ddim,100,2,4,0.0104,polar8,polar,100000,600000,0.9146,0.9208,0.9207,0.3097,0.3269,0.3181,0.6194
ddim,100,2,4,0.0104,polar8_cal,polar,100000,600000,0.9153,0.9215,0.9209,0.3489,0.3245,0.3362,0.6289
ddim,200,2,4,0.0111,knn,knn,20000,120000,0.8955,0.9018,0.9027,0.2453,0.3367,0.2838,0.5928
ddim,200,2,4,0.0111,altered_knn,altered_knn,20000,80000,0.8925,0.9024,0.9020,0.0079,0.0090,0.0084,0.4554
ddim,200,2,4,0.0111,quadratic,quadratic,20000,120000,0.8888,0.8944,0.8983,0.1821,0.3932,0.2489,0.5716
ddim,200,2,4,0.0111,quadratic_cal,quadratic,20000,120000,0.8982,0.9047,0.9023,0.3267,0.3175,0.3221,0.6134
ddim,200,2,4,0.0111,polar8,polar,20000,120000,0.8957,0.9019,0.9028,0.2504,0.3412,0.2889,0.5954
ddim,200,2,4,0.0111,polar8_cal,polar,20000,120000,0.8970,0.9033,0.9031,0.3005,0.3379,0.3181,0.6107
ddim,200,2,4,0.0111,knn,knn,50000,300000,0.8967,0.9029,0.9029,0.2913,0.3390,0.3133,0.6081
ddim,200,2,4,0.0111,altered_knn,altered_knn,50000,200000,0.8955,0.9055,0.9024,0.0102,0.0056,0.0073,0.4564
ddim,200,2,4,0.0111,quadratic,quadratic,50000,300000,0.8929,0.8985,0.9070,0.1278,0.3921,0.1928,0.5456
ddim,200,2,4,0.0111,quadratic_cal,quadratic,50000,300000,0.9041,0.9106,0.9089,0.3404,0.3254,0.3328,0.6217
ddim,200,2,4,0.0111,polar8,polar,50000,300000,0.8957,0.9019,0.9027,0.2529,0.3412,0.2905,0.5962
ddim,200,2,4,0.0111,polar8_cal,polar,50000,300000,0.8969,0.9032,0.9030,0.2989,0.3401,0.3182,0.6107
ddim,200,2,4,0.0111,knn,knn,100000,600000,0.8970,0.9033,0.9029,0.3119,0.3390,0.3249,0.6141
ddim,200,2,4,0.0111,altered_knn,altered_knn,100000,400000,0.8959,0.9058,0.9025,0.0113,0.0056,0.0075,0.4567
ddim,200,2,4,0.0111,quadratic,quadratic,100000,600000,0.8928,0.8981,0.9132,0.0940,0.4147,0.1533,0.5257
ddim,200,2,4,0.0111,quadratic_cal,quadratic,100000,600000,0.9120,0.9190,0.9176,0.3116,0.2814,0.2957,0.6074
ddim,200,2,4,0.0111,polar8,polar,100000,600000,0.8962,0.9024,0.9027,0.2765,0.3424,0.3059,0.6041
ddim,200,2,4,0.0111,polar8_cal,polar,100000,600000,0.8968,0.9030,0.9029,0.3006,0.3424,0.3201,0.6116
ddim,0,2,8,0.0112,knn,knn,20000,240000,0.9627,0.9698,0.9712,0.2739,0.3383,0.3027,0.6362
ddim,0,2,8,0.0112,altered_knn,altered_knn,20000,160000,0.9586,0.9682,0.9696,0.0962,0.1191,0.1064,0.5373
ddim,0,2,8,0.0112,quadratic,quadratic,20000,240000,0.8274,0.8310,0.8898,0.0401,0.5109,0.0743,0.4526
ddim,0,2,8,0.0112,quadratic_cal,quadratic,20000,240000,0.9273,0.9352,0.9342,0.2797,0.2265,0.2503,0.5928
ddim,0,2,8,0.0112,polar8,polar,20000,240000,0.9623,0.9693,0.9711,0.2679,0.3517,0.3041,0.6367
ddim,0,2,8,0.0112,polar8_cal,polar,20000,240000,0.9649,0.9724,0.9714,0.3884,0.3100,0.3448,0.6586
ddim,0,2,8,0.0112,knn,knn,50000,600000,0.9641,0.9714,0.9714,0.3309,0.3250,0.3279,0.6497
ddim,0,2,8,0.0112,altered_knn,altered_knn,50000,400000,0.9611,0.9711,0.9700,0.0971,0.0757,0.0851,0.5281
ddim,0,2,8,0.0112,quadratic,quadratic,50000,600000,0.8692,0.8736,0.9190,0.0502,0.4891,0.0911,0.4823
ddim,0,2,8,0.0112,quadratic_cal,quadratic,50000,600000,0.9495,0.9573,0.9575,0.2575,0.2577,0.2576,0.6074
ddim,0,2,8,0.0112,polar8,polar,50000,600000,0.9635,0.9707,0.9713,0.3058,0.3317,0.3182,0.6445
ddim,0,2,8,0.0112,polar8_cal,polar,50000,600000,0.9651,0.9726,0.9715,0.3971,0.3016,0.3428,0.6577
ddim,0,2,8,0.0112,knn,knn,100000,1200000,0.9647,0.9721,0.9714,0.3660,0.3155,0.3389,0.6555
ddim,0,2,8,0.0112,altered_knn,altered_knn,100000,800000,0.9620,0.9723,0.9702,0.0984,0.0590,0.0738,0.5230
ddim,0,2,8,0.0112,quadratic,quadratic,100000,1200000,0.8929,0.8976,0.9341,0.0610,0.4814,0.1082,0.5029
ddim,0,2,8,0.0112,quadratic_cal,quadratic,100000,1200000,0.9581,0.9658,0.9656,0.2962,0.2799,0.2878,0.6268
ddim,0,2,8,0.0112,polar8,polar,100000,1200000,0.9641,0.9713,0.9714,0.3303,0.3239,0.3271,0.6492
ddim,0,2,8,0.0112,polar8_cal,polar,100000,1200000,0.9650,0.9725,0.9714,0.3881,0.3061,0.3423,0.6574
ddim,100,2,8,0.0125,knn,knn,20000,240000,0.9492,0.9577,0.9586,0.2412,0.2772,0.2579,0.6078
ddim,100,2,8,0.0125,altered_knn,altered_knn,20000,160000,0.9458,0.9570,0.9571,0.0620,0.0627,0.0623,0.5097
ddim,100,2,8,0.0125,quadratic,quadratic,20000,240000,0.8188,0.8226,0.8826,0.0439,0.5198,0.0809,0.4518
ddim,100,2,8,0.0125,quadratic_cal,quadratic,20000,240000,0.9249,0.9338,0.9309,0.3811,0.2185,0.2778,0.6058
ddim,100,2,8,0.0125,polar8,polar,20000,240000,0.9491,0.9574,0.9587,0.2388,0.2867,0.2606,0.6090
ddim,100,2,8,0.0125,polar8_cal,polar,20000,240000,0.9516,0.9603,0.9586,0.3656,0.2612,0.3047,0.6325
ddim,100,2,8,0.0125,knn,knn,50000,600000,0.9507,0.9592,0.9587,0.3006,0.2747,0.2871,0.6231
ddim,100,2,8,0.0125,altered_knn,altered_knn,50000,400000,0.9492,0.9608,0.9574,0.0681,0.0291,0.0407,0.5008
ddim,100,2,8,0.0125,quadratic,quadratic,50000,600000,0.8625,0.8672,0.9121,0.0554,0.4892,0.0995,0.4833
ddim,100,2,8,0.0125,quadratic_cal,quadratic,50000,600000,0.9423,0.9513,0.9487,0.4026,0.2321,0.2944,0.6229
ddim,100,2,8,0.0125,polar8,polar,50000,600000,0.9501,0.9586,0.9588,0.2751,0.2832,0.2791,0.6188
ddim,100,2,8,0.0125,polar8_cal,polar,50000,600000,0.9518,0.9604,0.9588,0.3702,0.2682,0.3110,0.6357
ddim,100,2,8,0.0125,knn,knn,100000,1200000,0.9514,0.9600,0.9588,0.3431,0.2762,0.3060,0.6330
ddim,100,2,8,0.0125,altered_knn,altered_knn,100000,800000,0.9485,0.9600,0.9573,0.0757,0.0416,0.0537,0.5068
ddim,100,2,8,0.0125,quadratic,quadratic,100000,1200000,0.8861,0.8913,0.9267,0.0674,0.4777,0.1181,0.5047
ddim,100,2,8,0.0125,quadratic_cal,quadratic,100000,1200000,0.9501,0.9590,0.9563,0.4531,0.2496,0.3219,0.6404
ddim,100,2,8,0.0125,polar8,polar,100000,1200000,0.9506,0.9591,0.9587,0.2995,0.2807,0.2898,0.6244
ddim,100,2,8,0.0125,polar8_cal,polar,100000,1200000,0.9519,0.9605,0.9589,0.3730,0.2702,0.3134,0.6369
ddim,200,2,8,0.0118,knn,knn,20000,240000,0.9591,0.9664,0.9677,0.2854,0.3499,0.3144,0.6404
ddim,200,2,8,0.0118,altered_knn,altered_knn,20000,160000,0.9567,0.9674,0.9660,0.0840,0.0639,0.0726,0.5200
ddim,200,2,8,0.0118,quadratic,quadratic,20000,240000,0.8320,0.8356,0.8953,0.0435,0.5319,0.0804,0.4580
ddim,200,2,8,0.0118,quadratic_cal,quadratic,20000,240000,0.9340,0.9419,0.9406,0.3312,0.2770,0.3017,0.6218
ddim,200,2,8,0.0118,polar8,polar,20000,240000,0.9589,0.9662,0.9675,0.2848,0.3509,0.3144,0.6403
ddim,200,2,8,0.0118,polar8_cal,polar,20000,240000,0.9614,0.9692,0.9677,0.4167,0.3113,0.3564,0.6628
ddim,200,2,8,0.0118,knn,knn,50000,600000,0.9606,0.9682,0.9679,0.3480,0.3330,0.3403,0.6542
ddim,200,2,8,0.0118,altered_knn,altered_knn,50000,400000,0.9584,0.9695,0.9663,0.0701,0.0306,0.0426,0.5061
ddim,200,2,8,0.0118,quadratic,quadratic,50000,600000,0.8720,0.8763,0.9220,0.0552,0.5140,0.0997,0.4880
ddim,200,2,8,0.0118,quadratic_cal,quadratic,50000,600000,0.9549,0.9627,0.9618,0.3495,0.2997,0.3227,0.6427
ddim,200,2,8,0.0118,polar8,polar,50000,600000,0.9603,0.9677,0.9678,0.3356,0.3404,0.3380,0.6528
ddim,200,2,8,0.0118,polar8_cal,polar,50000,600000,0.9618,0.9695,0.9678,0.4488,0.3166,0.3713,0.6704
ddim,200,2,8,0.0118,knn,knn,100000,1200000,0.9612,0.9687,0.9679,0.3912,0.3330,0.3597,0.6642
ddim,200,2,8,0.0118,altered_knn,altered_knn,100000,800000,0.9578,0.9687,0.9663,0.0748,0.0438,0.0553,0.5120
ddim,200,2,8,0.0118,quadratic,quadratic,100000,1200000,0.8919,0.8965,0.9328,0.0669,0.5024,0.1181,0.5073
ddim,200,2,8,0.0118,quadratic_cal,quadratic,100000,1200000,0.9582,0.9659,0.9645,0.4149,0.3113,0.3557,0.6608
ddim,200,2,8,0.0118,polar8,polar,100000,1200000,0.9609,0.9683,0.9679,0.3667,0.3425,0.3542,0.6612
ddim,200,2,8,0.0118,polar8_cal,polar,100000,1200000,0.9618,0.9695,0.9679,0.4430,0.3261,0.3757,0.6726
ddim,0,4,2,0.0099,knn,knn,20000,60000,0.9421,0.9442,0.9524,0.2696,0.7337,0.3943,0.6693
ddim,0,4,2,0.0099,altered_knn,altered_knn,20000,40000,0.8451,0.8493,0.9145,0.0286,0.4347,0.0537,0.4515
ddim,0,4,2,0.0099,quadratic,quadratic,20000,60000,0.9623,0.9641,0.9775,0.2100,0.7814,0.3310,0.6476
ddim,0,4,2,0.0099,quadratic_cal,quadratic,20000,60000,0.9581,0.9598,0.9754,0.1901,0.7940,0.3068,0.6333
ddim,0,4,2,0.0099,polar8,polar,20000,60000,0.9644,0.9654,0.9813,0.2052,0.8668,0.3319,0.6486
ddim,0,4,2,0.0099,polar8_cal,polar,20000,60000,0.9642,0.9651,0.9812,0.2054,0.8744,0.3327,0.6489
ddim,0,4,2,0.0099,knn,knn,50000,150000,0.9484,0.9502,0.9601,0.2527,0.7688,0.3804,0.6653
ddim,0,4,2,0.0099,altered_knn,altered_knn,50000,100000,0.8671,0.8718,0.9278,0.0307,0.3995,0.0570,0.4644
ddim,0,4,2,0.0099,quadratic,quadratic,50000,150000,0.9626,0.9644,0.9780,0.2071,0.7814,0.3274,0.6459
ddim,0,4,2,0.0099,quadratic_cal,quadratic,50000,150000,0.9588,0.9605,0.9761,0.1890,0.7915,0.3051,0.6328
ddim,0,4,2,0.0099,polar8,polar,50000,150000,0.9642,0.9652,0.9812,0.2051,0.8693,0.3319,0.6485
ddim,0,4,2,0.0099,polar8_cal,polar,50000,150000,0.9643,0.9653,0.9812,0.2051,0.8668,0.3317,0.6485
ddim,0,4,2,0.0099,knn,knn,100000,300000,0.9533,0.9553,0.9657,0.2414,0.7588,0.3663,0.6608
ddim,0,4,2,0.0099,altered_knn,altered_knn,100000,200000,0.9012,0.9067,0.9463,0.0385,0.3593,0.0696,0.4881
ddim,0,4,2,0.0099,quadratic,quadratic,100000,300000,0.9653,0.9671,0.9805,0.2128,0.7915,0.3355,0.6513
ddim,0,4,2,0.0099,quadratic_cal,quadratic,100000,300000,0.9601,0.9617,0.9778,0.1875,0.8015,0.3040,0.6328
ddim,0,4,2,0.0099,polar8,polar,100000,300000,0.9641,0.9650,0.9811,0.2048,0.8719,0.3317,0.6484
ddim,0,4,2,0.0099,polar8_cal,polar,100000,300000,0.9642,0.9651,0.9811,0.2050,0.8693,0.3317,0.6484
ddim,100,4,2,0.0094,knn,knn,20000,60000,0.9467,0.9492,0.9541,0.3299,0.6862,0.4456,0.6974
ddim,100,4,2,0.0094,altered_knn,altered_knn,20000,40000,0.8874,0.8930,0.9372,0.0270,0.2952,0.0494,0.4712
ddim,100,4,2,0.0094,quadratic,quadratic,20000,60000,0.9736,0.9755,0.9830,0.2961,0.7686,0.4275,0.7015
ddim,100,4,2,0.0094,quadratic_cal,quadratic,20000,60000,0.9686,0.9703,0.9805,0.2494,0.7926,0.3794,0.6748
ddim,100,4,2,0.0094,polar8,polar,20000,60000,0.9791,0.9799,0.9889,0.3076,0.9016,0.4587,0.7193
ddim,100,4,2,0.0094,polar8_cal,polar,20000,60000,0.9781,0.9787,0.9885,0.2951,0.9096,0.4456,0.7122
ddim,100,4,2,0.0094,knn,knn,50000,150000,0.9554,0.9575,0.9629,0.3386,0.7394,0.4645,0.7110
ddim,100,4,2,0.0094,altered_knn,altered_knn,50000,100000,0.8280,0.8319,0.9054,0.0231,0.4176,0.0437,0.4378
ddim,100,4,2,0.0094,quadratic,quadratic,50000,150000,0.9748,0.9768,0.9842,0.2961,0.7686,0.4275,0.7021
ddim,100,4,2,0.0094,quadratic_cal,quadratic,50000,150000,0.9697,0.9714,0.9816,0.2483,0.7926,0.3782,0.6748
ddim,100,4,2,0.0094,polar8,polar,50000,150000,0.9789,0.9797,0.9888,0.3044,0.8963,0.4545,0.7171
ddim,100,4,2,0.0094,polar8_cal,polar,50000,150000,0.9781,0.9788,0.9885,0.2951,0.9043,0.4450,0.7119
ddim,100,4,2,0.0094,knn,knn,100000,300000,0.9623,0.9642,0.9698,0.3437,0.7633,0.4740,0.7191
ddim,100,4,2,0.0094,altered_knn,altered_knn,100000,200000,0.8934,0.8989,0.9425,0.0292,0.3138,0.0535,0.4762
ddim,100,4,2,0.0094,quadratic,quadratic,100000,300000,0.9781,0.9800,0.9872,0.3068,0.7793,0.4403,0.7101
ddim,100,4,2,0.0094,quadratic_cal,quadratic,100000,300000,0.9722,0.9739,0.9842,0.2494,0.8005,0.3803,0.6771
ddim,100,4,2,0.0094,polar8,polar,100000,300000,0.9787,0.9795,0.9887,0.3026,0.8989,0.4528,0.7161
ddim,100,4,2,0.0094,polar8_cal,polar,100000,300000,0.9786,0.9794,0.9886,0.3015,0.8989,0.4516,0.7155
ddim,200,4,2,0.0089,knn,knn,20000,60000,0.9483,0.9509,0.9550,0.3401,0.6583,0.4485,0.6997
ddim,200,4,2,0.0089,altered_knn,altered_knn,20000,40000,0.9035,0.9097,0.9428,0.0239,0.2101,0.0429,0.4763
ddim,200,4,2,0.0089,quadratic,quadratic,20000,60000,0.9766,0.9788,0.9848,0.3124,0.7367,0.4387,0.7088
ddim,200,4,2,0.0089,quadratic_cal,quadratic,20000,60000,0.9748,0.9768,0.9839,0.2902,0.7535,0.4190,0.6979
ddim,200,4,2,0.0089,polar8,polar,20000,60000,0.9809,0.9818,0.9897,0.3201,0.8824,0.4698,0.7258
ddim,200,4,2,0.0089,polar8_cal,polar,20000,60000,0.9806,0.9814,0.9895,0.3151,0.8880,0.4652,0.7233
ddim,200,4,2,0.0089,knn,knn,50000,150000,0.9581,0.9605,0.9650,0.3420,0.6975,0.4590,0.7097
ddim,200,4,2,0.0089,altered_knn,altered_knn,50000,100000,0.8594,0.8641,0.9234,0.0220,0.3361,0.0414,0.4528
ddim,200,4,2,0.0089,quadratic,quadratic,50000,150000,0.9758,0.9780,0.9841,0.3112,0.7367,0.4376,0.7078
ddim,200,4,2,0.0089,quadratic_cal,quadratic,50000,150000,0.9741,0.9761,0.9832,0.2902,0.7535,0.4190,0.6975
ddim,200,4,2,0.0089,polar8,polar,50000,150000,0.9808,0.9817,0.9895,0.3205,0.8852,0.4706,0.7261
ddim,200,4,2,0.0089,polar8_cal,polar,50000,150000,0.9807,0.9816,0.9895,0.3185,0.8852,0.4685,0.7251
ddim,200,4,2,0.0089,knn,knn,100000,300000,0.9635,0.9655,0.9705,0.3478,0.7423,0.4736,0.7196
ddim,200,4,2,0.0089,altered_knn,altered_knn,100000,200000,0.8787,0.8835,0.9346,0.0264,0.3473,0.0491,0.4663
ddim,200,4,2,0.0089,quadratic,quadratic,100000,300000,0.9795,0.9816,0.9878,0.3119,0.7479,0.4402,0.7109
ddim,200,4,2,0.0089,quadratic_cal,quadratic,100000,300000,0.9781,0.9801,0.9871,0.2918,0.7479,0.4198,0.7000
ddim,200,4,2,0.0089,polar8,polar,100000,300000,0.9806,0.9816,0.9894,0.3174,0.8768,0.4661,0.7239
ddim,200,4,2,0.0089,polar8_cal,polar,100000,300000,0.9804,0.9812,0.9894,0.3142,0.8880,0.4641,0.7227
ddim,0,4,4,0.0117,knn,knn,20000,120000,0.8548,0.8576,0.8603,0.2144,0.6238,0.3191,0.5883
ddim,0,4,4,0.0117,altered_knn,altered_knn,20000,80000,0.8046,0.8108,0.8381,0.0299,0.2744,0.0540,0.4324
ddim,0,4,4,0.0117,quadratic,quadratic,20000,120000,0.8268,0.8285,0.8364,0.1700,0.6860,0.2725,0.5505
ddim,0,4,4,0.0117,quadratic_cal,quadratic,20000,120000,0.8386,0.8415,0.8415,0.2353,0.6002,0.3381,0.5898
ddim,0,4,4,0.0117,polar8,polar,20000,120000,0.8591,0.8614,0.8659,0.2264,0.6635,0.3376,0.5995
ddim,0,4,4,0.0117,polar8_cal,polar,20000,120000,0.8600,0.8624,0.8664,0.2352,0.6581,0.3465,0.6044
ddim,0,4,4,0.0117,knn,knn,50000,300000,0.8585,0.8610,0.8636,0.2297,0.6527,0.3398,0.6004
ddim,0,4,4,0.0117,altered_knn,altered_knn,50000,200000,0.8516,0.8606,0.8568,0.0475,0.0836,0.0606,0.4606
ddim,0,4,4,0.0117,quadratic,quadratic,50000,300000,0.8431,0.8450,0.8528,0.1829,0.6860,0.2887,0.5669
ddim,0,4,4,0.0117,quadratic_cal,quadratic,50000,300000,0.8526,0.8556,0.8569,0.2402,0.6045,0.3438,0.5997
ddim,0,4,4,0.0117,polar8,polar,50000,300000,0.8593,0.8616,0.8660,0.2295,0.6624,0.3409,0.6012
ddim,0,4,4,0.0117,polar8_cal,polar,50000,300000,0.8600,0.8624,0.8663,0.2376,0.6570,0.3490,0.6057
ddim,0,4,4,0.0117,knn,knn,100000,600000,0.8613,0.8639,0.8668,0.2279,0.6452,0.3369,0.6004
ddim,0,4,4,0.0117,altered_knn,altered_knn,100000,400000,0.8557,0.8650,0.8591,0.0547,0.0718,0.0621,0.4635
ddim,0,4,4,0.0117,quadratic,quadratic,100000,600000,0.8556,0.8576,0.8641,0.2020,0.6881,0.3123,0.5849
ddim,0,4,4,0.0117,quadratic_cal,quadratic,100000,600000,0.8610,0.8636,0.8665,0.2382,0.6367,0.3467,0.6052
ddim,0,4,4,0.0117,polar8,polar,100000,600000,0.8595,0.8619,0.8661,0.2327,0.6602,0.3441,0.6030
ddim,0,4,4,0.0117,polar8_cal,polar,100000,600000,0.8604,0.8628,0.8664,0.2428,0.6538,0.3541,0.6085
ddim,100,4,4,0.0105,knn,knn,20000,120000,0.9021,0.9058,0.9096,0.2246,0.5561,0.3199,0.6129
ddim,100,4,4,0.0105,altered_knn,altered_knn,20000,80000,0.8478,0.8530,0.8947,0.0321,0.3556,0.0588,0.4559
ddim,100,4,4,0.0105,quadratic,quadratic,20000,120000,0.9218,0.9251,0.9286,0.2784,0.6134,0.3830,0.6541
ddim,100,4,4,0.0105,quadratic_cal,quadratic,20000,120000,0.9247,0.9283,0.9299,0.3178,0.5847,0.4118,0.6700
ddim,100,4,4,0.0105,polar8,polar,20000,120000,0.9186,0.9219,0.9214,0.3606,0.5990,0.4502,0.6861
ddim,100,4,4,0.0105,polar8_cal,polar,20000,120000,0.9192,0.9226,0.9216,0.3850,0.5955,0.4677,0.6952
ddim,100,4,4,0.0105,knn,knn,50000,300000,0.9117,0.9155,0.9180,0.2503,0.5489,0.3438,0.6296
ddim,100,4,4,0.0105,altered_knn,altered_knn,50000,200000,0.8816,0.8882,0.9092,0.0401,0.2578,0.0694,0.4788
ddim,100,4,4,0.0105,quadratic,quadratic,50000,300000,0.9296,0.9330,0.9363,0.2946,0.6014,0.3954,0.6642
ddim,100,4,4,0.0105,quadratic_cal,quadratic,50000,300000,0.9317,0.9354,0.9373,0.3273,0.5788,0.4181,0.6768
ddim,100,4,4,0.0105,polar8,polar,50000,300000,0.9186,0.9220,0.9213,0.3646,0.5979,0.4530,0.6875
ddim,100,4,4,0.0105,polar8_cal,polar,50000,300000,0.9199,0.9234,0.9217,0.4176,0.5895,0.4889,0.7061
ddim,100,4,4,0.0105,knn,knn,100000,600000,0.9163,0.9200,0.9215,0.2811,0.5668,0.3758,0.6479
ddim,100,4,4,0.0105,altered_knn,altered_knn,100000,400000,0.8351,0.8388,0.8894,0.0357,0.4869,0.0666,0.4527
ddim,100,4,4,0.0105,quadratic,quadratic,100000,600000,0.9312,0.9349,0.9382,0.2828,0.5811,0.3805,0.6577
ddim,100,4,4,0.0105,quadratic_cal,quadratic,100000,600000,0.9341,0.9383,0.9394,0.3297,0.5346,0.4078,0.6731
ddim,100,4,4,0.0105,polar8,polar,100000,600000,0.9188,0.9221,0.9213,0.3739,0.6014,0.4611,0.6916
ddim,100,4,4,0.0105,polar8_cal,polar,100000,600000,0.9193,0.9227,0.9215,0.3960,0.5979,0.4765,0.6996
ddim,200,4,4,0.0109,knn,knn,20000,120000,0.8947,0.8984,0.9048,0.2145,0.5578,0.3099,0.6042
ddim,200,4,4,0.0109,altered_knn,altered_knn,20000,80000,0.8966,0.9056,0.9092,0.0409,0.0825,0.0547,0.4801
ddim,200,4,4,0.0109,quadratic,quadratic,20000,120000,0.9223,0.9257,0.9326,0.2477,0.6117,0.3526,0.6391
ddim,200,4,4,0.0109,quadratic_cal,quadratic,20000,120000,0.9276,0.9316,0.9351,0.3120,0.5647,0.4020,0.6668
ddim,200,4,4,0.0109,polar8,polar,20000,120000,0.9251,0.9282,0.9329,0.3191,0.6438,0.4267,0.6775
ddim,200,4,4,0.0109,polar8_cal,polar,20000,120000,0.9256,0.9287,0.9329,0.3337,0.6392,0.4385,0.6836
ddim,200,4,4,0.0109,knn,knn,50000,300000,0.9076,0.9111,0.9169,0.2455,0.5922,0.3471,0.6291
ddim,200,4,4,0.0109,altered_knn,altered_knn,50000,200000,0.8205,0.8245,0.8856,0.0317,0.4593,0.0593,0.4419
ddim,200,4,4,0.0109,quadratic,quadratic,50000,300000,0.9271,0.9306,0.9370,0.2595,0.6082,0.3638,0.6472
ddim,200,4,4,0.0109,quadratic_cal,quadratic,50000,300000,0.9313,0.9355,0.9388,0.3121,0.5510,0.3985,0.6670
ddim,200,4,4,0.0109,polar8,polar,50000,300000,0.9252,0.9284,0.9329,0.3248,0.6415,0.4313,0.6798
ddim,200,4,4,0.0109,polar8_cal,polar,50000,300000,0.9260,0.9292,0.9331,0.3460,0.6380,0.4487,0.6889
ddim,200,4,4,0.0109,knn,knn,100000,600000,0.9156,0.9190,0.9240,0.2744,0.6082,0.3782,0.6486
ddim,200,4,4,0.0109,altered_knn,altered_knn,100000,400000,0.8769,0.8840,0.9103,0.0344,0.2337,0.0600,0.4720
ddim,200,4,4,0.0109,quadratic,quadratic,100000,600000,0.9267,0.9302,0.9364,0.2590,0.6105,0.3637,0.6469
ddim,200,4,4,0.0109,quadratic_cal,quadratic,100000,600000,0.9315,0.9358,0.9386,0.3246,0.5395,0.4053,0.6706
ddim,200,4,4,0.0109,polar8,polar,100000,600000,0.9255,0.9287,0.9330,0.3341,0.6438,0.4399,0.6843
ddim,200,4,4,0.0109,polar8_cal,polar,100000,600000,0.9260,0.9292,0.9330,0.3496,0.6415,0.4525,0.6908
ddim,0,4,8,0.0114,knn,knn,20000,240000,0.8216,0.8264,0.8330,0.1226,0.4097,0.1887,0.5075
ddim,0,4,8,0.0114,altered_knn,altered_knn,20000,160000,0.7896,0.7958,0.8235,0.0303,0.2511,0.0541,0.4250
ddim,0,4,8,0.0114,quadratic,quadratic,20000,240000,0.8347,0.8389,0.8434,0.1653,0.4792,0.2458,0.5423
ddim,0,4,8,0.0114,quadratic_cal,quadratic,20000,240000,0.8464,0.8520,0.8481,0.3021,0.3638,0.3301,0.5911
ddim,0,4,8,0.0114,polar8,polar,20000,240000,0.8316,0.8363,0.8386,0.2354,0.4201,0.3018,0.5690
ddim,0,4,8,0.0114,polar8_cal,polar,20000,240000,0.8342,0.8392,0.8393,0.3153,0.4015,0.3532,0.5962
ddim,0,4,8,0.0114,knn,knn,50000,600000,0.8271,0.8319,0.8373,0.1415,0.4103,0.2104,0.5211
ddim,0,4,8,0.0114,altered_knn,altered_knn,50000,400000,0.8244,0.8331,0.8336,0.0366,0.0656,0.0470,0.4401
ddim,0,4,8,0.0114,quadratic,quadratic,50000,600000,0.8527,0.8575,0.8631,0.1643,0.4415,0.2394,0.5485
ddim,0,4,8,0.0114,quadratic_cal,quadratic,50000,600000,0.8609,0.8669,0.8655,0.2892,0.3452,0.3147,0.5908
ddim,0,4,8,0.0114,polar8,polar,50000,600000,0.8319,0.8367,0.8383,0.2545,0.4147,0.3154,0.5761
ddim,0,4,8,0.0114,polar8_cal,polar,50000,600000,0.8339,0.8389,0.8388,0.3233,0.3999,0.3575,0.5982
ddim,0,4,8,0.0114,knn,knn,100000,1200000,0.8308,0.8358,0.8402,0.1582,0.3972,0.2263,0.5311
ddim,0,4,8,0.0114,altered_knn,altered_knn,100000,800000,0.8123,0.8204,0.8296,0.0303,0.1154,0.0480,0.4342
ddim,0,4,8,0.0114,quadratic,quadratic,100000,1200000,0.8481,0.8530,0.8617,0.1316,0.4245,0.2010,0.5270
ddim,0,4,8,0.0114,quadratic_cal,quadratic,100000,1200000,0.8589,0.8650,0.8651,0.2510,0.3299,0.2851,0.5751
ddim,0,4,8,0.0114,polar8,polar,100000,1200000,0.8320,0.8368,0.8382,0.2632,0.4119,0.3212,0.5790
ddim,0,4,8,0.0114,polar8_cal,polar,100000,1200000,0.8338,0.8388,0.8386,0.3315,0.3999,0.3625,0.6006
ddim,100,4,8,0.0113,knn,knn,20000,240000,0.8659,0.8706,0.8775,0.1592,0.4555,0.2359,0.5532
ddim,100,4,8,0.0113,altered_knn,altered_knn,20000,160000,0.8723,0.8812,0.8820,0.0581,0.0952,0.0722,0.4767
ddim,100,4,8,0.0113,quadratic,quadratic,20000,240000,0.8827,0.8872,0.8942,0.1772,0.4809,0.2590,0.5731
ddim,100,4,8,0.0113,quadratic_cal,quadratic,20000,240000,0.8924,0.8981,0.8983,0.2790,0.3940,0.3267,0.6124
ddim,100,4,8,0.0113,polar8,polar,20000,240000,0.9022,0.9074,0.9092,0.2656,0.4532,0.3349,0.6211
ddim,100,4,8,0.0113,polar8_cal,polar,20000,240000,0.9047,0.9103,0.9097,0.3476,0.4211,0.3809,0.6456
ddim,100,4,8,0.0113,knn,knn,50000,600000,0.8821,0.8870,0.8920,0.1848,0.4527,0.2624,0.5747
ddim,100,4,8,0.0113,altered_knn,altered_knn,50000,400000,0.8535,0.8606,0.8827,0.0372,0.2263,0.0639,0.4622
ddim,100,4,8,0.0113,quadratic,quadratic,50000,600000,0.8946,0.8993,0.9068,0.1759,0.4859,0.2583,0.5788
ddim,100,4,8,0.0113,quadratic_cal,quadratic,50000,600000,0.9020,0.9076,0.9087,0.2716,0.4112,0.3271,0.6174
ddim,100,4,8,0.0113,polar8,polar,50000,600000,0.9029,0.9081,0.9095,0.2777,0.4466,0.3425,0.6253
ddim,100,4,8,0.0113,polar8_cal,polar,50000,600000,0.9045,0.9099,0.9099,0.3273,0.4289,0.3713,0.6406
ddim,100,4,8,0.0113,knn,knn,100000,1200000,0.8885,0.8936,0.8975,0.2013,0.4388,0.2760,0.5848
ddim,100,4,8,0.0113,altered_knn,altered_knn,100000,800000,0.8740,0.8825,0.8900,0.0439,0.1328,0.0660,0.4742
ddim,100,4,8,0.0113,quadratic,quadratic,100000,1200000,0.8902,0.8947,0.9048,0.1446,0.4925,0.2235,0.5591
ddim,100,4,8,0.0113,quadratic_cal,quadratic,100000,1200000,0.9021,0.9079,0.9086,0.2608,0.3874,0.3117,0.6098
ddim,100,4,8,0.0113,polar8,polar,100000,1200000,0.9032,0.9085,0.9095,0.2891,0.4416,0.3495,0.6290
ddim,100,4,8,0.0113,polar8_cal,polar,100000,1200000,0.9047,0.9102,0.9099,0.3389,0.4278,0.3782,0.6442
ddim,200,4,8,0.0114,knn,knn,20000,240000,0.8671,0.8718,0.8801,0.1606,0.4623,0.2383,0.5551
ddim,200,4,8,0.0114,altered_knn,altered_knn,20000,160000,0.8713,0.8805,0.8805,0.0599,0.0755,0.0668,0.4737
ddim,200,4,8,0.0114,quadratic,quadratic,20000,240000,0.8815,0.8862,0.8913,0.2211,0.4776,0.3022,0.5942
ddim,200,4,8,0.0114,quadratic_cal,quadratic,20000,240000,0.8889,0.8946,0.8943,0.3508,0.3928,0.3706,0.6326
ddim,200,4,8,0.0114,polar8,polar,20000,240000,0.9029,0.9080,0.9097,0.3034,0.4628,0.3666,0.6373
ddim,200,4,8,0.0114,polar8_cal,polar,20000,240000,0.9054,0.9110,0.9101,0.4302,0.4251,0.4276,0.6693
ddim,200,4,8,0.0114,knn,knn,50000,600000,0.8839,0.8887,0.8952,0.1899,0.4694,0.2704,0.5796
ddim,200,4,8,0.0114,altered_knn,altered_knn,50000,400000,0.8721,0.8806,0.8863,0.0563,0.1368,0.0798,0.4802
ddim,200,4,8,0.0114,quadratic,quadratic,50000,600000,0.8924,0.8972,0.9030,0.2027,0.4737,0.2839,0.5906
ddim,200,4,8,0.0114,quadratic_cal,quadratic,50000,600000,0.8991,0.9050,0.9047,0.3360,0.3895,0.3608,0.6329
ddim,200,4,8,0.0114,polar8,polar,50000,600000,0.9038,0.9089,0.9102,0.3237,0.4546,0.3782,0.6436
ddim,200,4,8,0.0114,polar8_cal,polar,50000,600000,0.9047,0.9100,0.9103,0.3639,0.4426,0.3994,0.6547
ddim,200,4,8,0.0114,knn,knn,100000,1200000,0.8909,0.8959,0.9008,0.2137,0.4601,0.2919,0.5939
ddim,200,4,8,0.0114,altered_knn,altered_knn,100000,800000,0.8503,0.8570,0.8849,0.0385,0.2708,0.0674,0.4622
ddim,200,4,8,0.0114,quadratic,quadratic,100000,1200000,0.8885,0.8931,0.9026,0.1582,0.4902,0.2392,0.5661
ddim,200,4,8,0.0114,quadratic_cal,quadratic,100000,1200000,0.8996,0.9059,0.9053,0.3247,0.3561,0.3397,0.6228
ddim,200,4,8,0.0114,polar8,polar,100000,1200000,0.9042,0.9095,0.9103,0.3410,0.4469,0.3868,0.6482
ddim,200,4,8,0.0114,polar8_cal,polar,100000,1200000,0.9052,0.9106,0.9104,0.3911,0.4344,0.4116,0.6611
ddim,0,4,16,0.0137,knn,knn,20000,480000,0.8554,0.8620,0.8710,0.1484,0.3762,0.2128,0.5374
ddim,0,4,16,0.0137,altered_knn,altered_knn,20000,320000,0.8655,0.8753,0.8826,0.0712,0.1593,0.0984,0.4869
ddim,0,4,16,0.0137,quadratic,quadratic,20000,480000,0.8744,0.8806,0.8951,0.1256,0.4285,0.1943,0.5375
ddim,0,4,16,0.0137,quadratic_cal,quadratic,20000,480000,0.8935,0.9022,0.9008,0.3297,0.2667,0.2949,0.5985
ddim,0,4,16,0.0137,polar8,polar,20000,480000,0.9137,0.9221,0.9237,0.2545,0.3139,0.2811,0.6016
ddim,0,4,16,0.0137,polar8_cal,polar,20000,480000,0.9163,0.9252,0.9240,0.3634,0.2772,0.3145,0.6199
ddim,0,4,16,0.0137,knn,knn,50000,1200000,0.8781,0.8853,0.8916,0.1726,0.3573,0.2327,0.5590
ddim,0,4,16,0.0137,altered_knn,altered_knn,50000,800000,0.8759,0.8860,0.8922,0.0731,0.1488,0.0980,0.4920
ddim,0,4,16,0.0137,quadratic,quadratic,50000,1200000,0.8699,0.8761,0.8977,0.0925,0.4216,0.1517,0.5139
ddim,0,4,16,0.0137,quadratic_cal,quadratic,50000,1200000,0.9015,0.9111,0.9095,0.2663,0.2063,0.2325,0.5718
ddim,0,4,16,0.0137,polar8,polar,50000,1200000,0.9142,0.9228,0.9237,0.2689,0.3000,0.2836,0.6032
ddim,0,4,16,0.0137,polar8_cal,polar,50000,1200000,0.9159,0.9247,0.9239,0.3363,0.2774,0.3040,0.6144
ddim,0,4,16,0.0137,knn,knn,100000,2400000,0.8909,0.8985,0.9034,0.1882,0.3415,0.2427,0.5706
ddim,0,4,16,0.0137,altered_knn,altered_knn,100000,1600000,0.8858,0.8966,0.8988,0.0796,0.1088,0.0920,0.4943
ddim,0,4,16,0.0137,quadratic,quadratic,100000,2400000,0.8698,0.8761,0.8978,0.0911,0.4148,0.1494,0.5128
ddim,0,4,16,0.0137,quadratic_cal,quadratic,100000,2400000,0.9021,0.9120,0.9101,0.2638,0.1937,0.2234,0.5677
ddim,0,4,16,0.0137,polar8,polar,100000,2400000,0.9144,0.9230,0.9236,0.2805,0.2957,0.2879,0.6055
ddim,0,4,16,0.0137,polar8_cal,polar,100000,2400000,0.9158,0.9247,0.9236,0.3493,0.2745,0.3074,0.6160
ddim,100,4,16,0.0129,knn,knn,20000,480000,0.8598,0.8663,0.8749,0.1392,0.3670,0.2019,0.5341
ddim,100,4,16,0.0129,altered_knn,altered_knn,20000,320000,0.8722,0.8825,0.8822,0.0812,0.0853,0.0832,0.4829
ddim,100,4,16,0.0129,quadratic,quadratic,20000,480000,0.8766,0.8825,0.8978,0.1138,0.4264,0.1796,0.5310
ddim,100,4,16,0.0129,quadratic_cal,quadratic,20000,480000,0.8962,0.9042,0.9040,0.2748,0.2839,0.2793,0.5917
ddim,100,4,16,0.0129,polar8,polar,20000,480000,0.9106,0.9185,0.9193,0.2633,0.3122,0.2857,0.6021
ddim,100,4,16,0.0129,polar8_cal,polar,20000,480000,0.9127,0.9210,0.9194,0.3584,0.2754,0.3114,0.6162
ddim,100,4,16,0.0129,knn,knn,50000,1200000,0.8808,0.8876,0.8936,0.1682,0.3615,0.2295,0.5586
ddim,100,4,16,0.0129,altered_knn,altered_knn,50000,800000,0.8806,0.8905,0.8924,0.0845,0.1198,0.0991,0.4948
ddim,100,4,16,0.0129,quadratic,quadratic,50000,1200000,0.8744,0.8804,0.9017,0.0869,0.4145,0.1437,0.5120
ddim,100,4,16,0.0129,quadratic_cal,quadratic,50000,1200000,0.9048,0.9137,0.9134,0.2191,0.2211,0.2201,0.5669
ddim,100,4,16,0.0129,polar8,polar,50000,1200000,0.9111,0.9191,0.9194,0.2775,0.3023,0.2894,0.6042
ddim,100,4,16,0.0129,polar8_cal,polar,50000,1200000,0.9127,0.9211,0.9194,0.3571,0.2703,0.3077,0.6144
ddim,100,4,16,0.0129,knn,knn,100000,2400000,0.8910,0.8981,0.9024,0.1880,0.3411,0.2424,0.5703
ddim,100,4,16,0.0129,altered_knn,altered_knn,100000,1600000,0.8884,0.8989,0.8981,0.0904,0.0851,0.0877,0.4933
ddim,100,4,16,0.0129,quadratic,quadratic,100000,2400000,0.8740,0.8800,0.9012,0.0866,0.4119,0.1430,0.5115
ddim,100,4,16,0.0129,quadratic_cal,quadratic,100000,2400000,0.9052,0.9142,0.9142,0.2109,0.2206,0.2156,0.5649
ddim,100,4,16,0.0129,polar8,polar,100000,2400000,0.9111,0.9192,0.9192,0.2832,0.2958,0.2893,0.6043
ddim,100,4,16,0.0129,polar8_cal,polar,100000,2400000,0.9125,0.9209,0.9192,0.3576,0.2679,0.3063,0.6136
ddim,200,4,16,0.0123,knn,knn,20000,480000,0.8481,0.8540,0.8629,0.1324,0.3780,0.1961,0.5250
ddim,200,4,16,0.0123,altered_knn,altered_knn,20000,320000,0.8563,0.8651,0.8719,0.0652,0.1540,0.0917,0.4784
ddim,200,4,16,0.0123,quadratic,quadratic,20000,480000,0.8654,0.8707,0.8866,0.1062,0.4371,0.1709,0.5208
ddim,200,4,16,0.0123,quadratic_cal,quadratic,20000,480000,0.8854,0.8933,0.8913,0.3248,0.2489,0.2818,0.5876
ddim,200,4,16,0.0123,polar8,polar,20000,480000,0.8918,0.8991,0.9012,0.2316,0.3072,0.2641,0.5816
ddim,200,4,16,0.0123,polar8_cal,polar,20000,480000,0.8935,0.9010,0.9014,0.2882,0.2892,0.2887,0.5949
ddim,200,4,16,0.0123,knn,knn,50000,1200000,0.8679,0.8744,0.8808,0.1517,0.3475,0.2112,0.5428
ddim,200,4,16,0.0123,altered_knn,altered_knn,50000,800000,0.8691,0.8787,0.8804,0.0710,0.0961,0.0817,0.4802
ddim,200,4,16,0.0123,quadratic,quadratic,50000,1200000,0.8620,0.8675,0.8884,0.0832,0.4158,0.1387,0.5031
ddim,200,4,16,0.0123,quadratic_cal,quadratic,50000,1200000,0.8910,0.8997,0.8982,0.2532,0.1976,0.2220,0.5608
ddim,200,4,16,0.0123,polar8,polar,50000,1200000,0.8925,0.8999,0.9013,0.2485,0.2981,0.2710,0.5855
ddim,200,4,16,0.0123,polar8_cal,polar,50000,1200000,0.8937,0.9013,0.9015,0.2966,0.2864,0.2914,0.5964
ddim,200,4,16,0.0123,knn,knn,100000,2400000,0.8770,0.8836,0.8888,0.1696,0.3425,0.2268,0.5552
ddim,200,4,16,0.0123,altered_knn,altered_knn,100000,1600000,0.8772,0.8876,0.8847,0.0818,0.0383,0.0522,0.4699
ddim,200,4,16,0.0123,quadratic,quadratic,100000,2400000,0.8602,0.8657,0.8865,0.0833,0.4143,0.1387,0.5022
ddim,200,4,16,0.0123,quadratic_cal,quadratic,100000,2400000,0.8906,0.8993,0.8978,0.2573,0.1956,0.2222,0.5608
ddim,200,4,16,0.0123,polar8,polar,100000,2400000,0.8927,0.9001,0.9012,0.2571,0.2940,0.2743,0.5872
ddim,200,4,16,0.0123,polar8_cal,polar,100000,2400000,0.8940,0.9016,0.9014,0.3151,0.2829,0.2981,0.5999
ddim,0,8,2,0.0122,knn,knn,20000,60000,0.8697,0.8754,0.8759,0.3663,0.4082,0.3861,0.6307
ddim,0,8,2,0.0122,altered_knn,altered_knn,20000,40000,0.6771,0.6786,0.8044,0.0212,0.5551,0.0408,0.3597
ddim,0,8,2,0.0122,quadratic,quadratic,20000,60000,0.9394,0.9401,0.9645,0.1729,0.8776,0.2889,0.6145
ddim,0,8,2,0.0122,quadratic_cal,quadratic,20000,60000,0.9269,0.9272,0.9579,0.1459,0.9000,0.2511,0.5892
ddim,0,8,2,0.0122,polar8,polar,20000,60000,0.9389,0.9390,0.9663,0.1675,0.9306,0.2838,0.6114
ddim,0,8,2,0.0122,polar8_cal,polar,20000,60000,0.9346,0.9345,0.9645,0.1567,0.9429,0.2688,0.6016
ddim,0,8,2,0.0122,knn,knn,50000,150000,0.8803,0.8851,0.8869,0.3699,0.4959,0.4237,0.6544
ddim,0,8,2,0.0122,altered_knn,altered_knn,50000,100000,0.7130,0.7153,0.8299,0.0229,0.5327,0.0439,0.3796
ddim,0,8,2,0.0122,quadratic,quadratic,50000,150000,0.9403,0.9411,0.9652,0.1752,0.8796,0.2922,0.6167
ddim,0,8,2,0.0122,quadratic_cal,quadratic,50000,150000,0.9278,0.9282,0.9585,0.1472,0.8959,0.2528,0.5905
ddim,0,8,2,0.0122,polar8,polar,50000,150000,0.9389,0.9390,0.9664,0.1672,0.9327,0.2835,0.6113
ddim,0,8,2,0.0122,polar8_cal,polar,50000,150000,0.9343,0.9341,0.9643,0.1569,0.9490,0.2693,0.6017
ddim,0,8,2,0.0122,knn,knn,100000,300000,0.8894,0.8931,0.8959,0.3930,0.5918,0.4723,0.6827
ddim,0,8,2,0.0122,altered_knn,altered_knn,100000,200000,0.7279,0.7304,0.8401,0.0239,0.5265,0.0457,0.3880
ddim,0,8,2,0.0122,quadratic,quadratic,100000,300000,0.9452,0.9460,0.9688,0.1841,0.8816,0.3045,0.6253
ddim,0,8,2,0.0122,quadratic_cal,quadratic,100000,300000,0.9287,0.9289,0.9599,0.1471,0.9143,0.2535,0.5912
ddim,0,8,2,0.0122,polar8,polar,100000,300000,0.9376,0.9377,0.9657,0.1642,0.9327,0.2792,0.6084
ddim,0,8,2,0.0122,polar8_cal,polar,100000,300000,0.9354,0.9354,0.9647,0.1595,0.9429,0.2729,0.6041
ddim,100,8,2,0.0112,knn,knn,20000,60000,0.8664,0.8724,0.8714,0.4203,0.3408,0.3764,0.6244
ddim,100,8,2,0.0112,altered_knn,altered_knn,20000,40000,0.8146,0.8197,0.8912,0.0244,0.3697,0.0459,0.4328
ddim,100,8,2,0.0112,quadratic,quadratic,20000,60000,0.9626,0.9641,0.9778,0.2397,0.8330,0.3723,0.6682
ddim,100,8,2,0.0112,quadratic_cal,quadratic,20000,60000,0.9546,0.9558,0.9737,0.2012,0.8530,0.3255,0.6406
ddim,100,8,2,0.0112,polar8,polar,20000,60000,0.9615,0.9620,0.9788,0.2284,0.9176,0.3657,0.6639
ddim,100,8,2,0.0112,polar8_cal,polar,20000,60000,0.9590,0.9594,0.9777,0.2157,0.9265,0.3499,0.6546
ddim,100,8,2,0.0112,knn,knn,50000,150000,0.8734,0.8786,0.8780,0.4623,0.4098,0.4345,0.6566
ddim,100,8,2,0.0112,altered_knn,altered_knn,50000,100000,0.7337,0.7363,0.8442,0.0214,0.5033,0.0411,0.3887
ddim,100,8,2,0.0112,quadratic,quadratic,50000,150000,0.9640,0.9655,0.9787,0.2457,0.8285,0.3790,0.6723
ddim,100,8,2,0.0112,quadratic_cal,quadratic,50000,150000,0.9550,0.9561,0.9740,0.2027,0.8597,0.3281,0.6421
ddim,100,8,2,0.0112,polar8,polar,50000,150000,0.9618,0.9623,0.9789,0.2300,0.9176,0.3679,0.6651
ddim,100,8,2,0.0112,polar8_cal,polar,50000,150000,0.9582,0.9586,0.9774,0.2120,0.9310,0.3453,0.6519
ddim,100,8,2,0.0112,knn,knn,100000,300000,0.8832,0.8878,0.8882,0.4379,0.4788,0.4574,0.6726
ddim,100,8,2,0.0112,altered_knn,altered_knn,100000,200000,0.7541,0.7573,0.8573,0.0218,0.4699,0.0417,0.3995
ddim,100,8,2,0.0112,quadratic,quadratic,100000,300000,0.9661,0.9675,0.9807,0.2493,0.8396,0.3845,0.6760
ddim,100,8,2,0.0112,quadratic_cal,quadratic,100000,300000,0.9562,0.9571,0.9756,0.2016,0.8731,0.3276,0.6424
ddim,100,8,2,0.0112,polar8,polar,100000,300000,0.9613,0.9618,0.9788,0.2264,0.9176,0.3632,0.6625
ddim,100,8,2,0.0112,polar8_cal,polar,100000,300000,0.9586,0.9589,0.9777,0.2121,0.9287,0.3453,0.6521
ddim,200,8,2,0.0105,knn,knn,20000,60000,0.8682,0.8737,0.8735,0.3538,0.3437,0.3487,0.6112
ddim,200,8,2,0.0105,altered_knn,altered_knn,20000,40000,0.6931,0.6951,0.8160,0.0176,0.5107,0.0340,0.3646
ddim,200,8,2,0.0105,quadratic,quadratic,20000,60000,0.9544,0.9556,0.9728,0.1928,0.8353,0.3133,0.6345
ddim,200,8,2,0.0105,quadratic_cal,quadratic,20000,60000,0.9466,0.9473,0.9688,0.1695,0.8807,0.2843,0.6158
ddim,200,8,2,0.0105,polar8,polar,20000,60000,0.9559,0.9560,0.9758,0.1947,0.9427,0.3227,0.6394
ddim,200,8,2,0.0105,polar8_cal,polar,20000,60000,0.9516,0.9517,0.9740,0.1776,0.9451,0.2990,0.6253
ddim,200,8,2,0.0105,knn,knn,50000,150000,0.8798,0.8845,0.8853,0.3735,0.4368,0.4026,0.6436
ddim,200,8,2,0.0105,altered_knn,altered_knn,50000,100000,0.8051,0.8098,0.8867,0.0210,0.3652,0.0397,0.4247
ddim,200,8,2,0.0105,quadratic,quadratic,50000,150000,0.9545,0.9557,0.9722,0.1989,0.8377,0.3214,0.6386
ddim,200,8,2,0.0105,quadratic_cal,quadratic,50000,150000,0.9456,0.9463,0.9677,0.1706,0.8854,0.2860,0.6162
ddim,200,8,2,0.0105,polar8,polar,50000,150000,0.9563,0.9564,0.9761,0.1965,0.9475,0.3255,0.6410
ddim,200,8,2,0.0105,polar8_cal,polar,50000,150000,0.9518,0.9518,0.9743,0.1785,0.9570,0.3009,0.6264
ddim,200,8,2,0.0105,knn,knn,100000,300000,0.8888,0.8933,0.8941,0.3931,0.4606,0.4242,0.6587
ddim,200,8,2,0.0105,altered_knn,altered_knn,100000,200000,0.8282,0.8333,0.8997,0.0236,0.3532,0.0443,0.4388
ddim,200,8,2,0.0105,quadratic,quadratic,100000,300000,0.9597,0.9609,0.9769,0.2070,0.8473,0.3327,0.6468
ddim,200,8,2,0.0105,quadratic_cal,quadratic,100000,300000,0.9495,0.9500,0.9715,0.1742,0.9045,0.2921,0.6211
ddim,200,8,2,0.0105,polar8,polar,100000,300000,0.9553,0.9554,0.9756,0.1928,0.9475,0.3204,0.6379
ddim,200,8,2,0.0105,polar8_cal,polar,100000,300000,0.9517,0.9517,0.9741,0.1780,0.9547,0.3001,0.6259
ddim,0,8,4,0.0109,knn,knn,20000,120000,0.7676,0.7720,0.7722,0.2884,0.3704,0.3243,0.5481
ddim,0,8,4,0.0109,altered_knn,altered_knn,20000,80000,0.8346,0.8421,0.8589,0.0297,0.1514,0.0496,0.4459
ddim,0,8,4,0.0109,quadratic,quadratic,20000,120000,0.9128,0.9148,0.9216,0.2891,0.7328,0.4147,0.6647
ddim,0,8,4,0.0109,quadratic_cal,quadratic,20000,120000,0.9096,0.9113,0.9201,0.2592,0.7615,0.3867,0.6490
ddim,0,8,4,0.0109,polar8,polar,20000,120000,0.9134,0.9147,0.9225,0.2953,0.7982,0.4311,0.6729
ddim,0,8,4,0.0109,polar8_cal,polar,20000,120000,0.9103,0.9113,0.9215,0.2533,0.8177,0.3868,0.6490
ddim,0,8,4,0.0109,knn,knn,50000,300000,0.7857,0.7897,0.7905,0.3013,0.4278,0.3536,0.5716
ddim,0,8,4,0.0109,altered_knn,altered_knn,50000,200000,0.8430,0.8505,0.8684,0.0315,0.1640,0.0528,0.4516
ddim,0,8,4,0.0109,quadratic,quadratic,50000,300000,0.9191,0.9212,0.9274,0.3014,0.7259,0.4260,0.6736
ddim,0,8,4,0.0109,quadratic_cal,quadratic,50000,300000,0.9145,0.9161,0.9253,0.2574,0.7718,0.3860,0.6510
ddim,0,8,4,0.0109,polar8,polar,50000,300000,0.9126,0.9139,0.9219,0.2893,0.7959,0.4243,0.6691
ddim,0,8,4,0.0109,polar8_cal,polar,50000,300000,0.9106,0.9117,0.9214,0.2609,0.8108,0.3948,0.6532
ddim,0,8,4,0.0109,knn,knn,100000,600000,0.8004,0.8043,0.8053,0.3068,0.4507,0.3651,0.5847
ddim,0,8,4,0.0109,altered_knn,altered_knn,100000,400000,0.8512,0.8589,0.8747,0.0321,0.1514,0.0530,0.4559
ddim,0,8,4,0.0109,quadratic,quadratic,100000,600000,0.9232,0.9252,0.9316,0.3048,0.7362,0.4312,0.6782
ddim,0,8,4,0.0109,quadratic_cal,quadratic,100000,600000,0.9186,0.9201,0.9295,0.2589,0.7752,0.3882,0.6542
ddim,0,8,4,0.0109,polar8,polar,100000,600000,0.9117,0.9130,0.9211,0.2873,0.7970,0.4224,0.6677
ddim,0,8,4,0.0109,polar8_cal,polar,100000,600000,0.9102,0.9113,0.9206,0.2655,0.8050,0.3993,0.6553
ddim,100,8,4,0.0112,knn,knn,20000,120000,0.7690,0.7731,0.7752,0.2617,0.4051,0.3180,0.5456
ddim,100,8,4,0.0112,altered_knn,altered_knn,20000,80000,0.8433,0.8509,0.8724,0.0317,0.1719,0.0536,0.4522
ddim,100,8,4,0.0112,quadratic,quadratic,20000,120000,0.9427,0.9446,0.9543,0.2749,0.7757,0.4060,0.6753
ddim,100,8,4,0.0112,quadratic_cal,quadratic,20000,120000,0.9401,0.9418,0.9530,0.2555,0.7913,0.3863,0.6641
ddim,100,8,4,0.0112,polar8,polar,20000,120000,0.9550,0.9563,0.9667,0.2892,0.8415,0.4305,0.6934
ddim,100,8,4,0.0112,polar8_cal,polar,20000,120000,0.9551,0.9564,0.9667,0.2901,0.8404,0.4313,0.6938
ddim,100,8,4,0.0112,knn,knn,50000,300000,0.7933,0.7972,0.7991,0.3068,0.4475,0.3640,0.5806
ddim,100,8,4,0.0112,altered_knn,altered_knn,50000,200000,0.8559,0.8636,0.8834,0.0358,0.1797,0.0598,0.4617
ddim,100,8,4,0.0112,quadratic,quadratic,50000,300000,0.9488,0.9508,0.9595,0.2953,0.7701,0.4268,0.6888
ddim,100,8,4,0.0112,quadratic_cal,quadratic,50000,300000,0.9448,0.9465,0.9575,0.2615,0.7969,0.3938,0.6701
ddim,100,8,4,0.0112,polar8,polar,50000,300000,0.9551,0.9563,0.9666,0.2917,0.8460,0.4338,0.6950
ddim,100,8,4,0.0112,polar8_cal,polar,50000,300000,0.9544,0.9556,0.9663,0.2844,0.8493,0.4261,0.6908
ddim,100,8,4,0.0112,knn,knn,100000,600000,0.8059,0.8098,0.8120,0.3045,0.4632,0.3674,0.5886
ddim,100,8,4,0.0112,altered_knn,altered_knn,100000,400000,0.8085,0.8133,0.8731,0.0290,0.3828,0.0540,0.4337
ddim,100,8,4,0.0112,quadratic,quadratic,100000,600000,0.9523,0.9543,0.9634,0.2883,0.7746,0.4202,0.6873
ddim,100,8,4,0.0112,quadratic_cal,quadratic,100000,600000,0.9500,0.9517,0.9622,0.2708,0.8013,0.4048,0.6783
ddim,100,8,4,0.0112,polar8,polar,100000,600000,0.9548,0.9560,0.9665,0.2892,0.8482,0.4313,0.6937
ddim,100,8,4,0.0112,polar8_cal,polar,100000,600000,0.9547,0.9559,0.9665,0.2879,0.8493,0.4301,0.6930
ddim,200,8,4,0.0109,knn,knn,20000,120000,0.7627,0.7676,0.7672,0.2471,0.3180,0.2781,0.5229
ddim,200,8,4,0.0109,altered_knn,altered_knn,20000,80000,0.8358,0.8431,0.8627,0.0313,0.1757,0.0532,0.4481
ddim,200,8,4,0.0109,quadratic,quadratic,20000,120000,0.9200,0.9225,0.9264,0.3465,0.6946,0.4624,0.6924
ddim,200,8,4,0.0109,quadratic_cal,quadratic,20000,120000,0.9181,0.9204,0.9255,0.3183,0.7061,0.4388,0.6796
ddim,200,8,4,0.0109,polar8,polar,20000,120000,0.9253,0.9272,0.9325,0.3356,0.7509,0.4638,0.6955
ddim,200,8,4,0.0109,polar8_cal,polar,20000,120000,0.9238,0.9255,0.9321,0.3050,0.7692,0.4368,0.6811
ddim,200,8,4,0.0109,knn,knn,50000,300000,0.7817,0.7866,0.7861,0.2758,0.3410,0.3049,0.5457
ddim,200,8,4,0.0109,altered_knn,altered_knn,50000,200000,0.6908,0.6918,0.8004,0.0223,0.5959,0.0429,0.3674
ddim,200,8,4,0.0109,quadratic,quadratic,50000,300000,0.9284,0.9310,0.9349,0.3566,0.6923,0.4707,0.7009
ddim,200,8,4,0.0109,quadratic_cal,quadratic,50000,300000,0.9250,0.9272,0.9332,0.3057,0.7199,0.4292,0.6782
ddim,200,8,4,0.0109,polar8,polar,50000,300000,0.9261,0.9279,0.9331,0.3454,0.7577,0.4745,0.7012
ddim,200,8,4,0.0109,polar8_cal,polar,50000,300000,0.9246,0.9263,0.9327,0.3147,0.7681,0.4464,0.6864
ddim,200,8,4,0.0109,knn,knn,100000,600000,0.7947,0.7994,0.7986,0.3083,0.3720,0.3371,0.5683
ddim,200,8,4,0.0109,altered_knn,altered_knn,100000,400000,0.7989,0.8037,0.8610,0.0264,0.3639,0.0492,0.4265
ddim,200,8,4,0.0109,quadratic,quadratic,100000,600000,0.9308,0.9334,0.9377,0.3409,0.6900,0.4563,0.6949
ddim,200,8,4,0.0109,quadratic_cal,quadratic,100000,600000,0.9280,0.9303,0.9363,0.3044,0.7210,0.4281,0.6792
ddim,200,8,4,0.0109,polar8,polar,100000,600000,0.9257,0.9275,0.9327,0.3441,0.7566,0.4731,0.7003
ddim,200,8,4,0.0109,polar8_cal,polar,100000,600000,0.9245,0.9263,0.9323,0.3206,0.7623,0.4514,0.6888
ddim,0,8,8,0.0119,knn,knn,20000,240000,0.6850,0.6893,0.6943,0.1401,0.3305,0.1968,0.4430
ddim,0,8,8,0.0119,altered_knn,altered_knn,20000,160000,0.8099,0.8176,0.8335,0.0403,0.1752,0.0655,0.4415
ddim,0,8,8,0.0119,quadratic,quadratic,20000,240000,0.9119,0.9157,0.9184,0.3854,0.6036,0.4704,0.6931
ddim,0,8,8,0.0119,quadratic_cal,quadratic,20000,240000,0.9122,0.9161,0.9186,0.3921,0.5947,0.4726,0.6943
ddim,0,8,8,0.0119,polar8,polar,20000,240000,0.9319,0.9355,0.9380,0.4329,0.6365,0.5154,0.7254
ddim,0,8,8,0.0119,polar8_cal,polar,20000,240000,0.9317,0.9353,0.9380,0.4237,0.6370,0.5089,0.7221
ddim,0,8,8,0.0119,knn,knn,50000,600000,0.7137,0.7180,0.7221,0.1695,0.3541,0.2292,0.4736
ddim,0,8,8,0.0119,altered_knn,altered_knn,50000,400000,0.8303,0.8392,0.8444,0.0453,0.0988,0.0621,0.4506
ddim,0,8,8,0.0119,quadratic,quadratic,50000,600000,0.9261,0.9303,0.9323,0.4097,0.5816,0.4808,0.7055
ddim,0,8,8,0.0119,quadratic_cal,quadratic,50000,600000,0.9256,0.9297,0.9321,0.3971,0.5894,0.4745,0.7021
ddim,0,8,8,0.0119,polar8,polar,50000,600000,0.9323,0.9360,0.9380,0.4490,0.6266,0.5231,0.7296
ddim,0,8,8,0.0119,polar8_cal,polar,50000,600000,0.9320,0.9356,0.9380,0.4361,0.6323,0.5162,0.7259
ddim,0,8,8,0.0119,knn,knn,100000,1200000,0.7327,0.7371,0.7406,0.1881,0.3624,0.2477,0.4924
ddim,0,8,8,0.0119,altered_knn,altered_knn,100000,800000,0.8399,0.8491,0.8516,0.0483,0.0785,0.0598,0.4545
ddim,0,8,8,0.0119,quadratic,quadratic,100000,1200000,0.9238,0.9281,0.9307,0.3751,0.5664,0.4513,0.6897
ddim,0,8,8,0.0119,quadratic_cal,quadratic,100000,1200000,0.9235,0.9277,0.9305,0.3706,0.5743,0.4505,0.6891
ddim,0,8,8,0.0119,polar8,polar,100000,1200000,0.9315,0.9352,0.9372,0.4531,0.6292,0.5268,0.7310
ddim,0,8,8,0.0119,polar8_cal,polar,100000,1200000,0.9314,0.9351,0.9372,0.4488,0.6297,0.5240,0.7296
ddim,100,8,8,0.0117,knn,knn,20000,240000,0.6848,0.6888,0.6936,0.1369,0.3524,0.1972,0.4430
ddim,100,8,8,0.0117,altered_knn,altered_knn,20000,160000,0.7907,0.7977,0.8197,0.0324,0.1984,0.0557,0.4267
ddim,100,8,8,0.0117,quadratic,quadratic,20000,240000,0.8986,0.9019,0.9061,0.3137,0.6225,0.4171,0.6595
ddim,100,8,8,0.0117,quadratic_cal,quadratic,20000,240000,0.9011,0.9048,0.9072,0.3579,0.5898,0.4455,0.6751
ddim,100,8,8,0.0117,polar8,polar,20000,240000,0.9085,0.9116,0.9156,0.3636,0.6465,0.4654,0.6885
ddim,100,8,8,0.0117,polar8_cal,polar,20000,240000,0.9084,0.9114,0.9155,0.3588,0.6487,0.4620,0.6867
ddim,100,8,8,0.0117,knn,knn,50000,600000,0.7152,0.7190,0.7232,0.1633,0.3888,0.2300,0.4745
ddim,100,8,8,0.0117,altered_knn,altered_knn,50000,400000,0.8102,0.8178,0.8327,0.0380,0.1727,0.0623,0.4400
ddim,100,8,8,0.0117,quadratic,quadratic,50000,600000,0.9102,0.9138,0.9173,0.3522,0.6096,0.4464,0.6801
ddim,100,8,8,0.0117,quadratic_cal,quadratic,50000,600000,0.9110,0.9147,0.9177,0.3669,0.5957,0.4541,0.6844
ddim,100,8,8,0.0117,polar8,polar,50000,600000,0.9079,0.9110,0.9147,0.3728,0.6433,0.4720,0.6915
ddim,100,8,8,0.0117,polar8_cal,polar,50000,600000,0.9081,0.9112,0.9147,0.3791,0.6417,0.4767,0.6939
ddim,100,8,8,0.0117,knn,knn,100000,1200000,0.7317,0.7358,0.7395,0.1697,0.3866,0.2359,0.4858
ddim,100,8,8,0.0117,altered_knn,altered_knn,100000,800000,0.7955,0.8018,0.8350,0.0314,0.2604,0.0560,0.4289
ddim,100,8,8,0.0117,quadratic,quadratic,100000,1200000,0.9060,0.9096,0.9136,0.3285,0.6000,0.4245,0.6670
ddim,100,8,8,0.0117,quadratic_cal,quadratic,100000,1200000,0.9072,0.9111,0.9142,0.3513,0.5797,0.4374,0.6743
ddim,100,8,8,0.0117,polar8,polar,100000,1200000,0.9077,0.9108,0.9144,0.3770,0.6417,0.4750,0.6929
ddim,100,8,8,0.0117,polar8_cal,polar,100000,1200000,0.9076,0.9107,0.9144,0.3717,0.6439,0.4713,0.6910
ddim,200,8,8,0.0114,knn,knn,20000,240000,0.6860,0.6901,0.6956,0.1336,0.3333,0.1907,0.4404
ddim,200,8,8,0.0114,altered_knn,altered_knn,20000,160000,0.8101,0.8171,0.8396,0.0343,0.1980,0.0584,0.4378
ddim,200,8,8,0.0114,quadratic,quadratic,20000,240000,0.9181,0.9219,0.9246,0.3684,0.5880,0.4530,0.6874
ddim,200,8,8,0.0114,quadratic_cal,quadratic,20000,240000,0.9197,0.9238,0.9254,0.4093,0.5660,0.4751,0.6994
ddim,200,8,8,0.0114,polar8,polar,20000,240000,0.9438,0.9472,0.9495,0.4325,0.6430,0.5171,0.7322
ddim,200,8,8,0.0114,polar8_cal,polar,20000,240000,0.9436,0.9470,0.9495,0.4245,0.6447,0.5119,0.7295
ddim,200,8,8,0.0114,knn,knn,50000,600000,0.7173,0.7214,0.7260,0.1634,0.3553,0.2238,0.4726
ddim,200,8,8,0.0114,altered_knn,altered_knn,50000,400000,0.8197,0.8266,0.8497,0.0366,0.2134,0.0624,0.4445
ddim,200,8,8,0.0114,quadratic,quadratic,50000,600000,0.9318,0.9359,0.9380,0.4036,0.5803,0.4761,0.7060
ddim,200,8,8,0.0114,quadratic_cal,quadratic,50000,600000,0.9323,0.9364,0.9382,0.4169,0.5710,0.4819,0.7092
ddim,200,8,8,0.0114,polar8,polar,50000,600000,0.9444,0.9478,0.9499,0.4491,0.6425,0.5286,0.7382
ddim,200,8,8,0.0114,polar8_cal,polar,50000,600000,0.9442,0.9477,0.9499,0.4425,0.6430,0.5242,0.7360
ddim,200,8,8,0.0114,knn,knn,100000,1200000,0.7346,0.7388,0.7430,0.1786,0.3680,0.2405,0.4896
ddim,200,8,8,0.0114,altered_knn,altered_knn,100000,800000,0.8323,0.8399,0.8573,0.0371,0.1716,0.0610,0.4504
ddim,200,8,8,0.0114,quadratic,quadratic,100000,1200000,0.9311,0.9352,0.9381,0.3664,0.5737,0.4472,0.6912
ddim,200,8,8,0.0114,quadratic_cal,quadratic,100000,1200000,0.9322,0.9365,0.9386,0.3926,0.5611,0.4620,0.6992
ddim,200,8,8,0.0114,polar8,polar,100000,1200000,0.9442,0.9476,0.9496,0.4530,0.6463,0.5326,0.7401
ddim,200,8,8,0.0114,polar8_cal,polar,100000,1200000,0.9441,0.9475,0.9496,0.4458,0.6469,0.5278,0.7377
ddim,0,8,16,0.0133,knn,knn,20000,480000,0.6189,0.6229,0.6339,0.0829,0.3229,0.1319,0.3774
ddim,0,8,16,0.0133,altered_knn,altered_knn,20000,320000,0.7806,0.7905,0.7886,0.0472,0.0507,0.0488,0.4197
ddim,0,8,16,0.0133,quadratic,quadratic,20000,480000,0.8898,0.8954,0.8952,0.4080,0.4749,0.4389,0.6672
ddim,0,8,16,0.0133,quadratic_cal,quadratic,20000,480000,0.8918,0.8984,0.8961,0.4969,0.4071,0.4475,0.6730
ddim,0,8,16,0.0133,polar8,polar,20000,480000,0.8937,0.8998,0.8985,0.4138,0.4463,0.4294,0.6646
ddim,0,8,16,0.0133,polar8_cal,polar,20000,480000,0.8951,0.9015,0.8987,0.5200,0.4186,0.4638,0.6827
ddim,0,8,16,0.0133,knn,knn,50000,1200000,0.6512,0.6554,0.6644,0.1014,0.3405,0.1563,0.4058
ddim,0,8,16,0.0133,altered_knn,altered_knn,50000,800000,0.7859,0.7948,0.8025,0.0464,0.1323,0.0687,0.4317
ddim,0,8,16,0.0133,quadratic,quadratic,50000,1200000,0.8925,0.8984,0.8988,0.3689,0.4559,0.4078,0.6531
ddim,0,8,16,0.0133,quadratic_cal,quadratic,50000,1200000,0.8950,0.9020,0.8998,0.4735,0.3778,0.4203,0.6611
ddim,0,8,16,0.0133,polar8,polar,50000,1200000,0.8935,0.8995,0.8980,0.4363,0.4470,0.4416,0.6706
ddim,0,8,16,0.0133,polar8_cal,polar,50000,1200000,0.8946,0.9009,0.8981,0.5278,0.4235,0.4699,0.6854
ddim,0,8,16,0.0133,knn,knn,100000,2400000,0.6733,0.6777,0.6858,0.1123,0.3445,0.1694,0.4236
ddim,0,8,16,0.0133,altered_knn,altered_knn,100000,1600000,0.7832,0.7906,0.8104,0.0457,0.2315,0.0763,0.4334
ddim,0,8,16,0.0133,quadratic,quadratic,100000,2400000,0.8909,0.8969,0.8981,0.3271,0.4454,0.3772,0.6371
ddim,0,8,16,0.0133,quadratic_cal,quadratic,100000,2400000,0.8942,0.9014,0.8992,0.4514,0.3607,0.4010,0.6512
ddim,0,8,16,0.0133,polar8,polar,100000,2400000,0.8935,0.8995,0.8979,0.4388,0.4444,0.4416,0.6705
ddim,0,8,16,0.0133,polar8_cal,polar,100000,2400000,0.8943,0.9006,0.8980,0.5101,0.4271,0.4649,0.6828
ddim,100,8,16,0.0138,knn,knn,20000,480000,0.6216,0.6255,0.6371,0.0877,0.3422,0.1396,0.3826
ddim,100,8,16,0.0138,altered_knn,altered_knn,20000,320000,0.7625,0.7705,0.7872,0.0429,0.1915,0.0701,0.4203
ddim,100,8,16,0.0138,quadratic,quadratic,20000,480000,0.8827,0.8884,0.8893,0.3608,0.4816,0.4126,0.6505
ddim,100,8,16,0.0138,quadratic_cal,quadratic,20000,480000,0.8859,0.8926,0.8906,0.4675,0.4046,0.4338,0.6632
ddim,100,8,16,0.0138,polar8,polar,20000,480000,0.8876,0.8935,0.8943,0.3768,0.4615,0.4148,0.6542
ddim,100,8,16,0.0138,polar8_cal,polar,20000,480000,0.8891,0.8954,0.8945,0.4667,0.4320,0.4487,0.6721
ddim,100,8,16,0.0138,knn,knn,50000,1200000,0.6527,0.6571,0.6670,0.1004,0.3438,0.1554,0.4062
ddim,100,8,16,0.0138,altered_knn,altered_knn,50000,800000,0.7843,0.7936,0.8003,0.0476,0.1222,0.0685,0.4311
ddim,100,8,16,0.0138,quadratic,quadratic,50000,1200000,0.8811,0.8869,0.8885,0.3267,0.4660,0.3841,0.6355
ddim,100,8,16,0.0138,quadratic_cal,quadratic,50000,1200000,0.8840,0.8908,0.8897,0.4132,0.3989,0.4060,0.6484
ddim,100,8,16,0.0138,polar8,polar,50000,1200000,0.8871,0.8930,0.8936,0.3927,0.4615,0.4243,0.6587
ddim,100,8,16,0.0138,polar8_cal,polar,50000,1200000,0.8876,0.8937,0.8936,0.4196,0.4519,0.4352,0.6644
ddim,100,8,16,0.0138,knn,knn,100000,2400000,0.6749,0.6793,0.6881,0.1167,0.3660,0.1770,0.4281
ddim,100,8,16,0.0138,altered_knn,altered_knn,100000,1600000,0.8016,0.8122,0.8088,0.0644,0.0444,0.0526,0.4324
ddim,100,8,16,0.0138,quadratic,quadratic,100000,2400000,0.8786,0.8845,0.8868,0.2933,0.4576,0.3575,0.6210
ddim,100,8,16,0.0138,quadratic_cal,quadratic,100000,2400000,0.8823,0.8893,0.8881,0.3939,0.3792,0.3864,0.6379
ddim,100,8,16,0.0138,polar8,polar,100000,2400000,0.8871,0.8931,0.8934,0.4005,0.4549,0.4260,0.6596
ddim,100,8,16,0.0138,polar8_cal,polar,100000,2400000,0.8875,0.8937,0.8935,0.4279,0.4461,0.4368,0.6653
ddim,200,8,16,0.0133,knn,knn,20000,480000,0.6187,0.6226,0.6349,0.0814,0.3282,0.1304,0.3765
ddim,200,8,16,0.0133,altered_knn,altered_knn,20000,320000,0.7748,0.7831,0.7962,0.0419,0.1545,0.0659,0.4245
ddim,200,8,16,0.0133,quadratic,quadratic,20000,480000,0.8934,0.8989,0.8996,0.3878,0.4839,0.4305,0.6647
ddim,200,8,16,0.0133,quadratic_cal,quadratic,20000,480000,0.8946,0.9005,0.9002,0.4258,0.4575,0.4411,0.6708
ddim,200,8,16,0.0133,polar8,polar,20000,480000,0.9080,0.9138,0.9144,0.4020,0.4754,0.4356,0.6747
ddim,200,8,16,0.0133,polar8_cal,polar,20000,480000,0.9089,0.9150,0.9145,0.4573,0.4556,0.4565,0.6858
ddim,200,8,16,0.0133,knn,knn,50000,1200000,0.6521,0.6562,0.6666,0.0981,0.3464,0.1528,0.4045
ddim,200,8,16,0.0133,altered_knn,altered_knn,50000,800000,0.7754,0.7823,0.8087,0.0432,0.2647,0.0743,0.4283
ddim,200,8,16,0.0133,quadratic,quadratic,50000,1200000,0.8946,0.9003,0.9015,0.3538,0.4657,0.4021,0.6512
ddim,200,8,16,0.0133,quadratic_cal,quadratic,50000,1200000,0.8971,0.9037,0.9025,0.4367,0.4083,0.4220,0.6628
ddim,200,8,16,0.0133,polar8,polar,50000,1200000,0.9078,0.9136,0.9138,0.4215,0.4707,0.4447,0.6792
ddim,200,8,16,0.0133,polar8_cal,polar,50000,1200000,0.9084,0.9146,0.9138,0.4720,0.4540,0.4628,0.6887
ddim,200,8,16,0.0133,knn,knn,100000,2400000,0.6743,0.6785,0.6876,0.1139,0.3588,0.1729,0.4257
ddim,200,8,16,0.0133,altered_knn,altered_knn,100000,1600000,0.7919,0.7995,0.8193,0.0472,0.2279,0.0782,0.4389
ddim,200,8,16,0.0133,quadratic,quadratic,100000,2400000,0.8923,0.8981,0.9000,0.3203,0.4603,0.3778,0.6379
ddim,200,8,16,0.0133,quadratic_cal,quadratic,100000,2400000,0.8952,0.9019,0.9011,0.4037,0.3989,0.4013,0.6516
ddim,200,8,16,0.0133,polar8,polar,100000,2400000,0.9078,0.9137,0.9136,0.4333,0.4688,0.4504,0.6820
ddim,200,8,16,0.0133,polar8_cal,polar,100000,2400000,0.9083,0.9143,0.9137,0.4658,0.4573,0.4615,0.6879
ddim,0,16,2,0.0113,knn,knn,20000,60000,0.8278,0.8367,0.8323,0.2529,0.0488,0.0818,0.4592
ddim,0,16,2,0.0113,altered_knn,altered_knn,20000,40000,0.6935,0.6955,0.8160,0.0194,0.5211,0.0373,0.3664
ddim,0,16,2,0.0113,quadratic,quadratic,20000,60000,0.9153,0.9154,0.9476,0.1301,0.9047,0.2276,0.5715
ddim,0,16,2,0.0113,quadratic_cal,quadratic,20000,60000,0.9181,0.9184,0.9490,0.1347,0.8980,0.2342,0.5763
ddim,0,16,2,0.0113,polar8,polar,20000,60000,0.9314,0.9309,0.9601,0.1540,0.9756,0.2660,0.5984
ddim,0,16,2,0.0113,polar8_cal,polar,20000,60000,0.9224,0.9218,0.9556,0.1354,0.9756,0.2378,0.5798
ddim,0,16,2,0.0113,knn,knn,50000,150000,0.8363,0.8452,0.8413,0.2737,0.0576,0.0952,0.4702
ddim,0,16,2,0.0113,altered_knn,altered_knn,50000,100000,0.6972,0.6993,0.8186,0.0194,0.5144,0.0373,0.3683
ddim,0,16,2,0.0113,quadratic,quadratic,50000,150000,0.9186,0.9187,0.9504,0.1326,0.9091,0.2315,0.5751
ddim,0,16,2,0.0113,quadratic_cal,quadratic,50000,150000,0.9180,0.9181,0.9501,0.1317,0.9091,0.2300,0.5741
ddim,0,16,2,0.0113,polar8,polar,50000,150000,0.9341,0.9336,0.9631,0.1530,0.9756,0.2645,0.5991
ddim,0,16,2,0.0113,polar8_cal,polar,50000,150000,0.9254,0.9249,0.9586,0.1360,0.9756,0.2387,0.5818
ddim,0,16,2,0.0113,knn,knn,100000,300000,0.8419,0.8506,0.8466,0.3750,0.0798,0.1316,0.4911
ddim,0,16,2,0.0113,altered_knn,altered_knn,100000,200000,0.7983,0.8031,0.8813,0.0229,0.3792,0.0432,0.4232
ddim,0,16,2,0.0113,quadratic,quadratic,100000,300000,0.9301,0.9302,0.9598,0.1434,0.9180,0.2480,0.5891
ddim,0,16,2,0.0113,quadratic_cal,quadratic,100000,300000,0.9221,0.9220,0.9555,0.1305,0.9335,0.2289,0.5755
ddim,0,16,2,0.0113,polar8,polar,100000,300000,0.9336,0.9331,0.9638,0.1482,0.9756,0.2574,0.5953
ddim,0,16,2,0.0113,polar8_cal,polar,100000,300000,0.9276,0.9271,0.9608,0.1364,0.9756,0.2393,0.5832
ddim,100,16,2,0.0113,knn,knn,20000,60000,0.8215,0.8301,0.8262,0.2793,0.0684,0.1099,0.4700
ddim,100,16,2,0.0113,altered_knn,altered_knn,20000,40000,0.6389,0.6397,0.7754,0.0182,0.5740,0.0352,0.3375
ddim,100,16,2,0.0113,quadratic,quadratic,20000,60000,0.8780,0.8774,0.9293,0.0864,0.9294,0.1582,0.5178
ddim,100,16,2,0.0113,quadratic_cal,quadratic,20000,60000,0.8913,0.8911,0.9369,0.0956,0.9117,0.1731,0.5321
ddim,100,16,2,0.0113,polar8,polar,20000,60000,0.9125,0.9119,0.9516,0.1170,0.9691,0.2087,0.5603
ddim,100,16,2,0.0113,polar8_cal,polar,20000,60000,0.9013,0.9005,0.9457,0.1036,0.9691,0.1872,0.5439
ddim,100,16,2,0.0113,knn,knn,50000,150000,0.8279,0.8369,0.8328,0.2174,0.0442,0.0734,0.4551
ddim,100,16,2,0.0113,altered_knn,altered_knn,50000,100000,0.6411,0.6416,0.7779,0.0191,0.6026,0.0370,0.3393
ddim,100,16,2,0.0113,quadratic,quadratic,50000,150000,0.8767,0.8761,0.9288,0.0850,0.9272,0.1557,0.5159
ddim,100,16,2,0.0113,quadratic_cal,quadratic,50000,150000,0.8912,0.8910,0.9369,0.0954,0.9117,0.1728,0.5319
ddim,100,16,2,0.0113,polar8,polar,50000,150000,0.9125,0.9119,0.9521,0.1157,0.9691,0.2068,0.5593
ddim,100,16,2,0.0113,polar8_cal,polar,50000,150000,0.9038,0.9031,0.9474,0.1056,0.9691,0.1905,0.5468
ddim,100,16,2,0.0113,knn,knn,100000,300000,0.8338,0.8424,0.8385,0.3243,0.0795,0.1277,0.4850
ddim,100,16,2,0.0113,altered_knn,altered_knn,100000,200000,0.5092,0.5067,0.6709,0.0168,0.7329,0.0328,0.2697
ddim,100,16,2,0.0113,quadratic,quadratic,100000,300000,0.8975,0.8971,0.9428,0.0986,0.9338,0.1783,0.5377
ddim,100,16,2,0.0113,quadratic_cal,quadratic,100000,300000,0.8967,0.8963,0.9424,0.0980,0.9360,0.1774,0.5368
ddim,100,16,2,0.0113,polar8,polar,100000,300000,0.9113,0.9106,0.9517,0.1135,0.9691,0.2032,0.5569
ddim,100,16,2,0.0113,polar8_cal,polar,100000,300000,0.9031,0.9023,0.9473,0.1044,0.9691,0.1885,0.5454
ddim,200,16,2,0.0110,knn,knn,20000,60000,0.8303,0.8390,0.8352,0.2472,0.0499,0.0830,0.4610
ddim,200,16,2,0.0110,altered_knn,altered_knn,20000,40000,0.6861,0.6874,0.8105,0.0201,0.5692,0.0389,0.3631
ddim,200,16,2,0.0110,quadratic,quadratic,20000,60000,0.9136,0.9137,0.9483,0.1195,0.9002,0.2110,0.5624
ddim,200,16,2,0.0110,quadratic_cal,quadratic,20000,60000,0.9130,0.9131,0.9480,0.1186,0.9002,0.2096,0.5613
ddim,200,16,2,0.0110,polar8,polar,20000,60000,0.9322,0.9320,0.9622,0.1440,0.9546,0.2502,0.5911
ddim,200,16,2,0.0110,polar8_cal,polar,20000,60000,0.9218,0.9214,0.9569,0.1253,0.9592,0.2216,0.5715
ddim,200,16,2,0.0110,knn,knn,50000,150000,0.8372,0.8460,0.8421,0.2235,0.0431,0.0722,0.4591
ddim,200,16,2,0.0110,altered_knn,altered_knn,50000,100000,0.7877,0.7920,0.8747,0.0223,0.4014,0.0423,0.4172
ddim,200,16,2,0.0110,quadratic,quadratic,50000,150000,0.9160,0.9160,0.9504,0.1211,0.9070,0.2137,0.5649
ddim,200,16,2,0.0110,quadratic_cal,quadratic,50000,150000,0.9122,0.9122,0.9484,0.1161,0.9116,0.2059,0.5590
ddim,200,16,2,0.0110,polar8,polar,50000,150000,0.9328,0.9326,0.9631,0.1423,0.9501,0.2476,0.5901
ddim,200,16,2,0.0110,polar8_cal,polar,50000,150000,0.9246,0.9243,0.9587,0.1283,0.9546,0.2262,0.5752
ddim,200,16,2,0.0110,knn,knn,100000,300000,0.8373,0.8460,0.8420,0.3125,0.0567,0.0960,0.4710
ddim,200,16,2,0.0110,altered_knn,altered_knn,100000,200000,0.8037,0.8083,0.8838,0.0240,0.3923,0.0453,0.4268
ddim,200,16,2,0.0110,quadratic,quadratic,100000,300000,0.9270,0.9272,0.9585,0.1335,0.9161,0.2331,0.5801
ddim,200,16,2,0.0110,quadratic_cal,quadratic,100000,300000,0.9188,0.9188,0.9540,0.1209,0.9229,0.2138,0.5663
ddim,200,16,2,0.0110,polar8,polar,100000,300000,0.9330,0.9327,0.9637,0.1410,0.9546,0.2457,0.5892
ddim,200,16,2,0.0110,polar8_cal,polar,100000,300000,0.9237,0.9233,0.9588,0.1254,0.9592,0.2219,0.5726
ddim,0,16,4,0.0104,knn,knn,20000,120000,0.6971,0.7034,0.7011,0.2081,0.0928,0.1283,0.4159
ddim,0,16,4,0.0104,altered_knn,altered_knn,20000,80000,0.8310,0.8375,0.8686,0.0264,0.2096,0.0468,0.4422
ddim,0,16,4,0.0104,quadratic,quadratic,20000,120000,0.9396,0.9409,0.9513,0.2629,0.8169,0.3978,0.6693
ddim,0,16,4,0.0104,quadratic_cal,quadratic,20000,120000,0.9324,0.9331,0.9477,0.2169,0.8590,0.3464,0.6397
ddim,0,16,4,0.0104,polar8,polar,20000,120000,0.9580,0.9586,0.9710,0.2623,0.9048,0.4067,0.6826
ddim,0,16,4,0.0104,polar8_cal,polar,20000,120000,0.9541,0.9545,0.9694,0.2321,0.9181,0.3705,0.6625
ddim,0,16,4,0.0104,knn,knn,50000,300000,0.7068,0.7133,0.7107,0.2293,0.0867,0.1259,0.4196
ddim,0,16,4,0.0104,altered_knn,altered_knn,50000,200000,0.6962,0.6977,0.8086,0.0200,0.5482,0.0387,0.3682
ddim,0,16,4,0.0104,quadratic,quadratic,50000,300000,0.9484,0.9497,0.9599,0.2699,0.8277,0.4071,0.6784
ddim,0,16,4,0.0104,quadratic_cal,quadratic,50000,300000,0.9400,0.9408,0.9557,0.2155,0.8627,0.3449,0.6429
ddim,0,16,4,0.0104,polar8,polar,50000,300000,0.9579,0.9584,0.9708,0.2637,0.9084,0.4088,0.6836
ddim,0,16,4,0.0104,polar8_cal,polar,50000,300000,0.9540,0.9544,0.9694,0.2305,0.9169,0.3683,0.6614
ddim,0,16,4,0.0104,knn,knn,100000,600000,0.7185,0.7251,0.7224,0.2372,0.0892,0.1296,0.4273
ddim,0,16,4,0.0104,altered_knn,altered_knn,100000,400000,0.7888,0.7934,0.8560,0.0230,0.3470,0.0432,0.4183
ddim,0,16,4,0.0104,quadratic,quadratic,100000,600000,0.9539,0.9551,0.9661,0.2626,0.8446,0.4007,0.6779
ddim,0,16,4,0.0104,quadratic_cal,quadratic,100000,600000,0.9463,0.9470,0.9622,0.2176,0.8807,0.3489,0.6480
ddim,0,16,4,0.0104,polar8,polar,100000,600000,0.9561,0.9566,0.9692,0.2590,0.9084,0.4031,0.6799
ddim,0,16,4,0.0104,polar8_cal,polar,100000,600000,0.9509,0.9512,0.9671,0.2223,0.9265,0.3585,0.6549
ddim,100,16,4,0.0108,knn,knn,20000,120000,0.6942,0.7007,0.6990,0.1883,0.0971,0.1281,0.4144
ddim,100,16,4,0.0108,altered_knn,altered_knn,20000,80000,0.7831,0.7886,0.8406,0.0226,0.2844,0.0419,0.4152
ddim,100,16,4,0.0108,quadratic,quadratic,20000,120000,0.9202,0.9209,0.9391,0.1870,0.8578,0.3071,0.6140
ddim,100,16,4,0.0108,quadratic_cal,quadratic,20000,120000,0.9116,0.9119,0.9346,0.1611,0.8855,0.2726,0.5923
ddim,100,16,4,0.0108,polar8,polar,20000,120000,0.9340,0.9343,0.9523,0.2027,0.9133,0.3317,0.6330
ddim,100,16,4,0.0108,polar8_cal,polar,20000,120000,0.9265,0.9266,0.9492,0.1699,0.9214,0.2869,0.6068
ddim,100,16,4,0.0108,knn,knn,50000,300000,0.7006,0.7071,0.7055,0.1962,0.1064,0.1379,0.4225
ddim,100,16,4,0.0108,altered_knn,altered_knn,50000,200000,0.7327,0.7361,0.8211,0.0206,0.4185,0.0392,0.3877
ddim,100,16,4,0.0108,quadratic,quadratic,50000,300000,0.9285,0.9292,0.9467,0.1958,0.8613,0.3191,0.6242
ddim,100,16,4,0.0108,quadratic_cal,quadratic,50000,300000,0.9167,0.9170,0.9406,0.1590,0.8936,0.2699,0.5935
ddim,100,16,4,0.0108,polar8,polar,50000,300000,0.9321,0.9324,0.9507,0.1992,0.9098,0.3269,0.6296
ddim,100,16,4,0.0108,polar8_cal,polar,50000,300000,0.9248,0.9248,0.9476,0.1687,0.9202,0.2851,0.6050
ddim,100,16,4,0.0108,knn,knn,100000,600000,0.7081,0.7146,0.7125,0.2567,0.1110,0.1550,0.4348
ddim,100,16,4,0.0108,altered_knn,altered_knn,100000,400000,0.6802,0.6818,0.7937,0.0196,0.5341,0.0379,0.3598
ddim,100,16,4,0.0108,quadratic,quadratic,100000,600000,0.9347,0.9353,0.9528,0.1994,0.8763,0.3249,0.6301
ddim,100,16,4,0.0108,quadratic_cal,quadratic,100000,600000,0.9238,0.9241,0.9472,0.1641,0.9017,0.2776,0.6008
ddim,100,16,4,0.0108,polar8,polar,100000,600000,0.9307,0.9308,0.9496,0.1967,0.9202,0.3242,0.6275
ddim,100,16,4,0.0108,polar8_cal,polar,100000,600000,0.9259,0.9259,0.9475,0.1769,0.9260,0.2971,0.6115
ddim,200,16,4,0.0100,knn,knn,20000,120000,0.6885,0.6946,0.6923,0.1659,0.0885,0.1154,0.4050
ddim,200,16,4,0.0100,altered_knn,altered_knn,20000,80000,0.8263,0.8330,0.8617,0.0209,0.1608,0.0371,0.4350
ddim,200,16,4,0.0100,quadratic,quadratic,20000,120000,0.9424,0.9438,0.9565,0.2205,0.7993,0.3456,0.6447
ddim,200,16,4,0.0100,quadratic_cal,quadratic,20000,120000,0.9335,0.9345,0.9520,0.1798,0.8354,0.2959,0.6152
ddim,200,16,4,0.0100,polar8,polar,20000,120000,0.9521,0.9528,0.9672,0.2236,0.8828,0.3568,0.6548
ddim,200,16,4,0.0100,polar8_cal,polar,20000,120000,0.9474,0.9480,0.9654,0.1947,0.8903,0.3195,0.6337
ddim,200,16,4,0.0100,knn,knn,50000,300000,0.7042,0.7106,0.7081,0.1774,0.0686,0.0989,0.4048
ddim,200,16,4,0.0100,altered_knn,altered_knn,50000,200000,0.8255,0.8317,0.8625,0.0258,0.2107,0.0460,0.4389
ddim,200,16,4,0.0100,quadratic,quadratic,50000,300000,0.9522,0.9537,0.9657,0.2308,0.7993,0.3582,0.6560
ddim,200,16,4,0.0100,quadratic_cal,quadratic,50000,300000,0.9414,0.9424,0.9602,0.1810,0.8441,0.2980,0.6202
ddim,200,16,4,0.0100,polar8,polar,50000,300000,0.9540,0.9547,0.9692,0.2231,0.8803,0.3560,0.6554
ddim,200,16,4,0.0100,polar8_cal,polar,50000,300000,0.9493,0.9499,0.9672,0.1963,0.8928,0.3219,0.6359
ddim,200,16,4,0.0100,knn,knn,100000,600000,0.7129,0.7192,0.7168,0.2164,0.0923,0.1294,0.4243
ddim,200,16,4,0.0100,altered_knn,altered_knn,100000,400000,0.8306,0.8369,0.8659,0.0265,0.2045,0.0470,0.4420
ddim,200,16,4,0.0100,quadratic,quadratic,100000,600000,0.9549,0.9562,0.9693,0.2249,0.8254,0.3535,0.6549
ddim,200,16,4,0.0100,quadratic_cal,quadratic,100000,600000,0.9467,0.9476,0.9651,0.1872,0.8566,0.3073,0.6275
ddim,200,16,4,0.0100,polar8,polar,100000,600000,0.9528,0.9535,0.9684,0.2199,0.8828,0.3521,0.6528
ddim,200,16,4,0.0100,polar8_cal,polar,100000,600000,0.9488,0.9494,0.9665,0.1985,0.8953,0.3249,0.6371
ddim,0,16,8,0.0117,knn,knn,20000,240000,0.5723,0.5775,0.5761,0.1329,0.1335,0.1332,0.3554
ddim,0,16,8,0.0117,altered_knn,altered_knn,20000,160000,0.7840,0.7906,0.8142,0.0361,0.2247,0.0622,0.4264
ddim,0,16,8,0.0117,quadratic,quadratic,20000,240000,0.9184,0.9205,0.9265,0.3502,0.7383,0.4751,0.6978
ddim,0,16,8,0.0117,quadratic_cal,quadratic,20000,240000,0.9144,0.9161,0.9246,0.3002,0.7700,0.4320,0.6741
ddim,0,16,8,0.0117,polar8,polar,20000,240000,0.9439,0.9454,0.9512,0.3848,0.8118,0.5221,0.7337
ddim,0,16,8,0.0117,polar8_cal,polar,20000,240000,0.9426,0.9441,0.9508,0.3576,0.8166,0.4974,0.7207
ddim,0,16,8,0.0117,knn,knn,50000,600000,0.5867,0.5921,0.5907,0.1282,0.1276,0.1279,0.3600
ddim,0,16,8,0.0117,altered_knn,altered_knn,50000,400000,0.7814,0.7878,0.8130,0.0367,0.2397,0.0636,0.4257
ddim,0,16,8,0.0117,quadratic,quadratic,50000,600000,0.9327,0.9349,0.9399,0.3817,0.7475,0.5053,0.7201
ddim,0,16,8,0.0117,quadratic_cal,quadratic,50000,600000,0.9286,0.9303,0.9379,0.3233,0.7866,0.4583,0.6943
ddim,0,16,8,0.0117,polar8,polar,50000,600000,0.9427,0.9442,0.9501,0.3839,0.8177,0.5225,0.7334
ddim,0,16,8,0.0117,polar8_cal,polar,50000,600000,0.9409,0.9422,0.9494,0.3504,0.8306,0.4928,0.7175
ddim,0,16,8,0.0117,knn,knn,100000,1200000,0.6019,0.6074,0.6058,0.1440,0.1335,0.1386,0.3730
ddim,0,16,8,0.0117,altered_knn,altered_knn,100000,800000,0.7931,0.8004,0.8160,0.0387,0.1748,0.0633,0.4318
ddim,0,16,8,0.0117,quadratic,quadratic,100000,1200000,0.9325,0.9345,0.9399,0.3700,0.7609,0.4979,0.7162
ddim,0,16,8,0.0117,quadratic_cal,quadratic,100000,1200000,0.9299,0.9317,0.9387,0.3334,0.7807,0.4673,0.6995
ddim,0,16,8,0.0117,polar8,polar,100000,1200000,0.9417,0.9431,0.9491,0.3812,0.8257,0.5216,0.7323
ddim,0,16,8,0.0117,polar8_cal,polar,100000,1200000,0.9401,0.9414,0.9485,0.3522,0.8359,0.4956,0.7185
ddim,100,16,8,0.0113,knn,knn,20000,240000,0.5759,0.5809,0.5803,0.1155,0.1326,0.1235,0.3522
ddim,100,16,8,0.0113,altered_knn,altered_knn,20000,160000,0.7668,0.7725,0.8053,0.0309,0.2675,0.0554,0.4140
ddim,100,16,8,0.0113,quadratic,quadratic,20000,240000,0.9113,0.9130,0.9215,0.2812,0.7575,0.4101,0.6616
ddim,100,16,8,0.0113,quadratic_cal,quadratic,20000,240000,0.9087,0.9101,0.9203,0.2597,0.7841,0.3902,0.6502
ddim,100,16,8,0.0113,polar8,polar,20000,240000,0.9303,0.9313,0.9398,0.3189,0.8357,0.4617,0.6965
ddim,100,16,8,0.0113,polar8_cal,polar,20000,240000,0.9288,0.9298,0.9393,0.2981,0.8413,0.4402,0.6850
ddim,100,16,8,0.0113,knn,knn,50000,600000,0.5891,0.5942,0.5938,0.1294,0.1398,0.1344,0.3643
ddim,100,16,8,0.0113,altered_knn,altered_knn,50000,400000,0.7729,0.7789,0.8072,0.0323,0.2458,0.0571,0.4180
ddim,100,16,8,0.0113,quadratic,quadratic,50000,600000,0.9278,0.9296,0.9368,0.3151,0.7653,0.4464,0.6880
ddim,100,16,8,0.0113,quadratic_cal,quadratic,50000,600000,0.9220,0.9233,0.9340,0.2619,0.8069,0.3954,0.6594
ddim,100,16,8,0.0113,polar8,polar,50000,600000,0.9292,0.9302,0.9391,0.3112,0.8396,0.4541,0.6921
ddim,100,16,8,0.0113,polar8_cal,polar,50000,600000,0.9285,0.9294,0.9389,0.3006,0.8441,0.4433,0.6864
ddim,100,16,8,0.0113,knn,knn,100000,1200000,0.5999,0.6051,0.6044,0.1459,0.1443,0.1451,0.3751
ddim,100,16,8,0.0113,altered_knn,altered_knn,100000,800000,0.7789,0.7851,0.8108,0.0334,0.2347,0.0585,0.4218
ddim,100,16,8,0.0113,quadratic,quadratic,100000,1200000,0.9271,0.9288,0.9367,0.3072,0.7797,0.4408,0.6848
ddim,100,16,8,0.0113,quadratic_cal,quadratic,100000,1200000,0.9225,0.9238,0.9343,0.2660,0.8135,0.4009,0.6623
ddim,100,16,8,0.0113,polar8,polar,100000,1200000,0.9281,0.9291,0.9382,0.3065,0.8435,0.4496,0.6894
ddim,100,16,8,0.0113,polar8_cal,polar,100000,1200000,0.9276,0.9285,0.9380,0.2980,0.8452,0.4407,0.6846
ddim,200,16,8,0.0107,knn,knn,20000,240000,0.5697,0.5746,0.5739,0.0841,0.1108,0.0956,0.3351
ddim,200,16,8,0.0107,altered_knn,altered_knn,20000,160000,0.7664,0.7719,0.8028,0.0287,0.2526,0.0515,0.4117
ddim,200,16,8,0.0107,quadratic,quadratic,20000,240000,0.9093,0.9114,0.9186,0.2739,0.7157,0.3962,0.6538
ddim,200,16,8,0.0107,quadratic_cal,quadratic,20000,240000,0.9057,0.9074,0.9169,0.2405,0.7409,0.3632,0.6353
ddim,200,16,8,0.0107,polar8,polar,20000,240000,0.9252,0.9268,0.9343,0.3039,0.7778,0.4370,0.6819
ddim,200,16,8,0.0107,polar8_cal,polar,20000,240000,0.9225,0.9239,0.9334,0.2642,0.7919,0.3962,0.6601
ddim,200,16,8,0.0107,knn,knn,50000,600000,0.5880,0.5930,0.5924,0.1112,0.1243,0.1174,0.3552
ddim,200,16,8,0.0107,altered_knn,altered_knn,50000,400000,0.7793,0.7858,0.8044,0.0303,0.1776,0.0518,0.4188
ddim,200,16,8,0.0107,quadratic,quadratic,50000,600000,0.9220,0.9243,0.9302,0.3099,0.7134,0.4321,0.6782
ddim,200,16,8,0.0107,quadratic_cal,quadratic,50000,600000,0.9160,0.9177,0.9273,0.2478,0.7585,0.3736,0.6456
ddim,200,16,8,0.0107,polar8,polar,50000,600000,0.9246,0.9260,0.9338,0.3037,0.7890,0.4386,0.6823
ddim,200,16,8,0.0107,polar8_cal,polar,50000,600000,0.9229,0.9242,0.9333,0.2771,0.7948,0.4110,0.6676
ddim,200,16,8,0.0107,knn,knn,100000,1200000,0.5967,0.6016,0.6007,0.1377,0.1454,0.1414,0.3715
ddim,200,16,8,0.0107,altered_knn,altered_knn,100000,800000,0.7677,0.7733,0.8054,0.0279,0.2526,0.0503,0.4118
ddim,200,16,8,0.0107,quadratic,quadratic,100000,1200000,0.9211,0.9232,0.9298,0.2964,0.7251,0.4208,0.6720
ddim,200,16,8,0.0107,quadratic_cal,quadratic,100000,1200000,0.9160,0.9176,0.9273,0.2489,0.7644,0.3755,0.6465
ddim,200,16,8,0.0107,polar8,polar,100000,1200000,0.9234,0.9248,0.9328,0.2980,0.7902,0.4327,0.6788
ddim,200,16,8,0.0107,polar8_cal,polar,100000,1200000,0.9218,0.9232,0.9324,0.2754,0.7966,0.4093,0.6663
ddim,0,16,16,0.0123,knn,knn,20000,480000,0.4783,0.4824,0.4844,0.0727,0.1507,0.0980,0.2902
ddim,0,16,16,0.0123,altered_knn,altered_knn,20000,320000,0.7688,0.7771,0.7818,0.0497,0.1064,0.0677,0.4224
ddim,0,16,16,0.0123,quadratic,quadratic,20000,480000,0.9251,0.9291,0.9305,0.4675,0.6039,0.5270,0.7281
ddim,0,16,16,0.0123,quadratic_cal,quadratic,20000,480000,0.9216,0.9249,0.9288,0.3826,0.6631,0.4853,0.7051
ddim,0,16,16,0.0123,polar8,polar,20000,480000,0.9396,0.9427,0.9442,0.5153,0.6938,0.5914,0.7670
ddim,0,16,16,0.0123,polar8_cal,polar,20000,480000,0.9383,0.9411,0.9439,0.4560,0.7138,0.5565,0.7488
ddim,0,16,16,0.0123,knn,knn,50000,1200000,0.4949,0.4990,0.5012,0.0835,0.1692,0.1118,0.3054
ddim,0,16,16,0.0123,altered_knn,altered_knn,50000,800000,0.7273,0.7317,0.7763,0.0358,0.3731,0.0654,0.3986
ddim,0,16,16,0.0123,quadratic,quadratic,50000,1200000,0.9305,0.9346,0.9356,0.4877,0.6046,0.5399,0.7373
ddim,0,16,16,0.0123,quadratic_cal,quadratic,50000,1200000,0.9268,0.9300,0.9338,0.3916,0.6679,0.4937,0.7119
ddim,0,16,16,0.0123,polar8,polar,50000,1200000,0.9403,0.9433,0.9449,0.5095,0.6948,0.5879,0.7656
ddim,0,16,16,0.0123,polar8_cal,polar,50000,1200000,0.9395,0.9423,0.9448,0.4703,0.7097,0.5657,0.7540
ddim,0,16,16,0.0123,knn,knn,100000,2400000,0.5082,0.5125,0.5139,0.0915,0.1616,0.1168,0.3147
ddim,0,16,16,0.0123,altered_knn,altered_knn,100000,1600000,0.7745,0.7831,0.7853,0.0510,0.0811,0.0626,0.4229
ddim,0,16,16,0.0123,quadratic,quadratic,100000,2400000,0.9300,0.9341,0.9354,0.4658,0.6071,0.5272,0.7306
ddim,0,16,16,0.0123,quadratic_cal,quadratic,100000,2400000,0.9274,0.9307,0.9341,0.3981,0.6558,0.4954,0.7131
ddim,0,16,16,0.0123,polar8,polar,100000,2400000,0.9403,0.9434,0.9449,0.5096,0.6925,0.5871,0.7653
ddim,0,16,16,0.0123,polar8_cal,polar,100000,2400000,0.9396,0.9425,0.9448,0.4747,0.7090,0.5687,0.7556
ddim,100,16,16,0.0120,knn,knn,20000,480000,0.4724,0.4763,0.4790,0.0697,0.1549,0.0962,0.2862
ddim,100,16,16,0.0120,altered_knn,altered_knn,20000,320000,0.7378,0.7442,0.7681,0.0339,0.2178,0.0586,0.4014
ddim,100,16,16,0.0120,quadratic,quadratic,20000,480000,0.9092,0.9128,0.9151,0.4178,0.6216,0.4997,0.7062
ddim,100,16,16,0.0120,quadratic_cal,quadratic,20000,480000,0.9043,0.9069,0.9127,0.3243,0.6870,0.4406,0.6738
ddim,100,16,16,0.0120,polar8,polar,20000,480000,0.9241,0.9270,0.9299,0.4452,0.6867,0.5402,0.7336
ddim,100,16,16,0.0120,polar8_cal,polar,20000,480000,0.9215,0.9240,0.9293,0.3609,0.7239,0.4817,0.7028
ddim,100,16,16,0.0120,knn,knn,50000,1200000,0.4929,0.4969,0.4997,0.0757,0.1617,0.1031,0.3000
ddim,100,16,16,0.0120,altered_knn,altered_knn,50000,800000,0.7107,0.7144,0.7642,0.0337,0.4059,0.0623,0.3884
ddim,100,16,16,0.0120,quadratic,quadratic,50000,1200000,0.9166,0.9202,0.9223,0.4326,0.6234,0.5107,0.7155
ddim,100,16,16,0.0120,quadratic_cal,quadratic,50000,1200000,0.9117,0.9144,0.9200,0.3356,0.6901,0.4516,0.6830
ddim,100,16,16,0.0120,polar8,polar,50000,1200000,0.9235,0.9263,0.9293,0.4402,0.6906,0.5377,0.7320
ddim,100,16,16,0.0120,polar8_cal,polar,50000,1200000,0.9215,0.9240,0.9288,0.3777,0.7163,0.4946,0.7093
ddim,100,16,16,0.0120,knn,knn,100000,2400000,0.5054,0.5095,0.5118,0.0910,0.1734,0.1194,0.3144
ddim,100,16,16,0.0120,altered_knn,altered_knn,100000,1600000,0.7459,0.7525,0.7733,0.0359,0.2045,0.0611,0.4068
ddim,100,16,16,0.0120,quadratic,quadratic,100000,2400000,0.9160,0.9195,0.9221,0.4113,0.6242,0.4959,0.7077
ddim,100,16,16,0.0120,quadratic_cal,quadratic,100000,2400000,0.9122,0.9149,0.9202,0.3394,0.6836,0.4536,0.6843
ddim,100,16,16,0.0120,polar8,polar,100000,2400000,0.9237,0.9265,0.9296,0.4367,0.6948,0.5363,0.7314
ddim,100,16,16,0.0120,polar8_cal,polar,100000,2400000,0.9223,0.9249,0.9293,0.3911,0.7135,0.5052,0.7151
ddim,200,16,16,0.0124,knn,knn,20000,480000,0.4736,0.4777,0.4803,0.0669,0.1511,0.0927,0.2852
ddim,200,16,16,0.0124,altered_knn,altered_knn,20000,320000,0.7513,0.7589,0.7690,0.0416,0.1430,0.0645,0.4117
ddim,200,16,16,0.0124,quadratic,quadratic,20000,480000,0.9108,0.9147,0.9162,0.4373,0.5959,0.5044,0.7096
ddim,200,16,16,0.0124,quadratic_cal,quadratic,20000,480000,0.9092,0.9128,0.9155,0.3970,0.6265,0.4860,0.6994
ddim,200,16,16,0.0124,polar8,polar,20000,480000,0.9240,0.9273,0.9299,0.4506,0.6611,0.5360,0.7316
ddim,200,16,16,0.0124,polar8_cal,polar,20000,480000,0.9218,0.9247,0.9294,0.3764,0.6902,0.4871,0.7059
ddim,200,16,16,0.0124,knn,knn,50000,1200000,0.4946,0.4987,0.5009,0.0839,0.1643,0.1111,0.3049
ddim,200,16,16,0.0124,altered_knn,altered_knn,50000,800000,0.7563,0.7645,0.7681,0.0475,0.0978,0.0639,0.4142
ddim,200,16,16,0.0124,quadratic,quadratic,50000,1200000,0.9192,0.9232,0.9248,0.4499,0.5979,0.5135,0.7183
ddim,200,16,16,0.0124,quadratic_cal,quadratic,50000,1200000,0.9177,0.9213,0.9240,0.4088,0.6275,0.4951,0.7082
ddim,200,16,16,0.0124,polar8,polar,50000,1200000,0.9244,0.9276,0.9303,0.4519,0.6689,0.5394,0.7335
ddim,200,16,16,0.0124,polar8_cal,polar,50000,1200000,0.9230,0.9259,0.9299,0.4022,0.6869,0.5073,0.7166
ddim,200,16,16,0.0124,knn,knn,100000,2400000,0.5037,0.5080,0.5097,0.0877,0.1627,0.1140,0.3110
ddim,200,16,16,0.0124,altered_knn,altered_knn,100000,1600000,0.7182,0.7223,0.7674,0.0358,0.3859,0.0655,0.3939
ddim,200,16,16,0.0124,quadratic,quadratic,100000,2400000,0.9184,0.9224,0.9244,0.4277,0.5984,0.4988,0.7106
ddim,200,16,16,0.0124,quadratic_cal,quadratic,100000,2400000,0.9171,0.9207,0.9237,0.3947,0.6267,0.4844,0.7025
ddim,200,16,16,0.0124,polar8,polar,100000,2400000,0.9242,0.9274,0.9301,0.4509,0.6677,0.5382,0.7328
ddim,200,16,16,0.0124,polar8_cal,polar,100000,2400000,0.9225,0.9254,0.9297,0.3919,0.6899,0.4999,0.7126
ddim,0,32,2,0.0099,knn,knn,20000,60000,0.8433,0.8516,0.8476,0.1458,0.0176,0.0314,0.4415
ddim,0,32,2,0.0099,altered_knn,altered_knn,20000,40000,0.6126,0.6121,0.7577,0.0168,0.6583,0.0327,0.3224
ddim,0,32,2,0.0099,quadratic,quadratic,20000,60000,0.6926,0.6897,0.8119,0.0319,0.9874,0.0618,0.3757
ddim,0,32,2,0.0099,quadratic_cal,quadratic,20000,60000,0.8304,0.8295,0.8995,0.0561,0.9246,0.1058,0.4676
ddim,0,32,2,0.0099,polar8,polar,20000,60000,0.8570,0.8556,0.9166,0.0702,1.0000,0.1312,0.4934
ddim,0,32,2,0.0099,polar8_cal,polar,20000,60000,0.8331,0.8314,0.9030,0.0596,1.0000,0.1126,0.4720
ddim,0,32,2,0.0099,knn,knn,50000,150000,0.8485,0.8570,0.8529,0.0968,0.0075,0.0140,0.4355
ddim,0,32,2,0.0099,altered_knn,altered_knn,50000,100000,0.5951,0.5947,0.7441,0.0155,0.6357,0.0303,0.3125
ddim,0,32,2,0.0099,quadratic,quadratic,50000,150000,0.6920,0.6891,0.8124,0.0316,0.9849,0.0611,0.3751
ddim,0,32,2,0.0099,quadratic_cal,quadratic,50000,150000,0.8334,0.8325,0.9027,0.0564,0.9296,0.1063,0.4694
ddim,0,32,2,0.0099,polar8,polar,50000,150000,0.8587,0.8573,0.9197,0.0689,1.0000,0.1289,0.4931
ddim,0,32,2,0.0099,polar8_cal,polar,50000,150000,0.8393,0.8377,0.9086,0.0605,1.0000,0.1141,0.4759
ddim,0,32,2,0.0099,knn,knn,100000,300000,0.8510,0.8594,0.8553,0.1000,0.0075,0.0140,0.4367
ddim,0,32,2,0.0099,altered_knn,altered_knn,100000,200000,0.6039,0.6036,0.7510,0.0160,0.6407,0.0312,0.3174
ddim,0,32,2,0.0099,quadratic,quadratic,100000,300000,0.7441,0.7416,0.8492,0.0378,0.9925,0.0729,0.4072
ddim,0,32,2,0.0099,quadratic_cal,quadratic,100000,300000,0.8379,0.8367,0.9078,0.0579,0.9598,0.1092,0.4729
ddim,0,32,2,0.0099,polar8,polar,100000,300000,0.8607,0.8593,0.9217,0.0690,1.0000,0.1292,0.4942
ddim,0,32,2,0.0099,polar8_cal,polar,100000,300000,0.8426,0.8410,0.9113,0.0612,1.0000,0.1153,0.4781
ddim,100,32,2,0.0106,knn,knn,20000,60000,0.8328,0.8416,0.8371,0.1500,0.0141,0.0258,0.4337
ddim,100,32,2,0.0106,altered_knn,altered_knn,20000,40000,0.5983,0.5976,0.7464,0.0176,0.6690,0.0343,0.3159
ddim,100,32,2,0.0106,quadratic,quadratic,20000,60000,0.6723,0.6689,0.7977,0.0318,0.9859,0.0616,0.3653
ddim,100,32,2,0.0106,quadratic_cal,quadratic,20000,60000,0.8241,0.8233,0.8960,0.0558,0.8967,0.1050,0.4642
ddim,100,32,2,0.0106,polar8,polar,20000,60000,0.8464,0.8448,0.9092,0.0700,0.9906,0.1307,0.4878
ddim,100,32,2,0.0106,polar8_cal,polar,20000,60000,0.8230,0.8212,0.8958,0.0602,0.9906,0.1134,0.4673
ddim,100,32,2,0.0106,knn,knn,50000,150000,0.8423,0.8514,0.8470,0.0000,0.0000,0.0000,0.4257
ddim,100,32,2,0.0106,altered_knn,altered_knn,50000,100000,0.5811,0.5803,0.7326,0.0165,0.6526,0.0321,0.3062
ddim,100,32,2,0.0106,quadratic,quadratic,50000,150000,0.6775,0.6741,0.8022,0.0322,0.9859,0.0623,0.3682
ddim,100,32,2,0.0106,quadratic_cal,quadratic,50000,150000,0.8283,0.8276,0.9002,0.0560,0.8967,0.1055,0.4665
ddim,100,32,2,0.0106,polar8,polar,50000,150000,0.8477,0.8461,0.9129,0.0681,0.9930,0.1275,0.4868
ddim,100,32,2,0.0106,polar8_cal,polar,50000,150000,0.8309,0.8292,0.9031,0.0613,0.9930,0.1154,0.4723
ddim,100,32,2,0.0106,knn,knn,100000,300000,0.8440,0.8530,0.8486,0.1379,0.0094,0.0176,0.4353
ddim,100,32,2,0.0106,altered_knn,altered_knn,100000,200000,0.5810,0.5804,0.7325,0.0160,0.6315,0.0311,0.3058
ddim,100,32,2,0.0106,quadratic,quadratic,100000,300000,0.7241,0.7213,0.8361,0.0372,0.9859,0.0717,0.3965
ddim,100,32,2,0.0106,quadratic_cal,quadratic,100000,300000,0.8319,0.8307,0.9046,0.0581,0.9390,0.1094,0.4701
ddim,100,32,2,0.0106,polar8,polar,100000,300000,0.8488,0.8473,0.9149,0.0674,0.9930,0.1262,0.4867
ddim,100,32,2,0.0106,polar8_cal,polar,100000,300000,0.8311,0.8294,0.9045,0.0604,0.9930,0.1140,0.4717
ddim,200,32,2,0.0097,knn,knn,20000,60000,0.8426,0.8508,0.8469,0.0286,0.0026,0.0047,0.4278
ddim,200,32,2,0.0097,altered_knn,altered_knn,20000,40000,0.6149,0.6146,0.7596,0.0161,0.6434,0.0313,0.3230
ddim,200,32,2,0.0097,quadratic,quadratic,20000,60000,0.6887,0.6861,0.8069,0.0304,0.9612,0.0589,0.3725
ddim,200,32,2,0.0097,quadratic_cal,quadratic,20000,60000,0.8174,0.8168,0.8884,0.0504,0.8811,0.0953,0.4560
ddim,200,32,2,0.0097,polar8,polar,20000,60000,0.8517,0.8504,0.9125,0.0659,0.9845,0.1236,0.4870
ddim,200,32,2,0.0097,polar8_cal,polar,20000,60000,0.8267,0.8252,0.8983,0.0557,0.9845,0.1054,0.4653
ddim,200,32,2,0.0097,knn,knn,50000,150000,0.8472,0.8554,0.8514,0.1600,0.0103,0.0194,0.4374
ddim,200,32,2,0.0097,altered_knn,altered_knn,50000,100000,0.6175,0.6172,0.7614,0.0161,0.6408,0.0314,0.3243
ddim,200,32,2,0.0097,quadratic,quadratic,50000,150000,0.6956,0.6930,0.8125,0.0311,0.9690,0.0603,0.3767
ddim,200,32,2,0.0097,quadratic_cal,quadratic,50000,150000,0.8218,0.8212,0.8922,0.0510,0.8811,0.0964,0.4588
ddim,200,32,2,0.0097,polar8,polar,50000,150000,0.8571,0.8558,0.9189,0.0653,0.9845,0.1225,0.4892
ddim,200,32,2,0.0097,polar8_cal,polar,50000,150000,0.8352,0.8337,0.9063,0.0566,0.9845,0.1070,0.4704
ddim,200,32,2,0.0097,knn,knn,100000,300000,0.8488,0.8569,0.8529,0.1765,0.0155,0.0285,0.4427
ddim,200,32,2,0.0097,altered_knn,altered_knn,100000,200000,0.5959,0.5958,0.7448,0.0145,0.6098,0.0284,0.3121
ddim,200,32,2,0.0097,quadratic,quadratic,100000,300000,0.7422,0.7399,0.8474,0.0361,0.9742,0.0697,0.4048
ddim,200,32,2,0.0097,quadratic_cal,quadratic,100000,300000,0.8309,0.8301,0.9026,0.0527,0.9199,0.0997,0.4649
ddim,200,32,2,0.0097,polar8,polar,100000,300000,0.8554,0.8542,0.9188,0.0640,0.9845,0.1201,0.4872
ddim,200,32,2,0.0097,polar8_cal,polar,100000,300000,0.8365,0.8351,0.9077,0.0566,0.9845,0.1070,0.4710
ddim,0,32,4,0.0108,knn,knn,20000,120000,0.7019,0.7093,0.7058,0.0804,0.0209,0.0332,0.3713
ddim,0,32,4,0.0108,altered_knn,altered_knn,20000,80000,0.6368,0.6361,0.7738,0.0205,0.6957,0.0399,0.3380
ddim,0,32,4,0.0108,quadratic,quadratic,20000,120000,0.8475,0.8468,0.9000,0.0770,0.9141,0.1420,0.4944
ddim,0,32,4,0.0108,quadratic_cal,quadratic,20000,120000,0.8736,0.8734,0.9136,0.0975,0.8873,0.1757,0.5246
ddim,0,32,4,0.0108,polar8,polar,20000,120000,0.9072,0.9070,0.9410,0.1217,0.9303,0.2152,0.5611
ddim,0,32,4,0.0108,polar8_cal,polar,20000,120000,0.8928,0.8923,0.9334,0.1029,0.9361,0.1854,0.5388
ddim,0,32,4,0.0108,knn,knn,50000,300000,0.7098,0.7173,0.7137,0.0714,0.0174,0.0280,0.3727
ddim,0,32,4,0.0108,altered_knn,altered_knn,50000,200000,0.6867,0.6877,0.8085,0.0209,0.5981,0.0404,0.3641
ddim,0,32,4,0.0108,quadratic,quadratic,50000,300000,0.8656,0.8650,0.9151,0.0828,0.9164,0.1519,0.5085
ddim,0,32,4,0.0108,quadratic_cal,quadratic,50000,300000,0.8838,0.8836,0.9249,0.0981,0.9036,0.1770,0.5303
ddim,0,32,4,0.0108,polar8,polar,50000,300000,0.9118,0.9116,0.9457,0.1219,0.9303,0.2156,0.5636
ddim,0,32,4,0.0108,polar8_cal,polar,50000,300000,0.8972,0.8968,0.9380,0.1030,0.9361,0.1856,0.5412
ddim,0,32,4,0.0108,knn,knn,100000,600000,0.7167,0.7243,0.7208,0.0936,0.0221,0.0357,0.3800
ddim,0,32,4,0.0108,altered_knn,altered_knn,100000,400000,0.5516,0.5496,0.7065,0.0177,0.7410,0.0345,0.2920
ddim,0,32,4,0.0108,quadratic,quadratic,100000,600000,0.8912,0.8908,0.9327,0.0998,0.9245,0.1802,0.5355
ddim,0,32,4,0.0108,quadratic_cal,quadratic,100000,600000,0.8928,0.8925,0.9336,0.1016,0.9245,0.1832,0.5378
ddim,0,32,4,0.0108,polar8,polar,100000,600000,0.9120,0.9118,0.9464,0.1207,0.9315,0.2137,0.5628
ddim,0,32,4,0.0108,polar8_cal,polar,100000,600000,0.8990,0.8986,0.9396,0.1037,0.9361,0.1867,0.5426
ddim,100,32,4,0.0100,knn,knn,20000,120000,0.6886,0.6953,0.6911,0.0866,0.0300,0.0446,0.3699
ddim,100,32,4,0.0100,altered_knn,altered_knn,20000,80000,0.5963,0.5950,0.7399,0.0178,0.7209,0.0348,0.3149
ddim,100,32,4,0.0100,quadratic,quadratic,20000,120000,0.7874,0.7859,0.8658,0.0485,0.9399,0.0923,0.4391
ddim,100,32,4,0.0100,quadratic_cal,quadratic,20000,120000,0.8554,0.8550,0.9043,0.0751,0.8899,0.1385,0.4968
ddim,100,32,4,0.0100,polar8,polar,20000,120000,0.8863,0.8856,0.9278,0.0958,0.9612,0.1742,0.5299
ddim,100,32,4,0.0100,polar8_cal,polar,20000,120000,0.8702,0.8693,0.9193,0.0815,0.9625,0.1502,0.5097
ddim,100,32,4,0.0100,knn,knn,50000,300000,0.6952,0.7019,0.6978,0.1012,0.0313,0.0478,0.3748
ddim,100,32,4,0.0100,altered_knn,altered_knn,50000,200000,0.5731,0.5719,0.7216,0.0162,0.6921,0.0316,0.3018
ddim,100,32,4,0.0100,quadratic,quadratic,50000,300000,0.8158,0.8145,0.8866,0.0549,0.9412,0.1037,0.4591
ddim,100,32,4,0.0100,quadratic_cal,quadratic,50000,300000,0.8644,0.8639,0.9140,0.0766,0.9124,0.1413,0.5026
ddim,100,32,4,0.0100,polar8,polar,50000,300000,0.8877,0.8870,0.9304,0.0938,0.9612,0.1709,0.5289
ddim,100,32,4,0.0100,polar8_cal,polar,50000,300000,0.8706,0.8696,0.9213,0.0794,0.9625,0.1467,0.5081
ddim,100,32,4,0.0100,knn,knn,100000,600000,0.7026,0.7094,0.7052,0.1145,0.0325,0.0507,0.3800
ddim,100,32,4,0.0100,altered_knn,altered_knn,100000,400000,0.6313,0.6314,0.7651,0.0170,0.6170,0.0331,0.3323
ddim,100,32,4,0.0100,quadratic,quadratic,100000,600000,0.8520,0.8510,0.9086,0.0700,0.9512,0.1304,0.4907
ddim,100,32,4,0.0100,quadratic_cal,quadratic,100000,600000,0.8625,0.8617,0.9146,0.0760,0.9474,0.1407,0.5012
ddim,100,32,4,0.0100,polar8,polar,100000,600000,0.8870,0.8863,0.9309,0.0915,0.9612,0.1671,0.5267
ddim,100,32,4,0.0100,polar8_cal,polar,100000,600000,0.8722,0.8713,0.9231,0.0792,0.9625,0.1464,0.5088
ddim,200,32,4,0.0103,knn,knn,20000,120000,0.6958,0.7028,0.6997,0.0792,0.0231,0.0357,0.3693
ddim,200,32,4,0.0103,altered_knn,altered_knn,20000,80000,0.6876,0.6885,0.8080,0.0203,0.6019,0.0393,0.3639
ddim,200,32,4,0.0103,quadratic,quadratic,20000,120000,0.8066,0.8052,0.8727,0.0593,0.9442,0.1116,0.4584
ddim,200,32,4,0.0103,quadratic_cal,quadratic,20000,120000,0.8545,0.8541,0.8985,0.0841,0.8859,0.1535,0.5038
ddim,200,32,4,0.0103,polar8,polar,20000,120000,0.8965,0.8959,0.9338,0.1086,0.9575,0.1952,0.5455
ddim,200,32,4,0.0103,polar8_cal,polar,20000,120000,0.8801,0.8792,0.9252,0.0912,0.9636,0.1666,0.5229
ddim,200,32,4,0.0103,knn,knn,50000,300000,0.7024,0.7094,0.7061,0.1063,0.0267,0.0427,0.3761
ddim,200,32,4,0.0103,altered_knn,altered_knn,50000,200000,0.6900,0.6916,0.8088,0.0187,0.5425,0.0361,0.3638
ddim,200,32,4,0.0103,quadratic,quadratic,50000,300000,0.8351,0.8340,0.8963,0.0656,0.9454,0.1228,0.4784
ddim,200,32,4,0.0103,quadratic_cal,quadratic,50000,300000,0.8723,0.8719,0.9167,0.0874,0.9102,0.1595,0.5157
ddim,200,32,4,0.0103,polar8,polar,50000,300000,0.8980,0.8974,0.9363,0.1063,0.9587,0.1914,0.5444
ddim,200,32,4,0.0103,polar8_cal,polar,50000,300000,0.8819,0.8810,0.9279,0.0897,0.9636,0.1641,0.5226
ddim,200,32,4,0.0103,knn,knn,100000,600000,0.7101,0.7173,0.7140,0.0758,0.0194,0.0309,0.3741
ddim,200,32,4,0.0103,altered_knn,altered_knn,100000,400000,0.7227,0.7251,0.8280,0.0194,0.4867,0.0374,0.3812
ddim,200,32,4,0.0103,quadratic,quadratic,100000,600000,0.8669,0.8661,0.9176,0.0803,0.9490,0.1481,0.5071
ddim,200,32,4,0.0103,quadratic_cal,quadratic,100000,600000,0.8792,0.8785,0.9243,0.0898,0.9466,0.1640,0.5212
ddim,200,32,4,0.0103,polar8,polar,100000,600000,0.8991,0.8985,0.9382,0.1050,0.9600,0.1893,0.5439
ddim,200,32,4,0.0103,polar8_cal,polar,100000,600000,0.8837,0.8828,0.9302,0.0895,0.9672,0.1638,0.5233
ddim,0,32,8,0.0108,knn,knn,20000,240000,0.5701,0.5759,0.5731,0.0584,0.0410,0.0482,0.3120
ddim,0,32,8,0.0108,altered_knn,altered_knn,20000,160000,0.8286,0.8347,0.8648,0.0348,0.2629,0.0615,0.4481
ddim,0,32,8,0.0108,quadratic,quadratic,20000,240000,0.8855,0.8857,0.9114,0.1405,0.8666,0.2418,0.5637
ddim,0,32,8,0.0108,quadratic_cal,quadratic,20000,240000,0.8922,0.8926,0.9146,0.1580,0.8550,0.2668,0.5797
ddim,0,32,8,0.0108,polar8,polar,20000,240000,0.9230,0.9234,0.9415,0.1963,0.8908,0.3217,0.6226
ddim,0,32,8,0.0108,polar8_cal,polar,20000,240000,0.9134,0.9134,0.9368,0.1623,0.9053,0.2753,0.5944
ddim,0,32,8,0.0108,knn,knn,50000,600000,0.5805,0.5864,0.5839,0.0713,0.0474,0.0569,0.3216
ddim,0,32,8,0.0108,altered_knn,altered_knn,50000,400000,0.7775,0.7819,0.8413,0.0266,0.3772,0.0496,0.4157
ddim,0,32,8,0.0108,quadratic,quadratic,50000,600000,0.9110,0.9113,0.9335,0.1641,0.8810,0.2767,0.5940
ddim,0,32,8,0.0108,quadratic_cal,quadratic,50000,600000,0.9112,0.9115,0.9336,0.1647,0.8810,0.2776,0.5945
ddim,0,32,8,0.0108,polar8,polar,50000,600000,0.9272,0.9275,0.9465,0.1914,0.8977,0.3155,0.6215
ddim,0,32,8,0.0108,polar8_cal,polar,50000,600000,0.9185,0.9186,0.9424,0.1610,0.9093,0.2736,0.5961
ddim,0,32,8,0.0108,knn,knn,100000,1200000,0.5900,0.5960,0.5932,0.0751,0.0410,0.0531,0.3245
ddim,0,32,8,0.0108,altered_knn,altered_knn,100000,800000,0.7646,0.7686,0.8338,0.0253,0.3946,0.0476,0.4081
ddim,0,32,8,0.0108,quadratic,quadratic,100000,1200000,0.9187,0.9191,0.9386,0.1825,0.8827,0.3025,0.6108
ddim,0,32,8,0.0108,quadratic_cal,quadratic,100000,1200000,0.9124,0.9127,0.9354,0.1623,0.8885,0.2744,0.5936
ddim,0,32,8,0.0108,polar8,polar,100000,1200000,0.9275,0.9277,0.9475,0.1860,0.9012,0.3084,0.6181
ddim,0,32,8,0.0108,polar8_cal,polar,100000,1200000,0.9202,0.9204,0.9444,0.1595,0.9087,0.2713,0.5959
ddim,100,32,8,0.0106,knn,knn,20000,240000,0.5622,0.5677,0.5647,0.0589,0.0442,0.0505,0.3091
ddim,100,32,8,0.0106,altered_knn,altered_knn,20000,160000,0.7709,0.7745,0.8316,0.0296,0.4322,0.0554,0.4150
ddim,100,32,8,0.0106,quadratic,quadratic,20000,240000,0.8561,0.8558,0.8907,0.1050,0.8774,0.1875,0.5217
ddim,100,32,8,0.0106,quadratic_cal,quadratic,20000,240000,0.8663,0.8663,0.8958,0.1202,0.8608,0.2109,0.5386
ddim,100,32,8,0.0106,polar8,polar,20000,240000,0.9057,0.9058,0.9285,0.1615,0.8968,0.2737,0.5897
ddim,100,32,8,0.0106,polar8_cal,polar,20000,240000,0.8922,0.8920,0.9220,0.1286,0.9104,0.2254,0.5587
ddim,100,32,8,0.0106,knn,knn,50000,600000,0.5688,0.5745,0.5710,0.0572,0.0425,0.0487,0.3116
ddim,100,32,8,0.0106,altered_knn,altered_knn,50000,400000,0.7829,0.7877,0.8339,0.0275,0.3308,0.0508,0.4193
ddim,100,32,8,0.0106,quadratic,quadratic,50000,600000,0.8851,0.8852,0.9142,0.1272,0.8815,0.2223,0.5537
ddim,100,32,8,0.0106,quadratic_cal,quadratic,50000,600000,0.8832,0.8832,0.9132,0.1239,0.8856,0.2174,0.5503
ddim,100,32,8,0.0106,polar8,polar,50000,600000,0.9068,0.9069,0.9321,0.1475,0.8968,0.2533,0.5801
ddim,100,32,8,0.0106,polar8_cal,polar,50000,600000,0.8979,0.8977,0.9279,0.1271,0.9080,0.2229,0.5603
ddim,100,32,8,0.0106,knn,knn,100000,1200000,0.5792,0.5850,0.5815,0.0654,0.0430,0.0519,0.3184
ddim,100,32,8,0.0106,altered_knn,altered_knn,100000,800000,0.6670,0.6679,0.7766,0.0206,0.5837,0.0398,0.3539
ddim,100,32,8,0.0106,quadratic,quadratic,100000,1200000,0.8942,0.8944,0.9201,0.1427,0.8833,0.2457,0.5700
ddim,100,32,8,0.0106,quadratic_cal,quadratic,100000,1200000,0.8862,0.8861,0.9160,0.1266,0.8939,0.2218,0.5539
ddim,100,32,8,0.0106,polar8,polar,100000,1200000,0.9065,0.9066,0.9322,0.1461,0.8998,0.2514,0.5790
ddim,100,32,8,0.0106,polar8_cal,polar,100000,1200000,0.8989,0.8988,0.9288,0.1287,0.9121,0.2256,0.5622
ddim,200,32,8,0.0105,knn,knn,20000,240000,0.5649,0.5705,0.5691,0.0494,0.0375,0.0426,0.3066
ddim,200,32,8,0.0105,altered_knn,altered_knn,20000,160000,0.7967,0.8010,0.8531,0.0308,0.3889,0.0571,0.4290
ddim,200,32,8,0.0105,quadratic,quadratic,20000,240000,0.8731,0.8731,0.9030,0.1200,0.8714,0.2110,0.5420
ddim,200,32,8,0.0105,quadratic_cal,quadratic,20000,240000,0.8809,0.8811,0.9069,0.1351,0.8606,0.2335,0.5573
ddim,200,32,8,0.0105,polar8,polar,20000,240000,0.9243,0.9245,0.9451,0.1755,0.8999,0.2937,0.6091
ddim,200,32,8,0.0105,polar8_cal,polar,20000,240000,0.9141,0.9141,0.9401,0.1465,0.9136,0.2524,0.5833
ddim,200,32,8,0.0105,knn,knn,50000,600000,0.5763,0.5821,0.5803,0.0405,0.0292,0.0339,0.3080
ddim,200,32,8,0.0105,altered_knn,altered_knn,50000,400000,0.7733,0.7776,0.8385,0.0248,0.3675,0.0464,0.4120
ddim,200,32,8,0.0105,quadratic,quadratic,50000,600000,0.9039,0.9041,0.9295,0.1425,0.8809,0.2454,0.5747
ddim,200,32,8,0.0105,quadratic_cal,quadratic,50000,600000,0.9043,0.9045,0.9297,0.1435,0.8809,0.2468,0.5757
ddim,200,32,8,0.0105,polar8,polar,50000,600000,0.9263,0.9265,0.9477,0.1726,0.9011,0.2897,0.6081
ddim,200,32,8,0.0105,polar8_cal,polar,50000,600000,0.9172,0.9172,0.9433,0.1471,0.9208,0.2537,0.5854
ddim,200,32,8,0.0105,knn,knn,100000,1200000,0.5827,0.5885,0.5864,0.0701,0.0435,0.0537,0.3211
ddim,200,32,8,0.0105,altered_knn,altered_knn,100000,800000,0.6695,0.6704,0.7866,0.0201,0.5849,0.0389,0.3547
ddim,200,32,8,0.0105,quadratic,quadratic,100000,1200000,0.9142,0.9145,0.9372,0.1592,0.8886,0.2701,0.5923
ddim,200,32,8,0.0105,quadratic_cal,quadratic,100000,1200000,0.9091,0.9093,0.9345,0.1465,0.8952,0.2518,0.5805
ddim,200,32,8,0.0105,polar8,polar,100000,1200000,0.9269,0.9271,0.9494,0.1671,0.9101,0.2824,0.6047
ddim,200,32,8,0.0105,polar8_cal,polar,100000,1200000,0.9210,0.9210,0.9468,0.1494,0.9202,0.2571,0.5891
ddim,0,32,16,0.0121,knn,knn,20000,480000,0.4465,0.4512,0.4504,0.0491,0.0641,0.0556,0.2534
ddim,0,32,16,0.0121,altered_knn,altered_knn,20000,320000,0.8043,0.8111,0.8316,0.0485,0.2496,0.0813,0.4462
ddim,0,32,16,0.0121,quadratic,quadratic,20000,480000,0.9005,0.9020,0.9132,0.2563,0.7835,0.3863,0.6441
ddim,0,32,16,0.0121,quadratic_cal,quadratic,20000,480000,0.8981,0.8994,0.9120,0.2397,0.7944,0.3682,0.6338
ddim,0,32,16,0.0121,polar8,polar,20000,480000,0.9210,0.9222,0.9326,0.2926,0.8251,0.4320,0.6771
ddim,0,32,16,0.0121,polar8_cal,polar,20000,480000,0.9163,0.9172,0.9306,0.2521,0.8440,0.3882,0.6527
ddim,0,32,16,0.0121,knn,knn,50000,1200000,0.4609,0.4657,0.4645,0.0577,0.0644,0.0609,0.2633
ddim,0,32,16,0.0121,altered_knn,altered_knn,50000,800000,0.7895,0.7964,0.8206,0.0387,0.2300,0.0662,0.4313
ddim,0,32,16,0.0121,quadratic,quadratic,50000,1200000,0.9170,0.9185,0.9289,0.2770,0.7926,0.4105,0.6645
ddim,0,32,16,0.0121,quadratic_cal,quadratic,50000,1200000,0.9120,0.9132,0.9264,0.2413,0.8112,0.3720,0.6426
ddim,0,32,16,0.0121,polar8,polar,50000,1200000,0.9245,0.9256,0.9367,0.2805,0.8347,0.4199,0.6728
ddim,0,32,16,0.0121,polar8_cal,polar,50000,1200000,0.9202,0.9211,0.9352,0.2418,0.8500,0.3765,0.6488
ddim,0,32,16,0.0121,knn,knn,100000,2400000,0.4686,0.4736,0.4722,0.0587,0.0603,0.0595,0.2665
ddim,0,32,16,0.0121,altered_knn,altered_knn,100000,1600000,0.7737,0.7802,0.8116,0.0333,0.2478,0.0587,0.4194
ddim,0,32,16,0.0121,quadratic,quadratic,100000,2400000,0.9209,0.9225,0.9326,0.2843,0.7946,0.4188,0.6706
ddim,0,32,16,0.0121,quadratic_cal,quadratic,100000,2400000,0.9156,0.9168,0.9299,0.2450,0.8151,0.3768,0.6468
ddim,0,32,16,0.0121,polar8,polar,100000,2400000,0.9242,0.9253,0.9366,0.2781,0.8357,0.4173,0.6713
ddim,0,32,16,0.0121,polar8_cal,polar,100000,2400000,0.9202,0.9210,0.9351,0.2434,0.8526,0.3787,0.6498
ddim,100,32,16,0.0111,knn,knn,20000,480000,0.4453,0.4496,0.4500,0.0446,0.0618,0.0518,0.2507
ddim,100,32,16,0.0111,altered_knn,altered_knn,20000,320000,0.7647,0.7685,0.8197,0.0342,0.4269,0.0634,0.4159
ddim,100,32,16,0.0111,quadratic,quadratic,20000,480000,0.8941,0.8953,0.9079,0.2236,0.7926,0.3488,0.6220
ddim,100,32,16,0.0111,quadratic_cal,quadratic,20000,480000,0.8905,0.8915,0.9062,0.2034,0.8042,0.3247,0.6081
ddim,100,32,16,0.0111,polar8,polar,20000,480000,0.9187,0.9197,0.9313,0.2570,0.8341,0.3929,0.6563
ddim,100,32,16,0.0111,polar8_cal,polar,20000,480000,0.9126,0.9133,0.9287,0.2143,0.8547,0.3427,0.6280
ddim,100,32,16,0.0111,knn,knn,50000,1200000,0.4559,0.4603,0.4602,0.0497,0.0626,0.0554,0.2579
ddim,100,32,16,0.0111,altered_knn,altered_knn,50000,800000,0.7388,0.7421,0.8060,0.0285,0.4422,0.0536,0.3979
ddim,100,32,16,0.0111,quadratic,quadratic,50000,1200000,0.9094,0.9106,0.9223,0.2428,0.8019,0.3727,0.6417
ddim,100,32,16,0.0111,quadratic_cal,quadratic,50000,1200000,0.9032,0.9041,0.9192,0.2065,0.8217,0.3301,0.6171
ddim,100,32,16,0.0111,polar8,polar,50000,1200000,0.9142,0.9150,0.9270,0.2441,0.8442,0.3787,0.6468
ddim,100,32,16,0.0111,polar8_cal,polar,50000,1200000,0.9112,0.9118,0.9260,0.2200,0.8544,0.3499,0.6309
ddim,100,32,16,0.0111,knn,knn,100000,2400000,0.4663,0.4708,0.4707,0.0501,0.0573,0.0534,0.2621
ddim,100,32,16,0.0111,altered_knn,altered_knn,100000,1600000,0.7775,0.7840,0.8072,0.0312,0.1989,0.0540,0.4190
ddim,100,32,16,0.0111,quadratic,quadratic,100000,2400000,0.9143,0.9155,0.9271,0.2463,0.8042,0.3772,0.6464
ddim,100,32,16,0.0111,quadratic_cal,quadratic,100000,2400000,0.9075,0.9084,0.9237,0.2070,0.8270,0.3311,0.6197
ddim,100,32,16,0.0111,polar8,polar,100000,2400000,0.9186,0.9194,0.9320,0.2448,0.8454,0.3796,0.6495
ddim,100,32,16,0.0111,polar8_cal,polar,100000,2400000,0.9143,0.9150,0.9304,0.2138,0.8606,0.3425,0.6287
ddim,200,32,16,0.0115,knn,knn,20000,480000,0.4473,0.4517,0.4507,0.0511,0.0660,0.0576,0.2546
ddim,200,32,16,0.0115,altered_knn,altered_knn,20000,320000,0.7887,0.7942,0.8250,0.0409,0.3143,0.0724,0.4333
ddim,200,32,16,0.0115,quadratic,quadratic,20000,480000,0.9014,0.9024,0.9149,0.2393,0.8155,0.3700,0.6362
ddim,200,32,16,0.0115,quadratic_cal,quadratic,20000,480000,0.8991,0.8999,0.9138,0.2252,0.8253,0.3539,0.6269
ddim,200,32,16,0.0115,polar8,polar,20000,480000,0.9226,0.9234,0.9347,0.2727,0.8531,0.4133,0.6683
ddim,200,32,16,0.0115,polar8_cal,polar,20000,480000,0.9170,0.9176,0.9323,0.2305,0.8711,0.3645,0.6411
ddim,200,32,16,0.0115,knn,knn,50000,1200000,0.4597,0.4643,0.4632,0.0522,0.0651,0.0579,0.2611
ddim,200,32,16,0.0115,altered_knn,altered_knn,50000,800000,0.7527,0.7567,0.8114,0.0312,0.4037,0.0580,0.4074
ddim,200,32,16,0.0115,quadratic,quadratic,50000,1200000,0.9133,0.9143,0.9259,0.2576,0.8253,0.3926,0.6535
ddim,200,32,16,0.0115,quadratic_cal,quadratic,50000,1200000,0.9090,0.9098,0.9238,0.2294,0.8392,0.3603,0.6351
ddim,200,32,16,0.0115,polar8,polar,50000,1200000,0.9222,0.9229,0.9350,0.2607,0.8618,0.4003,0.6616
ddim,200,32,16,0.0115,polar8_cal,polar,50000,1200000,0.9185,0.9190,0.9337,0.2308,0.8760,0.3654,0.6422
ddim,200,32,16,0.0115,knn,knn,100000,2400000,0.4666,0.4713,0.4700,0.0592,0.0638,0.0614,0.2663
ddim,200,32,16,0.0115,altered_knn,altered_knn,100000,1600000,0.7534,0.7581,0.8042,0.0310,0.3464,0.0570,0.4076
ddim,200,32,16,0.0115,quadratic,quadratic,100000,2400000,0.9170,0.9181,0.9294,0.2632,0.8277,0.3994,0.6587
ddim,200,32,16,0.0115,quadratic_cal,quadratic,100000,2400000,0.9117,0.9125,0.9268,0.2286,0.8430,0.3597,0.6361
ddim,200,32,16,0.0115,polar8,polar,100000,2400000,0.9176,0.9183,0.9303,0.2573,0.8645,0.3965,0.6574
ddim,200,32,16,0.0115,polar8_cal,polar,100000,2400000,0.9139,0.9143,0.9289,0.2282,0.8787,0.3623,0.6383
ddim,0,64,2,0.0094,knn,knn,20000,60000,0.8720,0.8802,0.8765,0.0444,0.0053,0.0095,0.4449
ddim,0,64,2,0.0094,altered_knn,altered_knn,20000,40000,0.6451,0.6458,0.7828,0.0150,0.5680,0.0291,0.3375
ddim,0,64,2,0.0094,quadratic,quadratic,20000,60000,0.2166,0.2093,0.3452,0.0117,0.9893,0.0232,0.1162
ddim,0,64,2,0.0094,quadratic_cal,quadratic,20000,60000,0.6278,0.6254,0.7579,0.0233,0.8827,0.0453,0.3354
ddim,0,64,2,0.0094,polar8,polar,20000,60000,0.7095,0.7069,0.8191,0.0330,0.9867,0.0638,0.3854
ddim,0,64,2,0.0094,polar8_cal,polar,20000,60000,0.6325,0.6291,0.7663,0.0254,0.9867,0.0496,0.3394
ddim,0,64,2,0.0094,knn,knn,50000,150000,0.8753,0.8836,0.8797,0.0333,0.0027,0.0049,0.4443
ddim,0,64,2,0.0094,altered_knn,altered_knn,50000,100000,0.6665,0.6674,0.7986,0.0159,0.5680,0.0309,0.3492
ddim,0,64,2,0.0094,quadratic,quadratic,50000,150000,0.2152,0.2079,0.3435,0.0117,0.9920,0.0232,0.1155
ddim,0,64,2,0.0094,quadratic_cal,quadratic,50000,150000,0.6350,0.6325,0.7659,0.0238,0.9013,0.0464,0.3395
ddim,0,64,2,0.0094,polar8,polar,50000,150000,0.6992,0.6965,0.8149,0.0311,0.9867,0.0603,0.3784
ddim,0,64,2,0.0094,polar8_cal,polar,50000,150000,0.6415,0.6382,0.7746,0.0258,0.9867,0.0503,0.3443
ddim,0,64,2,0.0094,knn,knn,100000,300000,0.8761,0.8844,0.8804,0.0000,0.0000,0.0000,0.4422
ddim,0,64,2,0.0094,altered_knn,altered_knn,100000,200000,0.6561,0.6570,0.7910,0.0154,0.5680,0.0300,0.3435
ddim,0,64,2,0.0094,quadratic,quadratic,100000,300000,0.2406,0.2335,0.3782,0.0121,0.9920,0.0239,0.1287
ddim,0,64,2,0.0094,quadratic_cal,quadratic,100000,300000,0.6457,0.6430,0.7776,0.0247,0.9280,0.0481,0.3455
ddim,0,64,2,0.0094,polar8,polar,100000,300000,0.7045,0.7018,0.8185,0.0317,0.9867,0.0614,0.3816
ddim,0,64,2,0.0094,polar8_cal,polar,100000,300000,0.6429,0.6397,0.7754,0.0260,0.9867,0.0506,0.3451
ddim,100,64,2,0.0113,knn,knn,20000,60000,0.8499,0.8595,0.8551,0.0889,0.0089,0.0161,0.4378
ddim,100,64,2,0.0113,altered_knn,altered_knn,20000,40000,0.5828,0.5820,0.7338,0.0174,0.6475,0.0338,0.3079
ddim,100,64,2,0.0113,quadratic,quadratic,20000,60000,0.1778,0.1684,0.2876,0.0135,0.9956,0.0267,0.0976
ddim,100,64,2,0.0113,quadratic_cal,quadratic,20000,60000,0.6075,0.6042,0.7424,0.0266,0.8980,0.0517,0.3279
ddim,100,64,2,0.0113,polar8,polar,20000,60000,0.6860,0.6825,0.8044,0.0359,0.9911,0.0694,0.3759
ddim,100,64,2,0.0113,polar8_cal,polar,20000,60000,0.6244,0.6202,0.7605,0.0297,0.9911,0.0577,0.3389
ddim,100,64,2,0.0113,knn,knn,50000,150000,0.8504,0.8600,0.8555,0.0488,0.0044,0.0081,0.4341
ddim,100,64,2,0.0113,altered_knn,altered_knn,50000,100000,0.5859,0.5852,0.7364,0.0173,0.6408,0.0337,0.3095
ddim,100,64,2,0.0113,quadratic,quadratic,50000,150000,0.1793,0.1700,0.2901,0.0136,0.9978,0.0267,0.0984
ddim,100,64,2,0.0113,quadratic_cal,quadratic,50000,150000,0.6173,0.6140,0.7531,0.0270,0.9024,0.0524,0.3332
ddim,100,64,2,0.0113,polar8,polar,50000,150000,0.6807,0.6772,0.8024,0.0349,0.9911,0.0675,0.3723
ddim,100,64,2,0.0113,polar8_cal,polar,50000,150000,0.6208,0.6166,0.7591,0.0292,0.9911,0.0567,0.3367
ddim,100,64,2,0.0113,knn,knn,100000,300000,0.8553,0.8650,0.8602,0.0333,0.0022,0.0042,0.4346
ddim,100,64,2,0.0113,altered_knn,altered_knn,100000,200000,0.5976,0.5970,0.7457,0.0181,0.6497,0.0351,0.3161
ddim,100,64,2,0.0113,quadratic,quadratic,100000,300000,0.2033,0.1943,0.3250,0.0139,0.9978,0.0275,0.1109
ddim,100,64,2,0.0113,quadratic_cal,quadratic,100000,300000,0.6298,0.6266,0.7665,0.0278,0.9180,0.0540,0.3403
ddim,100,64,2,0.0113,polar8,polar,100000,300000,0.6805,0.6770,0.8038,0.0346,0.9911,0.0668,0.3719
ddim,100,64,2,0.0113,polar8_cal,polar,100000,300000,0.6213,0.6171,0.7605,0.0291,0.9911,0.0565,0.3368
ddim,200,64,2,0.0099,knn,knn,20000,60000,0.8510,0.8595,0.8554,0.0000,0.0000,0.0000,0.4297
ddim,200,64,2,0.0099,altered_knn,altered_knn,20000,40000,0.6186,0.6190,0.7627,0.0148,0.5693,0.0288,0.3239
ddim,200,64,2,0.0099,quadratic,quadratic,20000,60000,0.1881,0.1799,0.3041,0.0121,0.9975,0.0239,0.1019
ddim,200,64,2,0.0099,quadratic_cal,quadratic,20000,60000,0.6065,0.6037,0.7406,0.0234,0.8866,0.0456,0.3246
ddim,200,64,2,0.0099,polar8,polar,20000,60000,0.6905,0.6875,0.8049,0.0327,0.9849,0.0633,0.3754
ddim,200,64,2,0.0099,polar8_cal,polar,20000,60000,0.6224,0.6187,0.7578,0.0264,0.9924,0.0514,0.3351
ddim,200,64,2,0.0099,knn,knn,50000,150000,0.8578,0.8663,0.8622,0.0870,0.0050,0.0095,0.4379
ddim,200,64,2,0.0099,altered_knn,altered_knn,50000,100000,0.6288,0.6290,0.7704,0.0161,0.6045,0.0313,0.3302
ddim,200,64,2,0.0099,quadratic,quadratic,50000,150000,0.1897,0.1816,0.3067,0.0121,1.0000,0.0240,0.1028
ddim,200,64,2,0.0099,quadratic_cal,quadratic,50000,150000,0.6143,0.6114,0.7496,0.0240,0.9068,0.0467,0.3291
ddim,200,64,2,0.0099,polar8,polar,50000,150000,0.6891,0.6862,0.8084,0.0317,0.9874,0.0614,0.3738
ddim,200,64,2,0.0099,polar8_cal,polar,50000,150000,0.6278,0.6242,0.7645,0.0264,0.9924,0.0514,0.3378
ddim,200,64,2,0.0099,knn,knn,100000,300000,0.8615,0.8701,0.8659,0.0000,0.0000,0.0000,0.4351
ddim,200,64,2,0.0099,altered_knn,altered_knn,100000,200000,0.6125,0.6126,0.7579,0.0153,0.5995,0.0298,0.3212
ddim,200,64,2,0.0099,quadratic,quadratic,100000,300000,0.2137,0.2058,0.3410,0.0125,1.0000,0.0247,0.1153
ddim,200,64,2,0.0099,quadratic_cal,quadratic,100000,300000,0.6250,0.6219,0.7619,0.0247,0.9320,0.0482,0.3350
ddim,200,64,2,0.0099,polar8,polar,100000,300000,0.6894,0.6864,0.8093,0.0315,0.9849,0.0610,0.3737
ddim,200,64,2,0.0099,polar8_cal,polar,100000,300000,0.6264,0.6227,0.7640,0.0261,0.9899,0.0509,0.3368
ddim,0,64,4,0.0096,knn,knn,20000,120000,0.7366,0.7436,0.7397,0.0498,0.0143,0.0223,0.3829
ddim,0,64,4,0.0096,altered_knn,altered_knn,20000,80000,0.5925,0.5915,0.7406,0.0163,0.6975,0.0318,0.3116
ddim,0,64,4,0.0096,quadratic,quadratic,20000,120000,0.3660,0.3600,0.5230,0.0151,0.9870,0.0297,0.1948
ddim,0,64,4,0.0096,quadratic_cal,quadratic,20000,120000,0.6969,0.6947,0.7932,0.0343,0.9166,0.0661,0.3804
ddim,0,64,4,0.0096,polar8,polar,20000,120000,0.7607,0.7586,0.8457,0.0437,0.9739,0.0836,0.4211
ddim,0,64,4,0.0096,polar8_cal,polar,20000,120000,0.7170,0.7144,0.8188,0.0359,0.9831,0.0693,0.3918
ddim,0,64,4,0.0096,knn,knn,50000,300000,0.7446,0.7517,0.7475,0.0171,0.0039,0.0064,0.3791
ddim,0,64,4,0.0096,altered_knn,altered_knn,50000,200000,0.5247,0.5220,0.6837,0.0161,0.8096,0.0316,0.2768
ddim,0,64,4,0.0096,quadratic,quadratic,50000,300000,0.3957,0.3900,0.5568,0.0157,0.9883,0.0309,0.2104
ddim,0,64,4,0.0096,quadratic_cal,quadratic,50000,300000,0.7139,0.7117,0.8151,0.0344,0.9387,0.0663,0.3890
ddim,0,64,4,0.0096,polar8,polar,50000,300000,0.7651,0.7631,0.8540,0.0424,0.9739,0.0812,0.4221
ddim,0,64,4,0.0096,polar8_cal,polar,50000,300000,0.7268,0.7243,0.8298,0.0359,0.9804,0.0693,0.3968
ddim,0,64,4,0.0096,knn,knn,100000,600000,0.7497,0.7569,0.7531,0.0286,0.0065,0.0106,0.3838
ddim,0,64,4,0.0096,altered_knn,altered_knn,100000,400000,0.5160,0.5130,0.6761,0.0162,0.8292,0.0318,0.2724
ddim,0,64,4,0.0096,quadratic,quadratic,100000,600000,0.4979,0.4932,0.6563,0.0188,0.9844,0.0369,0.2651
ddim,0,64,4,0.0096,quadratic_cal,quadratic,100000,600000,0.7280,0.7257,0.8308,0.0355,0.9661,0.0685,0.3971
ddim,0,64,4,0.0096,polar8,polar,100000,600000,0.7676,0.7656,0.8546,0.0430,0.9700,0.0824,0.4240
ddim,0,64,4,0.0096,polar8_cal,polar,100000,600000,0.7248,0.7223,0.8278,0.0359,0.9804,0.0692,0.3957
ddim,100,64,4,0.0114,knn,knn,20000,120000,0.7194,0.7276,0.7244,0.0221,0.0066,0.0102,0.3689
ddim,100,64,4,0.0114,altered_knn,altered_knn,20000,80000,0.5498,0.5476,0.7058,0.0186,0.7437,0.0362,0.2919
ddim,100,64,4,0.0114,quadratic,quadratic,20000,120000,0.3247,0.3174,0.4768,0.0162,0.9582,0.0318,0.1746
ddim,100,64,4,0.0114,quadratic_cal,quadratic,20000,120000,0.6711,0.6694,0.7767,0.0327,0.8207,0.0629,0.3661
ddim,100,64,4,0.0114,polar8,polar,20000,120000,0.7511,0.7493,0.8425,0.0449,0.9087,0.0856,0.4174
ddim,100,64,4,0.0114,polar8_cal,polar,20000,120000,0.7054,0.7030,0.8137,0.0373,0.9197,0.0717,0.3873
ddim,100,64,4,0.0114,knn,knn,50000,300000,0.7289,0.7370,0.7339,0.0565,0.0154,0.0242,0.3806
ddim,100,64,4,0.0114,altered_knn,altered_knn,50000,200000,0.5734,0.5714,0.7252,0.0197,0.7492,0.0384,0.3049
ddim,100,64,4,0.0114,quadratic,quadratic,50000,300000,0.3563,0.3494,0.5143,0.0169,0.9582,0.0331,0.1912
ddim,100,64,4,0.0114,quadratic_cal,quadratic,50000,300000,0.6953,0.6935,0.8035,0.0342,0.8526,0.0658,0.3797
ddim,100,64,4,0.0114,polar8,polar,50000,300000,0.7593,0.7576,0.8526,0.0445,0.9076,0.0849,0.4212
ddim,100,64,4,0.0114,polar8_cal,polar,50000,300000,0.7111,0.7087,0.8215,0.0368,0.9175,0.0708,0.3898
ddim,100,64,4,0.0114,knn,knn,100000,600000,0.7347,0.7430,0.7395,0.0503,0.0099,0.0165,0.3798
ddim,100,64,4,0.0114,altered_knn,altered_knn,100000,400000,0.5658,0.5634,0.7189,0.0199,0.7701,0.0388,0.3011
ddim,100,64,4,0.0114,quadratic,quadratic,100000,600000,0.4575,0.4518,0.6183,0.0198,0.9461,0.0387,0.2453
ddim,100,64,4,0.0114,quadratic_cal,quadratic,100000,600000,0.7072,0.7053,0.8172,0.0353,0.8779,0.0678,0.3866
ddim,100,64,4,0.0114,polar8,polar,100000,600000,0.7540,0.7523,0.8488,0.0435,0.9054,0.0831,0.4177
ddim,100,64,4,0.0114,polar8_cal,polar,100000,600000,0.7114,0.7091,0.8211,0.0369,0.9142,0.0710,0.3900
ddim,200,64,4,0.0110,knn,knn,20000,120000,0.7307,0.7388,0.7351,0.0370,0.0090,0.0145,0.3767
ddim,200,64,4,0.0110,altered_knn,altered_knn,20000,80000,0.5701,0.5684,0.7230,0.0184,0.7251,0.0360,0.3022
ddim,200,64,4,0.0110,quadratic,quadratic,20000,120000,0.3537,0.3467,0.5079,0.0169,0.9785,0.0332,0.1899
ddim,200,64,4,0.0110,quadratic_cal,quadratic,20000,120000,0.6822,0.6799,0.7811,0.0364,0.8846,0.0700,0.3749
ddim,200,64,4,0.0110,polar8,polar,20000,120000,0.7604,0.7584,0.8473,0.0473,0.9367,0.0901,0.4243
ddim,200,64,4,0.0110,polar8_cal,polar,20000,120000,0.7170,0.7144,0.8203,0.0393,0.9491,0.0756,0.3950
ddim,200,64,4,0.0110,knn,knn,50000,300000,0.7414,0.7496,0.7458,0.0405,0.0079,0.0132,0.3814
ddim,200,64,4,0.0110,altered_knn,altered_knn,50000,200000,0.5182,0.5149,0.6783,0.0184,0.8133,0.0360,0.2754
ddim,200,64,4,0.0110,quadratic,quadratic,50000,300000,0.3878,0.3812,0.5472,0.0177,0.9785,0.0347,0.2080
ddim,200,64,4,0.0110,quadratic_cal,quadratic,50000,300000,0.7088,0.7066,0.8109,0.0376,0.9061,0.0722,0.3894
ddim,200,64,4,0.0110,polar8,polar,50000,300000,0.7680,0.7661,0.8566,0.0470,0.9355,0.0895,0.4278
ddim,200,64,4,0.0110,polar8_cal,polar,50000,300000,0.7283,0.7258,0.8314,0.0398,0.9457,0.0764,0.4011
ddim,200,64,4,0.0110,knn,knn,100000,600000,0.7442,0.7525,0.7487,0.0267,0.0045,0.0077,0.3801
ddim,200,64,4,0.0110,altered_knn,altered_knn,100000,400000,0.5072,0.5035,0.6684,0.0185,0.8394,0.0363,0.2699
ddim,200,64,4,0.0110,quadratic,quadratic,100000,600000,0.4907,0.4853,0.6493,0.0211,0.9751,0.0413,0.2633
ddim,200,64,4,0.0110,quadratic_cal,quadratic,100000,600000,0.7217,0.7194,0.8272,0.0381,0.9265,0.0731,0.3962
ddim,200,64,4,0.0110,polar8,polar,100000,600000,0.7690,0.7671,0.8597,0.0461,0.9344,0.0879,0.4275
ddim,200,64,4,0.0110,polar8_cal,polar,100000,600000,0.7312,0.7289,0.8358,0.0394,0.9423,0.0757,0.4023
ddim,0,64,8,0.0101,knn,knn,20000,240000,0.6105,0.6165,0.6140,0.0331,0.0249,0.0284,0.3224
ddim,0,64,8,0.0101,altered_knn,altered_knn,20000,160000,0.6039,0.6025,0.7470,0.0188,0.7464,0.0367,0.3196
ddim,0,64,8,0.0101,quadratic,quadratic,20000,240000,0.5303,0.5263,0.6694,0.0215,0.9291,0.0420,0.2841
ddim,0,64,8,0.0101,quadratic_cal,quadratic,20000,240000,0.7262,0.7250,0.7997,0.0433,0.8465,0.0823,0.4036
ddim,0,64,8,0.0101,polar8,polar,20000,240000,0.8062,0.8057,0.8666,0.0576,0.8602,0.1080,0.4568
ddim,0,64,8,0.0101,polar8_cal,polar,20000,240000,0.7700,0.7690,0.8457,0.0462,0.8763,0.0877,0.4284
ddim,0,64,8,0.0101,knn,knn,50000,600000,0.6207,0.6268,0.6240,0.0360,0.0249,0.0294,0.3281
ddim,0,64,8,0.0101,altered_knn,altered_knn,50000,400000,0.6050,0.6032,0.7478,0.0198,0.7837,0.0386,0.3209
ddim,0,64,8,0.0101,quadratic,quadratic,50000,600000,0.6293,0.6264,0.7553,0.0264,0.9155,0.0513,0.3388
ddim,0,64,8,0.0101,quadratic_cal,quadratic,50000,600000,0.7683,0.7673,0.8451,0.0450,0.8670,0.0856,0.4264
ddim,0,64,8,0.0101,polar8,polar,50000,600000,0.8161,0.8157,0.8795,0.0561,0.8620,0.1054,0.4605
ddim,0,64,8,0.0101,polar8_cal,polar,50000,600000,0.7828,0.7819,0.8604,0.0460,0.8738,0.0873,0.4346
ddim,0,64,8,0.0101,knn,knn,100000,1200000,0.6288,0.6349,0.6316,0.0379,0.0218,0.0276,0.3313
ddim,0,64,8,0.0101,altered_knn,altered_knn,100000,800000,0.5992,0.5974,0.7432,0.0195,0.7843,0.0381,0.3177
ddim,0,64,8,0.0101,quadratic,quadratic,100000,1200000,0.7243,0.7226,0.8211,0.0360,0.8912,0.0692,0.3959
ddim,0,64,8,0.0101,quadratic_cal,quadratic,100000,1200000,0.7742,0.7731,0.8516,0.0454,0.8745,0.0863,0.4297
ddim,0,64,8,0.0101,polar8,polar,100000,1200000,0.8119,0.8114,0.8756,0.0557,0.8614,0.1046,0.4580
ddim,0,64,8,0.0101,polar8_cal,polar,100000,1200000,0.7804,0.7794,0.8573,0.0460,0.8713,0.0874,0.4334
ddim,100,64,8,0.0115,knn,knn,20000,240000,0.6076,0.6145,0.6130,0.0311,0.0206,0.0248,0.3196
ddim,100,64,8,0.0115,altered_knn,altered_knn,20000,160000,0.6016,0.5998,0.7457,0.0217,0.7588,0.0422,0.3210
ddim,100,64,8,0.0115,quadratic,quadratic,20000,240000,0.5266,0.5221,0.6649,0.0240,0.9098,0.0467,0.2844
ddim,100,64,8,0.0115,quadratic_cal,quadratic,20000,240000,0.7281,0.7270,0.7988,0.0497,0.8218,0.0938,0.4104
ddim,100,64,8,0.0115,polar8,polar,20000,240000,0.8090,0.8084,0.8716,0.0636,0.8566,0.1185,0.4635
ddim,100,64,8,0.0115,polar8_cal,polar,20000,240000,0.7793,0.7782,0.8545,0.0533,0.8724,0.1005,0.4394
ddim,100,64,8,0.0115,knn,knn,50000,600000,0.6186,0.6256,0.6240,0.0303,0.0190,0.0234,0.3245
ddim,100,64,8,0.0115,altered_knn,altered_knn,50000,400000,0.5991,0.5970,0.7435,0.0220,0.7762,0.0429,0.3199
ddim,100,64,8,0.0115,quadratic,quadratic,50000,600000,0.6270,0.6238,0.7523,0.0296,0.9011,0.0573,0.3406
ddim,100,64,8,0.0115,quadratic_cal,quadratic,50000,600000,0.7705,0.7696,0.8452,0.0517,0.8517,0.0975,0.4335
ddim,100,64,8,0.0115,polar8,polar,50000,600000,0.8161,0.8156,0.8797,0.0632,0.8555,0.1177,0.4667
ddim,100,64,8,0.0115,polar8_cal,polar,50000,600000,0.7859,0.7849,0.8622,0.0531,0.8729,0.1001,0.4425
ddim,100,64,8,0.0115,knn,knn,100000,1200000,0.6244,0.6315,0.6295,0.0328,0.0174,0.0227,0.3271
ddim,100,64,8,0.0115,altered_knn,altered_knn,100000,800000,0.5985,0.5965,0.7431,0.0220,0.7768,0.0428,0.3196
ddim,100,64,8,0.0115,quadratic,quadratic,100000,1200000,0.7235,0.7216,0.8213,0.0402,0.8821,0.0769,0.3993
ddim,100,64,8,0.0115,quadratic_cal,quadratic,100000,1200000,0.7830,0.7821,0.8580,0.0530,0.8626,0.0999,0.4410
ddim,100,64,8,0.0115,polar8,polar,100000,1200000,0.8142,0.8138,0.8790,0.0618,0.8533,0.1153,0.4645
ddim,100,64,8,0.0115,polar8_cal,polar,100000,1200000,0.7855,0.7846,0.8622,0.0527,0.8696,0.0993,0.4420
ddim,200,64,8,0.0112,knn,knn,20000,240000,0.6112,0.6178,0.6161,0.0367,0.0234,0.0286,0.3232
ddim,200,64,8,0.0112,altered_knn,altered_knn,20000,160000,0.6067,0.6053,0.7509,0.0208,0.7349,0.0404,0.3228
ddim,200,64,8,0.0112,quadratic,quadratic,20000,240000,0.5378,0.5333,0.6756,0.0245,0.9369,0.0478,0.2905
ddim,200,64,8,0.0112,quadratic_cal,quadratic,20000,240000,0.7376,0.7364,0.8077,0.0508,0.8449,0.0959,0.4161
ddim,200,64,8,0.0112,polar8,polar,20000,240000,0.8169,0.8162,0.8784,0.0649,0.8772,0.1208,0.4685
ddim,200,64,8,0.0112,polar8_cal,polar,20000,240000,0.7864,0.7852,0.8609,0.0539,0.8923,0.1016,0.4434
ddim,200,64,8,0.0112,knn,knn,50000,600000,0.6229,0.6297,0.6276,0.0360,0.0201,0.0258,0.3277
ddim,200,64,8,0.0112,altered_knn,altered_knn,50000,400000,0.6103,0.6087,0.7538,0.0214,0.7528,0.0417,0.3252
ddim,200,64,8,0.0112,quadratic,quadratic,50000,600000,0.6384,0.6351,0.7622,0.0305,0.9280,0.0590,0.3471
ddim,200,64,8,0.0112,quadratic_cal,quadratic,50000,600000,0.7790,0.7780,0.8527,0.0530,0.8739,0.0999,0.4389
ddim,200,64,8,0.0112,polar8,polar,50000,600000,0.8237,0.8232,0.8866,0.0641,0.8750,0.1195,0.4713
ddim,200,64,8,0.0112,polar8_cal,polar,50000,600000,0.7952,0.7942,0.8702,0.0541,0.8895,0.1021,0.4481
ddim,200,64,8,0.0112,knn,knn,100000,1200000,0.6282,0.6351,0.6328,0.0353,0.0184,0.0242,0.3297
ddim,200,64,8,0.0112,altered_knn,altered_knn,100000,800000,0.6046,0.6028,0.7493,0.0215,0.7679,0.0419,0.3223
ddim,200,64,8,0.0112,quadratic,quadratic,100000,1200000,0.7329,0.7309,0.8287,0.0416,0.9102,0.0796,0.4053
ddim,200,64,8,0.0112,quadratic_cal,quadratic,100000,1200000,0.7901,0.7890,0.8636,0.0547,0.8901,0.1030,0.4460
ddim,200,64,8,0.0112,polar8,polar,100000,1200000,0.8198,0.8192,0.8834,0.0632,0.8750,0.1179,0.4685
ddim,200,64,8,0.0112,polar8_cal,polar,100000,1200000,0.7918,0.7907,0.8671,0.0536,0.8878,0.1011,0.4459
ddim,0,64,16,0.0116,knn,knn,20000,480000,0.4907,0.4960,0.4950,0.0302,0.0360,0.0329,0.2644
ddim,0,64,16,0.0116,altered_knn,altered_knn,20000,320000,0.7039,0.7048,0.8144,0.0260,0.6275,0.0499,0.3774
ddim,0,64,16,0.0116,quadratic,quadratic,20000,480000,0.7070,0.7052,0.7923,0.0437,0.8624,0.0831,0.3941
ddim,0,64,16,0.0116,quadratic_cal,quadratic,20000,480000,0.7840,0.7837,0.8349,0.0708,0.8140,0.1302,0.4569
ddim,0,64,16,0.0116,polar8,polar,20000,480000,0.8464,0.8468,0.8867,0.0940,0.8159,0.1685,0.5076
ddim,0,64,16,0.0116,polar8_cal,polar,20000,480000,0.8219,0.8217,0.8736,0.0752,0.8377,0.1380,0.4798
ddim,0,64,16,0.0116,knn,knn,50000,1200000,0.5044,0.5099,0.5089,0.0314,0.0339,0.0326,0.2712
ddim,0,64,16,0.0116,altered_knn,altered_knn,50000,800000,0.6417,0.6404,0.7735,0.0244,0.7455,0.0472,0.3438
ddim,0,64,16,0.0116,quadratic,quadratic,50000,1200000,0.7853,0.7846,0.8507,0.0594,0.8471,0.1111,0.4478
ddim,0,64,16,0.0116,quadratic_cal,quadratic,50000,1200000,0.8133,0.8131,0.8663,0.0725,0.8312,0.1333,0.4732
ddim,0,64,16,0.0116,polar8,polar,50000,1200000,0.8427,0.8430,0.8855,0.0898,0.8202,0.1618,0.5024
ddim,0,64,16,0.0116,polar8_cal,polar,50000,1200000,0.8186,0.8184,0.8724,0.0729,0.8390,0.1341,0.4762
ddim,0,64,16,0.0116,knn,knn,100000,2400000,0.5150,0.5206,0.5192,0.0319,0.0312,0.0315,0.2761
ddim,0,64,16,0.0116,altered_knn,altered_knn,100000,1600000,0.6373,0.6358,0.7702,0.0246,0.7608,0.0476,0.3417
ddim,0,64,16,0.0116,quadratic,quadratic,100000,2400000,0.8272,0.8271,0.8795,0.0747,0.8326,0.1371,0.4821
ddim,0,64,16,0.0116,quadratic_cal,quadratic,100000,2400000,0.8248,0.8247,0.8782,0.0733,0.8336,0.1348,0.4797
ddim,0,64,16,0.0116,polar8,polar,100000,2400000,0.8439,0.8441,0.8880,0.0875,0.8218,0.1581,0.5011
ddim,0,64,16,0.0116,polar8_cal,polar,100000,2400000,0.8234,0.8232,0.8768,0.0736,0.8377,0.1353,0.4792
ddim,100,64,16,0.0120,knn,knn,20000,480000,0.4866,0.4921,0.4917,0.0310,0.0363,0.0334,0.2628
ddim,100,64,16,0.0120,altered_knn,altered_knn,20000,320000,0.6253,0.6237,0.7616,0.0242,0.7531,0.0469,0.3353
ddim,100,64,16,0.0120,quadratic,quadratic,20000,480000,0.6946,0.6923,0.7837,0.0434,0.8805,0.0827,0.3875
ddim,100,64,16,0.0120,quadratic_cal,quadratic,20000,480000,0.7808,0.7802,0.8321,0.0730,0.8275,0.1342,0.4572
ddim,100,64,16,0.0120,polar8,polar,20000,480000,0.8461,0.8462,0.8887,0.0940,0.8369,0.1690,0.5076
ddim,100,64,16,0.0120,polar8_cal,polar,20000,480000,0.8217,0.8213,0.8757,0.0758,0.8546,0.1393,0.4803
ddim,100,64,16,0.0120,knn,knn,50000,1200000,0.4986,0.5042,0.5039,0.0300,0.0337,0.0317,0.2680
ddim,100,64,16,0.0120,altered_knn,altered_knn,50000,800000,0.6303,0.6287,0.7655,0.0247,0.7586,0.0479,0.3383
ddim,100,64,16,0.0120,quadratic,quadratic,50000,1200000,0.7791,0.7781,0.8477,0.0592,0.8638,0.1108,0.4444
ddim,100,64,16,0.0120,quadratic_cal,quadratic,50000,1200000,0.8128,0.8124,0.8665,0.0744,0.8450,0.1368,0.4746
ddim,100,64,16,0.0120,polar8,polar,50000,1200000,0.8509,0.8510,0.8957,0.0906,0.8390,0.1636,0.5073
ddim,100,64,16,0.0120,polar8_cal,polar,50000,1200000,0.8274,0.8271,0.8829,0.0744,0.8526,0.1368,0.4820
ddim,100,64,16,0.0120,knn,knn,100000,2400000,0.5051,0.5108,0.5101,0.0293,0.0292,0.0293,0.2700
ddim,100,64,16,0.0120,altered_knn,altered_knn,100000,1600000,0.6243,0.6226,0.7613,0.0245,0.7675,0.0476,0.3351
ddim,100,64,16,0.0120,quadratic,quadratic,100000,2400000,0.8219,0.8216,0.8767,0.0744,0.8486,0.1368,0.4792
ddim,100,64,16,0.0120,quadratic_cal,quadratic,100000,2400000,0.8227,0.8223,0.8771,0.0748,0.8479,0.1374,0.4799
ddim,100,64,16,0.0120,polar8,polar,100000,2400000,0.8380,0.8380,0.8838,0.0878,0.8419,0.1590,0.4985
ddim,100,64,16,0.0120,polar8_cal,polar,100000,2400000,0.8187,0.8183,0.8731,0.0748,0.8531,0.1376,0.4779
ddim,200,64,16,0.0124,knn,knn,20000,480000,0.4905,0.4963,0.4952,0.0295,0.0324,0.0309,0.2636
ddim,200,64,16,0.0124,altered_knn,altered_knn,20000,320000,0.6314,0.6303,0.7665,0.0243,0.7160,0.0471,0.3387
ddim,200,64,16,0.0124,quadratic,quadratic,20000,480000,0.7092,0.7068,0.7940,0.0484,0.8949,0.0919,0.3994
ddim,200,64,16,0.0124,quadratic_cal,quadratic,20000,480000,0.7900,0.7892,0.8385,0.0817,0.8477,0.1490,0.4691
ddim,200,64,16,0.0124,polar8,polar,20000,480000,0.8493,0.8492,0.8898,0.1037,0.8575,0.1851,0.5171
ddim,200,64,16,0.0124,polar8_cal,polar,20000,480000,0.8253,0.8247,0.8769,0.0833,0.8723,0.1520,0.4883
ddim,200,64,16,0.0124,knn,knn,50000,1200000,0.5031,0.5091,0.5078,0.0293,0.0292,0.0292,0.2691
ddim,200,64,16,0.0124,altered_knn,altered_knn,50000,800000,0.6395,0.6382,0.7726,0.0256,0.7386,0.0495,0.3439
ddim,200,64,16,0.0124,quadratic,quadratic,50000,1200000,0.7901,0.7889,0.8549,0.0664,0.8829,0.1235,0.4562
ddim,200,64,16,0.0124,quadratic_cal,quadratic,50000,1200000,0.8196,0.8189,0.8712,0.0825,0.8708,0.1507,0.4848
ddim,200,64,16,0.0124,polar8,polar,50000,1200000,0.8551,0.8551,0.8977,0.1004,0.8593,0.1799,0.5175
ddim,200,64,16,0.0124,polar8_cal,polar,50000,1200000,0.8332,0.8327,0.8858,0.0829,0.8723,0.1514,0.4921
ddim,200,64,16,0.0124,knn,knn,100000,2400000,0.5124,0.5184,0.5170,0.0391,0.0342,0.0365,0.2775
ddim,200,64,16,0.0124,altered_knn,altered_knn,100000,1600000,0.7301,0.7314,0.8309,0.0310,0.6248,0.0591,0.3952
ddim,200,64,16,0.0124,quadratic,quadratic,100000,2400000,0.8322,0.8317,0.8840,0.0833,0.8683,0.1520,0.4919
ddim,200,64,16,0.0124,quadratic_cal,quadratic,100000,2400000,0.8304,0.8299,0.8830,0.0822,0.8693,0.1501,0.4900
ddim,200,64,16,0.0124,polar8,polar,100000,2400000,0.8474,0.8472,0.8917,0.0968,0.8610,0.1740,0.5106
ddim,200,64,16,0.0124,polar8_cal,polar,100000,2400000,0.8294,0.8289,0.8819,0.0830,0.8726,0.1517,0.4903
