sampler,d,K,n_seeds,hall_gt,hall_gt_std,model,arch,n_per_mode,n_anchors,full_acc,full_acc_std,mode_acc,mode_acc_std,mode_f1,mode_f1_std,hall_prec,hall_prec_std,hall_rec,hall_rec_std,hall_f1,hall_f1_std,balanced,balanced_std
rk45,2,2,3,0.0107,0.0004,knn,knn,2000,6000,0.9839,0.0010,0.9867,0.0009,0.9912,0.0005,0.3964,0.0178,0.7274,0.0102,0.5130,0.0164,0.7498,0.0086
rk45,2,2,3,0.0107,0.0004,altered_knn,altered_knn,2000,4000,0.9716,0.0010,0.9800,0.0011,0.9845,0.0006,0.1083,0.0173,0.1991,0.0189,0.1401,0.0189,0.5600,0.0100
rk45,2,2,3,0.0107,0.0004,quadratic,quadratic,2000,6000,0.9884,0.0010,0.9929,0.0007,0.9927,0.0008,0.5945,0.0227,0.5718,0.0364,0.5827,0.0291,0.7878,0.0146
rk45,2,2,3,0.0107,0.0004,polar3,polar,2000,6000,0.9956,0.0009,0.9970,0.0008,0.9976,0.0007,0.7815,0.0216,0.8671,0.0341,0.8216,0.0204,0.9093,0.0105
rk45,2,2,3,0.0107,0.0004,knn,knn,5000,15000,0.9900,0.0006,0.9921,0.0007,0.9947,0.0004,0.5338,0.0196,0.8009,0.0257,0.6401,0.0114,0.8161,0.0060
rk45,2,2,3,0.0107,0.0004,altered_knn,altered_knn,5000,10000,0.9761,0.0008,0.9840,0.0011,0.9876,0.0004,0.1474,0.0210,0.2444,0.0247,0.1835,0.0216,0.5838,0.0112
rk45,2,2,3,0.0107,0.0004,quadratic,quadratic,5000,15000,0.9876,0.0015,0.9922,0.0017,0.9919,0.0016,0.5962,0.0115,0.5657,0.0336,0.5802,0.0221,0.7862,0.0104
rk45,2,2,3,0.0107,0.0004,polar3,polar,5000,15000,0.9955,0.0009,0.9969,0.0008,0.9975,0.0007,0.7781,0.0196,0.8639,0.0325,0.8184,0.0193,0.9076,0.0100
rk45,2,2,3,0.0107,0.0004,knn,knn,10000,30000,0.9931,0.0007,0.9948,0.0005,0.9964,0.0005,0.6471,0.0201,0.8370,0.0289,0.7296,0.0186,0.8622,0.0095
rk45,2,2,3,0.0107,0.0004,altered_knn,altered_knn,10000,20000,0.9818,0.0029,0.9903,0.0033,0.9906,0.0014,0.1959,0.0328,0.1972,0.0262,0.1922,0.0062,0.5912,0.0047
rk45,2,2,3,0.0107,0.0004,quadratic,quadratic,10000,30000,0.9877,0.0012,0.9922,0.0016,0.9919,0.0015,0.5948,0.0181,0.5690,0.0371,0.5813,0.0268,0.7867,0.0127
rk45,2,2,3,0.0107,0.0004,polar3,polar,10000,30000,0.9955,0.0010,0.9970,0.0008,0.9975,0.0007,0.7800,0.0208,0.8585,0.0333,0.8170,0.0209,0.9070,0.0108
rk45,2,2,3,0.0107,0.0004,knn,knn,15000,45000,0.9942,0.0007,0.9958,0.0006,0.9969,0.0005,0.6965,0.0220,0.8422,0.0279,0.7622,0.0194,0.8790,0.0100
rk45,2,2,3,0.0107,0.0004,altered_knn,altered_knn,15000,30000,0.9827,0.0024,0.9909,0.0026,0.9912,0.0013,0.2210,0.0375,0.2236,0.0153,0.2196,0.0168,0.6053,0.0094
rk45,2,2,3,0.0107,0.0004,quadratic,quadratic,15000,45000,0.9880,0.0013,0.9925,0.0014,0.9922,0.0014,0.5955,0.0162,0.5714,0.0353,0.5829,0.0243,0.7877,0.0117
rk45,2,2,3,0.0107,0.0004,polar3,polar,15000,45000,0.9954,0.0010,0.9969,0.0008,0.9975,0.0008,0.7740,0.0216,0.8630,0.0307,0.8159,0.0226,0.9064,0.0116
rk45,2,2,3,0.0107,0.0004,knn,knn,20000,60000,0.9947,0.0009,0.9964,0.0007,0.9972,0.0006,0.7302,0.0294,0.8415,0.0352,0.7816,0.0271,0.8890,0.0139
rk45,2,2,3,0.0107,0.0004,altered_knn,altered_knn,20000,40000,0.9829,0.0026,0.9909,0.0028,0.9913,0.0013,0.2325,0.0464,0.2406,0.0091,0.2334,0.0229,0.6122,0.0127
rk45,2,2,3,0.0107,0.0004,quadratic,quadratic,20000,60000,0.9883,0.0012,0.9928,0.0013,0.9925,0.0013,0.5967,0.0164,0.5686,0.0352,0.5820,0.0248,0.7874,0.0121
rk45,2,2,3,0.0107,0.0004,polar3,polar,20000,60000,0.9954,0.0011,0.9968,0.0009,0.9975,0.0008,0.7701,0.0286,0.8646,0.0310,0.8144,0.0255,0.9056,0.0131
rk45,2,4,3,0.0116,0.0002,knn,knn,2000,12000,0.9622,0.0046,0.9674,0.0046,0.9751,0.0041,0.2233,0.0171,0.5203,0.0273,0.3123,0.0210,0.6398,0.0118
rk45,2,4,3,0.0116,0.0002,altered_knn,altered_knn,2000,8000,0.9456,0.0107,0.9533,0.0114,0.9678,0.0057,0.0838,0.0085,0.2883,0.0584,0.1282,0.0080,0.5408,0.0084
rk45,2,4,3,0.0116,0.0002,quadratic,quadratic,2000,12000,0.9273,0.0152,0.9332,0.0161,0.9377,0.0134,0.2444,0.0384,0.4251,0.0749,0.3035,0.0163,0.6184,0.0156
rk45,2,4,3,0.0116,0.0002,polar3,polar,2000,12000,0.9660,0.0037,0.9708,0.0039,0.9767,0.0035,0.2774,0.0145,0.5607,0.0344,0.3710,0.0195,0.6709,0.0100
rk45,2,4,3,0.0116,0.0002,knn,knn,5000,30000,0.9677,0.0044,0.9733,0.0044,0.9777,0.0040,0.2814,0.0221,0.4980,0.0352,0.3594,0.0261,0.6663,0.0138
rk45,2,4,3,0.0116,0.0002,altered_knn,altered_knn,5000,20000,0.9581,0.0028,0.9670,0.0030,0.9734,0.0027,0.0936,0.0131,0.2039,0.0692,0.1269,0.0271,0.5470,0.0127
rk45,2,4,3,0.0116,0.0002,quadratic,quadratic,5000,30000,0.9264,0.0138,0.9323,0.0146,0.9367,0.0120,0.2440,0.0409,0.4246,0.0734,0.3032,0.0203,0.6178,0.0165
rk45,2,4,3,0.0116,0.0002,polar3,polar,5000,30000,0.9660,0.0041,0.9708,0.0043,0.9766,0.0038,0.2816,0.0130,0.5638,0.0339,0.3754,0.0171,0.6731,0.0087
rk45,2,4,3,0.0116,0.0002,knn,knn,10000,60000,0.9704,0.0040,0.9761,0.0042,0.9786,0.0038,0.3420,0.0209,0.4887,0.0346,0.4021,0.0240,0.6891,0.0125
rk45,2,4,3,0.0116,0.0002,altered_knn,altered_knn,10000,40000,0.9617,0.0029,0.9711,0.0028,0.9748,0.0032,0.0958,0.0152,0.1586,0.0339,0.1193,0.0214,0.5452,0.0108
rk45,2,4,3,0.0116,0.0002,quadratic,quadratic,10000,60000,0.9275,0.0141,0.9334,0.0149,0.9377,0.0124,0.2496,0.0384,0.4256,0.0733,0.3080,0.0164,0.6207,0.0151
rk45,2,4,3,0.0116,0.0002,polar3,polar,10000,60000,0.9658,0.0038,0.9706,0.0040,0.9764,0.0037,0.2791,0.0133,0.5574,0.0338,0.3718,0.0186,0.6712,0.0092
rk45,2,4,3,0.0116,0.0002,knn,knn,15000,90000,0.9714,0.0038,0.9771,0.0040,0.9787,0.0037,0.3765,0.0161,0.4812,0.0324,0.4222,0.0205,0.6997,0.0105
rk45,2,4,3,0.0116,0.0002,altered_knn,altered_knn,15000,60000,0.9635,0.0042,0.9733,0.0044,0.9756,0.0035,0.0944,0.0121,0.1316,0.0214,0.1096,0.0147,0.5415,0.0068
rk45,2,4,3,0.0116,0.0002,quadratic,quadratic,15000,90000,0.9276,0.0141,0.9335,0.0149,0.9376,0.0124,0.2505,0.0385,0.4239,0.0733,0.3084,0.0170,0.6209,0.0151
rk45,2,4,3,0.0116,0.0002,polar3,polar,15000,90000,0.9662,0.0036,0.9710,0.0037,0.9764,0.0036,0.2871,0.0206,0.5535,0.0307,0.3781,0.0248,0.6745,0.0121
rk45,2,4,3,0.0116,0.0002,knn,knn,20000,120000,0.9719,0.0038,0.9777,0.0039,0.9788,0.0037,0.4016,0.0150,0.4795,0.0274,0.4369,0.0184,0.7073,0.0095
rk45,2,4,3,0.0116,0.0002,altered_knn,altered_knn,20000,80000,0.9660,0.0043,0.9761,0.0045,0.9761,0.0036,0.1014,0.0131,0.1003,0.0234,0.1001,0.0171,0.5381,0.0075
rk45,2,4,3,0.0116,0.0002,quadratic,quadratic,20000,120000,0.9270,0.0140,0.9329,0.0148,0.9370,0.0123,0.2522,0.0372,0.4240,0.0726,0.3099,0.0153,0.6214,0.0143
rk45,2,4,3,0.0116,0.0002,polar3,polar,20000,120000,0.9658,0.0033,0.9706,0.0035,0.9762,0.0035,0.2832,0.0201,0.5563,0.0338,0.3753,0.0253,0.6729,0.0121
rk45,2,8,3,0.0114,0.0006,knn,knn,2000,24000,0.9650,0.0048,0.9689,0.0043,0.9784,0.0043,0.2335,0.0245,0.6244,0.0543,0.3397,0.0330,0.6543,0.0186
rk45,2,8,3,0.0114,0.0006,altered_knn,altered_knn,2000,16000,0.9353,0.0115,0.9410,0.0127,0.9636,0.0058,0.0901,0.0160,0.4424,0.0797,0.1474,0.0175,0.5442,0.0148
rk45,2,8,3,0.0114,0.0006,quadratic,quadratic,2000,24000,0.8362,0.0034,0.8390,0.0034,0.8999,0.0035,0.0462,0.0023,0.5893,0.0092,0.0857,0.0040,0.4624,0.0008
rk45,2,8,3,0.0114,0.0006,polar3,polar,2000,24000,0.9662,0.0059,0.9703,0.0053,0.9793,0.0051,0.2356,0.0291,0.6090,0.0680,0.3397,0.0406,0.6550,0.0229
rk45,2,8,3,0.0114,0.0006,knn,knn,5000,60000,0.9732,0.0058,0.9775,0.0052,0.9832,0.0051,0.3012,0.0352,0.6069,0.0649,0.4023,0.0444,0.6899,0.0248
rk45,2,8,3,0.0114,0.0006,altered_knn,altered_knn,5000,40000,0.9604,0.0054,0.9678,0.0050,0.9767,0.0045,0.1236,0.0226,0.3186,0.0523,0.1780,0.0316,0.5729,0.0180
rk45,2,8,3,0.0114,0.0006,quadratic,quadratic,5000,60000,0.8334,0.0044,0.8362,0.0044,0.8980,0.0043,0.0456,0.0024,0.5910,0.0065,0.0847,0.0041,0.4604,0.0020
rk45,2,8,3,0.0114,0.0006,polar3,polar,5000,60000,0.9660,0.0059,0.9702,0.0052,0.9791,0.0051,0.2339,0.0298,0.6015,0.0672,0.3367,0.0408,0.6535,0.0230
rk45,2,8,3,0.0114,0.0006,knn,knn,10000,120000,0.9766,0.0062,0.9813,0.0056,0.9848,0.0055,0.3563,0.0479,0.5730,0.0667,0.4390,0.0542,0.7101,0.0299
rk45,2,8,3,0.0114,0.0006,altered_knn,altered_knn,10000,80000,0.9691,0.0056,0.9778,0.0053,0.9807,0.0050,0.1386,0.0278,0.2116,0.0734,0.1656,0.0397,0.5717,0.0211
rk45,2,8,3,0.0114,0.0006,quadratic,quadratic,10000,120000,0.8345,0.0053,0.8373,0.0053,0.8988,0.0049,0.0458,0.0020,0.5908,0.0091,0.0850,0.0035,0.4612,0.0019
rk45,2,8,3,0.0114,0.0006,polar3,polar,10000,120000,0.9657,0.0065,0.9700,0.0057,0.9789,0.0054,0.2300,0.0329,0.5933,0.0720,0.3314,0.0450,0.6507,0.0254
rk45,2,8,3,0.0114,0.0006,knn,knn,15000,180000,0.9779,0.0063,0.9827,0.0057,0.9851,0.0056,0.3901,0.0520,0.5551,0.0674,0.4578,0.0571,0.7203,0.0314
rk45,2,8,3,0.0114,0.0006,altered_knn,altered_knn,15000,120000,0.9713,0.0067,0.9802,0.0065,0.9820,0.0055,0.1549,0.0425,0.1959,0.0340,0.1718,0.0381,0.5760,0.0223
rk45,2,8,3,0.0114,0.0006,quadratic,quadratic,15000,180000,0.8355,0.0056,0.8383,0.0057,0.8993,0.0051,0.0461,0.0019,0.5900,0.0096,0.0855,0.0034,0.4619,0.0018
rk45,2,8,3,0.0114,0.0006,polar3,polar,15000,180000,0.9655,0.0061,0.9698,0.0055,0.9788,0.0053,0.2308,0.0312,0.5944,0.0727,0.3323,0.0428,0.6511,0.0241
rk45,2,8,3,0.0114,0.0006,knn,knn,20000,240000,0.9785,0.0064,0.9835,0.0058,0.9853,0.0057,0.4121,0.0545,0.5423,0.0650,0.4679,0.0577,0.7257,0.0317
rk45,2,8,3,0.0114,0.0006,altered_knn,altered_knn,20000,160000,0.9722,0.0070,0.9812,0.0068,0.9824,0.0056,0.1647,0.0471,0.1899,0.0314,0.1754,0.0411,0.5783,0.0238
rk45,2,8,3,0.0114,0.0006,quadratic,quadratic,20000,240000,0.8430,0.0050,0.8460,0.0050,0.9047,0.0046,0.0476,0.0020,0.5843,0.0092,0.0880,0.0034,0.4670,0.0012
rk45,2,8,3,0.0114,0.0006,polar3,polar,20000,240000,0.9667,0.0062,0.9710,0.0055,0.9795,0.0053,0.2393,0.0325,0.5944,0.0680,0.3411,0.0436,0.6561,0.0246
rk45,4,2,3,0.0111,0.0006,knn,knn,2000,6000,0.9144,0.0022,0.9215,0.0024,0.9187,0.0023,0.6059,0.0224,0.2765,0.0059,0.3796,0.0098,0.6506,0.0059
rk45,4,2,3,0.0111,0.0006,altered_knn,altered_knn,2000,4000,0.9007,0.0071,0.9085,0.0076,0.9384,0.0026,0.0310,0.0041,0.2039,0.0202,0.0535,0.0059,0.4810,0.0063
rk45,4,2,3,0.0111,0.0006,quadratic,quadratic,2000,6000,0.9869,0.0027,0.9916,0.0024,0.9897,0.0025,0.8587,0.0285,0.5743,0.0115,0.6881,0.0131,0.8398,0.0074
rk45,4,2,3,0.0111,0.0006,polar3,polar,2000,6000,0.9941,0.0005,0.9966,0.0001,0.9962,0.0002,0.8285,0.0083,0.7736,0.0363,0.7998,0.0227,0.8982,0.0113
rk45,4,2,3,0.0111,0.0006,knn,knn,5000,15000,0.9304,0.0012,0.9371,0.0015,0.9344,0.0014,0.6657,0.0118,0.3346,0.0236,0.4449,0.0217,0.6910,0.0103
rk45,4,2,3,0.0111,0.0006,altered_knn,altered_knn,5000,10000,0.9237,0.0175,0.9326,0.0182,0.9484,0.0057,0.0343,0.0009,0.1310,0.0733,0.0508,0.0068,0.4917,0.0064
rk45,4,2,3,0.0111,0.0006,quadratic,quadratic,5000,15000,0.9879,0.0015,0.9927,0.0011,0.9908,0.0014,0.8658,0.0303,0.5579,0.0137,0.6781,0.0122,0.8354,0.0062
rk45,4,2,3,0.0111,0.0006,polar3,polar,5000,15000,0.9941,0.0004,0.9966,0.0001,0.9962,0.0001,0.8262,0.0022,0.7759,0.0335,0.7999,0.0185,0.8982,0.0092
rk45,4,2,3,0.0111,0.0006,knn,knn,10000,30000,0.9414,0.0007,0.9478,0.0011,0.9453,0.0009,0.7149,0.0240,0.3742,0.0244,0.4910,0.0258,0.7194,0.0124
rk45,4,2,3,0.0111,0.0006,altered_knn,altered_knn,10000,20000,0.9256,0.0186,0.9344,0.0192,0.9511,0.0061,0.0363,0.0015,0.1436,0.0787,0.0539,0.0079,0.4941,0.0070
rk45,4,2,3,0.0111,0.0006,quadratic,quadratic,10000,30000,0.9889,0.0010,0.9937,0.0007,0.9917,0.0008,0.8661,0.0179,0.5608,0.0178,0.6805,0.0125,0.8371,0.0066
rk45,4,2,3,0.0111,0.0006,polar3,polar,10000,30000,0.9941,0.0004,0.9966,0.0002,0.9962,0.0002,0.8240,0.0039,0.7790,0.0364,0.8004,0.0184,0.8985,0.0092
rk45,4,2,3,0.0111,0.0006,knn,knn,15000,45000,0.9478,0.0004,0.9541,0.0003,0.9517,0.0003,0.6970,0.0270,0.3934,0.0186,0.5029,0.0223,0.7285,0.0110
rk45,4,2,3,0.0111,0.0006,altered_knn,altered_knn,15000,30000,0.8890,0.0328,0.8957,0.0341,0.9365,0.0142,0.0338,0.0018,0.2862,0.1122,0.0587,0.0023,0.4772,0.0163
rk45,4,2,3,0.0111,0.0006,quadratic,quadratic,15000,45000,0.9889,0.0011,0.9938,0.0006,0.9918,0.0009,0.8638,0.0179,0.5585,0.0195,0.6780,0.0131,0.8359,0.0068
rk45,4,2,3,0.0111,0.0006,polar3,polar,15000,45000,0.9941,0.0004,0.9965,0.0002,0.9962,0.0002,0.8179,0.0034,0.7799,0.0386,0.7980,0.0202,0.8972,0.0101
rk45,4,2,3,0.0111,0.0006,knn,knn,20000,60000,0.9507,0.0008,0.9568,0.0005,0.9545,0.0007,0.7058,0.0202,0.4049,0.0121,0.5144,0.0130,0.7356,0.0065
rk45,4,2,3,0.0111,0.0006,altered_knn,altered_knn,20000,40000,0.9132,0.0277,0.9211,0.0288,0.9479,0.0119,0.0354,0.0025,0.2082,0.0994,0.0588,0.0037,0.4899,0.0134
rk45,4,2,3,0.0111,0.0006,quadratic,quadratic,20000,60000,0.9888,0.0007,0.9936,0.0006,0.9916,0.0006,0.8661,0.0188,0.5564,0.0195,0.6771,0.0141,0.8354,0.0073
rk45,4,2,3,0.0111,0.0006,polar3,polar,20000,60000,0.9941,0.0004,0.9965,0.0002,0.9962,0.0002,0.8194,0.0081,0.7820,0.0375,0.7996,0.0171,0.8981,0.0085
rk45,4,4,3,0.0121,0.0003,knn,knn,2000,12000,0.8362,0.0123,0.8420,0.0121,0.8441,0.0138,0.2675,0.0674,0.3639,0.0132,0.3025,0.0394,0.5722,0.0144
rk45,4,4,3,0.0121,0.0003,altered_knn,altered_knn,2000,8000,0.8672,0.0200,0.8759,0.0213,0.8945,0.0094,0.0423,0.0099,0.1608,0.0906,0.0611,0.0064,0.4685,0.0122
rk45,4,4,3,0.0121,0.0003,quadratic,quadratic,2000,12000,0.9313,0.0055,0.9359,0.0054,0.9359,0.0058,0.5210,0.0170,0.5596,0.0078,0.5395,0.0112,0.7377,0.0069
rk45,4,4,3,0.0121,0.0003,polar3,polar,2000,12000,0.9658,0.0042,0.9700,0.0039,0.9715,0.0044,0.4898,0.0129,0.6295,0.0215,0.5505,0.0072,0.7602,0.0044
rk45,4,4,3,0.0121,0.0003,knn,knn,5000,30000,0.8669,0.0100,0.8727,0.0099,0.8740,0.0116,0.3090,0.0671,0.3922,0.0156,0.3406,0.0348,0.6067,0.0125
rk45,4,4,3,0.0121,0.0003,altered_knn,altered_knn,5000,20000,0.8844,0.0168,0.8937,0.0182,0.9056,0.0084,0.0457,0.0094,0.1334,0.0975,0.0560,0.0224,0.4748,0.0067
rk45,4,4,3,0.0121,0.0003,quadratic,quadratic,5000,30000,0.9314,0.0053,0.9360,0.0051,0.9358,0.0056,0.5321,0.0170,0.5586,0.0089,0.5450,0.0120,0.7405,0.0075
rk45,4,4,3,0.0121,0.0003,polar3,polar,5000,30000,0.9665,0.0044,0.9707,0.0041,0.9718,0.0046,0.5135,0.0082,0.6242,0.0259,0.5631,0.0074,0.7669,0.0055
rk45,4,4,3,0.0121,0.0003,knn,knn,10000,60000,0.8873,0.0087,0.8932,0.0086,0.8940,0.0102,0.3428,0.0777,0.4074,0.0077,0.3673,0.0412,0.6302,0.0164
rk45,4,4,3,0.0121,0.0003,altered_knn,altered_knn,10000,40000,0.8488,0.0366,0.8554,0.0391,0.8975,0.0111,0.0460,0.0181,0.3113,0.1596,0.0699,0.0123,0.4626,0.0248
rk45,4,4,3,0.0121,0.0003,quadratic,quadratic,10000,60000,0.9311,0.0057,0.9356,0.0056,0.9354,0.0060,0.5430,0.0161,0.5584,0.0062,0.5505,0.0109,0.7431,0.0066
rk45,4,4,3,0.0121,0.0003,polar3,polar,10000,60000,0.9666,0.0042,0.9708,0.0038,0.9720,0.0045,0.5100,0.0197,0.6264,0.0284,0.5614,0.0062,0.7661,0.0041
rk45,4,4,3,0.0121,0.0003,knn,knn,15000,90000,0.8977,0.0077,0.9037,0.0075,0.9045,0.0092,0.3437,0.0700,0.4111,0.0131,0.3697,0.0359,0.6367,0.0146
rk45,4,4,3,0.0121,0.0003,altered_knn,altered_knn,15000,60000,0.8697,0.0252,0.8773,0.0273,0.9083,0.0068,0.0536,0.0250,0.2532,0.1431,0.0690,0.0058,0.4731,0.0161
rk45,4,4,3,0.0121,0.0003,quadratic,quadratic,15000,90000,0.9311,0.0054,0.9357,0.0053,0.9355,0.0058,0.5406,0.0173,0.5576,0.0075,0.5489,0.0116,0.7423,0.0068
rk45,4,4,3,0.0121,0.0003,polar3,polar,15000,90000,0.9666,0.0041,0.9707,0.0037,0.9719,0.0044,0.5109,0.0264,0.6287,0.0293,0.5625,0.0087,0.7666,0.0045
rk45,4,4,3,0.0121,0.0003,knn,knn,20000,120000,0.9048,0.0075,0.9107,0.0074,0.9115,0.0090,0.3583,0.0745,0.4218,0.0150,0.3830,0.0406,0.6469,0.0170
rk45,4,4,3,0.0121,0.0003,altered_knn,altered_knn,20000,80000,0.8988,0.0149,0.9084,0.0163,0.9180,0.0072,0.0614,0.0257,0.1238,0.0987,0.0636,0.0154,0.4860,0.0080
rk45,4,4,3,0.0121,0.0003,quadratic,quadratic,20000,120000,0.9312,0.0058,0.9358,0.0057,0.9355,0.0061,0.5439,0.0172,0.5556,0.0061,0.5496,0.0107,0.7427,0.0064
rk45,4,4,3,0.0121,0.0003,polar3,polar,20000,120000,0.9667,0.0041,0.9709,0.0037,0.9720,0.0045,0.5145,0.0270,0.6255,0.0285,0.5633,0.0078,0.7671,0.0041
rk45,4,8,3,0.0127,0.0002,knn,knn,2000,24000,0.7866,0.0159,0.7918,0.0159,0.8040,0.0151,0.1157,0.0078,0.3841,0.0117,0.1778,0.0105,0.4848,0.0132
rk45,4,8,3,0.0127,0.0002,altered_knn,altered_knn,2000,16000,0.8443,0.0310,0.8531,0.0328,0.8714,0.0132,0.0436,0.0070,0.1615,0.1099,0.0605,0.0049,0.4568,0.0165
rk45,4,8,3,0.0127,0.0002,quadratic,quadratic,2000,24000,0.8940,0.0159,0.8992,0.0159,0.9034,0.0153,0.2812,0.0244,0.4906,0.0118,0.3571,0.0229,0.6282,0.0193
rk45,4,8,3,0.0127,0.0002,polar3,polar,2000,24000,0.9483,0.0118,0.9535,0.0115,0.9586,0.0112,0.3005,0.0217,0.5457,0.0305,0.3875,0.0257,0.6705,0.0185
rk45,4,8,3,0.0127,0.0002,knn,knn,5000,60000,0.8283,0.0153,0.8338,0.0153,0.8435,0.0145,0.1456,0.0121,0.4029,0.0138,0.2138,0.0150,0.5238,0.0151
rk45,4,8,3,0.0127,0.0002,altered_knn,altered_knn,5000,40000,0.8586,0.0238,0.8675,0.0249,0.8844,0.0115,0.0472,0.0078,0.1699,0.0678,0.0704,0.0048,0.4689,0.0147
rk45,4,8,3,0.0127,0.0002,quadratic,quadratic,5000,60000,0.8951,0.0160,0.9004,0.0160,0.9044,0.0152,0.2835,0.0281,0.4895,0.0123,0.3585,0.0262,0.6294,0.0210
rk45,4,8,3,0.0127,0.0002,polar3,polar,5000,60000,0.9500,0.0116,0.9552,0.0114,0.9599,0.0110,0.3112,0.0230,0.5436,0.0256,0.3957,0.0253,0.6755,0.0184
rk45,4,8,3,0.0127,0.0002,knn,knn,10000,120000,0.8537,0.0142,0.8594,0.0142,0.8677,0.0135,0.1654,0.0126,0.4100,0.0105,0.2356,0.0145,0.5475,0.0144
rk45,4,8,3,0.0127,0.0002,altered_knn,altered_knn,10000,80000,0.8473,0.0381,0.8548,0.0403,0.8871,0.0165,0.0475,0.0140,0.2634,0.1293,0.0719,0.0065,0.4634,0.0233
rk45,4,8,3,0.0127,0.0002,quadratic,quadratic,10000,120000,0.8948,0.0158,0.9000,0.0159,0.9041,0.0151,0.2836,0.0282,0.4893,0.0085,0.3585,0.0253,0.6293,0.0206
rk45,4,8,3,0.0127,0.0002,polar3,polar,10000,120000,0.9501,0.0118,0.9553,0.0116,0.9599,0.0110,0.3153,0.0268,0.5459,0.0233,0.3995,0.0278,0.6774,0.0197
rk45,4,8,3,0.0127,0.0002,knn,knn,15000,180000,0.8672,0.0133,0.8730,0.0133,0.8805,0.0126,0.1793,0.0153,0.4150,0.0167,0.2502,0.0178,0.5616,0.0155
rk45,4,8,3,0.0127,0.0002,altered_knn,altered_knn,15000,120000,0.8759,0.0283,0.8853,0.0298,0.8976,0.0129,0.0606,0.0160,0.1448,0.0954,0.0720,0.0037,0.4787,0.0167
rk45,4,8,3,0.0127,0.0002,quadratic,quadratic,15000,180000,0.8946,0.0160,0.8998,0.0160,0.9039,0.0152,0.2845,0.0278,0.4888,0.0088,0.3591,0.0249,0.6294,0.0204
rk45,4,8,3,0.0127,0.0002,polar3,polar,15000,180000,0.9498,0.0118,0.9550,0.0116,0.9596,0.0111,0.3122,0.0254,0.5447,0.0256,0.3967,0.0272,0.6759,0.0194
rk45,4,8,3,0.0127,0.0002,knn,knn,20000,240000,0.8767,0.0128,0.8826,0.0127,0.8895,0.0121,0.1904,0.0166,0.4190,0.0223,0.2618,0.0198,0.5722,0.0162
rk45,4,8,3,0.0127,0.0002,altered_knn,altered_knn,20000,160000,0.8725,0.0377,0.8815,0.0399,0.8992,0.0153,0.0612,0.0171,0.1771,0.1411,0.0726,0.0051,0.4771,0.0219
rk45,4,8,3,0.0127,0.0002,quadratic,quadratic,20000,240000,0.8961,0.0164,0.9015,0.0164,0.9051,0.0157,0.2954,0.0270,0.4841,0.0107,0.3664,0.0241,0.6339,0.0202
rk45,4,8,3,0.0127,0.0002,polar3,polar,20000,240000,0.9502,0.0118,0.9555,0.0116,0.9600,0.0112,0.3133,0.0240,0.5423,0.0258,0.3971,0.0260,0.6763,0.0188
rk45,4,16,3,0.0140,0.0004,knn,knn,2000,48000,0.7719,0.0048,0.7771,0.0049,0.7937,0.0056,0.1040,0.0038,0.4096,0.0024,0.1658,0.0050,0.4714,0.0022
rk45,4,16,3,0.0140,0.0004,altered_knn,altered_knn,2000,32000,0.7903,0.0834,0.7969,0.0887,0.8406,0.0343,0.0553,0.0165,0.3199,0.2928,0.0722,0.0115,0.4345,0.0473
rk45,4,16,3,0.0140,0.0004,quadratic,quadratic,2000,48000,0.8882,0.0063,0.8942,0.0065,0.9044,0.0067,0.1792,0.0063,0.4664,0.0118,0.2587,0.0047,0.5764,0.0038
rk45,4,16,3,0.0140,0.0004,polar3,polar,2000,48000,0.9408,0.0025,0.9470,0.0028,0.9542,0.0026,0.2464,0.0071,0.5044,0.0006,0.3310,0.0063,0.6390,0.0045
rk45,4,16,3,0.0140,0.0004,knn,knn,5000,120000,0.8162,0.0050,0.8218,0.0050,0.8349,0.0054,0.1323,0.0042,0.4253,0.0036,0.2017,0.0044,0.5118,0.0023
rk45,4,16,3,0.0140,0.0004,altered_knn,altered_knn,5000,80000,0.8545,0.0079,0.8637,0.0089,0.8785,0.0028,0.0637,0.0061,0.2100,0.0495,0.0960,0.0033,0.4799,0.0060
rk45,4,16,3,0.0140,0.0004,quadratic,quadratic,5000,120000,0.8890,0.0073,0.8950,0.0075,0.9050,0.0074,0.1819,0.0087,0.4671,0.0118,0.2615,0.0075,0.5783,0.0063
rk45,4,16,3,0.0140,0.0004,polar3,polar,5000,120000,0.9415,0.0024,0.9477,0.0026,0.9547,0.0023,0.2489,0.0078,0.5024,0.0030,0.3328,0.0066,0.6403,0.0045
rk45,4,16,3,0.0140,0.0004,knn,knn,10000,240000,0.8464,0.0043,0.8523,0.0043,0.8632,0.0045,0.1562,0.0046,0.4316,0.0037,0.2293,0.0048,0.5408,0.0018
rk45,4,16,3,0.0140,0.0004,altered_knn,altered_knn,10000,160000,0.8514,0.0385,0.8600,0.0416,0.8833,0.0113,0.0702,0.0181,0.2418,0.1915,0.0890,0.0109,0.4745,0.0237
rk45,4,16,3,0.0140,0.0004,quadratic,quadratic,10000,240000,0.8927,0.0068,0.8988,0.0070,0.9083,0.0068,0.1875,0.0098,0.4651,0.0117,0.2669,0.0083,0.5829,0.0063
rk45,4,16,3,0.0140,0.0004,polar3,polar,10000,240000,0.9424,0.0024,0.9487,0.0027,0.9554,0.0024,0.2516,0.0078,0.5007,0.0032,0.3348,0.0065,0.6417,0.0046
rk45,4,16,3,0.0140,0.0004,knn,knn,15000,360000,0.8616,0.0041,0.8676,0.0041,0.8774,0.0041,0.1701,0.0050,0.4348,0.0023,0.2445,0.0050,0.5561,0.0028
rk45,4,16,3,0.0140,0.0004,altered_knn,altered_knn,15000,240000,0.8738,0.0152,0.8838,0.0171,0.8945,0.0037,0.0803,0.0204,0.1768,0.1032,0.0941,0.0082,0.4890,0.0091
rk45,4,16,3,0.0140,0.0004,quadratic,quadratic,15000,360000,0.8954,0.0054,0.9015,0.0056,0.9130,0.0055,0.1698,0.0080,0.4715,0.0057,0.2495,0.0079,0.5755,0.0055
rk45,4,16,3,0.0140,0.0004,polar3,polar,15000,360000,0.9440,0.0032,0.9503,0.0035,0.9568,0.0030,0.2574,0.0119,0.5015,0.0022,0.3400,0.0105,0.6452,0.0069
rk45,4,16,3,0.0140,0.0004,knn,knn,20000,480000,0.8718,0.0037,0.8780,0.0038,0.8868,0.0038,0.1827,0.0060,0.4371,0.0035,0.2577,0.0057,0.5678,0.0029
rk45,4,16,3,0.0140,0.0004,altered_knn,altered_knn,20000,320000,0.8883,0.0052,0.8995,0.0058,0.8999,0.0025,0.0981,0.0125,0.0982,0.0394,0.0911,0.0170,0.4953,0.0056
rk45,4,16,3,0.0140,0.0004,quadratic,quadratic,20000,480000,0.8921,0.0053,0.8981,0.0055,0.9132,0.0055,0.1424,0.0046,0.4741,0.0032,0.2190,0.0051,0.5585,0.0045
rk45,4,16,3,0.0140,0.0004,polar3,polar,20000,480000,0.9452,0.0033,0.9515,0.0035,0.9577,0.0032,0.2616,0.0127,0.4998,0.0023,0.3432,0.0115,0.6474,0.0075
rk45,8,2,3,0.0130,0.0002,knn,knn,2000,6000,0.8165,0.0016,0.8265,0.0018,0.8212,0.0018,0.6076,0.0437,0.0561,0.0059,0.1027,0.0105,0.4646,0.0053
rk45,8,2,3,0.0130,0.0002,altered_knn,altered_knn,2000,4000,0.8693,0.0045,0.8778,0.0044,0.9124,0.0027,0.0326,0.0028,0.2200,0.0084,0.0567,0.0045,0.4672,0.0044
rk45,8,2,3,0.0130,0.0002,quadratic,quadratic,2000,6000,0.9844,0.0017,0.9917,0.0017,0.9882,0.0017,0.9404,0.0171,0.4283,0.0060,0.5884,0.0034,0.7901,0.0025
rk45,8,2,3,0.0130,0.0002,polar3,polar,2000,6000,0.9915,0.0010,0.9955,0.0008,0.9940,0.0008,0.8934,0.0199,0.6936,0.0216,0.7808,0.0192,0.8881,0.0100
rk45,8,2,3,0.0130,0.0002,knn,knn,5000,15000,0.8328,0.0023,0.8429,0.0024,0.8377,0.0024,0.7290,0.0515,0.0622,0.0054,0.1146,0.0096,0.4788,0.0043
rk45,8,2,3,0.0130,0.0002,altered_knn,altered_knn,5000,10000,0.8498,0.0405,0.8574,0.0422,0.9047,0.0185,0.0315,0.0027,0.2725,0.0969,0.0555,0.0029,0.4564,0.0223
rk45,8,2,3,0.0130,0.0002,quadratic,quadratic,5000,15000,0.9864,0.0006,0.9938,0.0006,0.9901,0.0006,0.9542,0.0126,0.4219,0.0068,0.5850,0.0048,0.7894,0.0024
rk45,8,2,3,0.0130,0.0002,polar3,polar,5000,15000,0.9923,0.0007,0.9962,0.0004,0.9946,0.0005,0.9240,0.0133,0.6923,0.0246,0.7915,0.0209,0.8938,0.0106
rk45,8,2,3,0.0130,0.0002,knn,knn,10000,30000,0.8441,0.0039,0.8543,0.0040,0.8489,0.0041,0.7254,0.0719,0.0627,0.0051,0.1155,0.0095,0.4849,0.0042
rk45,8,2,3,0.0130,0.0002,altered_knn,altered_knn,10000,20000,0.7772,0.0783,0.7816,0.0815,0.8650,0.0415,0.0296,0.0046,0.4402,0.1730,0.0539,0.0052,0.4178,0.0433
rk45,8,2,3,0.0130,0.0002,quadratic,quadratic,10000,30000,0.9868,0.0007,0.9943,0.0007,0.9906,0.0007,0.9605,0.0090,0.4175,0.0077,0.5819,0.0064,0.7881,0.0032
rk45,8,2,3,0.0130,0.0002,polar3,polar,10000,30000,0.9925,0.0005,0.9964,0.0002,0.9947,0.0004,0.9318,0.0018,0.6964,0.0220,0.7969,0.0152,0.8966,0.0077
rk45,8,2,3,0.0130,0.0002,knn,knn,15000,45000,0.8507,0.0030,0.8608,0.0031,0.8554,0.0032,0.8379,0.0452,0.0756,0.0032,0.1387,0.0054,0.4998,0.0028
rk45,8,2,3,0.0130,0.0002,altered_knn,altered_knn,15000,30000,0.8743,0.0307,0.8828,0.0325,0.9179,0.0123,0.0348,0.0027,0.2307,0.0980,0.0589,0.0012,0.4708,0.0168
rk45,8,2,3,0.0130,0.0002,quadratic,quadratic,15000,45000,0.9873,0.0007,0.9947,0.0007,0.9911,0.0007,0.9565,0.0097,0.4167,0.0081,0.5804,0.0060,0.7876,0.0028
rk45,8,2,3,0.0130,0.0002,polar3,polar,15000,45000,0.9925,0.0005,0.9964,0.0002,0.9947,0.0003,0.9321,0.0054,0.7003,0.0238,0.7996,0.0176,0.8980,0.0089
rk45,8,2,3,0.0130,0.0002,knn,knn,20000,60000,0.8536,0.0028,0.8638,0.0028,0.8584,0.0030,0.8065,0.0436,0.0797,0.0042,0.1450,0.0066,0.5044,0.0043
rk45,8,2,3,0.0130,0.0002,altered_knn,altered_knn,20000,40000,0.8457,0.0342,0.8524,0.0361,0.9071,0.0150,0.0342,0.0037,0.3388,0.1007,0.0610,0.0034,0.4567,0.0197
rk45,8,2,3,0.0130,0.0002,quadratic,quadratic,20000,60000,0.9870,0.0007,0.9945,0.0008,0.9909,0.0008,0.9586,0.0076,0.4160,0.0099,0.5801,0.0081,0.7873,0.0038
rk45,8,2,3,0.0130,0.0002,polar3,polar,20000,60000,0.9925,0.0005,0.9964,0.0002,0.9947,0.0004,0.9344,0.0048,0.6974,0.0224,0.7986,0.0164,0.8975,0.0083
rk45,8,4,3,0.0129,0.0002,knn,knn,2000,12000,0.6903,0.0108,0.6977,0.0109,0.6964,0.0111,0.2253,0.0666,0.1268,0.0014,0.1587,0.0208,0.4282,0.0061
rk45,8,4,3,0.0129,0.0002,altered_knn,altered_knn,2000,8000,0.8126,0.0325,0.8205,0.0344,0.8515,0.0106,0.0356,0.0064,0.2100,0.1135,0.0554,0.0019,0.4380,0.0175
rk45,8,4,3,0.0129,0.0002,quadratic,quadratic,2000,12000,0.9469,0.0095,0.9526,0.0095,0.9502,0.0096,0.7922,0.0030,0.5042,0.0071,0.6162,0.0060,0.7844,0.0074
rk45,8,4,3,0.0129,0.0002,polar3,polar,2000,12000,0.9702,0.0056,0.9747,0.0056,0.9742,0.0058,0.6576,0.0398,0.6264,0.0020,0.6410,0.0187,0.8078,0.0090
rk45,8,4,3,0.0129,0.0002,knn,knn,5000,30000,0.7116,0.0099,0.7191,0.0100,0.7174,0.0096,0.2701,0.0420,0.1343,0.0010,0.1785,0.0100,0.4488,0.0046
rk45,8,4,3,0.0129,0.0002,altered_knn,altered_knn,5000,20000,0.8488,0.0059,0.8586,0.0061,0.8671,0.0036,0.0405,0.0040,0.1002,0.0188,0.0567,0.0019,0.4576,0.0038
rk45,8,4,3,0.0129,0.0002,quadratic,quadratic,5000,30000,0.9479,0.0094,0.9537,0.0094,0.9511,0.0094,0.8134,0.0064,0.5037,0.0052,0.6221,0.0037,0.7879,0.0065
rk45,8,4,3,0.0129,0.0002,polar3,polar,5000,30000,0.9729,0.0053,0.9774,0.0054,0.9763,0.0054,0.7539,0.0179,0.6269,0.0024,0.6845,0.0061,0.8310,0.0041
rk45,8,4,3,0.0129,0.0002,knn,knn,10000,60000,0.7290,0.0100,0.7367,0.0100,0.7343,0.0095,0.3332,0.0344,0.1398,0.0025,0.1964,0.0038,0.4665,0.0050
rk45,8,4,3,0.0129,0.0002,altered_knn,altered_knn,10000,40000,0.8589,0.0038,0.8690,0.0045,0.8741,0.0032,0.0448,0.0028,0.0831,0.0512,0.0529,0.0086,0.4609,0.0021
rk45,8,4,3,0.0129,0.0002,quadratic,quadratic,10000,60000,0.9483,0.0100,0.9541,0.0100,0.9516,0.0101,0.8165,0.0038,0.5054,0.0021,0.6243,0.0024,0.7892,0.0061
rk45,8,4,3,0.0129,0.0002,polar3,polar,10000,60000,0.9745,0.0046,0.9790,0.0047,0.9777,0.0047,0.7811,0.0194,0.6280,0.0040,0.6961,0.0055,0.8375,0.0040
rk45,8,4,3,0.0129,0.0002,knn,knn,15000,90000,0.7368,0.0101,0.7445,0.0102,0.7419,0.0096,0.3893,0.0451,0.1464,0.0062,0.2126,0.0132,0.4785,0.0086
rk45,8,4,3,0.0129,0.0002,altered_knn,altered_knn,15000,60000,0.8635,0.0127,0.8738,0.0135,0.8784,0.0047,0.0460,0.0053,0.0766,0.0607,0.0476,0.0115,0.4607,0.0012
rk45,8,4,3,0.0129,0.0002,quadratic,quadratic,15000,90000,0.9485,0.0100,0.9543,0.0100,0.9518,0.0100,0.8202,0.0045,0.5027,0.0029,0.6233,0.0034,0.7888,0.0067
rk45,8,4,3,0.0129,0.0002,polar3,polar,15000,90000,0.9748,0.0045,0.9793,0.0046,0.9779,0.0046,0.7898,0.0144,0.6264,0.0023,0.6986,0.0042,0.8390,0.0033
rk45,8,4,3,0.0129,0.0002,knn,knn,20000,120000,0.7428,0.0102,0.7505,0.0102,0.7479,0.0098,0.3993,0.0195,0.1489,0.0046,0.2167,0.0039,0.4836,0.0044
rk45,8,4,3,0.0129,0.0002,altered_knn,altered_knn,20000,80000,0.8646,0.0105,0.8746,0.0111,0.8817,0.0044,0.0448,0.0041,0.0965,0.0420,0.0578,0.0038,0.4662,0.0037
rk45,8,4,3,0.0129,0.0002,quadratic,quadratic,20000,120000,0.9486,0.0102,0.9544,0.0103,0.9519,0.0103,0.8238,0.0022,0.5034,0.0014,0.6249,0.0009,0.7897,0.0054
rk45,8,4,3,0.0129,0.0002,polar3,polar,20000,120000,0.9751,0.0045,0.9796,0.0046,0.9782,0.0046,0.7936,0.0175,0.6271,0.0034,0.7004,0.0047,0.8400,0.0033
rk45,8,8,3,0.0137,0.0002,knn,knn,2000,24000,0.5988,0.0064,0.6044,0.0064,0.6083,0.0050,0.1041,0.0143,0.1942,0.0026,0.1350,0.0121,0.3697,0.0093
rk45,8,8,3,0.0137,0.0002,altered_knn,altered_knn,2000,16000,0.7609,0.0475,0.7678,0.0511,0.8049,0.0128,0.0455,0.0130,0.2667,0.2150,0.0559,0.0140,0.4118,0.0239
rk45,8,8,3,0.0137,0.0002,quadratic,quadratic,2000,24000,0.9219,0.0083,0.9277,0.0082,0.9268,0.0084,0.5725,0.0049,0.5061,0.0078,0.5372,0.0028,0.7324,0.0052
rk45,8,8,3,0.0137,0.0002,polar3,polar,2000,24000,0.9566,0.0037,0.9622,0.0036,0.9619,0.0035,0.5758,0.0243,0.5495,0.0076,0.5622,0.0149,0.7622,0.0092
rk45,8,8,3,0.0137,0.0002,knn,knn,5000,60000,0.6279,0.0052,0.6337,0.0052,0.6364,0.0047,0.1297,0.0045,0.2118,0.0071,0.1608,0.0054,0.3973,0.0043
rk45,8,8,3,0.0137,0.0002,altered_knn,altered_knn,5000,40000,0.7661,0.0460,0.7725,0.0492,0.8146,0.0135,0.0414,0.0073,0.3080,0.1860,0.0680,0.0061,0.4202,0.0275
rk45,8,8,3,0.0137,0.0002,quadratic,quadratic,5000,60000,0.9250,0.0082,0.9308,0.0082,0.9298,0.0083,0.5826,0.0084,0.5086,0.0041,0.5431,0.0030,0.7369,0.0035
rk45,8,8,3,0.0137,0.0002,polar3,polar,5000,60000,0.9618,0.0042,0.9676,0.0041,0.9665,0.0040,0.6414,0.0139,0.5464,0.0073,0.5901,0.0097,0.7788,0.0068
rk45,8,8,3,0.0137,0.0002,knn,knn,10000,120000,0.6496,0.0033,0.6556,0.0033,0.6576,0.0031,0.1519,0.0042,0.2208,0.0005,0.1799,0.0030,0.4178,0.0002
rk45,8,8,3,0.0137,0.0002,altered_knn,altered_knn,10000,80000,0.7403,0.0553,0.7448,0.0590,0.8111,0.0182,0.0378,0.0093,0.4206,0.2092,0.0637,0.0063,0.4042,0.0326
rk45,8,8,3,0.0137,0.0002,quadratic,quadratic,10000,120000,0.9254,0.0085,0.9312,0.0085,0.9301,0.0087,0.5866,0.0069,0.5075,0.0034,0.5441,0.0017,0.7377,0.0035
rk45,8,8,3,0.0137,0.0002,polar3,polar,10000,120000,0.9634,0.0040,0.9692,0.0040,0.9680,0.0040,0.6644,0.0086,0.5468,0.0058,0.5999,0.0067,0.7846,0.0050
rk45,8,8,3,0.0137,0.0002,knn,knn,15000,180000,0.6623,0.0044,0.6684,0.0043,0.6699,0.0042,0.1670,0.0042,0.2227,0.0067,0.1907,0.0007,0.4296,0.0019
rk45,8,8,3,0.0137,0.0002,altered_knn,altered_knn,15000,120000,0.8222,0.0087,0.8319,0.0096,0.8411,0.0026,0.0519,0.0034,0.1296,0.0600,0.0680,0.0123,0.4499,0.0014
rk45,8,8,3,0.0137,0.0002,quadratic,quadratic,15000,180000,0.9256,0.0086,0.9314,0.0086,0.9304,0.0088,0.5909,0.0086,0.5058,0.0024,0.5450,0.0025,0.7382,0.0031
rk45,8,8,3,0.0137,0.0002,polar3,polar,15000,180000,0.9640,0.0040,0.9698,0.0039,0.9685,0.0040,0.6706,0.0076,0.5477,0.0053,0.6030,0.0056,0.7864,0.0044
rk45,8,8,3,0.0137,0.0002,knn,knn,20000,240000,0.6708,0.0040,0.6770,0.0040,0.6784,0.0038,0.1790,0.0032,0.2258,0.0066,0.1996,0.0009,0.4383,0.0020
rk45,8,8,3,0.0137,0.0002,altered_knn,altered_knn,20000,160000,0.8254,0.0051,0.8350,0.0053,0.8451,0.0028,0.0514,0.0029,0.1393,0.0169,0.0746,0.0011,0.4548,0.0032
rk45,8,8,3,0.0137,0.0002,quadratic,quadratic,20000,240000,0.9273,0.0091,0.9333,0.0091,0.9319,0.0093,0.6208,0.0090,0.4990,0.0036,0.5532,0.0017,0.7432,0.0037
rk45,8,8,3,0.0137,0.0002,polar3,polar,20000,240000,0.9644,0.0040,0.9702,0.0039,0.9689,0.0040,0.6722,0.0062,0.5487,0.0075,0.6042,0.0068,0.7872,0.0053
rk45,8,16,3,0.0151,0.0006,knn,knn,2000,48000,0.5211,0.0032,0.5250,0.0032,0.5369,0.0029,0.0674,0.0004,0.2658,0.0029,0.1075,0.0004,0.3163,0.0017
rk45,8,16,3,0.0151,0.0006,altered_knn,altered_knn,2000,32000,0.7515,0.0126,0.7610,0.0146,0.7712,0.0011,0.0527,0.0070,0.1307,0.1121,0.0581,0.0212,0.4095,0.0077
rk45,8,16,3,0.0151,0.0006,quadratic,quadratic,2000,48000,0.8928,0.0025,0.8991,0.0024,0.8999,0.0024,0.4095,0.0115,0.4781,0.0076,0.4410,0.0060,0.6701,0.0023
rk45,8,16,3,0.0151,0.0006,polar3,polar,2000,48000,0.9337,0.0042,0.9406,0.0041,0.9408,0.0040,0.4620,0.0073,0.4827,0.0119,0.4721,0.0088,0.7064,0.0057
rk45,8,16,3,0.0151,0.0006,knn,knn,5000,120000,0.5539,0.0022,0.5583,0.0021,0.5687,0.0024,0.0794,0.0024,0.2715,0.0034,0.1229,0.0027,0.3406,0.0004
rk45,8,16,3,0.0151,0.0006,altered_knn,altered_knn,5000,80000,0.7582,0.0151,0.7669,0.0176,0.7859,0.0007,0.0487,0.0045,0.1979,0.1246,0.0693,0.0108,0.4181,0.0045
rk45,8,16,3,0.0151,0.0006,quadratic,quadratic,5000,120000,0.8946,0.0025,0.9010,0.0024,0.9018,0.0025,0.4144,0.0138,0.4802,0.0064,0.4447,0.0075,0.6729,0.0030
rk45,8,16,3,0.0151,0.0006,polar3,polar,5000,120000,0.9393,0.0036,0.9463,0.0034,0.9461,0.0035,0.4877,0.0048,0.4823,0.0130,0.4850,0.0089,0.7156,0.0052
rk45,8,16,3,0.0151,0.0006,knn,knn,10000,240000,0.5828,0.0020,0.5874,0.0018,0.5967,0.0022,0.0922,0.0027,0.2787,0.0057,0.1385,0.0024,0.3630,0.0004
rk45,8,16,3,0.0151,0.0006,altered_knn,altered_knn,10000,160000,0.7806,0.0061,0.7907,0.0067,0.7983,0.0018,0.0558,0.0033,0.1207,0.0573,0.0710,0.0108,0.4309,0.0034
rk45,8,16,3,0.0151,0.0006,quadratic,quadratic,10000,240000,0.8974,0.0030,0.9039,0.0029,0.9041,0.0030,0.4438,0.0128,0.4745,0.0053,0.4585,0.0064,0.6812,0.0022
rk45,8,16,3,0.0151,0.0006,polar3,polar,10000,240000,0.9424,0.0035,0.9494,0.0032,0.9490,0.0033,0.5038,0.0028,0.4817,0.0127,0.4925,0.0079,0.7209,0.0048
rk45,8,16,3,0.0151,0.0006,knn,knn,15000,360000,0.5979,0.0014,0.6026,0.0012,0.6115,0.0016,0.1003,0.0044,0.2881,0.0056,0.1487,0.0041,0.3757,0.0016
rk45,8,16,3,0.0151,0.0006,altered_knn,altered_knn,15000,240000,0.7917,0.0039,0.8026,0.0044,0.8048,0.0009,0.0594,0.0051,0.0805,0.0267,0.0656,0.0060,0.4341,0.0015
rk45,8,16,3,0.0151,0.0006,quadratic,quadratic,15000,360000,0.9024,0.0041,0.9092,0.0040,0.9084,0.0041,0.5046,0.0138,0.4572,0.0074,0.4796,0.0052,0.6944,0.0008
rk45,8,16,3,0.0151,0.0006,polar3,polar,15000,360000,0.9444,0.0035,0.9515,0.0033,0.9509,0.0034,0.5170,0.0036,0.4810,0.0130,0.4982,0.0069,0.7249,0.0041
rk45,8,16,3,0.0151,0.0006,knn,knn,20000,480000,0.6078,0.0016,0.6127,0.0015,0.6210,0.0017,0.1061,0.0054,0.2873,0.0025,0.1549,0.0053,0.3838,0.0021
rk45,8,16,3,0.0151,0.0006,altered_knn,altered_knn,20000,320000,0.7949,0.0020,0.8056,0.0024,0.8092,0.0014,0.0589,0.0043,0.0946,0.0114,0.0719,0.0008,0.4388,0.0012
rk45,8,16,3,0.0151,0.0006,quadratic,quadratic,20000,480000,0.9045,0.0042,0.9114,0.0042,0.9103,0.0043,0.5310,0.0134,0.4501,0.0075,0.4870,0.0046,0.6992,0.0003
rk45,8,16,3,0.0151,0.0006,polar3,polar,20000,480000,0.9455,0.0036,0.9526,0.0033,0.9519,0.0034,0.5242,0.0030,0.4809,0.0152,0.5015,0.0086,0.7270,0.0050
rk45,16,2,3,0.0138,0.0004,knn,knn,2000,6000,0.7862,0.0009,0.7970,0.0011,0.7913,0.0009,0.3120,0.0530,0.0118,0.0028,0.0228,0.0053,0.4099,0.0023
rk45,16,2,3,0.0138,0.0004,altered_knn,altered_knn,2000,4000,0.6621,0.1238,0.6636,0.1284,0.7802,0.0787,0.0249,0.0028,0.5472,0.2112,0.0468,0.0035,0.3552,0.0659
rk45,16,2,3,0.0138,0.0004,quadratic,quadratic,2000,6000,0.9757,0.0004,0.9849,0.0003,0.9804,0.0001,0.9023,0.0175,0.3204,0.0215,0.4727,0.0258,0.7288,0.0128
rk45,16,2,3,0.0138,0.0004,polar3,polar,2000,6000,0.9765,0.0005,0.9820,0.0010,0.9797,0.0006,0.8810,0.0384,0.5873,0.0273,0.7036,0.0151,0.8428,0.0073
rk45,16,2,3,0.0138,0.0004,knn,knn,5000,15000,0.7912,0.0022,0.8021,0.0025,0.7965,0.0023,0.4206,0.0551,0.0106,0.0018,0.0207,0.0034,0.4114,0.0020
rk45,16,2,3,0.0138,0.0004,altered_knn,altered_knn,5000,10000,0.8561,0.0061,0.8654,0.0068,0.8992,0.0012,0.0304,0.0014,0.1932,0.0260,0.0523,0.0014,0.4588,0.0037
rk45,16,2,3,0.0138,0.0004,quadratic,quadratic,5000,15000,0.9803,0.0005,0.9895,0.0010,0.9850,0.0008,0.9421,0.0155,0.3198,0.0191,0.4774,0.0233,0.7335,0.0111
rk45,16,2,3,0.0138,0.0004,polar3,polar,5000,15000,0.9877,0.0009,0.9922,0.0014,0.9913,0.0006,0.7759,0.0979,0.6652,0.0296,0.7114,0.0229,0.8518,0.0121
rk45,16,2,3,0.0138,0.0004,knn,knn,10000,30000,0.7976,0.0031,0.8086,0.0035,0.8027,0.0034,0.4945,0.1047,0.0118,0.0037,0.0231,0.0071,0.4159,0.0041
rk45,16,2,3,0.0138,0.0004,altered_knn,altered_knn,10000,20000,0.8257,0.0409,0.8334,0.0429,0.8864,0.0186,0.0297,0.0029,0.2774,0.0986,0.0529,0.0039,0.4431,0.0227
rk45,16,2,3,0.0138,0.0004,quadratic,quadratic,10000,30000,0.9822,0.0003,0.9915,0.0003,0.9869,0.0002,0.9552,0.0146,0.3146,0.0140,0.4733,0.0174,0.7324,0.0086
rk45,16,2,3,0.0138,0.0004,polar3,polar,10000,30000,0.9902,0.0004,0.9945,0.0007,0.9933,0.0002,0.8259,0.0553,0.6840,0.0343,0.7461,0.0166,0.8703,0.0084
rk45,16,2,3,0.0138,0.0004,knn,knn,15000,45000,0.7984,0.0014,0.8095,0.0019,0.8034,0.0017,0.4528,0.0851,0.0117,0.0032,0.0227,0.0062,0.4161,0.0023
rk45,16,2,3,0.0138,0.0004,altered_knn,altered_knn,15000,30000,0.8627,0.0054,0.8725,0.0056,0.9011,0.0010,0.0298,0.0028,0.1658,0.0334,0.0504,0.0056,0.4615,0.0006
rk45,16,2,3,0.0138,0.0004,quadratic,quadratic,15000,45000,0.9834,0.0002,0.9927,0.0004,0.9881,0.0002,0.9552,0.0151,0.3182,0.0118,0.4773,0.0149,0.7350,0.0073
rk45,16,2,3,0.0138,0.0004,polar3,polar,15000,45000,0.9901,0.0002,0.9944,0.0008,0.9933,0.0003,0.8097,0.0469,0.6861,0.0334,0.7410,0.0153,0.8677,0.0075
rk45,16,2,3,0.0138,0.0004,knn,knn,20000,60000,0.7987,0.0015,0.8098,0.0017,0.8037,0.0017,0.4553,0.1117,0.0073,0.0012,0.0143,0.0024,0.4120,0.0009
rk45,16,2,3,0.0138,0.0004,altered_knn,altered_knn,20000,40000,0.8547,0.0076,0.8640,0.0083,0.8993,0.0016,0.0298,0.0043,0.1972,0.0416,0.0516,0.0076,0.4578,0.0047
rk45,16,2,3,0.0138,0.0004,quadratic,quadratic,20000,60000,0.9839,0.0002,0.9933,0.0003,0.9887,0.0001,0.9585,0.0157,0.3152,0.0091,0.4744,0.0117,0.7339,0.0057
rk45,16,2,3,0.0138,0.0004,polar3,polar,20000,60000,0.9907,0.0001,0.9950,0.0006,0.9937,0.0002,0.8481,0.0321,0.6851,0.0320,0.7570,0.0179,0.8760,0.0088
rk45,16,4,3,0.0130,0.0002,knn,knn,2000,12000,0.6185,0.0012,0.6263,0.0011,0.6225,0.0012,0.1731,0.0167,0.0310,0.0033,0.0522,0.0039,0.3393,0.0025
rk45,16,4,3,0.0130,0.0002,altered_knn,altered_knn,2000,8000,0.8207,0.0094,0.8301,0.0102,0.8387,0.0029,0.0421,0.0037,0.1033,0.0671,0.0533,0.0132,0.4417,0.0057
rk45,16,4,3,0.0130,0.0002,quadratic,quadratic,2000,12000,0.9526,0.0020,0.9594,0.0020,0.9564,0.0020,0.8275,0.0085,0.4350,0.0066,0.5702,0.0037,0.7648,0.0016
rk45,16,4,3,0.0130,0.0002,polar3,polar,2000,12000,0.9514,0.0016,0.9560,0.0017,0.9577,0.0016,0.4643,0.0125,0.6055,0.0114,0.5256,0.0123,0.7408,0.0054
rk45,16,4,3,0.0130,0.0002,knn,knn,5000,30000,0.6307,0.0026,0.6385,0.0025,0.6347,0.0027,0.2124,0.0085,0.0316,0.0060,0.0549,0.0092,0.3467,0.0058
rk45,16,4,3,0.0130,0.0002,altered_knn,altered_knn,5000,20000,0.8286,0.0051,0.8384,0.0054,0.8454,0.0016,0.0423,0.0049,0.0898,0.0326,0.0548,0.0017,0.4466,0.0021
rk45,16,4,3,0.0130,0.0002,quadratic,quadratic,5000,30000,0.9601,0.0024,0.9671,0.0024,0.9639,0.0025,0.8654,0.0040,0.4327,0.0006,0.5770,0.0009,0.7720,0.0010
rk45,16,4,3,0.0130,0.0002,polar3,polar,5000,30000,0.9702,0.0034,0.9747,0.0034,0.9758,0.0028,0.5343,0.0469,0.6289,0.0034,0.5766,0.0280,0.7756,0.0157
rk45,16,4,3,0.0130,0.0002,knn,knn,10000,60000,0.6419,0.0013,0.6499,0.0013,0.6458,0.0012,0.2248,0.0165,0.0293,0.0040,0.0517,0.0064,0.3508,0.0036
rk45,16,4,3,0.0130,0.0002,altered_knn,altered_knn,10000,40000,0.8336,0.0022,0.8438,0.0025,0.8468,0.0021,0.0403,0.0051,0.0642,0.0191,0.0490,0.0099,0.4464,0.0042
rk45,16,4,3,0.0130,0.0002,quadratic,quadratic,10000,60000,0.9628,0.0031,0.9698,0.0031,0.9665,0.0031,0.8807,0.0072,0.4247,0.0016,0.5730,0.0030,0.7714,0.0018
rk45,16,4,3,0.0130,0.0002,polar3,polar,10000,60000,0.9736,0.0030,0.9782,0.0030,0.9792,0.0025,0.5408,0.0436,0.6292,0.0022,0.5808,0.0262,0.7795,0.0144
rk45,16,4,3,0.0130,0.0002,knn,knn,15000,90000,0.6453,0.0021,0.6534,0.0021,0.6491,0.0020,0.2369,0.0133,0.0287,0.0027,0.0512,0.0045,0.3523,0.0031
rk45,16,4,3,0.0130,0.0002,altered_knn,altered_knn,15000,60000,0.8200,0.0179,0.8290,0.0193,0.8447,0.0044,0.0395,0.0059,0.1369,0.0779,0.0563,0.0007,0.4427,0.0100
rk45,16,4,3,0.0130,0.0002,quadratic,quadratic,15000,90000,0.9633,0.0029,0.9703,0.0029,0.9670,0.0030,0.8844,0.0050,0.4264,0.0024,0.5753,0.0031,0.7728,0.0018
rk45,16,4,3,0.0130,0.0002,polar3,polar,15000,90000,0.9744,0.0028,0.9789,0.0028,0.9800,0.0023,0.5418,0.0411,0.6308,0.0008,0.5821,0.0245,0.7805,0.0135
rk45,16,4,3,0.0130,0.0002,knn,knn,20000,120000,0.6495,0.0037,0.6577,0.0038,0.6535,0.0038,0.2503,0.0149,0.0274,0.0049,0.0493,0.0082,0.3535,0.0050
rk45,16,4,3,0.0130,0.0002,altered_knn,altered_knn,20000,80000,0.8059,0.0273,0.8141,0.0290,0.8422,0.0087,0.0313,0.0030,0.1849,0.1031,0.0512,0.0025,0.4326,0.0141
rk45,16,4,3,0.0130,0.0002,quadratic,quadratic,20000,120000,0.9637,0.0028,0.9708,0.0028,0.9674,0.0029,0.8895,0.0029,0.4256,0.0068,0.5758,0.0068,0.7733,0.0030
rk45,16,4,3,0.0130,0.0002,polar3,polar,20000,120000,0.9755,0.0023,0.9800,0.0023,0.9809,0.0020,0.5568,0.0250,0.6314,0.0019,0.5914,0.0141,0.7857,0.0081
rk45,16,8,3,0.0139,0.0002,knn,knn,2000,24000,0.4924,0.0026,0.4982,0.0027,0.4963,0.0024,0.1064,0.0149,0.0781,0.0029,0.0894,0.0039,0.2938,0.0030
rk45,16,8,3,0.0139,0.0002,altered_knn,altered_knn,2000,16000,0.7659,0.0147,0.7751,0.0162,0.7832,0.0035,0.0560,0.0116,0.1146,0.0879,0.0608,0.0066,0.4180,0.0055
rk45,16,8,3,0.0139,0.0002,quadratic,quadratic,2000,24000,0.9194,0.0047,0.9258,0.0049,0.9236,0.0047,0.6892,0.0095,0.4623,0.0074,0.5533,0.0022,0.7396,0.0014
rk45,16,8,3,0.0139,0.0002,polar3,polar,2000,24000,0.9377,0.0028,0.9433,0.0029,0.9416,0.0028,0.6944,0.0117,0.5434,0.0083,0.6096,0.0077,0.7764,0.0045
rk45,16,8,3,0.0139,0.0002,knn,knn,5000,60000,0.5075,0.0035,0.5136,0.0036,0.5116,0.0034,0.1140,0.0074,0.0735,0.0008,0.0893,0.0027,0.3014,0.0030
rk45,16,8,3,0.0139,0.0002,altered_knn,altered_knn,5000,40000,0.7653,0.0201,0.7741,0.0222,0.7881,0.0038,0.0490,0.0108,0.1434,0.1164,0.0586,0.0055,0.4164,0.0093
rk45,16,8,3,0.0139,0.0002,quadratic,quadratic,5000,60000,0.9278,0.0050,0.9343,0.0052,0.9319,0.0051,0.7164,0.0138,0.4670,0.0041,0.5653,0.0017,0.7498,0.0034
rk45,16,8,3,0.0139,0.0002,polar3,polar,5000,60000,0.9527,0.0027,0.9585,0.0028,0.9565,0.0028,0.7479,0.0058,0.5440,0.0067,0.6298,0.0060,0.7942,0.0024
rk45,16,8,3,0.0139,0.0002,knn,knn,10000,120000,0.5206,0.0039,0.5269,0.0040,0.5248,0.0036,0.1296,0.0085,0.0723,0.0007,0.0928,0.0028,0.3098,0.0034
rk45,16,8,3,0.0139,0.0002,altered_knn,altered_knn,10000,80000,0.7782,0.0036,0.7882,0.0038,0.7904,0.0035,0.0500,0.0063,0.0664,0.0336,0.0504,0.0135,0.4193,0.0061
rk45,16,8,3,0.0139,0.0002,quadratic,quadratic,10000,120000,0.9299,0.0051,0.9364,0.0053,0.9340,0.0051,0.7244,0.0137,0.4675,0.0069,0.5681,0.0050,0.7523,0.0044
rk45,16,8,3,0.0139,0.0002,polar3,polar,10000,120000,0.9572,0.0028,0.9630,0.0030,0.9609,0.0029,0.7727,0.0043,0.5451,0.0096,0.6392,0.0076,0.8011,0.0027
rk45,16,8,3,0.0139,0.0002,knn,knn,15000,180000,0.5273,0.0044,0.5337,0.0045,0.5314,0.0041,0.1393,0.0066,0.0704,0.0018,0.0935,0.0017,0.3136,0.0028
rk45,16,8,3,0.0139,0.0002,altered_knn,altered_knn,15000,120000,0.7712,0.0159,0.7804,0.0175,0.7908,0.0024,0.0459,0.0063,0.1160,0.1044,0.0522,0.0109,0.4163,0.0033
rk45,16,8,3,0.0139,0.0002,quadratic,quadratic,15000,180000,0.9310,0.0052,0.9375,0.0054,0.9350,0.0052,0.7347,0.0148,0.4683,0.0064,0.5719,0.0056,0.7547,0.0051
rk45,16,8,3,0.0139,0.0002,polar3,polar,15000,180000,0.9591,0.0032,0.9649,0.0034,0.9627,0.0033,0.7899,0.0032,0.5453,0.0087,0.6452,0.0065,0.8050,0.0023
rk45,16,8,3,0.0139,0.0002,knn,knn,20000,240000,0.5325,0.0043,0.5390,0.0045,0.5367,0.0042,0.1476,0.0034,0.0712,0.0038,0.0960,0.0038,0.3175,0.0006
rk45,16,8,3,0.0139,0.0002,altered_knn,altered_knn,20000,160000,0.7734,0.0090,0.7826,0.0104,0.7918,0.0012,0.0447,0.0022,0.1190,0.0892,0.0578,0.0118,0.4202,0.0008
rk45,16,8,3,0.0139,0.0002,quadratic,quadratic,20000,240000,0.9337,0.0054,0.9404,0.0055,0.9376,0.0054,0.7716,0.0139,0.4567,0.0069,0.5736,0.0045,0.7570,0.0042
rk45,16,8,3,0.0139,0.0002,polar3,polar,20000,240000,0.9608,0.0034,0.9666,0.0036,0.9642,0.0035,0.8370,0.0028,0.5501,0.0076,0.6639,0.0064,0.8152,0.0023
rk45,16,16,3,0.0147,0.0001,knn,knn,2000,48000,0.3952,0.0022,0.3993,0.0022,0.4000,0.0017,0.0679,0.0050,0.1248,0.0031,0.0879,0.0042,0.2436,0.0032
rk45,16,16,3,0.0147,0.0001,altered_knn,altered_knn,2000,32000,0.7215,0.0061,0.7293,0.0072,0.7443,0.0026,0.0557,0.0064,0.1980,0.0669,0.0841,0.0028,0.4067,0.0048
rk45,16,16,3,0.0147,0.0001,quadratic,quadratic,2000,48000,0.9044,0.0044,0.9108,0.0044,0.9098,0.0045,0.5367,0.0023,0.4682,0.0041,0.5001,0.0015,0.7055,0.0028
rk45,16,16,3,0.0147,0.0001,polar3,polar,2000,48000,0.9292,0.0027,0.9357,0.0026,0.9333,0.0026,0.7324,0.0107,0.4917,0.0053,0.5884,0.0058,0.7620,0.0041
rk45,16,16,3,0.0147,0.0001,knn,knn,5000,120000,0.4165,0.0051,0.4208,0.0052,0.4213,0.0051,0.0780,0.0044,0.1238,0.0027,0.0955,0.0026,0.2582,0.0030
rk45,16,16,3,0.0147,0.0001,altered_knn,altered_knn,5000,80000,0.7153,0.0259,0.7229,0.0291,0.7442,0.0011,0.0471,0.0056,0.2028,0.1931,0.0608,0.0130,0.3918,0.0110
rk45,16,16,3,0.0147,0.0001,quadratic,quadratic,5000,120000,0.9119,0.0049,0.9184,0.0049,0.9173,0.0049,0.5563,0.0011,0.4744,0.0044,0.5121,0.0029,0.7153,0.0038
rk45,16,16,3,0.0147,0.0001,polar3,polar,5000,120000,0.9428,0.0024,0.9495,0.0024,0.9468,0.0024,0.7846,0.0119,0.4890,0.0065,0.6024,0.0052,0.7760,0.0037
rk45,16,16,3,0.0147,0.0001,knn,knn,10000,240000,0.4334,0.0043,0.4381,0.0043,0.4382,0.0042,0.0870,0.0037,0.1176,0.0011,0.1000,0.0023,0.2690,0.0024
rk45,16,16,3,0.0147,0.0001,altered_knn,altered_knn,10000,160000,0.7357,0.0030,0.7451,0.0031,0.7498,0.0027,0.0559,0.0022,0.1051,0.0130,0.0728,0.0049,0.4090,0.0023
rk45,16,16,3,0.0147,0.0001,quadratic,quadratic,10000,240000,0.9179,0.0051,0.9246,0.0051,0.9228,0.0051,0.6154,0.0006,0.4661,0.0039,0.5304,0.0027,0.7275,0.0038
rk45,16,16,3,0.0147,0.0001,polar3,polar,10000,240000,0.9489,0.0019,0.9557,0.0017,0.9528,0.0018,0.8133,0.0113,0.4913,0.0068,0.6125,0.0064,0.7841,0.0040
rk45,16,16,3,0.0147,0.0001,knn,knn,15000,360000,0.4426,0.0038,0.4474,0.0039,0.4475,0.0037,0.0922,0.0030,0.1191,0.0025,0.1038,0.0018,0.2756,0.0019
rk45,16,16,3,0.0147,0.0001,altered_knn,altered_knn,15000,240000,0.7324,0.0055,0.7413,0.0065,0.7514,0.0030,0.0489,0.0039,0.1323,0.0679,0.0643,0.0130,0.4028,0.0035
rk45,16,16,3,0.0147,0.0001,quadratic,quadratic,15000,360000,0.9275,0.0050,0.9347,0.0050,0.9319,0.0050,0.7191,0.0020,0.4422,0.0037,0.5477,0.0027,0.7412,0.0038
rk45,16,16,3,0.0147,0.0001,polar3,polar,15000,360000,0.9524,0.0014,0.9592,0.0013,0.9562,0.0014,0.8314,0.0052,0.4996,0.0061,0.6241,0.0056,0.7917,0.0034
rk45,16,16,3,0.0147,0.0001,knn,knn,20000,480000,0.4486,0.0035,0.4535,0.0036,0.4537,0.0035,0.0928,0.0018,0.1180,0.0044,0.1039,0.0028,0.2787,0.0021
rk45,16,16,3,0.0147,0.0001,altered_knn,altered_knn,20000,320000,0.7190,0.0280,0.7261,0.0306,0.7499,0.0065,0.0524,0.0097,0.2344,0.1524,0.0775,0.0042,0.4018,0.0174
rk45,16,16,3,0.0147,0.0001,quadratic,quadratic,20000,480000,0.9330,0.0048,0.9404,0.0048,0.9373,0.0048,0.7699,0.0044,0.4333,0.0035,0.5545,0.0026,0.7475,0.0036
rk45,16,16,3,0.0147,0.0001,polar3,polar,20000,480000,0.9538,0.0014,0.9605,0.0012,0.9576,0.0013,0.8363,0.0034,0.5039,0.0078,0.6289,0.0064,0.7947,0.0038
rk45,32,2,3,0.0142,0.0006,knn,knn,2000,6000,0.7402,0.0043,0.7509,0.0045,0.7450,0.0045,0.1157,0.0281,0.0042,0.0009,0.0081,0.0017,0.3795,0.0021
rk45,32,2,3,0.0142,0.0006,altered_knn,altered_knn,2000,4000,0.7247,0.1325,0.7303,0.1373,0.8082,0.0818,0.0246,0.0040,0.3405,0.2052,0.0444,0.0056,0.3873,0.0710
rk45,32,2,3,0.0142,0.0006,quadratic,quadratic,2000,6000,0.9545,0.0005,0.9640,0.0009,0.9605,0.0006,0.6049,0.0157,0.2995,0.0071,0.4004,0.0031,0.6822,0.0016
rk45,32,2,3,0.0142,0.0006,polar3,polar,2000,6000,0.9639,0.0009,0.9709,0.0006,0.9676,0.0008,0.9039,0.0103,0.4830,0.0142,0.6294,0.0107,0.8001,0.0055
rk45,32,2,3,0.0142,0.0006,knn,knn,5000,15000,0.7512,0.0036,0.7620,0.0038,0.7561,0.0038,0.1522,0.0383,0.0040,0.0005,0.0077,0.0010,0.3849,0.0024
rk45,32,2,3,0.0142,0.0006,altered_knn,altered_knn,5000,10000,0.7147,0.1048,0.7195,0.1090,0.8138,0.0627,0.0232,0.0035,0.3868,0.1747,0.0425,0.0041,0.3810,0.0562
rk45,32,2,3,0.0142,0.0006,quadratic,quadratic,5000,15000,0.9692,0.0008,0.9793,0.0009,0.9746,0.0007,0.8009,0.0137,0.2719,0.0120,0.4057,0.0121,0.6925,0.0057
rk45,32,2,3,0.0142,0.0006,polar3,polar,5000,15000,0.9822,0.0008,0.9880,0.0004,0.9852,0.0005,0.9641,0.0083,0.5784,0.0225,0.7228,0.0182,0.8554,0.0092
rk45,32,2,3,0.0142,0.0006,knn,knn,10000,30000,0.7576,0.0011,0.7685,0.0013,0.7622,0.0013,0.2046,0.0592,0.0041,0.0016,0.0080,0.0032,0.3882,0.0012
rk45,32,2,3,0.0142,0.0006,altered_knn,altered_knn,10000,20000,0.8542,0.0181,0.8646,0.0198,0.8899,0.0049,0.0245,0.0046,0.1342,0.0755,0.0396,0.0122,0.4521,0.0038
rk45,32,2,3,0.0142,0.0006,quadratic,quadratic,10000,30000,0.9757,0.0007,0.9859,0.0008,0.9811,0.0007,0.8293,0.0095,0.2674,0.0088,0.4044,0.0111,0.6952,0.0054
rk45,32,2,3,0.0142,0.0006,polar3,polar,10000,30000,0.9893,0.0005,0.9940,0.0003,0.9917,0.0002,0.9751,0.0075,0.6596,0.0266,0.7867,0.0209,0.8904,0.0104
rk45,32,2,3,0.0142,0.0006,knn,knn,15000,45000,0.7599,0.0021,0.7708,0.0019,0.7644,0.0019,0.1540,0.0511,0.0031,0.0015,0.0061,0.0029,0.3884,0.0023
rk45,32,2,3,0.0142,0.0006,altered_knn,altered_knn,15000,30000,0.8378,0.0137,0.8469,0.0140,0.8866,0.0052,0.0285,0.0007,0.2046,0.0384,0.0498,0.0021,0.4484,0.0060
rk45,32,2,3,0.0142,0.0006,quadratic,quadratic,15000,45000,0.9778,0.0004,0.9880,0.0002,0.9832,0.0001,0.8624,0.0039,0.2706,0.0059,0.4119,0.0065,0.6999,0.0032
rk45,32,2,3,0.0142,0.0006,polar3,polar,15000,45000,0.9905,0.0004,0.9951,0.0004,0.9928,0.0003,0.9753,0.0030,0.6753,0.0204,0.7979,0.0152,0.8965,0.0074
rk45,32,2,3,0.0142,0.0006,knn,knn,20000,60000,0.7628,0.0011,0.7738,0.0008,0.7674,0.0009,0.1294,0.0663,0.0023,0.0012,0.0046,0.0023,0.3892,0.0015
rk45,32,2,3,0.0142,0.0006,altered_knn,altered_knn,20000,40000,0.8226,0.0218,0.8312,0.0230,0.8811,0.0075,0.0258,0.0038,0.2264,0.0608,0.0459,0.0067,0.4385,0.0122
rk45,32,2,3,0.0142,0.0006,quadratic,quadratic,20000,60000,0.9793,0.0004,0.9896,0.0002,0.9847,0.0001,0.8820,0.0092,0.2656,0.0049,0.4083,0.0065,0.6990,0.0032
rk45,32,2,3,0.0142,0.0006,polar3,polar,20000,60000,0.9911,0.0005,0.9956,0.0003,0.9934,0.0003,0.9769,0.0033,0.6814,0.0203,0.8027,0.0152,0.8991,0.0075
rk45,32,4,3,0.0142,0.0004,knn,knn,2000,12000,0.5616,0.0021,0.5694,0.0022,0.5648,0.0022,0.0880,0.0027,0.0144,0.0009,0.0248,0.0014,0.2971,0.0015
rk45,32,4,3,0.0142,0.0004,altered_knn,altered_knn,2000,8000,0.6690,0.1375,0.6737,0.1433,0.7435,0.0772,0.0329,0.0118,0.3464,0.2799,0.0406,0.0124,0.3572,0.0718
rk45,32,4,3,0.0142,0.0004,quadratic,quadratic,2000,12000,0.9246,0.0016,0.9330,0.0015,0.9298,0.0015,0.6400,0.0046,0.3404,0.0073,0.4444,0.0073,0.6887,0.0042
rk45,32,4,3,0.0142,0.0004,polar3,polar,2000,12000,0.9312,0.0025,0.9371,0.0027,0.9341,0.0027,0.9282,0.0146,0.5191,0.0048,0.6658,0.0073,0.8015,0.0023
rk45,32,4,3,0.0142,0.0004,knn,knn,5000,30000,0.5771,0.0032,0.5852,0.0031,0.5808,0.0032,0.1050,0.0186,0.0116,0.0023,0.0208,0.0040,0.3030,0.0024
rk45,32,4,3,0.0142,0.0004,altered_knn,altered_knn,5000,20000,0.8100,0.0011,0.8207,0.0010,0.8228,0.0009,0.0476,0.0007,0.0658,0.0016,0.0552,0.0011,0.4379,0.0001
rk45,32,4,3,0.0142,0.0004,quadratic,quadratic,5000,30000,0.9491,0.0007,0.9578,0.0008,0.9539,0.0008,0.7811,0.0030,0.3424,0.0059,0.4760,0.0056,0.7169,0.0031
rk45,32,4,3,0.0142,0.0004,polar3,polar,5000,30000,0.9626,0.0037,0.9679,0.0038,0.9652,0.0038,0.9711,0.0067,0.5921,0.0013,0.7357,0.0026,0.8518,0.0022
rk45,32,4,3,0.0142,0.0004,knn,knn,10000,60000,0.5874,0.0023,0.5957,0.0022,0.5910,0.0024,0.0955,0.0124,0.0095,0.0017,0.0173,0.0030,0.3065,0.0005
rk45,32,4,3,0.0142,0.0004,altered_knn,altered_knn,10000,40000,0.7992,0.0197,0.8086,0.0215,0.8256,0.0036,0.0420,0.0074,0.1435,0.0944,0.0562,0.0053,0.4324,0.0097
rk45,32,4,3,0.0142,0.0004,quadratic,quadratic,10000,60000,0.9597,0.0007,0.9686,0.0008,0.9645,0.0008,0.8276,0.0112,0.3422,0.0080,0.4841,0.0069,0.7263,0.0038
rk45,32,4,3,0.0142,0.0004,polar3,polar,10000,60000,0.9710,0.0031,0.9762,0.0031,0.9735,0.0031,0.9800,0.0046,0.6104,0.0021,0.7523,0.0018,0.8642,0.0022
rk45,32,4,3,0.0142,0.0004,knn,knn,15000,90000,0.5925,0.0044,0.6009,0.0042,0.5960,0.0044,0.1109,0.0093,0.0101,0.0011,0.0185,0.0019,0.3097,0.0016
rk45,32,4,3,0.0142,0.0004,altered_knn,altered_knn,15000,60000,0.8051,0.0111,0.8148,0.0120,0.8295,0.0010,0.0408,0.0063,0.1297,0.0592,0.0563,0.0076,0.4355,0.0047
rk45,32,4,3,0.0142,0.0004,quadratic,quadratic,15000,90000,0.9636,0.0011,0.9726,0.0012,0.9684,0.0012,0.8372,0.0122,0.3422,0.0017,0.4858,0.0025,0.7292,0.0017
rk45,32,4,3,0.0142,0.0004,polar3,polar,15000,90000,0.9749,0.0024,0.9801,0.0025,0.9775,0.0025,0.9784,0.0050,0.6179,0.0041,0.7574,0.0020,0.8688,0.0021
rk45,32,4,3,0.0142,0.0004,knn,knn,20000,120000,0.5963,0.0031,0.6047,0.0029,0.5999,0.0031,0.1171,0.0220,0.0099,0.0019,0.0183,0.0036,0.3115,0.0030
rk45,32,4,3,0.0142,0.0004,altered_knn,altered_knn,20000,80000,0.8150,0.0079,0.8254,0.0084,0.8325,0.0007,0.0444,0.0039,0.0922,0.0484,0.0557,0.0063,0.4405,0.0011
rk45,32,4,3,0.0142,0.0004,quadratic,quadratic,20000,120000,0.9657,0.0011,0.9747,0.0012,0.9705,0.0012,0.8498,0.0119,0.3445,0.0007,0.4903,0.0022,0.7325,0.0012
rk45,32,4,3,0.0142,0.0004,polar3,polar,20000,120000,0.9762,0.0021,0.9813,0.0022,0.9787,0.0022,0.9781,0.0056,0.6199,0.0020,0.7589,0.0003,0.8701,0.0010
rk45,32,8,3,0.0143,0.0001,knn,knn,2000,24000,0.4264,0.0030,0.4321,0.0031,0.4291,0.0031,0.0668,0.0018,0.0332,0.0014,0.0443,0.0009,0.2382,0.0016
rk45,32,8,3,0.0143,0.0001,altered_knn,altered_knn,2000,16000,0.7350,0.0033,0.7440,0.0034,0.7526,0.0026,0.0438,0.0014,0.1149,0.0131,0.0633,0.0026,0.4036,0.0021
rk45,32,8,3,0.0143,0.0001,quadratic,quadratic,2000,24000,0.8933,0.0026,0.9006,0.0027,0.8985,0.0027,0.5608,0.0051,0.3915,0.0028,0.4611,0.0018,0.6808,0.0023
rk45,32,8,3,0.0143,0.0001,polar3,polar,2000,24000,0.9187,0.0055,0.9247,0.0057,0.9216,0.0056,0.9293,0.0067,0.5096,0.0008,0.6583,0.0014,0.7915,0.0032
rk45,32,8,3,0.0143,0.0001,knn,knn,5000,60000,0.4423,0.0010,0.4482,0.0010,0.4451,0.0010,0.0796,0.0029,0.0327,0.0007,0.0463,0.0011,0.2473,0.0009
rk45,32,8,3,0.0143,0.0001,altered_knn,altered_knn,5000,40000,0.7179,0.0586,0.7249,0.0629,0.7579,0.0166,0.0541,0.0177,0.2385,0.2376,0.0641,0.0055,0.3945,0.0342
rk45,32,8,3,0.0143,0.0001,quadratic,quadratic,5000,60000,0.9241,0.0036,0.9317,0.0036,0.9290,0.0036,0.6627,0.0069,0.3979,0.0080,0.4972,0.0067,0.7145,0.0051
rk45,32,8,3,0.0143,0.0001,polar3,polar,5000,60000,0.9487,0.0082,0.9548,0.0083,0.9517,0.0082,0.9666,0.0033,0.5353,0.0058,0.6890,0.0046,0.8219,0.0058
rk45,32,8,3,0.0143,0.0001,knn,knn,10000,120000,0.4517,0.0024,0.4579,0.0025,0.4545,0.0026,0.0824,0.0075,0.0298,0.0022,0.0437,0.0034,0.2508,0.0015
rk45,32,8,3,0.0143,0.0001,altered_knn,altered_knn,10000,80000,0.7669,0.0013,0.7769,0.0012,0.7780,0.0019,0.0632,0.0016,0.0774,0.0084,0.0693,0.0030,0.4231,0.0020
rk45,32,8,3,0.0143,0.0001,quadratic,quadratic,10000,120000,0.9348,0.0042,0.9426,0.0042,0.9396,0.0042,0.6997,0.0070,0.4021,0.0082,0.5106,0.0072,0.7266,0.0056
rk45,32,8,3,0.0143,0.0001,polar3,polar,10000,120000,0.9576,0.0078,0.9636,0.0079,0.9605,0.0078,0.9739,0.0033,0.5435,0.0041,0.6977,0.0039,0.8306,0.0057
rk45,32,8,3,0.0143,0.0001,knn,knn,15000,180000,0.4597,0.0007,0.4660,0.0008,0.4628,0.0009,0.0884,0.0041,0.0281,0.0020,0.0427,0.0028,0.2543,0.0015
rk45,32,8,3,0.0143,0.0001,altered_knn,altered_knn,15000,120000,0.7648,0.0026,0.7743,0.0031,0.7802,0.0017,0.0565,0.0057,0.1127,0.0403,0.0716,0.0071,0.4229,0.0021
rk45,32,8,3,0.0143,0.0001,quadratic,quadratic,15000,180000,0.9395,0.0048,0.9473,0.0049,0.9442,0.0048,0.7192,0.0114,0.4006,0.0060,0.5145,0.0066,0.7309,0.0058
rk45,32,8,3,0.0143,0.0001,polar3,polar,15000,180000,0.9599,0.0090,0.9659,0.0091,0.9628,0.0090,0.9772,0.0018,0.5450,0.0062,0.6997,0.0049,0.8328,0.0069
rk45,32,8,3,0.0143,0.0001,knn,knn,20000,240000,0.4636,0.0006,0.4700,0.0006,0.4667,0.0007,0.0909,0.0088,0.0274,0.0025,0.0421,0.0039,0.2560,0.0023
rk45,32,8,3,0.0143,0.0001,altered_knn,altered_knn,20000,160000,0.7649,0.0030,0.7743,0.0037,0.7808,0.0022,0.0556,0.0013,0.1191,0.0522,0.0722,0.0104,0.4232,0.0037
rk45,32,8,3,0.0143,0.0001,quadratic,quadratic,20000,240000,0.9440,0.0051,0.9521,0.0051,0.9486,0.0051,0.7771,0.0127,0.3886,0.0074,0.5181,0.0090,0.7351,0.0071
rk45,32,8,3,0.0143,0.0001,polar3,polar,20000,240000,0.9603,0.0091,0.9663,0.0092,0.9632,0.0091,0.9769,0.0023,0.5465,0.0066,0.7009,0.0054,0.8336,0.0072
rk45,32,16,3,0.0152,0.0007,knn,knn,2000,48000,0.3229,0.0034,0.3270,0.0036,0.3246,0.0034,0.0566,0.0009,0.0582,0.0016,0.0574,0.0008,0.1922,0.0017
rk45,32,16,3,0.0152,0.0007,altered_knn,altered_knn,2000,32000,0.6988,0.0054,0.7081,0.0065,0.7116,0.0023,0.0638,0.0064,0.1044,0.0382,0.0755,0.0047,0.3918,0.0012
rk45,32,16,3,0.0152,0.0007,quadratic,quadratic,2000,48000,0.8710,0.0014,0.8780,0.0018,0.8773,0.0015,0.4543,0.0139,0.4215,0.0086,0.4371,0.0066,0.6575,0.0037
rk45,32,16,3,0.0152,0.0007,polar3,polar,2000,48000,0.9115,0.0014,0.9182,0.0019,0.9147,0.0016,0.9386,0.0087,0.4774,0.0132,0.6327,0.0098,0.7755,0.0040
rk45,32,16,3,0.0152,0.0007,knn,knn,5000,120000,0.3382,0.0026,0.3426,0.0028,0.3401,0.0025,0.0619,0.0030,0.0547,0.0015,0.0581,0.0022,0.2004,0.0025
rk45,32,16,3,0.0152,0.0007,altered_knn,altered_knn,5000,80000,0.7117,0.0042,0.7201,0.0051,0.7292,0.0032,0.0666,0.0050,0.1679,0.0727,0.0897,0.0096,0.4049,0.0032
rk45,32,16,3,0.0152,0.0007,quadratic,quadratic,5000,120000,0.9036,0.0025,0.9108,0.0029,0.9095,0.0026,0.5271,0.0164,0.4389,0.0070,0.4788,0.0069,0.6948,0.0042
rk45,32,16,3,0.0152,0.0007,polar3,polar,5000,120000,0.9356,0.0033,0.9427,0.0039,0.9390,0.0036,0.9603,0.0083,0.4768,0.0134,0.6371,0.0102,0.7899,0.0032
rk45,32,16,3,0.0152,0.0007,knn,knn,10000,240000,0.3485,0.0032,0.3531,0.0034,0.3506,0.0032,0.0651,0.0035,0.0507,0.0010,0.0570,0.0019,0.2050,0.0026
rk45,32,16,3,0.0152,0.0007,altered_knn,altered_knn,10000,160000,0.7210,0.0004,0.7304,0.0005,0.7339,0.0025,0.0682,0.0012,0.1109,0.0310,0.0825,0.0096,0.4065,0.0047
rk45,32,16,3,0.0152,0.0007,quadratic,quadratic,10000,240000,0.9198,0.0029,0.9274,0.0034,0.9250,0.0031,0.6223,0.0182,0.4271,0.0115,0.5064,0.0107,0.7169,0.0052
rk45,32,16,3,0.0152,0.0007,polar3,polar,10000,240000,0.9449,0.0023,0.9521,0.0029,0.9484,0.0026,0.9654,0.0087,0.4782,0.0124,0.6395,0.0093,0.7958,0.0032
rk45,32,16,3,0.0152,0.0007,knn,knn,15000,360000,0.3555,0.0028,0.3602,0.0030,0.3576,0.0027,0.0719,0.0016,0.0504,0.0004,0.0593,0.0005,0.2097,0.0017
rk45,32,16,3,0.0152,0.0007,altered_knn,altered_knn,15000,240000,0.7068,0.0176,0.7140,0.0198,0.7345,0.0026,0.0578,0.0080,0.2353,0.1407,0.0835,0.0094,0.3987,0.0102
rk45,32,16,3,0.0152,0.0007,quadratic,quadratic,15000,360000,0.9324,0.0035,0.9408,0.0040,0.9371,0.0037,0.7786,0.0189,0.3930,0.0119,0.5221,0.0101,0.7314,0.0042
rk45,32,16,3,0.0152,0.0007,polar3,polar,15000,360000,0.9486,0.0020,0.9558,0.0025,0.9520,0.0022,0.9678,0.0073,0.4843,0.0130,0.6454,0.0098,0.8006,0.0037
rk45,32,16,3,0.0152,0.0007,knn,knn,20000,480000,0.3596,0.0023,0.3644,0.0026,0.3619,0.0022,0.0714,0.0029,0.0491,0.0019,0.0581,0.0020,0.2113,0.0016
rk45,32,16,3,0.0152,0.0007,altered_knn,altered_knn,20000,320000,0.7191,0.0040,0.7280,0.0049,0.7358,0.0015,0.0599,0.0036,0.1433,0.0346,0.0828,0.0029,0.4054,0.0015
rk45,32,16,3,0.0152,0.0007,quadratic,quadratic,20000,480000,0.9397,0.0030,0.9484,0.0036,0.9443,0.0032,0.8493,0.0130,0.3813,0.0114,0.5262,0.0100,0.7373,0.0037
rk45,32,16,3,0.0152,0.0007,polar3,polar,20000,480000,0.9507,0.0021,0.9577,0.0026,0.9542,0.0023,0.9242,0.0168,0.5006,0.0117,0.6492,0.0056,0.8034,0.0015
rk45,64,2,3,0.0160,0.0004,knn,knn,2000,6000,0.6965,0.0036,0.7078,0.0034,0.7012,0.0037,0.0884,0.0250,0.0043,0.0013,0.0083,0.0025,0.3580,0.0019
rk45,64,2,3,0.0160,0.0004,altered_knn,altered_knn,2000,4000,0.7730,0.0061,0.7822,0.0068,0.8302,0.0033,0.0254,0.0012,0.2064,0.0244,0.0452,0.0024,0.4137,0.0030
rk45,64,2,3,0.0160,0.0004,quadratic,quadratic,2000,6000,0.6725,0.0070,0.6781,0.0074,0.7466,0.0058,0.0273,0.0005,0.3351,0.0120,0.0505,0.0009,0.3643,0.0041
rk45,64,2,3,0.0160,0.0004,polar3,polar,2000,6000,0.9465,0.0027,0.9556,0.0031,0.9514,0.0029,0.8435,0.0129,0.3864,0.0184,0.5296,0.0150,0.7426,0.0062
rk45,64,2,3,0.0160,0.0004,knn,knn,5000,15000,0.7082,0.0019,0.7197,0.0017,0.7132,0.0019,0.0826,0.0039,0.0027,0.0003,0.0052,0.0006,0.3625,0.0010
rk45,64,2,3,0.0160,0.0004,altered_knn,altered_knn,5000,10000,0.7817,0.0015,0.7906,0.0015,0.8414,0.0009,0.0283,0.0015,0.2376,0.0051,0.0505,0.0025,0.4205,0.0020
rk45,64,2,3,0.0160,0.0004,quadratic,quadratic,5000,15000,0.9265,0.0012,0.9368,0.0012,0.9371,0.0011,0.2863,0.0107,0.2981,0.0165,0.2919,0.0122,0.6144,0.0065
rk45,64,2,3,0.0160,0.0004,polar3,polar,5000,15000,0.9670,0.0009,0.9751,0.0005,0.9710,0.0007,0.9739,0.0072,0.4707,0.0182,0.6344,0.0153,0.8047,0.0078
rk45,64,2,3,0.0160,0.0004,knn,knn,10000,30000,0.7163,0.0006,0.7280,0.0004,0.7211,0.0006,0.0377,0.0293,0.0008,0.0006,0.0016,0.0011,0.3648,0.0005
rk45,64,2,3,0.0160,0.0004,altered_knn,altered_knn,10000,20000,0.7464,0.0657,0.7536,0.0684,0.8273,0.0352,0.0256,0.0015,0.3001,0.1098,0.0466,0.0014,0.4001,0.0349
rk45,64,2,3,0.0160,0.0004,quadratic,quadratic,10000,30000,0.9537,0.0003,0.9648,0.0004,0.9611,0.0003,0.5220,0.0023,0.2762,0.0064,0.3612,0.0058,0.6630,0.0028
rk45,64,2,3,0.0160,0.0004,polar3,polar,10000,30000,0.9802,0.0006,0.9870,0.0002,0.9836,0.0004,0.9854,0.0026,0.5603,0.0211,0.7142,0.0167,0.8506,0.0084
rk45,64,2,3,0.0160,0.0004,knn,knn,15000,45000,0.7200,0.0010,0.7318,0.0008,0.7249,0.0010,0.0806,0.0142,0.0019,0.0005,0.0036,0.0009,0.3677,0.0001
rk45,64,2,3,0.0160,0.0004,altered_knn,altered_knn,15000,30000,0.6697,0.1349,0.6742,0.1404,0.7754,0.0890,0.0232,0.0027,0.3987,0.1986,0.0425,0.0030,0.3584,0.0715
rk45,64,2,3,0.0160,0.0004,quadratic,quadratic,15000,45000,0.9614,0.0005,0.9728,0.0004,0.9683,0.0005,0.6215,0.0038,0.2648,0.0086,0.3713,0.0085,0.6721,0.0043
rk45,64,2,3,0.0160,0.0004,polar3,polar,15000,45000,0.9846,0.0006,0.9910,0.0001,0.9878,0.0003,0.9892,0.0017,0.5921,0.0224,0.7406,0.0173,0.8658,0.0087
rk45,64,2,3,0.0160,0.0004,knn,knn,20000,60000,0.7224,0.0019,0.7341,0.0018,0.7274,0.0019,0.0846,0.0034,0.0017,0.0003,0.0033,0.0006,0.3687,0.0011
rk45,64,2,3,0.0160,0.0004,altered_knn,altered_knn,20000,40000,0.8219,0.0011,0.8325,0.0008,0.8681,0.0008,0.0287,0.0021,0.1728,0.0124,0.0492,0.0036,0.4408,0.0019
rk45,64,2,3,0.0160,0.0004,quadratic,quadratic,20000,60000,0.9639,0.0009,0.9755,0.0005,0.9707,0.0006,0.6549,0.0156,0.2549,0.0155,0.3668,0.0183,0.6712,0.0094
rk45,64,2,3,0.0160,0.0004,polar3,polar,20000,60000,0.9856,0.0012,0.9917,0.0007,0.9886,0.0010,0.9902,0.0022,0.6097,0.0256,0.7543,0.0192,0.8730,0.0099
rk45,64,4,3,0.0155,0.0006,knn,knn,2000,12000,0.5025,0.0016,0.5103,0.0014,0.5057,0.0014,0.0412,0.0070,0.0088,0.0015,0.0144,0.0025,0.2624,0.0006
rk45,64,4,3,0.0155,0.0006,altered_knn,altered_knn,2000,8000,0.7351,0.0134,0.7458,0.0149,0.7507,0.0015,0.0433,0.0122,0.0554,0.0630,0.0272,0.0131,0.3865,0.0015
rk45,64,4,3,0.0155,0.0006,quadratic,quadratic,2000,12000,0.7406,0.0012,0.7472,0.0010,0.7683,0.0012,0.0716,0.0020,0.3221,0.0092,0.1172,0.0026,0.4322,0.0008
rk45,64,4,3,0.0155,0.0006,polar3,polar,2000,12000,0.9195,0.0058,0.9272,0.0059,0.9232,0.0058,0.9540,0.0017,0.4328,0.0148,0.5953,0.0139,0.7613,0.0072
rk45,64,4,3,0.0155,0.0006,knn,knn,5000,30000,0.5185,0.0013,0.5266,0.0010,0.5220,0.0009,0.0482,0.0073,0.0079,0.0008,0.0136,0.0015,0.2701,0.0004
rk45,64,4,3,0.0155,0.0006,altered_knn,altered_knn,5000,20000,0.7524,0.0053,0.7629,0.0060,0.7736,0.0011,0.0318,0.0048,0.0839,0.0188,0.0450,0.0031,0.4039,0.0044
rk45,64,4,3,0.0155,0.0006,quadratic,quadratic,5000,30000,0.8935,0.0008,0.9025,0.0008,0.9014,0.0007,0.3797,0.0087,0.3229,0.0031,0.3489,0.0030,0.6257,0.0019
rk45,64,4,3,0.0155,0.0006,polar3,polar,5000,30000,0.9446,0.0013,0.9512,0.0018,0.9477,0.0016,0.9819,0.0034,0.5239,0.0175,0.6830,0.0142,0.8171,0.0063
rk45,64,4,3,0.0155,0.0006,knn,knn,10000,60000,0.5289,0.0013,0.5372,0.0011,0.5322,0.0008,0.0454,0.0105,0.0063,0.0016,0.0110,0.0028,0.2741,0.0014
rk45,64,4,3,0.0155,0.0006,altered_knn,altered_knn,10000,40000,0.7188,0.0542,0.7266,0.0573,0.7723,0.0198,0.0287,0.0045,0.2286,0.1431,0.0485,0.0050,0.3875,0.0299
rk45,64,4,3,0.0155,0.0006,quadratic,quadratic,10000,60000,0.9265,0.0008,0.9361,0.0008,0.9330,0.0008,0.5500,0.0109,0.3160,0.0022,0.4014,0.0047,0.6688,0.0025
rk45,64,4,3,0.0155,0.0006,polar3,polar,10000,60000,0.9659,0.0031,0.9719,0.0037,0.9687,0.0034,0.9886,0.0023,0.5837,0.0245,0.7337,0.0190,0.8528,0.0077
rk45,64,4,3,0.0155,0.0006,knn,knn,15000,90000,0.5337,0.0015,0.5421,0.0012,0.5370,0.0011,0.0508,0.0045,0.0062,0.0009,0.0110,0.0015,0.2765,0.0013
rk45,64,4,3,0.0155,0.0006,altered_knn,altered_knn,15000,60000,0.7165,0.0803,0.7241,0.0843,0.7715,0.0323,0.0309,0.0064,0.2248,0.1864,0.0477,0.0026,0.3859,0.0434
rk45,64,4,3,0.0155,0.0006,quadratic,quadratic,15000,90000,0.9388,0.0012,0.9486,0.0011,0.9451,0.0011,0.6024,0.0020,0.3190,0.0070,0.4171,0.0056,0.6829,0.0024
rk45,64,4,3,0.0155,0.0006,polar3,polar,15000,90000,0.9710,0.0021,0.9769,0.0025,0.9739,0.0023,0.9895,0.0007,0.5983,0.0233,0.7454,0.0183,0.8612,0.0086
rk45,64,4,3,0.0155,0.0006,knn,knn,20000,120000,0.5366,0.0025,0.5450,0.0022,0.5398,0.0021,0.0628,0.0027,0.0070,0.0001,0.0126,0.0002,0.2788,0.0011
rk45,64,4,3,0.0155,0.0006,altered_knn,altered_knn,20000,80000,0.7798,0.0092,0.7909,0.0099,0.7985,0.0014,0.0328,0.0014,0.0722,0.0493,0.0366,0.0188,0.4138,0.0048
rk45,64,4,3,0.0155,0.0006,quadratic,quadratic,20000,120000,0.9445,0.0011,0.9545,0.0010,0.9507,0.0009,0.6305,0.0079,0.3113,0.0072,0.4167,0.0053,0.6856,0.0028
rk45,64,4,3,0.0155,0.0006,polar3,polar,20000,120000,0.9721,0.0018,0.9779,0.0024,0.9749,0.0022,0.9896,0.0010,0.6056,0.0221,0.7512,0.0170,0.8645,0.0074
rk45,64,8,3,0.0161,0.0003,knn,knn,2000,24000,0.3605,0.0016,0.3661,0.0016,0.3628,0.0010,0.0369,0.0007,0.0204,0.0011,0.0262,0.0010,0.1962,0.0004
rk45,64,8,3,0.0161,0.0003,altered_knn,altered_knn,2000,16000,0.6630,0.0161,0.6726,0.0176,0.6829,0.0014,0.0348,0.0068,0.0811,0.0698,0.0374,0.0087,0.3550,0.0069
rk45,64,8,3,0.0161,0.0003,quadratic,quadratic,2000,24000,0.7249,0.0027,0.7316,0.0027,0.7419,0.0026,0.1168,0.0027,0.3168,0.0026,0.1707,0.0026,0.4511,0.0020
rk45,64,8,3,0.0161,0.0003,polar3,polar,2000,24000,0.8975,0.0034,0.9047,0.0033,0.9009,0.0033,0.9572,0.0057,0.4546,0.0024,0.6164,0.0031,0.7606,0.0030
rk45,64,8,3,0.0161,0.0003,knn,knn,5000,60000,0.3750,0.0022,0.3808,0.0021,0.3773,0.0016,0.0449,0.0040,0.0203,0.0022,0.0280,0.0028,0.2044,0.0025
rk45,64,8,3,0.0161,0.0003,altered_knn,altered_knn,5000,40000,0.6835,0.0229,0.6927,0.0251,0.7097,0.0016,0.0402,0.0091,0.1244,0.1047,0.0488,0.0057,0.3707,0.0122
rk45,64,8,3,0.0161,0.0003,quadratic,quadratic,5000,60000,0.8575,0.0009,0.8659,0.0008,0.8652,0.0008,0.3771,0.0029,0.3443,0.0038,0.3599,0.0017,0.6129,0.0008
rk45,64,8,3,0.0161,0.0003,polar3,polar,5000,60000,0.9363,0.0047,0.9432,0.0046,0.9396,0.0046,0.9796,0.0038,0.5196,0.0037,0.6790,0.0039,0.8111,0.0035
rk45,64,8,3,0.0161,0.0003,knn,knn,10000,120000,0.3873,0.0021,0.3934,0.0020,0.3901,0.0016,0.0452,0.0014,0.0177,0.0009,0.0255,0.0012,0.2094,0.0010
rk45,64,8,3,0.0161,0.0003,altered_knn,altered_knn,10000,80000,0.6941,0.0189,0.7028,0.0207,0.7269,0.0028,0.0361,0.0069,0.1659,0.0912,0.0536,0.0025,0.3782,0.0095
rk45,64,8,3,0.0161,0.0003,quadratic,quadratic,10000,120000,0.8977,0.0010,0.9066,0.0009,0.9044,0.0010,0.4963,0.0119,0.3530,0.0055,0.4125,0.0077,0.6596,0.0035
rk45,64,8,3,0.0161,0.0003,polar3,polar,10000,120000,0.9487,0.0032,0.9555,0.0032,0.9519,0.0032,0.9848,0.0030,0.5371,0.0031,0.6951,0.0026,0.8253,0.0025
rk45,64,8,3,0.0161,0.0003,knn,knn,15000,180000,0.3925,0.0024,0.3987,0.0023,0.3951,0.0019,0.0492,0.0018,0.0182,0.0009,0.0266,0.0012,0.2126,0.0011
rk45,64,8,3,0.0161,0.0003,altered_knn,altered_knn,15000,120000,0.6981,0.0118,0.7064,0.0128,0.7355,0.0015,0.0333,0.0038,0.1910,0.0585,0.0558,0.0053,0.3811,0.0065
rk45,64,8,3,0.0161,0.0003,quadratic,quadratic,15000,180000,0.9130,0.0013,0.9220,0.0012,0.9194,0.0013,0.5463,0.0108,0.3586,0.0023,0.4330,0.0051,0.6775,0.0021
rk45,64,8,3,0.0161,0.0003,polar3,polar,15000,180000,0.9537,0.0038,0.9605,0.0038,0.9570,0.0038,0.9852,0.0025,0.5387,0.0050,0.6965,0.0047,0.8285,0.0020
rk45,64,8,3,0.0161,0.0003,knn,knn,20000,240000,0.3972,0.0025,0.4034,0.0024,0.3999,0.0022,0.0536,0.0064,0.0189,0.0026,0.0279,0.0037,0.2157,0.0025
rk45,64,8,3,0.0161,0.0003,altered_knn,altered_knn,20000,160000,0.7179,0.0194,0.7274,0.0211,0.7422,0.0024,0.0458,0.0080,0.1324,0.0931,0.0590,0.0024,0.3932,0.0099
rk45,64,8,3,0.0161,0.0003,quadratic,quadratic,20000,240000,0.9241,0.0008,0.9336,0.0006,0.9301,0.0007,0.6327,0.0074,0.3424,0.0049,0.4443,0.0048,0.6889,0.0025
rk45,64,8,3,0.0161,0.0003,polar3,polar,20000,240000,0.9548,0.0041,0.9616,0.0042,0.9581,0.0041,0.9847,0.0025,0.5417,0.0039,0.6989,0.0036,0.8302,0.0016
rk45,64,16,3,0.0171,0.0003,knn,knn,2000,48000,0.2610,0.0011,0.2649,0.0010,0.2620,0.0009,0.0397,0.0013,0.0391,0.0004,0.0394,0.0008,0.1521,0.0008
rk45,64,16,3,0.0171,0.0003,altered_knn,altered_knn,2000,32000,0.6156,0.0079,0.6242,0.0096,0.6381,0.0035,0.0381,0.0061,0.1217,0.0802,0.0434,0.0191,0.3338,0.0048
rk45,64,16,3,0.0171,0.0003,quadratic,quadratic,2000,48000,0.7062,0.0009,0.7127,0.0010,0.7218,0.0008,0.1356,0.0027,0.3336,0.0058,0.1927,0.0024,0.4527,0.0013
rk45,64,16,3,0.0171,0.0003,polar3,polar,2000,48000,0.8852,0.0041,0.8925,0.0043,0.8885,0.0042,0.9617,0.0037,0.4612,0.0046,0.6234,0.0044,0.7580,0.0002
rk45,64,16,3,0.0171,0.0003,knn,knn,5000,120000,0.2742,0.0013,0.2783,0.0013,0.2753,0.0012,0.0403,0.0016,0.0349,0.0021,0.0374,0.0019,0.1579,0.0015
rk45,64,16,3,0.0171,0.0003,altered_knn,altered_knn,5000,80000,0.6491,0.0036,0.6584,0.0040,0.6696,0.0008,0.0390,0.0007,0.1155,0.0226,0.0580,0.0033,0.3582,0.0005
rk45,64,16,3,0.0171,0.0003,quadratic,quadratic,5000,120000,0.8329,0.0005,0.8408,0.0004,0.8422,0.0004,0.3187,0.0051,0.3806,0.0024,0.3469,0.0033,0.5938,0.0017
rk45,64,16,3,0.0171,0.0003,polar3,polar,5000,120000,0.9216,0.0042,0.9293,0.0044,0.9252,0.0043,0.9790,0.0033,0.4761,0.0030,0.6406,0.0032,0.7850,0.0010
rk45,64,16,3,0.0171,0.0003,knn,knn,10000,240000,0.2844,0.0007,0.2888,0.0006,0.2856,0.0005,0.0436,0.0030,0.0329,0.0018,0.0375,0.0022,0.1631,0.0012
rk45,64,16,3,0.0171,0.0003,altered_knn,altered_knn,10000,160000,0.6728,0.0032,0.6830,0.0034,0.6878,0.0020,0.0465,0.0034,0.0829,0.0199,0.0581,0.0035,0.3705,0.0011
rk45,64,16,3,0.0171,0.0003,quadratic,quadratic,10000,240000,0.8822,0.0010,0.8909,0.0009,0.8893,0.0009,0.4741,0.0053,0.3789,0.0034,0.4211,0.0009,0.6560,0.0001
rk45,64,16,3,0.0171,0.0003,polar3,polar,10000,240000,0.9332,0.0033,0.9411,0.0035,0.9370,0.0034,0.9809,0.0033,0.4797,0.0030,0.6443,0.0029,0.7927,0.0011
rk45,64,16,3,0.0171,0.0003,knn,knn,15000,360000,0.2903,0.0008,0.2948,0.0007,0.2918,0.0006,0.0442,0.0027,0.0312,0.0018,0.0366,0.0022,0.1657,0.0012
rk45,64,16,3,0.0171,0.0003,altered_knn,altered_knn,15000,240000,0.6864,0.0024,0.6975,0.0025,0.6957,0.0016,0.0647,0.0082,0.0440,0.0180,0.0485,0.0132,0.3730,0.0056
rk45,64,16,3,0.0171,0.0003,quadratic,quadratic,15000,360000,0.9089,0.0008,0.9188,0.0008,0.9147,0.0008,0.7009,0.0084,0.3373,0.0027,0.4554,0.0017,0.6871,0.0005
rk45,64,16,3,0.0171,0.0003,polar3,polar,15000,360000,0.9418,0.0028,0.9497,0.0029,0.9455,0.0029,0.9812,0.0031,0.4830,0.0028,0.6473,0.0026,0.7985,0.0002
rk45,64,16,3,0.0171,0.0003,knn,knn,20000,480000,0.2935,0.0013,0.2980,0.0013,0.2949,0.0012,0.0470,0.0012,0.0318,0.0011,0.0379,0.0012,0.1680,0.0009
rk45,64,16,3,0.0171,0.0003,altered_knn,altered_knn,20000,320000,0.6926,0.0016,0.7037,0.0015,0.7023,0.0018,0.0640,0.0012,0.0496,0.0051,0.0557,0.0027,0.3797,0.0018
rk45,64,16,3,0.0171,0.0003,quadratic,quadratic,20000,480000,0.9226,0.0013,0.9330,0.0012,0.9281,0.0013,0.8182,0.0038,0.3194,0.0014,0.4594,0.0009,0.6962,0.0006
rk45,64,16,3,0.0171,0.0003,polar3,polar,20000,480000,0.9460,0.0028,0.9540,0.0029,0.9498,0.0028,0.9811,0.0035,0.4850,0.0026,0.6491,0.0022,0.8016,0.0003
rk45,128,2,3,0.0173,0.0002,knn,knn,2000,6000,0.6574,0.0036,0.6689,0.0037,0.6620,0.0036,0.0383,0.0124,0.0021,0.0007,0.0040,0.0013,0.3365,0.0013
rk45,128,2,3,0.0173,0.0002,altered_knn,altered_knn,2000,4000,0.7278,0.0015,0.7376,0.0015,0.7868,0.0012,0.0209,0.0006,0.1699,0.0045,0.0373,0.0011,0.3874,0.0006
rk45,128,2,3,0.0173,0.0002,quadratic,quadratic,2000,6000,0.4098,0.0023,0.4112,0.0024,0.4833,0.0024,0.0183,0.0004,0.3291,0.0036,0.0347,0.0008,0.2229,0.0013
rk45,128,2,3,0.0173,0.0002,polar3,polar,2000,6000,0.9367,0.0012,0.9470,0.0013,0.9429,0.0014,0.7003,0.0447,0.3487,0.0180,0.4654,0.0248,0.7062,0.0121
rk45,128,2,3,0.0173,0.0002,knn,knn,5000,15000,0.6680,0.0016,0.6798,0.0016,0.6728,0.0017,0.0410,0.0176,0.0019,0.0007,0.0037,0.0014,0.3417,0.0007
rk45,128,2,3,0.0173,0.0002,altered_knn,altered_knn,5000,10000,0.6094,0.1075,0.6132,0.1120,0.7229,0.0670,0.0214,0.0022,0.3892,0.1488,0.0399,0.0025,0.3266,0.0572
rk45,128,2,3,0.0173,0.0002,quadratic,quadratic,5000,15000,0.4683,0.0024,0.4706,0.0024,0.5575,0.0026,0.0181,0.0003,0.3382,0.0035,0.0343,0.0005,0.2524,0.0010
rk45,128,2,3,0.0173,0.0002,polar3,polar,5000,15000,0.9518,0.0037,0.9617,0.0036,0.9567,0.0037,0.9502,0.0066,0.3909,0.0041,0.5539,0.0047,0.7578,0.0030
rk45,128,2,3,0.0173,0.0002,knn,knn,10000,30000,0.6759,0.0006,0.6878,0.0008,0.6803,0.0007,0.0400,0.0329,0.0014,0.0012,0.0026,0.0023,0.3452,0.0008
rk45,128,2,3,0.0173,0.0002,altered_knn,altered_knn,10000,20000,0.5984,0.1175,0.6017,0.1226,0.7172,0.0722,0.0209,0.0013,0.4105,0.1744,0.0390,0.0008,0.3204,0.0617
rk45,128,2,3,0.0173,0.0002,quadratic,quadratic,10000,30000,0.7526,0.0016,0.7601,0.0016,0.8184,0.0013,0.0359,0.0012,0.3269,0.0102,0.0647,0.0021,0.4124,0.0017
rk45,128,2,3,0.0173,0.0002,polar3,polar,10000,30000,0.9640,0.0030,0.9730,0.0028,0.9684,0.0029,0.9877,0.0037,0.4526,0.0158,0.6206,0.0157,0.7968,0.0091
rk45,128,2,3,0.0173,0.0002,knn,knn,15000,45000,0.6783,0.0017,0.6902,0.0017,0.6828,0.0017,0.0265,0.0097,0.0008,0.0003,0.0015,0.0005,0.3458,0.0011
rk45,128,2,3,0.0173,0.0002,altered_knn,altered_knn,15000,30000,0.6382,0.1022,0.6428,0.1067,0.7483,0.0615,0.0221,0.0020,0.3763,0.1522,0.0409,0.0021,0.3419,0.0543
rk45,128,2,3,0.0173,0.0002,quadratic,quadratic,15000,45000,0.8710,0.0005,0.8806,0.0004,0.9012,0.0003,0.0898,0.0027,0.3234,0.0091,0.1406,0.0041,0.5106,0.0022
rk45,128,2,3,0.0173,0.0002,polar3,polar,15000,45000,0.9674,0.0013,0.9756,0.0013,0.9714,0.0013,0.9926,0.0037,0.4987,0.0142,0.6637,0.0134,0.8197,0.0066
rk45,128,2,3,0.0173,0.0002,knn,knn,20000,60000,0.6815,0.0009,0.6935,0.0010,0.6861,0.0010,0.0462,0.0269,0.0013,0.0007,0.0026,0.0014,0.3480,0.0010
rk45,128,2,3,0.0173,0.0002,altered_knn,altered_knn,20000,40000,0.7243,0.0711,0.7326,0.0746,0.8021,0.0366,0.0231,0.0009,0.2540,0.1313,0.0415,0.0011,0.3871,0.0371
rk45,128,2,3,0.0173,0.0002,quadratic,quadratic,20000,60000,0.9090,0.0013,0.9198,0.0014,0.9281,0.0010,0.1475,0.0074,0.2969,0.0063,0.1970,0.0078,0.5584,0.0046
rk45,128,2,3,0.0173,0.0002,polar3,polar,20000,60000,0.9730,0.0015,0.9806,0.0016,0.9766,0.0015,0.9953,0.0038,0.5411,0.0160,0.7009,0.0141,0.8407,0.0066
rk45,128,4,3,0.0156,0.0001,knn,knn,2000,12000,0.4461,0.0026,0.4530,0.0027,0.4484,0.0029,0.0287,0.0036,0.0081,0.0010,0.0127,0.0016,0.2328,0.0012
rk45,128,4,3,0.0156,0.0001,altered_knn,altered_knn,2000,8000,0.6123,0.0536,0.6189,0.0565,0.6662,0.0191,0.0199,0.0011,0.1964,0.1336,0.0344,0.0014,0.3266,0.0279
rk45,128,4,3,0.0156,0.0001,quadratic,quadratic,2000,12000,0.3113,0.0016,0.3105,0.0016,0.3727,0.0016,0.0163,0.0005,0.3604,0.0094,0.0312,0.0009,0.1708,0.0011
rk45,128,4,3,0.0156,0.0001,polar3,polar,2000,12000,0.9093,0.0018,0.9176,0.0018,0.9132,0.0017,0.9622,0.0059,0.3853,0.0064,0.5502,0.0074,0.7339,0.0046
rk45,128,4,3,0.0156,0.0001,knn,knn,5000,30000,0.4600,0.0007,0.4671,0.0008,0.4623,0.0007,0.0354,0.0013,0.0081,0.0005,0.0132,0.0007,0.2402,0.0004
rk45,128,4,3,0.0156,0.0001,altered_knn,altered_knn,5000,20000,0.6811,0.0092,0.6906,0.0097,0.7063,0.0028,0.0205,0.0007,0.0783,0.0225,0.0320,0.0009,0.3613,0.0044
rk45,128,4,3,0.0156,0.0001,quadratic,quadratic,5000,30000,0.4967,0.0014,0.4994,0.0016,0.5672,0.0015,0.0202,0.0004,0.3252,0.0087,0.0380,0.0008,0.2687,0.0006
rk45,128,4,3,0.0156,0.0001,polar3,polar,5000,30000,0.9386,0.0037,0.9455,0.0038,0.9418,0.0037,0.9871,0.0034,0.5054,0.0061,0.6685,0.0047,0.8070,0.0011
rk45,128,4,3,0.0156,0.0001,knn,knn,10000,60000,0.4694,0.0017,0.4768,0.0018,0.4719,0.0017,0.0303,0.0071,0.0056,0.0014,0.0094,0.0023,0.2431,0.0014
rk45,128,4,3,0.0156,0.0001,altered_knn,altered_knn,10000,40000,0.5765,0.0997,0.5804,0.1046,0.6660,0.0464,0.0195,0.0020,0.3279,0.2110,0.0323,0.0039,0.3064,0.0507
rk45,128,4,3,0.0156,0.0001,quadratic,quadratic,10000,60000,0.7763,0.0011,0.7833,0.0012,0.8048,0.0011,0.0760,0.0016,0.3333,0.0076,0.1237,0.0026,0.4535,0.0007
rk45,128,4,3,0.0156,0.0001,polar3,polar,10000,60000,0.9591,0.0040,0.9650,0.0041,0.9619,0.0041,0.9923,0.0017,0.5903,0.0064,0.7402,0.0046,0.8526,0.0012
rk45,128,4,3,0.0156,0.0001,knn,knn,15000,90000,0.4741,0.0020,0.4815,0.0020,0.4764,0.0020,0.0329,0.0014,0.0058,0.0003,0.0098,0.0004,0.2457,0.0008
rk45,128,4,3,0.0156,0.0001,altered_knn,altered_knn,15000,60000,0.6768,0.0170,0.6851,0.0180,0.7215,0.0050,0.0205,0.0007,0.1510,0.0434,0.0357,0.0003,0.3604,0.0089
rk45,128,4,3,0.0156,0.0001,quadratic,quadratic,15000,90000,0.8472,0.0016,0.8553,0.0015,0.8638,0.0016,0.1500,0.0027,0.3390,0.0078,0.2079,0.0041,0.5316,0.0026
rk45,128,4,3,0.0156,0.0001,polar3,polar,15000,90000,0.9669,0.0040,0.9722,0.0042,0.9694,0.0041,0.9895,0.0019,0.6323,0.0082,0.7715,0.0056,0.8719,0.0008
rk45,128,4,3,0.0156,0.0001,knn,knn,20000,120000,0.4776,0.0010,0.4850,0.0009,0.4800,0.0010,0.0406,0.0031,0.0065,0.0006,0.0112,0.0009,0.2481,0.0001
rk45,128,4,3,0.0156,0.0001,altered_knn,altered_knn,20000,80000,0.6695,0.0381,0.6772,0.0401,0.7237,0.0125,0.0206,0.0012,0.1834,0.0876,0.0361,0.0004,0.3566,0.0201
rk45,128,4,3,0.0156,0.0001,quadratic,quadratic,20000,120000,0.8778,0.0008,0.8866,0.0009,0.8909,0.0009,0.1976,0.0020,0.3189,0.0034,0.2440,0.0025,0.5653,0.0008
rk45,128,4,3,0.0156,0.0001,polar3,polar,20000,120000,0.9689,0.0025,0.9740,0.0027,0.9713,0.0026,0.9899,0.0010,0.6505,0.0101,0.7851,0.0070,0.8795,0.0024
rk45,128,8,3,0.0153,0.0000,knn,knn,2000,24000,0.3035,0.0003,0.3079,0.0003,0.3046,0.0007,0.0266,0.0037,0.0198,0.0029,0.0227,0.0032,0.1653,0.0017
rk45,128,8,3,0.0153,0.0000,altered_knn,altered_knn,2000,16000,0.5827,0.0031,0.5911,0.0035,0.5948,0.0022,0.0206,0.0010,0.0411,0.0267,0.0231,0.0116,0.3071,0.0041
rk45,128,8,3,0.0153,0.0000,quadratic,quadratic,2000,24000,0.3279,0.0014,0.3272,0.0015,0.3921,0.0019,0.0169,0.0004,0.3769,0.0067,0.0323,0.0007,0.1797,0.0006
rk45,128,8,3,0.0153,0.0000,polar3,polar,2000,24000,0.8843,0.0031,0.8907,0.0032,0.8869,0.0033,0.9760,0.0028,0.4723,0.0091,0.6365,0.0079,0.7636,0.0036
rk45,128,8,3,0.0153,0.0000,knn,knn,5000,60000,0.3162,0.0011,0.3208,0.0011,0.3174,0.0008,0.0281,0.0014,0.0189,0.0012,0.0226,0.0013,0.1717,0.0007
rk45,128,8,3,0.0153,0.0000,altered_knn,altered_knn,5000,40000,0.5984,0.0217,0.6064,0.0232,0.6220,0.0046,0.0209,0.0016,0.0858,0.0726,0.0282,0.0067,0.3173,0.0096
rk45,128,8,3,0.0153,0.0000,quadratic,quadratic,5000,60000,0.5370,0.0003,0.5404,0.0004,0.5893,0.0005,0.0268,0.0005,0.3140,0.0073,0.0494,0.0010,0.2949,0.0003
rk45,128,8,3,0.0153,0.0000,polar3,polar,5000,60000,0.9298,0.0036,0.9353,0.0036,0.9322,0.0036,0.9883,0.0003,0.5766,0.0043,0.7283,0.0034,0.8318,0.0034
rk45,128,8,3,0.0153,0.0000,knn,knn,10000,120000,0.3258,0.0010,0.3306,0.0010,0.3269,0.0007,0.0307,0.0032,0.0169,0.0023,0.0218,0.0027,0.1762,0.0010
rk45,128,8,3,0.0153,0.0000,altered_knn,altered_knn,10000,80000,0.6179,0.0224,0.6261,0.0239,0.6425,0.0047,0.0223,0.0019,0.0915,0.0744,0.0315,0.0031,0.3288,0.0104
rk45,128,8,3,0.0153,0.0000,quadratic,quadratic,10000,120000,0.7436,0.0004,0.7496,0.0004,0.7646,0.0005,0.1006,0.0008,0.3565,0.0015,0.1569,0.0011,0.4532,0.0003
rk45,128,8,3,0.0153,0.0000,polar3,polar,10000,120000,0.9495,0.0026,0.9545,0.0027,0.9517,0.0027,0.9882,0.0016,0.6283,0.0058,0.7682,0.0048,0.8613,0.0031
rk45,128,8,3,0.0153,0.0000,knn,knn,15000,180000,0.3304,0.0009,0.3353,0.0009,0.3317,0.0006,0.0301,0.0032,0.0158,0.0013,0.0207,0.0019,0.1780,0.0009
rk45,128,8,3,0.0153,0.0000,altered_knn,altered_knn,15000,120000,0.5767,0.0543,0.5818,0.0578,0.6377,0.0149,0.0243,0.0066,0.2452,0.1749,0.0271,0.0144,0.3045,0.0225
rk45,128,8,3,0.0153,0.0000,quadratic,quadratic,15000,180000,0.8120,0.0009,0.8190,0.0010,0.8262,0.0008,0.1707,0.0034,0.3644,0.0049,0.2325,0.0038,0.5258,0.0023
rk45,128,8,3,0.0153,0.0000,polar3,polar,15000,180000,0.9553,0.0033,0.9602,0.0032,0.9576,0.0033,0.9882,0.0011,0.6415,0.0079,0.7780,0.0055,0.8691,0.0038
rk45,128,8,3,0.0153,0.0000,knn,knn,20000,240000,0.3333,0.0003,0.3382,0.0004,0.3346,0.0006,0.0324,0.0027,0.0160,0.0017,0.0214,0.0021,0.1798,0.0011
rk45,128,8,3,0.0153,0.0000,altered_knn,altered_knn,20000,160000,0.6489,0.0013,0.6583,0.0013,0.6626,0.0008,0.0231,0.0002,0.0448,0.0029,0.0305,0.0005,0.3444,0.0005
rk45,128,8,3,0.0153,0.0000,quadratic,quadratic,20000,240000,0.8509,0.0007,0.8586,0.0007,0.8609,0.0007,0.2603,0.0021,0.3515,0.0036,0.2991,0.0015,0.5788,0.0004
rk45,128,8,3,0.0153,0.0000,polar3,polar,20000,240000,0.9569,0.0014,0.9617,0.0016,0.9591,0.0015,0.9873,0.0005,0.6497,0.0078,0.7836,0.0055,0.8727,0.0020
rk45,128,16,3,0.0140,0.0004,knn,knn,2000,48000,0.2059,0.0001,0.2083,0.0002,0.2060,0.0001,0.0239,0.0006,0.0366,0.0009,0.0289,0.0007,0.1186,0.0004
rk45,128,16,3,0.0140,0.0004,altered_knn,altered_knn,2000,32000,0.4510,0.0602,0.4535,0.0638,0.5069,0.0231,0.0178,0.0014,0.2747,0.2050,0.0280,0.0062,0.2407,0.0299
rk45,128,16,3,0.0140,0.0004,quadratic,quadratic,2000,48000,0.3798,0.0005,0.3795,0.0005,0.4481,0.0004,0.0179,0.0005,0.4026,0.0012,0.0342,0.0008,0.2068,0.0002
rk45,128,16,3,0.0140,0.0004,polar3,polar,2000,48000,0.8640,0.0003,0.8682,0.0004,0.8657,0.0003,0.9579,0.0058,0.5671,0.0154,0.7123,0.0118,0.7903,0.0058
rk45,128,16,3,0.0140,0.0004,knn,knn,5000,120000,0.2171,0.0004,0.2197,0.0003,0.2173,0.0004,0.0238,0.0011,0.0325,0.0008,0.0275,0.0010,0.1236,0.0004
rk45,128,16,3,0.0140,0.0004,altered_knn,altered_knn,5000,80000,0.5540,0.0011,0.5617,0.0012,0.5604,0.0011,0.0250,0.0019,0.0185,0.0015,0.0212,0.0016,0.2914,0.0004
rk45,128,16,3,0.0140,0.0004,quadratic,quadratic,5000,120000,0.5458,0.0010,0.5490,0.0010,0.5868,0.0013,0.0319,0.0012,0.3208,0.0047,0.0579,0.0021,0.3035,0.0005
rk45,128,16,3,0.0140,0.0004,polar3,polar,5000,120000,0.9112,0.0049,0.9152,0.0049,0.9128,0.0050,0.9745,0.0068,0.6352,0.0185,0.7690,0.0133,0.8421,0.0078
rk45,128,16,3,0.0140,0.0004,knn,knn,10000,240000,0.2254,0.0004,0.2281,0.0004,0.2254,0.0003,0.0257,0.0015,0.0301,0.0022,0.0277,0.0018,0.1279,0.0010
rk45,128,16,3,0.0140,0.0004,altered_knn,altered_knn,10000,160000,0.5682,0.0078,0.5753,0.0086,0.5858,0.0024,0.0229,0.0035,0.0729,0.0479,0.0292,0.0060,0.3022,0.0032
rk45,128,16,3,0.0140,0.0004,quadratic,quadratic,10000,240000,0.7189,0.0004,0.7238,0.0002,0.7365,0.0003,0.1093,0.0020,0.3764,0.0011,0.1693,0.0022,0.4466,0.0010
rk45,128,16,3,0.0140,0.0004,polar3,polar,10000,240000,0.9236,0.0051,0.9275,0.0053,0.9253,0.0051,0.9752,0.0067,0.6524,0.0149,0.7817,0.0106,0.8546,0.0058
rk45,128,16,3,0.0140,0.0004,knn,knn,15000,360000,0.2293,0.0002,0.2322,0.0003,0.2293,0.0002,0.0246,0.0025,0.0278,0.0019,0.0261,0.0022,0.1291,0.0012
rk45,128,16,3,0.0140,0.0004,altered_knn,altered_knn,15000,240000,0.5729,0.0118,0.5794,0.0129,0.5999,0.0031,0.0235,0.0046,0.1199,0.0737,0.0311,0.0073,0.3052,0.0028
rk45,128,16,3,0.0140,0.0004,quadratic,quadratic,15000,360000,0.8074,0.0008,0.8136,0.0009,0.8147,0.0008,0.3092,0.0082,0.3724,0.0038,0.3378,0.0050,0.5757,0.0029
rk45,128,16,3,0.0140,0.0004,polar3,polar,15000,360000,0.9359,0.0022,0.9398,0.0022,0.9377,0.0022,0.9728,0.0070,0.6643,0.0142,0.7894,0.0099,0.8646,0.0054
rk45,128,16,3,0.0140,0.0004,knn,knn,20000,480000,0.2320,0.0005,0.2349,0.0006,0.2320,0.0007,0.0256,0.0017,0.0282,0.0020,0.0268,0.0018,0.1309,0.0009
rk45,128,16,3,0.0140,0.0004,altered_knn,altered_knn,20000,320000,0.5297,0.0721,0.5333,0.0760,0.5906,0.0292,0.0195,0.0017,0.2802,0.2032,0.0349,0.0012,0.2841,0.0386
rk45,128,16,3,0.0140,0.0004,quadratic,quadratic,20000,480000,0.8492,0.0003,0.8561,0.0005,0.8544,0.0004,0.4949,0.0100,0.3594,0.0014,0.4163,0.0030,0.6362,0.0017
rk45,128,16,3,0.0140,0.0004,polar3,polar,20000,480000,0.9401,0.0009,0.9439,0.0007,0.9418,0.0008,0.9738,0.0064,0.6683,0.0150,0.7926,0.0106,0.8682,0.0056
rk45,256,2,3,0.0222,0.0008,knn,knn,2000,6000,0.6173,0.0015,0.6313,0.0016,0.6224,0.0014,0.0507,0.0029,0.0032,0.0005,0.0060,0.0009,0.3186,0.0008
rk45,256,2,3,0.0222,0.0008,altered_knn,altered_knn,2000,4000,0.5420,0.0930,0.5451,0.0990,0.6570,0.0577,0.0239,0.0014,0.4046,0.1715,0.0446,0.0042,0.2948,0.0474
rk45,256,2,3,0.0222,0.0008,quadratic,quadratic,2000,6000,0.3868,0.0014,0.3889,0.0014,0.4510,0.0011,0.0225,0.0009,0.2951,0.0024,0.0418,0.0016,0.2154,0.0011
rk45,256,2,3,0.0222,0.0008,polar3,polar,2000,6000,0.9232,0.0019,0.9375,0.0015,0.9319,0.0018,0.6201,0.0173,0.2975,0.0095,0.4020,0.0112,0.6698,0.0052
rk45,256,2,3,0.0222,0.0008,knn,knn,5000,15000,0.6270,0.0015,0.6412,0.0013,0.6325,0.0012,0.0489,0.0138,0.0020,0.0006,0.0038,0.0012,0.3225,0.0012
rk45,256,2,3,0.0222,0.0008,altered_knn,altered_knn,5000,10000,0.5700,0.0861,0.5746,0.0917,0.6839,0.0500,0.0243,0.0008,0.3762,0.1479,0.0448,0.0005,0.3097,0.0456
rk45,256,2,3,0.0222,0.0008,quadratic,quadratic,5000,15000,0.3949,0.0015,0.3965,0.0016,0.4671,0.0016,0.0225,0.0010,0.3212,0.0055,0.0421,0.0018,0.2193,0.0014
rk45,256,2,3,0.0222,0.0008,polar3,polar,5000,15000,0.9469,0.0014,0.9614,0.0011,0.9541,0.0012,0.9392,0.0066,0.3117,0.0142,0.4679,0.0163,0.7147,0.0087
rk45,256,2,3,0.0222,0.0008,knn,knn,10000,30000,0.6347,0.0039,0.6491,0.0036,0.6401,0.0036,0.0412,0.0369,0.0014,0.0013,0.0026,0.0025,0.3258,0.0012
rk45,256,2,3,0.0222,0.0008,altered_knn,altered_knn,10000,20000,0.5879,0.0867,0.5928,0.0917,0.7004,0.0505,0.0245,0.0011,0.3646,0.1430,0.0454,0.0033,0.3191,0.0444
rk45,256,2,3,0.0222,0.0008,quadratic,quadratic,10000,30000,0.4155,0.0023,0.4174,0.0024,0.4965,0.0033,0.0222,0.0010,0.3334,0.0106,0.0417,0.0019,0.2295,0.0019
rk45,256,2,3,0.0222,0.0008,polar3,polar,10000,30000,0.9570,0.0003,0.9710,0.0006,0.9638,0.0004,0.9964,0.0017,0.3383,0.0086,0.5051,0.0097,0.7381,0.0049
rk45,256,2,3,0.0222,0.0008,knn,knn,15000,45000,0.6363,0.0021,0.6507,0.0025,0.6416,0.0023,0.0740,0.0163,0.0021,0.0005,0.0040,0.0010,0.3274,0.0014
rk45,256,2,3,0.0222,0.0008,altered_knn,altered_knn,15000,30000,0.5353,0.0011,0.5372,0.0013,0.6730,0.0013,0.0241,0.0013,0.4512,0.0094,0.0458,0.0025,0.2915,0.0006
rk45,256,2,3,0.0222,0.0008,quadratic,quadratic,15000,45000,0.4406,0.0030,0.4426,0.0031,0.5283,0.0037,0.0234,0.0007,0.3569,0.0028,0.0439,0.0012,0.2432,0.0021
rk45,256,2,3,0.0222,0.0008,polar3,polar,15000,45000,0.9617,0.0005,0.9751,0.0010,0.9682,0.0007,0.9992,0.0006,0.3741,0.0102,0.5443,0.0108,0.7597,0.0051
rk45,256,2,3,0.0222,0.0008,knn,knn,20000,60000,0.6406,0.0020,0.6552,0.0023,0.6462,0.0021,0.0409,0.0223,0.0011,0.0006,0.0021,0.0012,0.3286,0.0011
rk45,256,2,3,0.0222,0.0008,altered_knn,altered_knn,20000,40000,0.6024,0.0856,0.6080,0.0903,0.7138,0.0492,0.0245,0.0005,0.3489,0.1323,0.0451,0.0021,0.3266,0.0442
rk45,256,2,3,0.0222,0.0008,quadratic,quadratic,20000,60000,0.4733,0.0028,0.4761,0.0033,0.5679,0.0035,0.0231,0.0005,0.3513,0.0162,0.0433,0.0009,0.2597,0.0016
rk45,256,2,3,0.0222,0.0008,polar3,polar,20000,60000,0.9648,0.0007,0.9777,0.0002,0.9710,0.0004,0.9992,0.0005,0.4003,0.0145,0.5714,0.0147,0.7745,0.0074
rk45,256,4,3,0.0189,0.0004,knn,knn,2000,12000,0.3947,0.0004,0.4021,0.0004,0.3969,0.0003,0.0322,0.0015,0.0097,0.0008,0.0149,0.0011,0.2085,0.0004
rk45,256,4,3,0.0189,0.0004,altered_knn,altered_knn,2000,8000,0.4629,0.0571,0.4648,0.0607,0.5501,0.0317,0.0208,0.0006,0.3654,0.1331,0.0391,0.0008,0.2520,0.0304
rk45,256,4,3,0.0189,0.0004,quadratic,quadratic,2000,12000,0.2161,0.0007,0.2119,0.0008,0.2672,0.0008,0.0194,0.0003,0.4376,0.0029,0.0372,0.0005,0.1245,0.0005
rk45,256,4,3,0.0189,0.0004,polar3,polar,2000,12000,0.8934,0.0026,0.9049,0.0029,0.8990,0.0027,0.9392,0.0001,0.2978,0.0095,0.4521,0.0110,0.6785,0.0054
rk45,256,4,3,0.0189,0.0004,knn,knn,5000,30000,0.4069,0.0012,0.4146,0.0011,0.4092,0.0014,0.0283,0.0055,0.0056,0.0008,0.0094,0.0014,0.2120,0.0002
rk45,256,4,3,0.0189,0.0004,altered_knn,altered_knn,5000,20000,0.5306,0.0581,0.5360,0.0619,0.5989,0.0231,0.0211,0.0012,0.2517,0.1397,0.0364,0.0029,0.2862,0.0296
rk45,256,4,3,0.0189,0.0004,quadratic,quadratic,5000,30000,0.2758,0.0008,0.2735,0.0007,0.3355,0.0008,0.0196,0.0004,0.3978,0.0059,0.0374,0.0007,0.1555,0.0007
rk45,256,4,3,0.0189,0.0004,polar3,polar,5000,30000,0.9258,0.0007,0.9364,0.0006,0.9308,0.0007,0.9934,0.0016,0.3766,0.0090,0.5461,0.0096,0.7412,0.0050
rk45,256,4,3,0.0189,0.0004,knn,knn,10000,60000,0.4155,0.0017,0.4233,0.0018,0.4177,0.0015,0.0337,0.0072,0.0066,0.0013,0.0111,0.0022,0.2172,0.0004
rk45,256,4,3,0.0189,0.0004,altered_knn,altered_knn,10000,40000,0.5396,0.0449,0.5447,0.0477,0.6159,0.0190,0.0210,0.0012,0.2744,0.1015,0.0384,0.0017,0.2916,0.0237
rk45,256,4,3,0.0189,0.0004,quadratic,quadratic,10000,60000,0.3469,0.0012,0.3465,0.0011,0.4178,0.0011,0.0195,0.0001,0.3669,0.0058,0.0371,0.0003,0.1918,0.0005
rk45,256,4,3,0.0189,0.0004,polar3,polar,10000,60000,0.9476,0.0022,0.9567,0.0020,0.9519,0.0021,0.9974,0.0003,0.4752,0.0036,0.6437,0.0033,0.8002,0.0026
rk45,256,4,3,0.0189,0.0004,knn,knn,15000,90000,0.4190,0.0015,0.4269,0.0014,0.4213,0.0013,0.0333,0.0025,0.0058,0.0002,0.0099,0.0004,0.2184,0.0009
rk45,256,4,3,0.0189,0.0004,altered_knn,altered_knn,15000,60000,0.4998,0.0335,0.5020,0.0356,0.6022,0.0175,0.0208,0.0007,0.3839,0.0725,0.0395,0.0011,0.2707,0.0181
rk45,256,4,3,0.0189,0.0004,quadratic,quadratic,15000,90000,0.4191,0.0008,0.4204,0.0008,0.4960,0.0008,0.0208,0.0002,0.3509,0.0056,0.0393,0.0004,0.2298,0.0003
rk45,256,4,3,0.0189,0.0004,polar3,polar,15000,90000,0.9581,0.0017,0.9662,0.0016,0.9620,0.0016,0.9970,0.0016,0.5355,0.0052,0.6967,0.0042,0.8315,0.0024
rk45,256,4,3,0.0189,0.0004,knn,knn,20000,120000,0.4220,0.0011,0.4300,0.0011,0.4244,0.0009,0.0343,0.0038,0.0059,0.0007,0.0101,0.0012,0.2201,0.0005
rk45,256,4,3,0.0189,0.0004,altered_knn,altered_knn,20000,80000,0.6054,0.0391,0.6141,0.0418,0.6499,0.0150,0.0222,0.0004,0.1513,0.0959,0.0362,0.0042,0.3252,0.0191
rk45,256,4,3,0.0189,0.0004,quadratic,quadratic,20000,120000,0.4821,0.0008,0.4850,0.0008,0.5606,0.0012,0.0221,0.0008,0.3328,0.0066,0.0415,0.0015,0.2632,0.0005
rk45,256,4,3,0.0189,0.0004,polar3,polar,20000,120000,0.9653,0.0006,0.9728,0.0004,0.9688,0.0005,0.9972,0.0008,0.5717,0.0008,0.7268,0.0005,0.8498,0.0004
rk45,256,8,3,0.0178,0.0005,knn,knn,2000,24000,0.2540,0.0001,0.2581,0.0002,0.2544,0.0001,0.0286,0.0012,0.0234,0.0019,0.0257,0.0015,0.1419,0.0006
rk45,256,8,3,0.0178,0.0005,altered_knn,altered_knn,2000,16000,0.4382,0.0485,0.4425,0.0521,0.4804,0.0196,0.0200,0.0005,0.1995,0.1520,0.0345,0.0027,0.2385,0.0248
rk45,256,8,3,0.0178,0.0005,quadratic,quadratic,2000,24000,0.1660,0.0006,0.1595,0.0007,0.2139,0.0008,0.0181,0.0005,0.5267,0.0023,0.0351,0.0009,0.0973,0.0005
rk45,256,8,3,0.0178,0.0005,polar3,polar,2000,24000,0.8750,0.0015,0.8839,0.0013,0.8791,0.0015,0.9767,0.0011,0.3849,0.0052,0.5521,0.0054,0.7180,0.0030
rk45,256,8,3,0.0178,0.0005,knn,knn,5000,60000,0.2635,0.0002,0.2679,0.0002,0.2639,0.0003,0.0267,0.0006,0.0178,0.0009,0.0214,0.0008,0.1447,0.0004
rk45,256,8,3,0.0178,0.0005,altered_knn,altered_knn,5000,40000,0.4796,0.0383,0.4855,0.0411,0.5142,0.0133,0.0208,0.0013,0.1544,0.1255,0.0333,0.0067,0.2594,0.0183
rk45,256,8,3,0.0178,0.0005,quadratic,quadratic,5000,60000,0.2603,0.0014,0.2570,0.0012,0.3244,0.0015,0.0186,0.0007,0.4440,0.0050,0.0357,0.0013,0.1463,0.0012
rk45,256,8,3,0.0178,0.0005,polar3,polar,5000,60000,0.9199,0.0012,0.9275,0.0009,0.9233,0.0011,0.9955,0.0011,0.4990,0.0118,0.6647,0.0106,0.7961,0.0054
rk45,256,8,3,0.0178,0.0005,knn,knn,10000,120000,0.2707,0.0008,0.2753,0.0009,0.2711,0.0007,0.0265,0.0039,0.0157,0.0024,0.0197,0.0030,0.1475,0.0014
rk45,256,8,3,0.0178,0.0005,altered_knn,altered_knn,10000,80000,0.4628,0.0530,0.4665,0.0575,0.5227,0.0136,0.0214,0.0022,0.2662,0.1882,0.0273,0.0147,0.2469,0.0215
rk45,256,8,3,0.0178,0.0005,quadratic,quadratic,10000,120000,0.3747,0.0010,0.3747,0.0010,0.4463,0.0011,0.0202,0.0005,0.3769,0.0017,0.0383,0.0009,0.2065,0.0010
rk45,256,8,3,0.0178,0.0005,polar3,polar,10000,120000,0.9424,0.0025,0.9490,0.0025,0.9454,0.0025,0.9960,0.0006,0.5775,0.0055,0.7311,0.0045,0.8401,0.0027
rk45,256,8,3,0.0178,0.0005,knn,knn,15000,180000,0.2744,0.0007,0.2791,0.0008,0.2748,0.0006,0.0277,0.0032,0.0151,0.0020,0.0195,0.0025,0.1493,0.0011
rk45,256,8,3,0.0178,0.0005,altered_knn,altered_knn,15000,120000,0.5060,0.0549,0.5124,0.0593,0.5441,0.0151,0.0212,0.0015,0.1568,0.1827,0.0286,0.0057,0.2705,0.0268
rk45,256,8,3,0.0178,0.0005,quadratic,quadratic,15000,180000,0.4456,0.0010,0.4475,0.0012,0.5148,0.0011,0.0220,0.0005,0.3392,0.0081,0.0414,0.0010,0.2444,0.0009
rk45,256,8,3,0.0178,0.0005,polar3,polar,15000,180000,0.9536,0.0026,0.9600,0.0028,0.9566,0.0027,0.9959,0.0009,0.6028,0.0084,0.7510,0.0066,0.8555,0.0026
rk45,256,8,3,0.0178,0.0005,knn,knn,20000,240000,0.2769,0.0002,0.2817,0.0003,0.2775,0.0002,0.0277,0.0016,0.0142,0.0003,0.0188,0.0006,0.1502,0.0004
rk45,256,8,3,0.0178,0.0005,altered_knn,altered_knn,20000,160000,0.5379,0.0137,0.5462,0.0150,0.5612,0.0039,0.0213,0.0008,0.0875,0.0455,0.0328,0.0022,0.2895,0.0064
rk45,256,8,3,0.0178,0.0005,quadratic,quadratic,20000,240000,0.4985,0.0008,0.5016,0.0008,0.5621,0.0007,0.0253,0.0007,0.3250,0.0060,0.0469,0.0013,0.2743,0.0010
rk45,256,8,3,0.0178,0.0005,polar3,polar,20000,240000,0.9562,0.0022,0.9625,0.0022,0.9591,0.0022,0.9952,0.0003,0.6111,0.0102,0.7572,0.0079,0.8598,0.0042
rk45,256,16,3,0.0161,0.0004,knn,knn,2000,48000,0.1616,0.0004,0.1636,0.0003,0.1613,0.0004,0.0223,0.0005,0.0371,0.0012,0.0278,0.0005,0.0957,0.0002
rk45,256,16,3,0.0161,0.0004,altered_knn,altered_knn,2000,32000,0.3283,0.0542,0.3284,0.0590,0.3809,0.0203,0.0174,0.0001,0.3292,0.2328,0.0243,0.0131,0.1764,0.0231
rk45,256,16,3,0.0161,0.0004,quadratic,quadratic,2000,48000,0.1618,0.0007,0.1543,0.0008,0.2196,0.0011,0.0166,0.0004,0.6221,0.0011,0.0324,0.0007,0.0933,0.0004
rk45,256,16,3,0.0161,0.0004,polar3,polar,2000,48000,0.8395,0.0022,0.8452,0.0022,0.8416,0.0022,0.9746,0.0029,0.4870,0.0077,0.6494,0.0065,0.7473,0.0038
rk45,256,16,3,0.0161,0.0004,knn,knn,5000,120000,0.1697,0.0001,0.1719,0.0000,0.1694,0.0001,0.0222,0.0006,0.0323,0.0014,0.0263,0.0008,0.0991,0.0004
rk45,256,16,3,0.0161,0.0004,altered_knn,altered_knn,5000,80000,0.3695,0.0329,0.3706,0.0357,0.4253,0.0097,0.0180,0.0007,0.3046,0.1347,0.0333,0.0005,0.2019,0.0176
rk45,256,16,3,0.0161,0.0004,quadratic,quadratic,5000,120000,0.2918,0.0001,0.2884,0.0001,0.3700,0.0001,0.0179,0.0003,0.5015,0.0037,0.0346,0.0005,0.1615,0.0002
rk45,256,16,3,0.0161,0.0004,polar3,polar,5000,120000,0.8884,0.0057,0.8930,0.0058,0.8900,0.0056,0.9901,0.0028,0.6102,0.0078,0.7550,0.0058,0.8240,0.0050
rk45,256,16,3,0.0161,0.0004,knn,knn,10000,240000,0.1754,0.0005,0.1777,0.0005,0.1751,0.0005,0.0230,0.0004,0.0305,0.0009,0.0263,0.0005,0.1020,0.0001
rk45,256,16,3,0.0161,0.0004,altered_knn,altered_knn,10000,160000,0.3741,0.0425,0.3747,0.0456,0.4384,0.0174,0.0181,0.0008,0.3441,0.1452,0.0338,0.0003,0.2042,0.0228
rk45,256,16,3,0.0161,0.0004,quadratic,quadratic,10000,240000,0.4057,0.0008,0.4060,0.0009,0.4761,0.0007,0.0204,0.0004,0.3890,0.0029,0.0389,0.0007,0.2224,0.0008
rk45,256,16,3,0.0161,0.0004,polar3,polar,10000,240000,0.9155,0.0019,0.9200,0.0017,0.9172,0.0018,0.9906,0.0023,0.6414,0.0097,0.7786,0.0065,0.8493,0.0041
rk45,256,16,3,0.0161,0.0004,knn,knn,15000,360000,0.1781,0.0004,0.1805,0.0004,0.1778,0.0003,0.0241,0.0004,0.0300,0.0002,0.0267,0.0002,0.1036,0.0002
rk45,256,16,3,0.0161,0.0004,altered_knn,altered_knn,15000,240000,0.4289,0.0289,0.4328,0.0313,0.4682,0.0073,0.0186,0.0006,0.1923,0.1171,0.0329,0.0008,0.2328,0.0153
rk45,256,16,3,0.0161,0.0004,quadratic,quadratic,15000,360000,0.4605,0.0003,0.4626,0.0003,0.5188,0.0003,0.0236,0.0006,0.3375,0.0029,0.0442,0.0010,0.2534,0.0006
rk45,256,16,3,0.0161,0.0004,polar3,polar,15000,360000,0.9241,0.0019,0.9284,0.0016,0.9259,0.0017,0.9874,0.0025,0.6632,0.0101,0.7934,0.0068,0.8609,0.0042
rk45,256,16,3,0.0161,0.0004,knn,knn,20000,480000,0.1806,0.0001,0.1831,0.0001,0.1802,0.0001,0.0231,0.0006,0.0272,0.0013,0.0250,0.0009,0.1040,0.0004
rk45,256,16,3,0.0161,0.0004,altered_knn,altered_knn,20000,320000,0.4129,0.0655,0.4155,0.0701,0.4617,0.0295,0.0184,0.0005,0.2540,0.2119,0.0326,0.0014,0.2240,0.0344
rk45,256,16,3,0.0161,0.0004,quadratic,quadratic,20000,480000,0.5033,0.0008,0.5064,0.0007,0.5501,0.0006,0.0291,0.0005,0.3122,0.0037,0.0532,0.0009,0.2798,0.0006
rk45,256,16,3,0.0161,0.0004,polar3,polar,20000,480000,0.9276,0.0027,0.9318,0.0026,0.9294,0.0026,0.9862,0.0027,0.6733,0.0096,0.8002,0.0062,0.8660,0.0043
rk45,512,2,3,0.0295,0.0012,knn,knn,2000,6000,0.5864,0.0029,0.6042,0.0024,0.5933,0.0025,0.0302,0.0134,0.0018,0.0008,0.0035,0.0016,0.3038,0.0020
rk45,512,2,3,0.0295,0.0012,altered_knn,altered_knn,2000,4000,0.6227,0.0038,0.6355,0.0034,0.6910,0.0033,0.0320,0.0016,0.2012,0.0039,0.0552,0.0025,0.3453,0.0016
rk45,512,2,3,0.0295,0.0012,quadratic,quadratic,2000,6000,0.3705,0.0018,0.3726,0.0022,0.4323,0.0019,0.0298,0.0008,0.3007,0.0100,0.0542,0.0014,0.2134,0.0016
rk45,512,2,3,0.0295,0.0012,polar3,polar,2000,6000,0.8807,0.0003,0.8996,0.0014,0.8931,0.0005,0.4977,0.0216,0.2601,0.0122,0.3410,0.0057,0.6203,0.0022
rk45,512,2,3,0.0295,0.0012,knn,knn,5000,15000,0.5947,0.0018,0.6127,0.0016,0.6018,0.0013,0.0406,0.0100,0.0019,0.0004,0.0037,0.0008,0.3082,0.0004
rk45,512,2,3,0.0295,0.0012,altered_knn,altered_knn,5000,10000,0.5735,0.0913,0.5820,0.0992,0.6646,0.0580,0.0316,0.0013,0.3053,0.1642,0.0558,0.0014,0.3189,0.0492
rk45,512,2,3,0.0295,0.0012,quadratic,quadratic,5000,15000,0.3727,0.0010,0.3742,0.0013,0.4393,0.0012,0.0302,0.0023,0.3248,0.0130,0.0552,0.0041,0.2147,0.0016
rk45,512,2,3,0.0295,0.0012,polar3,polar,5000,15000,0.9282,0.0022,0.9481,0.0012,0.9385,0.0018,0.8264,0.0181,0.2741,0.0103,0.4115,0.0115,0.6798,0.0062
rk45,512,2,3,0.0295,0.0012,knn,knn,10000,30000,0.5988,0.0028,0.6169,0.0027,0.6054,0.0022,0.0237,0.0155,0.0009,0.0006,0.0018,0.0011,0.3093,0.0019
rk45,512,2,3,0.0295,0.0012,altered_knn,altered_knn,10000,20000,0.5246,0.0900,0.5283,0.0977,0.6391,0.0563,0.0321,0.0021,0.4098,0.1541,0.0585,0.0020,0.2934,0.0489
rk45,512,2,3,0.0295,0.0012,quadratic,quadratic,10000,30000,0.3809,0.0010,0.3826,0.0008,0.4512,0.0009,0.0295,0.0013,0.3251,0.0071,0.0541,0.0021,0.2183,0.0013
rk45,512,2,3,0.0295,0.0012,polar3,polar,10000,30000,0.9420,0.0033,0.9620,0.0022,0.9516,0.0028,0.9857,0.0065,0.2827,0.0137,0.4392,0.0166,0.7006,0.0093
rk45,512,2,3,0.0295,0.0012,knn,knn,15000,45000,0.6021,0.0014,0.6203,0.0012,0.6087,0.0017,0.0512,0.0084,0.0015,0.0001,0.0029,0.0002,0.3116,0.0007
rk45,512,2,3,0.0295,0.0012,altered_knn,altered_knn,15000,30000,0.5969,0.0918,0.6064,0.0991,0.6872,0.0578,0.0327,0.0030,0.2927,0.1433,0.0573,0.0030,0.3319,0.0504
rk45,512,2,3,0.0295,0.0012,quadratic,quadratic,15000,45000,0.3899,0.0017,0.3916,0.0017,0.4627,0.0019,0.0300,0.0025,0.3330,0.0149,0.0550,0.0044,0.2233,0.0022
rk45,512,2,3,0.0295,0.0012,polar3,polar,15000,45000,0.9489,0.0012,0.9686,0.0009,0.9584,0.0008,0.9959,0.0026,0.3024,0.0145,0.4637,0.0169,0.7161,0.0084
rk45,512,2,3,0.0295,0.0012,knn,knn,20000,60000,0.6047,0.0012,0.6230,0.0007,0.6115,0.0008,0.0396,0.0230,0.0010,0.0005,0.0020,0.0010,0.3125,0.0002
rk45,512,2,3,0.0295,0.0012,altered_knn,altered_knn,20000,40000,0.5379,0.0921,0.5419,0.0999,0.6519,0.0584,0.0321,0.0020,0.4056,0.1627,0.0585,0.0050,0.3002,0.0482
rk45,512,2,3,0.0295,0.0012,quadratic,quadratic,20000,60000,0.3940,0.0003,0.3956,0.0004,0.4699,0.0005,0.0298,0.0017,0.3406,0.0085,0.0549,0.0030,0.2252,0.0013
rk45,512,2,3,0.0295,0.0012,polar3,polar,20000,60000,0.9514,0.0013,0.9707,0.0002,0.9607,0.0007,0.9961,0.0014,0.3180,0.0180,0.4818,0.0207,0.7262,0.0103
rk45,512,4,3,0.0253,0.0020,knn,knn,2000,12000,0.3557,0.0010,0.3647,0.0013,0.3584,0.0013,0.0373,0.0050,0.0109,0.0013,0.0169,0.0020,0.1908,0.0006
rk45,512,4,3,0.0253,0.0020,altered_knn,altered_knn,2000,8000,0.4024,0.0537,0.4033,0.0590,0.4795,0.0312,0.0266,0.0025,0.3647,0.1397,0.0489,0.0048,0.2261,0.0283
rk45,512,4,3,0.0253,0.0020,quadratic,quadratic,2000,12000,0.1403,0.0020,0.1284,0.0011,0.1820,0.0013,0.0253,0.0020,0.6009,0.0019,0.0486,0.0037,0.0885,0.0024
rk45,512,4,3,0.0253,0.0020,polar3,polar,2000,12000,0.8547,0.0022,0.8697,0.0009,0.8621,0.0017,0.8357,0.0195,0.2754,0.0095,0.4141,0.0083,0.6419,0.0045
rk45,512,4,3,0.0253,0.0020,knn,knn,5000,30000,0.3642,0.0010,0.3734,0.0005,0.3669,0.0011,0.0279,0.0037,0.0071,0.0011,0.0113,0.0016,0.1924,0.0006
rk45,512,4,3,0.0253,0.0020,altered_knn,altered_knn,5000,20000,0.4986,0.0199,0.5068,0.0212,0.5448,0.0093,0.0274,0.0024,0.1781,0.0531,0.0472,0.0053,0.2770,0.0083
rk45,512,4,3,0.0253,0.0020,quadratic,quadratic,5000,30000,0.1851,0.0012,0.1767,0.0006,0.2348,0.0007,0.0254,0.0024,0.5106,0.0100,0.0485,0.0045,0.1126,0.0024
rk45,512,4,3,0.0253,0.0020,polar3,polar,5000,30000,0.8998,0.0014,0.9159,0.0003,0.9074,0.0006,0.9868,0.0059,0.2790,0.0168,0.4347,0.0197,0.6753,0.0097
rk45,512,4,3,0.0253,0.0020,knn,knn,10000,60000,0.3714,0.0009,0.3809,0.0010,0.3743,0.0006,0.0312,0.0043,0.0066,0.0004,0.0108,0.0008,0.1959,0.0006
rk45,512,4,3,0.0253,0.0020,altered_knn,altered_knn,10000,40000,0.4027,0.0145,0.4013,0.0157,0.5035,0.0095,0.0273,0.0023,0.4560,0.0311,0.0515,0.0041,0.2264,0.0077
rk45,512,4,3,0.0253,0.0020,quadratic,quadratic,10000,60000,0.2297,0.0006,0.2239,0.0010,0.2857,0.0012,0.0255,0.0022,0.4515,0.0048,0.0483,0.0040,0.1361,0.0016
rk45,512,4,3,0.0253,0.0020,polar3,polar,10000,60000,0.9256,0.0023,0.9405,0.0007,0.9326,0.0015,0.9944,0.0037,0.3519,0.0302,0.5191,0.0320,0.7298,0.0162
rk45,512,4,3,0.0253,0.0020,knn,knn,15000,90000,0.3739,0.0010,0.3835,0.0009,0.3766,0.0007,0.0267,0.0076,0.0052,0.0012,0.0088,0.0021,0.1961,0.0013
rk45,512,4,3,0.0253,0.0020,altered_knn,altered_knn,15000,60000,0.4713,0.0617,0.4762,0.0679,0.5410,0.0285,0.0284,0.0037,0.2914,0.1572,0.0480,0.0036,0.2621,0.0329
rk45,512,4,3,0.0253,0.0020,quadratic,quadratic,15000,90000,0.2577,0.0011,0.2532,0.0011,0.3179,0.0013,0.0258,0.0025,0.4301,0.0088,0.0487,0.0044,0.1509,0.0022
rk45,512,4,3,0.0253,0.0020,polar3,polar,15000,90000,0.9373,0.0007,0.9512,0.0025,0.9438,0.0016,0.9961,0.0032,0.4068,0.0317,0.5769,0.0311,0.7640,0.0143
rk45,512,4,3,0.0253,0.0020,knn,knn,20000,120000,0.3771,0.0007,0.3867,0.0014,0.3800,0.0008,0.0340,0.0066,0.0068,0.0013,0.0113,0.0021,0.1990,0.0013
rk45,512,4,3,0.0253,0.0020,altered_knn,altered_knn,20000,80000,0.4625,0.0728,0.4653,0.0789,0.5394,0.0342,0.0278,0.0020,0.3326,0.1869,0.0488,0.0085,0.2570,0.0354
rk45,512,4,3,0.0253,0.0020,quadratic,quadratic,20000,120000,0.2802,0.0012,0.2765,0.0013,0.3450,0.0015,0.0258,0.0019,0.4223,0.0040,0.0487,0.0033,0.1626,0.0017
rk45,512,4,3,0.0253,0.0020,polar3,polar,20000,120000,0.9466,0.0040,0.9595,0.0021,0.9527,0.0031,0.9949,0.0045,0.4498,0.0372,0.6185,0.0339,0.7890,0.0180
rk45,512,8,1,0.0216,0.0000,knn,knn,2000,24000,0.2148,0.0000,0.2191,0.0000,0.2149,0.0000,0.0295,0.0000,0.0204,0.0000,0.0241,0.0000,0.1216,0.0000
rk45,512,8,1,0.0216,0.0000,altered_knn,altered_knn,2000,16000,0.3769,0.0000,0.3824,0.0000,0.4017,0.0000,0.0229,0.0000,0.1261,0.0000,0.0388,0.0000,0.2106,0.0000
rk45,512,8,1,0.0216,0.0000,quadratic,quadratic,2000,24000,0.0760,0.0000,0.0611,0.0000,0.0969,0.0000,0.0218,0.0000,0.7517,0.0000,0.0423,0.0000,0.0517,0.0000
rk45,512,8,1,0.0216,0.0000,polar3,polar,2000,24000,0.8355,0.0000,0.8472,0.0000,0.8409,0.0000,0.9379,0.0000,0.3075,0.0000,0.4631,0.0000,0.6551,0.0000
rk45,512,8,1,0.0216,0.0000,knn,knn,5000,60000,0.2220,0.0000,0.2264,0.0000,0.2228,0.0000,0.0291,0.0000,0.0218,0.0000,0.0249,0.0000,0.1257,0.0000
rk45,512,8,1,0.0216,0.0000,altered_knn,altered_knn,5000,40000,0.2912,0.0000,0.2867,0.0000,0.3713,0.0000,0.0228,0.0000,0.4942,0.0000,0.0435,0.0000,0.1651,0.0000
rk45,512,8,1,0.0216,0.0000,quadratic,quadratic,5000,60000,0.1289,0.0000,0.1177,0.0000,0.1698,0.0000,0.0221,0.0000,0.6343,0.0000,0.0426,0.0000,0.0802,0.0000
rk45,512,8,1,0.0216,0.0000,polar3,polar,5000,60000,0.8788,0.0000,0.8893,0.0000,0.8832,0.0000,0.9925,0.0000,0.4006,0.0000,0.5708,0.0000,0.7300,0.0000
rk45,512,8,1,0.0216,0.0000,knn,knn,10000,120000,0.2271,0.0000,0.2317,0.0000,0.2278,0.0000,0.0312,0.0000,0.0213,0.0000,0.0253,0.0000,0.1285,0.0000
rk45,512,8,1,0.0216,0.0000,altered_knn,altered_knn,10000,80000,0.3036,0.0000,0.2988,0.0000,0.3899,0.0000,0.0235,0.0000,0.5210,0.0000,0.0449,0.0000,0.1719,0.0000
rk45,512,8,1,0.0216,0.0000,quadratic,quadratic,10000,120000,0.1905,0.0000,0.1827,0.0000,0.2466,0.0000,0.0224,0.0000,0.5479,0.0000,0.0430,0.0000,0.1128,0.0000
rk45,512,8,1,0.0216,0.0000,polar3,polar,10000,120000,0.9230,0.0000,0.9323,0.0000,0.9272,0.0000,0.9952,0.0000,0.5001,0.0000,0.6657,0.0000,0.7990,0.0000
rk45,512,8,1,0.0216,0.0000,knn,knn,15000,180000,0.2303,0.0000,0.2351,0.0000,0.2310,0.0000,0.0266,0.0000,0.0166,0.0000,0.0204,0.0000,0.1277,0.0000
rk45,512,8,1,0.0216,0.0000,altered_knn,altered_knn,15000,120000,0.3142,0.0000,0.3102,0.0000,0.4013,0.0000,0.0229,0.0000,0.4944,0.0000,0.0438,0.0000,0.1770,0.0000
rk45,512,8,1,0.0216,0.0000,quadratic,quadratic,15000,180000,0.2395,0.0000,0.2343,0.0000,0.3023,0.0000,0.0221,0.0000,0.4734,0.0000,0.0423,0.0000,0.1383,0.0000
rk45,512,8,1,0.0216,0.0000,polar3,polar,15000,180000,0.9333,0.0000,0.9421,0.0000,0.9373,0.0000,0.9938,0.0000,0.5374,0.0000,0.6976,0.0000,0.8198,0.0000
rk45,512,8,1,0.0216,0.0000,knn,knn,20000,240000,0.2315,0.0000,0.2363,0.0000,0.2324,0.0000,0.0280,0.0000,0.0175,0.0000,0.0215,0.0000,0.1289,0.0000
rk45,512,8,1,0.0216,0.0000,altered_knn,altered_knn,20000,160000,0.3234,0.0000,0.3198,0.0000,0.4111,0.0000,0.0230,0.0000,0.4859,0.0000,0.0438,0.0000,0.1818,0.0000
rk45,512,8,1,0.0216,0.0000,quadratic,quadratic,20000,240000,0.2733,0.0000,0.2692,0.0000,0.3429,0.0000,0.0224,0.0000,0.4588,0.0000,0.0427,0.0000,0.1560,0.0000
rk45,512,8,1,0.0216,0.0000,polar3,polar,20000,240000,0.9379,0.0000,0.9463,0.0000,0.9417,0.0000,0.9926,0.0000,0.5580,0.0000,0.7144,0.0000,0.8303,0.0000
