sampler,seed,d,K,hall_gt,model,arch,n_per_mode,n_anchors,full_acc,mode_acc,mode_f1,hall_prec,hall_rec,hall_f1,balanced
flow,0,2,2,0.0094,knn,knn,20000,60000,0.9950,0.9965,0.9974,0.7016,0.8355,0.7627,0.8796
flow,0,2,2,0.0094,altered_knn,altered_knn,20000,40000,0.9818,0.9883,0.9908,0.1923,0.2918,0.2318,0.6101
flow,0,2,2,0.0094,quadratic,quadratic,20000,60000,0.9884,0.9929,0.9926,0.5449,0.5146,0.5293,0.7611
flow,0,2,2,0.0094,quadratic_cal,quadratic,20000,60000,0.9884,0.9929,0.9926,0.5447,0.5172,0.5306,0.7617
flow,0,2,2,0.0094,polar8,polar,20000,60000,0.9950,0.9971,0.9974,0.7330,0.7719,0.7519,0.8745
flow,0,2,2,0.0094,polar8_cal,polar,20000,60000,0.9950,0.9971,0.9974,0.7335,0.7666,0.7497,0.8734
flow,0,2,2,0.0094,knn,knn,50000,150000,0.9950,0.9970,0.9974,0.7279,0.7878,0.7567,0.8769
flow,0,2,2,0.0094,altered_knn,altered_knn,50000,100000,0.9887,0.9963,0.9943,0.3348,0.1963,0.2475,0.6219
flow,0,2,2,0.0094,quadratic,quadratic,50000,150000,0.9884,0.9929,0.9925,0.5543,0.5146,0.5337,0.7633
flow,0,2,2,0.0094,quadratic_cal,quadratic,50000,150000,0.9882,0.9927,0.9925,0.5462,0.5172,0.5313,0.7620
flow,0,2,2,0.0094,polar8,polar,50000,150000,0.9950,0.9971,0.9974,0.7282,0.7745,0.7506,0.8739
flow,0,2,2,0.0094,polar8_cal,polar,50000,150000,0.9951,0.9972,0.9974,0.7386,0.7719,0.7549,0.8760
flow,0,2,2,0.0094,knn,knn,100000,300000,0.9952,0.9973,0.9975,0.7481,0.7719,0.7598,0.8786
flow,0,2,2,0.0094,altered_knn,altered_knn,100000,200000,0.9890,0.9975,0.9944,0.2923,0.1008,0.1499,0.5737
flow,0,2,2,0.0094,quadratic,quadratic,100000,300000,0.9900,0.9944,0.9941,0.5609,0.5252,0.5425,0.7684
flow,0,2,2,0.0094,quadratic_cal,quadratic,100000,300000,0.9900,0.9944,0.9941,0.5629,0.5225,0.5420,0.7682
flow,0,2,2,0.0094,polar8,polar,100000,300000,0.9950,0.9971,0.9974,0.7323,0.7692,0.7503,0.8737
flow,0,2,2,0.0094,polar8_cal,polar,100000,300000,0.9950,0.9971,0.9974,0.7305,0.7692,0.7494,0.8732
flow,100,2,2,0.0088,knn,knn,20000,60000,0.9952,0.9964,0.9976,0.6823,0.8665,0.7635,0.8799
flow,100,2,2,0.0088,altered_knn,altered_knn,20000,40000,0.9860,0.9921,0.9929,0.2554,0.3011,0.2764,0.6343
flow,100,2,2,0.0088,quadratic,quadratic,20000,60000,0.9890,0.9928,0.9930,0.5370,0.5568,0.5467,0.7698
flow,100,2,2,0.0088,quadratic_cal,quadratic,20000,60000,0.9882,0.9918,0.9926,0.4928,0.5852,0.5351,0.7634
flow,100,2,2,0.0088,polar8,polar,20000,60000,0.9959,0.9973,0.9978,0.7431,0.8381,0.7877,0.8925
flow,100,2,2,0.0088,polar8_cal,polar,20000,60000,0.9959,0.9974,0.9978,0.7513,0.8324,0.7898,0.8936
flow,100,2,2,0.0088,knn,knn,50000,150000,0.9960,0.9975,0.9980,0.7468,0.8295,0.7860,0.8917
flow,100,2,2,0.0088,altered_knn,altered_knn,50000,100000,0.9896,0.9962,0.9948,0.3660,0.2443,0.2930,0.6446
flow,100,2,2,0.0088,quadratic,quadratic,50000,150000,0.9893,0.9930,0.9932,0.5408,0.5653,0.5528,0.7729
flow,100,2,2,0.0088,quadratic_cal,quadratic,50000,150000,0.9887,0.9922,0.9929,0.5086,0.5909,0.5466,0.7694
flow,100,2,2,0.0088,polar8,polar,50000,150000,0.9956,0.9970,0.9977,0.7248,0.8381,0.7773,0.8872
flow,100,2,2,0.0088,polar8_cal,polar,50000,150000,0.9958,0.9973,0.9978,0.7399,0.8324,0.7834,0.8903
flow,100,2,2,0.0088,knn,knn,100000,300000,0.9961,0.9976,0.9980,0.7599,0.8182,0.7880,0.8928
flow,100,2,2,0.0088,altered_knn,altered_knn,100000,200000,0.9903,0.9980,0.9951,0.3710,0.1307,0.1933,0.5956
flow,100,2,2,0.0088,quadratic,quadratic,100000,300000,0.9912,0.9949,0.9952,0.5381,0.5824,0.5593,0.7771
flow,100,2,2,0.0088,quadratic_cal,quadratic,100000,300000,0.9904,0.9938,0.9948,0.4965,0.6108,0.5478,0.7708
flow,100,2,2,0.0088,polar8,polar,100000,300000,0.9958,0.9972,0.9978,0.7387,0.8352,0.7840,0.8906
flow,100,2,2,0.0088,polar8_cal,polar,100000,300000,0.9959,0.9974,0.9979,0.7500,0.8352,0.7903,0.8938
flow,200,2,2,0.0102,knn,knn,20000,60000,0.9965,0.9970,0.9982,0.7674,0.9461,0.8474,0.9222
flow,200,2,2,0.0102,altered_knn,altered_knn,20000,40000,0.9852,0.9926,0.9925,0.2730,0.2696,0.2713,0.6319
flow,200,2,2,0.0102,quadratic,quadratic,20000,60000,0.9883,0.9929,0.9928,0.5556,0.5392,0.5473,0.7701
flow,200,2,2,0.0102,quadratic_cal,quadratic,20000,60000,0.9885,0.9932,0.9929,0.5696,0.5319,0.5501,0.7716
flow,200,2,2,0.0102,polar8,polar,20000,60000,0.9967,0.9978,0.9983,0.8053,0.8922,0.8465,0.9221
flow,200,2,2,0.0102,polar8_cal,polar,20000,60000,0.9967,0.9980,0.9984,0.8159,0.8799,0.8467,0.9223
flow,200,2,2,0.0102,knn,knn,50000,150000,0.9972,0.9980,0.9986,0.8268,0.9240,0.8727,0.9353
flow,200,2,2,0.0102,altered_knn,altered_knn,50000,100000,0.9890,0.9967,0.9945,0.4353,0.2475,0.3156,0.6562
flow,200,2,2,0.0102,quadratic,quadratic,50000,150000,0.9885,0.9932,0.9930,0.5612,0.5392,0.5500,0.7716
flow,200,2,2,0.0102,quadratic_cal,quadratic,50000,150000,0.9887,0.9935,0.9930,0.5722,0.5245,0.5473,0.7704
flow,200,2,2,0.0102,polar8,polar,50000,150000,0.9968,0.9978,0.9984,0.8084,0.8995,0.8515,0.9247
flow,200,2,2,0.0102,polar8_cal,polar,50000,150000,0.9967,0.9980,0.9984,0.8159,0.8799,0.8467,0.9223
flow,200,2,2,0.0102,knn,knn,100000,300000,0.9973,0.9984,0.9986,0.8518,0.8873,0.8691,0.9338
flow,200,2,2,0.0102,altered_knn,altered_knn,100000,200000,0.9905,0.9984,0.9952,0.5894,0.2181,0.3184,0.6584
flow,200,2,2,0.0102,quadratic,quadratic,100000,300000,0.9909,0.9955,0.9954,0.5622,0.5539,0.5580,0.7767
flow,200,2,2,0.0102,quadratic_cal,quadratic,100000,300000,0.9908,0.9954,0.9953,0.5567,0.5539,0.5553,0.7753
flow,200,2,2,0.0102,polar8,polar,100000,300000,0.9966,0.9978,0.9983,0.8031,0.8799,0.8398,0.9188
flow,200,2,2,0.0102,polar8_cal,polar,100000,300000,0.9965,0.9977,0.9983,0.8000,0.8824,0.8392,0.9184
flow,0,2,4,0.0109,knn,knn,20000,120000,0.9885,0.9912,0.9929,0.5675,0.7437,0.6438,0.8175
flow,0,2,4,0.0109,altered_knn,altered_knn,20000,80000,0.9799,0.9867,0.9890,0.2551,0.3621,0.2993,0.6430
flow,0,2,4,0.0109,quadratic,quadratic,20000,120000,0.9239,0.9285,0.9372,0.1906,0.5092,0.2774,0.6029
flow,0,2,4,0.0109,quadratic_cal,quadratic,20000,120000,0.9356,0.9425,0.9415,0.3841,0.3046,0.3397,0.6411
flow,0,2,4,0.0109,polar8,polar,20000,120000,0.9868,0.9893,0.9919,0.5200,0.7632,0.6185,0.8039
flow,0,2,4,0.0109,polar8_cal,polar,20000,120000,0.9889,0.9931,0.9924,0.6983,0.6011,0.6461,0.8196
flow,0,2,4,0.0109,knn,knn,50000,300000,0.9896,0.9930,0.9933,0.6528,0.6851,0.6685,0.8308
flow,0,2,4,0.0109,altered_knn,altered_knn,50000,200000,0.9836,0.9907,0.9908,0.3367,0.3414,0.3390,0.6649
flow,0,2,4,0.0109,quadratic,quadratic,50000,300000,0.9326,0.9373,0.9463,0.1884,0.5115,0.2754,0.6063
flow,0,2,4,0.0109,quadratic_cal,quadratic,50000,300000,0.9436,0.9505,0.9493,0.4150,0.3172,0.3596,0.6550
flow,0,2,4,0.0109,polar8,polar,50000,300000,0.9873,0.9899,0.9920,0.5402,0.7483,0.6275,0.8087
flow,0,2,4,0.0109,polar8_cal,polar,50000,300000,0.9896,0.9935,0.9928,0.7262,0.6310,0.6753,0.8344
flow,0,2,4,0.0109,knn,knn,100000,600000,0.9900,0.9936,0.9933,0.7141,0.6632,0.6877,0.8407
flow,0,2,4,0.0109,altered_knn,altered_knn,100000,400000,0.9849,0.9930,0.9910,0.3922,0.2425,0.2997,0.6464
flow,0,2,4,0.0109,quadratic,quadratic,100000,600000,0.9434,0.9479,0.9578,0.1858,0.5322,0.2754,0.6117
flow,0,2,4,0.0109,quadratic_cal,quadratic,100000,600000,0.9559,0.9624,0.9613,0.4618,0.3609,0.4052,0.6838
flow,0,2,4,0.0109,polar8,polar,100000,600000,0.9884,0.9914,0.9925,0.5943,0.7172,0.6500,0.8207
flow,0,2,4,0.0109,polar8_cal,polar,100000,600000,0.9897,0.9934,0.9930,0.7172,0.6529,0.6835,0.8385
flow,100,2,4,0.0101,knn,knn,20000,120000,0.9904,0.9933,0.9946,0.5638,0.7148,0.6304,0.8118
flow,100,2,4,0.0101,altered_knn,altered_knn,20000,80000,0.9865,0.9950,0.9922,0.3438,0.1494,0.2083,0.6016
flow,100,2,4,0.0101,quadratic,quadratic,20000,120000,0.9463,0.9523,0.9540,0.2640,0.3605,0.3048,0.6286
flow,100,2,4,0.0101,quadratic_cal,quadratic,20000,120000,0.9483,0.9545,0.9550,0.3049,0.3444,0.3235,0.6390
flow,100,2,4,0.0101,polar8,polar,20000,120000,0.9906,0.9929,0.9947,0.5641,0.7716,0.6517,0.8223
flow,100,2,4,0.0101,polar8_cal,polar,20000,120000,0.9913,0.9947,0.9948,0.6474,0.6642,0.6557,0.8252
flow,100,2,4,0.0101,knn,knn,50000,300000,0.9913,0.9945,0.9949,0.6328,0.6765,0.6539,0.8242
flow,100,2,4,0.0101,altered_knn,altered_knn,50000,200000,0.9857,0.9930,0.9923,0.3184,0.2716,0.2931,0.6431
flow,100,2,4,0.0101,quadratic,quadratic,50000,300000,0.9515,0.9572,0.9617,0.2023,0.3914,0.2667,0.6120
flow,100,2,4,0.0101,quadratic_cal,quadratic,50000,300000,0.9549,0.9612,0.9615,0.3234,0.3481,0.3353,0.6482
flow,100,2,4,0.0101,polar8,polar,50000,300000,0.9910,0.9937,0.9948,0.5978,0.7284,0.6566,0.8252
flow,100,2,4,0.0101,polar8_cal,polar,50000,300000,0.9914,0.9949,0.9948,0.6604,0.6531,0.6567,0.8258
flow,100,2,4,0.0101,knn,knn,100000,600000,0.9914,0.9948,0.9948,0.6580,0.6580,0.6580,0.8264
flow,100,2,4,0.0101,altered_knn,altered_knn,100000,400000,0.9871,0.9952,0.9928,0.3696,0.1889,0.2500,0.6226
flow,100,2,4,0.0101,quadratic,quadratic,100000,600000,0.9447,0.9489,0.9648,0.1250,0.5259,0.2020,0.5755
flow,100,2,4,0.0101,quadratic_cal,quadratic,100000,600000,0.9660,0.9727,0.9726,0.3181,0.3173,0.3177,0.6452
flow,100,2,4,0.0101,polar8,polar,100000,600000,0.9912,0.9942,0.9948,0.6217,0.6938,0.6558,0.8250
flow,100,2,4,0.0101,polar8_cal,polar,100000,600000,0.9914,0.9948,0.9948,0.6576,0.6593,0.6584,0.8266
flow,200,2,4,0.0109,knn,knn,20000,120000,0.9936,0.9952,0.9967,0.6631,0.8408,0.7414,0.8683
flow,200,2,4,0.0109,altered_knn,altered_knn,20000,80000,0.9849,0.9920,0.9923,0.3232,0.3402,0.3315,0.6617
flow,200,2,4,0.0109,quadratic,quadratic,20000,120000,0.9293,0.9352,0.9389,0.2324,0.3998,0.2939,0.6145
flow,200,2,4,0.0109,quadratic_cal,quadratic,20000,120000,0.9343,0.9408,0.9402,0.3935,0.3471,0.3688,0.6548
flow,200,2,4,0.0109,polar8,polar,20000,120000,0.9933,0.9949,0.9966,0.6501,0.8534,0.7380,0.8664
flow,200,2,4,0.0109,polar8_cal,polar,20000,120000,0.9940,0.9971,0.9969,0.7431,0.7090,0.7257,0.8614
flow,200,2,4,0.0109,knn,knn,50000,300000,0.9946,0.9969,0.9973,0.7395,0.7835,0.7608,0.8789
flow,200,2,4,0.0109,altered_knn,altered_knn,50000,200000,0.9889,0.9974,0.9943,0.4947,0.2142,0.2990,0.6482
flow,200,2,4,0.0109,quadratic,quadratic,50000,300000,0.9337,0.9389,0.9464,0.1901,0.4593,0.2689,0.6039
flow,200,2,4,0.0109,quadratic_cal,quadratic,50000,300000,0.9418,0.9483,0.9476,0.4048,0.3459,0.3731,0.6607
flow,200,2,4,0.0109,polar8,polar,50000,300000,0.9937,0.9955,0.9968,0.6741,0.8293,0.7437,0.8696
flow,200,2,4,0.0109,polar8_cal,polar,50000,300000,0.9942,0.9973,0.9970,0.7549,0.7090,0.7312,0.8643
flow,200,2,4,0.0109,knn,knn,100000,600000,0.9946,0.9974,0.9973,0.7644,0.7434,0.7538,0.8756
flow,200,2,4,0.0109,altered_knn,altered_knn,100000,400000,0.9891,0.9972,0.9945,0.5068,0.2577,0.3417,0.6694
flow,200,2,4,0.0109,quadratic,quadratic,100000,600000,0.9378,0.9421,0.9557,0.1549,0.5521,0.2419,0.5920
flow,200,2,4,0.0109,quadratic_cal,quadratic,100000,600000,0.9535,0.9602,0.9600,0.3552,0.3414,0.3481,0.6542
flow,200,2,4,0.0109,polar8,polar,100000,600000,0.9943,0.9965,0.9971,0.7184,0.8007,0.7573,0.8769
flow,200,2,4,0.0109,polar8_cal,polar,100000,600000,0.9944,0.9975,0.9971,0.7700,0.7171,0.7426,0.8700
flow,0,2,8,0.0117,knn,knn,20000,240000,0.9796,0.9852,0.9866,0.4101,0.5131,0.4559,0.7205
flow,0,2,8,0.0117,altered_knn,altered_knn,20000,160000,0.9727,0.9815,0.9836,0.1722,0.2318,0.1976,0.5896
flow,0,2,8,0.0117,quadratic,quadratic,20000,240000,0.8460,0.8498,0.9078,0.0448,0.5280,0.0825,0.4661
flow,0,2,8,0.0117,quadratic_cal,quadratic,20000,240000,0.9508,0.9588,0.9580,0.3100,0.2738,0.2908,0.6248
flow,0,2,8,0.0117,polar8,polar,20000,240000,0.9796,0.9848,0.9869,0.4004,0.5471,0.4624,0.7236
flow,0,2,8,0.0117,polar8_cal,polar,20000,240000,0.9809,0.9867,0.9869,0.4743,0.4875,0.4808,0.7338
flow,0,2,8,0.0117,knn,knn,50000,600000,0.9807,0.9866,0.9867,0.4711,0.4774,0.4742,0.7304
flow,0,2,8,0.0117,altered_knn,altered_knn,50000,400000,0.9750,0.9844,0.9845,0.1761,0.1790,0.1775,0.5810
flow,0,2,8,0.0117,quadratic,quadratic,50000,600000,0.8919,0.8963,0.9396,0.0588,0.5152,0.1056,0.5010
flow,0,2,8,0.0117,quadratic_cal,quadratic,50000,600000,0.9751,0.9832,0.9826,0.3270,0.2936,0.3094,0.6463
flow,0,2,8,0.0117,polar8,polar,50000,600000,0.9800,0.9856,0.9868,0.4230,0.5109,0.4628,0.7242
flow,0,2,8,0.0117,polar8_cal,polar,50000,600000,0.9810,0.9871,0.9868,0.4972,0.4667,0.4815,0.7343
flow,0,2,8,0.0117,knn,knn,100000,1200000,0.9812,0.9873,0.9868,0.5103,0.4635,0.4858,0.7365
flow,0,2,8,0.0117,altered_knn,altered_knn,100000,800000,0.9769,0.9873,0.9847,0.1884,0.1071,0.1365,0.5619
flow,0,2,8,0.0117,quadratic,quadratic,100000,1200000,0.9118,0.9167,0.9507,0.0713,0.5013,0.1249,0.5208
flow,0,2,8,0.0117,quadratic_cal,quadratic,100000,1200000,0.9762,0.9840,0.9832,0.3752,0.3181,0.3443,0.6642
flow,0,2,8,0.0117,polar8,polar,100000,1200000,0.9804,0.9863,0.9867,0.4554,0.4864,0.4704,0.7283
flow,0,2,8,0.0117,polar8_cal,polar,100000,1200000,0.9810,0.9872,0.9867,0.5041,0.4635,0.4829,0.7351
flow,100,2,8,0.0119,knn,knn,20000,240000,0.9847,0.9901,0.9914,0.4462,0.5412,0.4891,0.7396
flow,100,2,8,0.0119,altered_knn,altered_knn,20000,160000,0.9794,0.9885,0.9884,0.2317,0.2292,0.2304,0.6094
flow,100,2,8,0.0119,quadratic,quadratic,20000,240000,0.8357,0.8392,0.8981,0.0462,0.5501,0.0852,0.4622
flow,100,2,8,0.0119,quadratic_cal,quadratic,20000,240000,0.9433,0.9513,0.9502,0.3436,0.2800,0.3086,0.6299
flow,100,2,8,0.0119,polar8,polar,20000,240000,0.9847,0.9897,0.9913,0.4520,0.5758,0.5065,0.7481
flow,100,2,8,0.0119,polar8_cal,polar,20000,240000,0.9865,0.9930,0.9914,0.6142,0.4442,0.5155,0.7543
flow,100,2,8,0.0119,knn,knn,50000,600000,0.9857,0.9916,0.9915,0.5043,0.4950,0.4996,0.7456
flow,100,2,8,0.0119,altered_knn,altered_knn,50000,400000,0.9806,0.9895,0.9893,0.2499,0.2386,0.2441,0.6168
flow,100,2,8,0.0119,quadratic,quadratic,50000,600000,0.8901,0.8945,0.9378,0.0601,0.5212,0.1078,0.5012
flow,100,2,8,0.0119,quadratic_cal,quadratic,50000,600000,0.9714,0.9794,0.9789,0.3372,0.3057,0.3207,0.6501
flow,100,2,8,0.0119,polar8,polar,50000,600000,0.9851,0.9905,0.9914,0.4695,0.5401,0.5023,0.7464
flow,100,2,8,0.0119,polar8_cal,polar,50000,600000,0.9864,0.9928,0.9914,0.5933,0.4520,0.5131,0.7530
flow,100,2,8,0.0119,knn,knn,100000,1200000,0.9861,0.9922,0.9915,0.5381,0.4772,0.5058,0.7490
flow,100,2,8,0.0119,altered_knn,altered_knn,100000,800000,0.9821,0.9922,0.9896,0.2546,0.1458,0.1854,0.5888
flow,100,2,8,0.0119,quadratic,quadratic,100000,1200000,0.9134,0.9182,0.9524,0.0739,0.5139,0.1292,0.5237
flow,100,2,8,0.0119,quadratic_cal,quadratic,100000,1200000,0.9767,0.9846,0.9839,0.3655,0.3199,0.3412,0.6629
flow,100,2,8,0.0119,polar8,polar,100000,1200000,0.9856,0.9913,0.9915,0.4987,0.5186,0.5085,0.7499
flow,100,2,8,0.0119,polar8_cal,polar,100000,1200000,0.9861,0.9923,0.9914,0.5491,0.4725,0.5079,0.7501
flow,200,2,8,0.0110,knn,knn,20000,240000,0.9864,0.9902,0.9921,0.4844,0.6441,0.5529,0.7716
flow,200,2,8,0.0110,altered_knn,altered_knn,20000,160000,0.9799,0.9879,0.9887,0.2258,0.2580,0.2408,0.6144
flow,200,2,8,0.0110,quadratic,quadratic,20000,240000,0.8433,0.8464,0.9054,0.0445,0.5683,0.0825,0.4645
flow,200,2,8,0.0110,quadratic_cal,quadratic,20000,240000,0.9451,0.9519,0.9527,0.2828,0.3337,0.3062,0.6290
flow,200,2,8,0.0110,polar8,polar,20000,240000,0.9859,0.9894,0.9918,0.4689,0.6697,0.5516,0.7705
flow,200,2,8,0.0110,polar8_cal,polar,20000,240000,0.9872,0.9920,0.9921,0.5526,0.5592,0.5559,0.7740
flow,200,2,8,0.0110,knn,knn,50000,600000,0.9878,0.9922,0.9925,0.5571,0.5894,0.5728,0.7825
flow,200,2,8,0.0110,altered_knn,altered_knn,50000,400000,0.9828,0.9911,0.9902,0.2847,0.2392,0.2600,0.6255
flow,200,2,8,0.0110,quadratic,quadratic,50000,600000,0.8913,0.8951,0.9391,0.0579,0.5478,0.1047,0.4999
flow,200,2,8,0.0110,quadratic_cal,quadratic,50000,600000,0.9721,0.9789,0.9803,0.2835,0.3582,0.3165,0.6477
flow,200,2,8,0.0110,polar8,polar,50000,600000,0.9870,0.9911,0.9922,0.5159,0.6179,0.5623,0.7767
flow,200,2,8,0.0110,polar8_cal,polar,50000,600000,0.9876,0.9924,0.9923,0.5647,0.5490,0.5567,0.7746
flow,200,2,8,0.0110,knn,knn,100000,1200000,0.9879,0.9927,0.9925,0.5810,0.5513,0.5658,0.7792
flow,200,2,8,0.0110,altered_knn,altered_knn,100000,800000,0.9838,0.9928,0.9905,0.2999,0.1754,0.2213,0.6071
flow,200,2,8,0.0110,quadratic,quadratic,100000,1200000,0.9134,0.9177,0.9526,0.0692,0.5251,0.1222,0.5200
flow,200,2,8,0.0110,quadratic_cal,quadratic,100000,1200000,0.9770,0.9837,0.9849,0.3078,0.3753,0.3382,0.6610
flow,200,2,8,0.0110,polar8,polar,100000,1200000,0.9874,0.9918,0.9923,0.5417,0.5877,0.5638,0.7778
flow,200,2,8,0.0110,polar8_cal,polar,100000,1200000,0.9876,0.9924,0.9923,0.5689,0.5575,0.5631,0.7778
flow,0,4,2,0.0098,knn,knn,20000,60000,0.9506,0.9559,0.9543,0.6482,0.4173,0.5077,0.7318
flow,0,4,2,0.0098,altered_knn,altered_knn,20000,40000,0.9420,0.9506,0.9583,0.0312,0.0814,0.0451,0.4978
flow,0,4,2,0.0098,quadratic,quadratic,20000,60000,0.9913,0.9953,0.9939,0.8246,0.5980,0.6932,0.8442
flow,0,4,2,0.0098,quadratic_cal,quadratic,20000,60000,0.9910,0.9944,0.9937,0.7515,0.6539,0.6993,0.8468
flow,0,4,2,0.0098,polar8,polar,20000,60000,0.9967,0.9986,0.9982,0.8767,0.8142,0.8443,0.9214
flow,0,4,2,0.0098,polar8_cal,polar,20000,60000,0.9967,0.9988,0.9982,0.9014,0.7913,0.8428,0.9208
flow,0,4,2,0.0098,knn,knn,50000,150000,0.9618,0.9663,0.9649,0.7194,0.5089,0.5961,0.7812
flow,0,4,2,0.0098,altered_knn,altered_knn,50000,100000,0.9164,0.9222,0.9528,0.0440,0.3282,0.0775,0.4999
flow,0,4,2,0.0098,quadratic,quadratic,50000,150000,0.9920,0.9960,0.9946,0.8246,0.5980,0.6932,0.8446
flow,0,4,2,0.0098,quadratic_cal,quadratic,50000,150000,0.9918,0.9952,0.9945,0.7611,0.6565,0.7049,0.8500
flow,0,4,2,0.0098,polar8,polar,50000,150000,0.9968,0.9985,0.9982,0.8733,0.8244,0.8482,0.9233
flow,0,4,2,0.0098,polar8_cal,polar,50000,150000,0.9967,0.9987,0.9982,0.8924,0.8015,0.8445,0.9216
flow,0,4,2,0.0098,knn,knn,100000,300000,0.9692,0.9736,0.9722,0.7555,0.5267,0.6207,0.7972
flow,0,4,2,0.0098,altered_knn,altered_knn,100000,200000,0.9528,0.9613,0.9667,0.0455,0.0967,0.0619,0.5116
flow,0,4,2,0.0098,quadratic,quadratic,100000,300000,0.9942,0.9981,0.9967,0.8316,0.6031,0.6991,0.8486
flow,0,4,2,0.0098,quadratic_cal,quadratic,100000,300000,0.9939,0.9974,0.9966,0.7727,0.6489,0.7054,0.8514
flow,0,4,2,0.0098,polar8,polar,100000,300000,0.9968,0.9986,0.9982,0.8819,0.8168,0.8481,0.9233
flow,0,4,2,0.0098,polar8_cal,polar,100000,300000,0.9967,0.9987,0.9982,0.8895,0.7990,0.8418,0.9202
flow,100,4,2,0.0091,knn,knn,20000,60000,0.9526,0.9574,0.9560,0.6488,0.4313,0.5182,0.7378
flow,100,4,2,0.0091,altered_knn,altered_knn,20000,40000,0.9395,0.9470,0.9586,0.0341,0.1236,0.0534,0.5002
flow,100,4,2,0.0091,quadratic,quadratic,20000,60000,0.9891,0.9925,0.9915,0.7964,0.6126,0.6925,0.8425
flow,100,4,2,0.0091,quadratic_cal,quadratic,20000,60000,0.9874,0.9898,0.9906,0.6140,0.7253,0.6650,0.8274
flow,100,4,2,0.0091,polar8,polar,20000,60000,0.9960,0.9969,0.9974,0.8170,0.8956,0.8545,0.9257
flow,100,4,2,0.0091,polar8_cal,polar,20000,60000,0.9958,0.9967,0.9973,0.7995,0.8984,0.8461,0.9214
flow,100,4,2,0.0091,knn,knn,50000,150000,0.9643,0.9687,0.9672,0.7218,0.4918,0.5850,0.7768
flow,100,4,2,0.0091,altered_knn,altered_knn,50000,100000,0.8809,0.8857,0.9357,0.0285,0.3599,0.0528,0.4693
flow,100,4,2,0.0091,quadratic,quadratic,50000,150000,0.9907,0.9941,0.9930,0.8014,0.6209,0.6997,0.8469
flow,100,4,2,0.0091,quadratic_cal,quadratic,50000,150000,0.9888,0.9913,0.9921,0.6111,0.7253,0.6633,0.8273
flow,100,4,2,0.0091,polar8,polar,50000,150000,0.9959,0.9968,0.9973,0.8089,0.8956,0.8501,0.9235
flow,100,4,2,0.0091,polar8_cal,polar,50000,150000,0.9959,0.9968,0.9973,0.8034,0.8984,0.8482,0.9225
flow,100,4,2,0.0091,knn,knn,100000,300000,0.9697,0.9737,0.9727,0.6950,0.5385,0.6068,0.7902
flow,100,4,2,0.0091,altered_knn,altered_knn,100000,200000,0.9525,0.9602,0.9665,0.0488,0.1181,0.0690,0.5146
flow,100,4,2,0.0091,quadratic,quadratic,100000,300000,0.9924,0.9957,0.9948,0.8042,0.6319,0.7077,0.8517
flow,100,4,2,0.0091,quadratic_cal,quadratic,100000,300000,0.9906,0.9930,0.9939,0.6172,0.7308,0.6692,0.8311
flow,100,4,2,0.0091,polar8,polar,100000,300000,0.9961,0.9970,0.9974,0.8278,0.8984,0.8617,0.9293
flow,100,4,2,0.0091,polar8_cal,polar,100000,300000,0.9961,0.9971,0.9973,0.8359,0.8819,0.8583,0.9277
flow,200,4,2,0.0094,knn,knn,20000,60000,0.9488,0.9537,0.9520,0.6907,0.4335,0.5327,0.7432
flow,200,4,2,0.0094,altered_knn,altered_knn,20000,40000,0.8695,0.8747,0.9287,0.0249,0.3298,0.0462,0.4605
flow,200,4,2,0.0094,quadratic,quadratic,20000,60000,0.9890,0.9924,0.9915,0.7967,0.6356,0.7071,0.8498
flow,200,4,2,0.0094,quadratic_cal,quadratic,20000,60000,0.9886,0.9914,0.9912,0.7214,0.6888,0.7048,0.8481
flow,200,4,2,0.0094,polar8,polar,20000,60000,0.9954,0.9965,0.9968,0.8225,0.8750,0.8479,0.9222
flow,200,4,2,0.0094,polar8_cal,polar,20000,60000,0.9952,0.9963,0.9968,0.7995,0.8803,0.8380,0.9172
flow,200,4,2,0.0094,knn,knn,50000,150000,0.9595,0.9638,0.9627,0.6655,0.5027,0.5727,0.7683
flow,200,4,2,0.0094,altered_knn,altered_knn,50000,100000,0.9422,0.9500,0.9605,0.0368,0.1223,0.0566,0.5033
flow,200,4,2,0.0094,quadratic,quadratic,50000,150000,0.9885,0.9919,0.9909,0.7967,0.6356,0.7071,0.8495
flow,200,4,2,0.0094,quadratic_cal,quadratic,50000,150000,0.9880,0.9909,0.9907,0.7199,0.6835,0.7012,0.8461
flow,200,4,2,0.0094,polar8,polar,50000,150000,0.9952,0.9964,0.9967,0.8180,0.8723,0.8443,0.9203
flow,200,4,2,0.0094,polar8_cal,polar,50000,150000,0.9952,0.9964,0.9968,0.8084,0.8750,0.8404,0.9184
flow,200,4,2,0.0094,knn,knn,100000,300000,0.9678,0.9717,0.9705,0.7518,0.5559,0.6391,0.8054
flow,200,4,2,0.0094,altered_knn,altered_knn,100000,200000,0.9545,0.9631,0.9655,0.0280,0.0426,0.0338,0.4985
flow,200,4,2,0.0094,quadratic,quadratic,100000,300000,0.9912,0.9945,0.9937,0.7934,0.6436,0.7107,0.8526
flow,200,4,2,0.0094,quadratic_cal,quadratic,100000,300000,0.9908,0.9937,0.9935,0.7270,0.6941,0.7102,0.8519
flow,200,4,2,0.0094,polar8,polar,100000,300000,0.9954,0.9965,0.9968,0.8250,0.8777,0.8505,0.9235
flow,200,4,2,0.0094,polar8_cal,polar,100000,300000,0.9954,0.9964,0.9968,0.8173,0.8803,0.8476,0.9220
flow,0,4,4,0.0111,knn,knn,20000,120000,0.8976,0.9028,0.9035,0.4260,0.4299,0.4279,0.6654
flow,0,4,4,0.0111,altered_knn,altered_knn,20000,80000,0.7845,0.7870,0.8724,0.0308,0.5701,0.0584,0.4227
flow,0,4,4,0.0111,quadratic,quadratic,20000,120000,0.9367,0.9413,0.9421,0.4761,0.5253,0.4995,0.7204
flow,0,4,4,0.0111,quadratic_cal,quadratic,20000,120000,0.9380,0.9430,0.9428,0.5370,0.4972,0.5163,0.7296
flow,0,4,4,0.0111,polar8,polar,20000,120000,0.9882,0.9914,0.9911,0.7394,0.7037,0.7211,0.8562
flow,0,4,4,0.0111,polar8_cal,polar,20000,120000,0.9883,0.9916,0.9912,0.7567,0.7015,0.7280,0.8598
flow,0,4,4,0.0111,knn,knn,50000,300000,0.9202,0.9255,0.9256,0.4810,0.4545,0.4674,0.6964
flow,0,4,4,0.0111,altered_knn,altered_knn,50000,200000,0.9185,0.9279,0.9273,0.0984,0.0808,0.0887,0.5083
flow,0,4,4,0.0111,quadratic,quadratic,50000,300000,0.9397,0.9444,0.9449,0.5150,0.5208,0.5179,0.7312
flow,0,4,4,0.0111,quadratic_cal,quadratic,50000,300000,0.9397,0.9445,0.9449,0.5167,0.5208,0.5187,0.7316
flow,0,4,4,0.0111,polar8,polar,50000,300000,0.9884,0.9916,0.9914,0.7340,0.7059,0.7197,0.8556
flow,0,4,4,0.0111,polar8_cal,polar,50000,300000,0.9885,0.9918,0.9914,0.7488,0.7026,0.7250,0.8584
flow,0,4,4,0.0111,knn,knn,100000,600000,0.9345,0.9395,0.9395,0.5249,0.4972,0.5107,0.7251
flow,0,4,4,0.0111,altered_knn,altered_knn,100000,400000,0.9260,0.9356,0.9338,0.1174,0.0696,0.0874,0.5115
flow,0,4,4,0.0111,quadratic,quadratic,100000,600000,0.9472,0.9520,0.9520,0.5558,0.5253,0.5401,0.7460
flow,0,4,4,0.0111,quadratic_cal,quadratic,100000,600000,0.9472,0.9520,0.9520,0.5552,0.5253,0.5398,0.7459
flow,0,4,4,0.0111,polar8,polar,100000,600000,0.9886,0.9918,0.9916,0.7299,0.7037,0.7166,0.8542
flow,0,4,4,0.0111,polar8_cal,polar,100000,600000,0.9888,0.9922,0.9917,0.7688,0.6869,0.7255,0.8589
flow,100,4,4,0.0114,knn,knn,20000,120000,0.9130,0.9188,0.9219,0.2612,0.4103,0.3192,0.6190
flow,100,4,4,0.0114,altered_knn,altered_knn,20000,80000,0.9130,0.9221,0.9320,0.0411,0.1166,0.0608,0.4915
flow,100,4,4,0.0114,quadratic,quadratic,20000,120000,0.9417,0.9465,0.9470,0.4882,0.5248,0.5058,0.7261
flow,100,4,4,0.0114,quadratic_cal,quadratic,20000,120000,0.9428,0.9480,0.9476,0.5520,0.4961,0.5226,0.7353
flow,100,4,4,0.0114,polar8,polar,20000,120000,0.9896,0.9926,0.9931,0.6627,0.7283,0.6939,0.8433
flow,100,4,4,0.0114,polar8_cal,polar,20000,120000,0.9901,0.9936,0.9933,0.7255,0.6920,0.7083,0.8509
flow,100,4,4,0.0114,knn,knn,50000,300000,0.9346,0.9402,0.9421,0.3306,0.4444,0.3792,0.6597
flow,100,4,4,0.0114,altered_knn,altered_knn,50000,200000,0.8669,0.8718,0.9226,0.0417,0.4422,0.0763,0.4740
flow,100,4,4,0.0114,quadratic,quadratic,50000,300000,0.9419,0.9467,0.9471,0.5233,0.5182,0.5207,0.7337
flow,100,4,4,0.0114,quadratic_cal,quadratic,50000,300000,0.9420,0.9469,0.9471,0.5293,0.5160,0.5226,0.7347
flow,100,4,4,0.0114,polar8,polar,50000,300000,0.9901,0.9932,0.9935,0.6819,0.7217,0.7012,0.8472
flow,100,4,4,0.0114,polar8_cal,polar,50000,300000,0.9906,0.9940,0.9937,0.7375,0.6986,0.7175,0.8558
flow,100,4,4,0.0114,knn,knn,100000,600000,0.9456,0.9509,0.9521,0.3948,0.4873,0.4362,0.6935
flow,100,4,4,0.0114,altered_knn,altered_knn,100000,400000,0.9215,0.9296,0.9460,0.0532,0.2134,0.0851,0.5074
flow,100,4,4,0.0114,quadratic,quadratic,100000,600000,0.9519,0.9570,0.9571,0.5238,0.5083,0.5159,0.7365
flow,100,4,4,0.0114,quadratic_cal,quadratic,100000,600000,0.9518,0.9567,0.9570,0.5169,0.5226,0.5197,0.7382
flow,100,4,4,0.0114,polar8,polar,100000,600000,0.9906,0.9937,0.9938,0.7090,0.7184,0.7137,0.8537
flow,100,4,4,0.0114,polar8_cal,polar,100000,600000,0.9908,0.9941,0.9938,0.7374,0.7074,0.7221,0.8581
flow,200,4,4,0.0110,knn,knn,20000,120000,0.9116,0.9164,0.9191,0.3242,0.4858,0.3889,0.6526
flow,200,4,4,0.0110,altered_knn,altered_knn,20000,80000,0.8699,0.8759,0.9179,0.0361,0.3326,0.0652,0.4705
flow,200,4,4,0.0110,quadratic,quadratic,20000,120000,0.9446,0.9491,0.9495,0.5140,0.5426,0.5279,0.7385
flow,200,4,4,0.0110,quadratic_cal,quadratic,20000,120000,0.9460,0.9510,0.9502,0.6074,0.5006,0.5488,0.7499
flow,200,4,4,0.0110,polar8,polar,20000,120000,0.9904,0.9930,0.9937,0.6779,0.7526,0.7133,0.8532
flow,200,4,4,0.0110,polar8_cal,polar,20000,120000,0.9908,0.9940,0.9938,0.7347,0.7106,0.7224,0.8582
flow,200,4,4,0.0110,knn,knn,50000,300000,0.9327,0.9374,0.9396,0.3603,0.5051,0.4206,0.6790
flow,200,4,4,0.0110,altered_knn,altered_knn,50000,200000,0.9190,0.9276,0.9379,0.0492,0.1453,0.0735,0.5005
flow,200,4,4,0.0110,quadratic,quadratic,50000,300000,0.9462,0.9508,0.9509,0.5375,0.5369,0.5372,0.7440
flow,200,4,4,0.0110,quadratic_cal,quadratic,50000,300000,0.9472,0.9522,0.9514,0.6115,0.4949,0.5471,0.7497
flow,200,4,4,0.0110,polar8,polar,50000,300000,0.9911,0.9938,0.9943,0.6916,0.7457,0.7176,0.8557
flow,200,4,4,0.0110,polar8_cal,polar,50000,300000,0.9916,0.9947,0.9944,0.7636,0.7151,0.7386,0.8666
flow,200,4,4,0.0110,knn,knn,100000,600000,0.9443,0.9491,0.9505,0.4073,0.5165,0.4555,0.7023
flow,200,4,4,0.0110,altered_knn,altered_knn,100000,400000,0.9008,0.9070,0.9386,0.0497,0.3507,0.0871,0.4970
flow,200,4,4,0.0110,quadratic,quadratic,100000,600000,0.9531,0.9575,0.9578,0.5374,0.5539,0.5456,0.7515
flow,200,4,4,0.0110,quadratic_cal,quadratic,100000,600000,0.9541,0.9588,0.9583,0.6018,0.5267,0.5617,0.7603
flow,200,4,4,0.0110,polar8,polar,100000,600000,0.9916,0.9944,0.9946,0.7112,0.7435,0.7270,0.8607
flow,200,4,4,0.0110,polar8_cal,polar,100000,600000,0.9920,0.9951,0.9947,0.7688,0.7208,0.7440,0.8695
flow,0,4,8,0.0124,knn,knn,20000,240000,0.8746,0.8803,0.8886,0.1769,0.4231,0.2495,0.5649
flow,0,4,8,0.0124,altered_knn,altered_knn,20000,160000,0.8843,0.8933,0.9060,0.0535,0.1714,0.0816,0.4875
flow,0,4,8,0.0124,quadratic,quadratic,20000,240000,0.8896,0.8950,0.9001,0.2497,0.4548,0.3224,0.6087
flow,0,4,8,0.0124,quadratic_cal,quadratic,20000,240000,0.8972,0.9040,0.9036,0.4210,0.3588,0.3874,0.6457
flow,0,4,8,0.0124,polar8,polar,20000,240000,0.9780,0.9826,0.9846,0.4671,0.6136,0.5304,0.7565
flow,0,4,8,0.0124,polar8_cal,polar,20000,240000,0.9800,0.9856,0.9850,0.6020,0.5367,0.5675,0.7765
flow,0,4,8,0.0124,knn,knn,50000,600000,0.9032,0.9089,0.9150,0.2232,0.4457,0.2975,0.6032
flow,0,4,8,0.0124,altered_knn,altered_knn,50000,400000,0.9038,0.9135,0.9186,0.0692,0.1271,0.0896,0.5016
flow,0,4,8,0.0124,quadratic,quadratic,50000,600000,0.9027,0.9086,0.9124,0.2765,0.4372,0.3387,0.6237
flow,0,4,8,0.0124,quadratic_cal,quadratic,50000,600000,0.9078,0.9147,0.9143,0.4255,0.3603,0.3902,0.6525
flow,0,4,8,0.0124,polar8,polar,50000,600000,0.9807,0.9854,0.9864,0.5200,0.6085,0.5608,0.7731
flow,0,4,8,0.0124,polar8_cal,polar,50000,600000,0.9821,0.9875,0.9867,0.6277,0.5482,0.5853,0.7864
flow,0,4,8,0.0124,knn,knn,100000,1200000,0.9204,0.9262,0.9313,0.2509,0.4568,0.3239,0.6251
flow,0,4,8,0.0124,altered_knn,altered_knn,100000,800000,0.9168,0.9271,0.9291,0.0750,0.0985,0.0852,0.5061
flow,0,4,8,0.0124,quadratic,quadratic,100000,1200000,0.9105,0.9163,0.9217,0.2430,0.4538,0.3165,0.6164
flow,0,4,8,0.0124,quadratic_cal,quadratic,100000,1200000,0.9172,0.9244,0.9239,0.4009,0.3397,0.3678,0.6461
flow,0,4,8,0.0124,polar8,polar,100000,1200000,0.9822,0.9870,0.9875,0.5563,0.6055,0.5799,0.7834
flow,0,4,8,0.0124,polar8_cal,polar,100000,1200000,0.9834,0.9888,0.9878,0.6648,0.5503,0.6021,0.7955
flow,100,4,8,0.0109,knn,knn,20000,240000,0.8924,0.8973,0.9045,0.1847,0.4476,0.2615,0.5794
flow,100,4,8,0.0109,altered_knn,altered_knn,20000,160000,0.9026,0.9110,0.9167,0.0670,0.1420,0.0911,0.5010
flow,100,4,8,0.0109,quadratic,quadratic,20000,240000,0.9156,0.9205,0.9245,0.2759,0.4728,0.3484,0.6345
flow,100,4,8,0.0109,quadratic_cal,quadratic,20000,240000,0.9206,0.9263,0.9267,0.4027,0.4098,0.4062,0.6662
flow,100,4,8,0.0109,polar8,polar,20000,240000,0.9824,0.9862,0.9880,0.4795,0.6371,0.5472,0.7667
flow,100,4,8,0.0109,polar8_cal,polar,20000,240000,0.9842,0.9890,0.9885,0.6045,0.5512,0.5766,0.7828
flow,100,4,8,0.0109,knn,knn,50000,600000,0.9171,0.9221,0.9276,0.2278,0.4688,0.3066,0.6143
flow,100,4,8,0.0109,altered_knn,altered_knn,50000,400000,0.9180,0.9269,0.9292,0.0811,0.1179,0.0961,0.5115
flow,100,4,8,0.0109,quadratic,quadratic,50000,600000,0.9298,0.9348,0.9387,0.2787,0.4745,0.3511,0.6430
flow,100,4,8,0.0109,quadratic_cal,quadratic,50000,600000,0.9345,0.9404,0.9403,0.4309,0.4013,0.4155,0.6780
flow,100,4,8,0.0109,polar8,polar,50000,600000,0.9840,0.9879,0.9890,0.5197,0.6268,0.5682,0.7781
flow,100,4,8,0.0109,polar8_cal,polar,50000,600000,0.9857,0.9904,0.9896,0.6619,0.5615,0.6076,0.7990
flow,100,4,8,0.0109,knn,knn,100000,1200000,0.9334,0.9382,0.9422,0.2803,0.4946,0.3578,0.6480
flow,100,4,8,0.0109,altered_knn,altered_knn,100000,800000,0.9254,0.9343,0.9387,0.0649,0.1191,0.0840,0.5091
flow,100,4,8,0.0109,quadratic,quadratic,100000,1200000,0.9357,0.9405,0.9474,0.2191,0.5014,0.3050,0.6227
flow,100,4,8,0.0109,quadratic_cal,quadratic,100000,1200000,0.9450,0.9514,0.9509,0.4168,0.3641,0.3886,0.6700
flow,100,4,8,0.0109,polar8,polar,100000,1200000,0.9849,0.9888,0.9896,0.5536,0.6354,0.5917,0.7902
flow,100,4,8,0.0109,polar8_cal,polar,100000,1200000,0.9863,0.9908,0.9900,0.6826,0.5810,0.6277,0.8092
flow,200,4,8,0.0116,knn,knn,20000,240000,0.8831,0.8882,0.8956,0.1913,0.4474,0.2680,0.5781
flow,200,4,8,0.0116,altered_knn,altered_knn,20000,160000,0.8980,0.9072,0.9123,0.0603,0.1160,0.0794,0.4933
flow,200,4,8,0.0116,quadratic,quadratic,20000,240000,0.9122,0.9172,0.9207,0.3048,0.4860,0.3747,0.6460
flow,200,4,8,0.0116,quadratic_cal,quadratic,20000,240000,0.9176,0.9238,0.9232,0.4625,0.3845,0.4199,0.6719
flow,200,4,8,0.0116,polar8,polar,20000,240000,0.9824,0.9860,0.9881,0.4990,0.6788,0.5752,0.7806
flow,200,4,8,0.0116,polar8_cal,polar,20000,240000,0.9844,0.9892,0.9886,0.6498,0.5811,0.6136,0.8014
flow,200,4,8,0.0116,knn,knn,50000,600000,0.9116,0.9168,0.9225,0.2317,0.4699,0.3104,0.6136
flow,200,4,8,0.0116,altered_knn,altered_knn,50000,400000,0.9175,0.9278,0.9251,0.0783,0.0381,0.0513,0.4896
flow,200,4,8,0.0116,quadratic,quadratic,50000,600000,0.9240,0.9292,0.9328,0.3007,0.4834,0.3708,0.6500
flow,200,4,8,0.0116,quadratic_cal,quadratic,50000,600000,0.9282,0.9343,0.9342,0.4361,0.4049,0.4199,0.6771
flow,200,4,8,0.0116,polar8,polar,50000,600000,0.9849,0.9886,0.9899,0.5470,0.6719,0.6030,0.7958
flow,200,4,8,0.0116,polar8_cal,polar,50000,600000,0.9862,0.9907,0.9902,0.6639,0.6026,0.6318,0.8112
flow,200,4,8,0.0116,knn,knn,100000,1200000,0.9273,0.9322,0.9370,0.2742,0.5081,0.3562,0.6442
flow,200,4,8,0.0116,altered_knn,altered_knn,100000,800000,0.9141,0.9228,0.9332,0.0625,0.1810,0.0929,0.5078
flow,200,4,8,0.0116,quadratic,quadratic,100000,1200000,0.9266,0.9317,0.9384,0.2263,0.4957,0.3108,0.6212
flow,200,4,8,0.0116,quadratic_cal,quadratic,100000,1200000,0.9354,0.9422,0.9412,0.4620,0.3652,0.4079,0.6750
flow,200,4,8,0.0116,polar8,polar,100000,1200000,0.9860,0.9899,0.9907,0.5777,0.6590,0.6157,0.8028
flow,200,4,8,0.0116,polar8_cal,polar,100000,1200000,0.9872,0.9918,0.9909,0.6976,0.5972,0.6435,0.8176
flow,0,4,16,0.0139,knn,knn,20000,480000,0.8676,0.8738,0.8825,0.1783,0.4239,0.2511,0.5624
flow,0,4,16,0.0139,altered_knn,altered_knn,20000,320000,0.8842,0.8945,0.8999,0.0828,0.1519,0.1072,0.5008
flow,0,4,16,0.0139,quadratic,quadratic,20000,480000,0.8912,0.8974,0.9122,0.1351,0.4447,0.2072,0.5523
flow,0,4,16,0.0139,quadratic_cal,quadratic,20000,480000,0.9121,0.9208,0.9200,0.3395,0.2907,0.3132,0.6170
flow,0,4,16,0.0139,polar8,polar,20000,480000,0.9707,0.9770,0.9787,0.4198,0.5222,0.4654,0.7212
flow,0,4,16,0.0139,polar8_cal,polar,20000,480000,0.9734,0.9811,0.9792,0.5815,0.4230,0.4898,0.7354
flow,0,4,16,0.0139,knn,knn,50000,1200000,0.8973,0.9040,0.9104,0.2139,0.4239,0.2843,0.5942
flow,0,4,16,0.0139,altered_knn,altered_knn,50000,800000,0.9039,0.9154,0.9144,0.1064,0.0897,0.0974,0.5064
flow,0,4,16,0.0139,quadratic,quadratic,50000,1200000,0.8907,0.8969,0.9167,0.1108,0.4501,0.1779,0.5374
flow,0,4,16,0.0139,quadratic_cal,quadratic,50000,1200000,0.9210,0.9305,0.9292,0.3139,0.2448,0.2750,0.6028
flow,0,4,16,0.0139,polar8,polar,50000,1200000,0.9721,0.9787,0.9796,0.4423,0.5064,0.4722,0.7254
flow,0,4,16,0.0139,polar8_cal,polar,50000,1200000,0.9743,0.9820,0.9800,0.5983,0.4212,0.4944,0.7382
flow,0,4,16,0.0139,knn,knn,100000,2400000,0.9154,0.9222,0.9271,0.2497,0.4345,0.3172,0.6197
flow,0,4,16,0.0139,altered_knn,altered_knn,100000,1600000,0.9174,0.9296,0.9258,0.1312,0.0543,0.0768,0.5032
flow,0,4,16,0.0139,quadratic,quadratic,100000,2400000,0.8933,0.8995,0.9191,0.1118,0.4503,0.1792,0.5393
flow,0,4,16,0.0139,quadratic_cal,quadratic,100000,2400000,0.9230,0.9326,0.9313,0.3088,0.2398,0.2699,0.6013
flow,0,4,16,0.0139,polar8,polar,100000,2400000,0.9731,0.9798,0.9802,0.4671,0.5012,0.4836,0.7317
flow,0,4,16,0.0139,polar8_cal,polar,100000,2400000,0.9749,0.9825,0.9805,0.6084,0.4300,0.5039,0.7432
flow,100,4,16,0.0126,knn,knn,20000,480000,0.8788,0.8845,0.8939,0.1646,0.4308,0.2382,0.5614
flow,100,4,16,0.0126,altered_knn,altered_knn,20000,320000,0.8900,0.8993,0.9057,0.0787,0.1650,0.1066,0.5029
flow,100,4,16,0.0126,quadratic,quadratic,20000,480000,0.9041,0.9100,0.9261,0.1210,0.4496,0.1907,0.5503
flow,100,4,16,0.0126,quadratic_cal,quadratic,20000,480000,0.9283,0.9367,0.9356,0.3360,0.2745,0.3021,0.6194
flow,100,4,16,0.0126,polar8,polar,20000,480000,0.9733,0.9790,0.9809,0.4039,0.5296,0.4583,0.7186
flow,100,4,16,0.0126,polar8_cal,polar,20000,480000,0.9754,0.9821,0.9813,0.5189,0.4545,0.4846,0.7333
flow,100,4,16,0.0126,knn,knn,50000,1200000,0.9056,0.9116,0.9184,0.2058,0.4424,0.2810,0.5963
flow,100,4,16,0.0126,altered_knn,altered_knn,50000,800000,0.9107,0.9210,0.9213,0.1011,0.1057,0.1033,0.5122
flow,100,4,16,0.0126,quadratic,quadratic,50000,1200000,0.9028,0.9087,0.9288,0.1008,0.4417,0.1642,0.5364
flow,100,4,16,0.0126,quadratic_cal,quadratic,50000,1200000,0.9346,0.9436,0.9427,0.2746,0.2337,0.2525,0.5980
flow,100,4,16,0.0126,polar8,polar,50000,1200000,0.9744,0.9802,0.9817,0.4222,0.5185,0.4655,0.7228
flow,100,4,16,0.0126,polar8_cal,polar,50000,1200000,0.9761,0.9827,0.9820,0.5206,0.4622,0.4897,0.7362
flow,100,4,16,0.0126,knn,knn,100000,2400000,0.9227,0.9287,0.9339,0.2422,0.4518,0.3154,0.6221
flow,100,4,16,0.0126,altered_knn,altered_knn,100000,1600000,0.9196,0.9295,0.9318,0.1066,0.1475,0.1237,0.5266
flow,100,4,16,0.0126,quadratic,quadratic,100000,2400000,0.9057,0.9116,0.9315,0.1022,0.4432,0.1661,0.5388
flow,100,4,16,0.0126,quadratic_cal,quadratic,100000,2400000,0.9370,0.9462,0.9450,0.2783,0.2263,0.2496,0.5979
flow,100,4,16,0.0126,polar8,polar,100000,2400000,0.9751,0.9810,0.9821,0.4367,0.5084,0.4698,0.7254
flow,100,4,16,0.0126,polar8_cal,polar,100000,2400000,0.9765,0.9831,0.9823,0.5234,0.4617,0.4906,0.7368
flow,200,4,16,0.0129,knn,knn,20000,480000,0.8757,0.8814,0.8908,0.1671,0.4363,0.2416,0.5615
flow,200,4,16,0.0129,altered_knn,altered_knn,20000,320000,0.8823,0.8908,0.9046,0.0700,0.2345,0.1078,0.4993
flow,200,4,16,0.0129,quadratic,quadratic,20000,480000,0.8950,0.9007,0.9168,0.1231,0.4548,0.1938,0.5473
flow,200,4,16,0.0129,quadratic_cal,quadratic,20000,480000,0.9195,0.9281,0.9263,0.3746,0.2592,0.3064,0.6173
flow,200,4,16,0.0129,polar8,polar,20000,480000,0.9744,0.9800,0.9819,0.4178,0.5430,0.4722,0.7261
flow,200,4,16,0.0129,polar8_cal,polar,20000,480000,0.9770,0.9842,0.9824,0.5899,0.4278,0.4960,0.7401
flow,200,4,16,0.0129,knn,knn,50000,1200000,0.9037,0.9096,0.9164,0.2123,0.4541,0.2893,0.5994
flow,200,4,16,0.0129,altered_knn,altered_knn,50000,800000,0.9068,0.9167,0.9199,0.0969,0.1484,0.1173,0.5170
flow,200,4,16,0.0129,quadratic,quadratic,50000,1200000,0.8952,0.9011,0.9206,0.1043,0.4441,0.1689,0.5350
flow,200,4,16,0.0129,quadratic_cal,quadratic,50000,1200000,0.9261,0.9350,0.9341,0.2857,0.2430,0.2626,0.5988
flow,200,4,16,0.0129,polar8,polar,50000,1200000,0.9761,0.9818,0.9832,0.4444,0.5401,0.4876,0.7347
flow,200,4,16,0.0129,polar8_cal,polar,50000,1200000,0.9780,0.9849,0.9834,0.5794,0.4487,0.5058,0.7453
flow,200,4,16,0.0129,knn,knn,100000,2400000,0.9222,0.9282,0.9332,0.2537,0.4638,0.3280,0.6281
flow,200,4,16,0.0129,altered_knn,altered_knn,100000,1600000,0.9219,0.9327,0.9314,0.1257,0.0994,0.1110,0.5218
flow,200,4,16,0.0129,quadratic,quadratic,100000,2400000,0.8978,0.9038,0.9233,0.1031,0.4373,0.1669,0.5353
flow,200,4,16,0.0129,quadratic_cal,quadratic,100000,2400000,0.9290,0.9381,0.9369,0.2938,0.2352,0.2612,0.5997
flow,200,4,16,0.0129,polar8,polar,100000,2400000,0.9771,0.9829,0.9839,0.4649,0.5326,0.4964,0.7397
flow,200,4,16,0.0129,polar8_cal,polar,100000,2400000,0.9786,0.9852,0.9840,0.5769,0.4667,0.5160,0.7506
flow,0,8,2,0.0096,knn,knn,20000,60000,0.8558,0.8633,0.8595,0.6809,0.0831,0.1481,0.5057
flow,0,8,2,0.0096,altered_knn,altered_knn,20000,40000,0.9007,0.9077,0.9302,0.0296,0.1766,0.0507,0.4792
flow,0,8,2,0.0096,quadratic,quadratic,20000,60000,0.9903,0.9951,0.9929,0.9238,0.5039,0.6521,0.8236
flow,0,8,2,0.0096,quadratic_cal,quadratic,20000,60000,0.9893,0.9917,0.9924,0.6567,0.7403,0.6960,0.8439
flow,0,8,2,0.0096,polar8,polar,20000,60000,0.9946,0.9962,0.9961,0.8575,0.8286,0.8428,0.9195
flow,0,8,2,0.0096,polar8_cal,polar,20000,60000,0.9943,0.9958,0.9960,0.8166,0.8442,0.8301,0.9130
flow,0,8,2,0.0096,knn,knn,50000,150000,0.8666,0.8739,0.8702,0.8235,0.1091,0.1927,0.5333
flow,0,8,2,0.0096,altered_knn,altered_knn,50000,100000,0.9298,0.9386,0.9419,0.0149,0.0260,0.0190,0.4788
flow,0,8,2,0.0096,quadratic,quadratic,50000,150000,0.9911,0.9957,0.9936,0.9302,0.5195,0.6667,0.8312
flow,0,8,2,0.0096,quadratic_cal,quadratic,50000,150000,0.9901,0.9926,0.9931,0.6682,0.7429,0.7036,0.8481
flow,0,8,2,0.0096,polar8,polar,50000,150000,0.9945,0.9961,0.9960,0.8462,0.8286,0.8373,0.9167
flow,0,8,2,0.0096,polar8_cal,polar,50000,150000,0.9944,0.9957,0.9960,0.8084,0.8545,0.8308,0.9133
flow,0,8,2,0.0096,knn,knn,100000,300000,0.8750,0.8826,0.8787,0.7917,0.0987,0.1755,0.5290
flow,0,8,2,0.0096,altered_knn,altered_knn,100000,200000,0.9125,0.9196,0.9408,0.0314,0.1766,0.0533,0.4864
flow,0,8,2,0.0096,quadratic,quadratic,100000,300000,0.9921,0.9965,0.9945,0.9214,0.5481,0.6873,0.8419
flow,0,8,2,0.0096,quadratic_cal,quadratic,100000,300000,0.9913,0.9936,0.9941,0.6897,0.7506,0.7189,0.8563
flow,0,8,2,0.0096,polar8,polar,100000,300000,0.9946,0.9962,0.9962,0.8381,0.8338,0.8359,0.9161
flow,0,8,2,0.0096,polar8_cal,polar,100000,300000,0.9944,0.9957,0.9962,0.7849,0.8623,0.8218,0.9087
flow,100,8,2,0.0100,knn,knn,20000,60000,0.8546,0.8621,0.8583,0.8776,0.1078,0.1920,0.5271
flow,100,8,2,0.0100,altered_knn,altered_knn,20000,40000,0.8296,0.8346,0.9003,0.0214,0.3308,0.0402,0.4374
flow,100,8,2,0.0100,quadratic,quadratic,20000,60000,0.9891,0.9941,0.9917,0.9426,0.4937,0.6480,0.8211
flow,100,8,2,0.0100,quadratic_cal,quadratic,20000,60000,0.9887,0.9920,0.9915,0.7333,0.6617,0.6957,0.8438
flow,100,8,2,0.0100,polar8,polar,20000,60000,0.9946,0.9961,0.9959,0.8918,0.8471,0.8689,0.9325
flow,100,8,2,0.0100,polar8_cal,polar,20000,60000,0.9941,0.9952,0.9959,0.7802,0.8897,0.8314,0.9133
flow,100,8,2,0.0100,knn,knn,50000,150000,0.8666,0.8743,0.8703,0.8200,0.1028,0.1826,0.5285
flow,100,8,2,0.0100,altered_knn,altered_knn,50000,100000,0.9053,0.9131,0.9345,0.0235,0.1303,0.0398,0.4765
flow,100,8,2,0.0100,quadratic,quadratic,50000,150000,0.9893,0.9944,0.9920,0.9375,0.4887,0.6425,0.8184
flow,100,8,2,0.0100,quadratic_cal,quadratic,50000,150000,0.9891,0.9923,0.9918,0.7389,0.6667,0.7009,0.8466
flow,100,8,2,0.0100,polar8,polar,50000,150000,0.9951,0.9967,0.9964,0.9011,0.8446,0.8719,0.9343
flow,100,8,2,0.0100,polar8_cal,polar,50000,150000,0.9949,0.9961,0.9963,0.8421,0.8822,0.8617,0.9289
flow,100,8,2,0.0100,knn,knn,100000,300000,0.8777,0.8853,0.8815,0.7833,0.1178,0.2048,0.5451
flow,100,8,2,0.0100,altered_knn,altered_knn,100000,200000,0.9111,0.9186,0.9393,0.0325,0.1754,0.0549,0.4867
flow,100,8,2,0.0100,quadratic,quadratic,100000,300000,0.9913,0.9961,0.9939,0.9234,0.5138,0.6602,0.8282
flow,100,8,2,0.0100,quadratic_cal,quadratic,100000,300000,0.9911,0.9941,0.9938,0.7453,0.6967,0.7202,0.8572
flow,100,8,2,0.0100,polar8,polar,100000,300000,0.9955,0.9969,0.9967,0.8924,0.8521,0.8718,0.9344
flow,100,8,2,0.0100,polar8_cal,polar,100000,300000,0.9953,0.9964,0.9967,0.8425,0.8847,0.8631,0.9298
flow,200,8,2,0.0100,knn,knn,20000,60000,0.8534,0.8612,0.8571,0.7727,0.0848,0.1528,0.5070
flow,200,8,2,0.0100,altered_knn,altered_knn,20000,40000,0.8888,0.8955,0.9279,0.0294,0.2319,0.0521,0.4738
flow,200,8,2,0.0100,quadratic,quadratic,20000,60000,0.9902,0.9955,0.9931,0.8962,0.4738,0.6199,0.8077
flow,200,8,2,0.0100,quadratic_cal,quadratic,20000,60000,0.9899,0.9931,0.9929,0.6959,0.6733,0.6844,0.8387
flow,200,8,2,0.0100,polar8,polar,20000,60000,0.9942,0.9960,0.9957,0.8820,0.8204,0.8501,0.9231
flow,200,8,2,0.0100,polar8_cal,polar,20000,60000,0.9944,0.9958,0.9957,0.8600,0.8579,0.8589,0.9273
flow,200,8,2,0.0100,knn,knn,50000,150000,0.8673,0.8751,0.8712,0.7885,0.1022,0.1810,0.5280
flow,200,8,2,0.0100,altered_knn,altered_knn,50000,100000,0.8444,0.8491,0.9098,0.0271,0.3840,0.0506,0.4498
flow,200,8,2,0.0100,quadratic,quadratic,50000,150000,0.9900,0.9951,0.9928,0.9037,0.4913,0.6365,0.8158
flow,200,8,2,0.0100,quadratic_cal,quadratic,50000,150000,0.9896,0.9928,0.9925,0.7076,0.6758,0.6913,0.8420
flow,200,8,2,0.0100,polar8,polar,50000,150000,0.9945,0.9963,0.9959,0.8820,0.8204,0.8501,0.9232
flow,200,8,2,0.0100,polar8_cal,polar,50000,150000,0.9945,0.9959,0.9960,0.8473,0.8579,0.8525,0.9242
flow,200,8,2,0.0100,knn,knn,100000,300000,0.8748,0.8822,0.8784,0.8730,0.1372,0.2371,0.5597
flow,200,8,2,0.0100,altered_knn,altered_knn,100000,200000,0.9175,0.9258,0.9411,0.0238,0.0998,0.0384,0.4821
flow,200,8,2,0.0100,quadratic,quadratic,100000,300000,0.9920,0.9970,0.9947,0.9091,0.4988,0.6441,0.8206
flow,200,8,2,0.0100,quadratic_cal,quadratic,100000,300000,0.9914,0.9945,0.9944,0.6967,0.6933,0.6950,0.8447
flow,200,8,2,0.0100,polar8,polar,100000,300000,0.9947,0.9964,0.9961,0.8711,0.8254,0.8476,0.9220
flow,200,8,2,0.0100,polar8_cal,polar,100000,300000,0.9947,0.9960,0.9962,0.8273,0.8603,0.8435,0.9198
flow,0,8,4,0.0110,knn,knn,20000,120000,0.7389,0.7454,0.7437,0.4152,0.1550,0.2257,0.4855
flow,0,8,4,0.0110,altered_knn,altered_knn,20000,80000,0.8473,0.8545,0.8786,0.0342,0.2014,0.0584,0.4564
flow,0,8,4,0.0110,quadratic,quadratic,20000,120000,0.9440,0.9487,0.9471,0.7615,0.5238,0.6206,0.7847
flow,0,8,4,0.0110,quadratic_cal,quadratic,20000,120000,0.9440,0.9490,0.9471,0.7921,0.5000,0.6130,0.7810
flow,0,8,4,0.0110,polar8,polar,20000,120000,0.9853,0.9885,0.9877,0.8271,0.7036,0.7604,0.8744
flow,0,8,4,0.0110,polar8_cal,polar,20000,120000,0.9852,0.9883,0.9877,0.8048,0.7138,0.7566,0.8724
flow,0,8,4,0.0110,knn,knn,50000,300000,0.7549,0.7614,0.7599,0.4266,0.1742,0.2474,0.5044
flow,0,8,4,0.0110,altered_knn,altered_knn,50000,200000,0.8858,0.8955,0.8931,0.0439,0.0215,0.0289,0.4622
flow,0,8,4,0.0110,quadratic,quadratic,50000,300000,0.9463,0.9511,0.9494,0.7869,0.5181,0.6248,0.7880
flow,0,8,4,0.0110,quadratic_cal,quadratic,50000,300000,0.9463,0.9511,0.9494,0.7883,0.5181,0.6253,0.7882
flow,0,8,4,0.0110,polar8,polar,50000,300000,0.9871,0.9902,0.9895,0.8161,0.7127,0.7609,0.8755
flow,0,8,4,0.0110,polar8_cal,polar,50000,300000,0.9871,0.9902,0.9895,0.8169,0.7115,0.7606,0.8754
flow,0,8,4,0.0110,knn,knn,100000,600000,0.7715,0.7779,0.7764,0.5027,0.2070,0.2933,0.5356
flow,0,8,4,0.0110,altered_knn,altered_knn,100000,400000,0.8904,0.8998,0.8994,0.0575,0.0509,0.0540,0.4769
flow,0,8,4,0.0110,quadratic,quadratic,100000,600000,0.9543,0.9590,0.9572,0.8038,0.5283,0.6375,0.7983
flow,0,8,4,0.0110,quadratic_cal,quadratic,100000,600000,0.9543,0.9590,0.9572,0.8027,0.5339,0.6413,0.8002
flow,0,8,4,0.0110,polar8,polar,100000,600000,0.9884,0.9915,0.9907,0.8303,0.7138,0.7676,0.8796
flow,0,8,4,0.0110,polar8_cal,polar,100000,600000,0.9882,0.9910,0.9907,0.7842,0.7319,0.7572,0.8741
flow,100,8,4,0.0109,knn,knn,20000,120000,0.7519,0.7583,0.7558,0.3639,0.1728,0.2343,0.4963
flow,100,8,4,0.0109,altered_knn,altered_knn,20000,80000,0.8731,0.8818,0.8897,0.0345,0.0904,0.0500,0.4659
flow,100,8,4,0.0109,quadratic,quadratic,20000,120000,0.9645,0.9689,0.9676,0.7561,0.5675,0.6484,0.8086
flow,100,8,4,0.0109,quadratic_cal,quadratic,20000,120000,0.9632,0.9669,0.9669,0.6260,0.6224,0.6242,0.7956
flow,100,8,4,0.0109,polar8,polar,20000,120000,0.9886,0.9913,0.9909,0.7983,0.7380,0.7669,0.8791
flow,100,8,4,0.0109,polar8_cal,polar,20000,120000,0.9881,0.9906,0.9908,0.7422,0.7609,0.7514,0.8710
flow,100,8,4,0.0109,knn,knn,50000,300000,0.7725,0.7790,0.7765,0.4348,0.1831,0.2576,0.5183
flow,100,8,4,0.0109,altered_knn,altered_knn,50000,200000,0.8735,0.8815,0.8961,0.0376,0.1487,0.0600,0.4707
flow,100,8,4,0.0109,quadratic,quadratic,50000,300000,0.9672,0.9716,0.9701,0.7870,0.5664,0.6587,0.8151
flow,100,8,4,0.0109,quadratic_cal,quadratic,50000,300000,0.9661,0.9697,0.9696,0.6553,0.6396,0.6474,0.8085
flow,100,8,4,0.0109,polar8,polar,50000,300000,0.9896,0.9922,0.9917,0.8241,0.7506,0.7856,0.8889
flow,100,8,4,0.0109,polar8_cal,polar,50000,300000,0.9894,0.9918,0.9917,0.7851,0.7735,0.7793,0.8855
flow,100,8,4,0.0109,knn,knn,100000,600000,0.7910,0.7972,0.7948,0.4902,0.2300,0.3131,0.5551
flow,100,8,4,0.0109,altered_knn,altered_knn,100000,400000,0.8825,0.8907,0.9027,0.0410,0.1396,0.0634,0.4771
flow,100,8,4,0.0109,quadratic,quadratic,100000,600000,0.9724,0.9768,0.9752,0.8068,0.5732,0.6702,0.8235
flow,100,8,4,0.0109,quadratic_cal,quadratic,100000,600000,0.9709,0.9743,0.9745,0.6407,0.6670,0.6536,0.8139
flow,100,8,4,0.0109,polar8,polar,100000,600000,0.9902,0.9928,0.9924,0.8216,0.7586,0.7888,0.8908
flow,100,8,4,0.0109,polar8_cal,polar,100000,600000,0.9900,0.9924,0.9923,0.7872,0.7746,0.7809,0.8866
flow,200,8,4,0.0112,knn,knn,20000,120000,0.7450,0.7516,0.7503,0.3281,0.1644,0.2191,0.4853
flow,200,8,4,0.0112,altered_knn,altered_knn,20000,80000,0.8750,0.8845,0.8845,0.0381,0.0369,0.0375,0.4610
flow,200,8,4,0.0112,quadratic,quadratic,20000,120000,0.9554,0.9602,0.9585,0.7608,0.5302,0.6249,0.7926
flow,200,8,4,0.0112,quadratic_cal,quadratic,20000,120000,0.9544,0.9584,0.9581,0.6361,0.5984,0.6167,0.7876
flow,200,8,4,0.0112,polar8,polar,20000,120000,0.9866,0.9899,0.9892,0.8054,0.6946,0.7459,0.8679
flow,200,8,4,0.0112,polar8_cal,polar,20000,120000,0.9860,0.9891,0.9890,0.7286,0.7148,0.7216,0.8554
flow,200,8,4,0.0112,knn,knn,50000,300000,0.7673,0.7742,0.7725,0.3880,0.1588,0.2254,0.4998
flow,200,8,4,0.0112,altered_knn,altered_knn,50000,200000,0.8790,0.8882,0.8930,0.0347,0.0671,0.0457,0.4670
flow,200,8,4,0.0112,quadratic,quadratic,50000,300000,0.9588,0.9636,0.9618,0.7963,0.5336,0.6390,0.8013
flow,200,8,4,0.0112,quadratic_cal,quadratic,50000,300000,0.9576,0.9615,0.9613,0.6491,0.6186,0.6334,0.7975
flow,200,8,4,0.0112,polar8,polar,50000,300000,0.9877,0.9910,0.9902,0.8123,0.6969,0.7502,0.8706
flow,200,8,4,0.0112,polar8_cal,polar,50000,300000,0.9875,0.9904,0.9902,0.7600,0.7260,0.7426,0.8665
flow,200,8,4,0.0112,knn,knn,100000,600000,0.7851,0.7920,0.7898,0.4503,0.1823,0.2596,0.5258
flow,200,8,4,0.0112,altered_knn,altered_knn,100000,400000,0.8882,0.8977,0.8996,0.0338,0.0459,0.0389,0.4683
flow,200,8,4,0.0112,quadratic,quadratic,100000,600000,0.9636,0.9685,0.9668,0.8013,0.5324,0.6398,0.8042
flow,200,8,4,0.0112,quadratic_cal,quadratic,100000,600000,0.9624,0.9661,0.9662,0.6409,0.6409,0.6409,0.8035
flow,200,8,4,0.0112,polar8,polar,100000,600000,0.9887,0.9919,0.9912,0.8111,0.7058,0.7548,0.8733
flow,200,8,4,0.0112,polar8_cal,polar,100000,600000,0.9886,0.9915,0.9912,0.7698,0.7405,0.7548,0.8732
flow,0,8,8,0.0130,knn,knn,20000,240000,0.6710,0.6768,0.6785,0.1687,0.2357,0.1967,0.4367
flow,0,8,8,0.0130,altered_knn,altered_knn,20000,160000,0.8300,0.8397,0.8445,0.0467,0.0861,0.0606,0.4502
flow,0,8,8,0.0130,quadratic,quadratic,20000,240000,0.9259,0.9316,0.9307,0.5940,0.4925,0.5385,0.7351
flow,0,8,8,0.0130,quadratic_cal,quadratic,20000,240000,0.9268,0.9330,0.9312,0.6700,0.4570,0.5433,0.7382
flow,0,8,8,0.0130,polar8,polar,20000,240000,0.9775,0.9827,0.9814,0.7218,0.5791,0.6426,0.8127
flow,0,8,8,0.0130,polar8_cal,polar,20000,240000,0.9777,0.9835,0.9814,0.8014,0.5435,0.6478,0.8156
flow,0,8,8,0.0130,knn,knn,50000,600000,0.6993,0.7052,0.7062,0.2079,0.2482,0.2263,0.4657
flow,0,8,8,0.0130,altered_knn,altered_knn,50000,400000,0.8309,0.8393,0.8573,0.0452,0.1881,0.0728,0.4561
flow,0,8,8,0.0130,quadratic,quadratic,50000,600000,0.9438,0.9500,0.9482,0.6881,0.4743,0.5615,0.7558
flow,0,8,8,0.0130,quadratic_cal,quadratic,50000,600000,0.9435,0.9494,0.9480,0.6525,0.5012,0.5669,0.7581
flow,0,8,8,0.0130,polar8,polar,50000,600000,0.9800,0.9853,0.9838,0.7593,0.5796,0.6574,0.8213
flow,0,8,8,0.0130,polar8_cal,polar,50000,600000,0.9802,0.9858,0.9838,0.8141,0.5541,0.6594,0.8226
flow,0,8,8,0.0130,knn,knn,100000,1200000,0.7175,0.7236,0.7240,0.2471,0.2573,0.2521,0.4879
flow,0,8,8,0.0130,altered_knn,altered_knn,100000,800000,0.8480,0.8575,0.8647,0.0550,0.1236,0.0761,0.4668
flow,0,8,8,0.0130,quadratic,quadratic,100000,1200000,0.9509,0.9573,0.9554,0.6669,0.4613,0.5454,0.7513
flow,0,8,8,0.0130,quadratic_cal,quadratic,100000,1200000,0.9507,0.9569,0.9554,0.6452,0.4767,0.5483,0.7526
flow,0,8,8,0.0130,polar8,polar,100000,1200000,0.9807,0.9859,0.9844,0.7703,0.5854,0.6652,0.8256
flow,0,8,8,0.0130,polar8_cal,polar,100000,1200000,0.9809,0.9864,0.9844,0.8205,0.5671,0.6706,0.8285
flow,100,8,8,0.0121,knn,knn,20000,240000,0.6708,0.6762,0.6786,0.1725,0.2349,0.1989,0.4375
flow,100,8,8,0.0121,altered_knn,altered_knn,20000,160000,0.8214,0.8296,0.8446,0.0389,0.1507,0.0619,0.4457
flow,100,8,8,0.0121,quadratic,quadratic,20000,240000,0.9298,0.9353,0.9344,0.5814,0.4848,0.5287,0.7320
flow,100,8,8,0.0121,quadratic_cal,quadratic,20000,240000,0.9297,0.9350,0.9343,0.5697,0.4961,0.5304,0.7327
flow,100,8,8,0.0121,polar8,polar,20000,240000,0.9776,0.9822,0.9812,0.7176,0.6061,0.6572,0.8197
flow,100,8,8,0.0121,polar8_cal,polar,20000,240000,0.9777,0.9824,0.9812,0.7431,0.5973,0.6623,0.8223
flow,100,8,8,0.0121,knn,knn,50000,600000,0.6970,0.7025,0.7044,0.1970,0.2452,0.2185,0.4605
flow,100,8,8,0.0121,altered_knn,altered_knn,50000,400000,0.8373,0.8458,0.8576,0.0446,0.1440,0.0681,0.4569
flow,100,8,8,0.0121,quadratic,quadratic,50000,600000,0.9403,0.9461,0.9444,0.6799,0.4693,0.5553,0.7507
flow,100,8,8,0.0121,quadratic_cal,quadratic,50000,600000,0.9390,0.9440,0.9437,0.5671,0.5281,0.5469,0.7454
flow,100,8,8,0.0121,polar8,polar,50000,600000,0.9792,0.9837,0.9827,0.7389,0.6107,0.6687,0.8262
flow,100,8,8,0.0121,polar8_cal,polar,50000,600000,0.9795,0.9844,0.9827,0.8078,0.5792,0.6747,0.8296
flow,100,8,8,0.0121,knn,knn,100000,1200000,0.7166,0.7224,0.7238,0.2225,0.2468,0.2340,0.4782
flow,100,8,8,0.0121,altered_knn,altered_knn,100000,800000,0.8570,0.8671,0.8654,0.0519,0.0341,0.0411,0.4541
flow,100,8,8,0.0121,quadratic,quadratic,100000,1200000,0.9491,0.9550,0.9533,0.6677,0.4667,0.5494,0.7522
flow,100,8,8,0.0121,quadratic_cal,quadratic,100000,1200000,0.9487,0.9543,0.9531,0.6253,0.4868,0.5475,0.7509
flow,100,8,8,0.0121,polar8,polar,100000,1200000,0.9797,0.9842,0.9832,0.7367,0.6138,0.6697,0.8270
flow,100,8,8,0.0121,polar8_cal,polar,100000,1200000,0.9799,0.9845,0.9832,0.7657,0.6025,0.6744,0.8294
flow,200,8,8,0.0129,knn,knn,20000,240000,0.6748,0.6807,0.6822,0.1586,0.2208,0.1846,0.4327
flow,200,8,8,0.0129,altered_knn,altered_knn,20000,160000,0.8312,0.8405,0.8497,0.0452,0.1198,0.0656,0.4531
flow,200,8,8,0.0129,quadratic,quadratic,20000,240000,0.9414,0.9472,0.9462,0.5980,0.4973,0.5430,0.7451
flow,200,8,8,0.0129,quadratic_cal,quadratic,20000,240000,0.9416,0.9474,0.9463,0.6107,0.4910,0.5444,0.7459
flow,200,8,8,0.0129,polar8,polar,20000,240000,0.9790,0.9842,0.9829,0.7246,0.5808,0.6448,0.8145
flow,200,8,8,0.0129,polar8_cal,polar,20000,240000,0.9793,0.9847,0.9829,0.7814,0.5585,0.6514,0.8181
flow,200,8,8,0.0129,knn,knn,50000,600000,0.7027,0.7088,0.7096,0.1941,0.2339,0.2121,0.4605
flow,200,8,8,0.0129,altered_knn,altered_knn,50000,400000,0.8205,0.8281,0.8576,0.0386,0.2416,0.0665,0.4473
flow,200,8,8,0.0129,quadratic,quadratic,50000,600000,0.9517,0.9580,0.9560,0.6851,0.4697,0.5573,0.7576
flow,200,8,8,0.0129,quadratic_cal,quadratic,50000,600000,0.9513,0.9571,0.9558,0.6389,0.5022,0.5623,0.7597
flow,200,8,8,0.0129,polar8,polar,50000,600000,0.9809,0.9860,0.9846,0.7505,0.5968,0.6649,0.8254
flow,200,8,8,0.0129,polar8_cal,polar,50000,600000,0.9811,0.9864,0.9846,0.7997,0.5754,0.6693,0.8279
flow,200,8,8,0.0129,knn,knn,100000,1200000,0.7231,0.7293,0.7298,0.2224,0.2479,0.2345,0.4819
flow,200,8,8,0.0129,altered_knn,altered_knn,100000,800000,0.8365,0.8447,0.8670,0.0421,0.2082,0.0701,0.4574
flow,200,8,8,0.0129,quadratic,quadratic,100000,1200000,0.9553,0.9617,0.9597,0.6745,0.4595,0.5466,0.7542
flow,200,8,8,0.0129,quadratic_cal,quadratic,100000,1200000,0.9545,0.9603,0.9594,0.5985,0.5099,0.5507,0.7555
flow,200,8,8,0.0129,polar8,polar,100000,1200000,0.9819,0.9869,0.9855,0.7716,0.5968,0.6731,0.8300
flow,200,8,8,0.0129,polar8_cal,polar,100000,1200000,0.9820,0.9873,0.9855,0.8058,0.5818,0.6757,0.8315
flow,0,8,16,0.0141,knn,knn,20000,480000,0.6093,0.6141,0.6226,0.0942,0.2714,0.1399,0.3770
flow,0,8,16,0.0141,altered_knn,altered_knn,20000,320000,0.7837,0.7921,0.8100,0.0475,0.1936,0.0763,0.4342
flow,0,8,16,0.0141,quadratic,quadratic,20000,480000,0.9124,0.9192,0.9185,0.5018,0.4313,0.4639,0.6916
flow,0,8,16,0.0141,quadratic_cal,quadratic,20000,480000,0.9134,0.9210,0.9189,0.5809,0.3810,0.4602,0.6906
flow,0,8,16,0.0141,polar8,polar,20000,480000,0.9663,0.9731,0.9718,0.6062,0.4911,0.5427,0.7579
flow,0,8,16,0.0141,polar8_cal,polar,20000,480000,0.9667,0.9738,0.9717,0.6712,0.4672,0.5509,0.7624
flow,0,8,16,0.0141,knn,knn,50000,1200000,0.6423,0.6475,0.6546,0.1156,0.2831,0.1642,0.4058
flow,0,8,16,0.0141,altered_knn,altered_knn,50000,800000,0.7319,0.7352,0.8069,0.0374,0.5027,0.0697,0.4024
flow,0,8,16,0.0141,quadratic,quadratic,50000,1200000,0.9189,0.9261,0.9251,0.5027,0.4147,0.4545,0.6903
flow,0,8,16,0.0141,quadratic_cal,quadratic,50000,1200000,0.9196,0.9274,0.9254,0.5576,0.3755,0.4488,0.6881
flow,0,8,16,0.0141,polar8,polar,50000,1200000,0.9685,0.9754,0.9737,0.6429,0.4898,0.5560,0.7657
flow,0,8,16,0.0141,polar8_cal,polar,50000,1200000,0.9688,0.9759,0.9737,0.6893,0.4767,0.5636,0.7698
flow,0,8,16,0.0141,knn,knn,100000,2400000,0.6656,0.6710,0.6773,0.1318,0.2931,0.1818,0.4264
flow,0,8,16,0.0141,altered_knn,altered_knn,100000,1600000,0.8221,0.8329,0.8336,0.0595,0.0658,0.0625,0.4477
flow,0,8,16,0.0141,quadratic,quadratic,100000,2400000,0.9232,0.9305,0.9299,0.4655,0.4107,0.4364,0.6835
flow,0,8,16,0.0141,quadratic_cal,quadratic,100000,2400000,0.9237,0.9312,0.9301,0.4918,0.3972,0.4395,0.6854
flow,0,8,16,0.0141,polar8,polar,100000,2400000,0.9692,0.9761,0.9743,0.6508,0.4863,0.5566,0.7663
flow,0,8,16,0.0141,polar8_cal,polar,100000,2400000,0.9694,0.9767,0.9743,0.7031,0.4643,0.5593,0.7680
flow,100,8,16,0.0139,knn,knn,20000,480000,0.6080,0.6127,0.6209,0.0967,0.2770,0.1434,0.3780
flow,100,8,16,0.0139,altered_knn,altered_knn,20000,320000,0.7844,0.7928,0.8110,0.0460,0.1916,0.0742,0.4335
flow,100,8,16,0.0139,quadratic,quadratic,20000,480000,0.9089,0.9157,0.9150,0.4920,0.4266,0.4570,0.6863
flow,100,8,16,0.0139,quadratic_cal,quadratic,20000,480000,0.9092,0.9161,0.9151,0.5053,0.4190,0.4581,0.6871
flow,100,8,16,0.0139,polar8,polar,20000,480000,0.9660,0.9725,0.9716,0.5749,0.5028,0.5364,0.7545
flow,100,8,16,0.0139,polar8_cal,polar,20000,480000,0.9667,0.9739,0.9716,0.6812,0.4590,0.5485,0.7612
flow,100,8,16,0.0139,knn,knn,50000,1200000,0.6400,0.6450,0.6523,0.1153,0.2889,0.1648,0.4049
flow,100,8,16,0.0139,altered_knn,altered_knn,50000,800000,0.8046,0.8138,0.8256,0.0513,0.1546,0.0771,0.4454
flow,100,8,16,0.0139,quadratic,quadratic,50000,1200000,0.9179,0.9250,0.9241,0.4931,0.4172,0.4520,0.6885
flow,100,8,16,0.0139,quadratic_cal,quadratic,50000,1200000,0.9179,0.9250,0.9241,0.4939,0.4165,0.4519,0.6885
flow,100,8,16,0.0139,polar8,polar,50000,1200000,0.9685,0.9751,0.9739,0.6059,0.4981,0.5467,0.7609
flow,100,8,16,0.0139,polar8_cal,polar,50000,1200000,0.9687,0.9755,0.9739,0.6279,0.4887,0.5496,0.7625
flow,100,8,16,0.0139,knn,knn,100000,2400000,0.6596,0.6648,0.6709,0.1284,0.2844,0.1770,0.4209
flow,100,8,16,0.0139,altered_knn,altered_knn,100000,1600000,0.8209,0.8309,0.8354,0.0633,0.1110,0.0807,0.4558
flow,100,8,16,0.0139,quadratic,quadratic,100000,2400000,0.9217,0.9288,0.9282,0.4632,0.4170,0.4389,0.6838
flow,100,8,16,0.0139,quadratic_cal,quadratic,100000,2400000,0.9216,0.9287,0.9282,0.4603,0.4204,0.4394,0.6841
flow,100,8,16,0.0139,polar8,polar,100000,2400000,0.9700,0.9766,0.9753,0.6230,0.5046,0.5576,0.7671
flow,100,8,16,0.0139,polar8_cal,polar,100000,2400000,0.9704,0.9773,0.9753,0.6760,0.4824,0.5630,0.7701
flow,200,8,16,0.0141,knn,knn,20000,480000,0.6077,0.6123,0.6214,0.0949,0.2825,0.1420,0.3772
flow,200,8,16,0.0141,altered_knn,altered_knn,20000,320000,0.7609,0.7669,0.8081,0.0420,0.3411,0.0748,0.4208
flow,200,8,16,0.0141,quadratic,quadratic,20000,480000,0.9156,0.9224,0.9217,0.5008,0.4382,0.4674,0.6949
flow,200,8,16,0.0141,quadratic_cal,quadratic,20000,480000,0.9157,0.9226,0.9218,0.5068,0.4299,0.4652,0.6939
flow,200,8,16,0.0141,polar8,polar,20000,480000,0.9664,0.9729,0.9719,0.6012,0.5054,0.5492,0.7611
flow,200,8,16,0.0141,polar8_cal,polar,20000,480000,0.9667,0.9735,0.9719,0.6395,0.4923,0.5563,0.7649
flow,200,8,16,0.0141,knn,knn,50000,1200000,0.6397,0.6449,0.6523,0.1098,0.2763,0.1571,0.4010
flow,200,8,16,0.0141,altered_knn,altered_knn,50000,800000,0.8078,0.8174,0.8260,0.0544,0.1328,0.0772,0.4473
flow,200,8,16,0.0141,quadratic,quadratic,50000,1200000,0.9224,0.9297,0.9288,0.4967,0.4155,0.4525,0.6911
flow,200,8,16,0.0141,quadratic_cal,quadratic,50000,1200000,0.9225,0.9298,0.9288,0.4995,0.4135,0.4524,0.6911
flow,200,8,16,0.0141,polar8,polar,50000,1200000,0.9684,0.9750,0.9736,0.6283,0.5034,0.5590,0.7670
flow,200,8,16,0.0141,polar8_cal,polar,50000,1200000,0.9687,0.9755,0.9737,0.6648,0.4932,0.5663,0.7709
flow,200,8,16,0.0141,knn,knn,100000,2400000,0.6613,0.6665,0.6732,0.1300,0.2969,0.1809,0.4237
flow,200,8,16,0.0141,altered_knn,altered_knn,100000,1600000,0.8077,0.8160,0.8357,0.0531,0.2276,0.0861,0.4511
flow,200,8,16,0.0141,quadratic,quadratic,100000,2400000,0.9262,0.9335,0.9328,0.4760,0.4168,0.4445,0.6890
flow,200,8,16,0.0141,quadratic_cal,quadratic,100000,2400000,0.9264,0.9339,0.9329,0.4893,0.4044,0.4428,0.6883
flow,200,8,16,0.0141,polar8,polar,100000,2400000,0.9695,0.9763,0.9747,0.6412,0.4972,0.5601,0.7682
flow,200,8,16,0.0141,polar8_cal,polar,100000,2400000,0.9699,0.9769,0.9747,0.6955,0.4783,0.5668,0.7719
flow,0,16,2,0.0091,knn,knn,20000,60000,0.7980,0.8053,0.8008,0.2000,0.0055,0.0107,0.4080
flow,0,16,2,0.0091,altered_knn,altered_knn,20000,40000,0.7595,0.7627,0.8550,0.0169,0.4148,0.0325,0.3976
flow,0,16,2,0.0091,quadratic,quadratic,20000,60000,0.9870,0.9919,0.9895,0.9708,0.4560,0.6206,0.8062
flow,0,16,2,0.0091,quadratic_cal,quadratic,20000,60000,0.9858,0.9880,0.9889,0.6322,0.7555,0.6884,0.8382
flow,0,16,2,0.0091,polar8,polar,20000,60000,0.9900,0.9912,0.9932,0.5973,0.8599,0.7050,0.8481
flow,0,16,2,0.0091,polar8_cal,polar,20000,60000,0.9912,0.9926,0.9936,0.6925,0.8352,0.7572,0.8749
flow,0,16,2,0.0091,knn,knn,50000,150000,0.8088,0.8161,0.8119,0.5000,0.0137,0.0267,0.4214
flow,0,16,2,0.0091,altered_knn,altered_knn,50000,100000,0.8627,0.8688,0.9037,0.0213,0.2005,0.0385,0.4536
flow,0,16,2,0.0091,quadratic,quadratic,50000,150000,0.9885,0.9932,0.9909,0.9828,0.4698,0.6357,0.8145
flow,0,16,2,0.0091,quadratic_cal,quadratic,50000,150000,0.9877,0.9898,0.9904,0.6635,0.7582,0.7077,0.8487
flow,0,16,2,0.0091,polar8,polar,50000,150000,0.9905,0.9916,0.9937,0.5985,0.8681,0.7085,0.8501
flow,0,16,2,0.0091,polar8_cal,polar,50000,150000,0.9919,0.9932,0.9942,0.7094,0.8516,0.7740,0.8836
flow,0,16,2,0.0091,knn,knn,100000,300000,0.8112,0.8185,0.8142,0.5833,0.0192,0.0372,0.4279
flow,0,16,2,0.0091,altered_knn,altered_knn,100000,200000,0.8663,0.8725,0.9054,0.0216,0.1923,0.0388,0.4556
flow,0,16,2,0.0091,quadratic,quadratic,100000,300000,0.9894,0.9939,0.9917,0.9626,0.4945,0.6534,0.8237
flow,0,16,2,0.0091,quadratic_cal,quadratic,100000,300000,0.9888,0.9906,0.9914,0.6729,0.7912,0.7273,0.8589
flow,0,16,2,0.0091,polar8,polar,100000,300000,0.9922,0.9933,0.9947,0.6695,0.8736,0.7580,0.8757
flow,0,16,2,0.0091,polar8_cal,polar,100000,300000,0.9926,0.9937,0.9948,0.7054,0.8681,0.7783,0.8860
flow,100,16,2,0.0087,knn,knn,20000,60000,0.8011,0.8079,0.8040,0.5455,0.0173,0.0336,0.4208
flow,100,16,2,0.0087,altered_knn,altered_knn,20000,40000,0.7588,0.7618,0.8548,0.0161,0.4191,0.0311,0.3964
flow,100,16,2,0.0087,quadratic,quadratic,20000,60000,0.9888,0.9940,0.9915,0.9252,0.3931,0.5517,0.7729
flow,100,16,2,0.0087,quadratic_cal,quadratic,20000,60000,0.9874,0.9902,0.9908,0.5793,0.6647,0.6191,0.8047
flow,100,16,2,0.0087,polar8,polar,20000,60000,0.9900,0.9908,0.9933,0.5657,0.8960,0.6935,0.8422
flow,100,16,2,0.0087,polar8_cal,polar,20000,60000,0.9925,0.9936,0.9943,0.7475,0.8728,0.8053,0.8995
flow,100,16,2,0.0087,knn,knn,50000,150000,0.8072,0.8142,0.8103,0.4286,0.0087,0.0170,0.4156
flow,100,16,2,0.0087,altered_knn,altered_knn,50000,100000,0.8685,0.8747,0.9059,0.0179,0.1590,0.0321,0.4534
flow,100,16,2,0.0087,quadratic,quadratic,50000,150000,0.9905,0.9955,0.9931,0.9304,0.4249,0.5833,0.7894
flow,100,16,2,0.0087,quadratic_cal,quadratic,50000,150000,0.9896,0.9927,0.9927,0.6390,0.6445,0.6417,0.8172
flow,100,16,2,0.0087,polar8,polar,50000,150000,0.9920,0.9927,0.9949,0.6023,0.9104,0.7250,0.8588
flow,100,16,2,0.0087,polar8_cal,polar,50000,150000,0.9942,0.9952,0.9958,0.7650,0.8844,0.8204,0.9078
flow,100,16,2,0.0087,knn,knn,100000,300000,0.8131,0.8202,0.8161,0.4286,0.0087,0.0170,0.4186
flow,100,16,2,0.0087,altered_knn,altered_knn,100000,200000,0.8675,0.8732,0.9067,0.0229,0.2168,0.0414,0.4573
flow,100,16,2,0.0087,quadratic,quadratic,100000,300000,0.9919,0.9967,0.9944,0.9333,0.4451,0.6027,0.7997
flow,100,16,2,0.0087,quadratic_cal,quadratic,100000,300000,0.9910,0.9935,0.9939,0.6395,0.7023,0.6694,0.8315
flow,100,16,2,0.0087,polar8,polar,100000,300000,0.9941,0.9948,0.9961,0.7060,0.9162,0.7975,0.8961
flow,100,16,2,0.0087,polar8_cal,polar,100000,300000,0.9950,0.9959,0.9965,0.7954,0.8988,0.8440,0.9199
flow,200,16,2,0.0093,knn,knn,20000,60000,0.8014,0.8087,0.8048,0.5882,0.0268,0.0513,0.4300
flow,200,16,2,0.0093,altered_knn,altered_knn,20000,40000,0.8665,0.8729,0.9029,0.0226,0.1823,0.0403,0.4566
flow,200,16,2,0.0093,quadratic,quadratic,20000,60000,0.9886,0.9940,0.9914,0.9573,0.4209,0.5847,0.7894
flow,200,16,2,0.0093,quadratic_cal,quadratic,20000,60000,0.9878,0.9908,0.9910,0.6469,0.6729,0.6597,0.8252
flow,200,16,2,0.0093,polar8,polar,20000,60000,0.9893,0.9906,0.9933,0.5354,0.8525,0.6577,0.8241
flow,200,16,2,0.0093,polar8_cal,polar,20000,60000,0.9907,0.9921,0.9939,0.6085,0.8418,0.7064,0.8492
flow,200,16,2,0.0093,knn,knn,50000,150000,0.8092,0.8167,0.8127,0.3333,0.0080,0.0157,0.4162
flow,200,16,2,0.0093,altered_knn,altered_knn,50000,100000,0.8643,0.8707,0.9052,0.0203,0.1850,0.0366,0.4536
flow,200,16,2,0.0093,quadratic,quadratic,50000,150000,0.9904,0.9958,0.9932,0.9512,0.4182,0.5810,0.7884
flow,200,16,2,0.0093,quadratic_cal,quadratic,50000,150000,0.9897,0.9925,0.9928,0.6476,0.6997,0.6727,0.8326
flow,200,16,2,0.0093,polar8,polar,50000,150000,0.9914,0.9928,0.9948,0.5951,0.8472,0.6991,0.8459
flow,200,16,2,0.0093,polar8_cal,polar,50000,150000,0.9928,0.9942,0.9953,0.6901,0.8418,0.7585,0.8764
flow,200,16,2,0.0093,knn,knn,100000,300000,0.8102,0.8178,0.8136,0.3333,0.0027,0.0053,0.4115
flow,200,16,2,0.0093,altered_knn,altered_knn,100000,200000,0.8697,0.8762,0.9059,0.0222,0.1769,0.0394,0.4578
flow,200,16,2,0.0093,quadratic,quadratic,100000,300000,0.9914,0.9964,0.9940,0.9553,0.4584,0.6196,0.8080
flow,200,16,2,0.0093,quadratic_cal,quadratic,100000,300000,0.9907,0.9931,0.9936,0.6627,0.7426,0.7004,0.8467
flow,200,16,2,0.0093,polar8,polar,100000,300000,0.9936,0.9950,0.9959,0.7067,0.8525,0.7728,0.8839
flow,200,16,2,0.0093,polar8_cal,polar,100000,300000,0.9940,0.9954,0.9960,0.7506,0.8472,0.7960,0.8957
flow,0,16,4,0.0101,knn,knn,20000,120000,0.6556,0.6618,0.6581,0.2720,0.0422,0.0730,0.3674
flow,0,16,4,0.0101,altered_knn,altered_knn,20000,80000,0.8414,0.8493,0.8509,0.0472,0.0645,0.0545,0.4519
flow,0,16,4,0.0101,quadratic,quadratic,20000,120000,0.9685,0.9735,0.9713,0.8431,0.4801,0.6119,0.7927
flow,0,16,4,0.0101,quadratic_cal,quadratic,20000,120000,0.9683,0.9720,0.9712,0.7151,0.6042,0.6550,0.8135
flow,0,16,4,0.0101,polar8,polar,20000,120000,0.9843,0.9869,0.9865,0.7855,0.7270,0.7552,0.8710
flow,0,16,4,0.0101,polar8_cal,polar,20000,120000,0.9836,0.9860,0.9864,0.6975,0.7494,0.7225,0.8542
flow,0,16,4,0.0101,knn,knn,50000,300000,0.6660,0.6723,0.6689,0.3137,0.0397,0.0705,0.3714
flow,0,16,4,0.0101,altered_knn,altered_knn,50000,200000,0.8429,0.8508,0.8535,0.0415,0.0670,0.0513,0.4511
flow,0,16,4,0.0101,quadratic,quadratic,50000,300000,0.9743,0.9792,0.9770,0.8706,0.4926,0.6292,0.8042
flow,0,16,4,0.0101,quadratic_cal,quadratic,50000,300000,0.9743,0.9778,0.9770,0.7460,0.6303,0.6833,0.8305
flow,0,16,4,0.0101,polar8,polar,50000,300000,0.9868,0.9894,0.9889,0.8284,0.7308,0.7765,0.8830
flow,0,16,4,0.0101,polar8_cal,polar,50000,300000,0.9862,0.9885,0.9887,0.7356,0.7593,0.7473,0.8679
flow,0,16,4,0.0101,knn,knn,100000,600000,0.6746,0.6811,0.6776,0.3293,0.0335,0.0608,0.3710
flow,0,16,4,0.0101,altered_knn,altered_knn,100000,400000,0.8465,0.8544,0.8564,0.0479,0.0695,0.0567,0.4556
flow,0,16,4,0.0101,quadratic,quadratic,100000,600000,0.9805,0.9849,0.9829,0.8986,0.5496,0.6821,0.8335
flow,0,16,4,0.0101,quadratic_cal,quadratic,100000,600000,0.9802,0.9834,0.9828,0.7602,0.6725,0.7136,0.8485
flow,0,16,4,0.0101,polar8,polar,100000,600000,0.9874,0.9898,0.9893,0.8440,0.7519,0.7953,0.8925
flow,0,16,4,0.0101,polar8_cal,polar,100000,600000,0.9871,0.9891,0.9892,0.7826,0.7903,0.7864,0.8878
flow,100,16,4,0.0095,knn,knn,20000,120000,0.6498,0.6557,0.6519,0.2842,0.0356,0.0633,0.3595
flow,100,16,4,0.0095,altered_knn,altered_knn,20000,80000,0.8267,0.8336,0.8469,0.0248,0.1055,0.0401,0.4368
flow,100,16,4,0.0095,quadratic,quadratic,20000,120000,0.9658,0.9706,0.9686,0.8222,0.4697,0.5978,0.7842
flow,100,16,4,0.0095,quadratic_cal,quadratic,20000,120000,0.9654,0.9688,0.9684,0.6765,0.6042,0.6383,0.8036
flow,100,16,4,0.0095,polar8,polar,20000,120000,0.9833,0.9853,0.9856,0.7343,0.7691,0.7513,0.8683
flow,100,16,4,0.0095,polar8_cal,polar,20000,120000,0.9836,0.9859,0.9856,0.7893,0.7414,0.7646,0.8753
flow,100,16,4,0.0095,knn,knn,50000,300000,0.6595,0.6655,0.6623,0.2500,0.0317,0.0562,0.3609
flow,100,16,4,0.0095,altered_knn,altered_knn,50000,200000,0.8414,0.8487,0.8529,0.0376,0.0752,0.0501,0.4494
flow,100,16,4,0.0095,quadratic,quadratic,50000,300000,0.9712,0.9760,0.9739,0.8722,0.4683,0.6094,0.7927
flow,100,16,4,0.0095,quadratic_cal,quadratic,50000,300000,0.9709,0.9739,0.9737,0.6878,0.6570,0.6721,0.8230
flow,100,16,4,0.0095,polar8,polar,50000,300000,0.9855,0.9874,0.9871,0.8417,0.7784,0.8088,0.8981
flow,100,16,4,0.0095,polar8_cal,polar,50000,300000,0.9853,0.9871,0.9871,0.8013,0.7929,0.7971,0.8921
flow,100,16,4,0.0095,knn,knn,100000,600000,0.6703,0.6764,0.6732,0.2558,0.0290,0.0521,0.3643
flow,100,16,4,0.0095,altered_knn,altered_knn,100000,400000,0.8442,0.8515,0.8549,0.0455,0.0818,0.0585,0.4550
flow,100,16,4,0.0095,quadratic,quadratic,100000,600000,0.9780,0.9823,0.9804,0.8937,0.5211,0.6583,0.8203
flow,100,16,4,0.0095,quadratic_cal,quadratic,100000,600000,0.9775,0.9801,0.9802,0.7008,0.7045,0.7026,0.8414
flow,100,16,4,0.0095,polar8,polar,100000,600000,0.9870,0.9888,0.9886,0.8366,0.7968,0.8162,0.9025
flow,100,16,4,0.0095,polar8_cal,polar,100000,600000,0.9868,0.9884,0.9886,0.7904,0.8259,0.8077,0.8981
flow,200,16,4,0.0088,knn,knn,20000,120000,0.6478,0.6532,0.6507,0.2459,0.0424,0.0724,0.3628
flow,200,16,4,0.0088,altered_knn,altered_knn,20000,80000,0.7988,0.8037,0.8413,0.0227,0.2504,0.0416,0.4227
flow,200,16,4,0.0088,quadratic,quadratic,20000,120000,0.9739,0.9781,0.9764,0.8271,0.5007,0.6238,0.8009
flow,200,16,4,0.0088,quadratic_cal,quadratic,20000,120000,0.9720,0.9745,0.9754,0.5748,0.6902,0.6272,0.8009
flow,200,16,4,0.0088,polar8,polar,20000,120000,0.9875,0.9892,0.9894,0.7557,0.7963,0.7755,0.8823
flow,200,16,4,0.0088,polar8_cal,polar,20000,120000,0.9872,0.9888,0.9894,0.7175,0.8119,0.7618,0.8753
flow,200,16,4,0.0088,knn,knn,50000,300000,0.6634,0.6690,0.6664,0.2245,0.0311,0.0547,0.3618
flow,200,16,4,0.0088,altered_knn,altered_knn,50000,200000,0.8354,0.8418,0.8536,0.0292,0.1202,0.0470,0.4444
flow,200,16,4,0.0088,quadratic,quadratic,50000,300000,0.9792,0.9836,0.9818,0.8462,0.4823,0.6144,0.7990
flow,200,16,4,0.0088,quadratic_cal,quadratic,50000,300000,0.9782,0.9807,0.9812,0.6252,0.7030,0.6618,0.8212
flow,200,16,4,0.0088,polar8,polar,50000,300000,0.9894,0.9911,0.9911,0.8017,0.8006,0.8011,0.8961
flow,200,16,4,0.0088,polar8_cal,polar,50000,300000,0.9891,0.9907,0.9910,0.7546,0.8175,0.7848,0.8877
flow,200,16,4,0.0088,knn,knn,100000,600000,0.6734,0.6790,0.6762,0.3412,0.0410,0.0732,0.3761
flow,200,16,4,0.0088,altered_knn,altered_knn,100000,400000,0.8101,0.8152,0.8496,0.0240,0.2419,0.0437,0.4295
flow,200,16,4,0.0088,quadratic,quadratic,100000,600000,0.9845,0.9884,0.9868,0.8828,0.5431,0.6725,0.8305
flow,200,16,4,0.0088,quadratic_cal,quadratic,100000,600000,0.9835,0.9854,0.9862,0.6487,0.7652,0.7021,0.8438
flow,200,16,4,0.0088,polar8,polar,100000,600000,0.9904,0.9920,0.9919,0.8438,0.8175,0.8305,0.9112
flow,200,16,4,0.0088,polar8_cal,polar,100000,600000,0.9898,0.9909,0.9917,0.7436,0.8656,0.8000,0.8955
flow,0,16,8,0.0112,knn,knn,20000,240000,0.5340,0.5392,0.5373,0.1552,0.0815,0.1069,0.3230
flow,0,16,8,0.0112,altered_knn,altered_knn,20000,160000,0.7821,0.7905,0.7903,0.0450,0.0430,0.0440,0.4172
flow,0,16,8,0.0112,quadratic,quadratic,20000,240000,0.9423,0.9473,0.9457,0.7234,0.5008,0.5919,0.7696
flow,0,16,8,0.0112,quadratic_cal,quadratic,20000,240000,0.9412,0.9451,0.9452,0.5932,0.6008,0.5969,0.7710
flow,0,16,8,0.0112,polar8,polar,20000,240000,0.9748,0.9783,0.9771,0.8471,0.6650,0.7451,0.8617
flow,0,16,8,0.0112,polar8_cal,polar,20000,240000,0.9746,0.9780,0.9771,0.8069,0.6745,0.7348,0.8564
flow,0,16,8,0.0112,knn,knn,50000,600000,0.5521,0.5576,0.5558,0.1257,0.0637,0.0845,0.3211
flow,0,16,8,0.0112,altered_knn,altered_knn,50000,400000,0.7795,0.7872,0.7944,0.0359,0.0932,0.0518,0.4195
flow,0,16,8,0.0112,quadratic,quadratic,50000,600000,0.9553,0.9605,0.9583,0.8417,0.4958,0.6240,0.7923
flow,0,16,8,0.0112,quadratic_cal,quadratic,50000,600000,0.9545,0.9579,0.9579,0.6621,0.6533,0.6577,0.8078
flow,0,16,8,0.0112,polar8,polar,50000,600000,0.9770,0.9803,0.9792,0.8618,0.6790,0.7595,0.8699
flow,0,16,8,0.0112,polar8_cal,polar,50000,600000,0.9770,0.9801,0.9792,0.8385,0.7013,0.7638,0.8719
flow,0,16,8,0.0112,knn,knn,100000,1200000,0.5633,0.5688,0.5670,0.1761,0.0765,0.1067,0.3377
flow,0,16,8,0.0112,altered_knn,altered_knn,100000,800000,0.7873,0.7954,0.7998,0.0375,0.0748,0.0500,0.4227
flow,0,16,8,0.0112,quadratic,quadratic,100000,1200000,0.9614,0.9664,0.9643,0.8544,0.5176,0.6446,0.8055
flow,0,16,8,0.0112,quadratic_cal,quadratic,100000,1200000,0.9607,0.9640,0.9639,0.6889,0.6689,0.6788,0.8214
flow,0,16,8,0.0112,polar8,polar,100000,1200000,0.9770,0.9803,0.9796,0.7819,0.6868,0.7313,0.8558
flow,0,16,8,0.0112,polar8_cal,polar,100000,1200000,0.9770,0.9802,0.9796,0.7795,0.6890,0.7315,0.8559
flow,100,16,8,0.0101,knn,knn,20000,240000,0.5332,0.5379,0.5361,0.1114,0.0688,0.0851,0.3115
flow,100,16,8,0.0101,altered_knn,altered_knn,20000,160000,0.7546,0.7596,0.7947,0.0277,0.2677,0.0501,0.4048
flow,100,16,8,0.0101,quadratic,quadratic,20000,240000,0.9438,0.9484,0.9470,0.6925,0.4926,0.5757,0.7620
flow,100,16,8,0.0101,quadratic_cal,quadratic,20000,240000,0.9433,0.9475,0.9467,0.6300,0.5316,0.5766,0.7621
flow,100,16,8,0.0101,polar8,polar,20000,240000,0.9765,0.9794,0.9786,0.8072,0.6927,0.7456,0.8625
flow,100,16,8,0.0101,polar8_cal,polar,20000,240000,0.9760,0.9784,0.9786,0.7049,0.7342,0.7193,0.8488
flow,100,16,8,0.0101,knn,knn,50000,600000,0.5512,0.5560,0.5544,0.1521,0.0849,0.1089,0.3325
flow,100,16,8,0.0101,altered_knn,altered_knn,50000,400000,0.7585,0.7633,0.7996,0.0293,0.2906,0.0532,0.4083
flow,100,16,8,0.0101,quadratic,quadratic,50000,600000,0.9589,0.9637,0.9617,0.8213,0.4870,0.6114,0.7875
flow,100,16,8,0.0101,quadratic_cal,quadratic,50000,600000,0.9584,0.9621,0.9614,0.6924,0.5898,0.6370,0.7996
flow,100,16,8,0.0101,polar8,polar,50000,600000,0.9786,0.9814,0.9808,0.8030,0.7069,0.7519,0.8667
flow,100,16,8,0.0101,polar8_cal,polar,50000,600000,0.9785,0.9808,0.9809,0.7394,0.7540,0.7466,0.8637
flow,100,16,8,0.0101,knn,knn,100000,1200000,0.5612,0.5661,0.5640,0.1546,0.0756,0.1015,0.3338
flow,100,16,8,0.0101,altered_knn,altered_knn,100000,800000,0.7709,0.7761,0.8045,0.0325,0.2577,0.0577,0.4169
flow,100,16,8,0.0101,quadratic,quadratic,100000,1200000,0.9638,0.9684,0.9665,0.8407,0.5099,0.6348,0.8016
flow,100,16,8,0.0101,quadratic_cal,quadratic,100000,1200000,0.9632,0.9667,0.9662,0.6972,0.6264,0.6599,0.8133
flow,100,16,8,0.0101,polar8,polar,100000,1200000,0.9783,0.9810,0.9809,0.7408,0.7138,0.7270,0.8540
flow,100,16,8,0.0101,polar8_cal,polar,100000,1200000,0.9784,0.9810,0.9809,0.7373,0.7181,0.7276,0.8543
flow,200,16,8,0.0096,knn,knn,20000,240000,0.5304,0.5349,0.5341,0.1035,0.0764,0.0879,0.3114
flow,200,16,8,0.0096,altered_knn,altered_knn,20000,160000,0.7440,0.7483,0.7880,0.0265,0.2999,0.0486,0.3985
flow,200,16,8,0.0096,quadratic,quadratic,20000,240000,0.9371,0.9414,0.9402,0.6851,0.4974,0.5764,0.7589
flow,200,16,8,0.0096,quadratic_cal,quadratic,20000,240000,0.9361,0.9396,0.9397,0.5688,0.5784,0.5735,0.7566
flow,200,16,8,0.0096,polar8,polar,20000,240000,0.9752,0.9782,0.9774,0.8023,0.6703,0.7304,0.8543
flow,200,16,8,0.0096,polar8_cal,polar,20000,240000,0.9746,0.9772,0.9773,0.6971,0.7079,0.7024,0.8398
flow,200,16,8,0.0096,knn,knn,50000,600000,0.5486,0.5532,0.5522,0.1569,0.0829,0.1085,0.3308
flow,200,16,8,0.0096,altered_knn,altered_knn,50000,400000,0.7527,0.7573,0.7940,0.0273,0.2856,0.0498,0.4036
flow,200,16,8,0.0096,quadratic,quadratic,50000,600000,0.9537,0.9581,0.9563,0.8127,0.4974,0.6171,0.7876
flow,200,16,8,0.0096,quadratic_cal,quadratic,50000,600000,0.9523,0.9554,0.9556,0.6136,0.6367,0.6249,0.7902
flow,200,16,8,0.0096,polar8,polar,50000,600000,0.9776,0.9803,0.9797,0.8066,0.6969,0.7477,0.8640
flow,200,16,8,0.0096,polar8_cal,polar,50000,600000,0.9770,0.9792,0.9795,0.6993,0.7487,0.7232,0.8512
flow,200,16,8,0.0096,knn,knn,100000,1200000,0.5592,0.5639,0.5628,0.1563,0.0751,0.1015,0.3327
flow,200,16,8,0.0096,altered_knn,altered_knn,100000,800000,0.7729,0.7782,0.8010,0.0333,0.2273,0.0581,0.4182
flow,200,16,8,0.0096,quadratic,quadratic,100000,1200000,0.9598,0.9642,0.9624,0.8365,0.5104,0.6340,0.7991
flow,200,16,8,0.0096,quadratic_cal,quadratic,100000,1200000,0.9579,0.9606,0.9614,0.5837,0.6846,0.6301,0.7953
flow,200,16,8,0.0096,polar8,polar,100000,1200000,0.9780,0.9805,0.9803,0.7451,0.7137,0.7291,0.8548
flow,200,16,8,0.0096,polar8_cal,polar,100000,1200000,0.9777,0.9799,0.9803,0.6953,0.7448,0.7192,0.8496
flow,0,16,16,0.0111,knn,knn,20000,480000,0.4523,0.4560,0.4567,0.0736,0.1164,0.0902,0.2731
flow,0,16,16,0.0111,altered_knn,altered_knn,20000,320000,0.7415,0.7485,0.7545,0.0482,0.1167,0.0682,0.4083
flow,0,16,16,0.0111,quadratic,quadratic,20000,480000,0.9406,0.9458,0.9443,0.6817,0.4776,0.5617,0.7537
flow,0,16,16,0.0111,quadratic_cal,quadratic,20000,480000,0.9397,0.9441,0.9438,0.5837,0.5523,0.5676,0.7558
flow,0,16,16,0.0111,polar8,polar,20000,480000,0.9614,0.9653,0.9654,0.6010,0.6180,0.6094,0.7873
flow,0,16,16,0.0111,polar8_cal,polar,20000,480000,0.9615,0.9657,0.9654,0.6261,0.5929,0.6090,0.7873
flow,0,16,16,0.0111,knn,knn,50000,1200000,0.4703,0.4742,0.4750,0.0828,0.1255,0.0998,0.2870
flow,0,16,16,0.0111,altered_knn,altered_knn,50000,800000,0.7400,0.7464,0.7603,0.0395,0.1689,0.0640,0.4052
flow,0,16,16,0.0111,quadratic,quadratic,50000,1200000,0.9478,0.9530,0.9511,0.7568,0.4852,0.5913,0.7721
flow,0,16,16,0.0111,quadratic_cal,quadratic,50000,1200000,0.9468,0.9510,0.9506,0.6240,0.5754,0.5987,0.7748
flow,0,16,16,0.0111,polar8,polar,50000,1200000,0.9647,0.9685,0.9679,0.7047,0.6298,0.6652,0.8168
flow,0,16,16,0.0111,polar8_cal,polar,50000,1200000,0.9646,0.9681,0.9680,0.6688,0.6524,0.6605,0.8143
flow,0,16,16,0.0111,knn,knn,100000,2400000,0.4830,0.4869,0.4871,0.1054,0.1362,0.1188,0.3029
flow,0,16,16,0.0111,altered_knn,altered_knn,100000,1600000,0.7208,0.7256,0.7629,0.0304,0.2955,0.0552,0.3904
flow,0,16,16,0.0111,quadratic,quadratic,100000,2400000,0.9497,0.9549,0.9530,0.7567,0.4832,0.5898,0.7724
flow,0,16,16,0.0111,quadratic_cal,quadratic,100000,2400000,0.9489,0.9530,0.9526,0.6304,0.5827,0.6056,0.7793
flow,0,16,16,0.0111,polar8,polar,100000,2400000,0.9660,0.9697,0.9688,0.7656,0.6307,0.6916,0.8307
flow,0,16,16,0.0111,polar8_cal,polar,100000,2400000,0.9656,0.9690,0.9688,0.6921,0.6662,0.6789,0.8239
flow,100,16,16,0.0118,knn,knn,20000,480000,0.4429,0.4467,0.4470,0.0794,0.1202,0.0956,0.2712
flow,100,16,16,0.0118,altered_knn,altered_knn,20000,320000,0.7127,0.7181,0.7483,0.0334,0.2583,0.0592,0.3886
flow,100,16,16,0.0118,quadratic,quadratic,20000,480000,0.9340,0.9398,0.9379,0.6912,0.4444,0.5410,0.7404
flow,100,16,16,0.0118,quadratic_cal,quadratic,20000,480000,0.9338,0.9394,0.9378,0.6628,0.4682,0.5488,0.7441
flow,100,16,16,0.0118,polar8,polar,20000,480000,0.9602,0.9647,0.9640,0.6664,0.5789,0.6195,0.7921
flow,100,16,16,0.0118,polar8_cal,polar,20000,480000,0.9602,0.9649,0.9640,0.6811,0.5680,0.6194,0.7922
flow,100,16,16,0.0118,knn,knn,50000,1200000,0.4622,0.4663,0.4668,0.0834,0.1194,0.0982,0.2823
flow,100,16,16,0.0118,altered_knn,altered_knn,50000,800000,0.7408,0.7480,0.7568,0.0451,0.1318,0.0672,0.4076
flow,100,16,16,0.0118,quadratic,quadratic,50000,1200000,0.9421,0.9481,0.9458,0.7523,0.4365,0.5524,0.7503
flow,100,16,16,0.0118,quadratic_cal,quadratic,50000,1200000,0.9417,0.9469,0.9456,0.6731,0.5053,0.5773,0.7621
flow,100,16,16,0.0118,polar8,polar,50000,1200000,0.9641,0.9686,0.9676,0.7109,0.5831,0.6407,0.8046
flow,100,16,16,0.0118,polar8_cal,polar,50000,1200000,0.9639,0.9683,0.9676,0.6860,0.5985,0.6392,0.8038
flow,100,16,16,0.0118,knn,knn,100000,2400000,0.4750,0.4792,0.4792,0.0961,0.1207,0.1070,0.2931
flow,100,16,16,0.0118,altered_knn,altered_knn,100000,1600000,0.7499,0.7577,0.7608,0.0563,0.0934,0.0702,0.4140
flow,100,16,16,0.0118,quadratic,quadratic,100000,2400000,0.9455,0.9515,0.9492,0.7624,0.4391,0.5573,0.7544
flow,100,16,16,0.0118,quadratic_cal,quadratic,100000,2400000,0.9450,0.9502,0.9489,0.6689,0.5106,0.5791,0.7647
flow,100,16,16,0.0118,polar8,polar,100000,2400000,0.9660,0.9705,0.9691,0.7765,0.5850,0.6673,0.8189
flow,100,16,16,0.0118,polar8_cal,polar,100000,2400000,0.9658,0.9699,0.9692,0.7154,0.6167,0.6624,0.8162
flow,200,16,16,0.0113,knn,knn,20000,480000,0.4460,0.4496,0.4506,0.0797,0.1313,0.0992,0.2744
flow,200,16,16,0.0113,altered_knn,altered_knn,20000,320000,0.7378,0.7450,0.7506,0.0451,0.1044,0.0630,0.4040
flow,200,16,16,0.0113,quadratic,quadratic,20000,480000,0.9358,0.9413,0.9394,0.6933,0.4535,0.5483,0.7448
flow,200,16,16,0.0113,quadratic_cal,quadratic,20000,480000,0.9358,0.9412,0.9394,0.6894,0.4577,0.5501,0.7457
flow,200,16,16,0.0113,polar8,polar,20000,480000,0.9609,0.9650,0.9648,0.6243,0.5995,0.6116,0.7883
flow,200,16,16,0.0113,polar8_cal,polar,20000,480000,0.9610,0.9654,0.9647,0.6517,0.5770,0.6121,0.7887
flow,200,16,16,0.0113,knn,knn,50000,1200000,0.4658,0.4696,0.4700,0.0927,0.1285,0.1077,0.2887
flow,200,16,16,0.0113,altered_knn,altered_knn,50000,800000,0.6904,0.6935,0.7484,0.0299,0.4158,0.0558,0.3746
flow,200,16,16,0.0113,quadratic,quadratic,50000,1200000,0.9436,0.9491,0.9470,0.7637,0.4574,0.5721,0.7606
flow,200,16,16,0.0113,quadratic_cal,quadratic,50000,1200000,0.9434,0.9486,0.9469,0.7168,0.4854,0.5789,0.7637
flow,200,16,16,0.0113,polar8,polar,50000,1200000,0.9644,0.9684,0.9678,0.6872,0.6098,0.6462,0.8073
flow,200,16,16,0.0113,polar8_cal,polar,50000,1200000,0.9641,0.9679,0.9678,0.6446,0.6309,0.6377,0.8028
flow,200,16,16,0.0113,knn,knn,100000,2400000,0.4775,0.4814,0.4817,0.1002,0.1327,0.1142,0.2978
flow,200,16,16,0.0113,altered_knn,altered_knn,100000,1600000,0.7482,0.7554,0.7610,0.0510,0.1185,0.0713,0.4133
flow,200,16,16,0.0113,quadratic,quadratic,100000,2400000,0.9461,0.9517,0.9495,0.7696,0.4552,0.5720,0.7619
flow,200,16,16,0.0113,quadratic_cal,quadratic,100000,2400000,0.9459,0.9510,0.9494,0.7123,0.4954,0.5844,0.7677
flow,200,16,16,0.0113,polar8,polar,100000,2400000,0.9665,0.9705,0.9694,0.7724,0.6142,0.6843,0.8274
flow,200,16,16,0.0113,polar8_cal,polar,100000,2400000,0.9661,0.9697,0.9694,0.6868,0.6542,0.6701,0.8199
flow,0,32,2,0.0093,knn,knn,20000,60000,0.7634,0.7705,0.7661,0.1667,0.0054,0.0104,0.3905
flow,0,32,2,0.0093,altered_knn,altered_knn,20000,40000,0.8720,0.8794,0.8991,0.0156,0.0889,0.0266,0.4530
flow,0,32,2,0.0093,quadratic,quadratic,20000,60000,0.9839,0.9900,0.9872,0.8483,0.3315,0.4767,0.7334
flow,0,32,2,0.0093,quadratic_cal,quadratic,20000,60000,0.9824,0.9857,0.9865,0.5376,0.6361,0.5827,0.7842
flow,0,32,2,0.0093,polar8,polar,20000,60000,0.9916,0.9928,0.9927,0.8809,0.8571,0.8689,0.9308
flow,0,32,2,0.0093,polar8_cal,polar,20000,60000,0.9910,0.9920,0.9925,0.7885,0.8841,0.8335,0.9128
flow,0,32,2,0.0093,knn,knn,50000,150000,0.7734,0.7807,0.7765,0.3333,0.0027,0.0053,0.3930
flow,0,32,2,0.0093,altered_knn,altered_knn,50000,100000,0.8431,0.8489,0.8908,0.0207,0.2291,0.0380,0.4435
flow,0,32,2,0.0093,quadratic,quadratic,50000,150000,0.9872,0.9932,0.9904,0.8506,0.3531,0.4990,0.7461
flow,0,32,2,0.0093,quadratic_cal,quadratic,50000,150000,0.9851,0.9883,0.9894,0.5230,0.6442,0.5773,0.7828
flow,0,32,2,0.0093,polar8,polar,50000,150000,0.9934,0.9945,0.9948,0.8274,0.8787,0.8523,0.9234
flow,0,32,2,0.0093,polar8_cal,polar,50000,150000,0.9927,0.9936,0.9945,0.7545,0.9030,0.8221,0.9078
flow,0,32,2,0.0093,knn,knn,100000,300000,0.7807,0.7880,0.7837,0.3333,0.0027,0.0053,0.3967
flow,0,32,2,0.0093,altered_knn,altered_knn,100000,200000,0.8414,0.8474,0.8900,0.0178,0.1995,0.0326,0.4400
flow,0,32,2,0.0093,quadratic,quadratic,100000,300000,0.9890,0.9949,0.9921,0.9167,0.3558,0.5126,0.7538
flow,0,32,2,0.0093,quadratic_cal,quadratic,100000,300000,0.9884,0.9912,0.9918,0.6199,0.6900,0.6531,0.8222
flow,0,32,2,0.0093,polar8,polar,100000,300000,0.9904,0.9914,0.9940,0.5655,0.8841,0.6898,0.8406
flow,0,32,2,0.0093,polar8_cal,polar,100000,300000,0.9930,0.9943,0.9950,0.7372,0.8544,0.7915,0.8929
flow,100,32,2,0.0096,knn,knn,20000,60000,0.7660,0.7734,0.7687,0.1000,0.0026,0.0051,0.3893
flow,100,32,2,0.0096,altered_knn,altered_knn,20000,40000,0.7672,0.7711,0.8555,0.0168,0.3594,0.0321,0.4016
flow,100,32,2,0.0096,quadratic,quadratic,20000,60000,0.9839,0.9900,0.9872,0.8447,0.3542,0.4991,0.7445
flow,100,32,2,0.0096,quadratic_cal,quadratic,20000,60000,0.9822,0.9860,0.9865,0.5416,0.5938,0.5665,0.7762
flow,100,32,2,0.0096,polar8,polar,20000,60000,0.9919,0.9931,0.9930,0.8925,0.8646,0.8783,0.9357
flow,100,32,2,0.0096,polar8_cal,polar,20000,60000,0.9910,0.9919,0.9928,0.7627,0.8958,0.8240,0.9079
flow,100,32,2,0.0096,knn,knn,50000,150000,0.7761,0.7836,0.7792,0.0000,0.0000,0.0000,0.3918
flow,100,32,2,0.0096,altered_knn,altered_knn,50000,100000,0.8330,0.8389,0.8875,0.0178,0.2188,0.0329,0.4359
flow,100,32,2,0.0096,quadratic,quadratic,50000,150000,0.9882,0.9945,0.9915,0.8836,0.3359,0.4868,0.7406
flow,100,32,2,0.0096,quadratic_cal,quadratic,50000,150000,0.9866,0.9904,0.9908,0.5516,0.5990,0.5743,0.7823
flow,100,32,2,0.0096,polar8,polar,50000,150000,0.9935,0.9946,0.9949,0.8305,0.8802,0.8546,0.9246
flow,100,32,2,0.0096,polar8_cal,polar,50000,150000,0.9926,0.9935,0.9945,0.7419,0.8984,0.8127,0.9031
flow,100,32,2,0.0096,knn,knn,100000,300000,0.7775,0.7851,0.7805,0.2500,0.0026,0.0052,0.3951
flow,100,32,2,0.0096,altered_knn,altered_knn,100000,200000,0.8923,0.9006,0.9067,0.0185,0.0443,0.0261,0.4633
flow,100,32,2,0.0096,quadratic,quadratic,100000,300000,0.9895,0.9959,0.9928,0.9203,0.3307,0.4866,0.7413
flow,100,32,2,0.0096,quadratic_cal,quadratic,100000,300000,0.9890,0.9923,0.9926,0.6163,0.6484,0.6320,0.8122
flow,100,32,2,0.0096,polar8,polar,100000,300000,0.9925,0.9935,0.9950,0.6827,0.8854,0.7710,0.8823
flow,100,32,2,0.0096,polar8_cal,polar,100000,300000,0.9932,0.9943,0.9953,0.7358,0.8776,0.8005,0.8974
flow,200,32,2,0.0086,knn,knn,20000,60000,0.7642,0.7708,0.7670,0.1667,0.0058,0.0112,0.3910
flow,200,32,2,0.0086,altered_knn,altered_knn,20000,40000,0.8217,0.8264,0.8810,0.0192,0.2928,0.0360,0.4312
flow,200,32,2,0.0086,quadratic,quadratic,20000,60000,0.9846,0.9904,0.9877,0.8538,0.3217,0.4674,0.7289
flow,200,32,2,0.0086,quadratic_cal,quadratic,20000,60000,0.9840,0.9877,0.9875,0.5872,0.5565,0.5714,0.7796
flow,200,32,2,0.0086,polar8,polar,20000,60000,0.9921,0.9929,0.9930,0.8842,0.9072,0.8956,0.9442
flow,200,32,2,0.0086,polar8_cal,polar,20000,60000,0.9905,0.9910,0.9924,0.7118,0.9304,0.8065,0.8988
flow,200,32,2,0.0086,knn,knn,50000,150000,0.7749,0.7817,0.7779,0.0000,0.0000,0.0000,0.3908
flow,200,32,2,0.0086,altered_knn,altered_knn,50000,100000,0.8239,0.8288,0.8847,0.0166,0.2580,0.0312,0.4300
flow,200,32,2,0.0086,quadratic,quadratic,50000,150000,0.9879,0.9936,0.9910,0.8692,0.3275,0.4758,0.7347
flow,200,32,2,0.0086,quadratic_cal,quadratic,50000,150000,0.9872,0.9912,0.9906,0.6087,0.5275,0.5652,0.7782
flow,200,32,2,0.0086,polar8,polar,50000,150000,0.9945,0.9953,0.9957,0.8307,0.9101,0.8686,0.9319
flow,200,32,2,0.0086,polar8_cal,polar,50000,150000,0.9935,0.9941,0.9952,0.7361,0.9217,0.8185,0.9063
flow,200,32,2,0.0086,knn,knn,100000,300000,0.7790,0.7858,0.7819,0.1429,0.0029,0.0057,0.3957
flow,200,32,2,0.0086,altered_knn,altered_knn,100000,200000,0.8377,0.8428,0.8908,0.0186,0.2493,0.0346,0.4387
flow,200,32,2,0.0086,quadratic,quadratic,100000,300000,0.9902,0.9955,0.9930,0.9214,0.3739,0.5320,0.7637
flow,200,32,2,0.0086,quadratic_cal,quadratic,100000,300000,0.9899,0.9931,0.9929,0.6626,0.6261,0.6438,0.8185
flow,200,32,2,0.0086,polar8,polar,100000,300000,0.9926,0.9932,0.9951,0.6456,0.9188,0.7584,0.8758
flow,200,32,2,0.0086,polar8_cal,polar,100000,300000,0.9934,0.9941,0.9954,0.7022,0.9159,0.7950,0.8945
flow,0,32,4,0.0102,knn,knn,20000,120000,0.5935,0.5995,0.5955,0.0891,0.0110,0.0195,0.3095
flow,0,32,4,0.0102,altered_knn,altered_knn,20000,80000,0.7831,0.7887,0.8249,0.0250,0.2366,0.0452,0.4170
flow,0,32,4,0.0102,quadratic,quadratic,20000,120000,0.9695,0.9756,0.9730,0.7635,0.3780,0.5057,0.7406
flow,0,32,4,0.0102,quadratic_cal,quadratic,20000,120000,0.9689,0.9733,0.9728,0.6027,0.5439,0.5718,0.7725
flow,0,32,4,0.0102,polar8,polar,20000,120000,0.9819,0.9843,0.9834,0.9170,0.7549,0.8281,0.9062
flow,0,32,4,0.0102,polar8_cal,polar,20000,120000,0.9818,0.9840,0.9834,0.8807,0.7744,0.8241,0.9041
flow,0,32,4,0.0102,knn,knn,50000,300000,0.6037,0.6099,0.6063,0.1039,0.0098,0.0178,0.3139
flow,0,32,4,0.0102,altered_knn,altered_knn,50000,200000,0.8190,0.8268,0.8324,0.0287,0.0659,0.0400,0.4334
flow,0,32,4,0.0102,quadratic,quadratic,50000,300000,0.9751,0.9813,0.9785,0.8583,0.3768,0.5237,0.7525
flow,0,32,4,0.0102,quadratic_cal,quadratic,50000,300000,0.9749,0.9787,0.9784,0.6424,0.6134,0.6276,0.8031
flow,0,32,4,0.0102,polar8,polar,50000,300000,0.9862,0.9884,0.9879,0.8635,0.7793,0.8192,0.9038
flow,0,32,4,0.0102,polar8_cal,polar,50000,300000,0.9862,0.9883,0.9879,0.8507,0.7854,0.8167,0.9025
flow,0,32,4,0.0102,knn,knn,100000,600000,0.6132,0.6194,0.6156,0.2000,0.0159,0.0294,0.3244
flow,0,32,4,0.0102,altered_knn,altered_knn,100000,400000,0.7588,0.7639,0.8167,0.0203,0.2744,0.0378,0.4008
flow,0,32,4,0.0102,quadratic,quadratic,100000,600000,0.9804,0.9863,0.9835,0.9187,0.4134,0.5702,0.7783
flow,0,32,4,0.0102,quadratic_cal,quadratic,100000,600000,0.9810,0.9840,0.9838,0.7212,0.6878,0.7041,0.8441
flow,0,32,4,0.0102,polar8,polar,100000,600000,0.9846,0.9867,0.9882,0.6106,0.7878,0.6880,0.8373
flow,0,32,4,0.0102,polar8_cal,polar,100000,600000,0.9868,0.9896,0.9889,0.8403,0.7122,0.7710,0.8803
flow,100,32,4,0.0098,knn,knn,20000,120000,0.5985,0.6044,0.6009,0.0899,0.0102,0.0183,0.3113
flow,100,32,4,0.0098,altered_knn,altered_knn,20000,80000,0.7801,0.7850,0.8245,0.0273,0.2913,0.0499,0.4175
flow,100,32,4,0.0098,quadratic,quadratic,20000,120000,0.9662,0.9718,0.9693,0.8311,0.4008,0.5408,0.7563
flow,100,32,4,0.0098,quadratic_cal,quadratic,20000,120000,0.9655,0.9695,0.9689,0.6286,0.5598,0.5922,0.7808
flow,100,32,4,0.0098,polar8,polar,20000,120000,0.9830,0.9853,0.9844,0.9067,0.7545,0.8236,0.9044
flow,100,32,4,0.0098,polar8_cal,polar,20000,120000,0.9830,0.9849,0.9845,0.8639,0.7913,0.8260,0.9055
flow,100,32,4,0.0098,knn,knn,50000,300000,0.6084,0.6144,0.6111,0.1127,0.0102,0.0187,0.3165
flow,100,32,4,0.0098,altered_knn,altered_knn,50000,200000,0.7921,0.7979,0.8280,0.0252,0.2099,0.0450,0.4214
flow,100,32,4,0.0098,quadratic,quadratic,50000,300000,0.9722,0.9779,0.9752,0.8917,0.3982,0.5506,0.7642
flow,100,32,4,0.0098,quadratic_cal,quadratic,50000,300000,0.9723,0.9759,0.9753,0.6926,0.6107,0.6491,0.8125
flow,100,32,4,0.0098,polar8,polar,50000,300000,0.9848,0.9869,0.9864,0.8658,0.7799,0.8206,0.9037
flow,100,32,4,0.0098,polar8_cal,polar,50000,300000,0.9847,0.9868,0.9863,0.8552,0.7812,0.8165,0.9016
flow,100,32,4,0.0098,knn,knn,100000,600000,0.6167,0.6227,0.6193,0.1167,0.0089,0.0165,0.3196
flow,100,32,4,0.0098,altered_knn,altered_knn,100000,400000,0.8067,0.8134,0.8310,0.0246,0.1298,0.0414,0.4274
flow,100,32,4,0.0098,quadratic,quadratic,100000,600000,0.9778,0.9834,0.9807,0.9422,0.4148,0.5760,0.7797
flow,100,32,4,0.0098,quadratic_cal,quadratic,100000,600000,0.9786,0.9815,0.9811,0.7566,0.6883,0.7209,0.8512
flow,100,32,4,0.0098,polar8,polar,100000,600000,0.9853,0.9872,0.9881,0.6706,0.7977,0.7286,0.8579
flow,100,32,4,0.0098,polar8_cal,polar,100000,600000,0.9864,0.9886,0.9885,0.7885,0.7684,0.7784,0.8835
flow,200,32,4,0.0095,knn,knn,20000,120000,0.5964,0.6019,0.5986,0.1441,0.0210,0.0366,0.3193
flow,200,32,4,0.0095,altered_knn,altered_knn,20000,80000,0.8213,0.8286,0.8337,0.0271,0.0616,0.0376,0.4331
flow,200,32,4,0.0095,quadratic,quadratic,20000,120000,0.9665,0.9721,0.9697,0.7909,0.3866,0.5194,0.7457
flow,200,32,4,0.0095,quadratic_cal,quadratic,20000,120000,0.9658,0.9692,0.9694,0.5828,0.6134,0.5977,0.7834
flow,200,32,4,0.0095,polar8,polar,20000,120000,0.9840,0.9860,0.9853,0.9073,0.7824,0.8403,0.9131
flow,200,32,4,0.0095,polar8_cal,polar,20000,120000,0.9833,0.9848,0.9850,0.7905,0.8257,0.8077,0.8963
flow,200,32,4,0.0095,knn,knn,50000,300000,0.6088,0.6146,0.6111,0.1216,0.0118,0.0215,0.3180
flow,200,32,4,0.0095,altered_knn,altered_knn,50000,200000,0.8257,0.8334,0.8314,0.0471,0.0236,0.0314,0.4324
flow,200,32,4,0.0095,quadratic,quadratic,50000,300000,0.9735,0.9793,0.9766,0.8533,0.3735,0.5196,0.7494
flow,200,32,4,0.0095,quadratic_cal,quadratic,50000,300000,0.9731,0.9758,0.9765,0.6025,0.6894,0.6430,0.8094
flow,200,32,4,0.0095,polar8,polar,50000,300000,0.9873,0.9890,0.9888,0.8424,0.8126,0.8272,0.9081
flow,200,32,4,0.0095,polar8_cal,polar,50000,300000,0.9867,0.9882,0.9886,0.7679,0.8283,0.7970,0.8926
flow,200,32,4,0.0095,knn,knn,100000,600000,0.6153,0.6210,0.6175,0.2381,0.0197,0.0363,0.3287
flow,200,32,4,0.0095,altered_knn,altered_knn,100000,400000,0.8254,0.8332,0.8340,0.0164,0.0197,0.0179,0.4255
flow,200,32,4,0.0095,quadratic,quadratic,100000,600000,0.9791,0.9845,0.9819,0.9224,0.4207,0.5779,0.7812
flow,200,32,4,0.0095,quadratic_cal,quadratic,100000,600000,0.9797,0.9820,0.9822,0.7105,0.7366,0.7233,0.8527
flow,200,32,4,0.0095,polar8,polar,100000,600000,0.9868,0.9884,0.9896,0.6472,0.8152,0.7216,0.8550
flow,200,32,4,0.0095,polar8_cal,polar,100000,600000,0.9878,0.9895,0.9900,0.7356,0.8060,0.7692,0.8794
flow,0,32,8,0.0103,knn,knn,20000,240000,0.4639,0.4683,0.4658,0.0968,0.0405,0.0571,0.2627
flow,0,32,8,0.0103,altered_knn,altered_knn,20000,160000,0.7754,0.7832,0.7812,0.0444,0.0224,0.0297,0.4065
flow,0,32,8,0.0103,quadratic,quadratic,20000,240000,0.9514,0.9564,0.9547,0.7197,0.4731,0.5709,0.7637
flow,0,32,8,0.0103,quadratic_cal,quadratic,20000,240000,0.9507,0.9544,0.9544,0.5962,0.5897,0.5930,0.7737
flow,0,32,8,0.0103,polar8,polar,20000,240000,0.9742,0.9767,0.9758,0.9004,0.7263,0.8040,0.8904
flow,0,32,8,0.0103,polar8_cal,polar,20000,240000,0.9732,0.9749,0.9754,0.7306,0.8060,0.7664,0.8707
flow,0,32,8,0.0103,knn,knn,50000,600000,0.4765,0.4812,0.4788,0.0822,0.0290,0.0429,0.2620
flow,0,32,8,0.0103,altered_knn,altered_knn,50000,400000,0.7661,0.7729,0.7815,0.0386,0.1196,0.0583,0.4156
flow,0,32,8,0.0103,quadratic,quadratic,50000,600000,0.9664,0.9716,0.9692,0.8969,0.4731,0.6195,0.7955
flow,0,32,8,0.0103,quadratic_cal,quadratic,50000,600000,0.9663,0.9694,0.9691,0.7081,0.6671,0.6870,0.8282
flow,0,32,8,0.0103,polar8,polar,50000,600000,0.9783,0.9807,0.9799,0.8829,0.7468,0.8092,0.8949
flow,0,32,8,0.0103,polar8_cal,polar,50000,600000,0.9775,0.9794,0.9797,0.7542,0.7915,0.7724,0.8759
flow,0,32,8,0.0103,knn,knn,100000,1200000,0.4835,0.4882,0.4857,0.0998,0.0314,0.0478,0.2680
flow,0,32,8,0.0103,altered_knn,altered_knn,100000,800000,0.7406,0.7461,0.7745,0.0262,0.2097,0.0466,0.3963
flow,0,32,8,0.0103,quadratic,quadratic,100000,1200000,0.9718,0.9768,0.9745,0.9211,0.5009,0.6489,0.8128
flow,0,32,8,0.0103,quadratic_cal,quadratic,100000,1200000,0.9722,0.9748,0.9746,0.7562,0.7196,0.7375,0.8561
flow,0,32,8,0.0103,polar8,polar,100000,1200000,0.9784,0.9807,0.9808,0.7521,0.7607,0.7564,0.8685
flow,0,32,8,0.0103,polar8_cal,polar,100000,1200000,0.9784,0.9806,0.9807,0.7496,0.7631,0.7563,0.8685
flow,100,32,8,0.0098,knn,knn,20000,240000,0.4653,0.4695,0.4667,0.0839,0.0396,0.0538,0.2616
flow,100,32,8,0.0098,altered_knn,altered_knn,20000,160000,0.7594,0.7650,0.7807,0.0380,0.1923,0.0634,0.4142
flow,100,32,8,0.0098,quadratic,quadratic,20000,240000,0.9465,0.9512,0.9495,0.7397,0.4703,0.5750,0.7631
flow,100,32,8,0.0098,quadratic_cal,quadratic,20000,240000,0.9456,0.9494,0.9491,0.6033,0.5636,0.5828,0.7661
flow,100,32,8,0.0098,polar8,polar,20000,240000,0.9737,0.9763,0.9753,0.8978,0.7131,0.7949,0.8856
flow,100,32,8,0.0098,polar8_cal,polar,20000,240000,0.9737,0.9759,0.9753,0.8599,0.7527,0.8027,0.8893
flow,100,32,8,0.0098,knn,knn,50000,600000,0.4742,0.4786,0.4757,0.0686,0.0256,0.0372,0.2579
flow,100,32,8,0.0098,altered_knn,altered_knn,50000,400000,0.7586,0.7645,0.7795,0.0330,0.1617,0.0548,0.4096
flow,100,32,8,0.0098,quadratic,quadratic,50000,600000,0.9618,0.9669,0.9645,0.8983,0.4518,0.6012,0.7840
flow,100,32,8,0.0098,quadratic_cal,quadratic,50000,600000,0.9618,0.9647,0.9645,0.6995,0.6754,0.6873,0.8260
flow,100,32,8,0.0098,polar8,polar,50000,600000,0.9787,0.9811,0.9807,0.8068,0.7393,0.7716,0.8763
flow,100,32,8,0.0098,polar8_cal,polar,50000,600000,0.9787,0.9808,0.9807,0.7787,0.7623,0.7704,0.8756
flow,100,32,8,0.0098,knn,knn,100000,1200000,0.4833,0.4878,0.4848,0.0931,0.0294,0.0447,0.2662
flow,100,32,8,0.0098,altered_knn,altered_knn,100000,800000,0.7592,0.7657,0.7756,0.0267,0.0952,0.0417,0.4037
flow,100,32,8,0.0098,quadratic,quadratic,100000,1200000,0.9695,0.9741,0.9719,0.9299,0.5086,0.6576,0.8158
flow,100,32,8,0.0098,quadratic_cal,quadratic,100000,1200000,0.9698,0.9726,0.9720,0.7803,0.6920,0.7335,0.8530
flow,100,32,8,0.0098,polar8,polar,100000,1200000,0.9790,0.9812,0.9816,0.6984,0.7502,0.7234,0.8523
flow,100,32,8,0.0098,polar8_cal,polar,100000,1200000,0.9788,0.9819,0.9814,0.7336,0.6633,0.6966,0.8393
flow,200,32,8,0.0099,knn,knn,20000,240000,0.4628,0.4671,0.4653,0.0753,0.0323,0.0452,0.2561
flow,200,32,8,0.0099,altered_knn,altered_knn,20000,160000,0.7324,0.7363,0.7768,0.0296,0.3397,0.0545,0.3954
flow,200,32,8,0.0099,quadratic,quadratic,20000,240000,0.9508,0.9555,0.9538,0.7357,0.4807,0.5815,0.7685
flow,200,32,8,0.0099,quadratic_cal,quadratic,20000,240000,0.9503,0.9542,0.9537,0.6343,0.5661,0.5983,0.7762
flow,200,32,8,0.0099,polar8,polar,20000,240000,0.9747,0.9774,0.9764,0.8883,0.7040,0.7855,0.8814
flow,200,32,8,0.0099,polar8_cal,polar,20000,240000,0.9745,0.9766,0.9763,0.8103,0.7647,0.7869,0.8817
flow,200,32,8,0.0099,knn,knn,50000,600000,0.4785,0.4831,0.4809,0.0656,0.0228,0.0338,0.2585
flow,200,32,8,0.0099,altered_knn,altered_knn,50000,400000,0.7707,0.7778,0.7796,0.0393,0.0576,0.0467,0.4123
flow,200,32,8,0.0099,quadratic,quadratic,50000,600000,0.9663,0.9713,0.9690,0.8898,0.4649,0.6107,0.7910
flow,200,32,8,0.0099,quadratic_cal,quadratic,50000,600000,0.9664,0.9693,0.9690,0.7124,0.6799,0.6958,0.8325
flow,200,32,8,0.0099,polar8,polar,50000,600000,0.9786,0.9811,0.9804,0.8469,0.7280,0.7830,0.8821
flow,200,32,8,0.0099,polar8_cal,polar,50000,600000,0.9783,0.9804,0.9804,0.7622,0.7704,0.7663,0.8733
flow,200,32,8,0.0099,knn,knn,100000,1200000,0.4876,0.4921,0.4899,0.1159,0.0392,0.0586,0.2753
flow,200,32,8,0.0099,altered_knn,altered_knn,100000,800000,0.6627,0.6645,0.7515,0.0202,0.4889,0.0388,0.3516
flow,200,32,8,0.0099,quadratic,quadratic,100000,1200000,0.9716,0.9761,0.9740,0.9165,0.5206,0.6640,0.8201
flow,200,32,8,0.0099,quadratic_cal,quadratic,100000,1200000,0.9719,0.9743,0.9741,0.7529,0.7287,0.7406,0.8575
flow,200,32,8,0.0099,polar8,polar,100000,1200000,0.9806,0.9829,0.9824,0.8302,0.7483,0.7871,0.8850
flow,200,32,8,0.0099,polar8_cal,polar,100000,1200000,0.9803,0.9823,0.9824,0.7675,0.7830,0.7752,0.8788
flow,0,32,16,0.0099,knn,knn,20000,480000,0.3605,0.3636,0.3620,0.0472,0.0491,0.0481,0.2059
flow,0,32,16,0.0099,altered_knn,altered_knn,20000,320000,0.7266,0.7330,0.7354,0.0490,0.0821,0.0614,0.3972
flow,0,32,16,0.0099,quadratic,quadratic,20000,480000,0.9431,0.9479,0.9460,0.7606,0.4696,0.5807,0.7643
flow,0,32,16,0.0099,quadratic_cal,quadratic,20000,480000,0.9424,0.9459,0.9457,0.6162,0.5904,0.6031,0.7745
flow,0,32,16,0.0099,polar8,polar,20000,480000,0.9498,0.9525,0.9588,0.2929,0.6725,0.4081,0.6803
flow,0,32,16,0.0099,polar8_cal,polar,20000,480000,0.9546,0.9606,0.9603,0.3830,0.3589,0.3706,0.6656
flow,0,32,16,0.0099,knn,knn,50000,1200000,0.3721,0.3754,0.3736,0.0518,0.0462,0.0489,0.2121
flow,0,32,16,0.0099,altered_knn,altered_knn,50000,800000,0.7144,0.7198,0.7348,0.0356,0.1818,0.0595,0.3896
flow,0,32,16,0.0099,quadratic,quadratic,50000,1200000,0.9556,0.9601,0.9581,0.8601,0.5027,0.6345,0.7973
flow,0,32,16,0.0099,quadratic_cal,quadratic,50000,1200000,0.9550,0.9578,0.9578,0.6730,0.6738,0.6734,0.8156
flow,0,32,16,0.0099,polar8,polar,50000,1200000,0.9289,0.9312,0.9486,0.1486,0.6914,0.2446,0.5879
flow,0,32,16,0.0099,polar8_cal,polar,50000,1200000,0.9399,0.9474,0.9480,0.1898,0.1916,0.1907,0.5690
flow,0,32,16,0.0099,knn,knn,100000,2400000,0.3829,0.3863,0.3846,0.0597,0.0456,0.0517,0.2190
flow,0,32,16,0.0099,altered_knn,altered_knn,100000,1600000,0.7079,0.7133,0.7277,0.0335,0.1664,0.0558,0.3845
flow,0,32,16,0.0099,quadratic,quadratic,100000,2400000,0.9583,0.9625,0.9607,0.8628,0.5319,0.6581,0.8103
flow,0,32,16,0.0099,quadratic_cal,quadratic,100000,2400000,0.9577,0.9604,0.9604,0.6964,0.6920,0.6942,0.8273
flow,0,32,16,0.0099,polar8,polar,100000,2400000,0.9280,0.9302,0.9486,0.1446,0.7046,0.2399,0.5851
flow,0,32,16,0.0099,polar8_cal,polar,100000,2400000,0.9384,0.9466,0.9466,0.1456,0.1268,0.1355,0.5411
flow,100,32,16,0.0097,knn,knn,20000,480000,0.3568,0.3597,0.3581,0.0532,0.0547,0.0540,0.2069
flow,100,32,16,0.0097,altered_knn,altered_knn,20000,320000,0.7143,0.7196,0.7331,0.0367,0.1764,0.0607,0.3901
flow,100,32,16,0.0097,quadratic,quadratic,20000,480000,0.9395,0.9442,0.9424,0.7457,0.4529,0.5635,0.7539
flow,100,32,16,0.0097,quadratic_cal,quadratic,20000,480000,0.9392,0.9432,0.9423,0.6591,0.5264,0.5853,0.7643
flow,100,32,16,0.0097,polar8,polar,20000,480000,0.9473,0.9501,0.9578,0.2516,0.6679,0.3656,0.6578
flow,100,32,16,0.0097,polar8_cal,polar,20000,480000,0.9553,0.9619,0.9605,0.4016,0.2736,0.3254,0.6437
flow,100,32,16,0.0097,knn,knn,50000,1200000,0.3671,0.3702,0.3681,0.0590,0.0521,0.0553,0.2127
flow,100,32,16,0.0097,altered_knn,altered_knn,50000,800000,0.7097,0.7149,0.7292,0.0345,0.1732,0.0575,0.3862
flow,100,32,16,0.0097,quadratic,quadratic,50000,1200000,0.9533,0.9578,0.9559,0.8477,0.4921,0.6227,0.7903
flow,100,32,16,0.0097,quadratic_cal,quadratic,50000,1200000,0.9531,0.9567,0.9558,0.7349,0.5889,0.6538,0.8053
flow,100,32,16,0.0097,polar8,polar,50000,1200000,0.9185,0.9208,0.9430,0.1166,0.6805,0.1992,0.5600
flow,100,32,16,0.0097,polar8_cal,polar,50000,1200000,0.9318,0.9396,0.9404,0.1341,0.1311,0.1326,0.5361
flow,100,32,16,0.0097,knn,knn,100000,2400000,0.3761,0.3793,0.3775,0.0544,0.0440,0.0487,0.2140
flow,100,32,16,0.0097,altered_knn,altered_knn,100000,1600000,0.7030,0.7082,0.7236,0.0322,0.1729,0.0542,0.3812
flow,100,32,16,0.0097,quadratic,quadratic,100000,2400000,0.9566,0.9608,0.9589,0.8669,0.5228,0.6523,0.8065
flow,100,32,16,0.0097,quadratic_cal,quadratic,100000,2400000,0.9564,0.9598,0.9588,0.7664,0.6063,0.6770,0.8184
flow,100,32,16,0.0097,polar8,polar,100000,2400000,0.9193,0.9214,0.9442,0.1171,0.6976,0.2006,0.5610
flow,100,32,16,0.0097,polar8_cal,polar,100000,2400000,0.9350,0.9430,0.9428,0.1326,0.1133,0.1222,0.5326
flow,200,32,16,0.0097,knn,knn,20000,480000,0.3598,0.3629,0.3614,0.0469,0.0490,0.0479,0.2054
flow,200,32,16,0.0097,altered_knn,altered_knn,20000,320000,0.7099,0.7141,0.7389,0.0355,0.2794,0.0630,0.3885
flow,200,32,16,0.0097,quadratic,quadratic,20000,480000,0.9452,0.9497,0.9480,0.7666,0.4842,0.5935,0.7716
flow,200,32,16,0.0097,quadratic_cal,quadratic,20000,480000,0.9440,0.9471,0.9474,0.5887,0.6294,0.6084,0.7777
flow,200,32,16,0.0097,polar8,polar,20000,480000,0.9515,0.9541,0.9605,0.2923,0.6932,0.4112,0.6826
flow,200,32,16,0.0097,polar8_cal,polar,20000,480000,0.9565,0.9618,0.9622,0.3769,0.4087,0.3921,0.6770
flow,200,32,16,0.0097,knn,knn,50000,1200000,0.3722,0.3754,0.3738,0.0556,0.0497,0.0525,0.2139
flow,200,32,16,0.0097,altered_knn,altered_knn,50000,800000,0.7234,0.7299,0.7319,0.0341,0.0535,0.0417,0.3858
flow,200,32,16,0.0097,quadratic,quadratic,50000,1200000,0.9572,0.9616,0.9597,0.8643,0.5032,0.6361,0.7989
flow,200,32,16,0.0097,quadratic_cal,quadratic,50000,1200000,0.9566,0.9593,0.9594,0.6765,0.6839,0.6801,0.8197
flow,200,32,16,0.0097,polar8,polar,50000,1200000,0.9265,0.9287,0.9485,0.1343,0.7081,0.2257,0.5772
flow,200,32,16,0.0097,polar8_cal,polar,50000,1200000,0.9409,0.9481,0.9488,0.2048,0.2113,0.2080,0.5780
flow,200,32,16,0.0097,knn,knn,100000,2400000,0.3814,0.3846,0.3830,0.0578,0.0461,0.0513,0.2180
flow,200,32,16,0.0097,altered_knn,altered_knn,100000,1600000,0.7082,0.7136,0.7283,0.0315,0.1619,0.0527,0.3831
flow,200,32,16,0.0097,quadratic,quadratic,100000,2400000,0.9608,0.9649,0.9631,0.8725,0.5342,0.6627,0.8138
flow,200,32,16,0.0097,quadratic_cal,quadratic,100000,2400000,0.9604,0.9631,0.9629,0.7202,0.6810,0.7000,0.8316
flow,200,32,16,0.0097,polar8,polar,100000,2400000,0.9337,0.9357,0.9521,0.1601,0.7229,0.2621,0.5989
flow,200,32,16,0.0097,polar8_cal,polar,100000,2400000,0.9450,0.9523,0.9525,0.1880,0.1903,0.1891,0.5707
flow,0,64,2,0.0080,knn,knn,20000,60000,0.7287,0.7346,0.7308,0.1053,0.0062,0.0117,0.3732
flow,0,64,2,0.0080,altered_knn,altered_knn,20000,40000,0.8006,0.8053,0.8585,0.0134,0.2174,0.0252,0.4152
flow,0,64,2,0.0080,quadratic,quadratic,20000,60000,0.9706,0.9759,0.9742,0.5368,0.3168,0.3984,0.6871
flow,0,64,2,0.0080,quadratic_cal,quadratic,20000,60000,0.9665,0.9704,0.9725,0.3185,0.4876,0.3853,0.6778
flow,0,64,2,0.0080,polar8,polar,20000,60000,0.9890,0.9904,0.9900,0.9103,0.8199,0.8627,0.9266
flow,0,64,2,0.0080,polar8_cal,polar,20000,60000,0.9884,0.9893,0.9898,0.7769,0.8758,0.8234,0.9063
flow,0,64,2,0.0080,knn,knn,50000,150000,0.7339,0.7399,0.7360,0.0000,0.0000,0.0000,0.3699
flow,0,64,2,0.0080,altered_knn,altered_knn,50000,100000,0.8311,0.8365,0.8759,0.0141,0.1708,0.0261,0.4313
flow,0,64,2,0.0080,quadratic,quadratic,50000,150000,0.9795,0.9848,0.9828,0.6424,0.3292,0.4353,0.7100
flow,0,64,2,0.0080,quadratic_cal,quadratic,50000,150000,0.9758,0.9795,0.9812,0.3636,0.5217,0.4286,0.7040
flow,0,64,2,0.0080,polar8,polar,50000,150000,0.9929,0.9938,0.9940,0.8554,0.8820,0.8685,0.9312
flow,0,64,2,0.0080,polar8_cal,polar,50000,150000,0.9927,0.9934,0.9938,0.8156,0.9068,0.8588,0.9261
flow,0,64,2,0.0080,knn,knn,100000,300000,0.7414,0.7474,0.7434,0.0909,0.0031,0.0060,0.3767
flow,0,64,2,0.0080,altered_knn,altered_knn,100000,200000,0.8389,0.8445,0.8811,0.0138,0.1553,0.0254,0.4349
flow,0,64,2,0.0080,quadratic,quadratic,100000,300000,0.9845,0.9900,0.9876,0.7444,0.3075,0.4352,0.7126
flow,0,64,2,0.0080,quadratic_cal,quadratic,100000,300000,0.9806,0.9835,0.9858,0.3925,0.6180,0.4801,0.7318
flow,0,64,2,0.0080,polar8,polar,100000,300000,0.9925,0.9933,0.9937,0.8130,0.8913,0.8504,0.9218
flow,0,64,2,0.0080,polar8_cal,polar,100000,300000,0.9926,0.9935,0.9938,0.8261,0.8851,0.8546,0.9240
flow,100,64,2,0.0082,knn,knn,20000,60000,0.7291,0.7351,0.7313,0.1176,0.0061,0.0116,0.3733
flow,100,64,2,0.0082,altered_knn,altered_knn,20000,40000,0.8032,0.8079,0.8610,0.0147,0.2348,0.0278,0.4178
flow,100,64,2,0.0082,quadratic,quadratic,20000,60000,0.9688,0.9744,0.9730,0.4434,0.2866,0.3481,0.6613
flow,100,64,2,0.0082,quadratic_cal,quadratic,20000,60000,0.9660,0.9704,0.9720,0.3130,0.4390,0.3655,0.6679
flow,100,64,2,0.0082,polar8,polar,20000,60000,0.9891,0.9898,0.9899,0.8889,0.9024,0.8956,0.9427
flow,100,64,2,0.0082,polar8_cal,polar,20000,60000,0.9871,0.9875,0.9890,0.6928,0.9421,0.7984,0.8930
flow,100,64,2,0.0082,knn,knn,50000,150000,0.7357,0.7417,0.7378,0.1429,0.0030,0.0060,0.3738
flow,100,64,2,0.0082,altered_knn,altered_knn,50000,100000,0.5483,0.5478,0.7039,0.0110,0.6006,0.0216,0.2847
flow,100,64,2,0.0082,quadratic,quadratic,50000,150000,0.9787,0.9844,0.9825,0.5471,0.2835,0.3735,0.6790
flow,100,64,2,0.0082,quadratic_cal,quadratic,50000,150000,0.9752,0.9795,0.9811,0.3304,0.4604,0.3847,0.6821
flow,100,64,2,0.0082,polar8,polar,50000,150000,0.9929,0.9933,0.9938,0.8405,0.9482,0.8911,0.9422
flow,100,64,2,0.0082,polar8_cal,polar,50000,150000,0.9922,0.9924,0.9935,0.7613,0.9726,0.8541,0.9232
flow,100,64,2,0.0082,knn,knn,100000,300000,0.7422,0.7483,0.7444,0.1000,0.0030,0.0059,0.3771
flow,100,64,2,0.0082,altered_knn,altered_knn,100000,200000,0.8447,0.8506,0.8838,0.0133,0.1341,0.0242,0.4374
flow,100,64,2,0.0082,quadratic,quadratic,100000,300000,0.9846,0.9902,0.9878,0.7313,0.2988,0.4242,0.7072
flow,100,64,2,0.0082,quadratic_cal,quadratic,100000,300000,0.9816,0.9850,0.9864,0.4260,0.5793,0.4910,0.7380
flow,100,64,2,0.0082,polar8,polar,100000,300000,0.9934,0.9937,0.9946,0.7886,0.9665,0.8685,0.9311
flow,100,64,2,0.0082,polar8_cal,polar,100000,300000,0.9930,0.9932,0.9944,0.7536,0.9695,0.8480,0.9206
flow,200,64,2,0.0077,knn,knn,20000,60000,0.7244,0.7301,0.7264,0.0000,0.0000,0.0000,0.3650
flow,200,64,2,0.0077,altered_knn,altered_knn,20000,40000,0.8018,0.8060,0.8591,0.0154,0.2581,0.0290,0.4175
flow,200,64,2,0.0077,quadratic,quadratic,20000,60000,0.9696,0.9744,0.9729,0.5751,0.3581,0.4414,0.7079
flow,200,64,2,0.0077,quadratic_cal,quadratic,20000,60000,0.9665,0.9700,0.9718,0.3524,0.5161,0.4188,0.6944
flow,200,64,2,0.0077,polar8,polar,20000,60000,0.9872,0.9884,0.9882,0.8763,0.8452,0.8604,0.9244
flow,200,64,2,0.0077,polar8_cal,polar,20000,60000,0.9867,0.9875,0.9880,0.7819,0.8903,0.8326,0.9100
flow,200,64,2,0.0077,knn,knn,50000,150000,0.7336,0.7393,0.7356,0.0000,0.0000,0.0000,0.3697
flow,200,64,2,0.0077,altered_knn,altered_knn,50000,100000,0.7143,0.7171,0.8215,0.0108,0.3613,0.0209,0.3690
flow,200,64,2,0.0077,quadratic,quadratic,50000,150000,0.9798,0.9849,0.9829,0.6645,0.3258,0.4372,0.7111
flow,200,64,2,0.0077,quadratic_cal,quadratic,50000,150000,0.9767,0.9799,0.9817,0.3844,0.5581,0.4553,0.7176
flow,200,64,2,0.0077,polar8,polar,50000,150000,0.9915,0.9922,0.9926,0.8333,0.9032,0.8669,0.9296
flow,200,64,2,0.0077,polar8_cal,polar,50000,150000,0.9911,0.9916,0.9923,0.7793,0.9226,0.8449,0.9183
flow,200,64,2,0.0077,knn,knn,100000,300000,0.7415,0.7472,0.7435,0.2308,0.0097,0.0186,0.3829
flow,200,64,2,0.0077,altered_knn,altered_knn,100000,200000,0.8440,0.8495,0.8839,0.0127,0.1387,0.0232,0.4364
flow,200,64,2,0.0077,quadratic,quadratic,100000,300000,0.9851,0.9899,0.9878,0.8058,0.3613,0.4989,0.7444
flow,200,64,2,0.0077,quadratic_cal,quadratic,100000,300000,0.9824,0.9855,0.9866,0.4613,0.5968,0.5204,0.7529
flow,200,64,2,0.0077,polar8,polar,100000,300000,0.9930,0.9937,0.9943,0.7839,0.9129,0.8435,0.9186
flow,200,64,2,0.0077,polar8_cal,polar,100000,300000,0.9928,0.9933,0.9942,0.7580,0.9194,0.8309,0.9121
flow,0,64,4,0.0086,knn,knn,20000,120000,0.5429,0.5475,0.5446,0.0569,0.0102,0.0173,0.2824
flow,0,64,4,0.0086,altered_knn,altered_knn,20000,80000,0.7868,0.7930,0.8005,0.0216,0.0684,0.0328,0.4129
flow,0,64,4,0.0086,quadratic,quadratic,20000,120000,0.9487,0.9540,0.9530,0.4473,0.3333,0.3820,0.6680
flow,0,64,4,0.0086,quadratic_cal,quadratic,20000,120000,0.9477,0.9523,0.9526,0.3834,0.4163,0.3992,0.6757
flow,0,64,4,0.0086,polar8,polar,20000,120000,0.9718,0.9735,0.9732,0.8414,0.7802,0.8097,0.8916
flow,0,64,4,0.0086,polar8_cal,polar,20000,120000,0.9700,0.9712,0.9726,0.6249,0.8268,0.7118,0.8415
flow,0,64,4,0.0086,knn,knn,50000,300000,0.5526,0.5574,0.5545,0.0421,0.0058,0.0102,0.2838
flow,0,64,4,0.0086,altered_knn,altered_knn,50000,200000,0.7215,0.7251,0.7934,0.0146,0.3057,0.0279,0.3765
flow,0,64,4,0.0086,quadratic,quadratic,50000,300000,0.9645,0.9700,0.9682,0.5878,0.3362,0.4278,0.6989
flow,0,64,4,0.0086,quadratic_cal,quadratic,50000,300000,0.9631,0.9672,0.9677,0.4439,0.4949,0.4680,0.7176
flow,0,64,4,0.0086,polar8,polar,50000,300000,0.9824,0.9839,0.9839,0.8143,0.8108,0.8125,0.8982
flow,0,64,4,0.0086,polar8_cal,polar,50000,300000,0.9809,0.9821,0.9833,0.6640,0.8428,0.7428,0.8624
flow,0,64,4,0.0086,knn,knn,100000,600000,0.5619,0.5667,0.5637,0.0575,0.0073,0.0129,0.2898
flow,0,64,4,0.0086,altered_knn,altered_knn,100000,400000,0.8097,0.8163,0.8193,0.0258,0.0480,0.0336,0.4249
flow,0,64,4,0.0086,quadratic,quadratic,100000,600000,0.9738,0.9789,0.9767,0.7976,0.3843,0.5187,0.7488
flow,0,64,4,0.0086,quadratic_cal,quadratic,100000,600000,0.9718,0.9743,0.9759,0.4989,0.6812,0.5760,0.7752
flow,0,64,4,0.0086,polar8,polar,100000,600000,0.9826,0.9839,0.9846,0.7152,0.8297,0.7682,0.8761
flow,0,64,4,0.0086,polar8_cal,polar,100000,600000,0.9814,0.9826,0.9840,0.6317,0.8413,0.7216,0.8521
flow,100,64,4,0.0098,knn,knn,20000,120000,0.5363,0.5416,0.5380,0.0161,0.0025,0.0044,0.2730
flow,100,64,4,0.0098,altered_knn,altered_knn,20000,80000,0.6561,0.6589,0.7579,0.0137,0.3758,0.0265,0.3427
flow,100,64,4,0.0098,quadratic,quadratic,20000,120000,0.9505,0.9567,0.9552,0.4776,0.3261,0.3876,0.6722
flow,100,64,4,0.0098,quadratic_cal,quadratic,20000,120000,0.9478,0.9527,0.9543,0.3419,0.4561,0.3908,0.6718
flow,100,64,4,0.0098,polar8,polar,20000,120000,0.9804,0.9825,0.9817,0.9083,0.7694,0.8331,0.9078
flow,100,64,4,0.0098,polar8_cal,polar,20000,120000,0.9799,0.9816,0.9815,0.8219,0.8115,0.8167,0.8991
flow,100,64,4,0.0098,knn,knn,50000,300000,0.5490,0.5544,0.5508,0.0408,0.0051,0.0091,0.2817
flow,100,64,4,0.0098,altered_knn,altered_knn,50000,200000,0.7836,0.7904,0.8084,0.0172,0.0943,0.0290,0.4097
flow,100,64,4,0.0098,quadratic,quadratic,50000,300000,0.9683,0.9749,0.9723,0.6415,0.3032,0.4118,0.6933
flow,100,64,4,0.0098,quadratic_cal,quadratic,50000,300000,0.9651,0.9691,0.9709,0.4050,0.5567,0.4689,0.7190
flow,100,64,4,0.0098,polar8,polar,50000,300000,0.9852,0.9870,0.9865,0.9049,0.8000,0.8492,0.9181
flow,100,64,4,0.0098,polar8_cal,polar,50000,300000,0.9845,0.9862,0.9862,0.8183,0.8204,0.8193,0.9028
flow,100,64,4,0.0098,knn,knn,100000,600000,0.5591,0.5646,0.5610,0.0722,0.0089,0.0159,0.2902
flow,100,64,4,0.0098,altered_knn,altered_knn,100000,400000,0.8141,0.8220,0.8202,0.0360,0.0204,0.0260,0.4240
flow,100,64,4,0.0098,quadratic,quadratic,100000,600000,0.9758,0.9822,0.9793,0.8323,0.3287,0.4712,0.7267
flow,100,64,4,0.0098,quadratic_cal,quadratic,100000,600000,0.9742,0.9772,0.9786,0.5267,0.6777,0.5928,0.7850
flow,100,64,4,0.0098,polar8,polar,100000,600000,0.9861,0.9879,0.9879,0.8097,0.8076,0.8087,0.8983
flow,100,64,4,0.0098,polar8_cal,polar,100000,600000,0.9862,0.9880,0.9879,0.8134,0.8051,0.8092,0.8986
flow,200,64,4,0.0095,knn,knn,20000,120000,0.5371,0.5422,0.5390,0.0431,0.0066,0.0114,0.2768
flow,200,64,4,0.0095,altered_knn,altered_knn,20000,80000,0.7032,0.7070,0.7768,0.0155,0.3049,0.0294,0.3682
flow,200,64,4,0.0095,quadratic,quadratic,20000,120000,0.9475,0.9533,0.9518,0.5048,0.3443,0.4094,0.6813
flow,200,64,4,0.0095,quadratic_cal,quadratic,20000,120000,0.9454,0.9502,0.9511,0.3742,0.4494,0.4084,0.6793
flow,200,64,4,0.0095,polar8,polar,20000,120000,0.9779,0.9798,0.9792,0.8889,0.7779,0.8297,0.9048
flow,200,64,4,0.0095,polar8_cal,polar,20000,120000,0.9767,0.9783,0.9787,0.7524,0.8187,0.7841,0.8812
flow,200,64,4,0.0095,knn,knn,50000,300000,0.5475,0.5527,0.5495,0.0100,0.0013,0.0023,0.2775
flow,200,64,4,0.0095,altered_knn,altered_knn,50000,200000,0.8012,0.8085,0.8123,0.0232,0.0460,0.0308,0.4197
flow,200,64,4,0.0095,quadratic,quadratic,50000,300000,0.9642,0.9704,0.9681,0.6325,0.3167,0.4221,0.6962
flow,200,64,4,0.0095,quadratic_cal,quadratic,50000,300000,0.9618,0.9659,0.9671,0.4220,0.5401,0.4738,0.7198
flow,200,64,4,0.0095,polar8,polar,50000,300000,0.9821,0.9838,0.9835,0.8482,0.8003,0.8235,0.9037
flow,200,64,4,0.0095,polar8_cal,polar,50000,300000,0.9812,0.9827,0.9832,0.7459,0.8331,0.7871,0.8849
flow,200,64,4,0.0095,knn,knn,100000,600000,0.5588,0.5641,0.5611,0.0211,0.0026,0.0047,0.2844
flow,200,64,4,0.0095,altered_knn,altered_knn,100000,400000,0.7520,0.7568,0.8051,0.0187,0.2523,0.0348,0.3958
flow,200,64,4,0.0095,quadratic,quadratic,100000,600000,0.9728,0.9789,0.9763,0.7629,0.3298,0.4606,0.7198
flow,200,64,4,0.0095,quadratic_cal,quadratic,100000,600000,0.9718,0.9749,0.9759,0.5405,0.6491,0.5899,0.7824
flow,200,64,4,0.0095,polar8,polar,100000,600000,0.9842,0.9859,0.9864,0.7353,0.8068,0.7694,0.8777
flow,200,64,4,0.0095,polar8_cal,polar,100000,600000,0.9837,0.9853,0.9861,0.6939,0.8160,0.7500,0.8676
flow,0,64,8,0.0082,knn,knn,20000,240000,0.4001,0.4033,0.4012,0.0342,0.0236,0.0279,0.2156
flow,0,64,8,0.0082,altered_knn,altered_knn,20000,160000,0.7374,0.7433,0.7435,0.0223,0.0244,0.0233,0.3833
flow,0,64,8,0.0082,quadratic,quadratic,20000,240000,0.9309,0.9352,0.9348,0.4647,0.4155,0.4387,0.6870
flow,0,64,8,0.0082,quadratic_cal,quadratic,20000,240000,0.9290,0.9324,0.9340,0.3633,0.5160,0.4264,0.6794
flow,0,64,8,0.0082,polar8,polar,20000,240000,0.9676,0.9693,0.9690,0.8314,0.7580,0.7930,0.8812
flow,0,64,8,0.0082,polar8_cal,polar,20000,240000,0.9663,0.9676,0.9684,0.6728,0.8059,0.7334,0.8505
flow,0,64,8,0.0082,knn,knn,50000,600000,0.4103,0.4136,0.4112,0.0274,0.0152,0.0196,0.2166
flow,0,64,8,0.0082,altered_knn,altered_knn,50000,400000,0.7401,0.7454,0.7574,0.0206,0.0997,0.0342,0.3898
flow,0,64,8,0.0082,quadratic,quadratic,50000,600000,0.9581,0.9627,0.9608,0.7575,0.4018,0.5251,0.7439
flow,0,64,8,0.0082,quadratic_cal,quadratic,50000,600000,0.9561,0.9585,0.9599,0.4883,0.6659,0.5634,0.7610
flow,0,64,8,0.0082,polar8,polar,50000,600000,0.9773,0.9790,0.9788,0.8076,0.7732,0.7900,0.8845
flow,0,64,8,0.0082,polar8_cal,polar,50000,600000,0.9759,0.9772,0.9782,0.6567,0.8196,0.7292,0.8532
flow,0,64,8,0.0082,knn,knn,100000,1200000,0.4210,0.4244,0.4222,0.0411,0.0198,0.0267,0.2255
flow,0,64,8,0.0082,altered_knn,altered_knn,100000,800000,0.7195,0.7230,0.7641,0.0213,0.2976,0.0397,0.3814
flow,0,64,8,0.0082,quadratic,quadratic,100000,1200000,0.9650,0.9691,0.9674,0.8349,0.4696,0.6011,0.7851
flow,0,64,8,0.0082,quadratic_cal,quadratic,100000,1200000,0.9635,0.9653,0.9666,0.5652,0.7458,0.6430,0.8042
flow,0,64,8,0.0082,polar8,polar,100000,1200000,0.9789,0.9806,0.9808,0.7392,0.7785,0.7583,0.8694
flow,0,64,8,0.0082,polar8_cal,polar,100000,1200000,0.9784,0.9800,0.9807,0.6773,0.7938,0.7309,0.8554
flow,100,64,8,0.0083,knn,knn,20000,240000,0.3961,0.3992,0.3972,0.0357,0.0233,0.0282,0.2137
flow,100,64,8,0.0083,altered_knn,altered_knn,20000,160000,0.7352,0.7411,0.7416,0.0266,0.0301,0.0282,0.3847
flow,100,64,8,0.0083,quadratic,quadratic,20000,240000,0.9288,0.9331,0.9326,0.4769,0.4192,0.4462,0.6897
flow,100,64,8,0.0083,quadratic_cal,quadratic,20000,240000,0.9280,0.9317,0.9324,0.4207,0.4921,0.4536,0.6926
flow,100,64,8,0.0083,polar8,polar,20000,240000,0.9691,0.9708,0.9705,0.8223,0.7754,0.7981,0.8844
flow,100,64,8,0.0083,polar8_cal,polar,20000,240000,0.9676,0.9687,0.9698,0.6496,0.8370,0.7315,0.8501
flow,100,64,8,0.0083,knn,knn,50000,600000,0.4071,0.4103,0.4085,0.0289,0.0165,0.0210,0.2157
flow,100,64,8,0.0083,altered_knn,altered_knn,50000,400000,0.7494,0.7553,0.7560,0.0354,0.0421,0.0384,0.3969
flow,100,64,8,0.0083,quadratic,quadratic,50000,600000,0.9572,0.9617,0.9599,0.7744,0.4230,0.5471,0.7544
flow,100,64,8,0.0083,quadratic_cal,quadratic,50000,600000,0.9560,0.9585,0.9594,0.5404,0.6536,0.5916,0.7751
flow,100,64,8,0.0083,polar8,polar,50000,600000,0.9765,0.9781,0.9782,0.7741,0.7851,0.7796,0.8788
flow,100,64,8,0.0083,polar8_cal,polar,50000,600000,0.9758,0.9770,0.9779,0.6824,0.8234,0.7463,0.8617
flow,100,64,8,0.0083,knn,knn,100000,1200000,0.4152,0.4185,0.4165,0.0410,0.0203,0.0271,0.2228
flow,100,64,8,0.0083,altered_knn,altered_knn,100000,800000,0.7442,0.7491,0.7647,0.0280,0.1638,0.0479,0.3985
flow,100,64,8,0.0083,quadratic,quadratic,100000,1200000,0.9662,0.9701,0.9684,0.8611,0.4936,0.6275,0.7988
flow,100,64,8,0.0083,quadratic_cal,quadratic,100000,1200000,0.9656,0.9677,0.9681,0.6471,0.7205,0.6818,0.8248
flow,100,64,8,0.0083,polar8,polar,100000,1200000,0.9764,0.9779,0.9798,0.5445,0.8002,0.6480,0.8129
flow,100,64,8,0.0083,polar8_cal,polar,100000,1200000,0.9775,0.9795,0.9802,0.6300,0.7446,0.6825,0.8310
flow,200,64,8,0.0083,knn,knn,20000,240000,0.3977,0.4008,0.3990,0.0421,0.0264,0.0324,0.2166
flow,200,64,8,0.0083,altered_knn,altered_knn,20000,160000,0.7342,0.7398,0.7445,0.0236,0.0595,0.0338,0.3868
flow,200,64,8,0.0083,quadratic,quadratic,20000,240000,0.9329,0.9370,0.9367,0.4733,0.4413,0.4567,0.6969
flow,200,64,8,0.0083,quadratic_cal,quadratic,20000,240000,0.9301,0.9332,0.9356,0.3488,0.5655,0.4315,0.6823
flow,200,64,8,0.0083,polar8,polar,20000,240000,0.9680,0.9697,0.9697,0.7721,0.7703,0.7712,0.8704
flow,200,64,8,0.0083,polar8_cal,polar,20000,240000,0.9662,0.9673,0.9689,0.6048,0.8321,0.7005,0.8339
flow,200,64,8,0.0083,knn,knn,50000,600000,0.4129,0.4162,0.4143,0.0342,0.0173,0.0230,0.2196
flow,200,64,8,0.0083,altered_knn,altered_knn,50000,400000,0.7531,0.7591,0.7588,0.0375,0.0346,0.0360,0.3975
flow,200,64,8,0.0083,quadratic,quadratic,50000,600000,0.9591,0.9635,0.9618,0.7573,0.4300,0.5485,0.7560
flow,200,64,8,0.0083,quadratic_cal,quadratic,50000,600000,0.9569,0.9591,0.9608,0.4881,0.6928,0.5727,0.7659
flow,200,64,8,0.0083,polar8,polar,50000,600000,0.9763,0.9780,0.9782,0.7412,0.7786,0.7595,0.8687
flow,200,64,8,0.0083,polar8_cal,polar,50000,600000,0.9748,0.9760,0.9776,0.5968,0.8238,0.6922,0.8341
flow,200,64,8,0.0083,knn,knn,100000,1200000,0.4215,0.4248,0.4230,0.0343,0.0166,0.0223,0.2236
flow,200,64,8,0.0083,altered_knn,altered_knn,100000,800000,0.7614,0.7674,0.7677,0.0382,0.0414,0.0397,0.4036
flow,200,64,8,0.0083,quadratic,quadratic,100000,1200000,0.9674,0.9714,0.9697,0.8384,0.5000,0.6264,0.7989
flow,200,64,8,0.0083,quadratic_cal,quadratic,100000,1200000,0.9648,0.9663,0.9684,0.5160,0.7869,0.6233,0.7948
flow,200,64,8,0.0083,polar8,polar,100000,1200000,0.9760,0.9776,0.9797,0.5200,0.7846,0.6255,0.8015
flow,200,64,8,0.0083,polar8_cal,polar,100000,1200000,0.9771,0.9789,0.9802,0.5840,0.7568,0.6592,0.8191
flow,0,64,16,0.0081,knn,knn,20000,480000,0.2942,0.2964,0.2946,0.0236,0.0318,0.0271,0.1617
flow,0,64,16,0.0081,altered_knn,altered_knn,20000,320000,0.6932,0.6984,0.7009,0.0308,0.0583,0.0403,0.3694
flow,0,64,16,0.0081,quadratic,quadratic,20000,480000,0.9294,0.9334,0.9322,0.6331,0.4407,0.5197,0.7266
flow,0,64,16,0.0081,quadratic_cal,quadratic,20000,480000,0.9275,0.9302,0.9315,0.4452,0.6034,0.5124,0.7213
flow,0,64,16,0.0081,polar8,polar,20000,480000,0.9530,0.9549,0.9558,0.5833,0.7169,0.6433,0.7991
flow,0,64,16,0.0081,polar8_cal,polar,20000,480000,0.9530,0.9550,0.9558,0.5848,0.7142,0.6431,0.7990
flow,0,64,16,0.0081,knn,knn,50000,1200000,0.3066,0.3089,0.3069,0.0259,0.0295,0.0276,0.1683
flow,0,64,16,0.0081,altered_knn,altered_knn,50000,800000,0.6934,0.6971,0.7199,0.0281,0.2455,0.0504,0.3738
flow,0,64,16,0.0081,quadratic,quadratic,50000,1200000,0.9537,0.9576,0.9559,0.8256,0.4756,0.6036,0.7806
flow,0,64,16,0.0081,quadratic_cal,quadratic,50000,1200000,0.9517,0.9535,0.9549,0.5325,0.7284,0.6153,0.7844
flow,0,64,16,0.0081,polar8,polar,50000,1200000,0.9310,0.9326,0.9520,0.1232,0.7342,0.2109,0.5718
flow,0,64,16,0.0081,polar8_cal,polar,50000,1200000,0.9553,0.9616,0.9622,0.1658,0.1933,0.1785,0.5700
flow,0,64,16,0.0081,knn,knn,100000,2400000,0.3152,0.3176,0.3156,0.0295,0.0315,0.0305,0.1740
flow,0,64,16,0.0081,altered_knn,altered_knn,100000,1600000,0.7207,0.7261,0.7272,0.0470,0.0641,0.0542,0.3902
flow,0,64,16,0.0081,quadratic,quadratic,100000,2400000,0.9614,0.9650,0.9635,0.8577,0.5293,0.6546,0.8098
flow,0,64,16,0.0081,quadratic_cal,quadratic,100000,2400000,0.9597,0.9613,0.9626,0.5751,0.7652,0.6567,0.8090
flow,0,64,16,0.0081,polar8,polar,100000,2400000,0.8707,0.8717,0.9182,0.0562,0.7480,0.1045,0.4881
flow,0,64,16,0.0081,polar8_cal,polar,100000,2400000,0.9012,0.9080,0.9168,0.0612,0.0648,0.0630,0.4855
flow,100,64,16,0.0081,knn,knn,20000,480000,0.2921,0.2942,0.2925,0.0279,0.0395,0.0327,0.1634
flow,100,64,16,0.0081,altered_knn,altered_knn,20000,320000,0.6819,0.6861,0.7012,0.0268,0.1687,0.0463,0.3662
flow,100,64,16,0.0081,quadratic,quadratic,20000,480000,0.9274,0.9312,0.9301,0.6350,0.4522,0.5282,0.7297
flow,100,64,16,0.0081,quadratic_cal,quadratic,20000,480000,0.9252,0.9276,0.9293,0.4323,0.6205,0.5096,0.7186
flow,100,64,16,0.0081,polar8,polar,20000,480000,0.9544,0.9562,0.9575,0.5498,0.7389,0.6305,0.7933
flow,100,64,16,0.0081,polar8_cal,polar,20000,480000,0.9552,0.9572,0.9578,0.6055,0.7006,0.6496,0.8034
flow,100,64,16,0.0081,knn,knn,50000,1200000,0.3029,0.3051,0.3034,0.0220,0.0279,0.0246,0.1649
flow,100,64,16,0.0081,altered_knn,altered_knn,50000,800000,0.6976,0.7016,0.7174,0.0308,0.1977,0.0533,0.3775
flow,100,64,16,0.0081,quadratic,quadratic,50000,1200000,0.9523,0.9560,0.9544,0.8276,0.5052,0.6274,0.7917
flow,100,64,16,0.0081,quadratic_cal,quadratic,50000,1200000,0.9505,0.9523,0.9535,0.5494,0.7288,0.6265,0.7894
flow,100,64,16,0.0081,polar8,polar,50000,1200000,0.9255,0.9268,0.9484,0.1149,0.7571,0.1995,0.5632
flow,100,64,16,0.0081,polar8_cal,polar,50000,1200000,0.9545,0.9609,0.9614,0.1464,0.1636,0.1545,0.5577
flow,100,64,16,0.0081,knn,knn,100000,2400000,0.3106,0.3129,0.3109,0.0239,0.0267,0.0252,0.1690
flow,100,64,16,0.0081,altered_knn,altered_knn,100000,1600000,0.7030,0.7068,0.7258,0.0317,0.2356,0.0558,0.3813
flow,100,64,16,0.0081,quadratic,quadratic,100000,2400000,0.9608,0.9640,0.9627,0.8497,0.5644,0.6783,0.8211
flow,100,64,16,0.0081,quadratic_cal,quadratic,100000,2400000,0.9592,0.9608,0.9618,0.5966,0.7632,0.6697,0.8153
flow,100,64,16,0.0081,polar8,polar,100000,2400000,0.8705,0.8713,0.9203,0.0545,0.7679,0.1019,0.4866
flow,100,64,16,0.0081,polar8_cal,polar,100000,2400000,0.9361,0.9434,0.9442,0.0337,0.0395,0.0364,0.4899
flow,200,64,16,0.0081,knn,knn,20000,480000,0.2942,0.2963,0.2946,0.0243,0.0340,0.0284,0.1623
flow,200,64,16,0.0081,altered_knn,altered_knn,20000,320000,0.5977,0.5984,0.6851,0.0160,0.5120,0.0310,0.3147
flow,200,64,16,0.0081,quadratic,quadratic,20000,480000,0.9301,0.9339,0.9328,0.6350,0.4591,0.5329,0.7334
flow,200,64,16,0.0081,quadratic_cal,quadratic,20000,480000,0.9283,0.9309,0.9321,0.4543,0.6065,0.5195,0.7252
flow,200,64,16,0.0081,polar8,polar,20000,480000,0.9563,0.9580,0.9596,0.5264,0.7461,0.6173,0.7876
flow,200,64,16,0.0081,polar8_cal,polar,20000,480000,0.9574,0.9596,0.9601,0.6038,0.6809,0.6401,0.7999
flow,200,64,16,0.0081,knn,knn,50000,1200000,0.3060,0.3082,0.3066,0.0280,0.0320,0.0299,0.1690
flow,200,64,16,0.0081,altered_knn,altered_knn,50000,800000,0.7057,0.7103,0.7199,0.0311,0.1327,0.0504,0.3804
flow,200,64,16,0.0081,quadratic,quadratic,50000,1200000,0.9550,0.9586,0.9571,0.8114,0.5062,0.6234,0.7910
flow,200,64,16,0.0081,quadratic_cal,quadratic,50000,1200000,0.9525,0.9541,0.9560,0.5131,0.7569,0.6116,0.7829
flow,200,64,16,0.0081,polar8,polar,50000,1200000,0.9316,0.9330,0.9526,0.1261,0.7620,0.2164,0.5747
flow,200,64,16,0.0081,polar8_cal,polar,50000,1200000,0.9564,0.9622,0.9641,0.1670,0.2485,0.1997,0.5810
flow,200,64,16,0.0081,knn,knn,100000,2400000,0.3147,0.3170,0.3152,0.0272,0.0289,0.0280,0.1725
flow,200,64,16,0.0081,altered_knn,altered_knn,100000,1600000,0.7191,0.7242,0.7287,0.0372,0.0941,0.0533,0.3888
flow,200,64,16,0.0081,quadratic,quadratic,100000,2400000,0.9627,0.9659,0.9646,0.8463,0.5671,0.6791,0.8225
flow,200,64,16,0.0081,quadratic_cal,quadratic,100000,2400000,0.9614,0.9631,0.9640,0.6161,0.7542,0.6782,0.8207
flow,200,64,16,0.0081,polar8,polar,100000,2400000,0.8740,0.8748,0.9230,0.0559,0.7701,0.1042,0.4895
flow,200,64,16,0.0081,polar8_cal,polar,100000,2400000,0.9378,0.9450,0.9477,0.0378,0.0606,0.0466,0.4958
