sampler,d,K,n_seeds,hall_gt,hall_gt_std,model,arch,n_per_mode,n_anchors,full_acc,full_acc_std,mode_acc,mode_acc_std,mode_f1,mode_f1_std,hall_prec,hall_prec_std,hall_rec,hall_rec_std,hall_f1,hall_f1_std,balanced,balanced_std
ddim,2,2,3,0.0097,0.0005,knn,knn,2000,6000,0.9846,0.0010,0.9865,0.0009,0.9915,0.0005,0.3872,0.0164,0.7851,0.0160,0.5184,0.0161,0.7525,0.0085
ddim,2,2,3,0.0097,0.0005,altered_knn,altered_knn,2000,4000,0.9725,0.0010,0.9799,0.0012,0.9850,0.0006,0.1056,0.0174,0.2143,0.0204,0.1412,0.0197,0.5606,0.0104
ddim,2,2,3,0.0097,0.0005,quadratic,quadratic,2000,6000,0.9886,0.0009,0.9925,0.0006,0.9928,0.0008,0.5564,0.0192,0.5912,0.0376,0.5731,0.0268,0.7828,0.0134
ddim,2,2,3,0.0097,0.0005,polar3,polar,2000,6000,0.9954,0.0008,0.9964,0.0008,0.9975,0.0006,0.7293,0.0236,0.8933,0.0204,0.8025,0.0100,0.8994,0.0054
ddim,2,2,3,0.0097,0.0005,knn,knn,5000,15000,0.9905,0.0006,0.9918,0.0007,0.9950,0.0004,0.5182,0.0190,0.8590,0.0317,0.6458,0.0116,0.8188,0.0061
ddim,2,2,3,0.0097,0.0005,altered_knn,altered_knn,5000,10000,0.9770,0.0009,0.9840,0.0011,0.9881,0.0004,0.1439,0.0222,0.2633,0.0287,0.1856,0.0240,0.5848,0.0124
ddim,2,2,3,0.0097,0.0005,quadratic,quadratic,5000,15000,0.9879,0.0015,0.9918,0.0017,0.9920,0.0016,0.5586,0.0098,0.5856,0.0345,0.5714,0.0196,0.7816,0.0091
ddim,2,2,3,0.0097,0.0005,polar3,polar,5000,15000,0.9953,0.0008,0.9963,0.0008,0.9974,0.0007,0.7273,0.0214,0.8917,0.0224,0.8007,0.0112,0.8985,0.0060
ddim,2,2,3,0.0097,0.0005,knn,knn,10000,30000,0.9935,0.0006,0.9945,0.0005,0.9966,0.0004,0.6234,0.0183,0.8909,0.0300,0.7331,0.0156,0.8638,0.0080
ddim,2,2,3,0.0097,0.0005,altered_knn,altered_knn,10000,20000,0.9828,0.0030,0.9903,0.0033,0.9911,0.0014,0.1925,0.0339,0.2136,0.0272,0.1980,0.0095,0.5941,0.0063
ddim,2,2,3,0.0097,0.0005,quadratic,quadratic,10000,30000,0.9879,0.0013,0.9918,0.0017,0.9921,0.0016,0.5575,0.0162,0.5892,0.0381,0.5725,0.0247,0.7822,0.0115
ddim,2,2,3,0.0097,0.0005,polar3,polar,10000,30000,0.9953,0.0008,0.9964,0.0008,0.9974,0.0007,0.7302,0.0231,0.8874,0.0230,0.8007,0.0138,0.8986,0.0073
ddim,2,2,3,0.0097,0.0005,knn,knn,15000,45000,0.9944,0.0007,0.9954,0.0006,0.9971,0.0005,0.6678,0.0236,0.8919,0.0292,0.7634,0.0197,0.8794,0.0101
ddim,2,2,3,0.0097,0.0005,altered_knn,altered_knn,15000,30000,0.9837,0.0024,0.9909,0.0026,0.9917,0.0013,0.2164,0.0389,0.2417,0.0178,0.2256,0.0209,0.6082,0.0114
ddim,2,2,3,0.0097,0.0005,quadratic,quadratic,15000,45000,0.9882,0.0013,0.9921,0.0015,0.9924,0.0014,0.5587,0.0155,0.5922,0.0363,0.5745,0.0223,0.7833,0.0106
ddim,2,2,3,0.0097,0.0005,polar3,polar,15000,45000,0.9952,0.0009,0.9963,0.0008,0.9974,0.0007,0.7241,0.0203,0.8917,0.0192,0.7990,0.0141,0.8976,0.0074
ddim,2,2,3,0.0097,0.0005,knn,knn,20000,60000,0.9950,0.0008,0.9960,0.0007,0.9973,0.0006,0.6973,0.0284,0.8876,0.0327,0.7806,0.0238,0.8883,0.0122
ddim,2,2,3,0.0097,0.0005,altered_knn,altered_knn,20000,40000,0.9838,0.0026,0.9908,0.0028,0.9918,0.0013,0.2283,0.0475,0.2608,0.0113,0.2403,0.0268,0.6156,0.0146
ddim,2,2,3,0.0097,0.0005,quadratic,quadratic,20000,60000,0.9885,0.0012,0.9924,0.0013,0.9927,0.0013,0.5596,0.0152,0.5891,0.0362,0.5736,0.0228,0.7830,0.0110
ddim,2,2,3,0.0097,0.0005,polar3,polar,20000,60000,0.9952,0.0010,0.9962,0.0009,0.9974,0.0007,0.7195,0.0271,0.8921,0.0205,0.7962,0.0189,0.8962,0.0099
ddim,2,4,3,0.0109,0.0001,knn,knn,2000,12000,0.9631,0.0045,0.9678,0.0044,0.9758,0.0039,0.2183,0.0173,0.5402,0.0371,0.3109,0.0231,0.6393,0.0126
ddim,2,4,3,0.0109,0.0001,altered_knn,altered_knn,2000,8000,0.9467,0.0105,0.9537,0.0112,0.9685,0.0056,0.0845,0.0068,0.3099,0.0671,0.1312,0.0056,0.5424,0.0073
ddim,2,4,3,0.0109,0.0001,quadratic,quadratic,2000,12000,0.9273,0.0152,0.9330,0.0159,0.9378,0.0133,0.2226,0.0347,0.4112,0.0754,0.2825,0.0167,0.6077,0.0157
ddim,2,4,3,0.0109,0.0001,polar3,polar,2000,12000,0.9666,0.0036,0.9711,0.0037,0.9773,0.0034,0.2643,0.0127,0.5671,0.0375,0.3605,0.0186,0.6658,0.0097
ddim,2,4,3,0.0109,0.0001,knn,knn,5000,30000,0.9687,0.0043,0.9737,0.0042,0.9785,0.0038,0.2748,0.0223,0.5163,0.0427,0.3585,0.0284,0.6661,0.0150
ddim,2,4,3,0.0109,0.0001,altered_knn,altered_knn,5000,20000,0.9593,0.0025,0.9675,0.0028,0.9743,0.0025,0.0951,0.0110,0.2195,0.0725,0.1311,0.0252,0.5493,0.0117
ddim,2,4,3,0.0109,0.0001,quadratic,quadratic,5000,30000,0.9263,0.0137,0.9320,0.0144,0.9368,0.0118,0.2217,0.0364,0.4100,0.0740,0.2817,0.0197,0.6069,0.0162
ddim,2,4,3,0.0109,0.0001,polar3,polar,5000,30000,0.9667,0.0041,0.9711,0.0042,0.9772,0.0037,0.2692,0.0120,0.5719,0.0336,0.3659,0.0162,0.6685,0.0087
ddim,2,4,3,0.0109,0.0001,knn,knn,10000,60000,0.9713,0.0039,0.9765,0.0040,0.9793,0.0036,0.3310,0.0210,0.5021,0.0405,0.3988,0.0261,0.6876,0.0137
ddim,2,4,3,0.0109,0.0001,altered_knn,altered_knn,10000,40000,0.9630,0.0027,0.9717,0.0026,0.9758,0.0030,0.0988,0.0127,0.1738,0.0347,0.1258,0.0195,0.5488,0.0099
ddim,2,4,3,0.0109,0.0001,quadratic,quadratic,10000,60000,0.9275,0.0141,0.9331,0.0148,0.9377,0.0123,0.2271,0.0344,0.4115,0.0742,0.2865,0.0165,0.6098,0.0150
ddim,2,4,3,0.0109,0.0001,polar3,polar,10000,60000,0.9665,0.0037,0.9709,0.0038,0.9770,0.0035,0.2662,0.0115,0.5644,0.0362,0.3617,0.0176,0.6663,0.0089
ddim,2,4,3,0.0109,0.0001,knn,knn,15000,90000,0.9722,0.0037,0.9775,0.0038,0.9795,0.0035,0.3626,0.0147,0.4919,0.0364,0.4172,0.0210,0.6973,0.0108
ddim,2,4,3,0.0109,0.0001,altered_knn,altered_knn,15000,60000,0.9649,0.0041,0.9739,0.0041,0.9766,0.0033,0.0979,0.0100,0.1449,0.0201,0.1165,0.0125,0.5452,0.0060
ddim,2,4,3,0.0109,0.0001,quadratic,quadratic,15000,90000,0.9275,0.0140,0.9332,0.0147,0.9377,0.0123,0.2279,0.0345,0.4097,0.0742,0.2868,0.0171,0.6100,0.0150
ddim,2,4,3,0.0109,0.0001,polar3,polar,15000,90000,0.9668,0.0035,0.9713,0.0036,0.9770,0.0035,0.2735,0.0176,0.5597,0.0315,0.3675,0.0226,0.6694,0.0113
ddim,2,4,3,0.0109,0.0001,knn,knn,20000,120000,0.9728,0.0036,0.9781,0.0037,0.9796,0.0035,0.3852,0.0133,0.4882,0.0314,0.4304,0.0189,0.7043,0.0098
ddim,2,4,3,0.0109,0.0001,altered_knn,altered_knn,20000,80000,0.9673,0.0041,0.9768,0.0043,0.9771,0.0034,0.1029,0.0109,0.1082,0.0244,0.1048,0.0163,0.5408,0.0070
ddim,2,4,3,0.0109,0.0001,quadratic,quadratic,20000,120000,0.9270,0.0139,0.9327,0.0146,0.9371,0.0122,0.2294,0.0334,0.4099,0.0735,0.2882,0.0155,0.6105,0.0143
ddim,2,4,3,0.0109,0.0001,polar3,polar,20000,120000,0.9664,0.0032,0.9709,0.0033,0.9768,0.0034,0.2697,0.0172,0.5624,0.0351,0.3646,0.0231,0.6677,0.0111
ddim,2,8,3,0.0112,0.0005,knn,knn,2000,24000,0.9651,0.0048,0.9690,0.0043,0.9785,0.0042,0.2308,0.0249,0.6265,0.0550,0.3372,0.0337,0.6531,0.0190
ddim,2,8,3,0.0112,0.0005,altered_knn,altered_knn,2000,16000,0.9358,0.0114,0.9412,0.0127,0.9639,0.0058,0.0924,0.0158,0.4612,0.0849,0.1516,0.0174,0.5464,0.0146
ddim,2,8,3,0.0112,0.0005,quadratic,quadratic,2000,24000,0.8360,0.0034,0.8389,0.0034,0.8999,0.0035,0.0446,0.0023,0.5776,0.0099,0.0828,0.0041,0.4609,0.0007
ddim,2,8,3,0.0112,0.0005,polar3,polar,2000,24000,0.9661,0.0059,0.9703,0.0052,0.9793,0.0051,0.2291,0.0309,0.6009,0.0712,0.3317,0.0431,0.6510,0.0242
ddim,2,8,3,0.0112,0.0005,knn,knn,5000,60000,0.9734,0.0058,0.9775,0.0052,0.9834,0.0051,0.2971,0.0371,0.6076,0.0667,0.3989,0.0467,0.6882,0.0259
ddim,2,8,3,0.0112,0.0005,altered_knn,altered_knn,5000,40000,0.9609,0.0054,0.9680,0.0050,0.9771,0.0044,0.1285,0.0245,0.3362,0.0567,0.1859,0.0342,0.5770,0.0193
ddim,2,8,3,0.0112,0.0005,quadratic,quadratic,5000,60000,0.8332,0.0043,0.8361,0.0044,0.8979,0.0043,0.0440,0.0024,0.5794,0.0078,0.0818,0.0042,0.4590,0.0018
ddim,2,8,3,0.0112,0.0005,polar3,polar,5000,60000,0.9660,0.0059,0.9702,0.0052,0.9792,0.0050,0.2272,0.0313,0.5926,0.0698,0.3283,0.0430,0.6492,0.0241
ddim,2,8,3,0.0112,0.0005,knn,knn,10000,120000,0.9767,0.0062,0.9813,0.0056,0.9849,0.0055,0.3492,0.0501,0.5699,0.0692,0.4327,0.0570,0.7070,0.0313
ddim,2,8,3,0.0112,0.0005,altered_knn,altered_knn,10000,80000,0.9696,0.0056,0.9781,0.0053,0.9811,0.0049,0.1454,0.0309,0.2246,0.0772,0.1745,0.0422,0.5763,0.0226
ddim,2,8,3,0.0112,0.0005,quadratic,quadratic,10000,120000,0.8343,0.0052,0.8372,0.0053,0.8987,0.0049,0.0442,0.0021,0.5792,0.0099,0.0822,0.0036,0.4597,0.0016
ddim,2,8,3,0.0112,0.0005,polar3,polar,10000,120000,0.9656,0.0064,0.9700,0.0057,0.9790,0.0054,0.2234,0.0341,0.5846,0.0742,0.3231,0.0468,0.6465,0.0263
ddim,2,8,3,0.0112,0.0005,knn,knn,15000,180000,0.9779,0.0063,0.9828,0.0056,0.9853,0.0056,0.3809,0.0548,0.5500,0.0704,0.4498,0.0604,0.7163,0.0330
ddim,2,8,3,0.0112,0.0005,altered_knn,altered_knn,15000,120000,0.9718,0.0066,0.9805,0.0065,0.9823,0.0054,0.1627,0.0449,0.2088,0.0366,0.1816,0.0408,0.5810,0.0236
ddim,2,8,3,0.0112,0.0005,quadratic,quadratic,15000,180000,0.8353,0.0056,0.8382,0.0056,0.8993,0.0051,0.0445,0.0020,0.5782,0.0107,0.0826,0.0035,0.4604,0.0016
ddim,2,8,3,0.0112,0.0005,polar3,polar,15000,180000,0.9655,0.0061,0.9698,0.0054,0.9788,0.0053,0.2241,0.0331,0.5854,0.0759,0.3239,0.0455,0.6469,0.0255
ddim,2,8,3,0.0112,0.0005,knn,knn,20000,240000,0.9785,0.0064,0.9835,0.0058,0.9854,0.0057,0.4008,0.0576,0.5350,0.0674,0.4579,0.0610,0.7207,0.0334
ddim,2,8,3,0.0112,0.0005,altered_knn,altered_knn,20000,160000,0.9727,0.0069,0.9815,0.0068,0.9827,0.0056,0.1726,0.0499,0.2017,0.0332,0.1850,0.0437,0.5832,0.0252
ddim,2,8,3,0.0112,0.0005,quadratic,quadratic,20000,240000,0.8428,0.0049,0.8459,0.0050,0.9046,0.0046,0.0459,0.0021,0.5722,0.0099,0.0850,0.0036,0.4654,0.0010
ddim,2,8,3,0.0112,0.0005,polar3,polar,20000,240000,0.9667,0.0061,0.9710,0.0055,0.9795,0.0052,0.2321,0.0339,0.5847,0.0703,0.3321,0.0456,0.6516,0.0255
ddim,4,2,3,0.0095,0.0005,knn,knn,2000,6000,0.9156,0.0022,0.9214,0.0023,0.9193,0.0023,0.5836,0.0206,0.3113,0.0034,0.4059,0.0078,0.6637,0.0047
ddim,4,2,3,0.0095,0.0005,altered_knn,altered_knn,2000,4000,0.9018,0.0071,0.9084,0.0076,0.9390,0.0026,0.0280,0.0042,0.2157,0.0261,0.0494,0.0064,0.4789,0.0064
ddim,4,2,3,0.0095,0.0005,quadratic,quadratic,2000,6000,0.9876,0.0027,0.9911,0.0024,0.9901,0.0025,0.8017,0.0357,0.6267,0.0163,0.7031,0.0201,0.8471,0.0107
ddim,4,2,3,0.0095,0.0005,polar3,polar,2000,6000,0.9942,0.0003,0.9959,0.0001,0.9963,0.0001,0.7594,0.0016,0.8290,0.0367,0.7923,0.0164,0.8941,0.0082
ddim,4,2,3,0.0095,0.0005,knn,knn,5000,15000,0.9315,0.0012,0.9369,0.0015,0.9350,0.0014,0.6382,0.0098,0.3751,0.0268,0.4719,0.0210,0.7044,0.0100
ddim,4,2,3,0.0095,0.0005,altered_knn,altered_knn,5000,10000,0.9249,0.0176,0.9324,0.0182,0.9490,0.0057,0.0302,0.0007,0.1362,0.0772,0.0466,0.0065,0.4895,0.0067
ddim,4,2,3,0.0095,0.0005,quadratic,quadratic,5000,15000,0.9887,0.0015,0.9923,0.0011,0.9911,0.0014,0.8117,0.0354,0.6114,0.0200,0.6970,0.0190,0.8446,0.0096
ddim,4,2,3,0.0095,0.0005,polar3,polar,5000,15000,0.9943,0.0003,0.9958,0.0002,0.9963,0.0001,0.7573,0.0044,0.8314,0.0352,0.7922,0.0138,0.8940,0.0068
ddim,4,2,3,0.0095,0.0005,knn,knn,10000,30000,0.9426,0.0007,0.9476,0.0011,0.9458,0.0009,0.6838,0.0231,0.4184,0.0272,0.5188,0.0258,0.7332,0.0124
ddim,4,2,3,0.0095,0.0005,altered_knn,altered_knn,10000,20000,0.9268,0.0187,0.9342,0.0193,0.9517,0.0061,0.0322,0.0010,0.1498,0.0833,0.0496,0.0072,0.4919,0.0072
ddim,4,2,3,0.0095,0.0005,quadratic,quadratic,10000,30000,0.9896,0.0010,0.9933,0.0007,0.9921,0.0009,0.8108,0.0245,0.6137,0.0222,0.6982,0.0163,0.8457,0.0085
ddim,4,2,3,0.0095,0.0005,polar3,polar,10000,30000,0.9942,0.0003,0.9958,0.0002,0.9963,0.0001,0.7540,0.0095,0.8333,0.0378,0.7910,0.0135,0.8934,0.0067
ddim,4,2,3,0.0095,0.0005,knn,knn,15000,45000,0.9490,0.0004,0.9539,0.0004,0.9523,0.0003,0.6723,0.0221,0.4437,0.0209,0.5345,0.0221,0.7442,0.0109
ddim,4,2,3,0.0095,0.0005,altered_knn,altered_knn,15000,30000,0.8899,0.0330,0.8955,0.0341,0.9370,0.0143,0.0301,0.0012,0.3000,0.1195,0.0535,0.0023,0.4745,0.0163
ddim,4,2,3,0.0095,0.0005,quadratic,quadratic,15000,45000,0.9897,0.0011,0.9933,0.0007,0.9922,0.0009,0.8084,0.0231,0.6111,0.0237,0.6956,0.0155,0.8444,0.0081
ddim,4,2,3,0.0095,0.0005,polar3,polar,15000,45000,0.9942,0.0003,0.9957,0.0002,0.9963,0.0001,0.7479,0.0095,0.8336,0.0391,0.7878,0.0146,0.8918,0.0072
ddim,4,2,3,0.0095,0.0005,knn,knn,20000,60000,0.9519,0.0008,0.9566,0.0005,0.9551,0.0007,0.6837,0.0201,0.4586,0.0152,0.5488,0.0142,0.7527,0.0072
ddim,4,2,3,0.0095,0.0005,altered_knn,altered_knn,20000,40000,0.9143,0.0278,0.9209,0.0289,0.9484,0.0119,0.0321,0.0026,0.2210,0.1068,0.0546,0.0041,0.4878,0.0135
ddim,4,2,3,0.0095,0.0005,quadratic,quadratic,20000,60000,0.9895,0.0008,0.9932,0.0006,0.9920,0.0006,0.8113,0.0253,0.6093,0.0247,0.6954,0.0184,0.8443,0.0094
ddim,4,2,3,0.0095,0.0005,polar3,polar,20000,60000,0.9942,0.0003,0.9957,0.0002,0.9963,0.0001,0.7495,0.0141,0.8360,0.0382,0.7896,0.0116,0.8927,0.0057
ddim,4,4,3,0.0108,0.0003,knn,knn,2000,12000,0.8368,0.0122,0.8418,0.0120,0.8445,0.0137,0.2483,0.0630,0.3782,0.0125,0.2942,0.0406,0.5680,0.0148
ddim,4,4,3,0.0108,0.0003,altered_knn,altered_knn,2000,8000,0.8682,0.0201,0.8759,0.0213,0.8951,0.0093,0.0388,0.0086,0.1658,0.0939,0.0577,0.0057,0.4668,0.0125
ddim,4,4,3,0.0108,0.0003,quadratic,quadratic,2000,12000,0.9312,0.0055,0.9353,0.0054,0.9359,0.0058,0.4601,0.0138,0.5534,0.0073,0.5023,0.0095,0.7188,0.0060
ddim,4,4,3,0.0108,0.0003,polar3,polar,2000,12000,0.9664,0.0040,0.9698,0.0037,0.9719,0.0042,0.4556,0.0130,0.6555,0.0194,0.5371,0.0052,0.7535,0.0026
ddim,4,4,3,0.0108,0.0003,knn,knn,5000,30000,0.8676,0.0099,0.8726,0.0098,0.8744,0.0115,0.2857,0.0623,0.4059,0.0144,0.3304,0.0357,0.6015,0.0130
ddim,4,4,3,0.0108,0.0003,altered_knn,altered_knn,5000,20000,0.8855,0.0170,0.8937,0.0182,0.9062,0.0083,0.0423,0.0088,0.1358,0.0979,0.0531,0.0203,0.4734,0.0068
ddim,4,4,3,0.0108,0.0003,quadratic,quadratic,5000,30000,0.9312,0.0052,0.9354,0.0051,0.9358,0.0055,0.4702,0.0135,0.5527,0.0073,0.5080,0.0097,0.7217,0.0062
ddim,4,4,3,0.0108,0.0003,polar3,polar,5000,30000,0.9671,0.0042,0.9705,0.0039,0.9723,0.0044,0.4784,0.0094,0.6510,0.0238,0.5511,0.0028,0.7608,0.0032
ddim,4,4,3,0.0108,0.0003,knn,knn,10000,60000,0.8880,0.0086,0.8931,0.0085,0.8945,0.0101,0.3193,0.0713,0.4252,0.0088,0.3598,0.0413,0.6265,0.0164
ddim,4,4,3,0.0108,0.0003,altered_knn,altered_knn,10000,40000,0.8496,0.0369,0.8554,0.0392,0.8980,0.0112,0.0423,0.0163,0.3229,0.1666,0.0659,0.0122,0.4606,0.0248
ddim,4,4,3,0.0108,0.0003,quadratic,quadratic,10000,60000,0.9309,0.0056,0.9351,0.0055,0.9354,0.0059,0.4796,0.0124,0.5523,0.0041,0.5133,0.0083,0.7242,0.0052
ddim,4,4,3,0.0108,0.0003,polar3,polar,10000,60000,0.9672,0.0040,0.9707,0.0036,0.9725,0.0043,0.4742,0.0203,0.6519,0.0264,0.5481,0.0055,0.7594,0.0025
ddim,4,4,3,0.0108,0.0003,knn,knn,15000,90000,0.8985,0.0076,0.9036,0.0074,0.9050,0.0091,0.3212,0.0650,0.4303,0.0136,0.3632,0.0367,0.6334,0.0149
ddim,4,4,3,0.0108,0.0003,altered_knn,altered_knn,15000,60000,0.8706,0.0255,0.8773,0.0275,0.9088,0.0068,0.0499,0.0236,0.2624,0.1472,0.0660,0.0076,0.4717,0.0171
ddim,4,4,3,0.0108,0.0003,quadratic,quadratic,15000,90000,0.9310,0.0054,0.9352,0.0053,0.9355,0.0057,0.4771,0.0133,0.5511,0.0056,0.5114,0.0088,0.7233,0.0054
ddim,4,4,3,0.0108,0.0003,polar3,polar,15000,90000,0.9671,0.0038,0.9705,0.0035,0.9724,0.0042,0.4745,0.0263,0.6537,0.0279,0.5487,0.0096,0.7596,0.0042
ddim,4,4,3,0.0108,0.0003,knn,knn,20000,120000,0.9056,0.0074,0.9107,0.0073,0.9120,0.0088,0.3356,0.0700,0.4423,0.0132,0.3773,0.0418,0.6440,0.0175
ddim,4,4,3,0.0108,0.0003,altered_knn,altered_knn,20000,80000,0.8999,0.0151,0.9084,0.0163,0.9186,0.0072,0.0567,0.0227,0.1273,0.1006,0.0614,0.0136,0.4849,0.0085
ddim,4,4,3,0.0108,0.0003,quadratic,quadratic,20000,120000,0.9310,0.0058,0.9352,0.0057,0.9355,0.0061,0.4809,0.0132,0.5502,0.0055,0.5131,0.0083,0.7242,0.0054
ddim,4,4,3,0.0108,0.0003,polar3,polar,20000,120000,0.9672,0.0039,0.9707,0.0036,0.9724,0.0043,0.4781,0.0277,0.6505,0.0258,0.5499,0.0096,0.7603,0.0039
ddim,4,8,3,0.0118,0.0002,knn,knn,2000,24000,0.7870,0.0158,0.7918,0.0158,0.8045,0.0150,0.1073,0.0074,0.3863,0.0146,0.1679,0.0104,0.4798,0.0131
ddim,4,8,3,0.0118,0.0002,altered_knn,altered_knn,2000,16000,0.8451,0.0312,0.8532,0.0327,0.8718,0.0132,0.0422,0.0076,0.1663,0.1092,0.0597,0.0044,0.4564,0.0173
ddim,4,8,3,0.0118,0.0002,quadratic,quadratic,2000,24000,0.8938,0.0159,0.8988,0.0158,0.9034,0.0152,0.2502,0.0228,0.4735,0.0155,0.3271,0.0232,0.6130,0.0193
ddim,4,8,3,0.0118,0.0002,polar3,polar,2000,24000,0.9488,0.0115,0.9535,0.0112,0.9590,0.0110,0.2794,0.0192,0.5507,0.0313,0.3707,0.0240,0.6621,0.0176
ddim,4,8,3,0.0118,0.0002,knn,knn,5000,60000,0.8287,0.0152,0.8338,0.0151,0.8439,0.0143,0.1355,0.0112,0.4069,0.0162,0.2033,0.0146,0.5185,0.0149
ddim,4,8,3,0.0118,0.0002,altered_knn,altered_knn,5000,40000,0.8595,0.0238,0.8676,0.0248,0.8849,0.0114,0.0452,0.0077,0.1754,0.0673,0.0687,0.0055,0.4682,0.0152
ddim,4,8,3,0.0118,0.0002,quadratic,quadratic,5000,60000,0.8949,0.0160,0.8999,0.0159,0.9044,0.0152,0.2524,0.0261,0.4727,0.0164,0.3287,0.0264,0.6143,0.0211
ddim,4,8,3,0.0118,0.0002,polar3,polar,5000,60000,0.9504,0.0114,0.9552,0.0112,0.9603,0.0108,0.2891,0.0205,0.5481,0.0269,0.3785,0.0240,0.6669,0.0176
ddim,4,8,3,0.0118,0.0002,knn,knn,10000,120000,0.8542,0.0141,0.8594,0.0141,0.8681,0.0133,0.1542,0.0114,0.4148,0.0125,0.2248,0.0140,0.5421,0.0140
ddim,4,8,3,0.0118,0.0002,altered_knn,altered_knn,10000,80000,0.8482,0.0382,0.8550,0.0402,0.8877,0.0165,0.0457,0.0135,0.2737,0.1335,0.0703,0.0073,0.4627,0.0236
ddim,4,8,3,0.0118,0.0002,quadratic,quadratic,10000,120000,0.8945,0.0158,0.8995,0.0158,0.9041,0.0150,0.2526,0.0263,0.4724,0.0128,0.3287,0.0257,0.6141,0.0207
ddim,4,8,3,0.0118,0.0002,polar3,polar,10000,120000,0.9505,0.0115,0.9553,0.0113,0.9603,0.0108,0.2927,0.0241,0.5499,0.0248,0.3819,0.0266,0.6686,0.0190
ddim,4,8,3,0.0118,0.0002,knn,knn,15000,180000,0.8677,0.0133,0.8730,0.0131,0.8809,0.0125,0.1670,0.0140,0.4194,0.0185,0.2388,0.0173,0.5559,0.0152
ddim,4,8,3,0.0118,0.0002,altered_knn,altered_knn,15000,120000,0.8768,0.0283,0.8855,0.0297,0.8983,0.0128,0.0575,0.0150,0.1490,0.0977,0.0706,0.0042,0.4780,0.0170
ddim,4,8,3,0.0118,0.0002,quadratic,quadratic,15000,180000,0.8943,0.0160,0.8994,0.0159,0.9039,0.0152,0.2531,0.0260,0.4716,0.0132,0.3290,0.0254,0.6142,0.0207
ddim,4,8,3,0.0118,0.0002,polar3,polar,15000,180000,0.9502,0.0116,0.9549,0.0114,0.9601,0.0109,0.2899,0.0232,0.5488,0.0277,0.3793,0.0264,0.6671,0.0189
ddim,4,8,3,0.0118,0.0002,knn,knn,20000,240000,0.8772,0.0127,0.8826,0.0125,0.8899,0.0120,0.1782,0.0156,0.4255,0.0242,0.2512,0.0196,0.5669,0.0160
ddim,4,8,3,0.0118,0.0002,altered_knn,altered_knn,20000,160000,0.8735,0.0378,0.8817,0.0398,0.8998,0.0152,0.0589,0.0165,0.1837,0.1449,0.0720,0.0054,0.4768,0.0224
ddim,4,8,3,0.0118,0.0002,quadratic,quadratic,20000,240000,0.8960,0.0163,0.9011,0.0163,0.9052,0.0156,0.2631,0.0251,0.4676,0.0150,0.3363,0.0246,0.6187,0.0204
ddim,4,8,3,0.0118,0.0002,polar3,polar,20000,240000,0.9506,0.0117,0.9554,0.0114,0.9605,0.0110,0.2915,0.0225,0.5474,0.0291,0.3803,0.0262,0.6679,0.0188
ddim,4,16,3,0.0133,0.0004,knn,knn,2000,48000,0.7720,0.0048,0.7769,0.0049,0.7938,0.0056,0.0975,0.0036,0.4063,0.0011,0.1573,0.0048,0.4671,0.0020
ddim,4,16,3,0.0133,0.0004,altered_knn,altered_knn,2000,32000,0.7906,0.0838,0.7968,0.0888,0.8408,0.0344,0.0530,0.0157,0.3233,0.2944,0.0704,0.0118,0.4336,0.0477
ddim,4,16,3,0.0133,0.0004,quadratic,quadratic,2000,48000,0.8878,0.0064,0.8936,0.0065,0.9042,0.0067,0.1639,0.0056,0.4511,0.0134,0.2402,0.0041,0.5669,0.0040
ddim,4,16,3,0.0133,0.0004,polar3,polar,2000,48000,0.9408,0.0024,0.9468,0.0027,0.9543,0.0025,0.2301,0.0060,0.4981,0.0043,0.3147,0.0049,0.6308,0.0038
ddim,4,16,3,0.0133,0.0004,knn,knn,5000,120000,0.8164,0.0050,0.8216,0.0050,0.8351,0.0055,0.1247,0.0043,0.4240,0.0037,0.1927,0.0047,0.5072,0.0025
ddim,4,16,3,0.0133,0.0004,altered_knn,altered_knn,5000,80000,0.8550,0.0079,0.8637,0.0089,0.8788,0.0027,0.0615,0.0063,0.2136,0.0493,0.0938,0.0041,0.4787,0.0064
ddim,4,16,3,0.0133,0.0004,quadratic,quadratic,5000,120000,0.8885,0.0074,0.8944,0.0075,0.9048,0.0074,0.1663,0.0081,0.4514,0.0132,0.2427,0.0073,0.5686,0.0064
ddim,4,16,3,0.0133,0.0004,polar3,polar,5000,120000,0.9415,0.0023,0.9475,0.0026,0.9547,0.0023,0.2321,0.0070,0.4953,0.0048,0.3160,0.0056,0.6317,0.0040
ddim,4,16,3,0.0133,0.0004,knn,knn,10000,240000,0.8465,0.0043,0.8521,0.0044,0.8633,0.0046,0.1472,0.0048,0.4301,0.0036,0.2193,0.0051,0.5357,0.0021
ddim,4,16,3,0.0133,0.0004,altered_knn,altered_knn,10000,160000,0.8519,0.0387,0.8599,0.0416,0.8835,0.0114,0.0677,0.0175,0.2463,0.1946,0.0875,0.0114,0.4737,0.0241
ddim,4,16,3,0.0133,0.0004,quadratic,quadratic,10000,240000,0.8923,0.0068,0.8983,0.0070,0.9082,0.0068,0.1715,0.0091,0.4497,0.0130,0.2480,0.0079,0.5731,0.0064
ddim,4,16,3,0.0133,0.0004,polar3,polar,10000,240000,0.9424,0.0023,0.9484,0.0026,0.9555,0.0023,0.2348,0.0068,0.4940,0.0050,0.3182,0.0053,0.6333,0.0039
ddim,4,16,3,0.0133,0.0004,knn,knn,15000,360000,0.8617,0.0041,0.8675,0.0041,0.8775,0.0041,0.1605,0.0047,0.4338,0.0027,0.2343,0.0047,0.5509,0.0028
ddim,4,16,3,0.0133,0.0004,altered_knn,altered_knn,15000,240000,0.8744,0.0152,0.8838,0.0171,0.8948,0.0037,0.0776,0.0198,0.1805,0.1052,0.0927,0.0082,0.4882,0.0096
ddim,4,16,3,0.0133,0.0004,quadratic,quadratic,15000,360000,0.8951,0.0055,0.9010,0.0056,0.9129,0.0055,0.1559,0.0074,0.4575,0.0068,0.2324,0.0075,0.5667,0.0056
ddim,4,16,3,0.0133,0.0004,polar3,polar,15000,360000,0.9440,0.0031,0.9500,0.0034,0.9569,0.0029,0.2411,0.0105,0.4967,0.0033,0.3244,0.0089,0.6372,0.0062
ddim,4,16,3,0.0133,0.0004,knn,knn,20000,480000,0.8719,0.0038,0.8778,0.0038,0.8869,0.0039,0.1726,0.0057,0.4364,0.0043,0.2473,0.0054,0.5626,0.0029
ddim,4,16,3,0.0133,0.0004,altered_knn,altered_knn,20000,320000,0.8889,0.0053,0.8995,0.0059,0.9002,0.0026,0.0948,0.0128,0.0999,0.0394,0.0903,0.0156,0.4949,0.0049
ddim,4,16,3,0.0133,0.0004,quadratic,quadratic,20000,480000,0.8919,0.0053,0.8977,0.0055,0.9131,0.0055,0.1314,0.0042,0.4625,0.0048,0.2046,0.0047,0.5512,0.0044
ddim,4,16,3,0.0133,0.0004,polar3,polar,20000,480000,0.9452,0.0032,0.9512,0.0035,0.9578,0.0031,0.2451,0.0114,0.4951,0.0009,0.3277,0.0101,0.6395,0.0068
ddim,8,2,3,0.0108,0.0002,knn,knn,2000,6000,0.8182,0.0016,0.8265,0.0017,0.8220,0.0018,0.5794,0.0521,0.0640,0.0071,0.1152,0.0125,0.4708,0.0062
ddim,8,2,3,0.0108,0.0002,altered_knn,altered_knn,2000,4000,0.8704,0.0045,0.8774,0.0044,0.9130,0.0027,0.0278,0.0021,0.2252,0.0087,0.0495,0.0036,0.4635,0.0039
ddim,8,2,3,0.0108,0.0002,quadratic,quadratic,2000,6000,0.9859,0.0017,0.9914,0.0018,0.9889,0.0017,0.8975,0.0289,0.4890,0.0040,0.6330,0.0090,0.8122,0.0052
ddim,8,2,3,0.0108,0.0002,polar3,polar,2000,6000,0.9925,0.0010,0.9949,0.0008,0.9945,0.0008,0.8368,0.0238,0.7773,0.0222,0.8058,0.0187,0.9003,0.0097
ddim,8,2,3,0.0108,0.0002,knn,knn,5000,15000,0.8345,0.0023,0.8429,0.0024,0.8385,0.0024,0.6884,0.0516,0.0704,0.0069,0.1277,0.0119,0.4853,0.0057
ddim,8,2,3,0.0108,0.0002,altered_knn,altered_knn,5000,10000,0.8507,0.0408,0.8570,0.0422,0.9052,0.0186,0.0268,0.0025,0.2765,0.0968,0.0481,0.0029,0.4525,0.0226
ddim,8,2,3,0.0108,0.0002,quadratic,quadratic,5000,15000,0.9880,0.0006,0.9935,0.0007,0.9909,0.0006,0.9148,0.0244,0.4839,0.0037,0.6328,0.0038,0.8131,0.0023
ddim,8,2,3,0.0108,0.0002,polar3,polar,5000,15000,0.9932,0.0006,0.9956,0.0004,0.9950,0.0004,0.8670,0.0132,0.7773,0.0231,0.8196,0.0167,0.9076,0.0085
ddim,8,2,3,0.0108,0.0002,knn,knn,10000,30000,0.8450,0.0035,0.8535,0.0035,0.8489,0.0036,0.6879,0.0285,0.0712,0.0021,0.1290,0.0037,0.4912,0.0017
ddim,8,2,3,0.0108,0.0002,altered_knn,altered_knn,10000,20000,0.7775,0.0788,0.7811,0.0816,0.8653,0.0417,0.0250,0.0038,0.4475,0.1791,0.0461,0.0046,0.4136,0.0431
ddim,8,2,3,0.0108,0.0002,quadratic,quadratic,10000,30000,0.9885,0.0006,0.9940,0.0007,0.9914,0.0006,0.9233,0.0214,0.4796,0.0057,0.6311,0.0028,0.8126,0.0017
ddim,8,2,3,0.0108,0.0002,polar3,polar,10000,30000,0.9935,0.0005,0.9958,0.0003,0.9952,0.0004,0.8729,0.0089,0.7797,0.0221,0.8235,0.0147,0.9097,0.0075
ddim,8,2,3,0.0108,0.0002,knn,knn,15000,45000,0.8531,0.0028,0.8615,0.0028,0.8571,0.0029,0.7620,0.0644,0.0812,0.0069,0.1467,0.0124,0.5041,0.0049
ddim,8,2,3,0.0108,0.0002,altered_knn,altered_knn,15000,30000,0.8753,0.0310,0.8824,0.0325,0.9184,0.0124,0.0292,0.0023,0.2325,0.1004,0.0507,0.0016,0.4665,0.0170
ddim,8,2,3,0.0108,0.0002,quadratic,quadratic,15000,45000,0.9885,0.0010,0.9940,0.0011,0.9915,0.0010,0.9196,0.0206,0.4840,0.0076,0.6340,0.0031,0.8140,0.0020
ddim,8,2,3,0.0108,0.0002,polar3,polar,15000,45000,0.9934,0.0004,0.9957,0.0002,0.9952,0.0003,0.8735,0.0070,0.7831,0.0224,0.8257,0.0137,0.9107,0.0070
ddim,8,2,3,0.0108,0.0002,knn,knn,20000,60000,0.8547,0.0018,0.8631,0.0018,0.8588,0.0019,0.7345,0.0384,0.0846,0.0052,0.1518,0.0092,0.5074,0.0037
ddim,8,2,3,0.0108,0.0002,altered_knn,altered_knn,20000,40000,0.8464,0.0346,0.8519,0.0362,0.9075,0.0151,0.0291,0.0032,0.3450,0.1025,0.0528,0.0034,0.4524,0.0197
ddim,8,2,3,0.0108,0.0002,quadratic,quadratic,20000,60000,0.9882,0.0011,0.9938,0.0011,0.9912,0.0011,0.9221,0.0198,0.4793,0.0067,0.6306,0.0023,0.8122,0.0016
ddim,8,2,3,0.0108,0.0002,polar3,polar,20000,60000,0.9935,0.0005,0.9958,0.0003,0.9952,0.0003,0.8727,0.0093,0.7822,0.0244,0.8248,0.0164,0.9103,0.0083
ddim,8,4,3,0.0107,0.0002,knn,knn,2000,12000,0.6917,0.0107,0.6977,0.0108,0.6971,0.0110,0.2049,0.0620,0.1382,0.0032,0.1615,0.0249,0.4296,0.0082
ddim,8,4,3,0.0107,0.0002,altered_knn,altered_knn,2000,8000,0.8136,0.0328,0.8201,0.0344,0.8519,0.0106,0.0308,0.0061,0.2163,0.1160,0.0494,0.0021,0.4347,0.0182
ddim,8,4,3,0.0107,0.0002,quadratic,quadratic,2000,12000,0.9476,0.0095,0.9520,0.0095,0.9506,0.0095,0.7179,0.0078,0.5489,0.0077,0.6221,0.0069,0.7870,0.0078
ddim,8,4,3,0.0107,0.0002,polar3,polar,2000,12000,0.9712,0.0054,0.9742,0.0055,0.9749,0.0057,0.6063,0.0373,0.6954,0.0087,0.6470,0.0179,0.8106,0.0082
ddim,8,4,3,0.0107,0.0002,knn,knn,5000,30000,0.7130,0.0099,0.7191,0.0099,0.7181,0.0096,0.2479,0.0396,0.1480,0.0011,0.1842,0.0116,0.4517,0.0053
ddim,8,4,3,0.0107,0.0002,altered_knn,altered_knn,5000,20000,0.8501,0.0060,0.8581,0.0061,0.8677,0.0036,0.0349,0.0034,0.1036,0.0187,0.0514,0.0017,0.4548,0.0039
ddim,8,4,3,0.0107,0.0002,quadratic,quadratic,5000,30000,0.9486,0.0093,0.9530,0.0093,0.9515,0.0093,0.7369,0.0058,0.5482,0.0067,0.6287,0.0062,0.7908,0.0075
ddim,8,4,3,0.0107,0.0002,polar3,polar,5000,30000,0.9740,0.0052,0.9770,0.0053,0.9768,0.0053,0.6979,0.0157,0.6971,0.0099,0.6972,0.0030,0.8371,0.0033
ddim,8,4,3,0.0107,0.0002,knn,knn,10000,60000,0.7298,0.0091,0.7360,0.0092,0.7344,0.0085,0.3170,0.0336,0.1591,0.0048,0.2110,0.0042,0.4735,0.0038
ddim,8,4,3,0.0107,0.0002,altered_knn,altered_knn,10000,40000,0.8602,0.0040,0.8686,0.0045,0.8746,0.0031,0.0384,0.0016,0.0863,0.0542,0.0486,0.0075,0.4586,0.0015
ddim,8,4,3,0.0107,0.0002,quadratic,quadratic,10000,60000,0.9495,0.0099,0.9538,0.0099,0.9523,0.0099,0.7441,0.0032,0.5506,0.0065,0.6329,0.0053,0.7933,0.0074
ddim,8,4,3,0.0107,0.0002,polar3,polar,10000,60000,0.9755,0.0048,0.9785,0.0048,0.9782,0.0048,0.7216,0.0166,0.6987,0.0117,0.7097,0.0029,0.8441,0.0038
ddim,8,4,3,0.0107,0.0002,knn,knn,15000,90000,0.7388,0.0090,0.7450,0.0090,0.7432,0.0085,0.3488,0.0330,0.1673,0.0048,0.2256,0.0085,0.4853,0.0027
ddim,8,4,3,0.0107,0.0002,altered_knn,altered_knn,15000,60000,0.8649,0.0129,0.8734,0.0136,0.8790,0.0047,0.0390,0.0041,0.0785,0.0626,0.0436,0.0094,0.4585,0.0021
ddim,8,4,3,0.0107,0.0002,quadratic,quadratic,15000,90000,0.9493,0.0102,0.9536,0.0102,0.9521,0.0102,0.7461,0.0064,0.5503,0.0057,0.6334,0.0057,0.7935,0.0075
ddim,8,4,3,0.0107,0.0002,polar3,polar,15000,90000,0.9760,0.0047,0.9790,0.0047,0.9787,0.0047,0.7274,0.0188,0.7004,0.0096,0.7133,0.0051,0.8462,0.0047
ddim,8,4,3,0.0107,0.0002,knn,knn,20000,120000,0.7438,0.0092,0.7499,0.0093,0.7481,0.0088,0.3757,0.0327,0.1742,0.0028,0.2377,0.0076,0.4938,0.0061
ddim,8,4,3,0.0107,0.0002,altered_knn,altered_knn,20000,80000,0.8659,0.0106,0.8742,0.0111,0.8822,0.0044,0.0380,0.0040,0.0985,0.0435,0.0520,0.0030,0.4631,0.0044
ddim,8,4,3,0.0107,0.0002,quadratic,quadratic,20000,120000,0.9493,0.0101,0.9537,0.0101,0.9521,0.0102,0.7467,0.0043,0.5484,0.0056,0.6323,0.0052,0.7930,0.0073
ddim,8,4,3,0.0107,0.0002,polar3,polar,20000,120000,0.9760,0.0044,0.9791,0.0045,0.9787,0.0044,0.7349,0.0190,0.6980,0.0098,0.7157,0.0040,0.8474,0.0037
ddim,8,8,3,0.0118,0.0001,knn,knn,2000,24000,0.5995,0.0063,0.6043,0.0064,0.6088,0.0050,0.0925,0.0125,0.2008,0.0021,0.1261,0.0114,0.3652,0.0089
ddim,8,8,3,0.0118,0.0001,altered_knn,altered_knn,2000,16000,0.7614,0.0480,0.7672,0.0511,0.8051,0.0129,0.0399,0.0117,0.2705,0.2177,0.0507,0.0111,0.4090,0.0246
ddim,8,8,3,0.0118,0.0001,quadratic,quadratic,2000,24000,0.9220,0.0082,0.9268,0.0082,0.9268,0.0083,0.5035,0.0036,0.5179,0.0080,0.5106,0.0040,0.7187,0.0053
ddim,8,8,3,0.0118,0.0001,polar3,polar,2000,24000,0.9573,0.0036,0.9617,0.0035,0.9623,0.0034,0.5293,0.0221,0.5881,0.0056,0.5570,0.0134,0.7593,0.0085
ddim,8,8,3,0.0118,0.0001,knn,knn,5000,60000,0.6287,0.0051,0.6336,0.0052,0.6370,0.0047,0.1162,0.0036,0.2208,0.0076,0.1523,0.0047,0.3929,0.0039
ddim,8,8,3,0.0118,0.0001,altered_knn,altered_knn,5000,40000,0.7665,0.0465,0.7719,0.0493,0.8148,0.0137,0.0361,0.0064,0.3123,0.1870,0.0609,0.0061,0.4164,0.0276
ddim,8,8,3,0.0118,0.0001,quadratic,quadratic,5000,60000,0.9251,0.0081,0.9299,0.0081,0.9298,0.0083,0.5116,0.0064,0.5196,0.0051,0.5155,0.0042,0.7227,0.0042
ddim,8,8,3,0.0118,0.0001,polar3,polar,5000,60000,0.9626,0.0040,0.9671,0.0040,0.9670,0.0039,0.5923,0.0127,0.5864,0.0084,0.5893,0.0094,0.7782,0.0065
ddim,8,8,3,0.0118,0.0001,knn,knn,10000,120000,0.6511,0.0043,0.6562,0.0043,0.6588,0.0041,0.1373,0.0034,0.2319,0.0046,0.1724,0.0032,0.4143,0.0020
ddim,8,8,3,0.0118,0.0001,altered_knn,altered_knn,10000,80000,0.7404,0.0559,0.7442,0.0590,0.8111,0.0184,0.0329,0.0083,0.4242,0.2098,0.0566,0.0069,0.4004,0.0330
ddim,8,8,3,0.0118,0.0001,quadratic,quadratic,10000,120000,0.9257,0.0083,0.9305,0.0084,0.9304,0.0085,0.5160,0.0046,0.5193,0.0039,0.5176,0.0020,0.7241,0.0036
ddim,8,8,3,0.0118,0.0001,polar3,polar,10000,120000,0.9644,0.0039,0.9689,0.0039,0.9686,0.0039,0.6139,0.0083,0.5882,0.0055,0.6008,0.0068,0.7848,0.0047
ddim,8,8,3,0.0118,0.0001,knn,knn,15000,180000,0.6632,0.0040,0.6683,0.0040,0.6706,0.0040,0.1489,0.0092,0.2350,0.0030,0.1821,0.0066,0.4252,0.0016
ddim,8,8,3,0.0118,0.0001,altered_knn,altered_knn,15000,120000,0.8231,0.0089,0.8314,0.0096,0.8414,0.0026,0.0456,0.0035,0.1322,0.0613,0.0623,0.0097,0.4468,0.0005
ddim,8,8,3,0.0118,0.0001,quadratic,quadratic,15000,180000,0.9258,0.0084,0.9307,0.0084,0.9305,0.0086,0.5192,0.0059,0.5170,0.0041,0.5181,0.0027,0.7244,0.0035
ddim,8,8,3,0.0118,0.0001,polar3,polar,15000,180000,0.9650,0.0039,0.9695,0.0039,0.9691,0.0039,0.6199,0.0017,0.5879,0.0037,0.6035,0.0027,0.7865,0.0028
ddim,8,8,3,0.0118,0.0001,knn,knn,20000,240000,0.6722,0.0043,0.6774,0.0043,0.6794,0.0042,0.1579,0.0083,0.2354,0.0008,0.1889,0.0061,0.4332,0.0018
ddim,8,8,3,0.0118,0.0001,altered_knn,altered_knn,20000,160000,0.8263,0.0051,0.8345,0.0053,0.8454,0.0028,0.0447,0.0027,0.1410,0.0165,0.0676,0.0016,0.4510,0.0034
ddim,8,8,3,0.0118,0.0001,quadratic,quadratic,20000,240000,0.9278,0.0089,0.9328,0.0089,0.9323,0.0090,0.5479,0.0058,0.5119,0.0046,0.5292,0.0032,0.7310,0.0040
ddim,8,8,3,0.0118,0.0001,polar3,polar,20000,240000,0.9654,0.0040,0.9698,0.0040,0.9695,0.0041,0.6199,0.0038,0.5897,0.0055,0.6044,0.0046,0.7871,0.0038
ddim,8,16,3,0.0134,0.0006,knn,knn,2000,48000,0.5215,0.0032,0.5249,0.0032,0.5372,0.0028,0.0605,0.0007,0.2698,0.0037,0.0989,0.0010,0.3119,0.0015
ddim,8,16,3,0.0134,0.0006,altered_knn,altered_knn,2000,32000,0.7520,0.0128,0.7605,0.0147,0.7713,0.0010,0.0465,0.0059,0.1312,0.1137,0.0534,0.0185,0.4070,0.0069
ddim,8,16,3,0.0134,0.0006,quadratic,quadratic,2000,48000,0.8926,0.0024,0.8982,0.0024,0.8998,0.0023,0.3610,0.0119,0.4763,0.0084,0.4106,0.0075,0.6544,0.0030
ddim,8,16,3,0.0134,0.0006,polar3,polar,2000,48000,0.9343,0.0042,0.9402,0.0040,0.9412,0.0040,0.4258,0.0046,0.5021,0.0113,0.4607,0.0065,0.7005,0.0046
ddim,8,16,3,0.0134,0.0006,knn,knn,5000,120000,0.5544,0.0023,0.5582,0.0021,0.5691,0.0025,0.0718,0.0022,0.2776,0.0038,0.1141,0.0026,0.3361,0.0002
ddim,8,16,3,0.0134,0.0006,altered_knn,altered_knn,5000,80000,0.7587,0.0155,0.7664,0.0177,0.7861,0.0008,0.0434,0.0041,0.1989,0.1245,0.0634,0.0087,0.4149,0.0054
ddim,8,16,3,0.0134,0.0006,quadratic,quadratic,5000,120000,0.8945,0.0025,0.9001,0.0024,0.9017,0.0024,0.3656,0.0135,0.4788,0.0072,0.4144,0.0083,0.6573,0.0034
ddim,8,16,3,0.0134,0.0006,polar3,polar,5000,120000,0.9399,0.0036,0.9459,0.0034,0.9466,0.0034,0.4483,0.0016,0.5014,0.0123,0.4733,0.0063,0.7096,0.0038
ddim,8,16,3,0.0134,0.0006,knn,knn,10000,240000,0.5835,0.0021,0.5875,0.0019,0.5972,0.0022,0.0843,0.0027,0.2874,0.0054,0.1303,0.0027,0.3589,0.0007
ddim,8,16,3,0.0134,0.0006,altered_knn,altered_knn,10000,160000,0.7814,0.0062,0.7903,0.0067,0.7985,0.0018,0.0505,0.0034,0.1228,0.0576,0.0668,0.0086,0.4285,0.0024
ddim,8,16,3,0.0134,0.0006,quadratic,quadratic,10000,240000,0.8972,0.0029,0.9029,0.0028,0.9039,0.0029,0.3918,0.0126,0.4729,0.0059,0.4284,0.0072,0.6657,0.0025
ddim,8,16,3,0.0134,0.0006,polar3,polar,10000,240000,0.9429,0.0034,0.9489,0.0032,0.9493,0.0033,0.4623,0.0028,0.5008,0.0127,0.4807,0.0058,0.7148,0.0036
ddim,8,16,3,0.0134,0.0006,knn,knn,15000,360000,0.5983,0.0021,0.6024,0.0018,0.6116,0.0023,0.0916,0.0040,0.2957,0.0069,0.1397,0.0042,0.3711,0.0015
ddim,8,16,3,0.0134,0.0006,altered_knn,altered_knn,15000,240000,0.7925,0.0039,0.8021,0.0044,0.8050,0.0009,0.0531,0.0045,0.0813,0.0272,0.0617,0.0047,0.4319,0.0010
ddim,8,16,3,0.0134,0.0006,quadratic,quadratic,15000,360000,0.9024,0.0041,0.9085,0.0040,0.9084,0.0041,0.4471,0.0149,0.4563,0.0076,0.4514,0.0061,0.6799,0.0014
ddim,8,16,3,0.0134,0.0006,polar3,polar,15000,360000,0.9452,0.0036,0.9512,0.0034,0.9514,0.0035,0.4768,0.0042,0.5000,0.0133,0.4880,0.0058,0.7196,0.0035
ddim,8,16,3,0.0134,0.0006,knn,knn,20000,480000,0.6085,0.0019,0.6127,0.0017,0.6215,0.0021,0.0962,0.0045,0.2958,0.0039,0.1451,0.0046,0.3789,0.0015
ddim,8,16,3,0.0134,0.0006,altered_knn,altered_knn,20000,320000,0.7957,0.0020,0.8052,0.0024,0.8095,0.0014,0.0532,0.0034,0.0968,0.0128,0.0680,0.0010,0.4366,0.0011
ddim,8,16,3,0.0134,0.0006,quadratic,quadratic,20000,480000,0.9045,0.0043,0.9107,0.0041,0.9103,0.0043,0.4719,0.0138,0.4517,0.0085,0.4614,0.0052,0.6860,0.0006
ddim,8,16,3,0.0134,0.0006,polar3,polar,20000,480000,0.9462,0.0037,0.9522,0.0035,0.9524,0.0036,0.4834,0.0040,0.5010,0.0147,0.4919,0.0063,0.7221,0.0038
ddim,16,2,3,0.0108,0.0004,knn,knn,2000,6000,0.7885,0.0009,0.7969,0.0011,0.7924,0.0009,0.2815,0.0304,0.0136,0.0025,0.0260,0.0047,0.4114,0.0019
ddim,16,2,3,0.0108,0.0004,altered_knn,altered_knn,2000,4000,0.6619,0.1249,0.6629,0.1285,0.7803,0.0791,0.0198,0.0024,0.5554,0.2107,0.0377,0.0033,0.3503,0.0659
ddim,16,2,3,0.0108,0.0004,quadratic,quadratic,2000,6000,0.9781,0.0004,0.9845,0.0002,0.9816,0.0001,0.8532,0.0276,0.3891,0.0318,0.5342,0.0352,0.7593,0.0175
ddim,16,2,3,0.0108,0.0004,polar3,polar,2000,6000,0.9782,0.0007,0.9813,0.0011,0.9805,0.0007,0.8158,0.0466,0.6966,0.0273,0.7501,0.0176,0.8657,0.0089
ddim,16,2,3,0.0108,0.0004,knn,knn,5000,15000,0.7936,0.0022,0.8021,0.0025,0.7977,0.0023,0.3916,0.0565,0.0127,0.0024,0.0246,0.0045,0.4133,0.0024
ddim,16,2,3,0.0108,0.0004,altered_knn,altered_knn,5000,10000,0.8578,0.0062,0.8649,0.0068,0.9001,0.0013,0.0243,0.0009,0.1986,0.0278,0.0431,0.0010,0.4540,0.0036
ddim,16,2,3,0.0108,0.0004,quadratic,quadratic,5000,15000,0.9828,0.0005,0.9892,0.0010,0.9862,0.0008,0.9009,0.0187,0.3927,0.0259,0.5467,0.0283,0.7679,0.0137
ddim,16,2,3,0.0108,0.0004,polar3,polar,5000,15000,0.9893,0.0011,0.9915,0.0015,0.9921,0.0007,0.7204,0.0948,0.7921,0.0311,0.7493,0.0360,0.8704,0.0187
ddim,16,2,3,0.0108,0.0004,knn,knn,10000,30000,0.7959,0.0028,0.8044,0.0031,0.7997,0.0031,0.4542,0.0915,0.0133,0.0033,0.0259,0.0062,0.4152,0.0037
ddim,16,2,3,0.0108,0.0004,altered_knn,altered_knn,10000,20000,0.8269,0.0413,0.8328,0.0430,0.8871,0.0187,0.0238,0.0025,0.2841,0.0999,0.0433,0.0036,0.4381,0.0228
ddim,16,2,3,0.0108,0.0004,quadratic,quadratic,10000,30000,0.9854,0.0008,0.9919,0.0004,0.9888,0.0005,0.9162,0.0181,0.3888,0.0306,0.5455,0.0333,0.7687,0.0167
ddim,16,2,3,0.0108,0.0004,polar3,polar,10000,30000,0.9915,0.0002,0.9935,0.0006,0.9939,0.0002,0.7584,0.0385,0.8083,0.0339,0.7809,0.0053,0.8872,0.0028
ddim,16,2,3,0.0108,0.0004,knn,knn,15000,45000,0.8014,0.0010,0.8100,0.0007,0.8053,0.0009,0.4462,0.1111,0.0143,0.0035,0.0278,0.0068,0.4189,0.0037
ddim,16,2,3,0.0108,0.0004,altered_knn,altered_knn,15000,30000,0.8644,0.0055,0.8720,0.0057,0.9019,0.0011,0.0239,0.0022,0.1707,0.0347,0.0419,0.0044,0.4569,0.0007
ddim,16,2,3,0.0108,0.0004,quadratic,quadratic,15000,45000,0.9863,0.0006,0.9927,0.0005,0.9896,0.0005,0.9259,0.0147,0.3945,0.0161,0.5532,0.0182,0.7730,0.0091
ddim,16,2,3,0.0108,0.0004,polar3,polar,15000,45000,0.9919,0.0001,0.9939,0.0005,0.9944,0.0002,0.7438,0.0277,0.8124,0.0365,0.7753,0.0061,0.8846,0.0028
ddim,16,2,3,0.0108,0.0004,knn,knn,20000,60000,0.8041,0.0012,0.8127,0.0013,0.8080,0.0013,0.4596,0.0286,0.0136,0.0003,0.0265,0.0006,0.4196,0.0003
ddim,16,2,3,0.0108,0.0004,altered_knn,altered_knn,20000,40000,0.8563,0.0077,0.8634,0.0083,0.9001,0.0016,0.0236,0.0028,0.2012,0.0415,0.0422,0.0051,0.4528,0.0041
ddim,16,2,3,0.0108,0.0004,quadratic,quadratic,20000,60000,0.9864,0.0003,0.9929,0.0004,0.9898,0.0003,0.9306,0.0177,0.3896,0.0191,0.5491,0.0213,0.7710,0.0105
ddim,16,2,3,0.0108,0.0004,polar3,polar,20000,60000,0.9923,0.0001,0.9942,0.0005,0.9947,0.0001,0.7508,0.0279,0.8133,0.0354,0.7796,0.0037,0.8869,0.0017
ddim,16,4,3,0.0100,0.0003,knn,knn,2000,12000,0.6202,0.0012,0.6261,0.0010,0.6233,0.0011,0.1474,0.0127,0.0343,0.0048,0.0553,0.0055,0.3407,0.0032
ddim,16,4,3,0.0100,0.0003,altered_knn,altered_knn,2000,8000,0.8222,0.0096,0.8295,0.0102,0.8393,0.0028,0.0336,0.0026,0.1049,0.0667,0.0457,0.0088,0.4376,0.0048
ddim,16,4,3,0.0100,0.0003,quadratic,quadratic,2000,12000,0.9542,0.0021,0.9587,0.0020,0.9571,0.0021,0.7450,0.0109,0.5069,0.0032,0.6033,0.0017,0.7810,0.0017
ddim,16,4,3,0.0100,0.0003,polar3,polar,2000,12000,0.9527,0.0017,0.9552,0.0017,0.9584,0.0017,0.4204,0.0102,0.7085,0.0065,0.5276,0.0097,0.7414,0.0041
ddim,16,4,3,0.0100,0.0003,knn,knn,5000,30000,0.6324,0.0026,0.6385,0.0025,0.6356,0.0027,0.1810,0.0107,0.0348,0.0062,0.0581,0.0088,0.3483,0.0056
ddim,16,4,3,0.0100,0.0003,altered_knn,altered_knn,5000,20000,0.8303,0.0052,0.8378,0.0054,0.8460,0.0016,0.0330,0.0026,0.0921,0.0368,0.0465,0.0020,0.4422,0.0019
ddim,16,4,3,0.0100,0.0003,quadratic,quadratic,5000,30000,0.9618,0.0024,0.9664,0.0023,0.9646,0.0024,0.7805,0.0089,0.5052,0.0037,0.6134,0.0053,0.7899,0.0022
ddim,16,4,3,0.0100,0.0003,polar3,polar,5000,30000,0.9716,0.0034,0.9739,0.0034,0.9765,0.0028,0.4866,0.0413,0.7420,0.0060,0.5868,0.0311,0.7804,0.0172
ddim,16,4,3,0.0100,0.0003,knn,knn,10000,60000,0.6429,0.0012,0.6491,0.0011,0.6458,0.0012,0.2109,0.0210,0.0360,0.0047,0.0614,0.0077,0.3552,0.0042
ddim,16,4,3,0.0100,0.0003,altered_knn,altered_knn,10000,40000,0.8355,0.0023,0.8433,0.0024,0.8476,0.0020,0.0331,0.0047,0.0683,0.0210,0.0442,0.0090,0.4437,0.0040
ddim,16,4,3,0.0100,0.0003,quadratic,quadratic,10000,60000,0.9646,0.0021,0.9692,0.0021,0.9674,0.0022,0.8033,0.0077,0.5042,0.0040,0.6195,0.0049,0.7944,0.0018
ddim,16,4,3,0.0100,0.0003,polar3,polar,10000,60000,0.9759,0.0020,0.9783,0.0020,0.9808,0.0018,0.4931,0.0225,0.7463,0.0059,0.5935,0.0164,0.7859,0.0091
ddim,16,4,3,0.0100,0.0003,knn,knn,15000,90000,0.6484,0.0040,0.6546,0.0041,0.6512,0.0041,0.2190,0.0117,0.0351,0.0034,0.0605,0.0054,0.3575,0.0018
ddim,16,4,3,0.0100,0.0003,altered_knn,altered_knn,15000,60000,0.8215,0.0182,0.8284,0.0194,0.8454,0.0044,0.0315,0.0049,0.1412,0.0802,0.0478,0.0022,0.4381,0.0107
ddim,16,4,3,0.0100,0.0003,quadratic,quadratic,15000,90000,0.9656,0.0027,0.9703,0.0028,0.9684,0.0028,0.8069,0.0062,0.5028,0.0103,0.6195,0.0092,0.7949,0.0036
ddim,16,4,3,0.0100,0.0003,polar3,polar,15000,90000,0.9768,0.0015,0.9791,0.0015,0.9814,0.0017,0.5037,0.0148,0.7485,0.0078,0.6020,0.0093,0.7905,0.0040
ddim,16,4,3,0.0100,0.0003,knn,knn,20000,120000,0.6516,0.0026,0.6579,0.0027,0.6546,0.0025,0.2477,0.0114,0.0377,0.0037,0.0654,0.0055,0.3616,0.0034
ddim,16,4,3,0.0100,0.0003,altered_knn,altered_knn,20000,80000,0.8073,0.0276,0.8135,0.0291,0.8428,0.0088,0.0248,0.0026,0.1905,0.1079,0.0423,0.0027,0.4279,0.0144
ddim,16,4,3,0.0100,0.0003,quadratic,quadratic,20000,120000,0.9661,0.0029,0.9708,0.0029,0.9689,0.0030,0.8093,0.0042,0.5041,0.0105,0.6212,0.0085,0.7960,0.0034
ddim,16,4,3,0.0100,0.0003,polar3,polar,20000,120000,0.9774,0.0020,0.9798,0.0020,0.9820,0.0019,0.5127,0.0066,0.7479,0.0078,0.6083,0.0062,0.7941,0.0040
ddim,16,8,3,0.0112,0.0001,knn,knn,2000,24000,0.4934,0.0027,0.4981,0.0027,0.4969,0.0024,0.0895,0.0121,0.0814,0.0030,0.0846,0.0043,0.2913,0.0033
ddim,16,8,3,0.0112,0.0001,altered_knn,altered_knn,2000,16000,0.7671,0.0150,0.7745,0.0162,0.7836,0.0035,0.0469,0.0104,0.1163,0.0866,0.0551,0.0033,0.4148,0.0073
ddim,16,8,3,0.0112,0.0001,quadratic,quadratic,2000,24000,0.9203,0.0048,0.9251,0.0049,0.9240,0.0047,0.6049,0.0103,0.5021,0.0025,0.5487,0.0028,0.7369,0.0038
ddim,16,8,3,0.0112,0.0001,polar3,polar,2000,24000,0.9390,0.0029,0.9427,0.0029,0.9423,0.0028,0.6378,0.0118,0.6174,0.0050,0.6274,0.0072,0.7850,0.0046
ddim,16,8,3,0.0112,0.0001,knn,knn,5000,60000,0.5086,0.0035,0.5135,0.0036,0.5122,0.0034,0.0960,0.0050,0.0767,0.0018,0.0853,0.0025,0.2994,0.0025
ddim,16,8,3,0.0112,0.0001,altered_knn,altered_knn,5000,40000,0.7664,0.0206,0.7734,0.0222,0.7885,0.0039,0.0410,0.0092,0.1471,0.1178,0.0527,0.0029,0.4131,0.0105
ddim,16,8,3,0.0112,0.0001,quadratic,quadratic,5000,60000,0.9287,0.0051,0.9335,0.0052,0.9324,0.0051,0.6283,0.0153,0.5069,0.0023,0.5611,0.0075,0.7473,0.0063
ddim,16,8,3,0.0112,0.0001,polar3,polar,5000,60000,0.9542,0.0027,0.9580,0.0027,0.9573,0.0028,0.6934,0.0055,0.6240,0.0036,0.6569,0.0033,0.8074,0.0014
ddim,16,8,3,0.0112,0.0001,knn,knn,10000,120000,0.5213,0.0029,0.5263,0.0030,0.5247,0.0027,0.1117,0.0093,0.0780,0.0022,0.0918,0.0047,0.3091,0.0038
ddim,16,8,3,0.0112,0.0001,altered_knn,altered_knn,10000,80000,0.7796,0.0036,0.7876,0.0038,0.7909,0.0035,0.0420,0.0067,0.0680,0.0334,0.0456,0.0099,0.4166,0.0045
ddim,16,8,3,0.0112,0.0001,quadratic,quadratic,10000,120000,0.9309,0.0057,0.9357,0.0057,0.9345,0.0056,0.6385,0.0150,0.5108,0.0057,0.5675,0.0088,0.7516,0.0072
ddim,16,8,3,0.0112,0.0001,polar3,polar,10000,120000,0.9585,0.0026,0.9623,0.0027,0.9616,0.0027,0.7142,0.0026,0.6268,0.0031,0.6677,0.0021,0.8150,0.0010
ddim,16,8,3,0.0112,0.0001,knn,knn,15000,180000,0.5288,0.0041,0.5339,0.0042,0.5321,0.0040,0.1137,0.0092,0.0708,0.0033,0.0872,0.0052,0.3106,0.0045
ddim,16,8,3,0.0112,0.0001,altered_knn,altered_knn,15000,120000,0.7724,0.0163,0.7798,0.0176,0.7912,0.0025,0.0389,0.0066,0.1185,0.1044,0.0472,0.0063,0.4135,0.0057
ddim,16,8,3,0.0112,0.0001,quadratic,quadratic,15000,180000,0.9323,0.0056,0.9370,0.0057,0.9358,0.0056,0.6466,0.0159,0.5104,0.0064,0.5704,0.0091,0.7537,0.0073
ddim,16,8,3,0.0112,0.0001,polar3,polar,15000,180000,0.9601,0.0029,0.9638,0.0030,0.9630,0.0030,0.7356,0.0027,0.6271,0.0045,0.6771,0.0015,0.8205,0.0012
ddim,16,8,3,0.0112,0.0001,knn,knn,20000,240000,0.5348,0.0041,0.5401,0.0042,0.5382,0.0040,0.1312,0.0018,0.0732,0.0022,0.0939,0.0016,0.3170,0.0016
ddim,16,8,3,0.0112,0.0001,altered_knn,altered_knn,20000,160000,0.7747,0.0093,0.7821,0.0105,0.7923,0.0012,0.0376,0.0007,0.1248,0.0940,0.0521,0.0093,0.4171,0.0006
ddim,16,8,3,0.0112,0.0001,quadratic,quadratic,20000,240000,0.9348,0.0055,0.9397,0.0056,0.9381,0.0055,0.6848,0.0167,0.5042,0.0060,0.5807,0.0085,0.7602,0.0070
ddim,16,8,3,0.0112,0.0001,polar3,polar,20000,240000,0.9621,0.0029,0.9659,0.0029,0.9648,0.0029,0.7802,0.0057,0.6326,0.0036,0.6987,0.0043,0.8323,0.0026
ddim,16,16,3,0.0120,0.0002,knn,knn,2000,48000,0.3959,0.0022,0.3992,0.0022,0.4004,0.0017,0.0577,0.0039,0.1293,0.0028,0.0797,0.0036,0.2394,0.0029
ddim,16,16,3,0.0120,0.0002,altered_knn,altered_knn,2000,32000,0.7221,0.0064,0.7285,0.0073,0.7445,0.0025,0.0460,0.0054,0.1988,0.0656,0.0726,0.0034,0.4005,0.0052
ddim,16,16,3,0.0120,0.0002,quadratic,quadratic,2000,48000,0.9046,0.0044,0.9097,0.0044,0.9099,0.0045,0.4568,0.0014,0.4864,0.0043,0.4711,0.0017,0.6904,0.0027
ddim,16,16,3,0.0120,0.0002,polar3,polar,2000,48000,0.9302,0.0026,0.9349,0.0026,0.9338,0.0026,0.6623,0.0077,0.5425,0.0046,0.5965,0.0056,0.7657,0.0039
ddim,16,16,3,0.0120,0.0002,knn,knn,5000,120000,0.4172,0.0051,0.4207,0.0051,0.4218,0.0050,0.0663,0.0039,0.1284,0.0018,0.0873,0.0030,0.2540,0.0032
ddim,16,16,3,0.0120,0.0002,altered_knn,altered_knn,5000,80000,0.7159,0.0266,0.7221,0.0292,0.7443,0.0013,0.0395,0.0051,0.2047,0.1929,0.0539,0.0096,0.3880,0.0125
ddim,16,16,3,0.0120,0.0002,quadratic,quadratic,5000,120000,0.9123,0.0048,0.9174,0.0049,0.9174,0.0049,0.4737,0.0002,0.4930,0.0042,0.4831,0.0020,0.7002,0.0030
ddim,16,16,3,0.0120,0.0002,polar3,polar,5000,120000,0.9439,0.0024,0.9488,0.0024,0.9473,0.0024,0.7140,0.0092,0.5432,0.0060,0.6170,0.0054,0.7829,0.0035
ddim,16,16,3,0.0120,0.0002,knn,knn,10000,240000,0.4331,0.0044,0.4368,0.0046,0.4375,0.0045,0.0752,0.0043,0.1247,0.0040,0.0938,0.0041,0.2653,0.0021
ddim,16,16,3,0.0120,0.0002,altered_knn,altered_knn,10000,160000,0.7367,0.0030,0.7444,0.0031,0.7500,0.0027,0.0471,0.0019,0.1082,0.0144,0.0655,0.0044,0.4049,0.0020
ddim,16,16,3,0.0120,0.0002,quadratic,quadratic,10000,240000,0.9182,0.0049,0.9235,0.0049,0.9229,0.0050,0.5264,0.0013,0.4861,0.0038,0.5054,0.0018,0.7144,0.0027
ddim,16,16,3,0.0120,0.0002,polar3,polar,10000,240000,0.9502,0.0019,0.9552,0.0019,0.9536,0.0019,0.7413,0.0058,0.5452,0.0068,0.6283,0.0060,0.7917,0.0038
ddim,16,16,3,0.0120,0.0002,knn,knn,15000,360000,0.4427,0.0049,0.4466,0.0049,0.4472,0.0049,0.0797,0.0017,0.1245,0.0033,0.0972,0.0016,0.2719,0.0033
ddim,16,16,3,0.0120,0.0002,altered_knn,altered_knn,15000,240000,0.7333,0.0057,0.7406,0.0065,0.7516,0.0030,0.0406,0.0029,0.1346,0.0693,0.0568,0.0104,0.3987,0.0023
ddim,16,16,3,0.0120,0.0002,quadratic,quadratic,15000,360000,0.9278,0.0050,0.9334,0.0051,0.9319,0.0051,0.6237,0.0053,0.4680,0.0043,0.5347,0.0038,0.7341,0.0028
ddim,16,16,3,0.0120,0.0002,polar3,polar,15000,360000,0.9538,0.0016,0.9587,0.0015,0.9570,0.0016,0.7567,0.0020,0.5560,0.0079,0.6410,0.0060,0.7998,0.0036
ddim,16,16,3,0.0120,0.0002,knn,knn,20000,480000,0.4485,0.0040,0.4524,0.0041,0.4531,0.0040,0.0807,0.0009,0.1238,0.0022,0.0977,0.0013,0.2751,0.0023
ddim,16,16,3,0.0120,0.0002,altered_knn,altered_knn,20000,320000,0.7196,0.0285,0.7254,0.0307,0.7501,0.0066,0.0437,0.0082,0.2378,0.1530,0.0678,0.0052,0.3966,0.0179
ddim,16,16,3,0.0120,0.0002,quadratic,quadratic,20000,480000,0.9335,0.0051,0.9392,0.0051,0.9373,0.0052,0.6755,0.0054,0.4627,0.0039,0.5492,0.0035,0.7442,0.0033
ddim,16,16,3,0.0120,0.0002,polar3,polar,20000,480000,0.9551,0.0012,0.9599,0.0011,0.9583,0.0012,0.7605,0.0005,0.5608,0.0073,0.6455,0.0047,0.8027,0.0029
ddim,32,2,3,0.0100,0.0004,knn,knn,2000,6000,0.7433,0.0042,0.7507,0.0045,0.7465,0.0044,0.0907,0.0225,0.0047,0.0007,0.0089,0.0014,0.3798,0.0028
ddim,32,2,3,0.0100,0.0004,altered_knn,altered_knn,2000,4000,0.7258,0.1339,0.7297,0.1374,0.8091,0.0823,0.0176,0.0032,0.3476,0.2110,0.0327,0.0051,0.3812,0.0710
ddim,32,2,3,0.0100,0.0004,quadratic,quadratic,2000,6000,0.9572,0.0007,0.9632,0.0009,0.9618,0.0008,0.5106,0.0286,0.3606,0.0119,0.4220,0.0080,0.6926,0.0045
ddim,32,2,3,0.0100,0.0004,polar3,polar,2000,6000,0.9665,0.0008,0.9700,0.0005,0.9689,0.0007,0.8063,0.0211,0.6158,0.0252,0.6975,0.0089,0.8338,0.0046
ddim,32,2,3,0.0100,0.0004,knn,knn,5000,15000,0.7545,0.0046,0.7621,0.0048,0.7578,0.0048,0.1208,0.0580,0.0044,0.0020,0.0084,0.0038,0.3853,0.0037
ddim,32,2,3,0.0100,0.0004,altered_knn,altered_knn,5000,10000,0.7156,0.1060,0.7190,0.1091,0.8147,0.0631,0.0166,0.0023,0.3983,0.1833,0.0311,0.0030,0.3750,0.0560
ddim,32,2,3,0.0100,0.0004,quadratic,quadratic,5000,15000,0.9721,0.0001,0.9784,0.0003,0.9759,0.0001,0.6938,0.0153,0.3412,0.0107,0.4572,0.0069,0.7178,0.0034
ddim,32,2,3,0.0100,0.0004,polar3,polar,5000,15000,0.9847,0.0003,0.9871,0.0004,0.9864,0.0003,0.8640,0.0180,0.7457,0.0250,0.8001,0.0151,0.8936,0.0074
ddim,32,2,3,0.0100,0.0004,knn,knn,10000,30000,0.7596,0.0026,0.7672,0.0026,0.7626,0.0026,0.1571,0.0318,0.0044,0.0006,0.0085,0.0012,0.3878,0.0012
ddim,32,2,3,0.0100,0.0004,altered_knn,altered_knn,10000,20000,0.8569,0.0186,0.8642,0.0199,0.8913,0.0051,0.0176,0.0035,0.1388,0.0799,0.0300,0.0088,0.4471,0.0055
ddim,32,2,3,0.0100,0.0004,quadratic,quadratic,10000,30000,0.9789,0.0004,0.9854,0.0002,0.9827,0.0003,0.7525,0.0255,0.3412,0.0090,0.4694,0.0123,0.7274,0.0061
ddim,32,2,3,0.0100,0.0004,polar3,polar,10000,30000,0.9911,0.0002,0.9929,0.0005,0.9927,0.0003,0.8503,0.0192,0.8160,0.0273,0.8326,0.0197,0.9127,0.0097
ddim,32,2,3,0.0100,0.0004,knn,knn,15000,45000,0.7642,0.0014,0.7719,0.0015,0.7672,0.0015,0.1433,0.0492,0.0043,0.0019,0.0083,0.0036,0.3901,0.0024
ddim,32,2,3,0.0100,0.0004,altered_knn,altered_knn,15000,30000,0.8539,0.0014,0.8610,0.0017,0.8919,0.0010,0.0191,0.0007,0.1507,0.0087,0.0339,0.0012,0.4474,0.0008
ddim,32,2,3,0.0100,0.0004,quadratic,quadratic,15000,45000,0.9814,0.0005,0.9878,0.0002,0.9850,0.0003,0.7818,0.0294,0.3476,0.0173,0.4810,0.0204,0.7344,0.0102
ddim,32,2,3,0.0100,0.0004,polar3,polar,15000,45000,0.9920,0.0003,0.9937,0.0006,0.9936,0.0005,0.8432,0.0199,0.8274,0.0279,0.8350,0.0206,0.9144,0.0101
ddim,32,2,3,0.0100,0.0004,knn,knn,20000,60000,0.7670,0.0016,0.7747,0.0017,0.7702,0.0017,0.1535,0.0345,0.0037,0.0012,0.0071,0.0023,0.3909,0.0008
ddim,32,2,3,0.0100,0.0004,altered_knn,altered_knn,20000,40000,0.8008,0.0515,0.8057,0.0531,0.8693,0.0246,0.0195,0.0000,0.3016,0.1237,0.0363,0.0010,0.4210,0.0261
ddim,32,2,3,0.0100,0.0004,quadratic,quadratic,20000,60000,0.9828,0.0004,0.9892,0.0001,0.9864,0.0001,0.8003,0.0207,0.3480,0.0097,0.4850,0.0124,0.7371,0.0062
ddim,32,2,3,0.0100,0.0004,polar3,polar,20000,60000,0.9924,0.0006,0.9940,0.0007,0.9939,0.0006,0.8422,0.0228,0.8347,0.0259,0.8382,0.0209,0.9161,0.0105
ddim,32,4,3,0.0102,0.0004,knn,knn,2000,12000,0.5637,0.0021,0.5693,0.0022,0.5659,0.0022,0.0631,0.0066,0.0144,0.0017,0.0235,0.0027,0.2964,0.0008
ddim,32,4,3,0.0102,0.0004,altered_knn,altered_knn,2000,8000,0.6698,0.1392,0.6731,0.1434,0.7441,0.0777,0.0217,0.0056,0.3563,0.2886,0.0305,0.0105,0.3518,0.0719
ddim,32,4,3,0.0102,0.0004,quadratic,quadratic,2000,12000,0.9268,0.0015,0.9322,0.0014,0.9309,0.0015,0.5439,0.0029,0.4032,0.0114,0.4631,0.0085,0.6976,0.0047
ddim,32,4,3,0.0102,0.0004,polar3,polar,2000,12000,0.9332,0.0024,0.9362,0.0027,0.9351,0.0026,0.8270,0.0225,0.6471,0.0148,0.7261,0.0178,0.8311,0.0080
ddim,32,4,3,0.0102,0.0004,knn,knn,5000,30000,0.5800,0.0013,0.5858,0.0012,0.5826,0.0014,0.0704,0.0090,0.0114,0.0015,0.0195,0.0025,0.3027,0.0015
ddim,32,4,3,0.0102,0.0004,altered_knn,altered_knn,5000,20000,0.8125,0.0011,0.8201,0.0010,0.8240,0.0008,0.0361,0.0008,0.0696,0.0015,0.0475,0.0010,0.4338,0.0004
ddim,32,4,3,0.0102,0.0004,quadratic,quadratic,5000,30000,0.9513,0.0006,0.9568,0.0007,0.9549,0.0006,0.6852,0.0033,0.4134,0.0053,0.5157,0.0050,0.7363,0.0028
ddim,32,4,3,0.0102,0.0004,polar3,polar,5000,30000,0.9645,0.0010,0.9669,0.0011,0.9661,0.0011,0.8688,0.0169,0.7322,0.0103,0.7947,0.0129,0.8808,0.0060
ddim,32,4,3,0.0102,0.0004,knn,knn,10000,60000,0.5886,0.0033,0.5945,0.0031,0.5909,0.0032,0.0820,0.0181,0.0122,0.0029,0.0213,0.0051,0.3079,0.0039
ddim,32,4,3,0.0102,0.0004,altered_knn,altered_knn,10000,40000,0.8013,0.0202,0.8080,0.0216,0.8266,0.0037,0.0319,0.0058,0.1516,0.0991,0.0465,0.0031,0.4272,0.0110
ddim,32,4,3,0.0102,0.0004,quadratic,quadratic,10000,60000,0.9623,0.0011,0.9679,0.0011,0.9658,0.0011,0.7284,0.0183,0.4217,0.0082,0.5341,0.0111,0.7510,0.0057
ddim,32,4,3,0.0102,0.0004,polar3,polar,10000,60000,0.9753,0.0019,0.9775,0.0021,0.9769,0.0021,0.8662,0.0151,0.7598,0.0102,0.8095,0.0124,0.8935,0.0052
ddim,32,4,3,0.0102,0.0004,knn,knn,15000,90000,0.5953,0.0041,0.6013,0.0040,0.5976,0.0040,0.0949,0.0047,0.0128,0.0008,0.0226,0.0014,0.3119,0.0026
ddim,32,4,3,0.0102,0.0004,altered_knn,altered_knn,15000,60000,0.8080,0.0242,0.8150,0.0259,0.8291,0.0047,0.0368,0.0123,0.1205,0.1261,0.0392,0.0063,0.4271,0.0103
ddim,32,4,3,0.0102,0.0004,quadratic,quadratic,15000,90000,0.9663,0.0013,0.9719,0.0013,0.9698,0.0013,0.7357,0.0172,0.4218,0.0065,0.5362,0.0098,0.7541,0.0050
ddim,32,4,3,0.0102,0.0004,polar3,polar,15000,90000,0.9777,0.0021,0.9799,0.0023,0.9793,0.0023,0.8684,0.0144,0.7653,0.0135,0.8136,0.0139,0.8968,0.0060
ddim,32,4,3,0.0102,0.0004,knn,knn,20000,120000,0.5994,0.0020,0.6055,0.0018,0.6018,0.0019,0.0853,0.0192,0.0095,0.0015,0.0171,0.0027,0.3113,0.0018
ddim,32,4,3,0.0102,0.0004,altered_knn,altered_knn,20000,80000,0.8186,0.0057,0.8261,0.0059,0.8339,0.0012,0.0302,0.0004,0.0848,0.0398,0.0422,0.0073,0.4342,0.0019
ddim,32,4,3,0.0102,0.0004,quadratic,quadratic,20000,120000,0.9683,0.0013,0.9739,0.0013,0.9717,0.0013,0.7505,0.0163,0.4195,0.0078,0.5382,0.0102,0.7561,0.0053
ddim,32,4,3,0.0102,0.0004,polar3,polar,20000,120000,0.9776,0.0017,0.9798,0.0019,0.9792,0.0018,0.8658,0.0094,0.7658,0.0141,0.8127,0.0120,0.8962,0.0054
ddim,32,8,3,0.0105,0.0001,knn,knn,2000,24000,0.4277,0.0030,0.4319,0.0030,0.4297,0.0030,0.0537,0.0037,0.0362,0.0010,0.0432,0.0014,0.2376,0.0010
ddim,32,8,3,0.0105,0.0001,altered_knn,altered_knn,2000,16000,0.7368,0.0033,0.7433,0.0035,0.7534,0.0026,0.0339,0.0012,0.1212,0.0147,0.0529,0.0023,0.3981,0.0021
ddim,32,8,3,0.0105,0.0001,quadratic,quadratic,2000,24000,0.8946,0.0025,0.8995,0.0026,0.8991,0.0027,0.4608,0.0075,0.4377,0.0034,0.4490,0.0046,0.6742,0.0019
ddim,32,8,3,0.0105,0.0001,polar3,polar,2000,24000,0.9204,0.0055,0.9237,0.0056,0.9224,0.0056,0.8195,0.0138,0.6112,0.0063,0.7002,0.0090,0.8119,0.0043
ddim,32,8,3,0.0105,0.0001,knn,knn,5000,60000,0.4431,0.0033,0.4474,0.0034,0.4452,0.0035,0.0608,0.0015,0.0346,0.0006,0.0440,0.0008,0.2457,0.0018
ddim,32,8,3,0.0105,0.0001,altered_knn,altered_knn,5000,40000,0.7189,0.0599,0.7240,0.0631,0.7583,0.0170,0.0418,0.0141,0.2444,0.2396,0.0548,0.0085,0.3894,0.0358
ddim,32,8,3,0.0105,0.0001,quadratic,quadratic,5000,60000,0.9253,0.0036,0.9303,0.0036,0.9294,0.0036,0.5520,0.0027,0.4548,0.0084,0.4987,0.0055,0.7145,0.0039
ddim,32,8,3,0.0105,0.0001,polar3,polar,5000,60000,0.9511,0.0069,0.9543,0.0070,0.9531,0.0069,0.8627,0.0118,0.6482,0.0009,0.7402,0.0046,0.8473,0.0049
ddim,32,8,3,0.0105,0.0001,knn,knn,10000,120000,0.4565,0.0007,0.4611,0.0008,0.4589,0.0009,0.0591,0.0026,0.0272,0.0022,0.0372,0.0025,0.2492,0.0012
ddim,32,8,3,0.0105,0.0001,altered_knn,altered_knn,10000,80000,0.7687,0.0012,0.7760,0.0012,0.7786,0.0019,0.0474,0.0016,0.0789,0.0076,0.0590,0.0013,0.4175,0.0009
ddim,32,8,3,0.0105,0.0001,quadratic,quadratic,10000,120000,0.9370,0.0043,0.9421,0.0044,0.9410,0.0044,0.5878,0.0055,0.4585,0.0058,0.5151,0.0050,0.7286,0.0047
ddim,32,8,3,0.0105,0.0001,polar3,polar,10000,120000,0.9600,0.0081,0.9632,0.0081,0.9620,0.0081,0.8695,0.0067,0.6594,0.0049,0.7500,0.0047,0.8566,0.0058
ddim,32,8,3,0.0105,0.0001,knn,knn,15000,180000,0.4612,0.0014,0.4658,0.0015,0.4634,0.0016,0.0680,0.0079,0.0295,0.0032,0.0411,0.0045,0.2534,0.0025
ddim,32,8,3,0.0105,0.0001,altered_knn,altered_knn,15000,120000,0.7653,0.0065,0.7721,0.0073,0.7807,0.0017,0.0421,0.0035,0.1229,0.0679,0.0583,0.0049,0.4152,0.0025
ddim,32,8,3,0.0105,0.0001,quadratic,quadratic,15000,180000,0.9411,0.0048,0.9462,0.0049,0.9449,0.0049,0.6053,0.0078,0.4618,0.0045,0.5238,0.0051,0.7350,0.0048
ddim,32,8,3,0.0105,0.0001,polar3,polar,15000,180000,0.9607,0.0096,0.9639,0.0097,0.9627,0.0097,0.8720,0.0082,0.6617,0.0043,0.7524,0.0051,0.8582,0.0063
ddim,32,8,3,0.0105,0.0001,knn,knn,20000,240000,0.4639,0.0034,0.4686,0.0035,0.4660,0.0037,0.0638,0.0066,0.0265,0.0022,0.0374,0.0032,0.2530,0.0032
ddim,32,8,3,0.0105,0.0001,altered_knn,altered_knn,20000,160000,0.7573,0.0007,0.7633,0.0008,0.7807,0.0022,0.0375,0.0005,0.1958,0.0172,0.0629,0.0002,0.4131,0.0003
ddim,32,8,3,0.0105,0.0001,quadratic,quadratic,20000,240000,0.9455,0.0046,0.9508,0.0047,0.9491,0.0046,0.6657,0.0036,0.4540,0.0076,0.5398,0.0066,0.7453,0.0056
ddim,32,8,3,0.0105,0.0001,polar3,polar,20000,240000,0.9615,0.0083,0.9647,0.0084,0.9635,0.0083,0.8721,0.0093,0.6663,0.0049,0.7554,0.0064,0.8601,0.0063
ddim,32,16,3,0.0114,0.0005,knn,knn,2000,48000,0.3238,0.0034,0.3268,0.0036,0.3251,0.0034,0.0443,0.0013,0.0611,0.0019,0.0513,0.0013,0.1891,0.0018
ddim,32,16,3,0.0114,0.0005,altered_knn,altered_knn,2000,32000,0.7003,0.0057,0.7072,0.0065,0.7120,0.0023,0.0500,0.0056,0.1090,0.0389,0.0655,0.0025,0.3863,0.0028
ddim,32,16,3,0.0114,0.0005,quadratic,quadratic,2000,48000,0.8718,0.0015,0.8766,0.0018,0.8777,0.0015,0.3649,0.0165,0.4531,0.0094,0.4040,0.0116,0.6403,0.0063
ddim,32,16,3,0.0114,0.0005,polar3,polar,2000,48000,0.9131,0.0015,0.9172,0.0018,0.9154,0.0016,0.8202,0.0201,0.5583,0.0120,0.6641,0.0084,0.7906,0.0039
ddim,32,16,3,0.0114,0.0005,knn,knn,5000,120000,0.3390,0.0032,0.3422,0.0033,0.3404,0.0032,0.0480,0.0033,0.0567,0.0028,0.0520,0.0030,0.1971,0.0031
ddim,32,16,3,0.0114,0.0005,altered_knn,altered_knn,5000,80000,0.7128,0.0045,0.7190,0.0051,0.7296,0.0031,0.0516,0.0042,0.1731,0.0732,0.0754,0.0052,0.3972,0.0015
ddim,32,16,3,0.0114,0.0005,quadratic,quadratic,5000,120000,0.9045,0.0026,0.9095,0.0029,0.9099,0.0026,0.4264,0.0171,0.4746,0.0085,0.4490,0.0104,0.6793,0.0059
ddim,32,16,3,0.0114,0.0005,polar3,polar,5000,120000,0.9375,0.0034,0.9419,0.0038,0.9400,0.0036,0.8445,0.0217,0.5614,0.0112,0.6742,0.0089,0.8080,0.0040
ddim,32,16,3,0.0114,0.0005,knn,knn,10000,240000,0.3510,0.0026,0.3545,0.0028,0.3527,0.0026,0.0538,0.0020,0.0528,0.0018,0.0533,0.0017,0.2039,0.0020
ddim,32,16,3,0.0114,0.0005,altered_knn,altered_knn,10000,160000,0.7224,0.0004,0.7294,0.0005,0.7343,0.0025,0.0521,0.0010,0.1135,0.0321,0.0699,0.0070,0.3996,0.0034
ddim,32,16,3,0.0114,0.0005,quadratic,quadratic,10000,240000,0.9210,0.0036,0.9262,0.0039,0.9257,0.0037,0.5097,0.0205,0.4692,0.0125,0.4884,0.0133,0.7073,0.0070
ddim,32,16,3,0.0114,0.0005,polar3,polar,10000,240000,0.9467,0.0031,0.9511,0.0035,0.9492,0.0032,0.8520,0.0212,0.5657,0.0124,0.6797,0.0091,0.8154,0.0042
ddim,32,16,3,0.0114,0.0005,knn,knn,15000,360000,0.3563,0.0031,0.3598,0.0033,0.3579,0.0029,0.0560,0.0013,0.0530,0.0028,0.0544,0.0014,0.2071,0.0012
ddim,32,16,3,0.0114,0.0005,altered_knn,altered_knn,15000,240000,0.7218,0.0035,0.7286,0.0041,0.7360,0.0029,0.0508,0.0036,0.1330,0.0745,0.0638,0.0179,0.3962,0.0071
ddim,32,16,3,0.0114,0.0005,quadratic,quadratic,15000,360000,0.9339,0.0036,0.9394,0.0040,0.9376,0.0038,0.6612,0.0243,0.4483,0.0131,0.5341,0.0131,0.7368,0.0063
ddim,32,16,3,0.0114,0.0005,polar3,polar,15000,360000,0.9497,0.0022,0.9540,0.0025,0.9521,0.0023,0.8604,0.0213,0.5769,0.0116,0.6904,0.0086,0.8222,0.0043
ddim,32,16,3,0.0114,0.0005,knn,knn,20000,480000,0.3607,0.0036,0.3642,0.0038,0.3624,0.0035,0.0576,0.0017,0.0512,0.0025,0.0542,0.0018,0.2092,0.0014
ddim,32,16,3,0.0114,0.0005,altered_knn,altered_knn,20000,320000,0.7143,0.0100,0.7204,0.0112,0.7359,0.0025,0.0427,0.0036,0.1866,0.1031,0.0653,0.0042,0.3928,0.0051
ddim,32,16,3,0.0114,0.0005,quadratic,quadratic,20000,480000,0.9414,0.0033,0.9471,0.0036,0.9448,0.0034,0.7378,0.0224,0.4453,0.0107,0.5552,0.0107,0.7511,0.0051
ddim,32,16,3,0.0114,0.0005,polar3,polar,20000,480000,0.9519,0.0032,0.9560,0.0035,0.9544,0.0033,0.8210,0.0276,0.5939,0.0112,0.6889,0.0086,0.8224,0.0041
ddim,64,2,3,0.0100,0.0002,knn,knn,2000,6000,0.7015,0.0042,0.7086,0.0044,0.7041,0.0046,0.0425,0.0028,0.0033,0.0005,0.0062,0.0010,0.3574,0.0021
ddim,64,2,3,0.0100,0.0002,altered_knn,altered_knn,2000,4000,0.7758,0.0066,0.7815,0.0068,0.8319,0.0036,0.0160,0.0011,0.2078,0.0229,0.0298,0.0021,0.4057,0.0028
ddim,64,2,3,0.0100,0.0002,quadratic,quadratic,2000,6000,0.6493,0.0061,0.6522,0.0062,0.7288,0.0069,0.0164,0.0003,0.3574,0.0018,0.0314,0.0006,0.3418,0.0030
ddim,64,2,3,0.0100,0.0002,polar3,polar,2000,6000,0.9466,0.0029,0.9510,0.0031,0.9497,0.0029,0.7017,0.0182,0.5156,0.0125,0.5941,0.0044,0.7726,0.0031
ddim,64,2,3,0.0100,0.0002,knn,knn,5000,15000,0.7133,0.0013,0.7205,0.0015,0.7161,0.0015,0.0785,0.0131,0.0043,0.0009,0.0082,0.0016,0.3643,0.0015
ddim,64,2,3,0.0100,0.0002,altered_knn,altered_knn,5000,10000,0.7843,0.0014,0.7898,0.0015,0.8430,0.0009,0.0178,0.0009,0.2390,0.0048,0.0331,0.0015,0.4114,0.0015
ddim,64,2,3,0.0100,0.0002,quadratic,quadratic,5000,15000,0.9299,0.0006,0.9359,0.0007,0.9392,0.0009,0.2052,0.0146,0.3472,0.0160,0.2579,0.0159,0.5969,0.0080
ddim,64,2,3,0.0100,0.0002,polar3,polar,5000,15000,0.9720,0.0011,0.9751,0.0013,0.9740,0.0011,0.8645,0.0066,0.6684,0.0210,0.7536,0.0113,0.8644,0.0052
ddim,64,2,3,0.0100,0.0002,knn,knn,10000,30000,0.7198,0.0018,0.7271,0.0018,0.7224,0.0020,0.0422,0.0325,0.0016,0.0012,0.0032,0.0024,0.3651,0.0009
ddim,64,2,3,0.0100,0.0002,altered_knn,altered_knn,10000,20000,0.6146,0.1291,0.6159,0.1322,0.7390,0.0818,0.0148,0.0030,0.4848,0.1737,0.0284,0.0049,0.3222,0.0685
ddim,64,2,3,0.0100,0.0002,quadratic,quadratic,10000,30000,0.9562,0.0007,0.9625,0.0008,0.9617,0.0008,0.4060,0.0096,0.3352,0.0134,0.3670,0.0095,0.6648,0.0051
ddim,64,2,3,0.0100,0.0002,polar3,polar,10000,30000,0.9838,0.0002,0.9858,0.0001,0.9853,0.0001,0.8700,0.0052,0.7845,0.0186,0.8249,0.0097,0.9054,0.0048
ddim,64,2,3,0.0100,0.0002,knn,knn,15000,45000,0.7255,0.0013,0.7328,0.0014,0.7281,0.0015,0.0285,0.0026,0.0010,0.0000,0.0019,0.0000,0.3674,0.0007
ddim,64,2,3,0.0100,0.0002,altered_knn,altered_knn,15000,30000,0.7129,0.1234,0.7164,0.1265,0.8036,0.0772,0.0163,0.0024,0.3604,0.1849,0.0308,0.0039,0.3736,0.0647
ddim,64,2,3,0.0100,0.0002,quadratic,quadratic,15000,45000,0.9640,0.0001,0.9704,0.0002,0.9689,0.0001,0.4878,0.0133,0.3317,0.0044,0.3948,0.0045,0.6826,0.0023
ddim,64,2,3,0.0100,0.0002,polar3,polar,15000,45000,0.9883,0.0002,0.9899,0.0001,0.9897,0.0002,0.8575,0.0022,0.8332,0.0139,0.8451,0.0074,0.9175,0.0037
ddim,64,2,3,0.0100,0.0002,knn,knn,20000,60000,0.7276,0.0005,0.7350,0.0004,0.7303,0.0005,0.0101,0.0143,0.0003,0.0005,0.0006,0.0009,0.3678,0.0003
ddim,64,2,3,0.0100,0.0002,altered_knn,altered_knn,20000,40000,0.8031,0.0017,0.8087,0.0017,0.8607,0.0012,0.0190,0.0013,0.2452,0.0095,0.0353,0.0024,0.4220,0.0020
ddim,64,2,3,0.0100,0.0002,quadratic,quadratic,20000,60000,0.9695,0.0003,0.9759,0.0003,0.9739,0.0003,0.5632,0.0113,0.3382,0.0067,0.4225,0.0041,0.6992,0.0019
ddim,64,2,3,0.0100,0.0002,polar3,polar,20000,60000,0.9896,0.0006,0.9911,0.0007,0.9911,0.0007,0.8474,0.0072,0.8478,0.0128,0.8475,0.0070,0.9193,0.0031
ddim,64,4,3,0.0101,0.0004,knn,knn,2000,12000,0.5051,0.0023,0.5101,0.0021,0.5069,0.0020,0.0303,0.0021,0.0099,0.0007,0.0149,0.0011,0.2625,0.0015
ddim,64,4,3,0.0101,0.0004,altered_knn,altered_knn,2000,8000,0.7385,0.0139,0.7455,0.0149,0.7524,0.0017,0.0252,0.0050,0.0582,0.0693,0.0205,0.0095,0.3830,0.0029
ddim,64,4,3,0.0101,0.0004,quadratic,quadratic,2000,12000,0.7339,0.0021,0.7379,0.0022,0.7619,0.0015,0.0474,0.0039,0.3385,0.0102,0.0831,0.0063,0.4105,0.0041
ddim,64,4,3,0.0101,0.0004,polar3,polar,2000,12000,0.9149,0.0074,0.9184,0.0072,0.9169,0.0073,0.8376,0.0100,0.5730,0.0225,0.6801,0.0144,0.7993,0.0094
ddim,64,4,3,0.0101,0.0004,knn,knn,5000,30000,0.5204,0.0019,0.5257,0.0020,0.5223,0.0019,0.0354,0.0023,0.0088,0.0008,0.0140,0.0011,0.2698,0.0014
ddim,64,4,3,0.0101,0.0004,altered_knn,altered_knn,5000,20000,0.7555,0.0054,0.7624,0.0059,0.7751,0.0011,0.0214,0.0034,0.0864,0.0193,0.0336,0.0034,0.3980,0.0045
ddim,64,4,3,0.0101,0.0004,quadratic,quadratic,5000,30000,0.8960,0.0014,0.9013,0.0015,0.9027,0.0014,0.2850,0.0053,0.3724,0.0017,0.3228,0.0030,0.6121,0.0021
ddim,64,4,3,0.0101,0.0004,polar3,polar,5000,30000,0.9521,0.0026,0.9548,0.0024,0.9538,0.0025,0.8541,0.0028,0.6908,0.0268,0.7635,0.0152,0.8592,0.0084
ddim,64,4,3,0.0101,0.0004,knn,knn,10000,60000,0.5300,0.0015,0.5354,0.0013,0.5318,0.0011,0.0416,0.0090,0.0087,0.0020,0.0144,0.0033,0.2749,0.0011
ddim,64,4,3,0.0101,0.0004,altered_knn,altered_knn,10000,40000,0.6764,0.1056,0.6802,0.1091,0.7473,0.0498,0.0203,0.0059,0.3003,0.2441,0.0250,0.0092,0.3526,0.0525
ddim,64,4,3,0.0101,0.0004,quadratic,quadratic,10000,60000,0.9298,0.0013,0.9354,0.0015,0.9349,0.0013,0.4204,0.0067,0.3761,0.0092,0.3969,0.0029,0.6662,0.0012
ddim,64,4,3,0.0101,0.0004,polar3,polar,10000,60000,0.9669,0.0010,0.9690,0.0008,0.9685,0.0009,0.8414,0.0034,0.7618,0.0292,0.7994,0.0174,0.8842,0.0088
ddim,64,4,3,0.0101,0.0004,knn,knn,15000,90000,0.5370,0.0028,0.5424,0.0026,0.5386,0.0024,0.0420,0.0030,0.0074,0.0006,0.0126,0.0010,0.2775,0.0017
ddim,64,4,3,0.0101,0.0004,altered_knn,altered_knn,15000,60000,0.7388,0.0517,0.7443,0.0534,0.7839,0.0158,0.0208,0.0039,0.1923,0.1389,0.0344,0.0022,0.3893,0.0278
ddim,64,4,3,0.0101,0.0004,quadratic,quadratic,15000,90000,0.9416,0.0013,0.9474,0.0014,0.9464,0.0012,0.4645,0.0156,0.3750,0.0097,0.4148,0.0090,0.6811,0.0048
ddim,64,4,3,0.0101,0.0004,polar3,polar,15000,90000,0.9698,0.0004,0.9719,0.0008,0.9715,0.0007,0.8313,0.0047,0.7731,0.0325,0.8008,0.0171,0.8863,0.0081
ddim,64,4,3,0.0101,0.0004,knn,knn,20000,120000,0.5402,0.0015,0.5457,0.0014,0.5421,0.0012,0.0354,0.0020,0.0059,0.0002,0.0102,0.0004,0.2779,0.0008
ddim,64,4,3,0.0101,0.0004,altered_knn,altered_knn,20000,80000,0.7187,0.0794,0.7235,0.0822,0.7760,0.0319,0.0188,0.0042,0.2383,0.2048,0.0313,0.0030,0.3774,0.0411
ddim,64,4,3,0.0101,0.0004,quadratic,quadratic,20000,120000,0.9480,0.0008,0.9538,0.0010,0.9526,0.0009,0.4954,0.0062,0.3749,0.0092,0.4267,0.0070,0.6903,0.0034
ddim,64,4,3,0.0101,0.0004,polar3,polar,20000,120000,0.9734,0.0041,0.9754,0.0043,0.9751,0.0042,0.8270,0.0046,0.7771,0.0284,0.8009,0.0132,0.8882,0.0052
ddim,64,8,3,0.0110,0.0003,knn,knn,2000,24000,0.3621,0.0029,0.3659,0.0028,0.3636,0.0022,0.0275,0.0025,0.0219,0.0012,0.0243,0.0017,0.1951,0.0023
ddim,64,8,3,0.0110,0.0003,altered_knn,altered_knn,2000,16000,0.6656,0.0166,0.6721,0.0176,0.6841,0.0015,0.0252,0.0053,0.0861,0.0734,0.0310,0.0067,0.3515,0.0085
ddim,64,8,3,0.0110,0.0003,quadratic,quadratic,2000,24000,0.7228,0.0022,0.7273,0.0021,0.7395,0.0022,0.0804,0.0006,0.3231,0.0039,0.1288,0.0005,0.4280,0.0010
ddim,64,8,3,0.0110,0.0003,polar3,polar,2000,24000,0.8972,0.0034,0.9008,0.0034,0.8994,0.0035,0.8158,0.0118,0.5719,0.0098,0.6724,0.0107,0.7866,0.0053
ddim,64,8,3,0.0110,0.0003,knn,knn,5000,60000,0.3768,0.0021,0.3807,0.0021,0.3783,0.0015,0.0293,0.0005,0.0198,0.0008,0.0236,0.0008,0.2022,0.0007
ddim,64,8,3,0.0110,0.0003,altered_knn,altered_knn,5000,40000,0.6858,0.0237,0.6920,0.0252,0.7109,0.0018,0.0285,0.0068,0.1275,0.1063,0.0388,0.0040,0.3654,0.0137
ddim,64,8,3,0.0110,0.0003,quadratic,quadratic,5000,60000,0.8584,0.0010,0.8637,0.0009,0.8654,0.0009,0.2758,0.0043,0.3773,0.0057,0.3187,0.0046,0.5912,0.0019
ddim,64,8,3,0.0110,0.0003,polar3,polar,5000,60000,0.9382,0.0038,0.9415,0.0039,0.9403,0.0038,0.8210,0.0143,0.6396,0.0167,0.7191,0.0160,0.8303,0.0076
ddim,64,8,3,0.0110,0.0003,knn,knn,10000,120000,0.3881,0.0018,0.3922,0.0017,0.3895,0.0012,0.0311,0.0027,0.0176,0.0020,0.0224,0.0023,0.2073,0.0020
ddim,64,8,3,0.0110,0.0003,altered_knn,altered_knn,10000,80000,0.7070,0.0219,0.7135,0.0235,0.7292,0.0016,0.0303,0.0056,0.1200,0.1182,0.0374,0.0039,0.3754,0.0103
ddim,64,8,3,0.0110,0.0003,quadratic,quadratic,10000,120000,0.8994,0.0013,0.9050,0.0012,0.9052,0.0013,0.3735,0.0080,0.3935,0.0068,0.3832,0.0067,0.6441,0.0029
ddim,64,8,3,0.0110,0.0003,polar3,polar,10000,120000,0.9509,0.0042,0.9543,0.0043,0.9532,0.0043,0.8169,0.0191,0.6539,0.0196,0.7263,0.0186,0.8403,0.0080
ddim,64,8,3,0.0110,0.0003,knn,knn,15000,180000,0.3940,0.0027,0.3982,0.0027,0.3956,0.0023,0.0341,0.0006,0.0180,0.0011,0.0235,0.0009,0.2109,0.0017
ddim,64,8,3,0.0110,0.0003,altered_knn,altered_knn,15000,120000,0.7063,0.0222,0.7122,0.0237,0.7364,0.0025,0.0288,0.0065,0.1728,0.1112,0.0445,0.0025,0.3784,0.0128
ddim,64,8,3,0.0110,0.0003,quadratic,quadratic,15000,180000,0.9146,0.0010,0.9204,0.0010,0.9201,0.0011,0.4139,0.0120,0.3988,0.0071,0.4062,0.0088,0.6633,0.0040
ddim,64,8,3,0.0110,0.0003,polar3,polar,15000,180000,0.9543,0.0039,0.9576,0.0040,0.9566,0.0040,0.8157,0.0199,0.6565,0.0200,0.7274,0.0195,0.8425,0.0084
ddim,64,8,3,0.0110,0.0003,knn,knn,20000,240000,0.3987,0.0016,0.4029,0.0015,0.4004,0.0011,0.0331,0.0023,0.0164,0.0011,0.0220,0.0015,0.2124,0.0005
ddim,64,8,3,0.0110,0.0003,altered_knn,altered_knn,20000,160000,0.7208,0.0194,0.7273,0.0208,0.7437,0.0011,0.0339,0.0065,0.1400,0.1105,0.0469,0.0019,0.3871,0.0108
ddim,64,8,3,0.0110,0.0003,quadratic,quadratic,20000,240000,0.9264,0.0010,0.9324,0.0009,0.9312,0.0010,0.4980,0.0086,0.3913,0.0042,0.4382,0.0056,0.6853,0.0024
ddim,64,8,3,0.0110,0.0003,polar3,polar,20000,240000,0.9562,0.0034,0.9595,0.0036,0.9585,0.0036,0.8135,0.0196,0.6569,0.0196,0.7268,0.0192,0.8432,0.0079
ddim,64,16,3,0.0118,0.0003,knn,knn,2000,48000,0.2623,0.0009,0.2650,0.0009,0.2628,0.0006,0.0273,0.0015,0.0392,0.0026,0.0322,0.0019,0.1486,0.0014
ddim,64,16,3,0.0118,0.0003,altered_knn,altered_knn,2000,32000,0.6177,0.0084,0.6235,0.0096,0.6390,0.0034,0.0278,0.0049,0.1270,0.0834,0.0342,0.0126,0.3289,0.0015
ddim,64,16,3,0.0118,0.0003,quadratic,quadratic,2000,48000,0.7048,0.0010,0.7091,0.0010,0.7203,0.0009,0.0952,0.0031,0.3434,0.0046,0.1491,0.0041,0.4291,0.0025
ddim,64,16,3,0.0118,0.0003,polar3,polar,2000,48000,0.8874,0.0019,0.8913,0.0020,0.8897,0.0019,0.8127,0.0110,0.5651,0.0044,0.6666,0.0032,0.7789,0.0012
ddim,64,16,3,0.0118,0.0003,knn,knn,5000,120000,0.2759,0.0005,0.2787,0.0004,0.2765,0.0003,0.0287,0.0001,0.0356,0.0001,0.0318,0.0000,0.1552,0.0002
ddim,64,16,3,0.0118,0.0003,altered_knn,altered_knn,5000,80000,0.6513,0.0038,0.6576,0.0040,0.6706,0.0008,0.0284,0.0007,0.1213,0.0241,0.0458,0.0025,0.3517,0.0010
ddim,64,16,3,0.0118,0.0003,quadratic,quadratic,5000,120000,0.8341,0.0008,0.8393,0.0008,0.8429,0.0008,0.2335,0.0065,0.4001,0.0045,0.2949,0.0064,0.5671,0.0035
ddim,64,16,3,0.0118,0.0003,polar3,polar,5000,120000,0.9256,0.0033,0.9298,0.0034,0.9281,0.0034,0.8312,0.0080,0.5818,0.0010,0.6845,0.0031,0.8071,0.0029
ddim,64,16,3,0.0118,0.0003,knn,knn,10000,240000,0.2851,0.0015,0.2881,0.0014,0.2858,0.0012,0.0300,0.0027,0.0332,0.0033,0.0315,0.0030,0.1598,0.0022
ddim,64,16,3,0.0118,0.0003,altered_knn,altered_knn,10000,160000,0.6723,0.0045,0.6789,0.0049,0.6901,0.0022,0.0340,0.0025,0.1231,0.0446,0.0510,0.0035,0.3649,0.0014
ddim,64,16,3,0.0118,0.0003,quadratic,quadratic,10000,240000,0.8837,0.0010,0.8894,0.0009,0.8901,0.0009,0.3585,0.0110,0.4111,0.0054,0.3830,0.0081,0.6362,0.0042
ddim,64,16,3,0.0118,0.0003,polar3,polar,10000,240000,0.9382,0.0034,0.9424,0.0035,0.9407,0.0035,0.8323,0.0089,0.5877,0.0010,0.6889,0.0032,0.8156,0.0031
ddim,64,16,3,0.0118,0.0003,knn,knn,15000,360000,0.2908,0.0017,0.2939,0.0017,0.2917,0.0016,0.0305,0.0021,0.0314,0.0021,0.0309,0.0021,0.1624,0.0011
ddim,64,16,3,0.0118,0.0003,altered_knn,altered_knn,15000,240000,0.6866,0.0041,0.6939,0.0044,0.6980,0.0017,0.0428,0.0081,0.0762,0.0414,0.0459,0.0134,0.3699,0.0051
ddim,64,16,3,0.0118,0.0003,quadratic,quadratic,15000,360000,0.9114,0.0010,0.9176,0.0009,0.9159,0.0009,0.5628,0.0104,0.3901,0.0029,0.4608,0.0050,0.6892,0.0027
ddim,64,16,3,0.0118,0.0003,polar3,polar,15000,360000,0.9446,0.0019,0.9489,0.0019,0.9472,0.0019,0.8292,0.0091,0.5899,0.0009,0.6894,0.0035,0.8191,0.0026
ddim,64,16,3,0.0118,0.0003,knn,knn,20000,480000,0.2948,0.0013,0.2979,0.0013,0.2956,0.0012,0.0323,0.0018,0.0318,0.0019,0.0321,0.0018,0.1650,0.0015
ddim,64,16,3,0.0118,0.0003,altered_knn,altered_knn,20000,320000,0.6945,0.0029,0.7022,0.0030,0.7038,0.0014,0.0416,0.0043,0.0577,0.0179,0.0468,0.0073,0.3745,0.0036
ddim,64,16,3,0.0118,0.0003,quadratic,quadratic,20000,480000,0.9254,0.0015,0.9319,0.0014,0.9294,0.0014,0.6806,0.0102,0.3824,0.0023,0.4897,0.0037,0.7108,0.0024
ddim,64,16,3,0.0118,0.0003,polar3,polar,20000,480000,0.9483,0.0025,0.9525,0.0025,0.9509,0.0025,0.8318,0.0099,0.5924,0.0012,0.6919,0.0041,0.8222,0.0032
ddim,128,2,3,0.0087,0.0002,knn,knn,2000,6000,0.6630,0.0038,0.6688,0.0037,0.6648,0.0038,0.0096,0.0136,0.0011,0.0016,0.0020,0.0028,0.3354,0.0019
ddim,128,2,3,0.0087,0.0002,altered_knn,altered_knn,2000,4000,0.7322,0.0016,0.7372,0.0015,0.7896,0.0012,0.0101,0.0005,0.1633,0.0067,0.0191,0.0009,0.3781,0.0003
ddim,128,2,3,0.0087,0.0002,quadratic,quadratic,2000,6000,0.4104,0.0025,0.4110,0.0024,0.4848,0.0025,0.0095,0.0008,0.3373,0.0169,0.0184,0.0015,0.2147,0.0019
ddim,128,2,3,0.0087,0.0002,polar3,polar,2000,6000,0.9415,0.0013,0.9454,0.0013,0.9454,0.0015,0.5021,0.0416,0.4963,0.0246,0.4989,0.0318,0.7221,0.0155
ddim,128,2,3,0.0087,0.0002,knn,knn,5000,15000,0.6737,0.0018,0.6796,0.0017,0.6756,0.0018,0.0298,0.0174,0.0027,0.0014,0.0049,0.0025,0.3422,0.0015
ddim,128,2,3,0.0087,0.0002,altered_knn,altered_knn,5000,10000,0.6108,0.1099,0.6126,0.1120,0.7248,0.0677,0.0110,0.0012,0.3923,0.1429,0.0212,0.0020,0.3169,0.0569
ddim,128,2,3,0.0087,0.0002,quadratic,quadratic,5000,15000,0.4692,0.0023,0.4703,0.0024,0.5590,0.0025,0.0093,0.0002,0.3463,0.0072,0.0181,0.0004,0.2442,0.0010
ddim,128,2,3,0.0087,0.0002,polar3,polar,5000,15000,0.9576,0.0036,0.9604,0.0036,0.9596,0.0036,0.7762,0.0087,0.6347,0.0044,0.6983,0.0018,0.8294,0.0009
ddim,128,2,3,0.0087,0.0002,knn,knn,10000,30000,0.6814,0.0007,0.6874,0.0007,0.6829,0.0007,0.0173,0.0133,0.0012,0.0009,0.0022,0.0017,0.3448,0.0005
ddim,128,2,3,0.0087,0.0002,altered_knn,altered_knn,10000,20000,0.5995,0.1199,0.6011,0.1226,0.7189,0.0728,0.0104,0.0002,0.4175,0.1890,0.0202,0.0001,0.3106,0.0613
ddim,128,2,3,0.0087,0.0002,quadratic,quadratic,10000,30000,0.7550,0.0015,0.7586,0.0016,0.8201,0.0013,0.0188,0.0009,0.3404,0.0072,0.0357,0.0017,0.3971,0.0016
ddim,128,2,3,0.0087,0.0002,polar3,polar,10000,30000,0.9699,0.0026,0.9717,0.0027,0.9713,0.0027,0.8389,0.0061,0.7637,0.0053,0.7995,0.0042,0.8856,0.0018
ddim,128,2,3,0.0087,0.0002,knn,knn,15000,45000,0.6840,0.0020,0.6900,0.0019,0.6856,0.0019,0.0060,0.0084,0.0004,0.0005,0.0007,0.0010,0.3453,0.0007
ddim,128,2,3,0.0087,0.0002,altered_knn,altered_knn,15000,30000,0.6398,0.1045,0.6421,0.1067,0.7502,0.0621,0.0116,0.0018,0.3839,0.1450,0.0223,0.0029,0.3322,0.0548
ddim,128,2,3,0.0087,0.0002,quadratic,quadratic,15000,45000,0.8742,0.0004,0.8787,0.0004,0.9031,0.0004,0.0502,0.0008,0.3589,0.0029,0.0880,0.0012,0.4833,0.0004
ddim,128,2,3,0.0087,0.0002,polar3,polar,15000,45000,0.9729,0.0013,0.9741,0.0013,0.9741,0.0013,0.8340,0.0053,0.8326,0.0065,0.8333,0.0051,0.9037,0.0028
ddim,128,2,3,0.0087,0.0002,knn,knn,20000,60000,0.6872,0.0012,0.6932,0.0011,0.6888,0.0011,0.0322,0.0199,0.0019,0.0010,0.0036,0.0020,0.3484,0.0012
ddim,128,2,3,0.0087,0.0002,altered_knn,altered_knn,20000,40000,0.7280,0.0729,0.7320,0.0748,0.8046,0.0372,0.0121,0.0002,0.2649,0.1380,0.0229,0.0002,0.3775,0.0373
ddim,128,2,3,0.0087,0.0002,quadratic,quadratic,20000,60000,0.9129,0.0012,0.9179,0.0013,0.9302,0.0009,0.0859,0.0047,0.3435,0.0010,0.1373,0.0061,0.5276,0.0036
ddim,128,2,3,0.0087,0.0002,polar3,polar,20000,60000,0.9778,0.0016,0.9787,0.0017,0.9791,0.0016,0.8119,0.0117,0.8771,0.0104,0.8432,0.0074,0.9109,0.0039
ddim,128,4,3,0.0078,0.0001,knn,knn,2000,12000,0.4492,0.0027,0.4527,0.0027,0.4499,0.0030,0.0129,0.0044,0.0073,0.0025,0.0093,0.0032,0.2310,0.0014
ddim,128,4,3,0.0078,0.0001,altered_knn,altered_knn,2000,8000,0.6151,0.0551,0.6184,0.0566,0.6681,0.0195,0.0104,0.0008,0.2016,0.1344,0.0193,0.0007,0.3188,0.0286
ddim,128,4,3,0.0078,0.0001,quadratic,quadratic,2000,12000,0.3105,0.0016,0.3101,0.0016,0.3734,0.0017,0.0083,0.0002,0.3651,0.0080,0.0162,0.0005,0.1631,0.0010
ddim,128,4,3,0.0078,0.0001,polar3,polar,2000,12000,0.9142,0.0019,0.9164,0.0018,0.9157,0.0017,0.7858,0.0098,0.6277,0.0133,0.6979,0.0120,0.8072,0.0069
ddim,128,4,3,0.0078,0.0001,knn,knn,5000,30000,0.4633,0.0008,0.4668,0.0008,0.4638,0.0008,0.0182,0.0041,0.0083,0.0018,0.0114,0.0025,0.2391,0.0016
ddim,128,4,3,0.0078,0.0001,altered_knn,altered_knn,5000,20000,0.6854,0.0095,0.6902,0.0097,0.7085,0.0029,0.0105,0.0006,0.0788,0.0202,0.0183,0.0005,0.3542,0.0051
ddim,128,4,3,0.0078,0.0001,quadratic,quadratic,5000,30000,0.4974,0.0015,0.4987,0.0016,0.5683,0.0015,0.0104,0.0003,0.3351,0.0090,0.0202,0.0005,0.2594,0.0008
ddim,128,4,3,0.0078,0.0001,polar3,polar,5000,30000,0.9431,0.0038,0.9440,0.0038,0.9440,0.0038,0.8085,0.0087,0.8260,0.0049,0.8171,0.0045,0.8806,0.0041
ddim,128,4,3,0.0078,0.0001,knn,knn,10000,60000,0.4728,0.0017,0.4765,0.0017,0.4735,0.0017,0.0140,0.0050,0.0051,0.0019,0.0075,0.0027,0.2420,0.0019
ddim,128,4,3,0.0078,0.0001,altered_knn,altered_knn,10000,40000,0.5779,0.1022,0.5798,0.1046,0.6675,0.0469,0.0101,0.0014,0.3300,0.2097,0.0181,0.0008,0.2990,0.0525
ddim,128,4,3,0.0078,0.0001,quadratic,quadratic,10000,60000,0.7782,0.0011,0.7815,0.0012,0.8060,0.0011,0.0413,0.0018,0.3614,0.0167,0.0741,0.0033,0.4278,0.0010
ddim,128,4,3,0.0078,0.0001,polar3,polar,10000,60000,0.9623,0.0040,0.9628,0.0041,0.9634,0.0040,0.7584,0.0024,0.9002,0.0088,0.8232,0.0033,0.8930,0.0006
ddim,128,4,3,0.0078,0.0001,knn,knn,15000,90000,0.4775,0.0020,0.4812,0.0021,0.4780,0.0021,0.0165,0.0021,0.0058,0.0005,0.0085,0.0008,0.2449,0.0014
ddim,128,4,3,0.0078,0.0001,altered_knn,altered_knn,15000,60000,0.6803,0.0175,0.6845,0.0180,0.7235,0.0051,0.0102,0.0004,0.1499,0.0428,0.0190,0.0005,0.3517,0.0092
ddim,128,4,3,0.0078,0.0001,quadratic,quadratic,15000,90000,0.8496,0.0015,0.8533,0.0015,0.8652,0.0016,0.0851,0.0014,0.3841,0.0076,0.1394,0.0024,0.4964,0.0015
ddim,128,4,3,0.0078,0.0001,polar3,polar,15000,90000,0.9691,0.0041,0.9695,0.0042,0.9705,0.0041,0.7223,0.0025,0.9209,0.0097,0.8095,0.0024,0.8895,0.0012
ddim,128,4,3,0.0078,0.0001,knn,knn,20000,120000,0.4811,0.0009,0.4849,0.0009,0.4817,0.0010,0.0213,0.0005,0.0068,0.0003,0.0103,0.0004,0.2476,0.0005
ddim,128,4,3,0.0078,0.0001,altered_knn,altered_knn,20000,80000,0.6728,0.0392,0.6767,0.0401,0.7257,0.0127,0.0105,0.0009,0.1847,0.0852,0.0196,0.0011,0.3481,0.0205
ddim,128,4,3,0.0078,0.0001,quadratic,quadratic,20000,120000,0.8808,0.0009,0.8848,0.0010,0.8926,0.0010,0.1159,0.0025,0.3731,0.0082,0.1768,0.0038,0.5308,0.0017
ddim,128,4,3,0.0078,0.0001,polar3,polar,20000,120000,0.9707,0.0027,0.9710,0.0028,0.9722,0.0027,0.7065,0.0029,0.9262,0.0118,0.8015,0.0034,0.8863,0.0014
ddim,128,8,3,0.0077,0.0001,knn,knn,2000,24000,0.3055,0.0003,0.3077,0.0003,0.3055,0.0008,0.0137,0.0028,0.0203,0.0045,0.0163,0.0034,0.1620,0.0018
ddim,128,8,3,0.0077,0.0001,altered_knn,altered_knn,2000,16000,0.5863,0.0032,0.5905,0.0035,0.5965,0.0023,0.0111,0.0003,0.0435,0.0278,0.0148,0.0060,0.3027,0.0014
ddim,128,8,3,0.0077,0.0001,quadratic,quadratic,2000,24000,0.3270,0.0015,0.3266,0.0015,0.3926,0.0020,0.0085,0.0001,0.3778,0.0030,0.0166,0.0003,0.1716,0.0006
ddim,128,8,3,0.0077,0.0001,polar3,polar,2000,24000,0.8881,0.0031,0.8893,0.0032,0.8889,0.0033,0.7658,0.0005,0.7367,0.0068,0.7509,0.0033,0.8201,0.0013
ddim,128,8,3,0.0077,0.0001,knn,knn,5000,60000,0.3183,0.0011,0.3206,0.0012,0.3184,0.0008,0.0143,0.0009,0.0191,0.0016,0.0163,0.0011,0.1685,0.0004
ddim,128,8,3,0.0077,0.0001,altered_knn,altered_knn,5000,40000,0.6018,0.0224,0.6058,0.0232,0.6237,0.0047,0.0111,0.0006,0.0924,0.0801,0.0176,0.0027,0.3117,0.0108
ddim,128,8,3,0.0077,0.0001,quadratic,quadratic,5000,60000,0.5376,0.0003,0.5393,0.0004,0.5901,0.0005,0.0137,0.0005,0.3190,0.0143,0.0263,0.0010,0.2828,0.0003
ddim,128,8,3,0.0077,0.0001,polar3,polar,5000,60000,0.9324,0.0036,0.9330,0.0036,0.9335,0.0036,0.7336,0.0047,0.8508,0.0058,0.7879,0.0045,0.8604,0.0039
ddim,128,8,3,0.0077,0.0001,knn,knn,10000,120000,0.3279,0.0010,0.3303,0.0011,0.3278,0.0007,0.0159,0.0010,0.0174,0.0016,0.0166,0.0013,0.1734,0.0002
ddim,128,8,3,0.0077,0.0001,altered_knn,altered_knn,10000,80000,0.6214,0.0231,0.6255,0.0239,0.6443,0.0049,0.0115,0.0009,0.0945,0.0775,0.0189,0.0009,0.3222,0.0117
ddim,128,8,3,0.0077,0.0001,quadratic,quadratic,10000,120000,0.7451,0.0005,0.7478,0.0005,0.7656,0.0005,0.0562,0.0002,0.3958,0.0044,0.0984,0.0004,0.4231,0.0001
ddim,128,8,3,0.0077,0.0001,polar3,polar,10000,120000,0.9510,0.0026,0.9516,0.0026,0.9525,0.0026,0.6910,0.0045,0.8735,0.0022,0.7716,0.0025,0.8616,0.0015
ddim,128,8,3,0.0077,0.0001,knn,knn,15000,180000,0.3326,0.0009,0.3351,0.0009,0.3328,0.0006,0.0161,0.0027,0.0167,0.0027,0.0164,0.0027,0.1757,0.0013
ddim,128,8,3,0.0077,0.0001,altered_knn,altered_knn,15000,120000,0.5786,0.0561,0.5812,0.0579,0.6391,0.0152,0.0110,0.0016,0.2475,0.1767,0.0145,0.0069,0.2978,0.0258
ddim,128,8,3,0.0077,0.0001,quadratic,quadratic,15000,180000,0.8139,0.0010,0.8170,0.0009,0.8273,0.0008,0.0976,0.0019,0.4141,0.0063,0.1579,0.0029,0.4875,0.0019
ddim,128,8,3,0.0077,0.0001,polar3,polar,15000,180000,0.9566,0.0032,0.9572,0.0032,0.9582,0.0033,0.6801,0.0034,0.8778,0.0028,0.7664,0.0023,0.8618,0.0027
ddim,128,8,3,0.0077,0.0001,knn,knn,20000,240000,0.3355,0.0004,0.3379,0.0004,0.3356,0.0006,0.0169,0.0020,0.0166,0.0022,0.0168,0.0021,0.1773,0.0012
ddim,128,8,3,0.0077,0.0001,altered_knn,altered_knn,20000,160000,0.6530,0.0013,0.6577,0.0014,0.6646,0.0009,0.0120,0.0007,0.0465,0.0052,0.0191,0.0013,0.3384,0.0011
ddim,128,8,3,0.0077,0.0001,quadratic,quadratic,20000,240000,0.8532,0.0007,0.8566,0.0008,0.8622,0.0007,0.1540,0.0009,0.4135,0.0024,0.2244,0.0012,0.5405,0.0007
ddim,128,8,3,0.0077,0.0001,polar3,polar,20000,240000,0.9579,0.0016,0.9585,0.0016,0.9596,0.0016,0.6722,0.0031,0.8792,0.0028,0.7619,0.0010,0.8602,0.0011
ddim,128,16,3,0.0069,0.0003,knn,knn,2000,48000,0.2070,0.0001,0.2082,0.0001,0.2065,0.0001,0.0122,0.0007,0.0381,0.0010,0.0184,0.0009,0.1133,0.0005
ddim,128,16,3,0.0069,0.0003,altered_knn,altered_knn,2000,32000,0.4516,0.0621,0.4528,0.0639,0.5078,0.0235,0.0089,0.0008,0.2773,0.2066,0.0154,0.0018,0.2341,0.0316
ddim,128,16,3,0.0069,0.0003,quadratic,quadratic,2000,48000,0.3788,0.0005,0.3786,0.0005,0.4484,0.0004,0.0088,0.0004,0.4057,0.0043,0.0173,0.0008,0.1980,0.0003
ddim,128,16,3,0.0069,0.0003,polar3,polar,2000,48000,0.8653,0.0006,0.8658,0.0006,0.8664,0.0003,0.6524,0.0264,0.7862,0.0172,0.7127,0.0158,0.7892,0.0082
ddim,128,16,3,0.0069,0.0003,knn,knn,5000,120000,0.2183,0.0004,0.2196,0.0004,0.2179,0.0004,0.0120,0.0003,0.0335,0.0006,0.0177,0.0003,0.1186,0.0000
ddim,128,16,3,0.0069,0.0003,altered_knn,altered_knn,5000,80000,0.5573,0.0011,0.5611,0.0012,0.5618,0.0011,0.0132,0.0011,0.0199,0.0011,0.0159,0.0011,0.2885,0.0008
ddim,128,16,3,0.0069,0.0003,quadratic,quadratic,5000,120000,0.5464,0.0011,0.5478,0.0010,0.5875,0.0013,0.0162,0.0009,0.3325,0.0031,0.0309,0.0017,0.2894,0.0004
ddim,128,16,3,0.0069,0.0003,polar3,polar,5000,120000,0.9114,0.0050,0.9120,0.0050,0.9129,0.0050,0.6267,0.0252,0.8314,0.0191,0.7143,0.0160,0.8131,0.0102
ddim,128,16,3,0.0069,0.0003,knn,knn,10000,240000,0.2267,0.0005,0.2280,0.0004,0.2260,0.0004,0.0132,0.0005,0.0316,0.0022,0.0186,0.0008,0.1233,0.0006
ddim,128,16,3,0.0069,0.0003,altered_knn,altered_knn,10000,160000,0.5712,0.0082,0.5746,0.0086,0.5872,0.0024,0.0124,0.0024,0.0779,0.0489,0.0188,0.0021,0.2967,0.0046
ddim,128,16,3,0.0069,0.0003,quadratic,quadratic,10000,240000,0.7199,0.0003,0.7220,0.0002,0.7373,0.0003,0.0596,0.0022,0.4180,0.0015,0.1043,0.0033,0.4131,0.0015
ddim,128,16,3,0.0069,0.0003,polar3,polar,10000,240000,0.9235,0.0053,0.9241,0.0053,0.9253,0.0052,0.6144,0.0234,0.8368,0.0182,0.7082,0.0164,0.8162,0.0109
ddim,128,16,3,0.0069,0.0003,knn,knn,15000,360000,0.2306,0.0002,0.2320,0.0003,0.2300,0.0003,0.0121,0.0019,0.0278,0.0028,0.0169,0.0024,0.1244,0.0013
ddim,128,16,3,0.0069,0.0003,altered_knn,altered_knn,15000,240000,0.5756,0.0124,0.5787,0.0129,0.6013,0.0030,0.0117,0.0015,0.1268,0.0792,0.0182,0.0028,0.2985,0.0051
ddim,128,16,3,0.0069,0.0003,quadratic,quadratic,15000,360000,0.8091,0.0008,0.8116,0.0009,0.8156,0.0008,0.1820,0.0089,0.4462,0.0023,0.2584,0.0090,0.5350,0.0048
ddim,128,16,3,0.0069,0.0003,polar3,polar,15000,360000,0.9355,0.0023,0.9362,0.0022,0.9375,0.0023,0.6038,0.0235,0.8394,0.0189,0.7021,0.0174,0.8191,0.0098
ddim,128,16,3,0.0069,0.0003,knn,knn,20000,480000,0.2333,0.0005,0.2347,0.0006,0.2326,0.0007,0.0131,0.0009,0.0294,0.0020,0.0181,0.0012,0.1264,0.0006
ddim,128,16,3,0.0069,0.0003,altered_knn,altered_knn,20000,320000,0.5309,0.0741,0.5326,0.0760,0.5917,0.0297,0.0101,0.0012,0.2894,0.2042,0.0190,0.0017,0.2758,0.0388
ddim,128,16,3,0.0069,0.0003,quadratic,quadratic,20000,480000,0.8516,0.0004,0.8543,0.0005,0.8556,0.0004,0.3120,0.0111,0.4613,0.0062,0.3720,0.0074,0.6132,0.0039
ddim,128,16,3,0.0069,0.0003,polar3,polar,20000,480000,0.9396,0.0007,0.9403,0.0006,0.9416,0.0006,0.6015,0.0233,0.8403,0.0189,0.7008,0.0173,0.8205,0.0088
ddim,256,2,3,0.0086,0.0001,knn,knn,2000,6000,0.6246,0.0020,0.6300,0.0020,0.6255,0.0021,0.0281,0.0030,0.0050,0.0006,0.0085,0.0010,0.3192,0.0012
ddim,256,2,3,0.0086,0.0001,altered_knn,altered_knn,2000,4000,0.6806,0.0017,0.6849,0.0017,0.7424,0.0017,0.0098,0.0001,0.1848,0.0008,0.0187,0.0002,0.3518,0.0008
ddim,256,2,3,0.0086,0.0001,quadratic,quadratic,2000,6000,0.3888,0.0011,0.3897,0.0011,0.4540,0.0009,0.0085,0.0003,0.2850,0.0070,0.0165,0.0006,0.2031,0.0008
ddim,256,2,3,0.0086,0.0001,polar3,polar,2000,6000,0.9310,0.0009,0.9351,0.0008,0.9360,0.0008,0.3768,0.0145,0.4567,0.0140,0.4129,0.0143,0.6740,0.0076
ddim,256,2,3,0.0086,0.0001,knn,knn,5000,15000,0.6352,0.0002,0.6407,0.0002,0.6364,0.0002,0.0150,0.0067,0.0015,0.0006,0.0028,0.0010,0.3218,0.0006
ddim,256,2,3,0.0086,0.0001,altered_knn,altered_knn,5000,10000,0.5067,0.0032,0.5068,0.0033,0.6487,0.0033,0.0097,0.0003,0.4953,0.0151,0.0190,0.0006,0.2629,0.0014
ddim,256,2,3,0.0086,0.0001,quadratic,quadratic,5000,15000,0.3949,0.0011,0.3956,0.0012,0.4685,0.0015,0.0087,0.0003,0.3191,0.0111,0.0169,0.0006,0.2062,0.0006
ddim,256,2,3,0.0086,0.0001,polar3,polar,5000,15000,0.9552,0.0005,0.9584,0.0003,0.9578,0.0004,0.6855,0.0226,0.5770,0.0253,0.6265,0.0233,0.7925,0.0118
ddim,256,2,3,0.0086,0.0001,knn,knn,10000,30000,0.6418,0.0018,0.6474,0.0018,0.6428,0.0017,0.0129,0.0004,0.0012,0.0000,0.0021,0.0000,0.3248,0.0009
ddim,256,2,3,0.0086,0.0001,altered_knn,altered_knn,10000,20000,0.7177,0.0003,0.7224,0.0004,0.7758,0.0001,0.0106,0.0013,0.1785,0.0209,0.0201,0.0025,0.3712,0.0012
ddim,256,2,3,0.0086,0.0001,quadratic,quadratic,10000,30000,0.4161,0.0018,0.4167,0.0018,0.4987,0.0023,0.0088,0.0003,0.3426,0.0111,0.0172,0.0006,0.2170,0.0012
ddim,256,2,3,0.0086,0.0001,polar3,polar,10000,30000,0.9650,0.0015,0.9672,0.0013,0.9667,0.0014,0.8100,0.0062,0.7211,0.0228,0.7628,0.0151,0.8650,0.0082
ddim,256,2,3,0.0086,0.0001,knn,knn,15000,45000,0.6457,0.0028,0.6514,0.0029,0.6469,0.0030,0.0000,0.0000,0.0000,0.0000,0.0000,0.0000,0.3257,0.0015
ddim,256,2,3,0.0086,0.0001,altered_knn,altered_knn,15000,30000,0.5991,0.0891,0.6011,0.0911,0.7116,0.0505,0.0098,0.0002,0.3653,0.1404,0.0189,0.0002,0.3100,0.0455
ddim,256,2,3,0.0086,0.0001,quadratic,quadratic,15000,45000,0.4387,0.0027,0.4394,0.0028,0.5273,0.0039,0.0089,0.0004,0.3504,0.0149,0.0174,0.0007,0.2284,0.0011
ddim,256,2,3,0.0086,0.0001,polar3,polar,15000,45000,0.9701,0.0019,0.9716,0.0020,0.9715,0.0020,0.8233,0.0078,0.7990,0.0008,0.8109,0.0041,0.8913,0.0015
ddim,256,2,3,0.0086,0.0001,knn,knn,20000,60000,0.6478,0.0018,0.6535,0.0019,0.6490,0.0018,0.0000,0.0000,0.0000,0.0000,0.0000,0.0000,0.3267,0.0009
ddim,256,2,3,0.0086,0.0001,altered_knn,altered_knn,20000,40000,0.5459,0.0007,0.5467,0.0008,0.6844,0.0006,0.0098,0.0003,0.4625,0.0122,0.0192,0.0005,0.2829,0.0002
ddim,256,2,3,0.0086,0.0001,quadratic,quadratic,20000,60000,0.4718,0.0035,0.4729,0.0036,0.5683,0.0042,0.0090,0.0001,0.3542,0.0070,0.0175,0.0003,0.2452,0.0017
ddim,256,2,3,0.0086,0.0001,polar3,polar,20000,60000,0.9753,0.0011,0.9764,0.0010,0.9766,0.0010,0.8204,0.0118,0.8576,0.0141,0.8385,0.0114,0.9074,0.0062
ddim,256,4,3,0.0073,0.0002,knn,knn,2000,12000,0.4005,0.0007,0.4034,0.0008,0.4005,0.0008,0.0110,0.0001,0.0089,0.0012,0.0098,0.0007,0.2066,0.0001
ddim,256,4,3,0.0073,0.0002,altered_knn,altered_knn,2000,8000,0.5844,0.0051,0.5882,0.0052,0.6056,0.0007,0.0085,0.0016,0.0791,0.0301,0.0153,0.0031,0.3018,0.0011
ddim,256,4,3,0.0073,0.0002,quadratic,quadratic,2000,12000,0.2135,0.0010,0.2118,0.0010,0.2679,0.0012,0.0076,0.0003,0.4392,0.0018,0.0150,0.0006,0.1134,0.0003
ddim,256,4,3,0.0073,0.0002,polar3,polar,2000,12000,0.9007,0.0010,0.9031,0.0009,0.9025,0.0010,0.6915,0.0239,0.5679,0.0122,0.6235,0.0159,0.7633,0.0079
ddim,256,4,3,0.0073,0.0002,knn,knn,5000,30000,0.4120,0.0008,0.4150,0.0007,0.4119,0.0007,0.0119,0.0015,0.0061,0.0009,0.0081,0.0011,0.2115,0.0007
ddim,256,4,3,0.0073,0.0002,altered_knn,altered_knn,5000,20000,0.5373,0.0372,0.5394,0.0382,0.6055,0.0170,0.0084,0.0003,0.2602,0.0860,0.0162,0.0004,0.2778,0.0192
ddim,256,4,3,0.0073,0.0002,quadratic,quadratic,5000,30000,0.2749,0.0013,0.2741,0.0014,0.3375,0.0015,0.0075,0.0002,0.3899,0.0127,0.0148,0.0004,0.1444,0.0005
ddim,256,4,3,0.0073,0.0002,polar3,polar,5000,30000,0.9307,0.0060,0.9319,0.0060,0.9317,0.0061,0.7920,0.0143,0.7728,0.0058,0.7822,0.0072,0.8570,0.0047
ddim,256,4,3,0.0073,0.0002,knn,knn,10000,60000,0.4188,0.0010,0.4219,0.0010,0.4188,0.0009,0.0107,0.0025,0.0057,0.0014,0.0074,0.0018,0.2147,0.0011
ddim,256,4,3,0.0073,0.0002,altered_knn,altered_knn,10000,40000,0.6142,0.0091,0.6178,0.0092,0.6473,0.0024,0.0087,0.0003,0.1176,0.0243,0.0162,0.0007,0.3170,0.0045
ddim,256,4,3,0.0073,0.0002,quadratic,quadratic,10000,60000,0.3444,0.0011,0.3441,0.0011,0.4165,0.0013,0.0079,0.0005,0.3795,0.0124,0.0155,0.0010,0.1798,0.0008
ddim,256,4,3,0.0073,0.0002,polar3,polar,10000,60000,0.9522,0.0015,0.9526,0.0015,0.9534,0.0015,0.7279,0.0171,0.9009,0.0051,0.8051,0.0110,0.8789,0.0060
ddim,256,4,3,0.0073,0.0002,knn,knn,15000,90000,0.4230,0.0012,0.4261,0.0012,0.4230,0.0011,0.0097,0.0017,0.0045,0.0007,0.0062,0.0010,0.2161,0.0002
ddim,256,4,3,0.0073,0.0002,altered_knn,altered_knn,15000,60000,0.4759,0.0278,0.4763,0.0284,0.5907,0.0153,0.0082,0.0004,0.4367,0.0515,0.0160,0.0008,0.2461,0.0146
ddim,256,4,3,0.0073,0.0002,quadratic,quadratic,15000,90000,0.4188,0.0005,0.4193,0.0004,0.4968,0.0006,0.0081,0.0005,0.3491,0.0124,0.0158,0.0009,0.2176,0.0006
ddim,256,4,3,0.0073,0.0002,polar3,polar,15000,90000,0.9631,0.0028,0.9634,0.0027,0.9648,0.0027,0.6683,0.0191,0.9272,0.0064,0.7765,0.0111,0.8700,0.0057
ddim,256,4,3,0.0073,0.0002,knn,knn,20000,120000,0.4267,0.0012,0.4298,0.0011,0.4268,0.0009,0.0135,0.0061,0.0058,0.0027,0.0082,0.0038,0.2190,0.0013
ddim,256,4,3,0.0073,0.0002,altered_knn,altered_knn,20000,80000,0.6312,0.0094,0.6351,0.0095,0.6633,0.0028,0.0094,0.0008,0.1161,0.0168,0.0172,0.0012,0.3262,0.0053
ddim,256,4,3,0.0073,0.0002,quadratic,quadratic,20000,120000,0.4830,0.0009,0.4840,0.0009,0.5623,0.0008,0.0088,0.0003,0.3393,0.0015,0.0171,0.0005,0.2506,0.0004
ddim,256,4,3,0.0073,0.0002,polar3,polar,20000,120000,0.9649,0.0017,0.9652,0.0017,0.9668,0.0017,0.6378,0.0204,0.9343,0.0041,0.7579,0.0130,0.8615,0.0067
ddim,256,8,3,0.0072,0.0004,knn,knn,2000,24000,0.2560,0.0002,0.2577,0.0001,0.2554,0.0003,0.0097,0.0016,0.0200,0.0047,0.0131,0.0024,0.1354,0.0012
ddim,256,8,3,0.0072,0.0004,altered_knn,altered_knn,2000,16000,0.4321,0.0268,0.4336,0.0276,0.4795,0.0113,0.0084,0.0005,0.2356,0.0831,0.0161,0.0007,0.2248,0.0141
ddim,256,8,3,0.0072,0.0004,quadratic,quadratic,2000,24000,0.1616,0.0005,0.1590,0.0005,0.2140,0.0008,0.0072,0.0004,0.5188,0.0014,0.0143,0.0008,0.0866,0.0004
ddim,256,8,3,0.0072,0.0004,polar3,polar,2000,24000,0.8812,0.0019,0.8826,0.0017,0.8824,0.0018,0.7032,0.0040,0.6895,0.0268,0.6959,0.0120,0.7892,0.0068
ddim,256,8,3,0.0072,0.0004,knn,knn,5000,60000,0.2664,0.0002,0.2682,0.0003,0.2656,0.0001,0.0113,0.0004,0.0176,0.0016,0.0138,0.0007,0.1410,0.0003
ddim,256,8,3,0.0072,0.0004,altered_knn,altered_knn,5000,40000,0.4423,0.0506,0.4435,0.0522,0.5028,0.0172,0.0086,0.0008,0.2884,0.1642,0.0162,0.0009,0.2298,0.0264
ddim,256,8,3,0.0072,0.0004,quadratic,quadratic,5000,60000,0.2584,0.0003,0.2570,0.0003,0.3258,0.0003,0.0076,0.0003,0.4507,0.0045,0.0150,0.0006,0.1360,0.0005
ddim,256,8,3,0.0072,0.0004,polar3,polar,5000,60000,0.9196,0.0017,0.9202,0.0020,0.9209,0.0018,0.6776,0.0060,0.8354,0.0304,0.7479,0.0103,0.8341,0.0042
ddim,256,8,3,0.0072,0.0004,knn,knn,10000,120000,0.2740,0.0009,0.2758,0.0010,0.2732,0.0008,0.0110,0.0006,0.0159,0.0016,0.0130,0.0009,0.1444,0.0001
ddim,256,8,3,0.0072,0.0004,altered_knn,altered_knn,10000,80000,0.4755,0.0414,0.4771,0.0428,0.5301,0.0128,0.0087,0.0006,0.2528,0.1357,0.0163,0.0002,0.2467,0.0215
ddim,256,8,3,0.0072,0.0004,quadratic,quadratic,10000,120000,0.3734,0.0003,0.3733,0.0003,0.4463,0.0004,0.0083,0.0004,0.3821,0.0063,0.0162,0.0007,0.1948,0.0004
ddim,256,8,3,0.0072,0.0004,polar3,polar,10000,120000,0.9460,0.0018,0.9466,0.0018,0.9481,0.0018,0.5942,0.0028,0.8566,0.0271,0.7014,0.0074,0.8240,0.0039
ddim,256,8,3,0.0072,0.0004,knn,knn,15000,180000,0.2766,0.0006,0.2785,0.0007,0.2757,0.0006,0.0113,0.0011,0.0153,0.0009,0.0130,0.0010,0.1457,0.0007
ddim,256,8,3,0.0072,0.0004,altered_knn,altered_knn,15000,120000,0.4923,0.0424,0.4943,0.0439,0.5419,0.0116,0.0088,0.0008,0.2212,0.1389,0.0156,0.0008,0.2550,0.0217
ddim,256,8,3,0.0072,0.0004,quadratic,quadratic,15000,180000,0.4470,0.0008,0.4478,0.0009,0.5169,0.0009,0.0089,0.0004,0.3377,0.0115,0.0174,0.0008,0.2326,0.0006
ddim,256,8,3,0.0072,0.0004,polar3,polar,15000,180000,0.9556,0.0024,0.9563,0.0026,0.9580,0.0025,0.5764,0.0039,0.8583,0.0267,0.6894,0.0075,0.8229,0.0028
ddim,256,8,3,0.0072,0.0004,knn,knn,20000,240000,0.2799,0.0002,0.2818,0.0002,0.2790,0.0002,0.0107,0.0009,0.0138,0.0005,0.0121,0.0008,0.1469,0.0005
ddim,256,8,3,0.0072,0.0004,altered_knn,altered_knn,20000,160000,0.4884,0.0757,0.4903,0.0778,0.5410,0.0316,0.0089,0.0014,0.2370,0.2055,0.0163,0.0015,0.2533,0.0394
ddim,256,8,3,0.0072,0.0004,quadratic,quadratic,20000,240000,0.4988,0.0006,0.5000,0.0005,0.5627,0.0007,0.0103,0.0005,0.3260,0.0007,0.0200,0.0010,0.2600,0.0006
ddim,256,8,3,0.0072,0.0004,polar3,polar,20000,240000,0.9545,0.0035,0.9552,0.0035,0.9570,0.0035,0.5649,0.0033,0.8585,0.0269,0.6812,0.0067,0.8182,0.0037
ddim,256,16,3,0.0063,0.0003,knn,knn,2000,48000,0.1629,0.0003,0.1637,0.0002,0.1621,0.0002,0.0084,0.0006,0.0361,0.0038,0.0137,0.0010,0.0887,0.0005
ddim,256,16,3,0.0063,0.0003,altered_knn,altered_knn,2000,32000,0.3584,0.0612,0.3595,0.0631,0.3904,0.0235,0.0067,0.0000,0.1934,0.2343,0.0111,0.0020,0.1853,0.0308
ddim,256,16,3,0.0063,0.0003,quadratic,quadratic,2000,48000,0.1573,0.0005,0.1544,0.0006,0.2204,0.0009,0.0065,0.0003,0.6202,0.0107,0.0129,0.0006,0.0836,0.0001
ddim,256,16,3,0.0063,0.0003,polar3,polar,2000,48000,0.8440,0.0024,0.8443,0.0024,0.8447,0.0023,0.6199,0.0126,0.7983,0.0159,0.6977,0.0053,0.7710,0.0039
ddim,256,16,3,0.0063,0.0003,knn,knn,5000,120000,0.1708,0.0002,0.1717,0.0001,0.1698,0.0002,0.0085,0.0008,0.0307,0.0034,0.0134,0.0012,0.0925,0.0006
ddim,256,16,3,0.0063,0.0003,altered_knn,altered_knn,5000,80000,0.3241,0.0154,0.3233,0.0158,0.4057,0.0101,0.0069,0.0003,0.4539,0.0412,0.0137,0.0006,0.1685,0.0076
ddim,256,16,3,0.0063,0.0003,quadratic,quadratic,5000,120000,0.2897,0.0001,0.2884,0.0000,0.3710,0.0002,0.0070,0.0002,0.5000,0.0077,0.0138,0.0005,0.1511,0.0003
ddim,256,16,3,0.0063,0.0003,polar3,polar,5000,120000,0.8945,0.0022,0.8947,0.0022,0.8961,0.0023,0.5557,0.0140,0.8707,0.0099,0.6782,0.0075,0.7865,0.0029
ddim,256,16,3,0.0063,0.0003,knn,knn,10000,240000,0.1764,0.0004,0.1773,0.0003,0.1755,0.0002,0.0087,0.0004,0.0294,0.0002,0.0134,0.0004,0.0954,0.0002
ddim,256,16,3,0.0063,0.0003,altered_knn,altered_knn,10000,160000,0.3886,0.0508,0.3893,0.0523,0.4442,0.0172,0.0069,0.0002,0.2871,0.1851,0.0128,0.0009,0.2010,0.0257
ddim,256,16,3,0.0063,0.0003,quadratic,quadratic,10000,240000,0.4051,0.0002,0.4052,0.0001,0.4769,0.0001,0.0081,0.0003,0.3926,0.0014,0.0159,0.0006,0.2105,0.0002
ddim,256,16,3,0.0063,0.0003,polar3,polar,10000,240000,0.9131,0.0026,0.9133,0.0027,0.9152,0.0026,0.5284,0.0147,0.8753,0.0093,0.6588,0.0088,0.7860,0.0050
ddim,256,16,3,0.0063,0.0003,knn,knn,15000,360000,0.1795,0.0005,0.1805,0.0005,0.1786,0.0005,0.0079,0.0006,0.0248,0.0010,0.0120,0.0008,0.0962,0.0002
ddim,256,16,3,0.0063,0.0003,altered_knn,altered_knn,15000,240000,0.3724,0.0612,0.3725,0.0629,0.4417,0.0261,0.0072,0.0005,0.3710,0.1986,0.0139,0.0006,0.1932,0.0317
ddim,256,16,3,0.0063,0.0003,quadratic,quadratic,15000,360000,0.4622,0.0005,0.4630,0.0006,0.5211,0.0006,0.0094,0.0002,0.3398,0.0110,0.0182,0.0004,0.2406,0.0002
ddim,256,16,3,0.0063,0.0003,polar3,polar,15000,360000,0.9197,0.0022,0.9200,0.0022,0.9218,0.0023,0.5131,0.0152,0.8761,0.0083,0.6470,0.0098,0.7835,0.0054
ddim,256,16,3,0.0063,0.0003,knn,knn,20000,480000,0.1824,0.0003,0.1834,0.0003,0.1815,0.0003,0.0089,0.0006,0.0272,0.0007,0.0134,0.0008,0.0984,0.0004
ddim,256,16,3,0.0063,0.0003,altered_knn,altered_knn,20000,320000,0.4277,0.0488,0.4291,0.0503,0.4726,0.0169,0.0085,0.0021,0.2235,0.1794,0.0106,0.0043,0.2199,0.0236
ddim,256,16,3,0.0063,0.0003,quadratic,quadratic,20000,480000,0.5048,0.0002,0.5060,0.0003,0.5520,0.0003,0.0115,0.0004,0.3142,0.0043,0.0222,0.0007,0.2641,0.0005
ddim,256,16,3,0.0063,0.0003,polar3,polar,20000,480000,0.9260,0.0019,0.9264,0.0018,0.9286,0.0018,0.5047,0.0147,0.8763,0.0082,0.6402,0.0097,0.7833,0.0041
ddim,512,2,3,0.0089,0.0006,knn,knn,2000,6000,0.5992,0.0008,0.6046,0.0005,0.5999,0.0004,0.0192,0.0063,0.0034,0.0016,0.0057,0.0026,0.3051,0.0015
ddim,512,2,3,0.0089,0.0006,altered_knn,altered_knn,2000,4000,0.6304,0.0034,0.6343,0.0032,0.6959,0.0030,0.0092,0.0006,0.1891,0.0026,0.0175,0.0011,0.3259,0.0011
ddim,512,2,3,0.0089,0.0006,quadratic,quadratic,2000,6000,0.3749,0.0018,0.3755,0.0017,0.4380,0.0020,0.0094,0.0007,0.3071,0.0109,0.0183,0.0012,0.1969,0.0003
ddim,512,2,3,0.0089,0.0006,polar3,polar,2000,6000,0.8968,0.0014,0.9011,0.0018,0.9039,0.0015,0.2484,0.0043,0.4241,0.0296,0.3127,0.0056,0.6069,0.0027
ddim,512,2,3,0.0089,0.0006,knn,knn,5000,15000,0.6079,0.0009,0.6133,0.0011,0.6081,0.0014,0.0059,0.0042,0.0008,0.0006,0.0014,0.0010,0.3074,0.0002
ddim,512,2,3,0.0089,0.0006,altered_knn,altered_knn,5000,10000,0.6506,0.0023,0.6547,0.0021,0.7151,0.0019,0.0100,0.0007,0.1967,0.0082,0.0189,0.0013,0.3368,0.0008
ddim,512,2,3,0.0089,0.0006,quadratic,quadratic,5000,15000,0.3782,0.0010,0.3789,0.0010,0.4454,0.0012,0.0090,0.0008,0.3059,0.0078,0.0174,0.0015,0.1981,0.0010
ddim,512,2,3,0.0089,0.0006,polar3,polar,5000,15000,0.9410,0.0029,0.9447,0.0024,0.9448,0.0027,0.5126,0.0047,0.5238,0.0317,0.5175,0.0141,0.7311,0.0082
ddim,512,2,3,0.0089,0.0006,knn,knn,10000,30000,0.6136,0.0019,0.6191,0.0015,0.6138,0.0015,0.0113,0.0089,0.0012,0.0010,0.0021,0.0018,0.3106,0.0013
ddim,512,2,3,0.0089,0.0006,altered_knn,altered_knn,10000,20000,0.5952,0.0990,0.5978,0.1013,0.6855,0.0616,0.0100,0.0003,0.3080,0.1625,0.0192,0.0006,0.3085,0.0506
ddim,512,2,3,0.0089,0.0006,quadratic,quadratic,10000,30000,0.3865,0.0019,0.3871,0.0019,0.4581,0.0021,0.0090,0.0003,0.3187,0.0105,0.0175,0.0005,0.2023,0.0010
ddim,512,2,3,0.0089,0.0006,polar3,polar,10000,30000,0.9587,0.0010,0.9617,0.0007,0.9614,0.0009,0.6780,0.0218,0.6241,0.0450,0.6485,0.0213,0.8051,0.0105
ddim,512,2,3,0.0089,0.0006,knn,knn,15000,45000,0.6159,0.0033,0.6214,0.0031,0.6163,0.0028,0.0140,0.0050,0.0015,0.0006,0.0028,0.0011,0.3121,0.0018
ddim,512,2,3,0.0089,0.0006,altered_knn,altered_knn,15000,30000,0.6033,0.0959,0.6062,0.0984,0.6932,0.0580,0.0098,0.0004,0.2990,0.1684,0.0187,0.0004,0.3125,0.0494
ddim,512,2,3,0.0089,0.0006,quadratic,quadratic,15000,45000,0.3890,0.0018,0.3895,0.0017,0.4650,0.0018,0.0090,0.0007,0.3330,0.0068,0.0175,0.0013,0.2035,0.0011
ddim,512,2,3,0.0089,0.0006,polar3,polar,15000,45000,0.9619,0.0018,0.9642,0.0016,0.9642,0.0016,0.7167,0.0273,0.7109,0.0359,0.7128,0.0191,0.8385,0.0104
ddim,512,2,3,0.0089,0.0006,knn,knn,20000,60000,0.6171,0.0022,0.6227,0.0020,0.6178,0.0017,0.0166,0.0044,0.0018,0.0004,0.0033,0.0008,0.3130,0.0011
ddim,512,2,3,0.0089,0.0006,altered_knn,altered_knn,20000,40000,0.4726,0.0024,0.4720,0.0024,0.6159,0.0026,0.0101,0.0004,0.5325,0.0145,0.0197,0.0007,0.2459,0.0010
ddim,512,2,3,0.0089,0.0006,quadratic,quadratic,20000,60000,0.3933,0.0010,0.3937,0.0009,0.4723,0.0008,0.0092,0.0008,0.3492,0.0102,0.0179,0.0016,0.2058,0.0012
ddim,512,2,3,0.0089,0.0006,polar3,polar,20000,60000,0.9673,0.0016,0.9692,0.0017,0.9695,0.0015,0.7078,0.0333,0.7548,0.0465,0.7293,0.0263,0.8492,0.0136
ddim,512,4,3,0.0075,0.0011,knn,knn,2000,12000,0.3619,0.0011,0.3645,0.0014,0.3615,0.0014,0.0109,0.0006,0.0108,0.0013,0.0108,0.0007,0.1877,0.0004
ddim,512,4,3,0.0075,0.0011,altered_knn,altered_knn,2000,8000,0.4025,0.0573,0.4027,0.0589,0.4822,0.0319,0.0081,0.0013,0.3735,0.1419,0.0158,0.0026,0.2093,0.0290
ddim,512,4,3,0.0075,0.0011,quadratic,quadratic,2000,12000,0.1318,0.0015,0.1283,0.0011,0.1828,0.0013,0.0075,0.0011,0.6008,0.0023,0.0149,0.0022,0.0716,0.0016
ddim,512,4,3,0.0075,0.0011,polar3,polar,2000,12000,0.8640,0.0014,0.8669,0.0009,0.8672,0.0012,0.4390,0.0217,0.4921,0.0452,0.4622,0.0185,0.6646,0.0091
ddim,512,4,3,0.0075,0.0011,knn,knn,5000,30000,0.3705,0.0008,0.3733,0.0006,0.3701,0.0010,0.0092,0.0011,0.0079,0.0014,0.0085,0.0011,0.1909,0.0009
ddim,512,4,3,0.0075,0.0011,altered_knn,altered_knn,5000,20000,0.5036,0.0208,0.5060,0.0211,0.5485,0.0092,0.0080,0.0013,0.1745,0.0504,0.0153,0.0024,0.2607,0.0099
ddim,512,4,3,0.0075,0.0011,quadratic,quadratic,5000,30000,0.1790,0.0006,0.1764,0.0005,0.2358,0.0006,0.0077,0.0012,0.5194,0.0077,0.0152,0.0024,0.0958,0.0012
ddim,512,4,3,0.0075,0.0011,polar3,polar,5000,30000,0.9117,0.0003,0.9137,0.0004,0.9135,0.0001,0.6836,0.0390,0.6553,0.0530,0.6663,0.0203,0.7900,0.0101
ddim,512,4,3,0.0075,0.0011,knn,knn,10000,60000,0.3778,0.0010,0.3806,0.0010,0.3775,0.0007,0.0078,0.0018,0.0055,0.0007,0.0064,0.0010,0.1935,0.0005
ddim,512,4,3,0.0075,0.0011,altered_knn,altered_knn,10000,40000,0.4009,0.0154,0.4005,0.0157,0.5058,0.0097,0.0081,0.0012,0.4568,0.0277,0.0160,0.0023,0.2082,0.0075
ddim,512,4,3,0.0075,0.0011,quadratic,quadratic,10000,60000,0.2253,0.0009,0.2235,0.0011,0.2871,0.0013,0.0076,0.0011,0.4546,0.0025,0.0150,0.0022,0.1193,0.0009
ddim,512,4,3,0.0075,0.0011,polar3,polar,10000,60000,0.9362,0.0006,0.9374,0.0006,0.9381,0.0007,0.6521,0.0481,0.7805,0.0656,0.7065,0.0191,0.8220,0.0092
ddim,512,4,3,0.0075,0.0011,knn,knn,15000,90000,0.3803,0.0008,0.3831,0.0008,0.3797,0.0006,0.0076,0.0030,0.0050,0.0014,0.0060,0.0019,0.1946,0.0008
ddim,512,4,3,0.0075,0.0011,altered_knn,altered_knn,15000,60000,0.4739,0.0659,0.4755,0.0679,0.5443,0.0293,0.0086,0.0018,0.2942,0.1586,0.0161,0.0026,0.2458,0.0348
ddim,512,4,3,0.0075,0.0011,quadratic,quadratic,15000,90000,0.2541,0.0011,0.2527,0.0011,0.3194,0.0015,0.0078,0.0014,0.4381,0.0148,0.0154,0.0027,0.1341,0.0013
ddim,512,4,3,0.0075,0.0011,polar3,polar,15000,90000,0.9459,0.0024,0.9470,0.0029,0.9482,0.0024,0.5932,0.0471,0.8184,0.0556,0.6843,0.0163,0.8156,0.0093
ddim,512,4,3,0.0075,0.0011,knn,knn,20000,120000,0.3834,0.0009,0.3863,0.0013,0.3830,0.0008,0.0100,0.0018,0.0067,0.0012,0.0080,0.0011,0.1971,0.0006
ddim,512,4,3,0.0075,0.0011,altered_knn,altered_knn,20000,80000,0.4638,0.0772,0.4645,0.0789,0.5424,0.0349,0.0085,0.0013,0.3445,0.1941,0.0164,0.0030,0.2404,0.0383
ddim,512,4,3,0.0075,0.0011,quadratic,quadratic,20000,120000,0.2770,0.0010,0.2759,0.0011,0.3467,0.0013,0.0076,0.0012,0.4196,0.0070,0.0150,0.0022,0.1455,0.0011
ddim,512,4,3,0.0075,0.0011,polar3,polar,20000,120000,0.9534,0.0021,0.9544,0.0016,0.9563,0.0021,0.5440,0.0475,0.8296,0.0535,0.6536,0.0219,0.8040,0.0101
ddim,512,8,3,0.0061,0.0004,knn,knn,2000,24000,0.2174,0.0013,0.2186,0.0013,0.2165,0.0013,0.0080,0.0010,0.0238,0.0016,0.0120,0.0013,0.1153,0.0008
ddim,512,8,3,0.0061,0.0004,altered_knn,altered_knn,2000,16000,0.3594,0.0228,0.3604,0.0234,0.3919,0.0080,0.0068,0.0004,0.1896,0.0835,0.0129,0.0007,0.1867,0.0116
ddim,512,8,3,0.0061,0.0004,quadratic,quadratic,2000,24000,0.0626,0.0004,0.0583,0.0005,0.0938,0.0007,0.0061,0.0004,0.7568,0.0030,0.0120,0.0008,0.0352,0.0003
ddim,512,8,3,0.0061,0.0004,polar3,polar,2000,24000,0.8404,0.0039,0.8417,0.0039,0.8422,0.0037,0.5067,0.0269,0.6220,0.0183,0.5577,0.0134,0.6997,0.0085
ddim,512,8,3,0.0061,0.0004,knn,knn,5000,60000,0.2236,0.0010,0.2248,0.0010,0.2226,0.0008,0.0071,0.0003,0.0200,0.0005,0.0104,0.0003,0.1176,0.0006
ddim,512,8,3,0.0061,0.0004,altered_knn,altered_knn,5000,40000,0.3715,0.0090,0.3724,0.0091,0.4145,0.0046,0.0065,0.0005,0.2281,0.0213,0.0127,0.0009,0.1925,0.0046
ddim,512,8,3,0.0061,0.0004,quadratic,quadratic,5000,60000,0.1200,0.0005,0.1169,0.0006,0.1695,0.0008,0.0062,0.0004,0.6365,0.0009,0.0123,0.0008,0.0646,0.0003
ddim,512,8,3,0.0061,0.0004,polar3,polar,5000,60000,0.8934,0.0010,0.8941,0.0008,0.8953,0.0010,0.5204,0.0137,0.7805,0.0293,0.6239,0.0091,0.7590,0.0043
ddim,512,8,3,0.0061,0.0004,knn,knn,10000,120000,0.2301,0.0003,0.2314,0.0003,0.2290,0.0001,0.0065,0.0007,0.0156,0.0016,0.0092,0.0009,0.1203,0.0006
ddim,512,8,3,0.0061,0.0004,altered_knn,altered_knn,10000,80000,0.3603,0.0439,0.3606,0.0450,0.4181,0.0202,0.0065,0.0005,0.3106,0.1373,0.0126,0.0010,0.1866,0.0222
ddim,512,8,3,0.0061,0.0004,quadratic,quadratic,10000,120000,0.1836,0.0008,0.1814,0.0009,0.2468,0.0013,0.0062,0.0004,0.5488,0.0035,0.0123,0.0007,0.0969,0.0002
ddim,512,8,3,0.0061,0.0004,polar3,polar,10000,120000,0.9247,0.0019,0.9254,0.0017,0.9277,0.0019,0.4379,0.0135,0.8007,0.0320,0.5656,0.0099,0.7455,0.0046
ddim,512,8,3,0.0061,0.0004,knn,knn,15000,180000,0.2326,0.0007,0.2339,0.0007,0.2317,0.0005,0.0067,0.0008,0.0155,0.0011,0.0094,0.0010,0.1217,0.0004
ddim,512,8,3,0.0061,0.0004,altered_knn,altered_knn,15000,120000,0.3627,0.0622,0.3628,0.0638,0.4240,0.0251,0.0067,0.0004,0.3358,0.2086,0.0127,0.0011,0.1878,0.0317
ddim,512,8,3,0.0061,0.0004,quadratic,quadratic,15000,180000,0.2353,0.0007,0.2338,0.0008,0.3029,0.0008,0.0064,0.0005,0.4874,0.0049,0.0127,0.0009,0.1232,0.0005
ddim,512,8,3,0.0061,0.0004,polar3,polar,15000,180000,0.9348,0.0019,0.9356,0.0019,0.9383,0.0018,0.4074,0.0136,0.8023,0.0293,0.5401,0.0119,0.7378,0.0069
ddim,512,8,3,0.0061,0.0004,knn,knn,20000,240000,0.2358,0.0006,0.2371,0.0005,0.2348,0.0006,0.0069,0.0002,0.0156,0.0009,0.0096,0.0002,0.1233,0.0003
ddim,512,8,3,0.0061,0.0004,altered_knn,altered_knn,20000,160000,0.3912,0.0606,0.3919,0.0621,0.4429,0.0262,0.0069,0.0005,0.2797,0.1994,0.0133,0.0010,0.2026,0.0313
ddim,512,8,3,0.0061,0.0004,quadratic,quadratic,20000,240000,0.2700,0.0001,0.2688,0.0002,0.3438,0.0004,0.0064,0.0004,0.4662,0.0040,0.0127,0.0008,0.1407,0.0004
ddim,512,8,3,0.0061,0.0004,polar3,polar,20000,240000,0.9377,0.0033,0.9386,0.0032,0.9414,0.0032,0.3952,0.0111,0.8031,0.0304,0.5293,0.0094,0.7339,0.0061
ddim,512,16,3,0.0137,0.0006,knn,knn,2000,48000,0.1306,0.0005,0.1319,0.0004,0.1302,0.0005,0.0142,0.0004,0.0356,0.0015,0.0202,0.0002,0.0761,0.0001
ddim,512,16,3,0.0137,0.0006,altered_knn,altered_knn,2000,32000,0.2600,0.0354,0.2598,0.0388,0.2906,0.0118,0.0175,0.0022,0.2826,0.2146,0.0290,0.0033,0.1444,0.0190
ddim,512,16,3,0.0137,0.0006,quadratic,quadratic,2000,48000,0.0461,0.0007,0.0348,0.0002,0.0606,0.0003,0.0139,0.0006,0.8605,0.0072,0.0273,0.0012,0.0310,0.0007
ddim,512,16,3,0.0137,0.0006,polar3,polar,2000,48000,0.7953,0.0001,0.8035,0.0006,0.8011,0.0003,0.3249,0.0212,0.2137,0.0200,0.2577,0.0209,0.5306,0.0101
ddim,512,16,3,0.0137,0.0006,knn,knn,5000,120000,0.1361,0.0001,0.1376,0.0001,0.1356,0.0001,0.0149,0.0005,0.0324,0.0006,0.0204,0.0004,0.0790,0.0002
ddim,512,16,3,0.0137,0.0006,altered_knn,altered_knn,5000,80000,0.2623,0.0179,0.2598,0.0196,0.3152,0.0067,0.0166,0.0010,0.4406,0.1074,0.0319,0.0017,0.1459,0.0100
ddim,512,16,3,0.0137,0.0006,quadratic,quadratic,5000,120000,0.1114,0.0008,0.1028,0.0005,0.1591,0.0006,0.0142,0.0006,0.7343,0.0032,0.0278,0.0012,0.0653,0.0008
ddim,512,16,3,0.0137,0.0006,polar3,polar,5000,120000,0.8439,0.0041,0.8524,0.0036,0.8503,0.0039,0.3006,0.0121,0.2346,0.0184,0.2634,0.0160,0.5579,0.0097
ddim,512,16,3,0.0137,0.0006,knn,knn,10000,240000,0.1398,0.0005,0.1413,0.0004,0.1393,0.0005,0.0156,0.0009,0.0327,0.0012,0.0211,0.0010,0.0812,0.0003
ddim,512,16,3,0.0137,0.0006,altered_knn,altered_knn,10000,160000,0.3056,0.0153,0.3058,0.0169,0.3423,0.0016,0.0182,0.0016,0.2987,0.0986,0.0341,0.0022,0.1699,0.0095
ddim,512,16,3,0.0137,0.0006,quadratic,quadratic,10000,240000,0.2036,0.0003,0.1983,0.0001,0.2700,0.0000,0.0149,0.0007,0.5824,0.0031,0.0290,0.0012,0.1137,0.0007
ddim,512,16,3,0.0137,0.0006,polar3,polar,10000,240000,0.8706,0.0049,0.8794,0.0044,0.8783,0.0044,0.2741,0.0119,0.2385,0.0189,0.2550,0.0157,0.5672,0.0100
ddim,512,16,3,0.0137,0.0006,knn,knn,15000,360000,0.1423,0.0001,0.1439,0.0002,0.1418,0.0001,0.0148,0.0006,0.0296,0.0007,0.0197,0.0005,0.0818,0.0003
ddim,512,16,3,0.0137,0.0006,altered_knn,altered_knn,15000,240000,0.2751,0.0371,0.2726,0.0401,0.3319,0.0160,0.0171,0.0013,0.4620,0.1787,0.0326,0.0018,0.1526,0.0207
ddim,512,16,3,0.0137,0.0006,quadratic,quadratic,15000,360000,0.2549,0.0003,0.2507,0.0001,0.3325,0.0001,0.0153,0.0007,0.5555,0.0043,0.0298,0.0014,0.1402,0.0007
ddim,512,16,3,0.0137,0.0006,polar3,polar,15000,360000,0.8823,0.0075,0.8912,0.0070,0.8904,0.0072,0.2633,0.0120,0.2387,0.0190,0.2503,0.0155,0.5708,0.0112
ddim,512,16,3,0.0137,0.0006,knn,knn,20000,480000,0.1439,0.0005,0.1455,0.0004,0.1433,0.0005,0.0150,0.0014,0.0289,0.0019,0.0197,0.0016,0.0826,0.0009
ddim,512,16,3,0.0137,0.0006,altered_knn,altered_knn,20000,320000,0.3404,0.0148,0.3426,0.0165,0.3621,0.0015,0.0197,0.0003,0.1778,0.1146,0.0317,0.0071,0.1872,0.0047
ddim,512,16,3,0.0137,0.0006,quadratic,quadratic,20000,480000,0.2953,0.0005,0.2922,0.0006,0.3766,0.0007,0.0157,0.0006,0.5224,0.0059,0.0306,0.0012,0.1614,0.0004
ddim,512,16,3,0.0137,0.0006,polar3,polar,20000,480000,0.8915,0.0075,0.9006,0.0070,0.9001,0.0071,0.2579,0.0114,0.2389,0.0188,0.2479,0.0151,0.5743,0.0104
