sampler,d,K,n_seeds,hall_gt,hall_gt_std,model,arch,n_per_mode,n_anchors,full_acc,full_acc_std,mode_acc,mode_acc_std,mode_f1,mode_f1_std,hall_prec,hall_prec_std,hall_rec,hall_rec_std,hall_f1,hall_f1_std,balanced,balanced_std
dpmpp2m,2,2,3,0.0109,0.0005,knn,knn,2000,6000,0.9820,0.0012,0.9855,0.0011,0.9884,0.0006,0.3832,0.0275,0.6682,0.0225,0.4864,0.0248,0.7359,0.0129
dpmpp2m,2,2,3,0.0109,0.0005,altered_knn,altered_knn,2000,4000,0.9663,0.0046,0.9744,0.0053,0.9807,0.0020,0.0960,0.0110,0.2267,0.0517,0.1330,0.0157,0.5537,0.0076
dpmpp2m,2,2,3,0.0109,0.0005,quadratic,quadratic,2000,6000,0.9851,0.0025,0.9896,0.0020,0.9887,0.0022,0.6086,0.0212,0.5792,0.0345,0.5933,0.0268,0.7915,0.0144
dpmpp2m,2,2,3,0.0109,0.0005,polar3,polar,2000,6000,0.9861,0.0005,0.9892,0.0010,0.9900,0.0008,0.5526,0.0108,0.7094,0.0375,0.6207,0.0153,0.8049,0.0072
dpmpp2m,2,2,3,0.0109,0.0005,knn,knn,5000,15000,0.9852,0.0007,0.9887,0.0010,0.9901,0.0008,0.4653,0.0203,0.6628,0.0148,0.5462,0.0090,0.7674,0.0048
dpmpp2m,2,2,3,0.0109,0.0005,altered_knn,altered_knn,5000,10000,0.9748,0.0025,0.9837,0.0031,0.9848,0.0007,0.1140,0.0152,0.1699,0.0770,0.1315,0.0403,0.5576,0.0186
dpmpp2m,2,2,3,0.0109,0.0005,quadratic,quadratic,5000,15000,0.9864,0.0030,0.9910,0.0024,0.9900,0.0028,0.6108,0.0131,0.5758,0.0347,0.5923,0.0220,0.7916,0.0122
dpmpp2m,2,2,3,0.0109,0.0005,polar3,polar,5000,15000,0.9860,0.0005,0.9891,0.0010,0.9899,0.0008,0.5519,0.0135,0.7056,0.0345,0.6187,0.0124,0.8039,0.0058
dpmpp2m,2,2,3,0.0109,0.0005,knn,knn,10000,30000,0.9861,0.0005,0.9898,0.0009,0.9903,0.0008,0.5298,0.0143,0.6560,0.0239,0.5858,0.0117,0.7878,0.0055
dpmpp2m,2,2,3,0.0109,0.0005,altered_knn,altered_knn,10000,20000,0.9767,0.0036,0.9862,0.0048,0.9856,0.0016,0.1005,0.0146,0.1200,0.0877,0.0992,0.0409,0.5427,0.0183
dpmpp2m,2,2,3,0.0109,0.0005,quadratic,quadratic,10000,30000,0.9870,0.0031,0.9915,0.0025,0.9907,0.0028,0.6109,0.0170,0.5799,0.0378,0.5947,0.0266,0.7931,0.0145
dpmpp2m,2,2,3,0.0109,0.0005,polar3,polar,10000,30000,0.9860,0.0005,0.9891,0.0009,0.9899,0.0007,0.5525,0.0117,0.7055,0.0323,0.6193,0.0145,0.8042,0.0069
dpmpp2m,2,2,3,0.0109,0.0005,knn,knn,15000,45000,0.9866,0.0003,0.9901,0.0008,0.9904,0.0007,0.5706,0.0156,0.6668,0.0349,0.6147,0.0214,0.8024,0.0103
dpmpp2m,2,2,3,0.0109,0.0005,altered_knn,altered_knn,15000,30000,0.9779,0.0026,0.9878,0.0035,0.9863,0.0014,0.0921,0.0145,0.0840,0.0486,0.0799,0.0281,0.5338,0.0125
dpmpp2m,2,2,3,0.0109,0.0005,quadratic,quadratic,15000,45000,0.9863,0.0030,0.9907,0.0024,0.9898,0.0027,0.6140,0.0200,0.5815,0.0389,0.5969,0.0284,0.7938,0.0154
dpmpp2m,2,2,3,0.0109,0.0005,polar3,polar,15000,45000,0.9860,0.0004,0.9891,0.0009,0.9899,0.0007,0.5498,0.0126,0.7053,0.0335,0.6175,0.0162,0.8033,0.0077
dpmpp2m,2,2,3,0.0109,0.0005,knn,knn,20000,60000,0.9869,0.0003,0.9904,0.0009,0.9904,0.0007,0.5968,0.0185,0.6664,0.0376,0.6292,0.0229,0.8098,0.0110
dpmpp2m,2,2,3,0.0109,0.0005,altered_knn,altered_knn,20000,40000,0.9794,0.0004,0.9897,0.0004,0.9868,0.0007,0.0680,0.0198,0.0421,0.0169,0.0519,0.0185,0.5208,0.0093
dpmpp2m,2,2,3,0.0109,0.0005,quadratic,quadratic,20000,60000,0.9858,0.0030,0.9903,0.0024,0.9894,0.0027,0.6131,0.0223,0.5797,0.0401,0.5955,0.0298,0.7929,0.0161
dpmpp2m,2,2,3,0.0109,0.0005,polar3,polar,20000,60000,0.9860,0.0004,0.9891,0.0009,0.9899,0.0007,0.5504,0.0105,0.7059,0.0327,0.6181,0.0152,0.8036,0.0072
dpmpp2m,2,4,3,0.0117,0.0005,knn,knn,2000,12000,0.9631,0.0101,0.9678,0.0091,0.9709,0.0110,0.2517,0.0553,0.5640,0.1026,0.3480,0.0724,0.6579,0.0403
dpmpp2m,2,4,3,0.0117,0.0005,altered_knn,altered_knn,2000,8000,0.9551,0.0091,0.9641,0.0090,0.9666,0.0091,0.0980,0.0255,0.1982,0.0588,0.1287,0.0317,0.5464,0.0196
dpmpp2m,2,4,3,0.0117,0.0005,quadratic,quadratic,2000,12000,0.9297,0.0106,0.9357,0.0111,0.9345,0.0115,0.2629,0.0507,0.4155,0.0714,0.3154,0.0324,0.6256,0.0206
dpmpp2m,2,4,3,0.0117,0.0005,polar3,polar,2000,12000,0.9651,0.0110,0.9698,0.0099,0.9717,0.0117,0.2842,0.0542,0.5612,0.1090,0.3772,0.0723,0.6735,0.0409
dpmpp2m,2,4,3,0.0117,0.0005,knn,knn,5000,30000,0.9677,0.0118,0.9731,0.0104,0.9731,0.0124,0.3064,0.0887,0.5147,0.1317,0.3840,0.1064,0.6786,0.0582
dpmpp2m,2,4,3,0.0117,0.0005,altered_knn,altered_knn,5000,20000,0.9614,0.0106,0.9710,0.0103,0.9702,0.0108,0.1068,0.0431,0.1542,0.0333,0.1244,0.0389,0.5477,0.0244
dpmpp2m,2,4,3,0.0117,0.0005,quadratic,quadratic,5000,30000,0.9286,0.0103,0.9346,0.0107,0.9332,0.0111,0.2624,0.0538,0.4154,0.0687,0.3153,0.0362,0.6250,0.0224
dpmpp2m,2,4,3,0.0117,0.0005,polar3,polar,5000,30000,0.9655,0.0105,0.9703,0.0093,0.9722,0.0111,0.2865,0.0496,0.5617,0.1105,0.3794,0.0687,0.6749,0.0387
dpmpp2m,2,4,3,0.0117,0.0005,knn,knn,10000,60000,0.9701,0.0121,0.9757,0.0107,0.9740,0.0128,0.3664,0.1002,0.4988,0.1290,0.4224,0.1129,0.6991,0.0616
dpmpp2m,2,4,3,0.0117,0.0005,altered_knn,altered_knn,10000,40000,0.9656,0.0106,0.9760,0.0099,0.9716,0.0119,0.1058,0.0647,0.0899,0.0518,0.0972,0.0576,0.5366,0.0337
dpmpp2m,2,4,3,0.0117,0.0005,quadratic,quadratic,10000,60000,0.9287,0.0101,0.9348,0.0105,0.9331,0.0112,0.2663,0.0506,0.4134,0.0710,0.3176,0.0331,0.6262,0.0208
dpmpp2m,2,4,3,0.0117,0.0005,polar3,polar,10000,60000,0.9656,0.0107,0.9704,0.0095,0.9722,0.0114,0.2887,0.0525,0.5625,0.1146,0.3815,0.0721,0.6759,0.0405
dpmpp2m,2,4,3,0.0117,0.0005,knn,knn,15000,90000,0.9710,0.0121,0.9766,0.0108,0.9742,0.0129,0.4013,0.1012,0.4912,0.1186,0.4417,0.1093,0.7092,0.0598
dpmpp2m,2,4,3,0.0117,0.0005,altered_knn,altered_knn,15000,60000,0.9658,0.0108,0.9761,0.0099,0.9715,0.0122,0.1130,0.0806,0.0981,0.0728,0.1050,0.0765,0.5405,0.0432
dpmpp2m,2,4,3,0.0117,0.0005,quadratic,quadratic,15000,90000,0.9291,0.0100,0.9352,0.0104,0.9335,0.0111,0.2677,0.0508,0.4125,0.0698,0.3185,0.0333,0.6268,0.0207
dpmpp2m,2,4,3,0.0117,0.0005,polar3,polar,15000,90000,0.9659,0.0105,0.9706,0.0094,0.9722,0.0114,0.2936,0.0505,0.5650,0.1127,0.3863,0.0701,0.6785,0.0393
dpmpp2m,2,4,3,0.0117,0.0005,knn,knn,20000,120000,0.9714,0.0121,0.9772,0.0109,0.9743,0.0130,0.4272,0.1045,0.4853,0.1120,0.4544,0.1082,0.7158,0.0593
dpmpp2m,2,4,3,0.0117,0.0005,altered_knn,altered_knn,20000,80000,0.9658,0.0109,0.9760,0.0099,0.9714,0.0123,0.1117,0.0858,0.1003,0.0816,0.1056,0.0837,0.5408,0.0467
dpmpp2m,2,4,3,0.0117,0.0005,quadratic,quadratic,20000,120000,0.9291,0.0102,0.9352,0.0106,0.9335,0.0114,0.2687,0.0497,0.4111,0.0695,0.3189,0.0326,0.6271,0.0204
dpmpp2m,2,4,3,0.0117,0.0005,polar3,polar,20000,120000,0.9656,0.0107,0.9704,0.0096,0.9721,0.0115,0.2887,0.0495,0.5593,0.1099,0.3808,0.0685,0.6756,0.0387
dpmpp2m,2,8,3,0.0121,0.0006,knn,knn,2000,24000,0.9610,0.0044,0.9659,0.0044,0.9720,0.0048,0.2266,0.0246,0.5573,0.0274,0.3219,0.0295,0.6439,0.0170
dpmpp2m,2,8,3,0.0121,0.0006,altered_knn,altered_knn,2000,16000,0.9487,0.0016,0.9570,0.0015,0.9647,0.0025,0.0935,0.0179,0.2598,0.0596,0.1375,0.0276,0.5473,0.0144
dpmpp2m,2,8,3,0.0121,0.0006,quadratic,quadratic,2000,24000,0.8189,0.0022,0.8219,0.0024,0.8749,0.0044,0.0478,0.0011,0.5691,0.0168,0.0882,0.0018,0.4551,0.0013
dpmpp2m,2,8,3,0.0121,0.0006,polar3,polar,2000,24000,0.9614,0.0052,0.9660,0.0054,0.9732,0.0053,0.2270,0.0302,0.5812,0.0163,0.3254,0.0324,0.6457,0.0189
dpmpp2m,2,8,3,0.0121,0.0006,knn,knn,5000,60000,0.9676,0.0056,0.9731,0.0055,0.9759,0.0062,0.2760,0.0355,0.5131,0.0378,0.3586,0.0394,0.6659,0.0225
dpmpp2m,2,8,3,0.0121,0.0006,altered_knn,altered_knn,5000,40000,0.9571,0.0091,0.9658,0.0101,0.9710,0.0062,0.1135,0.0262,0.2473,0.0458,0.1512,0.0220,0.5585,0.0153
dpmpp2m,2,8,3,0.0121,0.0006,quadratic,quadratic,5000,60000,0.8167,0.0042,0.8197,0.0043,0.8732,0.0051,0.0473,0.0012,0.5693,0.0171,0.0872,0.0019,0.4535,0.0025
dpmpp2m,2,8,3,0.0121,0.0006,polar3,polar,5000,60000,0.9609,0.0055,0.9656,0.0058,0.9727,0.0056,0.2224,0.0322,0.5728,0.0068,0.3191,0.0337,0.6423,0.0198
dpmpp2m,2,8,3,0.0121,0.0006,knn,knn,10000,120000,0.9702,0.0063,0.9761,0.0062,0.9768,0.0068,0.3227,0.0450,0.4814,0.0383,0.3860,0.0447,0.6811,0.0254
dpmpp2m,2,8,3,0.0121,0.0006,altered_knn,altered_knn,10000,80000,0.9644,0.0075,0.9744,0.0084,0.9738,0.0063,0.1182,0.0326,0.1411,0.0205,0.1231,0.0102,0.5487,0.0092
dpmpp2m,2,8,3,0.0121,0.0006,quadratic,quadratic,10000,120000,0.8174,0.0048,0.8204,0.0049,0.8737,0.0052,0.0474,0.0010,0.5693,0.0180,0.0875,0.0015,0.4540,0.0026
dpmpp2m,2,8,3,0.0121,0.0006,polar3,polar,10000,120000,0.9608,0.0054,0.9656,0.0057,0.9727,0.0054,0.2220,0.0308,0.5688,0.0039,0.3181,0.0320,0.6419,0.0188
dpmpp2m,2,8,3,0.0121,0.0006,knn,knn,15000,180000,0.9712,0.0063,0.9774,0.0063,0.9770,0.0068,0.3541,0.0465,0.4657,0.0336,0.4020,0.0426,0.6897,0.0244
dpmpp2m,2,8,3,0.0121,0.0006,altered_knn,altered_knn,15000,120000,0.9652,0.0064,0.9752,0.0066,0.9743,0.0066,0.1230,0.0444,0.1457,0.0308,0.1327,0.0386,0.5539,0.0226
dpmpp2m,2,8,3,0.0121,0.0006,quadratic,quadratic,15000,180000,0.8185,0.0048,0.8215,0.0048,0.8744,0.0049,0.0478,0.0008,0.5695,0.0181,0.0881,0.0011,0.4548,0.0025
dpmpp2m,2,8,3,0.0121,0.0006,polar3,polar,15000,180000,0.9609,0.0058,0.9656,0.0061,0.9728,0.0056,0.2229,0.0337,0.5710,0.0035,0.3192,0.0353,0.6424,0.0207
dpmpp2m,2,8,3,0.0121,0.0006,knn,knn,20000,240000,0.9718,0.0063,0.9780,0.0063,0.9771,0.0069,0.3750,0.0455,0.4554,0.0309,0.4110,0.0400,0.6945,0.0232
dpmpp2m,2,8,3,0.0121,0.0006,altered_knn,altered_knn,20000,160000,0.9668,0.0051,0.9771,0.0051,0.9747,0.0065,0.1218,0.0448,0.1240,0.0670,0.1219,0.0552,0.5495,0.0298
dpmpp2m,2,8,3,0.0121,0.0006,quadratic,quadratic,20000,240000,0.8273,0.0044,0.8305,0.0042,0.8816,0.0037,0.0495,0.0004,0.5655,0.0167,0.0909,0.0004,0.4607,0.0019
dpmpp2m,2,8,3,0.0121,0.0006,polar3,polar,20000,240000,0.9623,0.0057,0.9671,0.0060,0.9735,0.0056,0.2325,0.0344,0.5696,0.0049,0.3288,0.0355,0.6479,0.0207
dpmpp2m,4,2,3,0.0116,0.0005,knn,knn,2000,6000,0.9135,0.0020,0.9210,0.0023,0.9155,0.0019,0.6190,0.0170,0.2705,0.0052,0.3763,0.0046,0.6487,0.0025
dpmpp2m,4,2,3,0.0116,0.0005,altered_knn,altered_knn,2000,4000,0.8631,0.0466,0.8697,0.0486,0.9167,0.0193,0.0299,0.0005,0.2943,0.1590,0.0512,0.0066,0.4604,0.0212
dpmpp2m,4,2,3,0.0116,0.0005,quadratic,quadratic,2000,6000,0.9834,0.0073,0.9885,0.0072,0.9858,0.0074,0.8665,0.0219,0.5540,0.0174,0.6757,0.0164,0.8321,0.0117
dpmpp2m,4,2,3,0.0116,0.0005,polar3,polar,2000,6000,0.9870,0.0020,0.9902,0.0024,0.9893,0.0024,0.7819,0.0203,0.7183,0.0310,0.7486,0.0252,0.8694,0.0114
dpmpp2m,4,2,3,0.0116,0.0005,knn,knn,5000,15000,0.9303,0.0026,0.9376,0.0028,0.9325,0.0026,0.6792,0.0244,0.3115,0.0146,0.4265,0.0084,0.6820,0.0038
dpmpp2m,4,2,3,0.0116,0.0005,altered_knn,altered_knn,5000,10000,0.8837,0.0045,0.8905,0.0045,0.9324,0.0021,0.0342,0.0008,0.3041,0.0102,0.0615,0.0013,0.4760,0.0029
dpmpp2m,4,2,3,0.0116,0.0005,quadratic,quadratic,5000,15000,0.9837,0.0063,0.9888,0.0060,0.9861,0.0063,0.8697,0.0220,0.5475,0.0221,0.6716,0.0184,0.8302,0.0122
dpmpp2m,4,2,3,0.0116,0.0005,polar3,polar,5000,15000,0.9871,0.0019,0.9903,0.0024,0.9894,0.0023,0.7931,0.0142,0.7179,0.0312,0.7535,0.0233,0.8719,0.0105
dpmpp2m,4,2,3,0.0116,0.0005,knn,knn,10000,30000,0.9415,0.0011,0.9485,0.0013,0.9437,0.0011,0.7127,0.0068,0.3436,0.0169,0.4634,0.0150,0.7059,0.0072
dpmpp2m,4,2,3,0.0116,0.0005,altered_knn,altered_knn,10000,20000,0.9047,0.0244,0.9126,0.0261,0.9421,0.0104,0.0347,0.0020,0.2288,0.1019,0.0584,0.0045,0.4855,0.0123
dpmpp2m,4,2,3,0.0116,0.0005,quadratic,quadratic,10000,30000,0.9837,0.0051,0.9889,0.0047,0.9862,0.0050,0.8701,0.0186,0.5438,0.0229,0.6689,0.0181,0.8289,0.0113
dpmpp2m,4,2,3,0.0116,0.0005,polar3,polar,10000,30000,0.9872,0.0020,0.9904,0.0025,0.9894,0.0024,0.7946,0.0114,0.7182,0.0326,0.7543,0.0226,0.8723,0.0102
dpmpp2m,4,2,3,0.0116,0.0005,knn,knn,15000,45000,0.9482,0.0009,0.9550,0.0009,0.9507,0.0008,0.6842,0.0170,0.3676,0.0257,0.4780,0.0253,0.7165,0.0124
dpmpp2m,4,2,3,0.0116,0.0005,altered_knn,altered_knn,15000,30000,0.9232,0.0040,0.9320,0.0041,0.9520,0.0015,0.0364,0.0011,0.1741,0.0212,0.0601,0.0028,0.4960,0.0009
dpmpp2m,4,2,3,0.0116,0.0005,quadratic,quadratic,15000,45000,0.9836,0.0049,0.9887,0.0045,0.9860,0.0048,0.8705,0.0178,0.5457,0.0209,0.6706,0.0167,0.8297,0.0106
dpmpp2m,4,2,3,0.0116,0.0005,polar3,polar,15000,45000,0.9872,0.0020,0.9904,0.0025,0.9894,0.0024,0.7943,0.0092,0.7188,0.0330,0.7544,0.0223,0.8724,0.0101
dpmpp2m,4,2,3,0.0116,0.0005,knn,knn,20000,60000,0.9514,0.0008,0.9580,0.0005,0.9539,0.0007,0.7165,0.0149,0.3847,0.0214,0.5001,0.0165,0.7291,0.0082
dpmpp2m,4,2,3,0.0116,0.0005,altered_knn,altered_knn,20000,40000,0.9051,0.0158,0.9127,0.0170,0.9448,0.0073,0.0371,0.0025,0.2586,0.0621,0.0642,0.0015,0.4884,0.0092
dpmpp2m,4,2,3,0.0116,0.0005,quadratic,quadratic,20000,60000,0.9841,0.0052,0.9893,0.0049,0.9866,0.0052,0.8719,0.0226,0.5440,0.0208,0.6696,0.0163,0.8294,0.0105
dpmpp2m,4,2,3,0.0116,0.0005,polar3,polar,20000,60000,0.9873,0.0020,0.9905,0.0025,0.9895,0.0024,0.8009,0.0012,0.7188,0.0337,0.7572,0.0191,0.8738,0.0085
dpmpp2m,4,4,3,0.0126,0.0002,knn,knn,2000,12000,0.8370,0.0120,0.8432,0.0120,0.8355,0.0143,0.2807,0.0833,0.3518,0.0083,0.3050,0.0495,0.5741,0.0208
dpmpp2m,4,4,3,0.0126,0.0002,altered_knn,altered_knn,2000,8000,0.8689,0.0127,0.8784,0.0136,0.8848,0.0100,0.0443,0.0127,0.1240,0.0628,0.0582,0.0037,0.4683,0.0075
dpmpp2m,4,4,3,0.0126,0.0002,quadratic,quadratic,2000,12000,0.9250,0.0081,0.9298,0.0081,0.9230,0.0082,0.5423,0.0243,0.5476,0.0049,0.5447,0.0143,0.7372,0.0100
dpmpp2m,4,4,3,0.0126,0.0002,polar3,polar,2000,12000,0.9614,0.0025,0.9659,0.0025,0.9630,0.0039,0.4778,0.0402,0.6097,0.0125,0.5348,0.0258,0.7504,0.0118
dpmpp2m,4,4,3,0.0126,0.0002,knn,knn,5000,30000,0.8686,0.0104,0.8749,0.0104,0.8674,0.0123,0.3109,0.0782,0.3766,0.0104,0.3354,0.0458,0.6051,0.0186
dpmpp2m,4,4,3,0.0126,0.0002,altered_knn,altered_knn,5000,20000,0.8914,0.0103,0.9017,0.0106,0.8972,0.0108,0.0531,0.0077,0.0846,0.0291,0.0647,0.0143,0.4832,0.0031
dpmpp2m,4,4,3,0.0126,0.0002,quadratic,quadratic,5000,30000,0.9255,0.0079,0.9304,0.0078,0.9234,0.0084,0.5502,0.0239,0.5446,0.0058,0.5473,0.0143,0.7388,0.0104
dpmpp2m,4,4,3,0.0126,0.0002,polar3,polar,5000,30000,0.9625,0.0037,0.9670,0.0037,0.9637,0.0051,0.5111,0.0291,0.6123,0.0089,0.5566,0.0171,0.7618,0.0069
dpmpp2m,4,4,3,0.0126,0.0002,knn,knn,10000,60000,0.8885,0.0093,0.8948,0.0093,0.8875,0.0114,0.3423,0.0962,0.3912,0.0092,0.3579,0.0520,0.6264,0.0225
dpmpp2m,4,4,3,0.0126,0.0002,altered_knn,altered_knn,10000,40000,0.8789,0.0295,0.8878,0.0316,0.9003,0.0113,0.0565,0.0194,0.1836,0.1349,0.0727,0.0171,0.4802,0.0181
dpmpp2m,4,4,3,0.0126,0.0002,quadratic,quadratic,10000,60000,0.9256,0.0079,0.9305,0.0079,0.9233,0.0083,0.5595,0.0241,0.5424,0.0041,0.5506,0.0133,0.7405,0.0099
dpmpp2m,4,4,3,0.0126,0.0002,polar3,polar,10000,60000,0.9624,0.0035,0.9670,0.0035,0.9636,0.0052,0.5086,0.0367,0.6071,0.0048,0.5527,0.0204,0.7598,0.0085
dpmpp2m,4,4,3,0.0126,0.0002,knn,knn,15000,90000,0.8989,0.0086,0.9052,0.0085,0.8983,0.0108,0.3418,0.0878,0.4003,0.0048,0.3628,0.0493,0.6340,0.0216
dpmpp2m,4,4,3,0.0126,0.0002,altered_knn,altered_knn,15000,60000,0.9030,0.0080,0.9135,0.0082,0.9092,0.0096,0.0617,0.0201,0.0774,0.0266,0.0624,0.0049,0.4880,0.0032
dpmpp2m,4,4,3,0.0126,0.0002,quadratic,quadratic,15000,90000,0.9263,0.0075,0.9312,0.0075,0.9239,0.0079,0.5589,0.0244,0.5439,0.0057,0.5511,0.0139,0.7411,0.0101
dpmpp2m,4,4,3,0.0126,0.0002,polar3,polar,15000,90000,0.9623,0.0032,0.9669,0.0031,0.9635,0.0049,0.5068,0.0398,0.6068,0.0096,0.5513,0.0212,0.7591,0.0091
dpmpp2m,4,4,3,0.0126,0.0002,knn,knn,20000,120000,0.9050,0.0080,0.9114,0.0079,0.9045,0.0102,0.3630,0.0946,0.4057,0.0125,0.3759,0.0470,0.6437,0.0207
dpmpp2m,4,4,3,0.0126,0.0002,altered_knn,altered_knn,20000,80000,0.9054,0.0110,0.9158,0.0116,0.9121,0.0094,0.0688,0.0197,0.0866,0.0477,0.0647,0.0196,0.4903,0.0060
dpmpp2m,4,4,3,0.0126,0.0002,quadratic,quadratic,20000,120000,0.9255,0.0079,0.9304,0.0079,0.9231,0.0084,0.5604,0.0233,0.5423,0.0044,0.5510,0.0122,0.7407,0.0094
dpmpp2m,4,4,3,0.0126,0.0002,polar3,polar,20000,120000,0.9625,0.0032,0.9671,0.0031,0.9637,0.0049,0.5082,0.0429,0.6033,0.0074,0.5505,0.0229,0.7588,0.0100
dpmpp2m,4,8,3,0.0133,0.0000,knn,knn,2000,24000,0.7850,0.0120,0.7903,0.0121,0.7979,0.0110,0.1239,0.0044,0.3847,0.0117,0.1874,0.0056,0.4889,0.0087
dpmpp2m,4,8,3,0.0133,0.0000,altered_knn,altered_knn,2000,16000,0.8536,0.0063,0.8637,0.0061,0.8662,0.0089,0.0490,0.0041,0.1016,0.0236,0.0655,0.0077,0.4646,0.0065
dpmpp2m,4,8,3,0.0133,0.0000,quadratic,quadratic,2000,24000,0.8919,0.0099,0.8973,0.0098,0.8966,0.0093,0.3026,0.0204,0.4911,0.0118,0.3742,0.0186,0.6358,0.0134
dpmpp2m,4,8,3,0.0133,0.0000,polar3,polar,2000,24000,0.9480,0.0121,0.9534,0.0119,0.9554,0.0114,0.3094,0.0298,0.5477,0.0303,0.3953,0.0321,0.6743,0.0218
dpmpp2m,4,8,3,0.0133,0.0000,knn,knn,5000,60000,0.8280,0.0116,0.8337,0.0115,0.8386,0.0101,0.1547,0.0090,0.4039,0.0149,0.2236,0.0113,0.5287,0.0113
dpmpp2m,4,8,3,0.0133,0.0000,altered_knn,altered_knn,5000,40000,0.8275,0.0661,0.8353,0.0704,0.8667,0.0232,0.0525,0.0136,0.2491,0.2581,0.0570,0.0231,0.4461,0.0348
dpmpp2m,4,8,3,0.0133,0.0000,quadratic,quadratic,5000,60000,0.8922,0.0091,0.8976,0.0090,0.8964,0.0082,0.3069,0.0242,0.4904,0.0104,0.3772,0.0213,0.6374,0.0145
dpmpp2m,4,8,3,0.0133,0.0000,polar3,polar,5000,60000,0.9494,0.0114,0.9549,0.0112,0.9567,0.0108,0.3156,0.0260,0.5434,0.0288,0.3992,0.0286,0.6770,0.0198
dpmpp2m,4,8,3,0.0133,0.0000,knn,knn,10000,120000,0.8545,0.0107,0.8604,0.0107,0.8641,0.0091,0.1760,0.0084,0.4110,0.0099,0.2464,0.0095,0.5534,0.0101
dpmpp2m,4,8,3,0.0133,0.0000,altered_knn,altered_knn,10000,80000,0.8682,0.0223,0.8779,0.0240,0.8876,0.0077,0.0603,0.0184,0.1460,0.1053,0.0653,0.0111,0.4716,0.0081
dpmpp2m,4,8,3,0.0133,0.0000,quadratic,quadratic,10000,120000,0.8917,0.0090,0.8971,0.0090,0.8960,0.0081,0.3078,0.0245,0.4914,0.0076,0.3780,0.0207,0.6376,0.0142
dpmpp2m,4,8,3,0.0133,0.0000,polar3,polar,10000,120000,0.9493,0.0117,0.9547,0.0115,0.9566,0.0110,0.3152,0.0286,0.5460,0.0222,0.3995,0.0290,0.6771,0.0201
dpmpp2m,4,8,3,0.0133,0.0000,knn,knn,15000,180000,0.8684,0.0104,0.8745,0.0103,0.8774,0.0088,0.1877,0.0126,0.4102,0.0181,0.2575,0.0150,0.5660,0.0127
dpmpp2m,4,8,3,0.0133,0.0000,altered_knn,altered_knn,15000,120000,0.8830,0.0114,0.8934,0.0121,0.8952,0.0061,0.0686,0.0169,0.1138,0.0459,0.0774,0.0054,0.4854,0.0041
dpmpp2m,4,8,3,0.0133,0.0000,quadratic,quadratic,15000,180000,0.8920,0.0089,0.8974,0.0089,0.8963,0.0080,0.3095,0.0239,0.4912,0.0084,0.3793,0.0204,0.6384,0.0141
dpmpp2m,4,8,3,0.0133,0.0000,polar3,polar,15000,180000,0.9491,0.0117,0.9545,0.0115,0.9564,0.0110,0.3153,0.0260,0.5474,0.0224,0.4000,0.0270,0.6772,0.0191
dpmpp2m,4,8,3,0.0133,0.0000,knn,knn,20000,240000,0.8779,0.0100,0.8841,0.0099,0.8863,0.0086,0.2035,0.0154,0.4153,0.0189,0.2730,0.0174,0.5786,0.0136
dpmpp2m,4,8,3,0.0133,0.0000,altered_knn,altered_knn,20000,160000,0.8807,0.0136,0.8904,0.0144,0.8984,0.0063,0.0615,0.0128,0.1579,0.0557,0.0842,0.0101,0.4873,0.0115
dpmpp2m,4,8,3,0.0133,0.0000,quadratic,quadratic,20000,240000,0.8949,0.0094,0.9003,0.0094,0.8991,0.0082,0.3197,0.0230,0.4861,0.0091,0.3854,0.0194,0.6429,0.0140
dpmpp2m,4,8,3,0.0133,0.0000,polar3,polar,20000,240000,0.9495,0.0116,0.9549,0.0115,0.9568,0.0110,0.3170,0.0246,0.5446,0.0215,0.4006,0.0255,0.6778,0.0183
dpmpp2m,4,16,3,0.0144,0.0002,knn,knn,2000,48000,0.7670,0.0047,0.7723,0.0048,0.7851,0.0047,0.1050,0.0037,0.4050,0.0049,0.1668,0.0051,0.4695,0.0011
dpmpp2m,4,16,3,0.0144,0.0002,altered_knn,altered_knn,2000,32000,0.8305,0.0160,0.8403,0.0178,0.8493,0.0037,0.0596,0.0107,0.1583,0.0972,0.0758,0.0058,0.4581,0.0068
dpmpp2m,4,16,3,0.0144,0.0002,quadratic,quadratic,2000,48000,0.8751,0.0075,0.8812,0.0075,0.8870,0.0068,0.1854,0.0045,0.4595,0.0035,0.2642,0.0042,0.5727,0.0042
dpmpp2m,4,16,3,0.0144,0.0002,polar3,polar,2000,48000,0.9421,0.0020,0.9487,0.0020,0.9535,0.0024,0.2537,0.0079,0.4947,0.0062,0.3353,0.0081,0.6420,0.0046
dpmpp2m,4,16,3,0.0144,0.0002,knn,knn,5000,120000,0.8132,0.0047,0.8191,0.0048,0.8280,0.0046,0.1323,0.0042,0.4125,0.0026,0.2003,0.0048,0.5097,0.0016
dpmpp2m,4,16,3,0.0144,0.0002,altered_knn,altered_knn,5000,80000,0.8421,0.0181,0.8514,0.0200,0.8670,0.0035,0.0623,0.0126,0.2109,0.1072,0.0873,0.0048,0.4693,0.0114
dpmpp2m,4,16,3,0.0144,0.0002,quadratic,quadratic,5000,120000,0.8771,0.0089,0.8832,0.0090,0.8887,0.0078,0.1881,0.0068,0.4597,0.0029,0.2669,0.0066,0.5750,0.0068
dpmpp2m,4,16,3,0.0144,0.0002,polar3,polar,5000,120000,0.9430,0.0021,0.9495,0.0021,0.9540,0.0025,0.2575,0.0065,0.4937,0.0072,0.3385,0.0073,0.6440,0.0042
dpmpp2m,4,16,3,0.0144,0.0002,knn,knn,10000,240000,0.8440,0.0035,0.8502,0.0035,0.8570,0.0033,0.1569,0.0045,0.4179,0.0048,0.2281,0.0047,0.5392,0.0007
dpmpp2m,4,16,3,0.0144,0.0002,altered_knn,altered_knn,10000,160000,0.8637,0.0012,0.8735,0.0014,0.8808,0.0017,0.0738,0.0025,0.1914,0.0141,0.1063,0.0017,0.4899,0.0015
dpmpp2m,4,16,3,0.0144,0.0002,quadratic,quadratic,10000,240000,0.8813,0.0072,0.8874,0.0072,0.8926,0.0061,0.1938,0.0078,0.4596,0.0026,0.2725,0.0075,0.5800,0.0064
dpmpp2m,4,16,3,0.0144,0.0002,polar3,polar,10000,240000,0.9441,0.0024,0.9507,0.0024,0.9550,0.0028,0.2626,0.0068,0.4948,0.0062,0.3431,0.0073,0.6469,0.0043
dpmpp2m,4,16,3,0.0144,0.0002,knn,knn,15000,360000,0.8599,0.0037,0.8663,0.0037,0.8722,0.0033,0.1715,0.0042,0.4228,0.0050,0.2440,0.0044,0.5551,0.0008
dpmpp2m,4,16,3,0.0144,0.0002,altered_knn,altered_knn,15000,240000,0.8673,0.0008,0.8767,0.0010,0.8876,0.0017,0.0717,0.0040,0.2209,0.0070,0.1082,0.0041,0.4924,0.0024
dpmpp2m,4,16,3,0.0144,0.0002,quadratic,quadratic,15000,360000,0.8862,0.0052,0.8924,0.0053,0.9000,0.0046,0.1737,0.0075,0.4627,0.0007,0.2524,0.0079,0.5724,0.0051
dpmpp2m,4,16,3,0.0144,0.0002,polar3,polar,15000,360000,0.9457,0.0026,0.9522,0.0027,0.9565,0.0030,0.2670,0.0090,0.4969,0.0064,0.3474,0.0090,0.6498,0.0054
dpmpp2m,4,16,3,0.0144,0.0002,knn,knn,20000,480000,0.8701,0.0031,0.8766,0.0031,0.8818,0.0027,0.1837,0.0038,0.4240,0.0065,0.2563,0.0029,0.5664,0.0008
dpmpp2m,4,16,3,0.0144,0.0002,altered_knn,altered_knn,20000,320000,0.8614,0.0257,0.8702,0.0279,0.8890,0.0053,0.0728,0.0164,0.2589,0.1343,0.1032,0.0092,0.4867,0.0182
dpmpp2m,4,16,3,0.0144,0.0002,quadratic,quadratic,20000,480000,0.8852,0.0046,0.8913,0.0047,0.9027,0.0044,0.1460,0.0060,0.4680,0.0024,0.2225,0.0072,0.5569,0.0046
dpmpp2m,4,16,3,0.0144,0.0002,polar3,polar,20000,480000,0.9468,0.0027,0.9534,0.0027,0.9574,0.0030,0.2735,0.0116,0.4957,0.0069,0.3524,0.0113,0.6529,0.0065
dpmpp2m,8,2,3,0.0138,0.0005,knn,knn,2000,6000,0.8164,0.0097,0.8270,0.0103,0.8182,0.0077,0.6002,0.0340,0.0538,0.0043,0.0987,0.0077,0.4629,0.0014
dpmpp2m,8,2,3,0.0138,0.0005,altered_knn,altered_knn,2000,4000,0.8246,0.0324,0.8316,0.0342,0.8908,0.0142,0.0316,0.0046,0.3230,0.0737,0.0568,0.0059,0.4442,0.0199
dpmpp2m,8,2,3,0.0138,0.0005,quadratic,quadratic,2000,6000,0.9682,0.0028,0.9762,0.0026,0.9715,0.0028,0.9564,0.0136,0.4024,0.0150,0.5662,0.0143,0.7712,0.0072
dpmpp2m,8,2,3,0.0138,0.0005,polar3,polar,2000,6000,0.9860,0.0016,0.9906,0.0020,0.9884,0.0019,0.8981,0.0268,0.6544,0.0172,0.7571,0.0202,0.8739,0.0096
dpmpp2m,8,2,3,0.0138,0.0005,knn,knn,5000,15000,0.8330,0.0058,0.8439,0.0062,0.8348,0.0043,0.7282,0.0390,0.0577,0.0011,0.1069,0.0014,0.4754,0.0037
dpmpp2m,8,2,3,0.0138,0.0005,altered_knn,altered_knn,5000,10000,0.8252,0.0825,0.8328,0.0863,0.8860,0.0428,0.0261,0.0048,0.2712,0.2029,0.0453,0.0114,0.4391,0.0403
dpmpp2m,8,2,3,0.0138,0.0005,quadratic,quadratic,5000,15000,0.9691,0.0031,0.9772,0.0029,0.9725,0.0031,0.9733,0.0086,0.3890,0.0141,0.5557,0.0148,0.7665,0.0075
dpmpp2m,8,2,3,0.0138,0.0005,polar3,polar,5000,15000,0.9864,0.0013,0.9910,0.0016,0.9887,0.0015,0.9264,0.0229,0.6610,0.0201,0.7715,0.0216,0.8812,0.0105
dpmpp2m,8,2,3,0.0138,0.0005,knn,knn,10000,30000,0.8435,0.0081,0.8545,0.0085,0.8455,0.0067,0.7600,0.0703,0.0615,0.0056,0.1138,0.0105,0.4841,0.0065
dpmpp2m,8,2,3,0.0138,0.0005,altered_knn,altered_knn,10000,20000,0.8316,0.0764,0.8394,0.0804,0.8914,0.0369,0.0255,0.0066,0.2805,0.2187,0.0427,0.0179,0.4410,0.0346
dpmpp2m,8,2,3,0.0138,0.0005,quadratic,quadratic,10000,30000,0.9692,0.0037,0.9774,0.0035,0.9726,0.0038,0.9734,0.0068,0.3811,0.0127,0.5476,0.0134,0.7625,0.0077
dpmpp2m,8,2,3,0.0138,0.0005,polar3,polar,10000,30000,0.9867,0.0015,0.9913,0.0017,0.9889,0.0017,0.9444,0.0050,0.6621,0.0176,0.7783,0.0118,0.8848,0.0058
dpmpp2m,8,2,3,0.0138,0.0005,knn,knn,15000,45000,0.8491,0.0082,0.8600,0.0087,0.8513,0.0069,0.8171,0.0169,0.0676,0.0019,0.1249,0.0031,0.4925,0.0052
dpmpp2m,8,2,3,0.0138,0.0005,altered_knn,altered_knn,15000,30000,0.8127,0.0702,0.8192,0.0737,0.8844,0.0364,0.0326,0.0051,0.3607,0.1690,0.0572,0.0041,0.4382,0.0389
dpmpp2m,8,2,3,0.0138,0.0005,quadratic,quadratic,15000,45000,0.9688,0.0034,0.9769,0.0031,0.9721,0.0034,0.9762,0.0067,0.3871,0.0111,0.5542,0.0115,0.7656,0.0065
dpmpp2m,8,2,3,0.0138,0.0005,polar3,polar,15000,45000,0.9868,0.0013,0.9913,0.0016,0.9890,0.0015,0.9476,0.0011,0.6640,0.0167,0.7807,0.0116,0.8860,0.0055
dpmpp2m,8,2,3,0.0138,0.0005,knn,knn,20000,60000,0.8525,0.0065,0.8634,0.0069,0.8547,0.0054,0.7955,0.0272,0.0715,0.0014,0.1311,0.0028,0.4973,0.0044
dpmpp2m,8,2,3,0.0138,0.0005,altered_knn,altered_knn,20000,40000,0.9031,0.0063,0.9142,0.0067,0.9273,0.0013,0.0320,0.0087,0.1064,0.0543,0.0487,0.0158,0.4814,0.0052
dpmpp2m,8,2,3,0.0138,0.0005,quadratic,quadratic,20000,60000,0.9695,0.0044,0.9777,0.0041,0.9729,0.0044,0.9777,0.0062,0.3815,0.0114,0.5488,0.0122,0.7633,0.0075
dpmpp2m,8,2,3,0.0138,0.0005,polar3,polar,20000,60000,0.9869,0.0014,0.9914,0.0017,0.9891,0.0016,0.9493,0.0027,0.6654,0.0165,0.7823,0.0108,0.8868,0.0051
dpmpp2m,8,4,3,0.0135,0.0001,knn,knn,2000,12000,0.6865,0.0221,0.6943,0.0225,0.6857,0.0213,0.2321,0.0704,0.1196,0.0065,0.1552,0.0238,0.4247,0.0006
dpmpp2m,8,4,3,0.0135,0.0001,altered_knn,altered_knn,2000,8000,0.8155,0.0242,0.8247,0.0253,0.8388,0.0152,0.0382,0.0056,0.1487,0.0581,0.0569,0.0015,0.4408,0.0120
dpmpp2m,8,4,3,0.0135,0.0001,quadratic,quadratic,2000,12000,0.9402,0.0091,0.9465,0.0092,0.9400,0.0110,0.8129,0.0074,0.4782,0.0073,0.6022,0.0078,0.7743,0.0049
dpmpp2m,8,4,3,0.0135,0.0001,polar3,polar,2000,12000,0.9646,0.0009,0.9696,0.0007,0.9664,0.0002,0.6410,0.0289,0.5944,0.0180,0.6164,0.0162,0.7930,0.0084
dpmpp2m,8,4,3,0.0135,0.0001,knn,knn,5000,30000,0.7088,0.0214,0.7167,0.0217,0.7074,0.0201,0.2745,0.0396,0.1285,0.0031,0.1743,0.0097,0.4455,0.0100
dpmpp2m,8,4,3,0.0135,0.0001,altered_knn,altered_knn,5000,20000,0.8177,0.0334,0.8265,0.0353,0.8468,0.0162,0.0394,0.0062,0.1796,0.1125,0.0579,0.0089,0.4422,0.0192
dpmpp2m,8,4,3,0.0135,0.0001,quadratic,quadratic,5000,30000,0.9420,0.0102,0.9483,0.0104,0.9415,0.0121,0.8321,0.0128,0.4805,0.0124,0.6091,0.0133,0.7787,0.0071
dpmpp2m,8,4,3,0.0135,0.0001,polar3,polar,5000,30000,0.9669,0.0010,0.9721,0.0008,0.9680,0.0002,0.7399,0.0292,0.5902,0.0181,0.6563,0.0172,0.8142,0.0090
dpmpp2m,8,4,3,0.0135,0.0001,knn,knn,10000,60000,0.7257,0.0218,0.7337,0.0221,0.7234,0.0202,0.3505,0.0414,0.1381,0.0015,0.1976,0.0082,0.4657,0.0120
dpmpp2m,8,4,3,0.0135,0.0001,altered_knn,altered_knn,10000,40000,0.8020,0.0640,0.8095,0.0674,0.8461,0.0262,0.0399,0.0087,0.2545,0.1914,0.0594,0.0122,0.4345,0.0367
dpmpp2m,8,4,3,0.0135,0.0001,quadratic,quadratic,10000,60000,0.9420,0.0099,0.9484,0.0100,0.9416,0.0120,0.8389,0.0104,0.4785,0.0111,0.6093,0.0115,0.7789,0.0066
dpmpp2m,8,4,3,0.0135,0.0001,polar3,polar,10000,60000,0.9680,0.0014,0.9732,0.0011,0.9690,0.0005,0.7645,0.0324,0.5942,0.0195,0.6684,0.0202,0.8208,0.0106
dpmpp2m,8,4,3,0.0135,0.0001,knn,knn,15000,90000,0.7341,0.0210,0.7423,0.0213,0.7318,0.0197,0.4053,0.0383,0.1381,0.0016,0.2057,0.0059,0.4740,0.0121
dpmpp2m,8,4,3,0.0135,0.0001,altered_knn,altered_knn,15000,60000,0.8270,0.0352,0.8355,0.0372,0.8589,0.0159,0.0414,0.0068,0.2051,0.1186,0.0631,0.0081,0.4493,0.0208
dpmpp2m,8,4,3,0.0135,0.0001,quadratic,quadratic,15000,90000,0.9418,0.0099,0.9481,0.0101,0.9412,0.0119,0.8404,0.0110,0.4781,0.0108,0.6095,0.0116,0.7788,0.0065
dpmpp2m,8,4,3,0.0135,0.0001,polar3,polar,15000,90000,0.9686,0.0020,0.9738,0.0018,0.9697,0.0010,0.7704,0.0345,0.5915,0.0196,0.6690,0.0229,0.8214,0.0123
dpmpp2m,8,4,3,0.0135,0.0001,knn,knn,20000,120000,0.7411,0.0203,0.7492,0.0206,0.7389,0.0197,0.4348,0.0387,0.1467,0.0027,0.2189,0.0045,0.4841,0.0084
dpmpp2m,8,4,3,0.0135,0.0001,altered_knn,altered_knn,20000,80000,0.8413,0.0311,0.8510,0.0330,0.8642,0.0147,0.0450,0.0112,0.1373,0.1132,0.0510,0.0109,0.4510,0.0159
dpmpp2m,8,4,3,0.0135,0.0001,quadratic,quadratic,20000,120000,0.9413,0.0096,0.9477,0.0098,0.9408,0.0116,0.8433,0.0094,0.4760,0.0113,0.6085,0.0116,0.7781,0.0063
dpmpp2m,8,4,3,0.0135,0.0001,polar3,polar,20000,120000,0.9688,0.0019,0.9740,0.0017,0.9699,0.0008,0.7717,0.0312,0.5909,0.0186,0.6692,0.0219,0.8216,0.0118
dpmpp2m,8,8,3,0.0144,0.0002,knn,knn,2000,24000,0.5906,0.0129,0.5964,0.0132,0.5954,0.0106,0.1080,0.0185,0.1923,0.0045,0.1371,0.0144,0.3668,0.0138
dpmpp2m,8,8,3,0.0144,0.0002,altered_knn,altered_knn,2000,16000,0.7755,0.0090,0.7848,0.0099,0.7918,0.0130,0.0492,0.0031,0.1376,0.1030,0.0619,0.0153,0.4234,0.0089
dpmpp2m,8,8,3,0.0144,0.0002,quadratic,quadratic,2000,24000,0.9138,0.0133,0.9200,0.0137,0.9147,0.0136,0.5933,0.0069,0.4916,0.0072,0.5376,0.0059,0.7288,0.0040
dpmpp2m,8,8,3,0.0144,0.0002,polar3,polar,2000,24000,0.9553,0.0021,0.9615,0.0021,0.9583,0.0015,0.5873,0.0207,0.5344,0.0109,0.5593,0.0106,0.7604,0.0063
dpmpp2m,8,8,3,0.0144,0.0002,knn,knn,5000,60000,0.6209,0.0089,0.6270,0.0091,0.6244,0.0085,0.1273,0.0081,0.2002,0.0029,0.1555,0.0060,0.3912,0.0075
dpmpp2m,8,8,3,0.0144,0.0002,altered_knn,altered_knn,5000,40000,0.7667,0.0142,0.7740,0.0159,0.8017,0.0087,0.0435,0.0020,0.2672,0.1120,0.0730,0.0017,0.4235,0.0078
dpmpp2m,8,8,3,0.0144,0.0002,quadratic,quadratic,5000,60000,0.9166,0.0136,0.9228,0.0139,0.9177,0.0138,0.6040,0.0089,0.4936,0.0077,0.5432,0.0064,0.7330,0.0038
dpmpp2m,8,8,3,0.0144,0.0002,polar3,polar,5000,60000,0.9608,0.0035,0.9671,0.0035,0.9635,0.0030,0.6539,0.0179,0.5276,0.0102,0.5839,0.0127,0.7755,0.0081
dpmpp2m,8,8,3,0.0144,0.0002,knn,knn,10000,120000,0.6443,0.0082,0.6507,0.0083,0.6468,0.0077,0.1518,0.0063,0.2099,0.0040,0.1761,0.0054,0.4134,0.0059
dpmpp2m,8,8,3,0.0144,0.0002,altered_knn,altered_knn,10000,80000,0.7999,0.0078,0.8095,0.0075,0.8159,0.0110,0.0501,0.0019,0.1401,0.0295,0.0733,0.0065,0.4414,0.0070
dpmpp2m,8,8,3,0.0144,0.0002,quadratic,quadratic,10000,120000,0.9168,0.0145,0.9230,0.0149,0.9178,0.0148,0.6068,0.0073,0.4927,0.0080,0.5438,0.0054,0.7334,0.0047
dpmpp2m,8,8,3,0.0144,0.0002,polar3,polar,10000,120000,0.9622,0.0037,0.9686,0.0037,0.9649,0.0033,0.6744,0.0192,0.5232,0.0073,0.5892,0.0118,0.7789,0.0077
dpmpp2m,8,8,3,0.0144,0.0002,knn,knn,15000,180000,0.6571,0.0090,0.6636,0.0091,0.6590,0.0085,0.1692,0.0017,0.2142,0.0023,0.1890,0.0013,0.4263,0.0052
dpmpp2m,8,8,3,0.0144,0.0002,altered_knn,altered_knn,15000,120000,0.8054,0.0100,0.8150,0.0102,0.8219,0.0102,0.0515,0.0036,0.1441,0.0239,0.0753,0.0037,0.4452,0.0068
dpmpp2m,8,8,3,0.0144,0.0002,quadratic,quadratic,15000,180000,0.9171,0.0153,0.9234,0.0156,0.9182,0.0155,0.6125,0.0098,0.4930,0.0077,0.5462,0.0059,0.7348,0.0049
dpmpp2m,8,8,3,0.0144,0.0002,polar3,polar,15000,180000,0.9625,0.0037,0.9689,0.0037,0.9652,0.0033,0.6815,0.0169,0.5224,0.0049,0.5914,0.0095,0.7802,0.0065
dpmpp2m,8,8,3,0.0144,0.0002,knn,knn,20000,240000,0.6660,0.0091,0.6726,0.0093,0.6678,0.0086,0.1800,0.0055,0.2165,0.0051,0.1966,0.0050,0.4346,0.0070
dpmpp2m,8,8,3,0.0144,0.0002,altered_knn,altered_knn,20000,160000,0.7967,0.0117,0.8052,0.0134,0.8243,0.0076,0.0465,0.0021,0.2151,0.1086,0.0733,0.0042,0.4393,0.0058
dpmpp2m,8,8,3,0.0144,0.0002,quadratic,quadratic,20000,240000,0.9204,0.0154,0.9268,0.0157,0.9214,0.0155,0.6428,0.0117,0.4865,0.0094,0.5537,0.0078,0.7403,0.0040
dpmpp2m,8,8,3,0.0144,0.0002,polar3,polar,20000,240000,0.9631,0.0037,0.9695,0.0037,0.9658,0.0033,0.6858,0.0130,0.5253,0.0070,0.5949,0.0094,0.7822,0.0065
dpmpp2m,8,16,3,0.0155,0.0007,knn,knn,2000,48000,0.5144,0.0015,0.5184,0.0015,0.5287,0.0007,0.0693,0.0012,0.2626,0.0072,0.1096,0.0021,0.3140,0.0007
dpmpp2m,8,16,3,0.0155,0.0007,altered_knn,altered_knn,2000,32000,0.7304,0.0162,0.7390,0.0179,0.7536,0.0046,0.0518,0.0068,0.1854,0.0873,0.0765,0.0017,0.4077,0.0095
dpmpp2m,8,16,3,0.0155,0.0007,quadratic,quadratic,2000,48000,0.8858,0.0043,0.8923,0.0041,0.8902,0.0042,0.4228,0.0117,0.4738,0.0095,0.4466,0.0056,0.6695,0.0012
dpmpp2m,8,16,3,0.0155,0.0007,polar3,polar,2000,48000,0.9345,0.0041,0.9418,0.0041,0.9394,0.0039,0.4741,0.0091,0.4712,0.0109,0.4725,0.0068,0.7072,0.0046
dpmpp2m,8,16,3,0.0155,0.0007,knn,knn,5000,120000,0.5480,0.0008,0.5524,0.0006,0.5612,0.0012,0.0815,0.0029,0.2683,0.0027,0.1250,0.0033,0.3387,0.0016
dpmpp2m,8,16,3,0.0155,0.0007,altered_knn,altered_knn,5000,80000,0.7494,0.0127,0.7589,0.0149,0.7688,0.0029,0.0535,0.0064,0.1482,0.1098,0.0666,0.0132,0.4128,0.0045
dpmpp2m,8,16,3,0.0155,0.0007,quadratic,quadratic,5000,120000,0.8879,0.0052,0.8943,0.0049,0.8923,0.0049,0.4277,0.0149,0.4753,0.0084,0.4500,0.0075,0.6722,0.0018
dpmpp2m,8,16,3,0.0155,0.0007,polar3,polar,5000,120000,0.9393,0.0034,0.9467,0.0035,0.9441,0.0033,0.4958,0.0033,0.4690,0.0134,0.4819,0.0057,0.7143,0.0030
dpmpp2m,8,16,3,0.0155,0.0007,knn,knn,10000,240000,0.5768,0.0019,0.5816,0.0018,0.5888,0.0027,0.0933,0.0037,0.2711,0.0031,0.1388,0.0040,0.3602,0.0021
dpmpp2m,8,16,3,0.0155,0.0007,altered_knn,altered_knn,10000,160000,0.7435,0.0234,0.7512,0.0260,0.7789,0.0032,0.0497,0.0079,0.2572,0.1403,0.0762,0.0086,0.4137,0.0143
dpmpp2m,8,16,3,0.0155,0.0007,quadratic,quadratic,10000,240000,0.8917,0.0050,0.8984,0.0048,0.8957,0.0048,0.4568,0.0139,0.4671,0.0080,0.4617,0.0070,0.6800,0.0017
dpmpp2m,8,16,3,0.0155,0.0007,polar3,polar,10000,240000,0.9422,0.0032,0.9497,0.0032,0.9469,0.0031,0.5102,0.0036,0.4699,0.0140,0.4890,0.0059,0.7193,0.0029
dpmpp2m,8,16,3,0.0155,0.0007,knn,knn,15000,360000,0.5913,0.0017,0.5962,0.0016,0.6030,0.0026,0.1013,0.0051,0.2778,0.0037,0.1483,0.0049,0.3723,0.0024
dpmpp2m,8,16,3,0.0155,0.0007,altered_knn,altered_knn,15000,240000,0.7654,0.0096,0.7746,0.0113,0.7885,0.0028,0.0539,0.0074,0.1836,0.0706,0.0781,0.0034,0.4263,0.0040
dpmpp2m,8,16,3,0.0155,0.0007,quadratic,quadratic,15000,360000,0.8990,0.0048,0.9061,0.0046,0.9025,0.0046,0.5205,0.0150,0.4511,0.0099,0.4831,0.0064,0.6946,0.0016
dpmpp2m,8,16,3,0.0155,0.0007,polar3,polar,15000,360000,0.9443,0.0034,0.9517,0.0034,0.9489,0.0033,0.5248,0.0067,0.4710,0.0158,0.4961,0.0059,0.7239,0.0030
dpmpp2m,8,16,3,0.0155,0.0007,knn,knn,20000,480000,0.6016,0.0021,0.6067,0.0020,0.6128,0.0030,0.1072,0.0044,0.2782,0.0054,0.1546,0.0041,0.3807,0.0025
dpmpp2m,8,16,3,0.0155,0.0007,altered_knn,altered_knn,20000,320000,0.7637,0.0032,0.7719,0.0035,0.7932,0.0027,0.0516,0.0019,0.2396,0.0374,0.0846,0.0043,0.4283,0.0007
dpmpp2m,8,16,3,0.0155,0.0007,quadratic,quadratic,20000,480000,0.9025,0.0040,0.9097,0.0038,0.9057,0.0036,0.5479,0.0156,0.4435,0.0092,0.4900,0.0063,0.6999,0.0014
dpmpp2m,8,16,3,0.0155,0.0007,polar3,polar,20000,480000,0.9455,0.0034,0.9530,0.0034,0.9501,0.0034,0.5319,0.0051,0.4712,0.0155,0.4995,0.0066,0.7262,0.0035
dpmpp2m,16,2,3,0.0148,0.0006,knn,knn,2000,6000,0.7829,0.0061,0.7945,0.0057,0.7858,0.0041,0.2981,0.0194,0.0106,0.0012,0.0204,0.0022,0.4075,0.0025
dpmpp2m,16,2,3,0.0148,0.0006,altered_knn,altered_knn,2000,4000,0.8546,0.0246,0.8647,0.0261,0.8927,0.0065,0.0313,0.0046,0.1777,0.1036,0.0498,0.0155,0.4572,0.0053
dpmpp2m,16,2,3,0.0148,0.0006,quadratic,quadratic,2000,6000,0.9614,0.0023,0.9713,0.0026,0.9658,0.0025,0.9207,0.0161,0.3030,0.0214,0.4556,0.0257,0.7135,0.0121
dpmpp2m,16,2,3,0.0148,0.0006,polar3,polar,2000,6000,0.9725,0.0015,0.9787,0.0023,0.9752,0.0018,0.8871,0.0515,0.5602,0.0353,0.6845,0.0169,0.8316,0.0076
dpmpp2m,16,2,3,0.0148,0.0006,knn,knn,5000,15000,0.7893,0.0039,0.8010,0.0037,0.7920,0.0027,0.4143,0.0816,0.0095,0.0024,0.0185,0.0046,0.4097,0.0040
dpmpp2m,16,2,3,0.0148,0.0006,altered_knn,altered_knn,5000,10000,0.8269,0.0459,0.8352,0.0480,0.8846,0.0205,0.0322,0.0020,0.2685,0.1156,0.0565,0.0035,0.4458,0.0236
dpmpp2m,16,2,3,0.0148,0.0006,quadratic,quadratic,5000,15000,0.9638,0.0027,0.9739,0.0028,0.9682,0.0028,0.9610,0.0132,0.2935,0.0258,0.4492,0.0317,0.7115,0.0154
dpmpp2m,16,2,3,0.0148,0.0006,polar3,polar,5000,15000,0.9811,0.0019,0.9865,0.0027,0.9846,0.0020,0.7854,0.0880,0.6229,0.0408,0.6894,0.0082,0.8380,0.0051
dpmpp2m,16,2,3,0.0148,0.0006,knn,knn,10000,30000,0.7920,0.0069,0.8037,0.0068,0.7945,0.0046,0.4977,0.0258,0.0107,0.0035,0.0209,0.0066,0.4123,0.0065
dpmpp2m,16,2,3,0.0148,0.0006,altered_knn,altered_knn,10000,20000,0.8314,0.0407,0.8403,0.0431,0.8875,0.0174,0.0307,0.0030,0.2450,0.0995,0.0534,0.0029,0.4468,0.0228
dpmpp2m,16,2,3,0.0148,0.0006,quadratic,quadratic,10000,30000,0.9654,0.0021,0.9755,0.0019,0.9699,0.0020,0.9636,0.0147,0.2912,0.0260,0.4468,0.0320,0.7112,0.0160
dpmpp2m,16,2,3,0.0148,0.0006,polar3,polar,10000,30000,0.9826,0.0011,0.9878,0.0020,0.9856,0.0014,0.8274,0.0379,0.6413,0.0445,0.7202,0.0144,0.8540,0.0062
dpmpp2m,16,2,3,0.0148,0.0006,knn,knn,15000,45000,0.7973,0.0082,0.8091,0.0079,0.8001,0.0059,0.4820,0.1594,0.0110,0.0038,0.0214,0.0074,0.4153,0.0076
dpmpp2m,16,2,3,0.0148,0.0006,altered_knn,altered_knn,15000,30000,0.7576,0.0852,0.7630,0.0890,0.8469,0.0493,0.0290,0.0042,0.4014,0.1610,0.0527,0.0048,0.4079,0.0468
dpmpp2m,16,2,3,0.0148,0.0006,quadratic,quadratic,15000,45000,0.9653,0.0022,0.9754,0.0021,0.9698,0.0022,0.9663,0.0142,0.2938,0.0225,0.4503,0.0278,0.7128,0.0137
dpmpp2m,16,2,3,0.0148,0.0006,polar3,polar,15000,45000,0.9828,0.0012,0.9879,0.0021,0.9860,0.0017,0.8007,0.0112,0.6450,0.0459,0.7132,0.0249,0.8506,0.0114
dpmpp2m,16,2,3,0.0148,0.0006,knn,knn,20000,60000,0.7996,0.0075,0.8114,0.0072,0.8022,0.0053,0.5507,0.0360,0.0109,0.0015,0.0213,0.0030,0.4164,0.0049
dpmpp2m,16,2,3,0.0148,0.0006,altered_knn,altered_knn,20000,40000,0.7612,0.0866,0.7666,0.0901,0.8479,0.0482,0.0298,0.0038,0.3947,0.1668,0.0539,0.0048,0.4102,0.0469
dpmpp2m,16,2,3,0.0148,0.0006,quadratic,quadratic,20000,60000,0.9658,0.0023,0.9760,0.0023,0.9704,0.0023,0.9656,0.0118,0.2877,0.0236,0.4429,0.0288,0.7095,0.0141
dpmpp2m,16,2,3,0.0148,0.0006,polar3,polar,20000,60000,0.9828,0.0014,0.9878,0.0022,0.9860,0.0019,0.7983,0.0201,0.6477,0.0412,0.7143,0.0259,0.8511,0.0119
dpmpp2m,16,4,3,0.0139,0.0004,knn,knn,2000,12000,0.6176,0.0146,0.6259,0.0147,0.6162,0.0119,0.1879,0.0187,0.0317,0.0029,0.0540,0.0032,0.3399,0.0077
dpmpp2m,16,4,3,0.0139,0.0004,altered_knn,altered_knn,2000,8000,0.8089,0.0144,0.8186,0.0152,0.8276,0.0064,0.0433,0.0064,0.1193,0.0550,0.0586,0.0033,0.4386,0.0063
dpmpp2m,16,4,3,0.0139,0.0004,quadratic,quadratic,2000,12000,0.9381,0.0070,0.9455,0.0068,0.9399,0.0077,0.8452,0.0015,0.4068,0.0074,0.5492,0.0069,0.7474,0.0057
dpmpp2m,16,4,3,0.0139,0.0004,polar3,polar,2000,12000,0.9490,0.0015,0.9543,0.0012,0.9538,0.0022,0.4653,0.0190,0.5696,0.0142,0.5121,0.0155,0.7332,0.0080
dpmpp2m,16,4,3,0.0139,0.0004,knn,knn,5000,30000,0.6304,0.0106,0.6388,0.0107,0.6291,0.0089,0.2142,0.0207,0.0289,0.0045,0.0508,0.0070,0.3448,0.0047
dpmpp2m,16,4,3,0.0139,0.0004,altered_knn,altered_knn,5000,20000,0.8147,0.0197,0.8247,0.0208,0.8329,0.0074,0.0402,0.0041,0.1048,0.0769,0.0495,0.0102,0.4371,0.0079
dpmpp2m,16,4,3,0.0139,0.0004,quadratic,quadratic,5000,30000,0.9435,0.0068,0.9511,0.0068,0.9454,0.0076,0.8786,0.0051,0.4006,0.0065,0.5503,0.0070,0.7507,0.0033
dpmpp2m,16,4,3,0.0139,0.0004,polar3,polar,5000,30000,0.9663,0.0029,0.9715,0.0027,0.9703,0.0024,0.5714,0.0204,0.5948,0.0121,0.5828,0.0164,0.7772,0.0095
dpmpp2m,16,4,3,0.0139,0.0004,knn,knn,10000,60000,0.6421,0.0119,0.6508,0.0119,0.6405,0.0094,0.2272,0.0022,0.0272,0.0013,0.0485,0.0020,0.3497,0.0061
dpmpp2m,16,4,3,0.0139,0.0004,altered_knn,altered_knn,10000,40000,0.8281,0.0055,0.8390,0.0055,0.8363,0.0046,0.0514,0.0066,0.0540,0.0109,0.0515,0.0031,0.4452,0.0012
dpmpp2m,16,4,3,0.0139,0.0004,quadratic,quadratic,10000,60000,0.9459,0.0080,0.9536,0.0079,0.9476,0.0088,0.8943,0.0073,0.4003,0.0088,0.5530,0.0091,0.7533,0.0058
dpmpp2m,16,4,3,0.0139,0.0004,polar3,polar,10000,60000,0.9698,0.0021,0.9751,0.0021,0.9740,0.0012,0.5779,0.0372,0.5953,0.0129,0.5858,0.0195,0.7804,0.0108
dpmpp2m,16,4,3,0.0139,0.0004,knn,knn,15000,90000,0.6485,0.0096,0.6572,0.0096,0.6463,0.0074,0.2872,0.0228,0.0320,0.0011,0.0575,0.0016,0.3573,0.0055
dpmpp2m,16,4,3,0.0139,0.0004,altered_knn,altered_knn,15000,60000,0.7677,0.0548,0.7748,0.0581,0.8201,0.0154,0.0377,0.0103,0.2756,0.1735,0.0573,0.0075,0.4161,0.0321
dpmpp2m,16,4,3,0.0139,0.0004,quadratic,quadratic,15000,90000,0.9470,0.0082,0.9546,0.0081,0.9487,0.0090,0.8978,0.0075,0.4017,0.0056,0.5550,0.0055,0.7548,0.0047
dpmpp2m,16,4,3,0.0139,0.0004,polar3,polar,15000,90000,0.9698,0.0020,0.9750,0.0021,0.9738,0.0014,0.5906,0.0435,0.5948,0.0099,0.5916,0.0192,0.7833,0.0103
dpmpp2m,16,4,3,0.0139,0.0004,knn,knn,20000,120000,0.6526,0.0097,0.6613,0.0096,0.6508,0.0075,0.3024,0.0223,0.0320,0.0043,0.0579,0.0073,0.3596,0.0085
dpmpp2m,16,4,3,0.0139,0.0004,altered_knn,altered_knn,20000,80000,0.7652,0.0629,0.7723,0.0665,0.8186,0.0196,0.0380,0.0123,0.2685,0.1829,0.0557,0.0069,0.4140,0.0364
dpmpp2m,16,4,3,0.0139,0.0004,quadratic,quadratic,20000,120000,0.9467,0.0088,0.9544,0.0086,0.9485,0.0096,0.9019,0.0065,0.3991,0.0022,0.5534,0.0025,0.7539,0.0045
dpmpp2m,16,4,3,0.0139,0.0004,polar3,polar,20000,120000,0.9705,0.0022,0.9758,0.0022,0.9744,0.0017,0.6035,0.0164,0.5948,0.0099,0.5989,0.0061,0.7873,0.0041
dpmpp2m,16,8,3,0.0146,0.0003,knn,knn,2000,24000,0.4858,0.0089,0.4919,0.0091,0.4870,0.0079,0.1094,0.0158,0.0744,0.0003,0.0881,0.0054,0.2900,0.0055
dpmpp2m,16,8,3,0.0146,0.0003,altered_knn,altered_knn,2000,16000,0.7389,0.0123,0.7471,0.0143,0.7621,0.0054,0.0510,0.0050,0.1899,0.1206,0.0739,0.0031,0.4105,0.0056
dpmpp2m,16,8,3,0.0146,0.0003,quadratic,quadratic,2000,24000,0.9056,0.0145,0.9124,0.0148,0.9066,0.0160,0.7107,0.0056,0.4487,0.0041,0.5501,0.0027,0.7312,0.0061
dpmpp2m,16,8,3,0.0146,0.0003,polar3,polar,2000,24000,0.9351,0.0062,0.9411,0.0062,0.9367,0.0048,0.7167,0.0268,0.5276,0.0054,0.6075,0.0067,0.7743,0.0053
dpmpp2m,16,8,3,0.0146,0.0003,knn,knn,5000,60000,0.5025,0.0106,0.5089,0.0109,0.5034,0.0102,0.1210,0.0041,0.0721,0.0029,0.0904,0.0030,0.2996,0.0050
dpmpp2m,16,8,3,0.0146,0.0003,altered_knn,altered_knn,5000,40000,0.7296,0.0117,0.7365,0.0124,0.7662,0.0074,0.0414,0.0035,0.2647,0.0524,0.0711,0.0051,0.4038,0.0082
dpmpp2m,16,8,3,0.0146,0.0003,quadratic,quadratic,5000,60000,0.9123,0.0148,0.9191,0.0150,0.9134,0.0163,0.7473,0.0039,0.4569,0.0033,0.5671,0.0025,0.7431,0.0078
dpmpp2m,16,8,3,0.0146,0.0003,polar3,polar,5000,60000,0.9501,0.0046,0.9564,0.0045,0.9520,0.0035,0.7748,0.0164,0.5247,0.0071,0.6255,0.0016,0.7910,0.0029
dpmpp2m,16,8,3,0.0146,0.0003,knn,knn,10000,120000,0.5155,0.0116,0.5222,0.0119,0.5164,0.0111,0.1292,0.0050,0.0673,0.0016,0.0885,0.0025,0.3053,0.0062
dpmpp2m,16,8,3,0.0146,0.0003,altered_knn,altered_knn,10000,80000,0.7542,0.0128,0.7637,0.0139,0.7700,0.0065,0.0476,0.0034,0.1164,0.0732,0.0614,0.0074,0.4125,0.0035
dpmpp2m,16,8,3,0.0146,0.0003,quadratic,quadratic,10000,120000,0.9147,0.0156,0.9215,0.0159,0.9158,0.0171,0.7597,0.0040,0.4586,0.0066,0.5719,0.0046,0.7467,0.0076
dpmpp2m,16,8,3,0.0146,0.0003,polar3,polar,10000,120000,0.9541,0.0038,0.9604,0.0036,0.9560,0.0029,0.7931,0.0147,0.5243,0.0068,0.6311,0.0005,0.7958,0.0019
dpmpp2m,16,8,3,0.0146,0.0003,knn,knn,15000,180000,0.5232,0.0112,0.5300,0.0115,0.5236,0.0111,0.1404,0.0075,0.0657,0.0040,0.0895,0.0052,0.3097,0.0054
dpmpp2m,16,8,3,0.0146,0.0003,altered_knn,altered_knn,15000,120000,0.7565,0.0074,0.7662,0.0090,0.7704,0.0066,0.0540,0.0095,0.1039,0.0965,0.0533,0.0163,0.4098,0.0037
dpmpp2m,16,8,3,0.0146,0.0003,quadratic,quadratic,15000,180000,0.9163,0.0154,0.9231,0.0157,0.9174,0.0169,0.7671,0.0053,0.4587,0.0080,0.5740,0.0059,0.7485,0.0077
dpmpp2m,16,8,3,0.0146,0.0003,polar3,polar,15000,180000,0.9555,0.0044,0.9619,0.0043,0.9573,0.0036,0.8154,0.0115,0.5231,0.0082,0.6372,0.0029,0.7996,0.0031
dpmpp2m,16,8,3,0.0146,0.0003,knn,knn,20000,240000,0.5290,0.0105,0.5358,0.0107,0.5294,0.0104,0.1599,0.0021,0.0675,0.0017,0.0949,0.0019,0.3154,0.0045
dpmpp2m,16,8,3,0.0146,0.0003,altered_knn,altered_knn,20000,160000,0.7564,0.0077,0.7659,0.0092,0.7720,0.0070,0.0515,0.0065,0.1197,0.0948,0.0601,0.0122,0.4130,0.0017
dpmpp2m,16,8,3,0.0146,0.0003,quadratic,quadratic,20000,240000,0.9200,0.0142,0.9270,0.0145,0.9211,0.0157,0.8036,0.0049,0.4473,0.0090,0.5746,0.0070,0.7508,0.0071
dpmpp2m,16,8,3,0.0146,0.0003,polar3,polar,20000,240000,0.9573,0.0047,0.9637,0.0046,0.9589,0.0039,0.8551,0.0071,0.5272,0.0092,0.6522,0.0057,0.8080,0.0047
dpmpp2m,16,16,3,0.0155,0.0001,knn,knn,2000,48000,0.3898,0.0018,0.3941,0.0018,0.3936,0.0020,0.0713,0.0062,0.1222,0.0022,0.0899,0.0053,0.2420,0.0018
dpmpp2m,16,16,3,0.0155,0.0001,altered_knn,altered_knn,2000,32000,0.7009,0.0104,0.7085,0.0114,0.7240,0.0016,0.0573,0.0063,0.2169,0.0575,0.0887,0.0041,0.3986,0.0077
dpmpp2m,16,16,3,0.0155,0.0001,quadratic,quadratic,2000,48000,0.8979,0.0023,0.9048,0.0023,0.9003,0.0015,0.5595,0.0036,0.4569,0.0043,0.5030,0.0023,0.7039,0.0018
dpmpp2m,16,16,3,0.0155,0.0001,polar3,polar,2000,48000,0.9304,0.0024,0.9376,0.0023,0.9325,0.0018,0.7464,0.0069,0.4735,0.0065,0.5794,0.0064,0.7585,0.0043
dpmpp2m,16,16,3,0.0155,0.0001,knn,knn,5000,120000,0.4114,0.0027,0.4159,0.0027,0.4149,0.0025,0.0822,0.0057,0.1207,0.0037,0.0977,0.0044,0.2568,0.0028
dpmpp2m,16,16,3,0.0155,0.0001,altered_knn,altered_knn,5000,80000,0.7103,0.0083,0.7191,0.0093,0.7281,0.0008,0.0565,0.0064,0.1527,0.0529,0.0793,0.0008,0.3992,0.0050
dpmpp2m,16,16,3,0.0155,0.0001,quadratic,quadratic,5000,120000,0.9060,0.0031,0.9130,0.0030,0.9083,0.0022,0.5791,0.0004,0.4608,0.0050,0.5132,0.0031,0.7131,0.0029
dpmpp2m,16,16,3,0.0155,0.0001,polar3,polar,5000,120000,0.9432,0.0024,0.9507,0.0023,0.9456,0.0019,0.7933,0.0060,0.4655,0.0070,0.5867,0.0061,0.7687,0.0042
dpmpp2m,16,16,3,0.0155,0.0001,knn,knn,10000,240000,0.4276,0.0028,0.4325,0.0028,0.4310,0.0026,0.0935,0.0046,0.1174,0.0018,0.1040,0.0026,0.2682,0.0016
dpmpp2m,16,16,3,0.0155,0.0001,altered_knn,altered_knn,10000,160000,0.6994,0.0321,0.7073,0.0358,0.7273,0.0033,0.0483,0.0061,0.1960,0.2089,0.0579,0.0112,0.3826,0.0124
dpmpp2m,16,16,3,0.0155,0.0001,quadratic,quadratic,10000,240000,0.9132,0.0030,0.9205,0.0029,0.9153,0.0022,0.6377,0.0014,0.4506,0.0049,0.5281,0.0033,0.7243,0.0030
dpmpp2m,16,16,3,0.0155,0.0001,polar3,polar,10000,240000,0.9494,0.0019,0.9570,0.0017,0.9518,0.0014,0.8221,0.0019,0.4664,0.0083,0.5951,0.0066,0.7760,0.0042
dpmpp2m,16,16,3,0.0155,0.0001,knn,knn,15000,360000,0.4371,0.0035,0.4421,0.0035,0.4405,0.0033,0.0982,0.0016,0.1169,0.0025,0.1067,0.0006,0.2744,0.0020
dpmpp2m,16,16,3,0.0155,0.0001,altered_knn,altered_knn,15000,240000,0.6976,0.0287,0.7047,0.0317,0.7300,0.0042,0.0496,0.0079,0.2443,0.1645,0.0747,0.0015,0.3897,0.0165
dpmpp2m,16,16,3,0.0155,0.0001,quadratic,quadratic,15000,360000,0.9249,0.0028,0.9327,0.0027,0.9267,0.0023,0.7388,0.0012,0.4249,0.0054,0.5395,0.0042,0.7361,0.0034
dpmpp2m,16,16,3,0.0155,0.0001,polar3,polar,15000,360000,0.9526,0.0017,0.9601,0.0016,0.9551,0.0012,0.8439,0.0049,0.4758,0.0076,0.6085,0.0073,0.7843,0.0044
dpmpp2m,16,16,3,0.0155,0.0001,knn,knn,20000,480000,0.4427,0.0029,0.4478,0.0029,0.4463,0.0026,0.0989,0.0017,0.1153,0.0034,0.1065,0.0024,0.2772,0.0025
dpmpp2m,16,16,3,0.0155,0.0001,altered_knn,altered_knn,20000,320000,0.7137,0.0072,0.7224,0.0082,0.7329,0.0014,0.0540,0.0077,0.1568,0.0536,0.0771,0.0031,0.3997,0.0056
dpmpp2m,16,16,3,0.0155,0.0001,quadratic,quadratic,20000,480000,0.9319,0.0031,0.9400,0.0031,0.9339,0.0027,0.7909,0.0012,0.4147,0.0045,0.5441,0.0037,0.7421,0.0034
dpmpp2m,16,16,3,0.0155,0.0001,polar3,polar,20000,480000,0.9538,0.0014,0.9613,0.0013,0.9563,0.0010,0.8478,0.0045,0.4808,0.0068,0.6136,0.0063,0.7874,0.0037
dpmpp2m,32,2,3,0.0156,0.0003,knn,knn,2000,6000,0.7385,0.0031,0.7502,0.0033,0.7414,0.0013,0.1241,0.0199,0.0038,0.0005,0.0075,0.0010,0.3788,0.0014
dpmpp2m,32,2,3,0.0156,0.0003,altered_knn,altered_knn,2000,4000,0.7290,0.1293,0.7352,0.1346,0.8103,0.0794,0.0265,0.0034,0.3339,0.2067,0.0474,0.0041,0.3913,0.0691
dpmpp2m,32,2,3,0.0156,0.0003,quadratic,quadratic,2000,6000,0.9486,0.0006,0.9590,0.0007,0.9541,0.0007,0.6445,0.0150,0.2895,0.0096,0.3994,0.0094,0.6792,0.0045
dpmpp2m,32,2,3,0.0156,0.0003,polar3,polar,2000,6000,0.9610,0.0022,0.9692,0.0022,0.9643,0.0024,0.9190,0.0182,0.4408,0.0110,0.5956,0.0085,0.7824,0.0037
dpmpp2m,32,2,3,0.0156,0.0003,knn,knn,5000,15000,0.7517,0.0015,0.7635,0.0017,0.7547,0.0009,0.1782,0.0220,0.0039,0.0010,0.0076,0.0019,0.3856,0.0009
dpmpp2m,32,2,3,0.0156,0.0003,altered_knn,altered_knn,5000,10000,0.8113,0.0606,0.8208,0.0638,0.8668,0.0258,0.0235,0.0063,0.2057,0.1507,0.0397,0.0145,0.4303,0.0277
dpmpp2m,32,2,3,0.0156,0.0003,quadratic,quadratic,5000,15000,0.9624,0.0008,0.9735,0.0007,0.9677,0.0008,0.8376,0.0124,0.2603,0.0029,0.3972,0.0044,0.6853,0.0023
dpmpp2m,32,2,3,0.0156,0.0003,polar3,polar,5000,15000,0.9757,0.0031,0.9828,0.0032,0.9787,0.0033,0.9778,0.0071,0.5309,0.0046,0.6881,0.0029,0.8355,0.0027
dpmpp2m,32,2,3,0.0156,0.0003,knn,knn,10000,30000,0.7560,0.0028,0.7679,0.0029,0.7587,0.0007,0.2312,0.0496,0.0047,0.0022,0.0093,0.0043,0.3886,0.0020
dpmpp2m,32,2,3,0.0156,0.0003,altered_knn,altered_knn,10000,20000,0.6778,0.1017,0.6809,0.1060,0.7914,0.0615,0.0262,0.0032,0.4842,0.1720,0.0489,0.0041,0.3649,0.0550
dpmpp2m,32,2,3,0.0156,0.0003,quadratic,quadratic,10000,30000,0.9657,0.0010,0.9770,0.0009,0.9710,0.0010,0.8786,0.0027,0.2491,0.0042,0.3881,0.0052,0.6826,0.0030
dpmpp2m,32,2,3,0.0156,0.0003,polar3,polar,10000,30000,0.9797,0.0012,0.9858,0.0013,0.9824,0.0012,0.9848,0.0049,0.5946,0.0051,0.7415,0.0045,0.8636,0.0019
dpmpp2m,32,2,3,0.0156,0.0003,knn,knn,15000,45000,0.7586,0.0032,0.7706,0.0034,0.7614,0.0005,0.1911,0.0009,0.0028,0.0004,0.0055,0.0007,0.3881,0.0016
dpmpp2m,32,2,3,0.0156,0.0003,altered_knn,altered_knn,15000,30000,0.8350,0.0118,0.8448,0.0125,0.8846,0.0046,0.0320,0.0024,0.2191,0.0439,0.0556,0.0049,0.4502,0.0060
dpmpp2m,32,2,3,0.0156,0.0003,quadratic,quadratic,15000,45000,0.9670,0.0009,0.9785,0.0008,0.9725,0.0009,0.8980,0.0050,0.2443,0.0045,0.3840,0.0055,0.6813,0.0029
dpmpp2m,32,2,3,0.0156,0.0003,polar3,polar,15000,45000,0.9799,0.0007,0.9858,0.0009,0.9825,0.0008,0.9838,0.0039,0.6094,0.0087,0.7526,0.0075,0.8692,0.0033
dpmpp2m,32,2,3,0.0156,0.0003,knn,knn,20000,60000,0.7608,0.0053,0.7728,0.0054,0.7637,0.0026,0.2669,0.1131,0.0039,0.0019,0.0076,0.0038,0.3902,0.0039
dpmpp2m,32,2,3,0.0156,0.0003,altered_knn,altered_knn,20000,40000,0.8370,0.0119,0.8467,0.0126,0.8861,0.0045,0.0334,0.0012,0.2247,0.0394,0.0580,0.0025,0.4524,0.0061
dpmpp2m,32,2,3,0.0156,0.0003,quadratic,quadratic,20000,60000,0.9675,0.0008,0.9790,0.0008,0.9729,0.0009,0.9069,0.0037,0.2388,0.0078,0.3780,0.0096,0.6785,0.0046
dpmpp2m,32,2,3,0.0156,0.0003,polar3,polar,20000,60000,0.9798,0.0007,0.9856,0.0009,0.9823,0.0008,0.9832,0.0048,0.6130,0.0074,0.7552,0.0063,0.8704,0.0028
dpmpp2m,32,4,3,0.0154,0.0002,knn,knn,2000,12000,0.5585,0.0059,0.5670,0.0059,0.5562,0.0026,0.1080,0.0046,0.0161,0.0001,0.0280,0.0003,0.2975,0.0031
dpmpp2m,32,4,3,0.0154,0.0002,altered_knn,altered_knn,2000,8000,0.7771,0.0087,0.7878,0.0093,0.7920,0.0022,0.0406,0.0027,0.0896,0.0345,0.0536,0.0038,0.4207,0.0030
dpmpp2m,32,4,3,0.0154,0.0002,quadratic,quadratic,2000,12000,0.9090,0.0021,0.9182,0.0020,0.9115,0.0018,0.6596,0.0051,0.3246,0.0115,0.4349,0.0094,0.6765,0.0052
dpmpp2m,32,4,3,0.0154,0.0002,polar3,polar,2000,12000,0.9321,0.0010,0.9392,0.0010,0.9326,0.0008,0.9378,0.0034,0.4807,0.0056,0.6356,0.0043,0.7874,0.0017
dpmpp2m,32,4,3,0.0154,0.0002,knn,knn,5000,30000,0.5748,0.0070,0.5836,0.0070,0.5726,0.0044,0.1122,0.0175,0.0115,0.0023,0.0208,0.0041,0.3022,0.0055
dpmpp2m,32,4,3,0.0154,0.0002,altered_knn,altered_knn,5000,20000,0.7995,0.0055,0.8111,0.0062,0.8087,0.0012,0.0465,0.0021,0.0558,0.0365,0.0439,0.0172,0.4275,0.0055
dpmpp2m,32,4,3,0.0154,0.0002,quadratic,quadratic,5000,30000,0.9284,0.0009,0.9379,0.0007,0.9311,0.0010,0.7906,0.0090,0.3230,0.0115,0.4585,0.0110,0.6982,0.0058
dpmpp2m,32,4,3,0.0154,0.0002,polar3,polar,5000,30000,0.9628,0.0025,0.9693,0.0025,0.9641,0.0024,0.9789,0.0039,0.5484,0.0092,0.7029,0.0066,0.8361,0.0026
dpmpp2m,32,4,3,0.0154,0.0002,knn,knn,10000,60000,0.5853,0.0111,0.5943,0.0111,0.5831,0.0078,0.1319,0.0132,0.0115,0.0015,0.0211,0.0026,0.3077,0.0068
dpmpp2m,32,4,3,0.0154,0.0002,altered_knn,altered_knn,10000,40000,0.8036,0.0021,0.8151,0.0024,0.8151,0.0012,0.0481,0.0048,0.0740,0.0213,0.0568,0.0052,0.4359,0.0014
dpmpp2m,32,4,3,0.0154,0.0002,quadratic,quadratic,10000,60000,0.9350,0.0011,0.9446,0.0008,0.9378,0.0011,0.8394,0.0095,0.3227,0.0145,0.4659,0.0139,0.7053,0.0073
dpmpp2m,32,4,3,0.0154,0.0002,polar3,polar,10000,60000,0.9686,0.0044,0.9749,0.0045,0.9703,0.0047,0.9831,0.0023,0.5635,0.0094,0.7163,0.0069,0.8456,0.0018
dpmpp2m,32,4,3,0.0154,0.0002,knn,knn,15000,90000,0.5902,0.0111,0.5992,0.0112,0.5880,0.0079,0.1551,0.0103,0.0110,0.0008,0.0206,0.0015,0.3099,0.0049
dpmpp2m,32,4,3,0.0154,0.0002,altered_knn,altered_knn,15000,60000,0.7855,0.0196,0.7951,0.0215,0.8131,0.0040,0.0446,0.0089,0.1678,0.0963,0.0589,0.0096,0.4270,0.0064
dpmpp2m,32,4,3,0.0154,0.0002,quadratic,quadratic,15000,90000,0.9375,0.0013,0.9471,0.0011,0.9402,0.0015,0.8583,0.0146,0.3235,0.0114,0.4697,0.0100,0.7084,0.0056
dpmpp2m,32,4,3,0.0154,0.0002,polar3,polar,15000,90000,0.9708,0.0029,0.9772,0.0030,0.9725,0.0029,0.9846,0.0018,0.5664,0.0102,0.7191,0.0078,0.8481,0.0031
dpmpp2m,32,4,3,0.0154,0.0002,knn,knn,20000,120000,0.5943,0.0084,0.6035,0.0084,0.5923,0.0052,0.1257,0.0079,0.0094,0.0006,0.0175,0.0010,0.3105,0.0047
dpmpp2m,32,4,3,0.0154,0.0002,altered_knn,altered_knn,20000,80000,0.7990,0.0094,0.8097,0.0104,0.8173,0.0007,0.0427,0.0014,0.1133,0.0589,0.0584,0.0081,0.4341,0.0021
dpmpp2m,32,4,3,0.0154,0.0002,quadratic,quadratic,20000,120000,0.9386,0.0014,0.9483,0.0013,0.9414,0.0016,0.8627,0.0110,0.3202,0.0134,0.4668,0.0128,0.7076,0.0069
dpmpp2m,32,4,3,0.0154,0.0002,polar3,polar,20000,120000,0.9714,0.0026,0.9777,0.0027,0.9730,0.0027,0.9858,0.0026,0.5689,0.0100,0.7214,0.0074,0.8496,0.0033
dpmpp2m,32,8,3,0.0153,0.0002,knn,knn,2000,24000,0.4268,0.0063,0.4329,0.0065,0.4258,0.0064,0.0746,0.0020,0.0348,0.0015,0.0474,0.0012,0.2402,0.0027
dpmpp2m,32,8,3,0.0153,0.0002,altered_knn,altered_knn,2000,16000,0.7243,0.0082,0.7341,0.0090,0.7368,0.0060,0.0500,0.0041,0.0864,0.0510,0.0536,0.0201,0.3939,0.0064
dpmpp2m,32,8,3,0.0153,0.0002,quadratic,quadratic,2000,24000,0.8830,0.0063,0.8908,0.0065,0.8849,0.0073,0.5776,0.0038,0.3766,0.0023,0.4559,0.0028,0.6734,0.0036
dpmpp2m,32,8,3,0.0153,0.0002,polar3,polar,2000,24000,0.9174,0.0043,0.9241,0.0044,0.9181,0.0051,0.9487,0.0047,0.4851,0.0023,0.6419,0.0009,0.7830,0.0026
dpmpp2m,32,8,3,0.0153,0.0002,knn,knn,5000,60000,0.4427,0.0040,0.4491,0.0041,0.4417,0.0044,0.0861,0.0037,0.0331,0.0012,0.0478,0.0019,0.2484,0.0012
dpmpp2m,32,8,3,0.0153,0.0002,altered_knn,altered_knn,5000,40000,0.7360,0.0132,0.7452,0.0143,0.7540,0.0069,0.0526,0.0057,0.1410,0.0530,0.0736,0.0030,0.4094,0.0070
dpmpp2m,32,8,3,0.0153,0.0002,quadratic,quadratic,5000,60000,0.9090,0.0082,0.9171,0.0084,0.9108,0.0092,0.6879,0.0057,0.3859,0.0047,0.4944,0.0029,0.7058,0.0054
dpmpp2m,32,8,3,0.0153,0.0002,polar3,polar,5000,60000,0.9457,0.0063,0.9525,0.0064,0.9469,0.0068,0.9798,0.0039,0.5083,0.0014,0.6693,0.0006,0.8109,0.0035
dpmpp2m,32,8,3,0.0153,0.0002,knn,knn,10000,120000,0.4531,0.0056,0.4597,0.0057,0.4522,0.0055,0.0956,0.0068,0.0308,0.0025,0.0466,0.0037,0.2532,0.0043
dpmpp2m,32,8,3,0.0153,0.0002,altered_knn,altered_knn,10000,80000,0.7516,0.0041,0.7620,0.0040,0.7612,0.0065,0.0654,0.0037,0.0802,0.0145,0.0710,0.0044,0.4165,0.0041
dpmpp2m,32,8,3,0.0153,0.0002,quadratic,quadratic,10000,120000,0.9182,0.0096,0.9264,0.0099,0.9201,0.0106,0.7225,0.0010,0.3897,0.0040,0.5063,0.0036,0.7163,0.0050
dpmpp2m,32,8,3,0.0153,0.0002,polar3,polar,10000,120000,0.9532,0.0067,0.9601,0.0068,0.9548,0.0070,0.9844,0.0026,0.5129,0.0054,0.6744,0.0041,0.8172,0.0053
dpmpp2m,32,8,3,0.0153,0.0002,knn,knn,15000,180000,0.4580,0.0065,0.4646,0.0066,0.4571,0.0065,0.0947,0.0047,0.0281,0.0014,0.0433,0.0021,0.2540,0.0034
dpmpp2m,32,8,3,0.0153,0.0002,altered_knn,altered_knn,15000,120000,0.7356,0.0327,0.7444,0.0357,0.7609,0.0085,0.0588,0.0175,0.1696,0.1585,0.0637,0.0032,0.4040,0.0163
dpmpp2m,32,8,3,0.0153,0.0002,quadratic,quadratic,15000,180000,0.9216,0.0103,0.9298,0.0105,0.9234,0.0113,0.7415,0.0011,0.3902,0.0024,0.5113,0.0022,0.7206,0.0057
dpmpp2m,32,8,3,0.0153,0.0002,polar3,polar,15000,180000,0.9553,0.0069,0.9622,0.0070,0.9571,0.0071,0.9848,0.0022,0.5149,0.0061,0.6762,0.0049,0.8192,0.0058
dpmpp2m,32,8,3,0.0153,0.0002,knn,knn,20000,240000,0.4623,0.0070,0.4690,0.0072,0.4616,0.0073,0.1059,0.0057,0.0304,0.0012,0.0473,0.0020,0.2581,0.0030
dpmpp2m,32,8,3,0.0153,0.0002,altered_knn,altered_knn,20000,160000,0.7447,0.0026,0.7538,0.0030,0.7634,0.0064,0.0531,0.0006,0.1550,0.0558,0.0767,0.0085,0.4152,0.0038
dpmpp2m,32,8,3,0.0153,0.0002,quadratic,quadratic,20000,240000,0.9255,0.0103,0.9340,0.0105,0.9272,0.0112,0.7962,0.0035,0.3737,0.0027,0.5086,0.0032,0.7213,0.0066
dpmpp2m,32,8,3,0.0153,0.0002,polar3,polar,20000,240000,0.9565,0.0063,0.9634,0.0063,0.9585,0.0063,0.9846,0.0021,0.5152,0.0042,0.6765,0.0034,0.8199,0.0048
dpmpp2m,32,16,3,0.0168,0.0008,knn,knn,2000,48000,0.3203,0.0024,0.3248,0.0026,0.3209,0.0025,0.0611,0.0004,0.0566,0.0024,0.0587,0.0014,0.1918,0.0006
dpmpp2m,32,16,3,0.0168,0.0008,altered_knn,altered_knn,2000,32000,0.6724,0.0068,0.6802,0.0077,0.6959,0.0028,0.0591,0.0073,0.2168,0.0259,0.0920,0.0073,0.3861,0.0073
dpmpp2m,32,16,3,0.0168,0.0008,quadratic,quadratic,2000,48000,0.8629,0.0012,0.8707,0.0013,0.8669,0.0011,0.4829,0.0139,0.4060,0.0043,0.4409,0.0038,0.6558,0.0019
dpmpp2m,32,16,3,0.0168,0.0008,polar3,polar,2000,48000,0.9104,0.0007,0.9184,0.0012,0.9117,0.0009,0.9602,0.0077,0.4416,0.0185,0.6046,0.0158,0.7615,0.0074
dpmpp2m,32,16,3,0.0168,0.0008,knn,knn,5000,120000,0.3352,0.0015,0.3400,0.0017,0.3360,0.0015,0.0678,0.0025,0.0546,0.0012,0.0605,0.0017,0.2002,0.0013
dpmpp2m,32,16,3,0.0168,0.0008,altered_knn,altered_knn,5000,80000,0.6930,0.0028,0.7017,0.0040,0.7109,0.0031,0.0709,0.0076,0.1825,0.0555,0.0984,0.0038,0.4001,0.0011
dpmpp2m,32,16,3,0.0168,0.0008,quadratic,quadratic,5000,120000,0.8927,0.0012,0.9008,0.0014,0.8965,0.0012,0.5596,0.0187,0.4212,0.0068,0.4804,0.0041,0.6906,0.0020
dpmpp2m,32,16,3,0.0168,0.0008,polar3,polar,5000,120000,0.9333,0.0026,0.9418,0.0033,0.9352,0.0029,0.9768,0.0058,0.4372,0.0173,0.6037,0.0153,0.7728,0.0061
dpmpp2m,32,16,3,0.0168,0.0008,knn,knn,10000,240000,0.3448,0.0019,0.3498,0.0022,0.3459,0.0019,0.0771,0.0033,0.0523,0.0004,0.0623,0.0012,0.2060,0.0017
dpmpp2m,32,16,3,0.0168,0.0008,altered_knn,altered_knn,10000,160000,0.7041,0.0010,0.7145,0.0019,0.7146,0.0025,0.0796,0.0071,0.0933,0.0374,0.0809,0.0128,0.3977,0.0057
dpmpp2m,32,16,3,0.0168,0.0008,quadratic,quadratic,10000,240000,0.9073,0.0018,0.9158,0.0019,0.9106,0.0018,0.6594,0.0174,0.4082,0.0072,0.5041,0.0041,0.7100,0.0012
dpmpp2m,32,16,3,0.0168,0.0008,polar3,polar,10000,240000,0.9424,0.0018,0.9511,0.0023,0.9448,0.0019,0.9803,0.0059,0.4375,0.0171,0.6047,0.0152,0.7779,0.0068
dpmpp2m,32,16,3,0.0168,0.0008,knn,knn,15000,360000,0.3510,0.0022,0.3562,0.0024,0.3523,0.0023,0.0775,0.0060,0.0493,0.0008,0.0602,0.0024,0.2082,0.0024
dpmpp2m,32,16,3,0.0168,0.0008,altered_knn,altered_knn,15000,240000,0.7069,0.0006,0.7181,0.0010,0.7144,0.0027,0.0863,0.0100,0.0502,0.0326,0.0566,0.0215,0.3874,0.0108
dpmpp2m,32,16,3,0.0168,0.0008,quadratic,quadratic,15000,360000,0.9212,0.0017,0.9307,0.0018,0.9241,0.0016,0.8088,0.0119,0.3687,0.0116,0.5062,0.0085,0.7184,0.0039
dpmpp2m,32,16,3,0.0168,0.0008,polar3,polar,15000,360000,0.9456,0.0011,0.9542,0.0017,0.9483,0.0013,0.9824,0.0063,0.4426,0.0176,0.6100,0.0155,0.7821,0.0070
dpmpp2m,32,16,3,0.0168,0.0008,knn,knn,20000,480000,0.3547,0.0028,0.3599,0.0031,0.3561,0.0030,0.0791,0.0061,0.0485,0.0021,0.0601,0.0034,0.2100,0.0032
dpmpp2m,32,16,3,0.0168,0.0008,altered_knn,altered_knn,20000,320000,0.6876,0.0262,0.6959,0.0300,0.7146,0.0035,0.0639,0.0153,0.2128,0.1757,0.0787,0.0077,0.3873,0.0152
dpmpp2m,32,16,3,0.0168,0.0008,quadratic,quadratic,20000,480000,0.9300,0.0013,0.9399,0.0016,0.9330,0.0013,0.8764,0.0122,0.3530,0.0133,0.5030,0.0114,0.7214,0.0052
dpmpp2m,32,16,3,0.0168,0.0008,polar3,polar,20000,480000,0.9451,0.0021,0.9534,0.0027,0.9475,0.0022,0.9402,0.0090,0.4572,0.0170,0.6150,0.0136,0.7842,0.0055
dpmpp2m,64,2,3,0.0182,0.0004,knn,knn,2000,6000,0.6918,0.0088,0.7046,0.0087,0.6961,0.0062,0.0959,0.0164,0.0046,0.0010,0.0088,0.0019,0.3567,0.0050
dpmpp2m,64,2,3,0.0182,0.0004,altered_knn,altered_knn,2000,4000,0.7230,0.0638,0.7307,0.0666,0.8039,0.0339,0.0285,0.0030,0.3036,0.0916,0.0516,0.0040,0.3912,0.0353
dpmpp2m,64,2,3,0.0182,0.0004,quadratic,quadratic,2000,6000,0.6599,0.0061,0.6659,0.0061,0.7349,0.0054,0.0300,0.0004,0.3375,0.0098,0.0551,0.0009,0.3605,0.0031
dpmpp2m,64,2,3,0.0182,0.0004,polar3,polar,2000,6000,0.9441,0.0033,0.9550,0.0035,0.9490,0.0034,0.8706,0.0054,0.3543,0.0180,0.5034,0.0172,0.7292,0.0079
dpmpp2m,64,2,3,0.0182,0.0004,knn,knn,5000,15000,0.7053,0.0081,0.7184,0.0080,0.7093,0.0051,0.0351,0.0231,0.0011,0.0008,0.0021,0.0015,0.3602,0.0037
dpmpp2m,64,2,3,0.0182,0.0004,altered_knn,altered_knn,5000,10000,0.7913,0.0075,0.8022,0.0079,0.8447,0.0038,0.0310,0.0016,0.2044,0.0229,0.0537,0.0030,0.4280,0.0028
dpmpp2m,64,2,3,0.0182,0.0004,quadratic,quadratic,5000,15000,0.9264,0.0004,0.9383,0.0006,0.9366,0.0002,0.3123,0.0153,0.2827,0.0066,0.2967,0.0100,0.6175,0.0053
dpmpp2m,64,2,3,0.0182,0.0004,polar3,polar,5000,15000,0.9648,0.0007,0.9747,0.0011,0.9690,0.0009,0.9862,0.0018,0.4320,0.0207,0.6006,0.0196,0.7876,0.0093
dpmpp2m,64,2,3,0.0182,0.0004,knn,knn,10000,30000,0.7136,0.0078,0.7267,0.0077,0.7175,0.0048,0.1249,0.0023,0.0031,0.0003,0.0061,0.0005,0.3664,0.0040
dpmpp2m,64,2,3,0.0182,0.0004,altered_knn,altered_knn,10000,20000,0.7208,0.1320,0.7284,0.1380,0.8025,0.0817,0.0294,0.0045,0.3138,0.1930,0.0516,0.0051,0.3900,0.0714
dpmpp2m,64,2,3,0.0182,0.0004,quadratic,quadratic,10000,30000,0.9508,0.0014,0.9637,0.0011,0.9583,0.0014,0.5692,0.0140,0.2575,0.0059,0.3544,0.0051,0.6591,0.0030
dpmpp2m,64,2,3,0.0182,0.0004,polar3,polar,10000,30000,0.9747,0.0001,0.9836,0.0006,0.9787,0.0002,0.9919,0.0020,0.4954,0.0249,0.6605,0.0224,0.8220,0.0109
dpmpp2m,64,2,3,0.0182,0.0004,knn,knn,15000,45000,0.7166,0.0100,0.7299,0.0099,0.7209,0.0073,0.1015,0.0236,0.0020,0.0007,0.0040,0.0014,0.3669,0.0055
dpmpp2m,64,2,3,0.0182,0.0004,altered_knn,altered_knn,15000,30000,0.8198,0.0040,0.8322,0.0044,0.8653,0.0012,0.0286,0.0016,0.1511,0.0172,0.0481,0.0030,0.4402,0.0016
dpmpp2m,64,2,3,0.0182,0.0004,quadratic,quadratic,15000,45000,0.9564,0.0009,0.9696,0.0003,0.9634,0.0007,0.6694,0.0141,0.2434,0.0213,0.3564,0.0229,0.6630,0.0116
dpmpp2m,64,2,3,0.0182,0.0004,polar3,polar,15000,45000,0.9781,0.0004,0.9864,0.0004,0.9819,0.0003,0.9962,0.0005,0.5302,0.0198,0.6918,0.0167,0.8391,0.0082
dpmpp2m,64,2,3,0.0182,0.0004,knn,knn,20000,60000,0.7169,0.0102,0.7301,0.0101,0.7210,0.0071,0.0795,0.0327,0.0015,0.0007,0.0029,0.0014,0.3665,0.0056
dpmpp2m,64,2,3,0.0182,0.0004,altered_knn,altered_knn,20000,40000,0.6355,0.1185,0.6385,0.1241,0.7553,0.0739,0.0268,0.0032,0.4726,0.1836,0.0496,0.0036,0.3441,0.0638
dpmpp2m,64,2,3,0.0182,0.0004,quadratic,quadratic,20000,60000,0.9610,0.0010,0.9745,0.0005,0.9680,0.0009,0.7187,0.0010,0.2346,0.0139,0.3535,0.0159,0.6640,0.0082
dpmpp2m,64,2,3,0.0182,0.0004,polar3,polar,20000,60000,0.9793,0.0006,0.9876,0.0009,0.9831,0.0008,0.9946,0.0006,0.5373,0.0198,0.6975,0.0166,0.8425,0.0081
dpmpp2m,64,4,3,0.0174,0.0005,knn,knn,2000,12000,0.5040,0.0056,0.5128,0.0060,0.5032,0.0038,0.0494,0.0058,0.0090,0.0011,0.0153,0.0019,0.2640,0.0021
dpmpp2m,64,4,3,0.0174,0.0005,altered_knn,altered_knn,2000,8000,0.7220,0.0326,0.7334,0.0350,0.7453,0.0061,0.0433,0.0169,0.0772,0.0954,0.0244,0.0116,0.3789,0.0121
dpmpp2m,64,4,3,0.0174,0.0005,quadratic,quadratic,2000,12000,0.7350,0.0030,0.7424,0.0029,0.7597,0.0034,0.0757,0.0029,0.3187,0.0038,0.1224,0.0039,0.4324,0.0018
dpmpp2m,64,4,3,0.0174,0.0005,polar3,polar,2000,12000,0.9155,0.0021,0.9249,0.0024,0.9181,0.0026,0.9749,0.0010,0.3867,0.0097,0.5537,0.0098,0.7393,0.0039
dpmpp2m,64,4,3,0.0174,0.0005,knn,knn,5000,30000,0.5201,0.0060,0.5292,0.0064,0.5196,0.0038,0.0527,0.0109,0.0078,0.0015,0.0136,0.0026,0.2714,0.0042
dpmpp2m,64,4,3,0.0174,0.0005,altered_knn,altered_knn,5000,20000,0.7461,0.0179,0.7580,0.0195,0.7678,0.0040,0.0309,0.0057,0.0773,0.0518,0.0383,0.0090,0.3982,0.0083
dpmpp2m,64,4,3,0.0174,0.0005,quadratic,quadratic,5000,30000,0.8870,0.0013,0.8973,0.0012,0.8932,0.0015,0.4005,0.0040,0.3086,0.0066,0.3486,0.0057,0.6229,0.0032
dpmpp2m,64,4,3,0.0174,0.0005,polar3,polar,5000,30000,0.9381,0.0018,0.9465,0.0022,0.9409,0.0013,0.9854,0.0031,0.4641,0.0155,0.6308,0.0146,0.7887,0.0063
dpmpp2m,64,4,3,0.0174,0.0005,knn,knn,10000,60000,0.5302,0.0069,0.5395,0.0073,0.5292,0.0046,0.0463,0.0096,0.0053,0.0010,0.0096,0.0017,0.2745,0.0045
dpmpp2m,64,4,3,0.0174,0.0005,altered_knn,altered_knn,10000,40000,0.7668,0.0097,0.7792,0.0104,0.7834,0.0027,0.0463,0.0141,0.0667,0.0460,0.0400,0.0153,0.4096,0.0056
dpmpp2m,64,4,3,0.0174,0.0005,quadratic,quadratic,10000,60000,0.9191,0.0026,0.9301,0.0028,0.9247,0.0030,0.5738,0.0115,0.3008,0.0094,0.3946,0.0101,0.6624,0.0048
dpmpp2m,64,4,3,0.0174,0.0005,polar3,polar,10000,60000,0.9528,0.0025,0.9604,0.0030,0.9555,0.0023,0.9938,0.0009,0.5232,0.0141,0.6854,0.0120,0.8229,0.0045
dpmpp2m,64,4,3,0.0174,0.0005,knn,knn,15000,90000,0.5348,0.0056,0.5442,0.0060,0.5336,0.0039,0.0522,0.0121,0.0053,0.0015,0.0096,0.0026,0.2769,0.0028
dpmpp2m,64,4,3,0.0174,0.0005,altered_knn,altered_knn,15000,60000,0.7794,0.0008,0.7923,0.0013,0.7912,0.0029,0.0409,0.0028,0.0481,0.0206,0.0423,0.0122,0.4173,0.0056
dpmpp2m,64,4,3,0.0174,0.0005,quadratic,quadratic,15000,90000,0.9283,0.0023,0.9394,0.0024,0.9337,0.0027,0.6310,0.0095,0.3024,0.0135,0.4088,0.0144,0.6741,0.0072
dpmpp2m,64,4,3,0.0174,0.0005,polar3,polar,15000,90000,0.9572,0.0019,0.9647,0.0023,0.9598,0.0016,0.9954,0.0011,0.5362,0.0162,0.6968,0.0137,0.8308,0.0059
dpmpp2m,64,4,3,0.0174,0.0005,knn,knn,20000,120000,0.5401,0.0047,0.5496,0.0050,0.5393,0.0024,0.0700,0.0089,0.0075,0.0012,0.0135,0.0021,0.2816,0.0017
dpmpp2m,64,4,3,0.0174,0.0005,altered_knn,altered_knn,20000,80000,0.7843,0.0015,0.7975,0.0020,0.7953,0.0031,0.0529,0.0132,0.0445,0.0244,0.0403,0.0153,0.4189,0.0067
dpmpp2m,64,4,3,0.0174,0.0005,quadratic,quadratic,20000,120000,0.9341,0.0033,0.9454,0.0034,0.9395,0.0038,0.6630,0.0076,0.2948,0.0066,0.4081,0.0077,0.6767,0.0034
dpmpp2m,64,4,3,0.0174,0.0005,polar3,polar,20000,120000,0.9549,0.0044,0.9623,0.0049,0.9576,0.0042,0.9949,0.0017,0.5406,0.0139,0.7004,0.0120,0.8314,0.0036
dpmpp2m,64,8,3,0.0176,0.0004,knn,knn,2000,24000,0.3590,0.0046,0.3650,0.0046,0.3585,0.0036,0.0429,0.0020,0.0216,0.0020,0.0287,0.0022,0.1969,0.0012
dpmpp2m,64,8,3,0.0176,0.0004,altered_knn,altered_knn,2000,16000,0.6331,0.0225,0.6411,0.0249,0.6710,0.0036,0.0362,0.0105,0.1876,0.0973,0.0537,0.0036,0.3474,0.0137
dpmpp2m,64,8,3,0.0176,0.0004,quadratic,quadratic,2000,24000,0.7203,0.0025,0.7276,0.0024,0.7325,0.0025,0.1237,0.0020,0.3169,0.0048,0.1779,0.0020,0.4528,0.0003
dpmpp2m,64,8,3,0.0176,0.0004,polar3,polar,2000,24000,0.8952,0.0051,0.9037,0.0050,0.8952,0.0060,0.9728,0.0020,0.4204,0.0033,0.5871,0.0032,0.7454,0.0040
dpmpp2m,64,8,3,0.0176,0.0004,knn,knn,5000,60000,0.3748,0.0047,0.3812,0.0047,0.3747,0.0038,0.0460,0.0041,0.0195,0.0016,0.0274,0.0023,0.2043,0.0017
dpmpp2m,64,8,3,0.0176,0.0004,altered_knn,altered_knn,5000,40000,0.6746,0.0254,0.6846,0.0276,0.6982,0.0053,0.0406,0.0087,0.1139,0.1113,0.0437,0.0181,0.3642,0.0126
dpmpp2m,64,8,3,0.0176,0.0004,quadratic,quadratic,5000,60000,0.8506,0.0021,0.8598,0.0019,0.8552,0.0027,0.3961,0.0070,0.3379,0.0046,0.3647,0.0036,0.6122,0.0023
dpmpp2m,64,8,3,0.0176,0.0004,polar3,polar,5000,60000,0.9330,0.0026,0.9412,0.0025,0.9343,0.0029,0.9880,0.0008,0.4749,0.0045,0.6415,0.0041,0.7913,0.0033
dpmpp2m,64,8,3,0.0176,0.0004,knn,knn,10000,120000,0.3855,0.0051,0.3921,0.0051,0.3851,0.0041,0.0530,0.0016,0.0192,0.0007,0.0281,0.0010,0.2101,0.0023
dpmpp2m,64,8,3,0.0176,0.0004,altered_knn,altered_knn,10000,80000,0.6985,0.0144,0.7094,0.0152,0.7154,0.0057,0.0504,0.0120,0.0907,0.0391,0.0588,0.0036,0.3841,0.0089
dpmpp2m,64,8,3,0.0176,0.0004,quadratic,quadratic,10000,120000,0.8891,0.0042,0.8989,0.0040,0.8932,0.0047,0.5282,0.0064,0.3450,0.0031,0.4174,0.0019,0.6581,0.0028
dpmpp2m,64,8,3,0.0176,0.0004,polar3,polar,10000,120000,0.9425,0.0046,0.9505,0.0044,0.9439,0.0047,0.9926,0.0010,0.4932,0.0086,0.6590,0.0076,0.8047,0.0057
dpmpp2m,64,8,3,0.0176,0.0004,knn,knn,15000,180000,0.3906,0.0056,0.3973,0.0056,0.3903,0.0050,0.0535,0.0033,0.0178,0.0009,0.0267,0.0014,0.2120,0.0024
dpmpp2m,64,8,3,0.0176,0.0004,altered_knn,altered_knn,15000,120000,0.6911,0.0235,0.7006,0.0260,0.7220,0.0054,0.0443,0.0141,0.1645,0.1096,0.0595,0.0047,0.3801,0.0129
dpmpp2m,64,8,3,0.0176,0.0004,quadratic,quadratic,15000,180000,0.9011,0.0045,0.9111,0.0043,0.9051,0.0050,0.5784,0.0038,0.3434,0.0068,0.4309,0.0061,0.6710,0.0052
dpmpp2m,64,8,3,0.0176,0.0004,polar3,polar,15000,180000,0.9437,0.0017,0.9517,0.0014,0.9452,0.0015,0.9921,0.0009,0.4965,0.0062,0.6618,0.0054,0.8067,0.0034
dpmpp2m,64,8,3,0.0176,0.0004,knn,knn,20000,240000,0.3953,0.0051,0.4021,0.0052,0.3952,0.0044,0.0535,0.0120,0.0173,0.0037,0.0262,0.0056,0.2141,0.0012
dpmpp2m,64,8,3,0.0176,0.0004,altered_knn,altered_knn,20000,160000,0.7026,0.0262,0.7126,0.0285,0.7282,0.0058,0.0483,0.0094,0.1397,0.1131,0.0594,0.0052,0.3860,0.0124
dpmpp2m,64,8,3,0.0176,0.0004,quadratic,quadratic,20000,240000,0.9109,0.0044,0.9214,0.0043,0.9146,0.0050,0.6635,0.0053,0.3265,0.0048,0.4376,0.0045,0.6795,0.0043
dpmpp2m,64,8,3,0.0176,0.0004,polar3,polar,20000,240000,0.9429,0.0045,0.9509,0.0044,0.9444,0.0050,0.9935,0.0011,0.4983,0.0046,0.6637,0.0039,0.8073,0.0040
dpmpp2m,64,16,3,0.0188,0.0004,knn,knn,2000,48000,0.2589,0.0011,0.2631,0.0010,0.2591,0.0012,0.0436,0.0019,0.0390,0.0011,0.0411,0.0009,0.1521,0.0006
dpmpp2m,64,16,3,0.0188,0.0004,altered_knn,altered_knn,2000,32000,0.6132,0.0009,0.6242,0.0009,0.6233,0.0027,0.0467,0.0067,0.0407,0.0153,0.0404,0.0086,0.3323,0.0042
dpmpp2m,64,16,3,0.0188,0.0004,quadratic,quadratic,2000,48000,0.7020,0.0018,0.7091,0.0018,0.7140,0.0016,0.1446,0.0018,0.3324,0.0053,0.2015,0.0027,0.4553,0.0008
dpmpp2m,64,16,3,0.0188,0.0004,polar3,polar,2000,48000,0.8853,0.0060,0.8941,0.0058,0.8865,0.0063,0.9773,0.0024,0.4269,0.0104,0.5942,0.0099,0.7441,0.0066
dpmpp2m,64,16,3,0.0188,0.0004,knn,knn,5000,120000,0.2722,0.0018,0.2767,0.0017,0.2728,0.0018,0.0444,0.0009,0.0355,0.0018,0.0394,0.0013,0.1581,0.0013
dpmpp2m,64,16,3,0.0188,0.0004,altered_knn,altered_knn,5000,80000,0.5996,0.0515,0.6063,0.0561,0.6476,0.0126,0.0394,0.0071,0.2545,0.1874,0.0619,0.0057,0.3341,0.0301
dpmpp2m,64,16,3,0.0188,0.0004,quadratic,quadratic,5000,120000,0.8272,0.0017,0.8360,0.0017,0.8340,0.0018,0.3410,0.0057,0.3697,0.0035,0.3547,0.0019,0.5954,0.0017
dpmpp2m,64,16,3,0.0188,0.0004,polar3,polar,5000,120000,0.9190,0.0033,0.9284,0.0030,0.9213,0.0037,0.9911,0.0003,0.4315,0.0121,0.6011,0.0118,0.7648,0.0074
dpmpp2m,64,16,3,0.0188,0.0004,knn,knn,10000,240000,0.2819,0.0010,0.2867,0.0010,0.2827,0.0010,0.0470,0.0022,0.0319,0.0009,0.0380,0.0013,0.1624,0.0002
dpmpp2m,64,16,3,0.0188,0.0004,altered_knn,altered_knn,10000,160000,0.6605,0.0038,0.6722,0.0042,0.6718,0.0008,0.0576,0.0083,0.0532,0.0310,0.0477,0.0164,0.3599,0.0061
dpmpp2m,64,16,3,0.0188,0.0004,quadratic,quadratic,10000,240000,0.8744,0.0013,0.8841,0.0014,0.8796,0.0015,0.5046,0.0060,0.3648,0.0024,0.4234,0.0014,0.6538,0.0005
dpmpp2m,64,16,3,0.0188,0.0004,polar3,polar,10000,240000,0.9277,0.0054,0.9371,0.0052,0.9303,0.0057,0.9918,0.0008,0.4369,0.0126,0.6065,0.0123,0.7718,0.0085
dpmpp2m,64,16,3,0.0188,0.0004,knn,knn,15000,360000,0.2866,0.0021,0.2915,0.0020,0.2873,0.0020,0.0477,0.0023,0.0311,0.0019,0.0377,0.0021,0.1646,0.0017
dpmpp2m,64,16,3,0.0188,0.0004,altered_knn,altered_knn,15000,240000,0.6539,0.0267,0.6642,0.0300,0.6774,0.0031,0.0642,0.0203,0.1169,0.1423,0.0396,0.0179,0.3519,0.0063
dpmpp2m,64,16,3,0.0188,0.0004,quadratic,quadratic,15000,360000,0.8988,0.0019,0.9099,0.0017,0.9029,0.0021,0.7357,0.0074,0.3189,0.0047,0.4449,0.0037,0.6774,0.0026
dpmpp2m,64,16,3,0.0188,0.0004,polar3,polar,15000,360000,0.9381,0.0033,0.9476,0.0029,0.9408,0.0035,0.9914,0.0011,0.4412,0.0126,0.6105,0.0124,0.7791,0.0075
dpmpp2m,64,16,3,0.0188,0.0004,knn,knn,20000,480000,0.2910,0.0017,0.2960,0.0016,0.2918,0.0018,0.0483,0.0012,0.0293,0.0008,0.0364,0.0008,0.1662,0.0009
dpmpp2m,64,16,3,0.0188,0.0004,altered_knn,altered_knn,20000,320000,0.6742,0.0053,0.6856,0.0062,0.6874,0.0015,0.0658,0.0155,0.0762,0.0505,0.0566,0.0201,0.3711,0.0070
dpmpp2m,64,16,3,0.0188,0.0004,quadratic,quadratic,20000,480000,0.9122,0.0017,0.9240,0.0016,0.9163,0.0018,0.8512,0.0034,0.2992,0.0065,0.4427,0.0067,0.6833,0.0037
dpmpp2m,64,16,3,0.0188,0.0004,polar3,polar,20000,480000,0.9436,0.0028,0.9532,0.0025,0.9467,0.0029,0.9919,0.0013,0.4422,0.0133,0.6116,0.0130,0.7824,0.0075
dpmpp2m,128,2,3,0.0191,0.0004,knn,knn,2000,6000,0.6532,0.0065,0.6659,0.0069,0.6576,0.0043,0.0562,0.0228,0.0026,0.0011,0.0050,0.0021,0.3354,0.0038
dpmpp2m,128,2,3,0.0191,0.0004,altered_knn,altered_knn,2000,4000,0.6724,0.0840,0.6803,0.0882,0.7558,0.0469,0.0222,0.0005,0.2602,0.1394,0.0402,0.0018,0.3603,0.0433
dpmpp2m,128,2,3,0.0191,0.0004,quadratic,quadratic,2000,6000,0.4108,0.0026,0.4126,0.0029,0.4831,0.0026,0.0195,0.0012,0.3175,0.0182,0.0368,0.0022,0.2247,0.0007
dpmpp2m,128,2,3,0.0191,0.0004,polar3,polar,2000,6000,0.9311,0.0079,0.9431,0.0080,0.9373,0.0079,0.7404,0.0153,0.3149,0.0079,0.4419,0.0104,0.6925,0.0029
dpmpp2m,128,2,3,0.0191,0.0004,knn,knn,5000,15000,0.6642,0.0049,0.6771,0.0052,0.6686,0.0028,0.0804,0.0203,0.0029,0.0009,0.0057,0.0018,0.3414,0.0034
dpmpp2m,128,2,3,0.0191,0.0004,altered_knn,altered_knn,5000,10000,0.6431,0.0789,0.6490,0.0829,0.7484,0.0428,0.0223,0.0003,0.3361,0.1331,0.0412,0.0023,0.3451,0.0403
dpmpp2m,128,2,3,0.0191,0.0004,quadratic,quadratic,5000,15000,0.4715,0.0011,0.4739,0.0010,0.5600,0.0012,0.0205,0.0008,0.3487,0.0099,0.0388,0.0015,0.2563,0.0012
dpmpp2m,128,2,3,0.0191,0.0004,polar3,polar,5000,15000,0.9516,0.0038,0.9635,0.0039,0.9570,0.0038,0.9694,0.0067,0.3408,0.0125,0.5041,0.0132,0.7338,0.0048
dpmpp2m,128,2,3,0.0191,0.0004,knn,knn,10000,30000,0.6721,0.0080,0.6852,0.0084,0.6764,0.0048,0.0333,0.0154,0.0011,0.0004,0.0020,0.0009,0.3436,0.0041
dpmpp2m,128,2,3,0.0191,0.0004,altered_knn,altered_knn,10000,20000,0.7137,0.0723,0.7230,0.0764,0.7916,0.0377,0.0234,0.0006,0.2417,0.1321,0.0417,0.0013,0.3823,0.0377
dpmpp2m,128,2,3,0.0191,0.0004,quadratic,quadratic,10000,30000,0.7466,0.0013,0.7547,0.0013,0.8130,0.0011,0.0393,0.0008,0.3304,0.0009,0.0702,0.0013,0.4124,0.0010
dpmpp2m,128,2,3,0.0191,0.0004,polar3,polar,10000,30000,0.9629,0.0017,0.9738,0.0015,0.9678,0.0017,0.9937,0.0035,0.4044,0.0118,0.5747,0.0115,0.7742,0.0057
dpmpp2m,128,2,3,0.0191,0.0004,knn,knn,15000,45000,0.6777,0.0089,0.6909,0.0093,0.6819,0.0056,0.0331,0.0098,0.0009,0.0003,0.0017,0.0005,0.3463,0.0048
dpmpp2m,128,2,3,0.0191,0.0004,altered_knn,altered_knn,15000,30000,0.7219,0.0711,0.7311,0.0749,0.7988,0.0365,0.0255,0.0013,0.2499,0.1223,0.0453,0.0007,0.3882,0.0375
dpmpp2m,128,2,3,0.0191,0.0004,quadratic,quadratic,15000,45000,0.8709,0.0026,0.8821,0.0024,0.9006,0.0020,0.0936,0.0040,0.2972,0.0134,0.1424,0.0058,0.5122,0.0040
dpmpp2m,128,2,3,0.0191,0.0004,polar3,polar,15000,45000,0.9675,0.0013,0.9776,0.0010,0.9720,0.0012,0.9973,0.0004,0.4504,0.0172,0.6203,0.0164,0.7990,0.0087
dpmpp2m,128,2,3,0.0191,0.0004,knn,knn,20000,60000,0.6796,0.0049,0.6928,0.0051,0.6839,0.0022,0.0301,0.0124,0.0007,0.0002,0.0014,0.0005,0.3471,0.0024
dpmpp2m,128,2,3,0.0191,0.0004,altered_knn,altered_knn,20000,40000,0.7266,0.0710,0.7363,0.0749,0.8029,0.0365,0.0247,0.0016,0.2385,0.1199,0.0437,0.0010,0.3900,0.0378
dpmpp2m,128,2,3,0.0191,0.0004,quadratic,quadratic,20000,60000,0.9064,0.0006,0.9185,0.0003,0.9253,0.0005,0.1555,0.0062,0.2854,0.0119,0.2013,0.0078,0.5599,0.0040
dpmpp2m,128,2,3,0.0191,0.0004,polar3,polar,20000,60000,0.9700,0.0012,0.9794,0.0009,0.9743,0.0011,0.9972,0.0021,0.4883,0.0120,0.6555,0.0107,0.8174,0.0058
dpmpp2m,128,4,3,0.0180,0.0007,knn,knn,2000,12000,0.4469,0.0070,0.4549,0.0069,0.4459,0.0039,0.0414,0.0029,0.0093,0.0006,0.0152,0.0009,0.2351,0.0031
dpmpp2m,128,4,3,0.0180,0.0007,altered_knn,altered_knn,2000,8000,0.5681,0.0752,0.5732,0.0798,0.6459,0.0289,0.0212,0.0007,0.2868,0.1769,0.0359,0.0052,0.3045,0.0373
dpmpp2m,128,4,3,0.0180,0.0007,quadratic,quadratic,2000,12000,0.3114,0.0015,0.3105,0.0014,0.3726,0.0020,0.0187,0.0003,0.3619,0.0103,0.0356,0.0005,0.1730,0.0008
dpmpp2m,128,4,3,0.0180,0.0007,polar3,polar,2000,12000,0.9089,0.0013,0.9194,0.0018,0.9124,0.0015,0.9733,0.0059,0.3395,0.0056,0.5034,0.0060,0.7114,0.0026
dpmpp2m,128,4,3,0.0180,0.0007,knn,knn,5000,30000,0.4607,0.0077,0.4690,0.0077,0.4600,0.0047,0.0398,0.0018,0.0073,0.0005,0.0124,0.0008,0.2407,0.0042
dpmpp2m,128,4,3,0.0180,0.0007,altered_knn,altered_knn,5000,20000,0.6708,0.0339,0.6816,0.0365,0.6979,0.0087,0.0579,0.0486,0.0872,0.0941,0.0249,0.0141,0.3533,0.0151
dpmpp2m,128,4,3,0.0180,0.0007,quadratic,quadratic,5000,30000,0.5004,0.0043,0.5035,0.0045,0.5692,0.0039,0.0235,0.0009,0.3282,0.0044,0.0438,0.0015,0.2736,0.0024
dpmpp2m,128,4,3,0.0180,0.0007,polar3,polar,5000,30000,0.9305,0.0059,0.9396,0.0062,0.9332,0.0060,0.9942,0.0004,0.4306,0.0035,0.6009,0.0034,0.7703,0.0014
dpmpp2m,128,4,3,0.0180,0.0007,knn,knn,10000,60000,0.4714,0.0072,0.4800,0.0071,0.4707,0.0038,0.0411,0.0029,0.0066,0.0003,0.0113,0.0006,0.2456,0.0033
dpmpp2m,128,4,3,0.0180,0.0007,altered_knn,altered_knn,10000,40000,0.6769,0.0276,0.6871,0.0299,0.7131,0.0070,0.0238,0.0021,0.1235,0.0795,0.0360,0.0073,0.3616,0.0136
dpmpp2m,128,4,3,0.0180,0.0007,quadratic,quadratic,10000,60000,0.7711,0.0009,0.7793,0.0011,0.7985,0.0007,0.0797,0.0037,0.3202,0.0038,0.1276,0.0049,0.4535,0.0028
dpmpp2m,128,4,3,0.0180,0.0007,polar3,polar,10000,60000,0.9419,0.0025,0.9499,0.0023,0.9444,0.0022,0.9971,0.0011,0.5087,0.0083,0.6736,0.0074,0.8118,0.0037
dpmpp2m,128,4,3,0.0180,0.0007,knn,knn,15000,90000,0.4765,0.0068,0.4851,0.0066,0.4757,0.0034,0.0407,0.0089,0.0059,0.0012,0.0103,0.0021,0.2477,0.0034
dpmpp2m,128,4,3,0.0180,0.0007,altered_knn,altered_knn,15000,60000,0.7041,0.0151,0.7158,0.0160,0.7269,0.0035,0.0232,0.0031,0.0692,0.0436,0.0322,0.0070,0.3740,0.0055
dpmpp2m,128,4,3,0.0180,0.0007,quadratic,quadratic,15000,90000,0.8469,0.0009,0.8566,0.0006,0.8623,0.0008,0.1584,0.0064,0.3170,0.0004,0.2112,0.0055,0.5339,0.0027
dpmpp2m,128,4,3,0.0180,0.0007,polar3,polar,15000,90000,0.9491,0.0035,0.9565,0.0032,0.9516,0.0032,0.9966,0.0005,0.5483,0.0111,0.7074,0.0092,0.8319,0.0058
dpmpp2m,128,4,3,0.0180,0.0007,knn,knn,20000,120000,0.4791,0.0077,0.4878,0.0076,0.4785,0.0045,0.0356,0.0083,0.0051,0.0012,0.0090,0.0021,0.2484,0.0034
dpmpp2m,128,4,3,0.0180,0.0007,altered_knn,altered_knn,20000,80000,0.5906,0.0921,0.5952,0.0972,0.6825,0.0385,0.0223,0.0010,0.3305,0.1994,0.0382,0.0047,0.3167,0.0463
dpmpp2m,128,4,3,0.0180,0.0007,quadratic,quadratic,20000,120000,0.8740,0.0011,0.8842,0.0013,0.8862,0.0013,0.2165,0.0143,0.3189,0.0078,0.2578,0.0126,0.5710,0.0069
dpmpp2m,128,4,3,0.0180,0.0007,polar3,polar,20000,120000,0.9487,0.0042,0.9557,0.0040,0.9508,0.0041,0.9969,0.0006,0.5669,0.0118,0.7227,0.0097,0.8392,0.0059
dpmpp2m,128,8,3,0.0168,0.0004,knn,knn,2000,24000,0.3032,0.0016,0.3080,0.0015,0.3020,0.0010,0.0344,0.0015,0.0226,0.0018,0.0272,0.0018,0.1676,0.0016
dpmpp2m,128,8,3,0.0168,0.0004,altered_knn,altered_knn,2000,16000,0.5281,0.0411,0.5335,0.0442,0.5802,0.0108,0.0216,0.0021,0.2177,0.1329,0.0363,0.0020,0.2849,0.0211
dpmpp2m,128,8,3,0.0168,0.0004,quadratic,quadratic,2000,24000,0.3282,0.0024,0.3272,0.0024,0.3930,0.0028,0.0188,0.0005,0.3858,0.0021,0.0358,0.0009,0.1815,0.0016
dpmpp2m,128,8,3,0.0168,0.0004,polar3,polar,2000,24000,0.8851,0.0061,0.8928,0.0063,0.8857,0.0060,0.9875,0.0047,0.4386,0.0142,0.6073,0.0130,0.7500,0.0067
dpmpp2m,128,8,3,0.0168,0.0004,knn,knn,5000,60000,0.3161,0.0017,0.3211,0.0016,0.3150,0.0016,0.0318,0.0016,0.0188,0.0006,0.0236,0.0009,0.1724,0.0010
dpmpp2m,128,8,3,0.0168,0.0004,altered_knn,altered_knn,5000,40000,0.5646,0.0369,0.5709,0.0397,0.6124,0.0082,0.0229,0.0023,0.1944,0.1227,0.0370,0.0030,0.3040,0.0185
dpmpp2m,128,8,3,0.0168,0.0004,quadratic,quadratic,5000,60000,0.5359,0.0004,0.5396,0.0005,0.5850,0.0014,0.0296,0.0003,0.3188,0.0053,0.0542,0.0005,0.2969,0.0004
dpmpp2m,128,8,3,0.0168,0.0004,polar3,polar,5000,60000,0.9241,0.0030,0.9308,0.0033,0.9251,0.0032,0.9933,0.0025,0.5303,0.0170,0.6912,0.0137,0.8110,0.0058
dpmpp2m,128,8,3,0.0168,0.0004,knn,knn,10000,120000,0.3269,0.0020,0.3322,0.0019,0.3259,0.0013,0.0344,0.0021,0.0172,0.0012,0.0229,0.0015,0.1776,0.0017
dpmpp2m,128,8,3,0.0168,0.0004,altered_knn,altered_knn,10000,80000,0.5512,0.0636,0.5559,0.0674,0.6197,0.0227,0.0227,0.0028,0.2711,0.1730,0.0369,0.0037,0.2964,0.0325
dpmpp2m,128,8,3,0.0168,0.0004,quadratic,quadratic,10000,120000,0.7431,0.0003,0.7498,0.0005,0.7608,0.0009,0.1047,0.0021,0.3455,0.0005,0.1607,0.0025,0.4553,0.0015
dpmpp2m,128,8,3,0.0168,0.0004,polar3,polar,10000,120000,0.9391,0.0009,0.9453,0.0013,0.9404,0.0013,0.9943,0.0023,0.5757,0.0156,0.7291,0.0118,0.8372,0.0053
dpmpp2m,128,8,3,0.0168,0.0004,knn,knn,15000,180000,0.3319,0.0023,0.3372,0.0022,0.3309,0.0012,0.0354,0.0044,0.0167,0.0021,0.0227,0.0028,0.1800,0.0021
dpmpp2m,128,8,3,0.0168,0.0004,altered_knn,altered_knn,15000,120000,0.5869,0.0756,0.5939,0.0803,0.6331,0.0260,0.0244,0.0038,0.1764,0.2000,0.0328,0.0047,0.3134,0.0384
dpmpp2m,128,8,3,0.0168,0.0004,quadratic,quadratic,15000,180000,0.8104,0.0005,0.8182,0.0004,0.8218,0.0001,0.1799,0.0041,0.3533,0.0041,0.2384,0.0040,0.5283,0.0018
dpmpp2m,128,8,3,0.0168,0.0004,polar3,polar,15000,180000,0.9434,0.0011,0.9494,0.0014,0.9449,0.0013,0.9954,0.0021,0.5864,0.0154,0.7379,0.0115,0.8437,0.0052
dpmpp2m,128,8,3,0.0168,0.0004,knn,knn,20000,240000,0.3340,0.0028,0.3394,0.0027,0.3331,0.0019,0.0338,0.0020,0.0156,0.0007,0.0213,0.0010,0.1804,0.0013
dpmpp2m,128,8,3,0.0168,0.0004,altered_knn,altered_knn,20000,160000,0.5788,0.0434,0.5844,0.0459,0.6411,0.0147,0.0225,0.0016,0.2461,0.1066,0.0404,0.0015,0.3124,0.0237
dpmpp2m,128,8,3,0.0168,0.0004,quadratic,quadratic,20000,240000,0.8470,0.0007,0.8555,0.0009,0.8550,0.0013,0.2737,0.0011,0.3514,0.0091,0.3077,0.0029,0.5816,0.0013
dpmpp2m,128,8,3,0.0168,0.0004,polar3,polar,20000,240000,0.9467,0.0014,0.9527,0.0011,0.9484,0.0013,0.9949,0.0013,0.5933,0.0170,0.7431,0.0128,0.8479,0.0068
dpmpp2m,128,16,3,0.0161,0.0003,knn,knn,2000,48000,0.2040,0.0010,0.2067,0.0011,0.2031,0.0006,0.0282,0.0019,0.0364,0.0022,0.0318,0.0020,0.1193,0.0014
dpmpp2m,128,16,3,0.0161,0.0003,altered_knn,altered_knn,2000,32000,0.5051,0.0050,0.5122,0.0056,0.5215,0.0020,0.0229,0.0018,0.0695,0.0341,0.0314,0.0056,0.2718,0.0002
dpmpp2m,128,16,3,0.0161,0.0003,quadratic,quadratic,2000,48000,0.3769,0.0017,0.3766,0.0018,0.4447,0.0018,0.0203,0.0004,0.4003,0.0029,0.0386,0.0007,0.2076,0.0007
dpmpp2m,128,16,3,0.0161,0.0003,polar3,polar,2000,48000,0.8604,0.0048,0.8662,0.0051,0.8608,0.0040,0.9792,0.0028,0.5055,0.0083,0.6667,0.0071,0.7665,0.0014
dpmpp2m,128,16,3,0.0161,0.0003,knn,knn,5000,120000,0.2144,0.0010,0.2173,0.0011,0.2137,0.0006,0.0283,0.0016,0.0331,0.0010,0.0305,0.0013,0.1239,0.0012
dpmpp2m,128,16,3,0.0161,0.0003,altered_knn,altered_knn,5000,80000,0.5351,0.0076,0.5423,0.0085,0.5571,0.0020,0.0218,0.0017,0.0932,0.0474,0.0342,0.0050,0.2882,0.0023
dpmpp2m,128,16,3,0.0161,0.0003,quadratic,quadratic,5000,120000,0.5466,0.0004,0.5502,0.0004,0.5838,0.0007,0.0368,0.0006,0.3226,0.0046,0.0661,0.0011,0.3082,0.0005
dpmpp2m,128,16,3,0.0161,0.0003,polar3,polar,5000,120000,0.9049,0.0060,0.9105,0.0064,0.9059,0.0055,0.9910,0.0014,0.5626,0.0092,0.7177,0.0071,0.8141,0.0005
dpmpp2m,128,16,3,0.0161,0.0003,knn,knn,10000,240000,0.2229,0.0012,0.2260,0.0013,0.2224,0.0008,0.0287,0.0009,0.0297,0.0014,0.0292,0.0011,0.1276,0.0010
dpmpp2m,128,16,3,0.0161,0.0003,altered_knn,altered_knn,10000,160000,0.5366,0.0056,0.5422,0.0057,0.5796,0.0018,0.0222,0.0009,0.1943,0.0083,0.0398,0.0013,0.2910,0.0035
dpmpp2m,128,16,3,0.0161,0.0003,quadratic,quadratic,10000,240000,0.7177,0.0007,0.7235,0.0006,0.7322,0.0007,0.1191,0.0010,0.3638,0.0031,0.1794,0.0012,0.4515,0.0009
dpmpp2m,128,16,3,0.0161,0.0003,polar3,polar,10000,240000,0.9168,0.0032,0.9224,0.0035,0.9176,0.0034,0.9925,0.0010,0.5777,0.0076,0.7303,0.0059,0.8263,0.0012
dpmpp2m,128,16,3,0.0161,0.0003,knn,knn,15000,360000,0.2274,0.0013,0.2306,0.0014,0.2271,0.0009,0.0290,0.0018,0.0288,0.0016,0.0289,0.0016,0.1298,0.0014
dpmpp2m,128,16,3,0.0161,0.0003,altered_knn,altered_knn,15000,240000,0.5612,0.0085,0.5682,0.0096,0.5914,0.0025,0.0229,0.0004,0.1324,0.0575,0.0377,0.0046,0.3029,0.0025
dpmpp2m,128,16,3,0.0161,0.0003,quadratic,quadratic,15000,360000,0.8056,0.0003,0.8130,0.0001,0.8103,0.0004,0.3386,0.0016,0.3534,0.0039,0.3458,0.0027,0.5794,0.0014
dpmpp2m,128,16,3,0.0161,0.0003,polar3,polar,15000,360000,0.9204,0.0013,0.9258,0.0014,0.9211,0.0018,0.9912,0.0011,0.5906,0.0065,0.7402,0.0048,0.8330,0.0019
dpmpp2m,128,16,3,0.0161,0.0003,knn,knn,20000,480000,0.2302,0.0014,0.2336,0.0015,0.2300,0.0009,0.0295,0.0003,0.0279,0.0008,0.0287,0.0005,0.1311,0.0006
dpmpp2m,128,16,3,0.0161,0.0003,altered_knn,altered_knn,20000,320000,0.5737,0.0051,0.5811,0.0058,0.6012,0.0035,0.0241,0.0016,0.1181,0.0396,0.0389,0.0019,0.3100,0.0022
dpmpp2m,128,16,3,0.0161,0.0003,quadratic,quadratic,20000,480000,0.8454,0.0010,0.8537,0.0010,0.8487,0.0012,0.5392,0.0031,0.3383,0.0030,0.4157,0.0014,0.6347,0.0009
dpmpp2m,128,16,3,0.0161,0.0003,polar3,polar,20000,480000,0.9283,0.0005,0.9337,0.0005,0.9289,0.0003,0.9909,0.0014,0.5965,0.0072,0.7447,0.0053,0.8392,0.0026
dpmpp2m,256,2,3,0.0270,0.0006,knn,knn,2000,6000,0.6151,0.0045,0.6321,0.0050,0.6218,0.0020,0.0477,0.0107,0.0023,0.0008,0.0045,0.0014,0.3183,0.0026
dpmpp2m,256,2,3,0.0270,0.0006,altered_knn,altered_knn,2000,4000,0.5439,0.0945,0.5480,0.1010,0.6571,0.0596,0.0298,0.0012,0.3954,0.1439,0.0545,0.0009,0.3012,0.0503
dpmpp2m,256,2,3,0.0270,0.0006,quadratic,quadratic,2000,6000,0.3835,0.0023,0.3857,0.0026,0.4480,0.0025,0.0273,0.0011,0.3039,0.0075,0.0501,0.0019,0.2179,0.0014
dpmpp2m,256,2,3,0.0270,0.0006,polar3,polar,2000,6000,0.9117,0.0034,0.9297,0.0032,0.9218,0.0033,0.6600,0.0041,0.2631,0.0089,0.3761,0.0096,0.6529,0.0037
dpmpp2m,256,2,3,0.0270,0.0006,knn,knn,5000,15000,0.6227,0.0053,0.6399,0.0058,0.6293,0.0027,0.0637,0.0152,0.0018,0.0003,0.0036,0.0005,0.3217,0.0031
dpmpp2m,256,2,3,0.0270,0.0006,altered_knn,altered_knn,5000,10000,0.6343,0.0875,0.6447,0.0941,0.7217,0.0521,0.0284,0.0001,0.2631,0.1491,0.0500,0.0027,0.3474,0.0457
dpmpp2m,256,2,3,0.0270,0.0006,quadratic,quadratic,5000,15000,0.3966,0.0017,0.3985,0.0014,0.4670,0.0021,0.0282,0.0012,0.3293,0.0115,0.0519,0.0021,0.2252,0.0017
dpmpp2m,256,2,3,0.0270,0.0006,polar3,polar,5000,15000,0.9302,0.0030,0.9489,0.0027,0.9392,0.0029,0.9534,0.0162,0.2534,0.0120,0.4003,0.0162,0.6746,0.0077
dpmpp2m,256,2,3,0.0270,0.0006,knn,knn,10000,30000,0.6295,0.0061,0.6469,0.0067,0.6362,0.0036,0.0399,0.0126,0.0012,0.0004,0.0024,0.0008,0.3246,0.0037
dpmpp2m,256,2,3,0.0270,0.0006,altered_knn,altered_knn,10000,20000,0.5914,0.0840,0.5976,0.0900,0.7025,0.0486,0.0304,0.0009,0.3646,0.1350,0.0552,0.0015,0.3264,0.0443
dpmpp2m,256,2,3,0.0270,0.0006,quadratic,quadratic,10000,30000,0.4162,0.0016,0.4183,0.0017,0.4955,0.0021,0.0276,0.0010,0.3410,0.0107,0.0511,0.0018,0.2347,0.0015
dpmpp2m,256,2,3,0.0270,0.0006,polar3,polar,10000,30000,0.9416,0.0028,0.9600,0.0027,0.9504,0.0028,0.9987,0.0000,0.2775,0.0035,0.4343,0.0043,0.6971,0.0035
dpmpp2m,256,2,3,0.0270,0.0006,knn,knn,15000,45000,0.6331,0.0056,0.6507,0.0061,0.6398,0.0030,0.0383,0.0057,0.0010,0.0002,0.0019,0.0003,0.3263,0.0031
dpmpp2m,256,2,3,0.0270,0.0006,altered_knn,altered_knn,15000,30000,0.6011,0.0846,0.6079,0.0909,0.7116,0.0493,0.0298,0.0008,0.3567,0.1452,0.0540,0.0041,0.3309,0.0434
dpmpp2m,256,2,3,0.0270,0.0006,quadratic,quadratic,15000,45000,0.4409,0.0033,0.4432,0.0032,0.5273,0.0035,0.0284,0.0010,0.3577,0.0060,0.0526,0.0017,0.2479,0.0024
dpmpp2m,256,2,3,0.0270,0.0006,polar3,polar,15000,45000,0.9488,0.0028,0.9665,0.0025,0.9572,0.0027,1.0000,0.0000,0.3093,0.0009,0.4725,0.0010,0.7195,0.0016
dpmpp2m,256,2,3,0.0270,0.0006,knn,knn,20000,60000,0.6350,0.0057,0.6526,0.0063,0.6417,0.0030,0.0297,0.0057,0.0007,0.0000,0.0014,0.0000,0.3270,0.0031
dpmpp2m,256,2,3,0.0270,0.0006,altered_knn,altered_knn,20000,40000,0.5493,0.0011,0.5521,0.0015,0.6838,0.0009,0.0301,0.0012,0.4499,0.0138,0.0564,0.0022,0.3042,0.0007
dpmpp2m,256,2,3,0.0270,0.0006,quadratic,quadratic,20000,60000,0.4712,0.0039,0.4744,0.0039,0.5646,0.0046,0.0283,0.0008,0.3564,0.0091,0.0524,0.0015,0.2634,0.0027
dpmpp2m,256,2,3,0.0270,0.0006,polar3,polar,20000,60000,0.9504,0.0015,0.9676,0.0020,0.9586,0.0017,0.9996,0.0005,0.3291,0.0009,0.4951,0.0011,0.7314,0.0004
dpmpp2m,256,4,3,0.0224,0.0004,knn,knn,2000,12000,0.3977,0.0061,0.4067,0.0061,0.3981,0.0035,0.0315,0.0007,0.0074,0.0003,0.0119,0.0004,0.2093,0.0030
dpmpp2m,256,4,3,0.0224,0.0004,altered_knn,altered_knn,2000,8000,0.5292,0.0469,0.5365,0.0506,0.5828,0.0198,0.0247,0.0006,0.2059,0.1186,0.0419,0.0052,0.2892,0.0228
dpmpp2m,256,4,3,0.0224,0.0004,quadratic,quadratic,2000,12000,0.2153,0.0005,0.2103,0.0005,0.2658,0.0006,0.0225,0.0003,0.4339,0.0014,0.0427,0.0006,0.1265,0.0004
dpmpp2m,256,4,3,0.0224,0.0004,polar3,polar,2000,12000,0.8782,0.0029,0.8924,0.0033,0.8846,0.0031,0.9504,0.0042,0.2619,0.0087,0.4105,0.0107,0.6515,0.0038
dpmpp2m,256,4,3,0.0224,0.0004,knn,knn,5000,30000,0.4081,0.0056,0.4173,0.0056,0.4086,0.0033,0.0423,0.0029,0.0082,0.0003,0.0137,0.0006,0.2155,0.0026
dpmpp2m,256,4,3,0.0224,0.0004,altered_knn,altered_knn,5000,20000,0.5020,0.0119,0.5059,0.0130,0.5895,0.0047,0.0246,0.0004,0.3310,0.0328,0.0458,0.0004,0.2758,0.0067
dpmpp2m,256,4,3,0.0224,0.0004,quadratic,quadratic,5000,30000,0.2785,0.0017,0.2759,0.0016,0.3376,0.0022,0.0232,0.0004,0.3954,0.0077,0.0438,0.0007,0.1598,0.0011
dpmpp2m,256,4,3,0.0224,0.0004,polar3,polar,5000,30000,0.9182,0.0009,0.9319,0.0005,0.9237,0.0010,0.9968,0.0014,0.3217,0.0086,0.4863,0.0097,0.7091,0.0050
dpmpp2m,256,4,3,0.0224,0.0004,knn,knn,10000,60000,0.4157,0.0057,0.4251,0.0056,0.4160,0.0031,0.0366,0.0024,0.0062,0.0006,0.0107,0.0009,0.2179,0.0027
dpmpp2m,256,4,3,0.0224,0.0004,altered_knn,altered_knn,10000,40000,0.6169,0.0077,0.6290,0.0084,0.6472,0.0028,0.0249,0.0017,0.0904,0.0202,0.0387,0.0019,0.3338,0.0038
dpmpp2m,256,4,3,0.0224,0.0004,quadratic,quadratic,10000,60000,0.3459,0.0007,0.3452,0.0007,0.4154,0.0011,0.0238,0.0004,0.3762,0.0008,0.0448,0.0007,0.1950,0.0001
dpmpp2m,256,4,3,0.0224,0.0004,polar3,polar,10000,60000,0.9197,0.0089,0.9315,0.0094,0.9234,0.0094,0.9985,0.0005,0.4046,0.0058,0.5758,0.0058,0.7537,0.0021
dpmpp2m,256,4,3,0.0224,0.0004,knn,knn,15000,90000,0.4208,0.0048,0.4303,0.0048,0.4213,0.0024,0.0304,0.0047,0.0046,0.0006,0.0080,0.0010,0.2192,0.0020
dpmpp2m,256,4,3,0.0224,0.0004,altered_knn,altered_knn,15000,60000,0.5153,0.0375,0.5192,0.0401,0.6107,0.0193,0.0246,0.0007,0.3469,0.0787,0.0458,0.0006,0.2825,0.0202
dpmpp2m,256,4,3,0.0224,0.0004,quadratic,quadratic,15000,90000,0.4193,0.0018,0.4208,0.0017,0.4946,0.0016,0.0248,0.0011,0.3515,0.0090,0.0463,0.0020,0.2335,0.0016
dpmpp2m,256,4,3,0.0224,0.0004,polar3,polar,15000,90000,0.9258,0.0060,0.9367,0.0065,0.9295,0.0060,0.9985,0.0004,0.4527,0.0090,0.6229,0.0085,0.7798,0.0028
dpmpp2m,256,4,3,0.0224,0.0004,knn,knn,20000,120000,0.4238,0.0067,0.4334,0.0067,0.4244,0.0042,0.0339,0.0055,0.0051,0.0012,0.0088,0.0020,0.2211,0.0043
dpmpp2m,256,4,3,0.0224,0.0004,altered_knn,altered_knn,20000,80000,0.6093,0.0464,0.6200,0.0503,0.6524,0.0150,0.0266,0.0014,0.1439,0.1190,0.0401,0.0043,0.3301,0.0231
dpmpp2m,256,4,3,0.0224,0.0004,quadratic,quadratic,20000,120000,0.4806,0.0006,0.4838,0.0006,0.5567,0.0006,0.0269,0.0002,0.3409,0.0055,0.0498,0.0004,0.2668,0.0005
dpmpp2m,256,4,3,0.0224,0.0004,polar3,polar,20000,120000,0.9266,0.0063,0.9368,0.0068,0.9299,0.0056,0.9997,0.0004,0.4824,0.0062,0.6507,0.0056,0.7938,0.0014
dpmpp2m,256,8,3,0.0203,0.0013,knn,knn,2000,24000,0.2534,0.0016,0.2583,0.0015,0.2522,0.0014,0.0288,0.0043,0.0194,0.0015,0.0232,0.0025,0.1407,0.0015
dpmpp2m,256,8,3,0.0203,0.0013,altered_knn,altered_knn,2000,16000,0.4064,0.0554,0.4089,0.0607,0.4651,0.0171,0.0239,0.0033,0.2886,0.1974,0.0327,0.0127,0.2208,0.0240
dpmpp2m,256,8,3,0.0203,0.0013,quadratic,quadratic,2000,24000,0.1675,0.0002,0.1601,0.0004,0.2155,0.0008,0.0206,0.0015,0.5227,0.0036,0.0396,0.0027,0.0999,0.0012
dpmpp2m,256,8,3,0.0203,0.0013,polar3,polar,2000,24000,0.8668,0.0028,0.8777,0.0024,0.8705,0.0024,0.9831,0.0093,0.3389,0.0196,0.5036,0.0203,0.6907,0.0105
dpmpp2m,256,8,3,0.0203,0.0013,knn,knn,5000,60000,0.2630,0.0023,0.2681,0.0023,0.2619,0.0018,0.0314,0.0043,0.0181,0.0017,0.0230,0.0024,0.1455,0.0006
dpmpp2m,256,8,3,0.0203,0.0013,altered_knn,altered_knn,5000,40000,0.5001,0.0019,0.5086,0.0023,0.5223,0.0010,0.0234,0.0019,0.0896,0.0086,0.0371,0.0028,0.2728,0.0015
dpmpp2m,256,8,3,0.0203,0.0013,quadratic,quadratic,5000,60000,0.2608,0.0003,0.2569,0.0005,0.3252,0.0009,0.0213,0.0013,0.4485,0.0073,0.0407,0.0023,0.1488,0.0010
dpmpp2m,256,8,3,0.0203,0.0013,polar3,polar,5000,60000,0.9112,0.0029,0.9210,0.0039,0.9139,0.0034,0.9939,0.0060,0.4396,0.0176,0.6093,0.0156,0.7651,0.0062
dpmpp2m,256,8,3,0.0203,0.0013,knn,knn,10000,120000,0.2702,0.0020,0.2755,0.0021,0.2691,0.0015,0.0326,0.0009,0.0170,0.0011,0.0223,0.0008,0.1489,0.0012
dpmpp2m,256,8,3,0.0203,0.0013,altered_knn,altered_knn,10000,80000,0.4629,0.0429,0.4669,0.0469,0.5241,0.0126,0.0240,0.0029,0.2724,0.1411,0.0420,0.0028,0.2545,0.0232
dpmpp2m,256,8,3,0.0203,0.0013,quadratic,quadratic,10000,120000,0.3731,0.0010,0.3729,0.0010,0.4429,0.0004,0.0232,0.0016,0.3821,0.0011,0.0438,0.0028,0.2083,0.0019
dpmpp2m,256,8,3,0.0203,0.0013,polar3,polar,10000,120000,0.9298,0.0037,0.9386,0.0047,0.9325,0.0044,0.9927,0.0098,0.5079,0.0192,0.6716,0.0144,0.8051,0.0051
dpmpp2m,256,8,3,0.0203,0.0013,knn,knn,15000,180000,0.2749,0.0014,0.2803,0.0015,0.2737,0.0008,0.0295,0.0033,0.0141,0.0008,0.0191,0.0014,0.1497,0.0008
dpmpp2m,256,8,3,0.0203,0.0013,altered_knn,altered_knn,15000,120000,0.5131,0.0276,0.5207,0.0297,0.5468,0.0091,0.0244,0.0012,0.1423,0.0923,0.0398,0.0053,0.2803,0.0123
dpmpp2m,256,8,3,0.0203,0.0013,quadratic,quadratic,15000,180000,0.4474,0.0006,0.4495,0.0007,0.5143,0.0008,0.0254,0.0019,0.3431,0.0067,0.0473,0.0034,0.2484,0.0018
dpmpp2m,256,8,3,0.0203,0.0013,polar3,polar,15000,180000,0.9359,0.0027,0.9445,0.0030,0.9384,0.0030,0.9931,0.0086,0.5233,0.0214,0.6850,0.0161,0.8148,0.0075
dpmpp2m,256,8,3,0.0203,0.0013,knn,knn,20000,240000,0.2779,0.0015,0.2834,0.0016,0.2767,0.0008,0.0287,0.0026,0.0135,0.0023,0.0183,0.0027,0.1508,0.0012
dpmpp2m,256,8,3,0.0203,0.0013,altered_knn,altered_knn,20000,160000,0.4874,0.0396,0.4921,0.0426,0.5452,0.0119,0.0237,0.0011,0.2467,0.1266,0.0418,0.0052,0.2670,0.0188
dpmpp2m,256,8,3,0.0203,0.0013,quadratic,quadratic,20000,240000,0.4967,0.0003,0.5003,0.0003,0.5578,0.0002,0.0286,0.0024,0.3262,0.0072,0.0526,0.0041,0.2764,0.0021
dpmpp2m,256,8,3,0.0203,0.0013,polar3,polar,20000,240000,0.9396,0.0021,0.9480,0.0031,0.9418,0.0026,0.9928,0.0095,0.5343,0.0214,0.6943,0.0156,0.8212,0.0063
dpmpp2m,256,16,3,0.0194,0.0003,knn,knn,2000,48000,0.1609,0.0012,0.1634,0.0012,0.1601,0.0008,0.0262,0.0001,0.0352,0.0012,0.0300,0.0004,0.0967,0.0008
dpmpp2m,256,16,3,0.0194,0.0003,altered_knn,altered_knn,2000,32000,0.3407,0.0057,0.3406,0.0062,0.4019,0.0030,0.0216,0.0003,0.3491,0.0170,0.0407,0.0006,0.1906,0.0032
dpmpp2m,256,16,3,0.0194,0.0003,quadratic,quadratic,2000,48000,0.1625,0.0009,0.1534,0.0007,0.2204,0.0008,0.0201,0.0005,0.6207,0.0044,0.0389,0.0009,0.0962,0.0008
dpmpp2m,256,16,3,0.0194,0.0003,polar3,polar,2000,48000,0.8334,0.0043,0.8418,0.0043,0.8348,0.0041,0.9886,0.0033,0.4078,0.0071,0.5774,0.0066,0.7096,0.0047
dpmpp2m,256,16,3,0.0194,0.0003,knn,knn,5000,120000,0.1682,0.0012,0.1709,0.0011,0.1674,0.0007,0.0262,0.0011,0.0311,0.0021,0.0285,0.0016,0.0997,0.0013
dpmpp2m,256,16,3,0.0194,0.0003,altered_knn,altered_knn,5000,80000,0.4131,0.0096,0.4189,0.0107,0.4364,0.0000,0.0237,0.0009,0.1167,0.0539,0.0371,0.0044,0.2280,0.0032
dpmpp2m,256,16,3,0.0194,0.0003,quadratic,quadratic,5000,120000,0.2917,0.0004,0.2876,0.0004,0.3698,0.0002,0.0215,0.0003,0.4981,0.0024,0.0412,0.0005,0.1644,0.0004
dpmpp2m,256,16,3,0.0194,0.0003,polar3,polar,5000,120000,0.8881,0.0053,0.8957,0.0051,0.8897,0.0052,0.9968,0.0010,0.5050,0.0102,0.6704,0.0088,0.7830,0.0065
dpmpp2m,256,16,3,0.0194,0.0003,knn,knn,10000,240000,0.1737,0.0009,0.1766,0.0008,0.1730,0.0005,0.0266,0.0010,0.0284,0.0007,0.0274,0.0008,0.1020,0.0003
dpmpp2m,256,16,3,0.0194,0.0003,altered_knn,altered_knn,10000,160000,0.3963,0.0372,0.3987,0.0408,0.4498,0.0156,0.0225,0.0007,0.2772,0.1448,0.0403,0.0019,0.2195,0.0195
dpmpp2m,256,16,3,0.0194,0.0003,quadratic,quadratic,10000,240000,0.4058,0.0002,0.4062,0.0002,0.4746,0.0000,0.0244,0.0004,0.3850,0.0022,0.0459,0.0008,0.2260,0.0004
dpmpp2m,256,16,3,0.0194,0.0003,polar3,polar,10000,240000,0.9065,0.0051,0.9139,0.0048,0.9081,0.0051,0.9976,0.0010,0.5332,0.0114,0.6948,0.0094,0.8044,0.0071
dpmpp2m,256,16,3,0.0194,0.0003,knn,knn,15000,360000,0.1776,0.0007,0.1805,0.0007,0.1767,0.0002,0.0278,0.0002,0.0288,0.0006,0.0283,0.0003,0.1044,0.0005
dpmpp2m,256,16,3,0.0194,0.0003,altered_knn,altered_knn,15000,240000,0.4266,0.0299,0.4312,0.0333,0.4677,0.0067,0.0250,0.0036,0.1993,0.1408,0.0328,0.0128,0.2320,0.0121
dpmpp2m,256,16,3,0.0194,0.0003,quadratic,quadratic,15000,360000,0.4613,0.0002,0.4638,0.0002,0.5173,0.0002,0.0283,0.0003,0.3356,0.0027,0.0523,0.0004,0.2580,0.0003
dpmpp2m,256,16,3,0.0194,0.0003,polar3,polar,15000,360000,0.9091,0.0052,0.9163,0.0051,0.9110,0.0048,0.9976,0.0008,0.5497,0.0102,0.7087,0.0082,0.8125,0.0062
dpmpp2m,256,16,3,0.0194,0.0003,knn,knn,20000,480000,0.1796,0.0008,0.1826,0.0008,0.1788,0.0007,0.0283,0.0005,0.0280,0.0010,0.0281,0.0007,0.1054,0.0007
dpmpp2m,256,16,3,0.0194,0.0003,altered_knn,altered_knn,20000,320000,0.3679,0.0649,0.3672,0.0706,0.4419,0.0277,0.0220,0.0002,0.4013,0.2236,0.0399,0.0037,0.2036,0.0334
dpmpp2m,256,16,3,0.0194,0.0003,quadratic,quadratic,20000,480000,0.5033,0.0003,0.5071,0.0003,0.5472,0.0006,0.0347,0.0004,0.3103,0.0032,0.0624,0.0007,0.2847,0.0005
dpmpp2m,256,16,3,0.0194,0.0003,polar3,polar,20000,480000,0.9195,0.0021,0.9266,0.0020,0.9214,0.0019,0.9972,0.0006,0.5590,0.0120,0.7163,0.0097,0.8215,0.0053
dpmpp2m,512,2,3,0.0360,0.0011,knn,knn,2000,6000,0.5811,0.0069,0.6028,0.0065,0.5901,0.0042,0.0453,0.0204,0.0022,0.0010,0.0043,0.0019,0.3035,0.0040
dpmpp2m,512,2,3,0.0360,0.0011,altered_knn,altered_knn,2000,4000,0.6223,0.0036,0.6382,0.0038,0.6908,0.0033,0.0385,0.0013,0.1976,0.0029,0.0644,0.0019,0.3513,0.0022
dpmpp2m,512,2,3,0.0360,0.0011,quadratic,quadratic,2000,6000,0.3705,0.0020,0.3732,0.0023,0.4310,0.0020,0.0363,0.0007,0.2999,0.0048,0.0648,0.0011,0.2190,0.0016
dpmpp2m,512,2,3,0.0360,0.0011,polar3,polar,2000,6000,0.8719,0.0026,0.8957,0.0017,0.8862,0.0021,0.5329,0.0057,0.2352,0.0099,0.3262,0.0088,0.6110,0.0052
dpmpp2m,512,2,3,0.0360,0.0011,knn,knn,5000,15000,0.5899,0.0070,0.6119,0.0066,0.5990,0.0041,0.0516,0.0178,0.0019,0.0005,0.0037,0.0011,0.3078,0.0030
dpmpp2m,512,2,3,0.0360,0.0011,altered_knn,altered_knn,5000,10000,0.5096,0.0903,0.5133,0.1000,0.6225,0.0582,0.0384,0.0013,0.4158,0.1615,0.0689,0.0029,0.2911,0.0488
dpmpp2m,512,2,3,0.0360,0.0011,quadratic,quadratic,5000,15000,0.3728,0.0008,0.3747,0.0012,0.4380,0.0009,0.0365,0.0019,0.3211,0.0124,0.0655,0.0032,0.2201,0.0016
dpmpp2m,512,2,3,0.0360,0.0011,polar3,polar,5000,15000,0.9118,0.0046,0.9371,0.0038,0.9244,0.0042,0.8708,0.0121,0.2350,0.0059,0.3700,0.0062,0.6535,0.0049
dpmpp2m,512,2,3,0.0360,0.0011,knn,knn,10000,30000,0.5943,0.0075,0.6164,0.0072,0.6030,0.0043,0.0380,0.0051,0.0012,0.0002,0.0023,0.0003,0.3094,0.0037
dpmpp2m,512,2,3,0.0360,0.0011,altered_knn,altered_knn,10000,20000,0.5273,0.0890,0.5320,0.0983,0.6404,0.0562,0.0393,0.0019,0.4069,0.1532,0.0701,0.0016,0.3010,0.0486
dpmpp2m,512,2,3,0.0360,0.0011,quadratic,quadratic,10000,30000,0.3816,0.0010,0.3837,0.0007,0.4505,0.0009,0.0362,0.0004,0.3262,0.0065,0.0652,0.0006,0.2244,0.0001
dpmpp2m,512,2,3,0.0360,0.0011,polar3,polar,10000,30000,0.9204,0.0047,0.9461,0.0041,0.9327,0.0044,0.9925,0.0007,0.2338,0.0087,0.3784,0.0114,0.6622,0.0070
dpmpp2m,512,2,3,0.0360,0.0011,knn,knn,15000,45000,0.5965,0.0038,0.6187,0.0034,0.6052,0.0006,0.0603,0.0213,0.0014,0.0004,0.0027,0.0007,0.3107,0.0016
dpmpp2m,512,2,3,0.0360,0.0011,altered_knn,altered_knn,15000,30000,0.4708,0.0012,0.4690,0.0016,0.6067,0.0018,0.0394,0.0014,0.5187,0.0112,0.0732,0.0025,0.2711,0.0005
dpmpp2m,512,2,3,0.0360,0.0011,quadratic,quadratic,15000,45000,0.3901,0.0018,0.3923,0.0021,0.4615,0.0023,0.0365,0.0020,0.3314,0.0125,0.0657,0.0035,0.2290,0.0020
dpmpp2m,512,2,3,0.0360,0.0011,polar3,polar,15000,45000,0.9257,0.0050,0.9512,0.0044,0.9379,0.0047,0.9985,0.0005,0.2439,0.0063,0.3919,0.0082,0.6716,0.0059
dpmpp2m,512,2,3,0.0360,0.0011,knn,knn,20000,60000,0.5991,0.0054,0.6215,0.0050,0.6081,0.0024,0.0462,0.0162,0.0010,0.0003,0.0020,0.0007,0.3117,0.0022
dpmpp2m,512,2,3,0.0360,0.0011,altered_knn,altered_knn,20000,40000,0.5408,0.0908,0.5458,0.0999,0.6533,0.0577,0.0393,0.0017,0.4022,0.1604,0.0703,0.0064,0.3080,0.0468
dpmpp2m,512,2,3,0.0360,0.0011,quadratic,quadratic,20000,60000,0.3948,0.0004,0.3969,0.0006,0.4694,0.0006,0.0363,0.0017,0.3390,0.0081,0.0656,0.0030,0.2312,0.0013
dpmpp2m,512,2,3,0.0360,0.0011,polar3,polar,20000,60000,0.9265,0.0021,0.9515,0.0028,0.9385,0.0024,0.9996,0.0005,0.2591,0.0111,0.4115,0.0141,0.6815,0.0064
dpmpp2m,512,4,3,0.0321,0.0002,knn,knn,2000,12000,0.3558,0.0040,0.3673,0.0041,0.3575,0.0015,0.0428,0.0047,0.0098,0.0010,0.0159,0.0016,0.1916,0.0028
dpmpp2m,512,4,3,0.0321,0.0002,altered_knn,altered_knn,2000,8000,0.4470,0.0688,0.4534,0.0768,0.5011,0.0382,0.0348,0.0006,0.2541,0.1752,0.0575,0.0055,0.2554,0.0360
dpmpp2m,512,4,3,0.0321,0.0002,quadratic,quadratic,2000,12000,0.1440,0.0011,0.1289,0.0011,0.1822,0.0012,0.0321,0.0004,0.5992,0.0060,0.0609,0.0007,0.0949,0.0008
dpmpp2m,512,4,3,0.0321,0.0002,polar3,polar,2000,12000,0.8420,0.0046,0.8621,0.0051,0.8509,0.0044,0.8808,0.0062,0.2376,0.0068,0.3741,0.0081,0.6181,0.0019
dpmpp2m,512,4,3,0.0321,0.0002,knn,knn,5000,30000,0.3642,0.0048,0.3761,0.0049,0.3659,0.0023,0.0377,0.0043,0.0075,0.0010,0.0125,0.0016,0.1943,0.0032
dpmpp2m,512,4,3,0.0321,0.0002,altered_knn,altered_knn,5000,20000,0.4699,0.0591,0.4772,0.0662,0.5281,0.0306,0.0350,0.0009,0.2515,0.1534,0.0589,0.0034,0.2680,0.0314
dpmpp2m,512,4,3,0.0321,0.0002,quadratic,quadratic,5000,30000,0.1882,0.0010,0.1775,0.0009,0.2351,0.0011,0.0324,0.0007,0.5127,0.0093,0.0609,0.0012,0.1192,0.0009
dpmpp2m,512,4,3,0.0321,0.0002,polar3,polar,5000,30000,0.8876,0.0015,0.9097,0.0017,0.8977,0.0012,0.9965,0.0010,0.2213,0.0008,0.3621,0.0010,0.6359,0.0003
dpmpp2m,512,4,3,0.0321,0.0002,knn,knn,10000,60000,0.3712,0.0046,0.3833,0.0048,0.3731,0.0022,0.0412,0.0063,0.0068,0.0009,0.0117,0.0016,0.1975,0.0018
dpmpp2m,512,4,3,0.0321,0.0002,altered_knn,altered_knn,10000,40000,0.4441,0.0526,0.4469,0.0589,0.5250,0.0264,0.0353,0.0009,0.3584,0.1377,0.0629,0.0021,0.2549,0.0285
dpmpp2m,512,4,3,0.0321,0.0002,quadratic,quadratic,10000,60000,0.2327,0.0006,0.2254,0.0008,0.2867,0.0009,0.0323,0.0005,0.4508,0.0053,0.0603,0.0009,0.1429,0.0003
dpmpp2m,512,4,3,0.0321,0.0002,polar3,polar,10000,60000,0.9137,0.0005,0.9348,0.0006,0.9229,0.0007,0.9993,0.0005,0.2773,0.0036,0.4341,0.0044,0.6845,0.0021
dpmpp2m,512,4,3,0.0321,0.0002,knn,knn,15000,90000,0.3742,0.0050,0.3864,0.0052,0.3760,0.0026,0.0370,0.0082,0.0059,0.0014,0.0101,0.0024,0.1983,0.0020
dpmpp2m,512,4,3,0.0321,0.0002,altered_knn,altered_knn,15000,60000,0.5193,0.0478,0.5306,0.0534,0.5651,0.0223,0.0370,0.0017,0.1791,0.1226,0.0568,0.0049,0.2937,0.0245
dpmpp2m,512,4,3,0.0321,0.0002,quadratic,quadratic,15000,90000,0.2602,0.0010,0.2545,0.0011,0.3185,0.0012,0.0327,0.0007,0.4313,0.0083,0.0609,0.0013,0.1577,0.0007
dpmpp2m,512,4,3,0.0321,0.0002,polar3,polar,15000,90000,0.9144,0.0036,0.9341,0.0039,0.9223,0.0042,0.9997,0.0002,0.3197,0.0017,0.4845,0.0019,0.7093,0.0012
dpmpp2m,512,4,3,0.0321,0.0002,knn,knn,20000,120000,0.3775,0.0044,0.3898,0.0045,0.3795,0.0021,0.0403,0.0105,0.0063,0.0016,0.0109,0.0028,0.2003,0.0036
dpmpp2m,512,4,3,0.0321,0.0002,altered_knn,altered_knn,20000,80000,0.4573,0.0702,0.4606,0.0784,0.5384,0.0351,0.0353,0.0004,0.3555,0.1779,0.0613,0.0058,0.2609,0.0363
dpmpp2m,512,4,3,0.0321,0.0002,quadratic,quadratic,20000,120000,0.2828,0.0011,0.2782,0.0010,0.3460,0.0011,0.0327,0.0003,0.4219,0.0057,0.0607,0.0005,0.1694,0.0007
dpmpp2m,512,4,3,0.0321,0.0002,polar3,polar,20000,120000,0.9121,0.0009,0.9306,0.0011,0.9189,0.0008,0.9997,0.0002,0.3540,0.0033,0.5229,0.0036,0.7267,0.0013
dpmpp2m,512,8,3,0.0279,0.0013,knn,knn,2000,24000,0.2144,0.0020,0.2199,0.0018,0.2143,0.0015,0.0347,0.0039,0.0226,0.0016,0.0274,0.0024,0.1236,0.0003
dpmpp2m,512,8,3,0.0279,0.0013,altered_knn,altered_knn,2000,16000,0.3015,0.0232,0.2991,0.0262,0.3617,0.0133,0.0296,0.0017,0.3929,0.0820,0.0548,0.0019,0.1769,0.0140
dpmpp2m,512,8,3,0.0279,0.0013,quadratic,quadratic,2000,24000,0.0784,0.0009,0.0589,0.0003,0.0948,0.0005,0.0278,0.0014,0.7563,0.0014,0.0537,0.0025,0.0563,0.0012
dpmpp2m,512,8,3,0.0279,0.0013,polar3,polar,2000,24000,0.8210,0.0070,0.8372,0.0076,0.8280,0.0072,0.9643,0.0120,0.2576,0.0116,0.4063,0.0140,0.6218,0.0068
dpmpp2m,512,8,3,0.0279,0.0013,knn,knn,5000,60000,0.2203,0.0020,0.2260,0.0018,0.2203,0.0013,0.0327,0.0024,0.0200,0.0010,0.0248,0.0014,0.1254,0.0002
dpmpp2m,512,8,3,0.0279,0.0013,altered_knn,altered_knn,5000,40000,0.3656,0.0013,0.3690,0.0014,0.4107,0.0009,0.0302,0.0011,0.2485,0.0070,0.0539,0.0017,0.2114,0.0011
dpmpp2m,512,8,3,0.0279,0.0013,quadratic,quadratic,5000,60000,0.1324,0.0004,0.1180,0.0003,0.1709,0.0005,0.0284,0.0013,0.6347,0.0040,0.0543,0.0023,0.0861,0.0010
dpmpp2m,512,8,3,0.0279,0.0013,polar3,polar,5000,60000,0.8788,0.0029,0.8947,0.0020,0.8850,0.0023,0.9968,0.0024,0.3243,0.0129,0.4892,0.0146,0.6920,0.0081
dpmpp2m,512,8,3,0.0279,0.0013,knn,knn,10000,120000,0.2268,0.0015,0.2329,0.0014,0.2268,0.0010,0.0332,0.0029,0.0172,0.0009,0.0227,0.0015,0.1278,0.0002
dpmpp2m,512,8,3,0.0279,0.0013,altered_knn,altered_knn,10000,80000,0.3845,0.0370,0.3885,0.0418,0.4292,0.0176,0.0302,0.0017,0.2394,0.1308,0.0523,0.0060,0.2204,0.0179
dpmpp2m,512,8,3,0.0279,0.0013,quadratic,quadratic,10000,120000,0.1925,0.0006,0.1824,0.0010,0.2475,0.0014,0.0286,0.0013,0.5470,0.0012,0.0543,0.0023,0.1183,0.0006
dpmpp2m,512,8,3,0.0279,0.0013,polar3,polar,10000,120000,0.8947,0.0028,0.9090,0.0020,0.8994,0.0025,0.9973,0.0017,0.3947,0.0178,0.5653,0.0183,0.7372,0.0097
dpmpp2m,512,8,3,0.0279,0.0013,knn,knn,15000,180000,0.2294,0.0016,0.2355,0.0014,0.2297,0.0008,0.0328,0.0019,0.0165,0.0003,0.0219,0.0006,0.1287,0.0004
dpmpp2m,512,8,3,0.0279,0.0013,altered_knn,altered_knn,15000,120000,0.3656,0.0561,0.3666,0.0632,0.4244,0.0228,0.0306,0.0010,0.3270,0.2030,0.0509,0.0091,0.2087,0.0275
dpmpp2m,512,8,3,0.0279,0.0013,quadratic,quadratic,15000,180000,0.2419,0.0001,0.2351,0.0004,0.3028,0.0006,0.0290,0.0015,0.4794,0.0030,0.0547,0.0027,0.1449,0.0011
dpmpp2m,512,8,3,0.0279,0.0013,polar3,polar,15000,180000,0.8981,0.0040,0.9117,0.0033,0.9026,0.0033,0.9965,0.0032,0.4259,0.0162,0.5965,0.0156,0.7541,0.0092
dpmpp2m,512,8,3,0.0279,0.0013,knn,knn,20000,240000,0.2322,0.0021,0.2384,0.0019,0.2325,0.0015,0.0335,0.0018,0.0164,0.0009,0.0220,0.0011,0.1302,0.0014
dpmpp2m,512,8,3,0.0279,0.0013,altered_knn,altered_knn,20000,160000,0.3899,0.0536,0.3934,0.0604,0.4416,0.0239,0.0309,0.0016,0.2735,0.1851,0.0530,0.0036,0.2232,0.0291
dpmpp2m,512,8,3,0.0279,0.0013,quadratic,quadratic,20000,240000,0.2743,0.0005,0.2689,0.0004,0.3419,0.0007,0.0291,0.0014,0.4619,0.0033,0.0547,0.0024,0.1618,0.0013
dpmpp2m,512,8,3,0.0279,0.0013,polar3,polar,20000,240000,0.8999,0.0068,0.9131,0.0059,0.9041,0.0063,0.9962,0.0038,0.4392,0.0164,0.6094,0.0155,0.7613,0.0105
dpmpp2m,512,16,3,0.0282,0.0017,knn,knn,2000,48000,0.1293,0.0007,0.1320,0.0006,0.1286,0.0002,0.0324,0.0019,0.0356,0.0038,0.0339,0.0028,0.0830,0.0011
dpmpp2m,512,16,3,0.0282,0.0017,altered_knn,altered_knn,2000,32000,0.2400,0.0148,0.2343,0.0181,0.2876,0.0051,0.0317,0.0010,0.4334,0.0905,0.0589,0.0023,0.1466,0.0082
dpmpp2m,512,16,3,0.0282,0.0017,quadratic,quadratic,2000,48000,0.0589,0.0008,0.0357,0.0006,0.0628,0.0010,0.0285,0.0016,0.8582,0.0011,0.0551,0.0031,0.0454,0.0012
dpmpp2m,512,16,3,0.0282,0.0017,polar3,polar,2000,48000,0.7855,0.0063,0.8004,0.0057,0.7915,0.0058,0.8742,0.0263,0.2727,0.0079,0.4156,0.0085,0.6080,0.0043
dpmpp2m,512,16,3,0.0282,0.0017,knn,knn,5000,120000,0.1349,0.0009,0.1378,0.0008,0.1341,0.0005,0.0335,0.0019,0.0329,0.0012,0.0332,0.0015,0.0855,0.0005
dpmpp2m,512,16,3,0.0282,0.0017,altered_knn,altered_knn,5000,80000,0.2907,0.0248,0.2916,0.0306,0.3224,0.0038,0.0331,0.0009,0.2494,0.1766,0.0497,0.0156,0.1707,0.0080
dpmpp2m,512,16,3,0.0282,0.0017,quadratic,quadratic,5000,120000,0.1210,0.0006,0.1033,0.0010,0.1610,0.0014,0.0290,0.0017,0.7298,0.0011,0.0558,0.0031,0.0796,0.0012
dpmpp2m,512,16,3,0.0282,0.0017,polar3,polar,5000,120000,0.8408,0.0019,0.8552,0.0030,0.8464,0.0026,0.9210,0.0323,0.3464,0.0110,0.5031,0.0104,0.6792,0.0048
dpmpp2m,512,16,3,0.0282,0.0017,knn,knn,10000,240000,0.1389,0.0011,0.1421,0.0010,0.1382,0.0007,0.0336,0.0027,0.0295,0.0038,0.0314,0.0033,0.0867,0.0015
dpmpp2m,512,16,3,0.0282,0.0017,altered_knn,altered_knn,10000,160000,0.2894,0.0198,0.2871,0.0238,0.3368,0.0057,0.0332,0.0019,0.3683,0.1252,0.0601,0.0037,0.1736,0.0116
dpmpp2m,512,16,3,0.0282,0.0017,quadratic,quadratic,10000,240000,0.2102,0.0003,0.1997,0.0009,0.2714,0.0014,0.0301,0.0019,0.5706,0.0020,0.0572,0.0034,0.1284,0.0012
dpmpp2m,512,16,3,0.0282,0.0017,polar3,polar,10000,240000,0.8678,0.0069,0.8820,0.0081,0.8733,0.0072,0.9113,0.0374,0.3786,0.0111,0.5347,0.0126,0.7084,0.0078
dpmpp2m,512,16,3,0.0282,0.0017,knn,knn,15000,360000,0.1411,0.0012,0.1444,0.0011,0.1404,0.0007,0.0334,0.0016,0.0281,0.0031,0.0305,0.0025,0.0874,0.0009
dpmpp2m,512,16,3,0.0282,0.0017,altered_knn,altered_knn,15000,240000,0.2841,0.0004,0.2791,0.0003,0.3452,0.0002,0.0325,0.0018,0.4553,0.0033,0.0606,0.0031,0.1699,0.0016
dpmpp2m,512,16,3,0.0282,0.0017,quadratic,quadratic,15000,360000,0.2602,0.0005,0.2519,0.0009,0.3325,0.0009,0.0310,0.0016,0.5461,0.0034,0.0587,0.0028,0.1553,0.0011
dpmpp2m,512,16,3,0.0282,0.0017,polar3,polar,15000,360000,0.8795,0.0047,0.8937,0.0054,0.8848,0.0061,0.9026,0.0408,0.3927,0.0101,0.5469,0.0109,0.7203,0.0076
dpmpp2m,512,16,3,0.0282,0.0017,knn,knn,20000,480000,0.1426,0.0010,0.1459,0.0009,0.1419,0.0004,0.0324,0.0023,0.0264,0.0032,0.0291,0.0029,0.0875,0.0011
dpmpp2m,512,16,3,0.0282,0.0017,altered_knn,altered_knn,20000,320000,0.3219,0.0426,0.3255,0.0506,0.3510,0.0144,0.0364,0.0046,0.2123,0.2347,0.0450,0.0122,0.1853,0.0209
dpmpp2m,512,16,3,0.0282,0.0017,quadratic,quadratic,20000,480000,0.3004,0.0012,0.2943,0.0014,0.3772,0.0014,0.0317,0.0017,0.5094,0.0019,0.0596,0.0029,0.1770,0.0011
dpmpp2m,512,16,3,0.0282,0.0017,polar3,polar,20000,480000,0.8854,0.0046,0.8996,0.0054,0.8909,0.0053,0.8983,0.0418,0.4001,0.0108,0.5532,0.0122,0.7264,0.0082
