process,d,K,T_train,hall_gt,T,model,arch,n_per_mode,n_anchors,roundtrip_acc,full_acc,mode_acc,mode_f1,hall_prec,hall_rec,hall_f1,balanced
flow,2,2,150,0.0084,200,analytic,analytic,0,0,nan,0.9954,0.9968,0.9976,0.6935,0.8260,0.7540,0.8754
flow,2,2,150,0.0084,200,analytic_T_train,analytic,0,0,nan,0.9954,0.9968,0.9976,0.6915,0.8278,0.7536,0.8752
flow,2,2,150,0.0084,200,knn,knn,6667,20002,0.9999,0.9925,0.9932,0.9961,0.5373,0.9089,0.6753,0.8342
flow,2,2,150,0.0084,200,kernel,kernel,6667,20002,0.9999,0.9890,0.9896,0.9942,0.4404,0.9225,0.5962,0.7929
flow,2,2,150,0.0084,200,altered_knn,altered_knn,6667,13330,0.9999,0.9839,0.9908,0.9913,0.1589,0.1757,0.1669,0.5789
flow,2,2,150,0.0084,200,linear,linear,6667,20002,0.9999,0.6520,0.6531,0.7882,0.0126,0.5213,0.0247,0.3389
flow,2,2,150,0.0084,200,linear_cal,linear,6667,20002,0.9999,0.9820,0.9884,0.9907,0.1527,0.2373,0.1858,0.5871
flow,2,2,150,0.0084,200,quadratic,quadratic,6667,20002,0.9999,0.9880,0.9913,0.9937,0.3781,0.5964,0.4628,0.7271
flow,2,2,150,0.0084,200,quadratic_cal,quadratic,6667,20002,0.9999,0.9906,0.9944,0.9951,0.4723,0.5497,0.5081,0.7512
flow,2,2,150,0.0084,200,polar2,polar,6667,20002,0.9999,0.9944,0.9955,0.9971,0.6243,0.8710,0.7273,0.8614
flow,2,2,150,0.0084,200,polar2_cal,polar,6667,20002,0.9999,0.9956,0.9973,0.9976,0.7456,0.7994,0.7716,0.8844
flow,2,2,150,0.0084,200,polar3,polar,6667,20002,0.9999,0.9951,0.9960,0.9975,0.6562,0.8899,0.7554,0.8757
flow,2,2,150,0.0084,200,polar3_cal,polar,6667,20002,0.9999,0.9956,0.9971,0.9978,0.7133,0.8302,0.7673,0.8822
flow,2,2,150,0.0084,200,polar8,polar,6667,20002,0.9999,0.9953,0.9966,0.9976,0.6779,0.8467,0.7530,0.8748
flow,2,2,150,0.0084,200,polar8_cal,polar,6667,20002,0.9999,0.9953,0.9966,0.9976,0.6814,0.8402,0.7525,0.8746
flow,2,2,150,0.0084,200,mlp,mlp,6667,20002,0.9999,0.9954,0.9969,0.9977,0.7003,0.8213,0.7560,0.8765
flow,2,2,150,0.0084,200,mlp_cal,mlp,6667,20002,0.9999,0.9954,0.9968,0.9976,0.6932,0.8343,0.7573,0.8770
flow,2,2,150,0.0084,200,knn,knn,16667,50002,1.0000,0.9948,0.9956,0.9974,0.6398,0.9083,0.7508,0.8732
flow,2,2,150,0.0084,200,kernel,kernel,16667,50002,1.0000,0.9918,0.9920,0.9958,0.5071,0.9574,0.6630,0.8275
flow,2,2,150,0.0084,200,altered_knn,altered_knn,16667,33330,1.0000,0.9862,0.9927,0.9930,0.2139,0.2320,0.2225,0.6076
flow,2,2,150,0.0084,200,linear,linear,16667,50002,1.0000,0.6523,0.6535,0.7885,0.0127,0.5213,0.0247,0.3391
flow,2,2,150,0.0084,200,linear_cal,linear,16667,50002,1.0000,0.9816,0.9880,0.9904,0.1437,0.2237,0.1750,0.5815
flow,2,2,150,0.0084,200,quadratic,quadratic,16667,50002,1.0000,0.9878,0.9912,0.9936,0.3779,0.5941,0.4619,0.7266
flow,2,2,150,0.0084,200,quadratic_cal,quadratic,16667,50002,1.0000,0.9904,0.9942,0.9949,0.4692,0.5491,0.5060,0.7501
flow,2,2,150,0.0084,200,polar2,polar,16667,50002,1.0000,0.9944,0.9955,0.9971,0.6248,0.8692,0.7270,0.8613
flow,2,2,150,0.0084,200,polar2_cal,polar,16667,50002,1.0000,0.9956,0.9973,0.9976,0.7431,0.7994,0.7702,0.8838
flow,2,2,150,0.0084,200,polar3,polar,16667,50002,1.0000,0.9952,0.9962,0.9976,0.6613,0.8817,0.7558,0.8760
flow,2,2,150,0.0084,200,polar3_cal,polar,16667,50002,1.0000,0.9956,0.9971,0.9978,0.7164,0.8189,0.7642,0.8807
flow,2,2,150,0.0084,200,polar8,polar,16667,50002,1.0000,0.9953,0.9966,0.9976,0.6795,0.8479,0.7544,0.8755
flow,2,2,150,0.0084,200,polar8_cal,polar,16667,50002,1.0000,0.9954,0.9967,0.9977,0.6852,0.8396,0.7546,0.8756
flow,2,2,150,0.0084,200,mlp,mlp,16667,50002,1.0000,0.9955,0.9970,0.9977,0.7037,0.8249,0.7595,0.8782
flow,2,2,150,0.0084,200,mlp_cal,mlp,16667,50002,1.0000,0.9954,0.9968,0.9977,0.6950,0.8361,0.7591,0.8779
flow,2,2,150,0.0084,200,knn,knn,33333,99998,1.0000,0.9954,0.9963,0.9977,0.6723,0.8888,0.7655,0.8809
flow,2,2,150,0.0084,200,kernel,kernel,33333,99998,1.0000,0.9928,0.9930,0.9963,0.5409,0.9633,0.6928,0.8429
flow,2,2,150,0.0084,200,altered_knn,altered_knn,33333,66660,1.0000,0.9863,0.9925,0.9931,0.2330,0.2680,0.2493,0.6209
flow,2,2,150,0.0084,200,linear,linear,33333,99998,1.0000,0.6512,0.6523,0.7876,0.0126,0.5225,0.0247,0.3385
flow,2,2,150,0.0084,200,linear_cal,linear,33333,99998,1.0000,0.9845,0.9907,0.9921,0.1916,0.2556,0.2190,0.6049
flow,2,2,150,0.0084,200,quadratic,quadratic,33333,99998,1.0000,0.9877,0.9910,0.9935,0.3737,0.5929,0.4585,0.7248
flow,2,2,150,0.0084,200,quadratic_cal,quadratic,33333,99998,1.0000,0.9904,0.9942,0.9949,0.4689,0.5479,0.5053,0.7498
flow,2,2,150,0.0084,200,polar2,polar,33333,99998,1.0000,0.9944,0.9955,0.9971,0.6274,0.8698,0.7290,0.8622
flow,2,2,150,0.0084,200,polar2_cal,polar,33333,99998,1.0000,0.9956,0.9973,0.9976,0.7430,0.8006,0.7707,0.8840
flow,2,2,150,0.0084,200,polar3,polar,33333,99998,1.0000,0.9951,0.9961,0.9975,0.6571,0.8834,0.7537,0.8749
flow,2,2,150,0.0084,200,polar3_cal,polar,33333,99998,1.0000,0.9956,0.9971,0.9977,0.7130,0.8189,0.7623,0.8797
flow,2,2,150,0.0084,200,polar8,polar,33333,99998,1.0000,0.9953,0.9966,0.9976,0.6800,0.8462,0.7540,0.8753
flow,2,2,150,0.0084,200,polar8_cal,polar,33333,99998,1.0000,0.9954,0.9967,0.9977,0.6842,0.8396,0.7540,0.8753
flow,2,2,150,0.0084,200,mlp,mlp,33333,99998,1.0000,0.9955,0.9969,0.9977,0.7017,0.8225,0.7573,0.8771
flow,2,2,150,0.0084,200,mlp_cal,mlp,33333,99998,1.0000,0.9954,0.9969,0.9977,0.6984,0.8290,0.7581,0.8775
flow,2,4,150,0.0111,200,analytic,analytic,0,0,nan,0.9890,0.9934,0.9929,0.6583,0.5916,0.6232,0.8083
flow,2,4,150,0.0111,200,analytic_T_train,analytic,0,0,nan,0.9890,0.9934,0.9929,0.6571,0.5920,0.6229,0.8082
flow,2,4,150,0.0111,200,knn,knn,3333,19996,0.9999,0.9814,0.9848,0.9885,0.4060,0.6730,0.5065,0.7456
flow,2,4,150,0.0111,200,kernel,kernel,3333,19996,0.9999,0.9838,0.9872,0.9902,0.4439,0.6848,0.5386,0.7629
flow,2,4,150,0.0111,200,altered_knn,altered_knn,3333,13320,0.9999,0.9482,0.9527,0.9725,0.1183,0.5509,0.1947,0.5737
flow,2,4,150,0.0111,200,linear,linear,3333,19996,0.9999,0.2337,0.2284,0.3173,0.0102,0.7119,0.0202,0.1243
flow,2,4,150,0.0111,200,linear_cal,linear,3333,19996,0.9999,0.8944,0.9040,0.9030,0.0576,0.0398,0.0471,0.4755
flow,2,4,150,0.0111,200,quadratic,quadratic,3333,19996,0.9999,0.9656,0.9713,0.9745,0.2919,0.4564,0.3560,0.6637
flow,2,4,150,0.0111,200,quadratic_cal,quadratic,3333,19996,0.9999,0.9702,0.9769,0.9758,0.4757,0.3682,0.4151,0.6960
flow,2,4,150,0.0111,200,polar2,polar,3333,19996,0.9999,0.9619,0.9665,0.9756,0.2060,0.5540,0.3003,0.6334
flow,2,4,150,0.0111,200,polar2_cal,polar,3333,19996,0.9999,0.9722,0.9791,0.9784,0.4134,0.3582,0.3838,0.6814
flow,2,4,150,0.0111,200,polar3,polar,3333,19996,0.9999,0.9822,0.9858,0.9893,0.4059,0.6617,0.5032,0.7445
flow,2,4,150,0.0111,200,polar3_cal,polar,3333,19996,0.9999,0.9867,0.9918,0.9910,0.6213,0.5260,0.5697,0.7807
flow,2,4,150,0.0111,200,polar8,polar,3333,19996,0.9999,0.9870,0.9905,0.9919,0.5371,0.6753,0.5983,0.7944
flow,2,4,150,0.0111,200,polar8_cal,polar,3333,19996,0.9999,0.9882,0.9923,0.9923,0.6180,0.6196,0.6188,0.8055
flow,2,4,150,0.0111,200,mlp,mlp,3333,19996,0.9999,0.9892,0.9935,0.9929,0.6748,0.5988,0.6346,0.8140
flow,2,4,150,0.0111,200,mlp_cal,mlp,3333,19996,0.9999,0.9891,0.9934,0.9929,0.6611,0.6079,0.6334,0.8134
flow,2,4,150,0.0111,200,knn,knn,8333,49996,1.0000,0.9869,0.9903,0.9921,0.5215,0.6857,0.5924,0.7914
flow,2,4,150,0.0111,200,kernel,kernel,8333,49996,1.0000,0.9865,0.9898,0.9919,0.5013,0.6893,0.5805,0.7851
flow,2,4,150,0.0111,200,altered_knn,altered_knn,8333,33320,1.0000,0.9759,0.9834,0.9858,0.2099,0.2976,0.2462,0.6148
flow,2,4,150,0.0111,200,linear,linear,8333,49996,1.0000,0.2379,0.2327,0.3217,0.0103,0.7114,0.0203,0.1265
flow,2,4,150,0.0111,200,linear_cal,linear,8333,49996,1.0000,0.8900,0.8996,0.8991,0.0481,0.0357,0.0410,0.4703
flow,2,4,150,0.0111,200,quadratic,quadratic,8333,49996,1.0000,0.9652,0.9710,0.9740,0.2968,0.4527,0.3585,0.6647
flow,2,4,150,0.0111,200,quadratic_cal,quadratic,8333,49996,1.0000,0.9695,0.9762,0.9751,0.4705,0.3677,0.4128,0.6945
flow,2,4,150,0.0111,200,polar2,polar,8333,49996,1.0000,0.9630,0.9676,0.9763,0.2095,0.5486,0.3032,0.6354
flow,2,4,150,0.0111,200,polar2_cal,polar,8333,49996,1.0000,0.9733,0.9800,0.9795,0.4086,0.3758,0.3915,0.6857
flow,2,4,150,0.0111,200,polar3,polar,8333,49996,1.0000,0.9828,0.9864,0.9898,0.4135,0.6626,0.5092,0.7478
flow,2,4,150,0.0111,200,polar3_cal,polar,8333,49996,1.0000,0.9872,0.9922,0.9914,0.6376,0.5387,0.5840,0.7881
flow,2,4,150,0.0111,200,polar8,polar,8333,49996,1.0000,0.9873,0.9908,0.9921,0.5470,0.6744,0.6040,0.7974
flow,2,4,150,0.0111,200,polar8_cal,polar,8333,49996,1.0000,0.9884,0.9926,0.9924,0.6314,0.6183,0.6248,0.8087
flow,2,4,150,0.0111,200,mlp,mlp,8333,49996,1.0000,0.9892,0.9935,0.9929,0.6735,0.5979,0.6334,0.8135
flow,2,4,150,0.0111,200,mlp_cal,mlp,8333,49996,1.0000,0.9891,0.9935,0.9929,0.6690,0.5997,0.6325,0.8130
flow,2,4,150,0.0111,200,knn,knn,16667,100004,0.9999,0.9886,0.9924,0.9930,0.5894,0.6486,0.6176,0.8050
flow,2,4,150,0.0111,200,kernel,kernel,16667,100004,0.9999,0.9879,0.9913,0.9928,0.5420,0.6775,0.6022,0.7968
flow,2,4,150,0.0111,200,altered_knn,altered_knn,16667,66660,0.9999,0.9794,0.9880,0.9877,0.2259,0.2135,0.2195,0.6038
flow,2,4,150,0.0111,200,linear,linear,16667,100004,0.9999,0.2380,0.2327,0.3223,0.0103,0.7083,0.0202,0.1265
flow,2,4,150,0.0111,200,linear_cal,linear,16667,100004,0.9999,0.8899,0.8995,0.8990,0.0478,0.0348,0.0403,0.4699
flow,2,4,150,0.0111,200,quadratic,quadratic,16667,100004,0.9999,0.9652,0.9709,0.9738,0.2996,0.4518,0.3603,0.6656
flow,2,4,150,0.0111,200,quadratic_cal,quadratic,16667,100004,0.9999,0.9694,0.9762,0.9750,0.4770,0.3654,0.4138,0.6950
flow,2,4,150,0.0111,200,polar2,polar,16667,100004,0.9999,0.9638,0.9685,0.9770,0.2134,0.5468,0.3070,0.6377
flow,2,4,150,0.0111,200,polar2_cal,polar,16667,100004,0.9999,0.9737,0.9804,0.9800,0.4071,0.3795,0.3928,0.6866
flow,2,4,150,0.0111,200,polar3,polar,16667,100004,0.9999,0.9827,0.9864,0.9897,0.4103,0.6526,0.5038,0.7451
flow,2,4,150,0.0111,200,polar3_cal,polar,16667,100004,0.9999,0.9874,0.9925,0.9914,0.6613,0.5341,0.5909,0.7917
flow,2,4,150,0.0111,200,polar8,polar,16667,100004,0.9999,0.9871,0.9906,0.9920,0.5363,0.6707,0.5961,0.7933
flow,2,4,150,0.0111,200,polar8_cal,polar,16667,100004,0.9999,0.9884,0.9926,0.9925,0.6299,0.6196,0.6247,0.8086
flow,2,4,150,0.0111,200,mlp,mlp,16667,100004,0.9999,0.9892,0.9936,0.9930,0.6695,0.5975,0.6315,0.8125
flow,2,4,150,0.0111,200,mlp_cal,mlp,16667,100004,0.9999,0.9892,0.9936,0.9930,0.6694,0.5970,0.6311,0.8123
flow,2,8,150,0.0133,200,analytic,analytic,0,0,nan,0.9811,0.9889,0.9871,0.5477,0.4079,0.4676,0.7282
flow,2,8,150,0.0133,200,analytic_T_train,analytic,0,0,nan,0.9811,0.9888,0.9872,0.5448,0.4094,0.4675,0.7282
flow,2,8,150,0.0133,200,knn,knn,1667,20008,0.9999,0.9608,0.9671,0.9725,0.2738,0.4992,0.3537,0.6604
flow,2,8,150,0.0133,200,kernel,kernel,1667,20008,0.9999,0.9689,0.9748,0.9794,0.3115,0.5278,0.3918,0.6833
flow,2,8,150,0.0133,200,altered_knn,altered_knn,1667,13320,0.9999,0.9460,0.9570,0.9584,0.1119,0.1361,0.1228,0.5399
flow,2,8,150,0.0133,200,linear,linear,1667,20008,0.9999,0.1136,0.1042,0.1606,0.0122,0.8132,0.0241,0.0642
flow,2,8,150,0.0133,200,linear_cal,linear,1667,20008,0.9999,0.8024,0.8130,0.8125,0.0186,0.0124,0.0149,0.4139
flow,2,8,150,0.0133,200,quadratic,quadratic,1667,20008,0.9999,0.9045,0.9108,0.9326,0.0984,0.4380,0.1606,0.5357
flow,2,8,150,0.0133,200,quadratic_cal,quadratic,1667,20008,0.9999,0.9351,0.9443,0.9425,0.3921,0.2534,0.3078,0.6261
flow,2,8,150,0.0133,200,polar2,polar,1667,20008,0.9999,0.8958,0.9016,0.9218,0.1076,0.4688,0.1750,0.5383
flow,2,8,150,0.0133,200,polar2_cal,polar,1667,20008,0.9999,0.9184,0.9274,0.9258,0.3513,0.2504,0.2924,0.6099
flow,2,8,150,0.0133,200,polar3,polar,1667,20008,0.9999,0.9410,0.9469,0.9588,0.1751,0.5034,0.2598,0.6033
flow,2,8,150,0.0133,200,polar3_cal,polar,1667,20008,0.9999,0.9536,0.9624,0.9603,0.4608,0.3008,0.3640,0.6632
flow,2,8,150,0.0133,200,polar8,polar,1667,20008,0.9999,0.9760,0.9818,0.9847,0.3788,0.5421,0.4460,0.7139
flow,2,8,150,0.0133,200,polar8_cal,polar,1667,20008,0.9999,0.9783,0.9861,0.9847,0.5064,0.4008,0.4474,0.7167
flow,2,8,150,0.0133,200,mlp,mlp,1667,20008,0.9999,0.9813,0.9886,0.9873,0.5498,0.4440,0.4913,0.7399
flow,2,8,150,0.0133,200,mlp_cal,mlp,1667,20008,0.9999,0.9815,0.9890,0.9873,0.5742,0.4278,0.4903,0.7397
flow,2,8,150,0.0133,200,knn,knn,4167,50008,0.9999,0.9731,0.9790,0.9826,0.3446,0.5289,0.4173,0.6982
flow,2,8,150,0.0133,200,kernel,kernel,4167,50008,0.9999,0.9754,0.9813,0.9842,0.3715,0.5357,0.4387,0.7100
flow,2,8,150,0.0133,200,altered_knn,altered_knn,4167,33320,0.9999,0.9488,0.9553,0.9710,0.1370,0.4662,0.2118,0.5835
flow,2,8,150,0.0133,200,linear,linear,4167,50008,0.9999,0.1167,0.1073,0.1649,0.0122,0.8090,0.0241,0.0657
flow,2,8,150,0.0133,200,linear_cal,linear,4167,50008,0.9999,0.8076,0.8184,0.8183,0.0187,0.0120,0.0147,0.4165
flow,2,8,150,0.0133,200,quadratic,quadratic,4167,50008,0.9999,0.9070,0.9133,0.9352,0.0987,0.4391,0.1612,0.5372
flow,2,8,150,0.0133,200,quadratic_cal,quadratic,4167,50008,0.9999,0.9379,0.9471,0.9454,0.3907,0.2545,0.3082,0.6276
flow,2,8,150,0.0133,200,polar2,polar,4167,50008,0.9999,0.8991,0.9050,0.9246,0.1069,0.4598,0.1735,0.5393
flow,2,8,150,0.0133,200,polar2_cal,polar,4167,50008,0.9999,0.9189,0.9282,0.9257,0.3627,0.2259,0.2784,0.6033
flow,2,8,150,0.0133,200,polar3,polar,4167,50008,0.9999,0.9430,0.9487,0.9610,0.1766,0.5173,0.2633,0.6060
flow,2,8,150,0.0133,200,polar3_cal,polar,4167,50008,0.9999,0.9556,0.9645,0.9624,0.4492,0.2989,0.3589,0.6617
flow,2,8,150,0.0133,200,polar8,polar,4167,50008,0.9999,0.9757,0.9817,0.9845,0.3744,0.5327,0.4397,0.7107
flow,2,8,150,0.0133,200,polar8_cal,polar,4167,50008,0.9999,0.9779,0.9856,0.9844,0.4965,0.4023,0.4444,0.7150
flow,2,8,150,0.0133,200,mlp,mlp,4167,50008,0.9999,0.9813,0.9885,0.9872,0.5520,0.4432,0.4917,0.7401
flow,2,8,150,0.0133,200,mlp_cal,mlp,4167,50008,0.9999,0.9814,0.9888,0.9873,0.5644,0.4335,0.4903,0.7396
flow,2,8,150,0.0133,200,knn,knn,8333,99992,0.9999,0.9771,0.9833,0.9853,0.3943,0.5120,0.4455,0.7144
flow,2,8,150,0.0133,200,kernel,kernel,8333,99992,0.9999,0.9772,0.9835,0.9855,0.3962,0.5143,0.4476,0.7155
flow,2,8,150,0.0133,200,altered_knn,altered_knn,8333,66640,0.9999,0.9572,0.9639,0.9761,0.1616,0.4605,0.2392,0.6016
flow,2,8,150,0.0133,200,linear,linear,8333,99992,0.9999,0.1183,0.1090,0.1667,0.0122,0.8075,0.0241,0.0666
flow,2,8,150,0.0133,200,linear_cal,linear,8333,99992,0.9999,0.8039,0.8145,0.8142,0.0207,0.0132,0.0161,0.4153
flow,2,8,150,0.0133,200,quadratic,quadratic,8333,99992,0.9999,0.9065,0.9128,0.9346,0.0990,0.4391,0.1616,0.5372
flow,2,8,150,0.0133,200,quadratic_cal,quadratic,8333,99992,0.9999,0.9369,0.9461,0.9443,0.3970,0.2485,0.3057,0.6259
flow,2,8,150,0.0133,200,polar2,polar,8333,99992,0.9999,0.9002,0.9062,0.9254,0.1095,0.4590,0.1768,0.5415
flow,2,8,150,0.0133,200,polar2_cal,polar,8333,99992,0.9999,0.9220,0.9312,0.9288,0.4101,0.2383,0.3015,0.6163
flow,2,8,150,0.0133,200,polar3,polar,8333,99992,0.9999,0.9440,0.9498,0.9616,0.1806,0.5150,0.2674,0.6086
flow,2,8,150,0.0133,200,polar3_cal,polar,8333,99992,0.9999,0.9562,0.9650,0.9632,0.4361,0.3068,0.3602,0.6626
flow,2,8,150,0.0133,200,polar8,polar,8333,99992,0.9999,0.9756,0.9816,0.9844,0.3720,0.5316,0.4377,0.7096
flow,2,8,150,0.0133,200,polar8_cal,polar,8333,99992,0.9999,0.9778,0.9855,0.9843,0.4949,0.4023,0.4438,0.7147
flow,2,8,150,0.0133,200,mlp,mlp,8333,99992,0.9999,0.9813,0.9885,0.9873,0.5510,0.4451,0.4924,0.7405
flow,2,8,150,0.0133,200,mlp_cal,mlp,8333,99992,0.9999,0.9814,0.9889,0.9872,0.5690,0.4293,0.4894,0.7391
flow,2,16,150,0.0126,200,analytic,analytic,0,0,nan,0.9797,0.9871,0.9852,0.5714,0.3984,0.4695,0.7283
flow,2,16,150,0.0126,200,analytic_T_train,analytic,0,0,nan,0.9797,0.9870,0.9852,0.5702,0.3996,0.4699,0.7285
flow,2,16,150,0.0126,200,knn,knn,833,19984,0.9999,0.9418,0.9478,0.9546,0.2195,0.4653,0.2983,0.6230
flow,2,16,150,0.0126,200,kernel,kernel,833,19984,0.9999,0.9568,0.9623,0.9689,0.2521,0.5235,0.3403,0.6513
flow,2,16,150,0.0126,200,altered_knn,altered_knn,833,13280,0.9999,0.9017,0.9124,0.9145,0.0418,0.0582,0.0486,0.4805
flow,2,16,150,0.0126,200,linear,linear,833,19984,0.9999,0.0617,0.0529,0.0970,0.0101,0.7510,0.0199,0.0364
flow,2,16,150,0.0126,200,linear_cal,linear,833,19984,0.9999,0.6103,0.6164,0.5876,0.1789,0.1343,0.1534,0.3849
flow,2,16,150,0.0126,200,quadratic,quadratic,833,19984,0.9999,0.8404,0.8449,0.8880,0.0557,0.4841,0.0999,0.4724
flow,2,16,150,0.0126,200,quadratic_cal,quadratic,833,19984,0.9999,0.9061,0.9140,0.9118,0.3986,0.2821,0.3304,0.6222
flow,2,16,150,0.0126,200,polar2,polar,833,19984,0.9999,0.9309,0.9376,0.9424,0.2220,0.4004,0.2856,0.6116
flow,2,16,150,0.0126,200,polar2_cal,polar,833,19984,0.9999,0.9369,0.9451,0.9440,0.3575,0.2944,0.3229,0.6340
flow,2,16,150,0.0126,200,polar3,polar,833,19984,0.9999,0.9589,0.9658,0.9699,0.2528,0.4191,0.3154,0.6406
flow,2,16,150,0.0126,200,polar3_cal,polar,833,19984,0.9999,0.9645,0.9728,0.9714,0.4030,0.3112,0.3512,0.6620
flow,2,16,150,0.0126,200,polar8,polar,833,19984,0.9999,0.9759,0.9817,0.9830,0.4269,0.5167,0.4676,0.7246
flow,2,16,150,0.0126,200,polar8_cal,polar,833,19984,0.9999,0.9775,0.9850,0.9832,0.5375,0.3880,0.4507,0.7178
flow,2,16,150,0.0126,200,mlp,mlp,833,19984,0.9999,0.9790,0.9859,0.9849,0.5171,0.4394,0.4751,0.7305
flow,2,16,150,0.0126,200,mlp_cal,mlp,833,19984,0.9999,0.9793,0.9864,0.9849,0.5474,0.4183,0.4743,0.7303
flow,2,16,150,0.0126,200,knn,knn,2083,50000,0.9999,0.9621,0.9678,0.9730,0.2782,0.5112,0.3603,0.6641
flow,2,16,150,0.0126,200,kernel,kernel,2083,50000,0.9999,0.9696,0.9750,0.9789,0.3336,0.5462,0.4142,0.6946
flow,2,16,150,0.0126,200,altered_knn,altered_knn,2083,33280,0.9999,0.8998,0.9096,0.9164,0.0569,0.1291,0.0789,0.4943
flow,2,16,150,0.0126,200,linear,linear,2083,50000,0.9999,0.0657,0.0570,0.1045,0.0100,0.7462,0.0198,0.0384
flow,2,16,150,0.0126,200,linear_cal,linear,2083,50000,0.9999,0.6135,0.6193,0.5935,0.2075,0.1602,0.1808,0.4000
flow,2,16,150,0.0126,200,quadratic,quadratic,2083,50000,0.9999,0.8435,0.8481,0.8914,0.0557,0.4845,0.0998,0.4740
flow,2,16,150,0.0126,200,quadratic_cal,quadratic,2083,50000,0.9999,0.9089,0.9169,0.9144,0.4239,0.2773,0.3353,0.6261
flow,2,16,150,0.0126,200,polar2,polar,2083,50000,0.9999,0.9324,0.9391,0.9440,0.2230,0.4040,0.2874,0.6133
flow,2,16,150,0.0126,200,polar2_cal,polar,2083,50000,0.9999,0.9392,0.9477,0.9457,0.3972,0.2677,0.3198,0.6338
flow,2,16,150,0.0126,200,polar3,polar,2083,50000,0.9999,0.9600,0.9668,0.9708,0.2565,0.4235,0.3195,0.6432
flow,2,16,150,0.0126,200,polar3_cal,polar,2083,50000,0.9999,0.9659,0.9742,0.9725,0.4286,0.3112,0.3606,0.6674
flow,2,16,150,0.0126,200,polar8,polar,2083,50000,0.9999,0.9761,0.9819,0.9833,0.4239,0.5159,0.4654,0.7237
flow,2,16,150,0.0126,200,polar8_cal,polar,2083,50000,0.9999,0.9781,0.9859,0.9835,0.5909,0.3586,0.4463,0.7161
flow,2,16,150,0.0126,200,mlp,mlp,2083,50000,0.9999,0.9793,0.9861,0.9851,0.5229,0.4406,0.4783,0.7322
flow,2,16,150,0.0126,200,mlp_cal,mlp,2083,50000,0.9999,0.9797,0.9871,0.9851,0.5890,0.4008,0.4770,0.7321
flow,2,16,150,0.0126,200,knn,knn,4167,100016,0.9999,0.9711,0.9766,0.9799,0.3537,0.5394,0.4273,0.7019
flow,2,16,150,0.0126,200,kernel,kernel,4167,100016,0.9999,0.9734,0.9787,0.9817,0.3785,0.5574,0.4509,0.7148
flow,2,16,150,0.0126,200,altered_knn,altered_knn,4167,66640,0.9999,0.8589,0.8681,0.8738,0.0599,0.1371,0.0833,0.4757
flow,2,16,150,0.0126,200,linear,linear,4167,100016,0.9999,0.0664,0.0578,0.1063,0.0100,0.7430,0.0197,0.0388
flow,2,16,150,0.0126,200,linear_cal,linear,4167,100016,0.9999,0.6187,0.6246,0.5985,0.1978,0.1562,0.1745,0.3996
flow,2,16,150,0.0126,200,quadratic,quadratic,4167,100016,0.9999,0.8449,0.8494,0.8927,0.0560,0.4865,0.1004,0.4749
flow,2,16,150,0.0126,200,quadratic_cal,quadratic,4167,100016,0.9999,0.9099,0.9179,0.9157,0.4159,0.2817,0.3359,0.6269
flow,2,16,150,0.0126,200,polar2,polar,4167,100016,0.9999,0.9310,0.9378,0.9422,0.2263,0.3972,0.2883,0.6130
flow,2,16,150,0.0126,200,polar2_cal,polar,4167,100016,0.9999,0.9372,0.9457,0.9438,0.3862,0.2669,0.3157,0.6307
flow,2,16,150,0.0126,200,polar3,polar,4167,100016,0.9999,0.9591,0.9660,0.9701,0.2502,0.4151,0.3122,0.6391
flow,2,16,150,0.0126,200,polar3_cal,polar,4167,100016,0.9999,0.9651,0.9735,0.9718,0.4162,0.3088,0.3545,0.6640
flow,2,16,150,0.0126,200,polar8,polar,4167,100016,0.9999,0.9765,0.9824,0.9835,0.4347,0.5155,0.4717,0.7270
flow,2,16,150,0.0126,200,polar8_cal,polar,4167,100016,0.9999,0.9781,0.9855,0.9837,0.5536,0.3968,0.4623,0.7239
flow,2,16,150,0.0126,200,mlp,mlp,4167,100016,0.9999,0.9794,0.9862,0.9852,0.5277,0.4406,0.4802,0.7332
flow,2,16,150,0.0126,200,mlp_cal,mlp,4167,100016,0.9999,0.9797,0.9869,0.9851,0.5725,0.4092,0.4772,0.7321
flow,4,2,150,0.0079,200,analytic,analytic,0,0,nan,0.9954,0.9962,0.9972,0.7061,0.8933,0.7887,0.8925
flow,4,2,150,0.0079,200,analytic_T_train,analytic,0,0,nan,0.9953,0.9961,0.9972,0.7031,0.8939,0.7871,0.8916
flow,4,2,150,0.0079,200,knn,knn,6667,20002,0.9999,0.9394,0.9436,0.9425,0.5947,0.4223,0.4939,0.7187
flow,4,2,150,0.0079,200,kernel,kernel,6667,20002,0.9999,0.9595,0.9630,0.9617,0.7889,0.5215,0.6279,0.7955
flow,4,2,150,0.0079,200,altered_knn,altered_knn,6667,13330,0.9999,0.9265,0.9325,0.9515,0.0277,0.1660,0.0475,0.4900
flow,4,2,150,0.0079,200,linear,linear,6667,20002,0.9999,0.6579,0.6591,0.7926,0.0116,0.5025,0.0227,0.3409
flow,4,2,150,0.0079,200,linear_cal,linear,6667,20002,0.9999,0.9838,0.9908,0.9906,0.1205,0.1162,0.1183,0.5545
flow,4,2,150,0.0079,200,quadratic,quadratic,6667,20002,0.9999,0.9929,0.9958,0.9960,0.6028,0.6294,0.6158,0.8058
flow,4,2,150,0.0079,200,quadratic_cal,quadratic,6667,20002,0.9999,0.9925,0.9952,0.9958,0.5682,0.6439,0.6037,0.7995
flow,4,2,150,0.0079,200,polar2,polar,6667,20002,0.9999,0.9943,0.9957,0.9967,0.6521,0.8176,0.7255,0.8606
flow,4,2,150,0.0079,200,polar2_cal,polar,6667,20002,0.9999,0.9942,0.9957,0.9967,0.6491,0.8176,0.7237,0.8597
flow,4,2,150,0.0079,200,polar3,polar,6667,20002,0.9999,0.9951,0.9960,0.9972,0.6816,0.8908,0.7723,0.8841
flow,4,2,150,0.0079,200,polar3_cal,polar,6667,20002,0.9999,0.9952,0.9962,0.9972,0.6966,0.8725,0.7747,0.8854
flow,4,2,150,0.0079,200,polar8,polar,6667,20002,0.9999,0.9956,0.9963,0.9974,0.7112,0.9015,0.7951,0.8957
flow,4,2,150,0.0079,200,polar8_cal,polar,6667,20002,0.9999,0.9956,0.9963,0.9974,0.7126,0.9015,0.7960,0.8962
flow,4,2,150,0.0079,200,mlp,mlp,6667,20002,0.9999,0.9956,0.9965,0.9974,0.7253,0.8870,0.7981,0.8973
flow,4,2,150,0.0079,200,mlp_cal,mlp,6667,20002,0.9999,0.9956,0.9964,0.9974,0.7187,0.8902,0.7953,0.8959
flow,4,2,150,0.0079,200,knn,knn,16667,50002,0.9999,0.9497,0.9534,0.9527,0.6099,0.4886,0.5426,0.7480
flow,4,2,150,0.0079,200,kernel,kernel,16667,50002,0.9999,0.9685,0.9716,0.9705,0.8068,0.5852,0.6784,0.8250
flow,4,2,150,0.0079,200,altered_knn,altered_knn,16667,33330,0.9999,0.9325,0.9386,0.9560,0.0303,0.1679,0.0513,0.4950
flow,4,2,150,0.0079,200,linear,linear,16667,50002,0.9999,0.6587,0.6600,0.7933,0.0117,0.5038,0.0228,0.3414
flow,4,2,150,0.0079,200,linear_cal,linear,16667,50002,0.9999,0.9860,0.9930,0.9925,0.1257,0.1111,0.1180,0.5555
flow,4,2,150,0.0079,200,quadratic,quadratic,16667,50002,0.9999,0.9932,0.9961,0.9962,0.6148,0.6256,0.6202,0.8081
flow,4,2,150,0.0079,200,quadratic_cal,quadratic,16667,50002,0.9999,0.9926,0.9954,0.9959,0.5733,0.6446,0.6068,0.8011
flow,4,2,150,0.0079,200,polar2,polar,16667,50002,0.9999,0.9944,0.9958,0.9968,0.6627,0.8150,0.7310,0.8634
flow,4,2,150,0.0079,200,polar2_cal,polar,16667,50002,0.9999,0.9943,0.9957,0.9967,0.6520,0.8207,0.7267,0.8612
flow,4,2,150,0.0079,200,polar3,polar,16667,50002,0.9999,0.9951,0.9960,0.9971,0.6818,0.8794,0.7681,0.8821
flow,4,2,150,0.0079,200,polar3_cal,polar,16667,50002,0.9999,0.9951,0.9961,0.9972,0.6889,0.8725,0.7699,0.8830
flow,4,2,150,0.0079,200,polar8,polar,16667,50002,0.9999,0.9955,0.9962,0.9973,0.7050,0.9009,0.7910,0.8936
flow,4,2,150,0.0079,200,polar8_cal,polar,16667,50002,0.9999,0.9956,0.9966,0.9974,0.7337,0.8801,0.8002,0.8984
flow,4,2,150,0.0079,200,mlp,mlp,16667,50002,0.9999,0.9955,0.9964,0.9973,0.7214,0.8845,0.7947,0.8955
flow,4,2,150,0.0079,200,mlp_cal,mlp,16667,50002,0.9999,0.9954,0.9963,0.9973,0.7098,0.8908,0.7900,0.8932
flow,4,2,150,0.0079,200,knn,knn,33333,99998,0.9999,0.9579,0.9613,0.9606,0.6518,0.5354,0.5879,0.7746
flow,4,2,150,0.0079,200,kernel,kernel,33333,99998,0.9999,0.9736,0.9763,0.9753,0.8392,0.6357,0.7234,0.8498
flow,4,2,150,0.0079,200,altered_knn,altered_knn,33333,66660,0.9999,0.9290,0.9344,0.9570,0.0371,0.2563,0.0648,0.4996
flow,4,2,150,0.0079,200,linear,linear,33333,99998,0.9999,0.6576,0.6588,0.7924,0.0116,0.5032,0.0227,0.3408
flow,4,2,150,0.0079,200,linear_cal,linear,33333,99998,0.9999,0.9863,0.9933,0.9928,0.1326,0.1168,0.1242,0.5587
flow,4,2,150,0.0079,200,quadratic,quadratic,33333,99998,0.9999,0.9929,0.9958,0.9959,0.6102,0.6294,0.6196,0.8077
flow,4,2,150,0.0079,200,quadratic_cal,quadratic,33333,99998,0.9999,0.9923,0.9950,0.9956,0.5662,0.6509,0.6056,0.8003
flow,4,2,150,0.0079,200,polar2,polar,33333,99998,0.9999,0.9945,0.9959,0.9968,0.6675,0.8176,0.7350,0.8654
flow,4,2,150,0.0079,200,polar2_cal,polar,33333,99998,0.9999,0.9944,0.9957,0.9967,0.6583,0.8232,0.7316,0.8637
flow,4,2,150,0.0079,200,polar3,polar,33333,99998,0.9999,0.9951,0.9960,0.9971,0.6805,0.8782,0.7668,0.8814
flow,4,2,150,0.0079,200,polar3_cal,polar,33333,99998,0.9999,0.9951,0.9961,0.9972,0.6870,0.8731,0.7690,0.8825
flow,4,2,150,0.0079,200,polar8,polar,33333,99998,0.9999,0.9955,0.9962,0.9973,0.7071,0.8977,0.7911,0.8937
flow,4,2,150,0.0079,200,polar8_cal,polar,33333,99998,0.9999,0.9957,0.9966,0.9973,0.7413,0.8737,0.8021,0.8994
flow,4,2,150,0.0079,200,mlp,mlp,33333,99998,0.9999,0.9955,0.9964,0.9973,0.7220,0.8838,0.7948,0.8956
flow,4,2,150,0.0079,200,mlp_cal,mlp,33333,99998,0.9999,0.9954,0.9963,0.9973,0.7097,0.8876,0.7888,0.8925
flow,4,4,150,0.0099,200,analytic,analytic,0,0,nan,0.9885,0.9917,0.9918,0.6580,0.6673,0.6626,0.8272
flow,4,4,150,0.0099,200,analytic_T_train,analytic,0,0,nan,0.9885,0.9917,0.9918,0.6557,0.6684,0.6620,0.8268
flow,4,4,150,0.0099,200,knn,knn,3333,19996,0.9999,0.8380,0.8430,0.8452,0.3155,0.3408,0.3277,0.5853
flow,4,4,150,0.0099,200,kernel,kernel,3333,19996,0.9999,0.8720,0.8764,0.8785,0.3882,0.4334,0.4096,0.6430
flow,4,4,150,0.0099,200,altered_knn,altered_knn,3333,13320,0.9999,0.8738,0.8808,0.8972,0.0371,0.1676,0.0607,0.4708
flow,4,4,150,0.0099,200,linear,linear,3333,19996,0.9999,0.2616,0.2576,0.3633,0.0089,0.6643,0.0177,0.1376
flow,4,4,150,0.0099,200,linear_cal,linear,3333,19996,0.9999,0.8808,0.8894,0.8901,0.0163,0.0132,0.0146,0.4520
flow,4,4,150,0.0099,200,quadratic,quadratic,3333,19996,0.9999,0.9570,0.9616,0.9620,0.4759,0.4896,0.4827,0.7221
flow,4,4,150,0.0099,200,quadratic_cal,quadratic,3333,19996,0.9999,0.9569,0.9615,0.9620,0.4708,0.4906,0.4805,0.7210
flow,4,4,150,0.0099,200,polar2,polar,3333,19996,0.9999,0.9649,0.9687,0.9718,0.3587,0.5868,0.4453,0.7070
flow,4,4,150,0.0099,200,polar2_cal,polar,3333,19996,0.9999,0.9685,0.9731,0.9730,0.5151,0.5023,0.5086,0.7409
flow,4,4,150,0.0099,200,polar3,polar,3333,19996,0.9999,0.9781,0.9813,0.9831,0.4823,0.6542,0.5552,0.7683
flow,4,4,150,0.0099,200,polar3_cal,polar,3333,19996,0.9999,0.9792,0.9829,0.9834,0.5577,0.6142,0.5846,0.7837
flow,4,4,150,0.0099,200,polar8,polar,3333,19996,0.9999,0.9869,0.9898,0.9907,0.5883,0.6967,0.6379,0.8139
flow,4,4,150,0.0099,200,polar8_cal,polar,3333,19996,0.9999,0.9870,0.9899,0.9907,0.5942,0.6901,0.6386,0.8142
flow,4,4,150,0.0099,200,mlp,mlp,3333,19996,0.9999,0.9889,0.9922,0.9920,0.6881,0.6603,0.6739,0.8330
flow,4,4,150,0.0099,200,mlp_cal,mlp,3333,19996,0.9999,0.9886,0.9917,0.9920,0.6438,0.6744,0.6588,0.8252
flow,4,4,150,0.0099,200,knn,knn,8333,49996,0.9999,0.8723,0.8771,0.8788,0.3445,0.3919,0.3667,0.6219
flow,4,4,150,0.0099,200,kernel,kernel,8333,49996,0.9999,0.8988,0.9031,0.9043,0.4368,0.4673,0.4516,0.6773
flow,4,4,150,0.0099,200,altered_knn,altered_knn,8333,33320,0.9999,0.9000,0.9082,0.9102,0.0619,0.0815,0.0704,0.4893
flow,4,4,150,0.0099,200,linear,linear,8333,49996,0.9999,0.2630,0.2590,0.3672,0.0089,0.6608,0.0176,0.1383
flow,4,4,150,0.0099,200,linear_cal,linear,8333,49996,0.9999,0.8838,0.8925,0.8931,0.0184,0.0152,0.0167,0.4546
flow,4,4,150,0.0099,200,quadratic,quadratic,8333,49996,0.9999,0.9578,0.9625,0.9628,0.4759,0.4901,0.4829,0.7227
flow,4,4,150,0.0099,200,quadratic_cal,quadratic,8333,49996,0.9999,0.9578,0.9625,0.9628,0.4753,0.4911,0.4831,0.7228
flow,4,4,150,0.0099,200,polar2,polar,8333,49996,0.9999,0.9657,0.9696,0.9732,0.3340,0.5803,0.4240,0.6968
flow,4,4,150,0.0099,200,polar2_cal,polar,8333,49996,0.9999,0.9695,0.9742,0.9745,0.4723,0.4972,0.4845,0.7293
flow,4,4,150,0.0099,200,polar3,polar,8333,49996,0.9999,0.9793,0.9826,0.9843,0.4811,0.6516,0.5535,0.7681
flow,4,4,150,0.0099,200,polar3_cal,polar,8333,49996,0.9999,0.9807,0.9845,0.9847,0.5788,0.6005,0.5895,0.7870
flow,4,4,150,0.0099,200,polar8,polar,8333,49996,0.9999,0.9877,0.9907,0.9913,0.6168,0.6871,0.6501,0.8204
flow,4,4,150,0.0099,200,polar8_cal,polar,8333,49996,0.9999,0.9875,0.9903,0.9912,0.5949,0.7013,0.6437,0.8170
flow,4,4,150,0.0099,200,mlp,mlp,8333,49996,0.9999,0.9889,0.9921,0.9919,0.6954,0.6613,0.6779,0.8350
flow,4,4,150,0.0099,200,mlp_cal,mlp,8333,49996,0.9999,0.9885,0.9916,0.9919,0.6398,0.6790,0.6588,0.8252
flow,4,4,150,0.0099,200,knn,knn,16667,100004,0.9999,0.8927,0.8974,0.8986,0.3856,0.4248,0.4042,0.6508
flow,4,4,150,0.0099,200,kernel,kernel,16667,100004,0.9999,0.9156,0.9199,0.9207,0.4692,0.4906,0.4797,0.6998
flow,4,4,150,0.0099,200,altered_knn,altered_knn,16667,66660,0.9999,0.9062,0.9142,0.9169,0.0686,0.1028,0.0823,0.4983
flow,4,4,150,0.0099,200,linear,linear,16667,100004,0.9999,0.2586,0.2545,0.3616,0.0089,0.6638,0.0176,0.1360
flow,4,4,150,0.0099,200,linear_cal,linear,16667,100004,0.9999,0.8825,0.8911,0.8917,0.0190,0.0152,0.0169,0.4540
flow,4,4,150,0.0099,200,quadratic,quadratic,16667,100004,0.9999,0.9577,0.9624,0.9627,0.4776,0.4851,0.4813,0.7219
flow,4,4,150,0.0099,200,quadratic_cal,quadratic,16667,100004,0.9999,0.9577,0.9624,0.9627,0.4760,0.4876,0.4817,0.7221
flow,4,4,150,0.0099,200,polar2,polar,16667,100004,0.9999,0.9655,0.9694,0.9730,0.3299,0.5747,0.4192,0.6943
flow,4,4,150,0.0099,200,polar2_cal,polar,16667,100004,0.9999,0.9691,0.9738,0.9742,0.4591,0.4977,0.4776,0.7257
flow,4,4,150,0.0099,200,polar3,polar,16667,100004,0.9999,0.9802,0.9836,0.9852,0.4903,0.6430,0.5564,0.7700
flow,4,4,150,0.0099,200,polar3_cal,polar,16667,100004,0.9999,0.9817,0.9856,0.9855,0.6108,0.5904,0.6004,0.7930
flow,4,4,150,0.0099,200,polar8,polar,16667,100004,0.9999,0.9881,0.9911,0.9916,0.6299,0.6861,0.6568,0.8240
flow,4,4,150,0.0099,200,polar8_cal,polar,16667,100004,0.9999,0.9882,0.9912,0.9916,0.6369,0.6820,0.6587,0.8250
flow,4,4,150,0.0099,200,mlp,mlp,16667,100004,0.9999,0.9889,0.9922,0.9919,0.7011,0.6628,0.6814,0.8368
flow,4,4,150,0.0099,200,mlp_cal,mlp,16667,100004,0.9999,0.9887,0.9919,0.9919,0.6643,0.6724,0.6683,0.8301
flow,4,8,150,0.0122,200,analytic,analytic,0,0,nan,0.9848,0.9906,0.9896,0.6239,0.5150,0.5642,0.7774
flow,4,8,150,0.0122,200,analytic_T_train,analytic,0,0,nan,0.9848,0.9906,0.9896,0.6209,0.5158,0.5635,0.7771
flow,4,8,150,0.0122,200,knn,knn,1667,20008,0.9999,0.7674,0.7727,0.7868,0.0922,0.3395,0.1450,0.4588
flow,4,8,150,0.0122,200,kernel,kernel,1667,20008,0.9999,0.7936,0.7984,0.8198,0.0783,0.4096,0.1315,0.4649
flow,4,8,150,0.0122,200,altered_knn,altered_knn,1667,13320,0.9999,0.8343,0.8416,0.8692,0.0390,0.2370,0.0669,0.4543
flow,4,8,150,0.0122,200,linear,linear,1667,20008,0.9999,0.1460,0.1393,0.2225,0.0099,0.6941,0.0196,0.0794
flow,4,8,150,0.0122,200,linear_cal,linear,1667,20008,0.9999,0.8555,0.8659,0.8655,0.0145,0.0115,0.0128,0.4394
flow,4,8,150,0.0122,200,quadratic,quadratic,1667,20008,0.9999,0.9067,0.9133,0.9178,0.2208,0.3772,0.2786,0.5959
flow,4,8,150,0.0122,200,quadratic_cal,quadratic,1667,20008,0.9999,0.9124,0.9200,0.9197,0.3476,0.2964,0.3200,0.6200
flow,4,8,150,0.0122,200,polar2,polar,1667,20008,0.9999,0.9304,0.9365,0.9435,0.2012,0.4395,0.2761,0.6063
flow,4,8,150,0.0122,200,polar2_cal,polar,1667,20008,0.9999,0.9399,0.9476,0.9464,0.4078,0.3165,0.3564,0.6520
flow,4,8,150,0.0122,200,polar3,polar,1667,20008,0.9999,0.9588,0.9640,0.9692,0.2913,0.5424,0.3790,0.6715
flow,4,8,150,0.0122,200,polar3_cal,polar,1667,20008,0.9999,0.9646,0.9717,0.9707,0.4817,0.3948,0.4340,0.7028
flow,4,8,150,0.0122,200,polar8,polar,1667,20008,0.9999,0.9740,0.9789,0.9813,0.4166,0.5752,0.4832,0.7311
flow,4,8,150,0.0122,200,polar8_cal,polar,1667,20008,0.9999,0.9760,0.9816,0.9818,0.5052,0.5191,0.5120,0.7468
flow,4,8,150,0.0122,200,mlp,mlp,1667,20008,0.9999,0.9834,0.9888,0.9886,0.5601,0.5408,0.5503,0.7695
flow,4,8,150,0.0122,200,mlp_cal,mlp,1667,20008,0.9999,0.9840,0.9899,0.9887,0.6261,0.5039,0.5584,0.7741
flow,4,8,150,0.0122,200,knn,knn,4167,50008,1.0000,0.8105,0.8161,0.8280,0.1149,0.3600,0.1742,0.4951
flow,4,8,150,0.0122,200,kernel,kernel,4167,50008,1.0000,0.8318,0.8366,0.8546,0.1028,0.4465,0.1671,0.5019
flow,4,8,150,0.0122,200,altered_knn,altered_knn,4167,33320,1.0000,0.8323,0.8384,0.8791,0.0401,0.3399,0.0718,0.4551
flow,4,8,150,0.0122,200,linear,linear,4167,50008,1.0000,0.1437,0.1369,0.2205,0.0099,0.6937,0.0195,0.0782
flow,4,8,150,0.0122,200,linear_cal,linear,4167,50008,1.0000,0.8545,0.8649,0.8650,0.0148,0.0127,0.0137,0.4393
flow,4,8,150,0.0122,200,quadratic,quadratic,4167,50008,1.0000,0.9054,0.9119,0.9169,0.2138,0.3805,0.2737,0.5928
flow,4,8,150,0.0122,200,quadratic_cal,quadratic,4167,50008,1.0000,0.9116,0.9193,0.9189,0.3463,0.2919,0.3168,0.6180
flow,4,8,150,0.0122,200,polar2,polar,4167,50008,1.0000,0.9306,0.9367,0.9440,0.1945,0.4321,0.2683,0.6025
flow,4,8,150,0.0122,200,polar2_cal,polar,4167,50008,1.0000,0.9401,0.9478,0.9468,0.3957,0.3206,0.3542,0.6510
flow,4,8,150,0.0122,200,polar3,polar,4167,50008,1.0000,0.9608,0.9662,0.9711,0.2909,0.5269,0.3748,0.6705
flow,4,8,150,0.0122,200,polar3_cal,polar,4167,50008,1.0000,0.9661,0.9728,0.9725,0.4451,0.4157,0.4299,0.7014
flow,4,8,150,0.0122,200,polar8,polar,4167,50008,1.0000,0.9773,0.9823,0.9843,0.4343,0.5761,0.4952,0.7388
flow,4,8,150,0.0122,200,polar8_cal,polar,4167,50008,1.0000,0.9794,0.9853,0.9848,0.5458,0.4986,0.5211,0.7532
flow,4,8,150,0.0122,200,mlp,mlp,4167,50008,1.0000,0.9850,0.9908,0.9896,0.6425,0.5158,0.5722,0.7815
flow,4,8,150,0.0122,200,mlp_cal,mlp,4167,50008,1.0000,0.9847,0.9903,0.9896,0.6025,0.5363,0.5675,0.7789
flow,4,8,150,0.0122,200,knn,knn,8333,99992,0.9999,0.8418,0.8475,0.8580,0.1339,0.3780,0.1977,0.5226
flow,4,8,150,0.0122,200,kernel,kernel,8333,99992,0.9999,0.8594,0.8644,0.8792,0.1233,0.4531,0.1938,0.5291
flow,4,8,150,0.0122,200,altered_knn,altered_knn,8333,66640,0.9999,0.8739,0.8825,0.8961,0.0541,0.1845,0.0837,0.4831
flow,4,8,150,0.0122,200,linear,linear,8333,99992,0.9999,0.1423,0.1355,0.2192,0.0099,0.6945,0.0195,0.0775
flow,4,8,150,0.0122,200,linear_cal,linear,8333,99992,0.9999,0.8547,0.8651,0.8650,0.0143,0.0119,0.0130,0.4390
flow,4,8,150,0.0122,200,quadratic,quadratic,8333,99992,0.9999,0.9064,0.9128,0.9178,0.2148,0.3850,0.2758,0.5943
flow,4,8,150,0.0122,200,quadratic_cal,quadratic,8333,99992,0.9999,0.9127,0.9204,0.9199,0.3503,0.2907,0.3177,0.6191
flow,4,8,150,0.0122,200,polar2,polar,8333,99992,0.9999,0.9306,0.9367,0.9437,0.1990,0.4346,0.2730,0.6049
flow,4,8,150,0.0122,200,polar2_cal,polar,8333,99992,0.9999,0.9400,0.9476,0.9467,0.3995,0.3227,0.3570,0.6523
flow,4,8,150,0.0122,200,polar3,polar,8333,99992,0.9999,0.9613,0.9665,0.9716,0.2924,0.5359,0.3783,0.6724
flow,4,8,150,0.0122,200,polar3_cal,polar,8333,99992,0.9999,0.9660,0.9726,0.9728,0.4162,0.4285,0.4222,0.6974
flow,4,8,150,0.0122,200,polar8,polar,8333,99992,0.9999,0.9784,0.9832,0.9852,0.4433,0.5830,0.5036,0.7434
flow,4,8,150,0.0122,200,polar8_cal,polar,8333,99992,0.9999,0.9801,0.9859,0.9856,0.5463,0.5129,0.5291,0.7575
flow,4,8,150,0.0122,200,mlp,mlp,8333,99992,0.9999,0.9851,0.9910,0.9896,0.6613,0.5076,0.5743,0.7827
flow,4,8,150,0.0122,200,mlp_cal,mlp,8333,99992,0.9999,0.9848,0.9903,0.9896,0.6148,0.5367,0.5731,0.7817
flow,4,16,150,0.0138,200,analytic,analytic,0,0,nan,0.9804,0.9879,0.9861,0.6095,0.4460,0.5151,0.7515
flow,4,16,150,0.0138,200,analytic_T_train,analytic,0,0,nan,0.9804,0.9879,0.9861,0.6087,0.4467,0.5153,0.7516
flow,4,16,150,0.0138,200,knn,knn,833,19984,0.9998,0.7080,0.7131,0.7334,0.0699,0.3434,0.1162,0.4147
flow,4,16,150,0.0138,200,kernel,kernel,833,19984,0.9998,0.7134,0.7171,0.7630,0.0461,0.4449,0.0836,0.4003
flow,4,16,150,0.0138,200,altered_knn,altered_knn,833,13280,0.9998,0.8196,0.8286,0.8446,0.0481,0.1780,0.0758,0.4522
flow,4,16,150,0.0138,200,linear,linear,833,19984,0.9998,0.0869,0.0778,0.1408,0.0111,0.7342,0.0218,0.0498
flow,4,16,150,0.0138,200,linear_cal,linear,833,19984,0.9998,0.8310,0.8421,0.8396,0.0586,0.0370,0.0453,0.4437
flow,4,16,150,0.0138,200,quadratic,quadratic,833,19984,0.9998,0.8842,0.8909,0.9092,0.1049,0.4079,0.1669,0.5289
flow,4,16,150,0.0138,200,quadratic_cal,quadratic,833,19984,0.9998,0.9117,0.9214,0.9197,0.2998,0.2212,0.2545,0.5880
flow,4,16,150,0.0138,200,polar2,polar,833,19984,0.9998,0.9201,0.9271,0.9350,0.1882,0.4173,0.2594,0.5932
flow,4,16,150,0.0138,200,polar2_cal,polar,833,19984,0.9998,0.9308,0.9402,0.9382,0.3673,0.2600,0.3045,0.6223
flow,4,16,150,0.0138,200,polar3,polar,833,19984,0.9998,0.9442,0.9509,0.9584,0.2206,0.4659,0.2994,0.6252
flow,4,16,150,0.0138,200,polar3_cal,polar,833,19984,0.9998,0.9524,0.9611,0.9606,0.3584,0.3281,0.3426,0.6519
flow,4,16,150,0.0138,200,polar8,polar,833,19984,0.9998,0.9636,0.9700,0.9738,0.3234,0.5040,0.3940,0.6820
flow,4,16,150,0.0138,200,polar8_cal,polar,833,19984,0.9998,0.9680,0.9766,0.9746,0.4980,0.3557,0.4150,0.6958
flow,4,16,150,0.0138,200,mlp,mlp,833,19984,0.9998,0.9724,0.9794,0.9805,0.4067,0.4703,0.4362,0.7078
flow,4,16,150,0.0138,200,mlp_cal,mlp,833,19984,0.9998,0.9751,0.9835,0.9812,0.5612,0.3756,0.4500,0.7168
flow,4,16,150,0.0138,200,knn,knn,2083,50000,0.9998,0.7597,0.7652,0.7811,0.0940,0.3658,0.1496,0.4574
flow,4,16,150,0.0138,200,kernel,kernel,2083,50000,0.9998,0.7675,0.7718,0.8066,0.0640,0.4590,0.1123,0.4421
flow,4,16,150,0.0138,200,altered_knn,altered_knn,2083,33280,0.9998,0.8521,0.8629,0.8638,0.0682,0.0776,0.0726,0.4678
flow,4,16,150,0.0138,200,linear,linear,2083,50000,0.9998,0.0867,0.0777,0.1410,0.0111,0.7346,0.0218,0.0497
flow,4,16,150,0.0138,200,linear_cal,linear,2083,50000,0.9998,0.8386,0.8498,0.8479,0.0566,0.0381,0.0455,0.4477
flow,4,16,150,0.0138,200,quadratic,quadratic,2083,50000,0.9998,0.8870,0.8937,0.9119,0.1064,0.4094,0.1689,0.5313
flow,4,16,150,0.0138,200,quadratic_cal,quadratic,2083,50000,0.9998,0.9152,0.9250,0.9228,0.3255,0.2150,0.2590,0.5920
flow,4,16,150,0.0138,200,polar2,polar,2083,50000,0.9998,0.9226,0.9297,0.9372,0.1922,0.4130,0.2623,0.5960
flow,4,16,150,0.0138,200,polar2_cal,polar,2083,50000,0.9998,0.9333,0.9428,0.9406,0.3867,0.2582,0.3096,0.6262
flow,4,16,150,0.0138,200,polar3,polar,2083,50000,0.9998,0.9465,0.9532,0.9600,0.2303,0.4652,0.3081,0.6307
flow,4,16,150,0.0138,200,polar3_cal,polar,2083,50000,0.9998,0.9553,0.9645,0.9624,0.4401,0.3013,0.3577,0.6611
flow,4,16,150,0.0138,200,polar8,polar,2083,50000,0.9998,0.9671,0.9735,0.9764,0.3562,0.5054,0.4179,0.6957
flow,4,16,150,0.0138,200,polar8_cal,polar,2083,50000,0.9998,0.9711,0.9797,0.9772,0.5635,0.3571,0.4372,0.7085
flow,4,16,150,0.0138,200,mlp,mlp,2083,50000,0.9998,0.9792,0.9866,0.9852,0.5734,0.4532,0.5063,0.7464
flow,4,16,150,0.0138,200,mlp_cal,mlp,2083,50000,0.9998,0.9799,0.9878,0.9852,0.6570,0.4090,0.5041,0.7460
flow,4,16,150,0.0138,200,knn,knn,4167,100016,0.9999,0.7946,0.8006,0.8136,0.1125,0.3655,0.1721,0.4863
flow,4,16,150,0.0138,200,kernel,kernel,4167,100016,0.9999,0.8035,0.8082,0.8360,0.0814,0.4677,0.1387,0.4734
flow,4,16,150,0.0138,200,altered_knn,altered_knn,4167,66640,0.9999,0.8583,0.8684,0.8753,0.0634,0.1334,0.0860,0.4772
flow,4,16,150,0.0138,200,linear,linear,4167,100016,0.9999,0.0858,0.0767,0.1394,0.0111,0.7379,0.0218,0.0493
flow,4,16,150,0.0138,200,linear_cal,linear,4167,100016,0.9999,0.8381,0.8493,0.8475,0.0564,0.0381,0.0455,0.4474
flow,4,16,150,0.0138,200,quadratic,quadratic,4167,100016,0.9999,0.8863,0.8930,0.9112,0.1059,0.4079,0.1681,0.5306
flow,4,16,150,0.0138,200,quadratic_cal,quadratic,4167,100016,0.9999,0.9146,0.9244,0.9223,0.3264,0.2150,0.2592,0.5918
flow,4,16,150,0.0138,200,polar2,polar,4167,100016,0.9999,0.9226,0.9297,0.9372,0.1953,0.4184,0.2663,0.5980
flow,4,16,150,0.0138,200,polar2_cal,polar,4167,100016,0.9999,0.9330,0.9425,0.9403,0.3858,0.2585,0.3096,0.6260
flow,4,16,150,0.0138,200,polar3,polar,4167,100016,0.9999,0.9477,0.9547,0.9612,0.2277,0.4489,0.3021,0.6284
flow,4,16,150,0.0138,200,polar3_cal,polar,4167,100016,0.9999,0.9563,0.9654,0.9637,0.4152,0.3060,0.3523,0.6589
flow,4,16,150,0.0138,200,polar8,polar,4167,100016,0.9999,0.9690,0.9755,0.9781,0.3687,0.5062,0.4267,0.7011
flow,4,16,150,0.0138,200,polar8_cal,polar,4167,100016,0.9999,0.9725,0.9810,0.9788,0.5389,0.3666,0.4363,0.7086
flow,4,16,150,0.0138,200,mlp,mlp,4167,100016,0.9999,0.9800,0.9876,0.9856,0.6102,0.4398,0.5112,0.7494
flow,4,16,150,0.0138,200,mlp_cal,mlp,4167,100016,0.9999,0.9802,0.9882,0.9856,0.6544,0.4133,0.5067,0.7474
flow,8,2,150,0.0071,200,analytic,analytic,0,0,nan,0.9926,0.9933,0.9949,0.6181,0.8889,0.7292,0.8612
flow,8,2,150,0.0071,200,analytic_T_train,analytic,0,0,nan,0.9926,0.9933,0.9949,0.6168,0.8896,0.7285,0.8609
flow,8,2,150,0.0071,200,knn,knn,6667,20002,0.9999,0.8422,0.8476,0.8448,0.6041,0.0842,0.1478,0.4977
flow,8,2,150,0.0071,200,kernel,kernel,6667,20002,0.9999,0.9689,0.9758,0.9724,1.0000,0.0021,0.0042,0.4900
flow,8,2,150,0.0071,200,altered_knn,altered_knn,6667,13330,0.9999,0.7156,0.7166,0.8316,0.0146,0.5832,0.0285,0.3725
flow,8,2,150,0.0071,200,linear,linear,6667,20002,0.9999,0.6730,0.6745,0.8038,0.0101,0.4664,0.0198,0.3471
flow,8,2,150,0.0071,200,linear_cal,linear,6667,20002,0.9999,0.9795,0.9859,0.9877,0.0576,0.0878,0.0695,0.5277
flow,8,2,150,0.0071,200,quadratic,quadratic,6667,20002,0.9999,0.9931,0.9952,0.9950,0.7382,0.6964,0.7167,0.8559
flow,8,2,150,0.0071,200,quadratic_cal,quadratic,6667,20002,0.9999,0.9905,0.9917,0.9937,0.5253,0.8217,0.6409,0.8163
flow,8,2,150,0.0071,200,polar2,polar,6667,20002,0.9999,0.9895,0.9906,0.9934,0.4636,0.8429,0.5982,0.7944
flow,8,2,150,0.0071,200,polar2_cal,polar,6667,20002,0.9999,0.9913,0.9926,0.9943,0.5473,0.8025,0.6508,0.8217
flow,8,2,150,0.0071,200,polar3,polar,6667,20002,0.9999,0.9931,0.9941,0.9950,0.6790,0.8592,0.7585,0.8763
flow,8,2,150,0.0071,200,polar3_cal,polar,6667,20002,0.9999,0.9924,0.9931,0.9948,0.6000,0.8896,0.7166,0.8549
flow,8,2,150,0.0071,200,polar8,polar,6667,20002,0.9999,0.9906,0.9915,0.9925,0.6707,0.8592,0.7533,0.8724
flow,8,2,150,0.0071,200,polar8_cal,polar,6667,20002,0.9999,0.9900,0.9908,0.9924,0.6021,0.8740,0.7130,0.8519
flow,8,2,150,0.0071,200,mlp,mlp,6667,20002,0.9999,0.9935,0.9944,0.9953,0.6861,0.8648,0.7652,0.8798
flow,8,2,150,0.0071,200,mlp_cal,mlp,6667,20002,0.9999,0.9919,0.9925,0.9950,0.5347,0.8995,0.6707,0.8316
flow,8,2,150,0.0071,200,knn,knn,16667,50002,0.9999,0.8581,0.8635,0.8608,0.6520,0.1047,0.1805,0.5220
flow,8,2,150,0.0071,200,kernel,kernel,16667,50002,0.9999,0.9749,0.9818,0.9783,1.0000,0.0078,0.0154,0.4986
flow,8,2,150,0.0071,200,altered_knn,altered_knn,16667,33330,0.9999,0.8928,0.8976,0.9278,0.0219,0.2229,0.0400,0.4688
flow,8,2,150,0.0071,200,linear,linear,16667,50002,0.9999,0.6717,0.6732,0.8028,0.0100,0.4636,0.0196,0.3464
flow,8,2,150,0.0071,200,linear_cal,linear,16667,50002,0.9999,0.9824,0.9888,0.9899,0.0673,0.0885,0.0764,0.5326
flow,8,2,150,0.0071,200,quadratic,quadratic,16667,50002,0.9999,0.9931,0.9952,0.9950,0.7449,0.7006,0.7221,0.8587
flow,8,2,150,0.0071,200,quadratic_cal,quadratic,16667,50002,0.9999,0.9912,0.9924,0.9940,0.5637,0.8139,0.6661,0.8293
flow,8,2,150,0.0071,200,polar2,polar,16667,50002,0.9999,0.9899,0.9909,0.9937,0.4719,0.8443,0.6054,0.7982
flow,8,2,150,0.0071,200,polar2_cal,polar,16667,50002,0.9999,0.9915,0.9928,0.9945,0.5485,0.8125,0.6549,0.8238
flow,8,2,150,0.0071,200,polar3,polar,16667,50002,0.9999,0.9933,0.9942,0.9952,0.6759,0.8592,0.7566,0.8754
flow,8,2,150,0.0071,200,polar3_cal,polar,16667,50002,0.9999,0.9927,0.9934,0.9950,0.6103,0.8832,0.7218,0.8576
flow,8,2,150,0.0071,200,polar8,polar,16667,50002,0.9999,0.9927,0.9937,0.9946,0.6814,0.8627,0.7614,0.8775
flow,8,2,150,0.0071,200,polar8_cal,polar,16667,50002,0.9999,0.9923,0.9931,0.9945,0.6273,0.8790,0.7321,0.8626
flow,8,2,150,0.0071,200,mlp,mlp,16667,50002,0.9999,0.9933,0.9941,0.9952,0.6716,0.8754,0.7601,0.8771
flow,8,2,150,0.0071,200,mlp_cal,mlp,16667,50002,0.9999,0.9928,0.9935,0.9951,0.6156,0.8953,0.7295,0.8615
flow,8,2,150,0.0071,200,knn,knn,33333,99998,0.9999,0.8654,0.8707,0.8680,0.7088,0.1309,0.2210,0.5458
flow,8,2,150,0.0071,200,kernel,kernel,33333,99998,0.9999,0.9775,0.9844,0.9810,1.0000,0.0120,0.0238,0.5041
flow,8,2,150,0.0071,200,altered_knn,altered_knn,33333,66660,0.9999,0.9017,0.9067,0.9325,0.0225,0.1975,0.0404,0.4735
flow,8,2,150,0.0071,200,linear,linear,33333,99998,0.9999,0.6697,0.6712,0.8014,0.0099,0.4614,0.0194,0.3453
flow,8,2,150,0.0071,200,linear_cal,linear,33333,99998,0.9999,0.9817,0.9880,0.9897,0.0662,0.0984,0.0791,0.5336
flow,8,2,150,0.0071,200,quadratic,quadratic,33333,99998,0.9999,0.9932,0.9952,0.9951,0.7414,0.7021,0.7212,0.8582
flow,8,2,150,0.0071,200,quadratic_cal,quadratic,33333,99998,0.9999,0.9912,0.9925,0.9941,0.5629,0.8103,0.6643,0.8284
flow,8,2,150,0.0071,200,polar2,polar,33333,99998,0.9999,0.9905,0.9916,0.9940,0.4992,0.8443,0.6274,0.8095
flow,8,2,150,0.0071,200,polar2_cal,polar,33333,99998,0.9999,0.9914,0.9927,0.9944,0.5461,0.8209,0.6559,0.8243
flow,8,2,150,0.0071,200,polar3,polar,33333,99998,0.9999,0.9932,0.9942,0.9951,0.6754,0.8585,0.7560,0.8751
flow,8,2,150,0.0071,200,polar3_cal,polar,33333,99998,0.9999,0.9928,0.9936,0.9950,0.6323,0.8776,0.7350,0.8643
flow,8,2,150,0.0071,200,polar8,polar,33333,99998,0.9999,0.9928,0.9938,0.9947,0.6729,0.8592,0.7547,0.8742
flow,8,2,150,0.0071,200,polar8_cal,polar,33333,99998,0.9999,0.9924,0.9932,0.9946,0.6258,0.8783,0.7309,0.8620
flow,8,2,150,0.0071,200,mlp,mlp,33333,99998,0.9999,0.9931,0.9940,0.9951,0.6606,0.8776,0.7538,0.8739
flow,8,2,150,0.0071,200,mlp_cal,mlp,33333,99998,0.9999,0.9930,0.9938,0.9951,0.6458,0.8854,0.7469,0.8703
flow,8,4,150,0.0095,200,analytic,analytic,0,0,nan,0.9891,0.9913,0.9917,0.7074,0.7578,0.7317,0.8615
flow,8,4,150,0.0095,200,analytic_T_train,analytic,0,0,nan,0.9891,0.9913,0.9917,0.7060,0.7578,0.7310,0.8611
flow,8,4,150,0.0095,200,knn,knn,3333,19996,0.9999,0.6873,0.6926,0.6927,0.2111,0.1261,0.1579,0.4253
flow,8,4,150,0.0095,200,kernel,kernel,3333,19996,0.9999,0.8721,0.8800,0.8764,0.9800,0.0517,0.0982,0.4891
flow,8,4,150,0.0095,200,altered_knn,altered_knn,3333,13320,0.9999,0.7572,0.7601,0.8377,0.0221,0.4501,0.0422,0.4011
flow,8,4,150,0.0095,200,linear,linear,3333,19996,0.9999,0.3553,0.3536,0.5126,0.0080,0.5367,0.0157,0.1846
flow,8,4,150,0.0095,200,linear_cal,linear,3333,19996,0.9999,0.9192,0.9278,0.9281,0.0202,0.0206,0.0204,0.4741
flow,8,4,150,0.0095,200,quadratic,quadratic,3333,19996,0.9999,0.9613,0.9653,0.9644,0.6917,0.5388,0.6058,0.7855
flow,8,4,150,0.0095,200,quadratic_cal,quadratic,3333,19996,0.9999,0.9614,0.9656,0.9644,0.7142,0.5261,0.6059,0.7857
flow,8,4,150,0.0095,200,polar2,polar,3333,19996,0.9999,0.9728,0.9760,0.9778,0.4589,0.6327,0.5319,0.7540
flow,8,4,150,0.0095,200,polar2_cal,polar,3333,19996,0.9999,0.9744,0.9787,0.9783,0.5799,0.5340,0.5560,0.7674
flow,8,4,150,0.0095,200,polar3,polar,3333,19996,0.9999,0.9755,0.9783,0.9789,0.6170,0.6929,0.6527,0.8155
flow,8,4,150,0.0095,200,polar3_cal,polar,3333,19996,0.9999,0.9760,0.9789,0.9789,0.6712,0.6786,0.6749,0.8269
flow,8,4,150,0.0095,200,polar8,polar,3333,19996,0.9999,0.9712,0.9739,0.9748,0.5771,0.6929,0.6297,0.8018
flow,8,4,150,0.0095,200,polar8_cal,polar,3333,19996,0.9999,0.9716,0.9744,0.9749,0.6199,0.6792,0.6482,0.8113
flow,8,4,150,0.0095,200,mlp,mlp,3333,19996,0.9999,0.9844,0.9873,0.9876,0.6394,0.6850,0.6614,0.8243
flow,8,4,150,0.0095,200,mlp_cal,mlp,3333,19996,0.9999,0.9846,0.9876,0.9877,0.6620,0.6770,0.6694,0.8285
flow,8,4,150,0.0095,200,knn,knn,8333,49996,1.0000,0.7165,0.7219,0.7216,0.3007,0.1493,0.1996,0.4607
flow,8,4,150,0.0095,200,kernel,kernel,8333,49996,1.0000,0.8712,0.8789,0.8758,1.0000,0.0728,0.1358,0.5073
flow,8,4,150,0.0095,200,altered_knn,altered_knn,8333,33320,1.0000,0.7552,0.7579,0.8411,0.0220,0.4760,0.0420,0.3999
flow,8,4,150,0.0095,200,linear,linear,8333,49996,1.0000,0.3506,0.3488,0.5074,0.0079,0.5383,0.0156,0.1822
flow,8,4,150,0.0095,200,linear_cal,linear,8333,49996,1.0000,0.9185,0.9271,0.9273,0.0196,0.0195,0.0196,0.4733
flow,8,4,150,0.0095,200,quadratic,quadratic,8333,49996,1.0000,0.9622,0.9661,0.9652,0.6956,0.5451,0.6112,0.7887
flow,8,4,150,0.0095,200,quadratic_cal,quadratic,8333,49996,1.0000,0.9622,0.9664,0.9652,0.7130,0.5309,0.6086,0.7875
flow,8,4,150,0.0095,200,polar2,polar,8333,49996,1.0000,0.9740,0.9773,0.9790,0.4644,0.6338,0.5360,0.7567
flow,8,4,150,0.0095,200,polar2_cal,polar,8333,49996,1.0000,0.9758,0.9801,0.9796,0.6018,0.5240,0.5602,0.7702
flow,8,4,150,0.0095,200,polar3,polar,8333,49996,1.0000,0.9799,0.9826,0.9828,0.6678,0.6971,0.6822,0.8324
flow,8,4,150,0.0095,200,polar3_cal,polar,8333,49996,1.0000,0.9801,0.9829,0.9828,0.6954,0.6892,0.6923,0.8376
flow,8,4,150,0.0095,200,polar8,polar,8333,49996,1.0000,0.9822,0.9849,0.9850,0.6857,0.7045,0.6950,0.8399
flow,8,4,150,0.0095,200,polar8_cal,polar,8333,49996,1.0000,0.9822,0.9849,0.9850,0.6869,0.7040,0.6953,0.8401
flow,8,4,150,0.0095,200,mlp,mlp,8333,49996,1.0000,0.9894,0.9920,0.9917,0.7624,0.7214,0.7413,0.8667
flow,8,4,150,0.0095,200,mlp_cal,mlp,8333,49996,1.0000,0.9891,0.9913,0.9917,0.6920,0.7588,0.7239,0.8576
flow,8,4,150,0.0095,200,knn,knn,16667,100004,0.9999,0.7333,0.7387,0.7382,0.3380,0.1668,0.2233,0.4810
flow,8,4,150,0.0095,200,kernel,kernel,16667,100004,0.9999,0.8650,0.8725,0.8696,0.9824,0.0881,0.1617,0.5171
flow,8,4,150,0.0095,200,altered_knn,altered_knn,16667,66660,0.9999,0.8444,0.8506,0.8768,0.0279,0.2016,0.0490,0.4498
flow,8,4,150,0.0095,200,linear,linear,16667,100004,0.9999,0.3503,0.3484,0.5070,0.0080,0.5420,0.0157,0.1821
flow,8,4,150,0.0095,200,linear_cal,linear,16667,100004,0.9999,0.9180,0.9266,0.9266,0.0206,0.0195,0.0200,0.4733
flow,8,4,150,0.0095,200,quadratic,quadratic,16667,100004,0.9999,0.9614,0.9654,0.9645,0.6995,0.5467,0.6137,0.7896
flow,8,4,150,0.0095,200,quadratic_cal,quadratic,16667,100004,0.9999,0.9614,0.9654,0.9645,0.6995,0.5467,0.6137,0.7896
flow,8,4,150,0.0095,200,polar2,polar,16667,100004,0.9999,0.9740,0.9773,0.9790,0.4658,0.6327,0.5366,0.7569
flow,8,4,150,0.0095,200,polar2_cal,polar,16667,100004,0.9999,0.9757,0.9799,0.9795,0.5900,0.5309,0.5589,0.7694
flow,8,4,150,0.0095,200,polar3,polar,16667,100004,0.9999,0.9817,0.9845,0.9846,0.6862,0.6923,0.6893,0.8369
flow,8,4,150,0.0095,200,polar3_cal,polar,16667,100004,0.9999,0.9818,0.9846,0.9846,0.6924,0.6913,0.6918,0.8382
flow,8,4,150,0.0095,200,polar8,polar,16667,100004,0.9999,0.9846,0.9872,0.9872,0.7145,0.7119,0.7132,0.8502
flow,8,4,150,0.0095,200,polar8_cal,polar,16667,100004,0.9999,0.9845,0.9871,0.9872,0.6991,0.7172,0.7080,0.8475
flow,8,4,150,0.0095,200,mlp,mlp,16667,100004,0.9999,0.9895,0.9920,0.9917,0.7695,0.7330,0.7508,0.8714
flow,8,4,150,0.0095,200,mlp_cal,mlp,16667,100004,0.9999,0.9893,0.9917,0.9917,0.7379,0.7488,0.7433,0.8675
flow,8,8,150,0.0103,200,analytic,analytic,0,0,nan,0.9824,0.9857,0.9857,0.6701,0.6603,0.6652,0.8255
flow,8,8,150,0.0103,200,analytic_T_train,analytic,0,0,nan,0.9824,0.9857,0.9857,0.6655,0.6613,0.6634,0.8246
flow,8,8,150,0.0103,200,knn,knn,1667,20008,1.0000,0.5879,0.5920,0.5971,0.0733,0.1864,0.1052,0.3486
flow,8,8,150,0.0103,200,kernel,kernel,1667,20008,1.0000,0.8474,0.8526,0.8574,0.1932,0.3436,0.2473,0.5500
flow,8,8,150,0.0103,200,altered_knn,altered_knn,1667,13320,1.0000,0.7999,0.8073,0.8141,0.0333,0.0856,0.0480,0.4276
flow,8,8,150,0.0103,200,linear,linear,1667,20008,1.0000,0.2152,0.2113,0.3447,0.0077,0.5908,0.0153,0.1133
flow,8,8,150,0.0103,200,linear_cal,linear,1667,20008,1.0000,0.9011,0.9103,0.9105,0.0145,0.0146,0.0145,0.4624
flow,8,8,150,0.0103,200,quadratic,quadratic,1667,20008,1.0000,0.9455,0.9504,0.9499,0.5281,0.4706,0.4977,0.7240
flow,8,8,150,0.0103,200,quadratic_cal,quadratic,1667,20008,1.0000,0.9454,0.9503,0.9499,0.5263,0.4720,0.4977,0.7240
flow,8,8,150,0.0103,200,polar2,polar,1667,20008,1.0000,0.9577,0.9621,0.9636,0.4123,0.5319,0.4645,0.7133
flow,8,8,150,0.0103,200,polar2_cal,polar,1667,20008,1.0000,0.9596,0.9650,0.9643,0.5284,0.4487,0.4853,0.7251
flow,8,8,150,0.0103,200,polar3,polar,1667,20008,1.0000,0.9605,0.9645,0.9661,0.4442,0.5796,0.5030,0.7337
flow,8,8,150,0.0103,200,polar3_cal,polar,1667,20008,1.0000,0.9619,0.9664,0.9663,0.5420,0.5304,0.5362,0.7513
flow,8,8,150,0.0103,200,polar8,polar,1667,20008,1.0000,0.9525,0.9564,0.9581,0.4338,0.5771,0.4953,0.7259
flow,8,8,150,0.0103,200,polar8_cal,polar,1667,20008,1.0000,0.9544,0.9591,0.9583,0.6154,0.5046,0.5545,0.7568
flow,8,8,150,0.0103,200,mlp,mlp,1667,20008,1.0000,0.9616,0.9656,0.9675,0.4250,0.5747,0.4886,0.7271
flow,8,8,150,0.0103,200,mlp_cal,mlp,1667,20008,1.0000,0.9636,0.9681,0.9680,0.5451,0.5231,0.5339,0.7510
flow,8,8,150,0.0103,200,knn,knn,4167,50008,1.0000,0.6230,0.6274,0.6313,0.0910,0.2010,0.1253,0.3763
flow,8,8,150,0.0103,200,kernel,kernel,4167,50008,1.0000,0.8636,0.8694,0.8708,0.3041,0.3041,0.3041,0.5868
flow,8,8,150,0.0103,200,altered_knn,altered_knn,4167,33320,1.0000,0.8072,0.8144,0.8247,0.0348,0.1178,0.0537,0.4341
flow,8,8,150,0.0103,200,linear,linear,4167,50008,1.0000,0.2150,0.2111,0.3446,0.0078,0.5922,0.0153,0.1132
flow,8,8,150,0.0103,200,linear_cal,linear,4167,50008,1.0000,0.9036,0.9129,0.9124,0.0156,0.0136,0.0145,0.4637
flow,8,8,150,0.0103,200,quadratic,quadratic,4167,50008,1.0000,0.9482,0.9531,0.9526,0.5417,0.4745,0.5058,0.7295
flow,8,8,150,0.0103,200,quadratic_cal,quadratic,4167,50008,1.0000,0.9479,0.9527,0.9525,0.5218,0.4886,0.5046,0.7287
flow,8,8,150,0.0103,200,polar2,polar,4167,50008,1.0000,0.9618,0.9663,0.9678,0.4090,0.5333,0.4629,0.7146
flow,8,8,150,0.0103,200,polar2_cal,polar,4167,50008,1.0000,0.9640,0.9695,0.9686,0.5383,0.4409,0.4848,0.7271
flow,8,8,150,0.0103,200,polar3,polar,4167,50008,1.0000,0.9688,0.9729,0.9734,0.5277,0.5796,0.5524,0.7626
flow,8,8,150,0.0103,200,polar3_cal,polar,4167,50008,1.0000,0.9692,0.9734,0.9735,0.5632,0.5616,0.5624,0.7679
flow,8,8,150,0.0103,200,polar8,polar,4167,50008,1.0000,0.9694,0.9730,0.9736,0.5637,0.6204,0.5907,0.7819
flow,8,8,150,0.0103,200,polar8_cal,polar,4167,50008,1.0000,0.9699,0.9737,0.9737,0.6051,0.6063,0.6057,0.7897
flow,8,8,150,0.0103,200,mlp,mlp,4167,50008,1.0000,0.9795,0.9832,0.9831,0.6368,0.6253,0.6310,0.8071
flow,8,8,150,0.0103,200,mlp_cal,mlp,4167,50008,1.0000,0.9796,0.9834,0.9831,0.6525,0.6185,0.6350,0.8092
flow,8,8,150,0.0103,200,knn,knn,8333,99992,0.9999,0.6451,0.6495,0.6523,0.1162,0.2146,0.1508,0.4002
flow,8,8,150,0.0103,200,kernel,kernel,8333,99992,0.9999,0.8751,0.8811,0.8810,0.3725,0.2978,0.3310,0.6060
flow,8,8,150,0.0103,200,altered_knn,altered_knn,8333,66640,0.9999,0.8236,0.8315,0.8338,0.0392,0.0584,0.0469,0.4392
flow,8,8,150,0.0103,200,linear,linear,8333,99992,0.9999,0.2151,0.2112,0.3448,0.0078,0.5912,0.0153,0.1133
flow,8,8,150,0.0103,200,linear_cal,linear,8333,99992,0.9999,0.9024,0.9117,0.9114,0.0145,0.0131,0.0138,0.4627
flow,8,8,150,0.0103,200,quadratic,quadratic,8333,99992,0.9999,0.9490,0.9540,0.9534,0.5471,0.4715,0.5065,0.7302
flow,8,8,150,0.0103,200,quadratic_cal,quadratic,8333,99992,0.9999,0.9486,0.9533,0.9532,0.5159,0.4895,0.5024,0.7279
flow,8,8,150,0.0103,200,polar2,polar,8333,99992,0.9999,0.9623,0.9667,0.9684,0.4047,0.5328,0.4600,0.7134
flow,8,8,150,0.0103,200,polar2_cal,polar,8333,99992,0.9999,0.9645,0.9699,0.9692,0.5206,0.4491,0.4822,0.7261
flow,8,8,150,0.0103,200,polar3,polar,8333,99992,0.9999,0.9718,0.9759,0.9761,0.5557,0.5727,0.5641,0.7700
flow,8,8,150,0.0103,200,polar3_cal,polar,8333,99992,0.9999,0.9719,0.9761,0.9762,0.5676,0.5679,0.5677,0.7719
flow,8,8,150,0.0103,200,polar8,polar,8333,99992,0.9999,0.9749,0.9785,0.9787,0.5989,0.6277,0.6130,0.7957
flow,8,8,150,0.0103,200,polar8_cal,polar,8333,99992,0.9999,0.9753,0.9790,0.9789,0.6401,0.6170,0.6283,0.8037
flow,8,8,150,0.0103,200,mlp,mlp,8333,99992,0.9999,0.9827,0.9863,0.9856,0.7404,0.6316,0.6817,0.8340
flow,8,8,150,0.0103,200,mlp_cal,mlp,8333,99992,0.9999,0.9824,0.9858,0.9855,0.6869,0.6491,0.6675,0.8267
flow,8,16,150,0.0124,200,analytic,analytic,0,0,nan,0.9739,0.9797,0.9786,0.6248,0.5117,0.5626,0.7711
flow,8,16,150,0.0124,200,analytic_T_train,analytic,0,0,nan,0.9739,0.9797,0.9786,0.6235,0.5129,0.5628,0.7712
flow,8,16,150,0.0124,200,knn,knn,833,19984,0.9998,0.4837,0.4870,0.4997,0.0434,0.2249,0.0727,0.2799
flow,8,16,150,0.0124,200,kernel,kernel,833,19984,0.9998,0.2526,0.2447,0.3823,0.0149,0.8842,0.0293,0.1370
flow,8,16,150,0.0124,200,altered_knn,altered_knn,833,13280,0.9998,0.7108,0.7152,0.7588,0.0352,0.3572,0.0641,0.3897
flow,8,16,150,0.0124,200,linear,linear,833,19984,0.9998,0.1371,0.1300,0.2263,0.0101,0.7003,0.0199,0.0749
flow,8,16,150,0.0124,200,linear_cal,linear,833,19984,0.9998,0.8716,0.8823,0.8816,0.0182,0.0161,0.0171,0.4497
flow,8,16,150,0.0124,200,quadratic,quadratic,833,19984,0.9998,0.9125,0.9191,0.9193,0.3963,0.3833,0.3897,0.6544
flow,8,16,150,0.0124,200,quadratic_cal,quadratic,833,19984,0.9998,0.9138,0.9210,0.9199,0.4647,0.3471,0.3974,0.6592
flow,8,16,150,0.0124,200,polar2,polar,833,19984,0.9998,0.9279,0.9342,0.9363,0.3214,0.4296,0.3677,0.6509
flow,8,16,150,0.0124,200,polar2_cal,polar,833,19984,0.9998,0.9302,0.9372,0.9370,0.4022,0.3741,0.3877,0.6625
flow,8,16,150,0.0124,200,polar3,polar,833,19984,0.9998,0.9285,0.9343,0.9370,0.3268,0.4674,0.3846,0.6595
flow,8,16,150,0.0124,200,polar3_cal,polar,833,19984,0.9998,0.9317,0.9388,0.9374,0.4978,0.3677,0.4230,0.6809
flow,8,16,150,0.0124,200,polar8,polar,833,19984,0.9998,0.9174,0.9235,0.9259,0.3117,0.4332,0.3626,0.6430
flow,8,16,150,0.0124,200,polar8_cal,polar,833,19984,0.9998,0.9205,0.9277,0.9261,0.5006,0.3504,0.4122,0.6700
flow,8,16,150,0.0124,200,mlp,mlp,833,19984,0.9998,0.9304,0.9364,0.9390,0.3230,0.4570,0.3785,0.6574
flow,8,16,150,0.0124,200,mlp_cal,mlp,833,19984,0.9998,0.9342,0.9410,0.9402,0.4677,0.3906,0.4257,0.6833
flow,8,16,150,0.0124,200,knn,knn,2083,50000,0.9999,0.5223,0.5257,0.5384,0.0523,0.2490,0.0865,0.3061
flow,8,16,150,0.0124,200,kernel,kernel,2083,50000,0.9999,0.4578,0.4540,0.5951,0.0189,0.7566,0.0370,0.2455
flow,8,16,150,0.0124,200,altered_knn,altered_knn,2083,33280,0.9999,0.7655,0.7746,0.7742,0.0467,0.0418,0.0441,0.4094
flow,8,16,150,0.0124,200,linear,linear,2083,50000,0.9999,0.1378,0.1307,0.2275,0.0101,0.7003,0.0199,0.0753
flow,8,16,150,0.0124,200,linear_cal,linear,2083,50000,0.9999,0.8733,0.8842,0.8829,0.0174,0.0141,0.0156,0.4499
flow,8,16,150,0.0124,200,quadratic,quadratic,2083,50000,0.9999,0.9162,0.9229,0.9231,0.3996,0.3850,0.3921,0.6575
flow,8,16,150,0.0124,200,quadratic_cal,quadratic,2083,50000,0.9999,0.9175,0.9246,0.9236,0.4627,0.3564,0.4026,0.6636
flow,8,16,150,0.0124,200,polar2,polar,2083,50000,0.9999,0.9336,0.9400,0.9421,0.3270,0.4292,0.3712,0.6556
flow,8,16,150,0.0124,200,polar2_cal,polar,2083,50000,0.9999,0.9365,0.9438,0.9429,0.4331,0.3556,0.3905,0.6672
flow,8,16,150,0.0124,200,polar3,polar,2083,50000,0.9999,0.9431,0.9490,0.9504,0.3884,0.4767,0.4280,0.6885
flow,8,16,150,0.0124,200,polar3_cal,polar,2083,50000,0.9999,0.9454,0.9520,0.9510,0.5136,0.4175,0.4606,0.7063
flow,8,16,150,0.0124,200,polar8,polar,2083,50000,0.9999,0.9498,0.9553,0.9564,0.4386,0.5101,0.4716,0.7135
flow,8,16,150,0.0124,200,polar8_cal,polar,2083,50000,0.9999,0.9510,0.9571,0.9565,0.5260,0.4646,0.4934,0.7252
flow,8,16,150,0.0124,200,mlp,mlp,2083,50000,0.9999,0.9546,0.9604,0.9615,0.4207,0.4948,0.4547,0.7075
flow,8,16,150,0.0124,200,mlp_cal,mlp,2083,50000,0.9999,0.9561,0.9625,0.9618,0.5126,0.4493,0.4789,0.7207
flow,8,16,150,0.0124,200,knn,knn,4167,100016,0.9999,0.5478,0.5515,0.5631,0.0608,0.2595,0.0985,0.3250
flow,8,16,150,0.0124,200,kernel,kernel,4167,100016,0.9999,0.5836,0.5825,0.6913,0.0246,0.6689,0.0475,0.3150
flow,8,16,150,0.0124,200,altered_knn,altered_knn,4167,66640,0.9999,0.7750,0.7839,0.7857,0.0499,0.0672,0.0573,0.4206
flow,8,16,150,0.0124,200,linear,linear,4167,100016,0.9999,0.1384,0.1313,0.2285,0.0101,0.7019,0.0199,0.0756
flow,8,16,150,0.0124,200,linear_cal,linear,4167,100016,0.9999,0.8740,0.8849,0.8834,0.0159,0.0121,0.0137,0.4493
flow,8,16,150,0.0124,200,quadratic,quadratic,4167,100016,0.9999,0.9193,0.9260,0.9260,0.4025,0.3870,0.3946,0.6603
flow,8,16,150,0.0124,200,quadratic_cal,quadratic,4167,100016,0.9999,0.9204,0.9274,0.9265,0.4567,0.3624,0.4041,0.6658
flow,8,16,150,0.0124,200,polar2,polar,4167,100016,0.9999,0.9364,0.9427,0.9449,0.3249,0.4324,0.3710,0.6569
flow,8,16,150,0.0124,200,polar2_cal,polar,4167,100016,0.9999,0.9390,0.9463,0.9457,0.4175,0.3624,0.3880,0.6672
flow,8,16,150,0.0124,200,polar3,polar,4167,100016,0.9999,0.9490,0.9549,0.9560,0.4103,0.4747,0.4401,0.6975
flow,8,16,150,0.0124,200,polar3_cal,polar,4167,100016,0.9999,0.9507,0.9572,0.9564,0.5050,0.4292,0.4640,0.7106
flow,8,16,150,0.0124,200,polar8,polar,4167,100016,0.9999,0.9593,0.9648,0.9654,0.4818,0.5229,0.5015,0.7332
flow,8,16,150,0.0124,200,polar8_cal,polar,4167,100016,0.9999,0.9601,0.9663,0.9654,0.5568,0.4714,0.5106,0.7384
flow,8,16,150,0.0124,200,mlp,mlp,4167,100016,0.9999,0.9703,0.9762,0.9752,0.6017,0.5008,0.5467,0.7614
flow,8,16,150,0.0124,200,mlp_cal,mlp,4167,100016,0.9999,0.9700,0.9757,0.9752,0.5664,0.5145,0.5392,0.7575
flow,16,2,150,0.0058,200,analytic,analytic,0,0,nan,0.9928,0.9930,0.9949,0.5706,0.9589,0.7155,0.8542
flow,16,2,150,0.0058,200,analytic_T_train,analytic,0,0,nan,0.9927,0.9929,0.9949,0.5695,0.9589,0.7146,0.8537
flow,16,2,150,0.0058,200,knn,knn,6667,20002,1.0000,0.7925,0.7971,0.7946,0.2264,0.0103,0.0197,0.4084
flow,16,2,150,0.0058,200,kernel,kernel,6667,20002,1.0000,0.9761,0.9819,0.9790,0.0000,0.0000,0.0000,0.4909
flow,16,2,150,0.0058,200,altered_knn,altered_knn,6667,13330,1.0000,0.8572,0.8609,0.9021,0.0139,0.2305,0.0263,0.4436
flow,16,2,150,0.0058,200,linear,linear,6667,20002,1.0000,0.6752,0.6768,0.8056,0.0070,0.3899,0.0138,0.3453
flow,16,2,150,0.0058,200,linear_cal,linear,6667,20002,1.0000,0.9768,0.9822,0.9845,0.0270,0.0480,0.0345,0.5084
flow,16,2,150,0.0058,200,quadratic,quadratic,6667,20002,1.0000,0.9920,0.9932,0.9932,0.8081,0.7901,0.7990,0.8961
flow,16,2,150,0.0058,200,quadratic_cal,quadratic,6667,20002,1.0000,0.9888,0.9892,0.9915,0.5104,0.9220,0.6571,0.8231
flow,16,2,150,0.0058,200,polar2,polar,6667,20002,1.0000,0.9720,0.9722,0.9844,0.1783,0.9349,0.2995,0.6359
flow,16,2,150,0.0058,200,polar2_cal,polar,6667,20002,1.0000,0.9867,0.9890,0.9917,0.3071,0.5913,0.4042,0.6966
flow,16,2,150,0.0058,200,polar3,polar,6667,20002,1.0000,0.9900,0.9903,0.9925,0.5324,0.9426,0.6805,0.8354
flow,16,2,150,0.0058,200,polar3_cal,polar,6667,20002,1.0000,0.9897,0.9900,0.9924,0.5090,0.9434,0.6613,0.8256
flow,16,2,150,0.0058,200,polar8,polar,6667,20002,1.0000,0.9817,0.9821,0.9846,0.4850,0.9135,0.6336,0.8078
flow,16,2,150,0.0058,200,polar8_cal,polar,6667,20002,1.0000,0.9812,0.9816,0.9845,0.4613,0.9135,0.6130,0.7973
flow,16,2,150,0.0058,200,mlp,mlp,6667,20002,1.0000,0.9882,0.9887,0.9898,0.6553,0.9092,0.7617,0.8752
flow,16,2,150,0.0058,200,mlp_cal,mlp,6667,20002,1.0000,0.9870,0.9874,0.9894,0.5395,0.9254,0.6816,0.8345
flow,16,2,150,0.0058,200,knn,knn,16667,50002,1.0000,0.8065,0.8111,0.8085,0.3519,0.0163,0.0311,0.4211
flow,16,2,150,0.0058,200,kernel,kernel,16667,50002,1.0000,0.9813,0.9870,0.9842,0.0000,0.0000,0.0000,0.4935
flow,16,2,150,0.0058,200,altered_knn,altered_knn,16667,33330,1.0000,0.8500,0.8535,0.9000,0.0136,0.2519,0.0257,0.4396
flow,16,2,150,0.0058,200,linear,linear,16667,50002,1.0000,0.6777,0.6793,0.8073,0.0072,0.3985,0.0142,0.3468
flow,16,2,150,0.0058,200,linear_cal,linear,16667,50002,1.0000,0.9806,0.9861,0.9880,0.0309,0.0514,0.0386,0.5123
flow,16,2,150,0.0058,200,quadratic,quadratic,16667,50002,1.0000,0.9930,0.9942,0.9941,0.8088,0.7832,0.7958,0.8950
flow,16,2,150,0.0058,200,quadratic_cal,quadratic,16667,50002,1.0000,0.9899,0.9903,0.9926,0.5172,0.9289,0.6644,0.8273
flow,16,2,150,0.0058,200,polar2,polar,16667,50002,1.0000,0.9759,0.9761,0.9866,0.2018,0.9357,0.3320,0.6541
flow,16,2,150,0.0058,200,polar2_cal,polar,16667,50002,1.0000,0.9874,0.9892,0.9923,0.3300,0.6847,0.4454,0.7173
flow,16,2,150,0.0058,200,polar3,polar,16667,50002,1.0000,0.9921,0.9924,0.9945,0.5391,0.9400,0.6852,0.8388
flow,16,2,150,0.0058,200,polar3_cal,polar,16667,50002,1.0000,0.9913,0.9916,0.9943,0.4955,0.9434,0.6497,0.8207
flow,16,2,150,0.0058,200,polar8,polar,16667,50002,1.0000,0.9884,0.9887,0.9922,0.4243,0.9383,0.5843,0.7865
flow,16,2,150,0.0058,200,polar8_cal,polar,16667,50002,1.0000,0.9903,0.9906,0.9929,0.5163,0.9349,0.6652,0.8279
flow,16,2,150,0.0058,200,mlp,mlp,16667,50002,1.0000,0.9926,0.9929,0.9942,0.6575,0.9443,0.7752,0.8841
flow,16,2,150,0.0058,200,mlp_cal,mlp,16667,50002,1.0000,0.9917,0.9919,0.9938,0.5707,0.9546,0.7143,0.8531
flow,16,2,150,0.0058,200,knn,knn,33333,99998,1.0000,0.8065,0.8111,0.8084,0.4400,0.0189,0.0362,0.4236
flow,16,2,150,0.0058,200,kernel,kernel,33333,99998,1.0000,0.9841,0.9899,0.9870,0.0000,0.0000,0.0000,0.4949
flow,16,2,150,0.0058,200,altered_knn,altered_knn,33333,66660,1.0000,0.6488,0.6492,0.7841,0.0098,0.5870,0.0194,0.3343
flow,16,2,150,0.0058,200,linear,linear,33333,99998,1.0000,0.6783,0.6799,0.8078,0.0072,0.3967,0.0142,0.3471
flow,16,2,150,0.0058,200,linear_cal,linear,33333,99998,1.0000,0.9827,0.9882,0.9899,0.0327,0.0523,0.0402,0.5142
flow,16,2,150,0.0058,200,quadratic,quadratic,33333,99998,1.0000,0.9936,0.9949,0.9948,0.8078,0.7849,0.7962,0.8955
flow,16,2,150,0.0058,200,quadratic_cal,quadratic,33333,99998,1.0000,0.9903,0.9907,0.9931,0.5084,0.9332,0.6582,0.8244
flow,16,2,150,0.0058,200,polar2,polar,33333,99998,1.0000,0.9792,0.9794,0.9883,0.2306,0.9357,0.3700,0.6747
flow,16,2,150,0.0058,200,polar2_cal,polar,33333,99998,1.0000,0.9883,0.9897,0.9928,0.3673,0.7498,0.4931,0.7414
flow,16,2,150,0.0058,200,polar3,polar,33333,99998,1.0000,0.9928,0.9931,0.9950,0.5656,0.9426,0.7069,0.8500
flow,16,2,150,0.0058,200,polar3_cal,polar,33333,99998,1.0000,0.9916,0.9918,0.9946,0.4889,0.9469,0.6449,0.8183
flow,16,2,150,0.0058,200,polar8,polar,33333,99998,1.0000,0.9899,0.9902,0.9935,0.4406,0.9400,0.5999,0.7951
flow,16,2,150,0.0058,200,polar8_cal,polar,33333,99998,1.0000,0.9905,0.9908,0.9938,0.4672,0.9400,0.6242,0.8075
flow,16,2,150,0.0058,200,mlp,mlp,33333,99998,1.0000,0.9936,0.9938,0.9951,0.6524,0.9503,0.7736,0.8837
flow,16,2,150,0.0058,200,mlp_cal,mlp,33333,99998,1.0000,0.9929,0.9931,0.9949,0.5866,0.9580,0.7276,0.8603
flow,16,4,150,0.0068,200,analytic,analytic,0,0,nan,0.9895,0.9902,0.9917,0.6159,0.8844,0.7261,0.8582
flow,16,4,150,0.0068,200,analytic_T_train,analytic,0,0,nan,0.9894,0.9901,0.9916,0.6131,0.8844,0.7242,0.8572
flow,16,4,150,0.0068,200,knn,knn,3333,19996,1.0000,0.6283,0.6323,0.6302,0.1244,0.0358,0.0557,0.3440
flow,16,4,150,0.0068,200,kernel,kernel,3333,19996,1.0000,0.5035,0.5020,0.6622,0.0101,0.7235,0.0199,0.2610
flow,16,4,150,0.0068,200,altered_knn,altered_knn,3333,13320,1.0000,0.8213,0.8257,0.8450,0.0227,0.1734,0.0402,0.4329
flow,16,4,150,0.0068,200,linear,linear,3333,19996,1.0000,0.4416,0.4412,0.6096,0.0060,0.4909,0.0119,0.2266
flow,16,4,150,0.0068,200,linear_cal,linear,3333,19996,1.0000,0.9618,0.9682,0.9692,0.0263,0.0344,0.0298,0.4990
flow,16,4,150,0.0068,200,quadratic,quadratic,3333,19996,1.0000,0.9787,0.9808,0.9805,0.7404,0.6737,0.7055,0.8431
flow,16,4,150,0.0068,200,quadratic_cal,quadratic,3333,19996,1.0000,0.9772,0.9787,0.9798,0.5822,0.7644,0.6610,0.8198
flow,16,4,150,0.0068,200,polar2,polar,3333,19996,1.0000,0.9740,0.9752,0.9799,0.3364,0.7981,0.4733,0.7243
flow,16,4,150,0.0068,200,polar2_cal,polar,3333,19996,1.0000,0.9780,0.9803,0.9816,0.4596,0.6372,0.5340,0.7572
flow,16,4,150,0.0068,200,polar3,polar,3333,19996,1.0000,0.9641,0.9650,0.9690,0.3810,0.8230,0.5208,0.7429
flow,16,4,150,0.0068,200,polar3_cal,polar,3333,19996,1.0000,0.9669,0.9683,0.9697,0.5509,0.7674,0.6414,0.8048
flow,16,4,150,0.0068,200,polar8,polar,3333,19996,1.0000,0.9525,0.9538,0.9558,0.4812,0.7674,0.5915,0.7726
flow,16,4,150,0.0068,200,polar8_cal,polar,3333,19996,1.0000,0.9533,0.9547,0.9560,0.5546,0.7542,0.6392,0.7969
flow,16,4,150,0.0068,200,mlp,mlp,3333,19996,1.0000,0.9733,0.9747,0.9756,0.6096,0.7586,0.6760,0.8254
flow,16,4,150,0.0068,200,mlp_cal,mlp,3333,19996,1.0000,0.9730,0.9744,0.9755,0.5857,0.7703,0.6654,0.8199
flow,16,4,150,0.0068,200,knn,knn,8333,49996,1.0000,0.6390,0.6431,0.6405,0.1604,0.0373,0.0605,0.3518
flow,16,4,150,0.0068,200,kernel,kernel,8333,49996,1.0000,0.9185,0.9224,0.9338,0.0759,0.3424,0.1242,0.5233
flow,16,4,150,0.0068,200,altered_knn,altered_knn,8333,33320,1.0000,0.8398,0.8450,0.8517,0.0264,0.0871,0.0405,0.4427
flow,16,4,150,0.0068,200,linear,linear,8333,49996,1.0000,0.4436,0.4433,0.6115,0.0060,0.4865,0.0119,0.2276
flow,16,4,150,0.0068,200,linear_cal,linear,8333,49996,1.0000,0.9633,0.9697,0.9705,0.0337,0.0417,0.0373,0.5035
flow,16,4,150,0.0068,200,quadratic,quadratic,8333,49996,1.0000,0.9814,0.9835,0.9832,0.7514,0.6789,0.7133,0.8484
flow,16,4,150,0.0068,200,quadratic_cal,quadratic,8333,49996,1.0000,0.9797,0.9811,0.9823,0.5736,0.7754,0.6594,0.8203
flow,16,4,150,0.0068,200,polar2,polar,8333,49996,1.0000,0.9787,0.9799,0.9839,0.3714,0.8018,0.5076,0.7438
flow,16,4,150,0.0068,200,polar2_cal,polar,8333,49996,1.0000,0.9816,0.9837,0.9852,0.4749,0.6862,0.5613,0.7725
flow,16,4,150,0.0068,200,polar3,polar,8333,49996,1.0000,0.9799,0.9810,0.9842,0.4242,0.8288,0.5612,0.7711
flow,16,4,150,0.0068,200,polar3_cal,polar,8333,49996,1.0000,0.9824,0.9837,0.9852,0.5530,0.7944,0.6521,0.8179
flow,16,4,150,0.0068,200,polar8,polar,8333,49996,1.0000,0.9792,0.9801,0.9817,0.5782,0.8435,0.6861,0.8331
flow,16,4,150,0.0068,200,polar8_cal,polar,8333,49996,1.0000,0.9788,0.9797,0.9816,0.5462,0.8478,0.6644,0.8221
flow,16,4,150,0.0068,200,mlp,mlp,8333,49996,1.0000,0.9847,0.9857,0.9864,0.7043,0.8398,0.7661,0.8759
flow,16,4,150,0.0068,200,mlp_cal,mlp,8333,49996,1.0000,0.9835,0.9843,0.9861,0.5704,0.8625,0.6867,0.8355
flow,16,4,150,0.0068,200,knn,knn,16667,100004,1.0000,0.6547,0.6589,0.6563,0.2233,0.0490,0.0804,0.3696
flow,16,4,150,0.0068,200,kernel,kernel,16667,100004,1.0000,0.9492,0.9549,0.9527,0.4884,0.1229,0.1964,0.5757
flow,16,4,150,0.0068,200,altered_knn,altered_knn,16667,66660,1.0000,0.8399,0.8452,0.8513,0.0251,0.0775,0.0379,0.4415
flow,16,4,150,0.0068,200,linear,linear,16667,100004,1.0000,0.4438,0.4436,0.6119,0.0060,0.4865,0.0119,0.2277
flow,16,4,150,0.0068,200,linear_cal,linear,16667,100004,1.0000,0.9664,0.9727,0.9738,0.0325,0.0424,0.0368,0.5048
flow,16,4,150,0.0068,200,quadratic,quadratic,16667,100004,1.0000,0.9838,0.9860,0.9856,0.7557,0.6767,0.7140,0.8500
flow,16,4,150,0.0068,200,quadratic_cal,quadratic,16667,100004,1.0000,0.9818,0.9831,0.9846,0.5532,0.7915,0.6512,0.8172
flow,16,4,150,0.0068,200,polar2,polar,16667,100004,1.0000,0.9800,0.9812,0.9850,0.3772,0.8025,0.5132,0.7472
flow,16,4,150,0.0068,200,polar2_cal,polar,16667,100004,1.0000,0.9831,0.9852,0.9865,0.4914,0.6723,0.5678,0.7765
flow,16,4,150,0.0068,200,polar3,polar,16667,100004,1.0000,0.9813,0.9823,0.9857,0.4171,0.8259,0.5542,0.7683
flow,16,4,150,0.0068,200,polar3_cal,polar,16667,100004,1.0000,0.9841,0.9855,0.9869,0.5553,0.7864,0.6509,0.8182
flow,16,4,150,0.0068,200,polar8,polar,16667,100004,1.0000,0.9851,0.9861,0.9874,0.6070,0.8442,0.7062,0.8462
flow,16,4,150,0.0068,200,polar8_cal,polar,16667,100004,1.0000,0.9844,0.9852,0.9872,0.5466,0.8588,0.6680,0.8266
flow,16,4,150,0.0068,200,mlp,mlp,16667,100004,1.0000,0.9895,0.9903,0.9911,0.7082,0.8647,0.7787,0.8845
flow,16,4,150,0.0068,200,mlp_cal,mlp,16667,100004,1.0000,0.9888,0.9895,0.9909,0.6264,0.8866,0.7341,0.8618
flow,16,8,150,0.0079,200,analytic,analytic,0,0,nan,0.9807,0.9824,0.9834,0.6140,0.7748,0.6851,0.8337
flow,16,8,150,0.0079,200,analytic_T_train,analytic,0,0,nan,0.9807,0.9823,0.9834,0.6120,0.7761,0.6843,0.8333
flow,16,8,150,0.0079,200,knn,knn,1667,20008,0.9999,0.4827,0.4859,0.4853,0.0632,0.0848,0.0724,0.2792
flow,16,8,150,0.0079,200,kernel,kernel,1667,20008,0.9999,0.0079,0.0000,0.0000,0.0079,1.0000,0.0157,0.0078
flow,16,8,150,0.0079,200,altered_knn,altered_knn,1667,13320,0.9999,0.7410,0.7443,0.7794,0.0263,0.3238,0.0487,0.3965
flow,16,8,150,0.0079,200,linear,linear,1667,20008,0.9999,0.3068,0.3047,0.4635,0.0066,0.5756,0.0130,0.1589
flow,16,8,150,0.0079,200,linear_cal,linear,1667,20008,0.9999,0.9266,0.9339,0.9338,0.0160,0.0158,0.0159,0.4749
flow,16,8,150,0.0079,200,quadratic,quadratic,1667,20008,0.9999,0.9537,0.9569,0.9563,0.6607,0.5617,0.6072,0.7820
flow,16,8,150,0.0079,200,quadratic_cal,quadratic,1667,20008,0.9999,0.9519,0.9543,0.9554,0.5059,0.6496,0.5688,0.7615
flow,16,8,150,0.0079,200,polar2,polar,1667,20008,0.9999,0.9371,0.9395,0.9486,0.1850,0.6331,0.2864,0.6129
flow,16,8,150,0.0079,200,polar2_cal,polar,1667,20008,0.9999,0.9473,0.9522,0.9529,0.2810,0.3321,0.3044,0.6283
flow,16,8,150,0.0079,200,polar3,polar,1667,20008,0.9999,0.9349,0.9371,0.9387,0.4624,0.6565,0.5426,0.7398
flow,16,8,150,0.0079,200,polar3_cal,polar,1667,20008,0.9999,0.9359,0.9383,0.9390,0.5380,0.6350,0.5825,0.7604
flow,16,8,150,0.0079,200,polar8,polar,1667,20008,0.9999,0.9116,0.9141,0.9166,0.3566,0.5920,0.4451,0.6796
flow,16,8,150,0.0079,200,polar8_cal,polar,1667,20008,0.9999,0.9128,0.9156,0.9166,0.4486,0.5718,0.5028,0.7092
flow,16,8,150,0.0079,200,mlp,mlp,1667,20008,0.9999,0.9520,0.9546,0.9553,0.5336,0.6275,0.5767,0.7657
flow,16,8,150,0.0079,200,mlp_cal,mlp,1667,20008,0.9999,0.9524,0.9551,0.9554,0.5735,0.6123,0.5922,0.7737
flow,16,8,150,0.0079,200,knn,knn,4167,50008,1.0000,0.5063,0.5098,0.5093,0.0705,0.0765,0.0734,0.2916
flow,16,8,150,0.0079,200,kernel,kernel,4167,50008,1.0000,0.0079,0.0000,0.0000,0.0079,1.0000,0.0157,0.0078
flow,16,8,150,0.0079,200,altered_knn,altered_knn,4167,33320,1.0000,0.7828,0.7888,0.7879,0.0484,0.0348,0.0405,0.4146
flow,16,8,150,0.0079,200,linear,linear,4167,50008,1.0000,0.3041,0.3019,0.4604,0.0066,0.5775,0.0130,0.1574
flow,16,8,150,0.0079,200,linear_cal,linear,4167,50008,1.0000,0.9294,0.9367,0.9365,0.0157,0.0145,0.0151,0.4759
flow,16,8,150,0.0079,200,quadratic,quadratic,4167,50008,1.0000,0.9604,0.9635,0.9629,0.6829,0.5693,0.6209,0.7922
flow,16,8,150,0.0079,200,quadratic_cal,quadratic,4167,50008,1.0000,0.9584,0.9607,0.9619,0.5132,0.6641,0.5790,0.7699
flow,16,8,150,0.0079,200,polar2,polar,4167,50008,1.0000,0.9399,0.9423,0.9548,0.1487,0.6363,0.2410,0.5917
flow,16,8,150,0.0079,200,polar2_cal,polar,4167,50008,1.0000,0.9553,0.9607,0.9616,0.2233,0.2777,0.2475,0.6041
flow,16,8,150,0.0079,200,polar3,polar,4167,50008,1.0000,0.9598,0.9621,0.9628,0.5635,0.6711,0.6126,0.7873
flow,16,8,150,0.0079,200,polar3_cal,polar,4167,50008,1.0000,0.9604,0.9628,0.9631,0.6189,0.6584,0.6381,0.8004
flow,16,8,150,0.0079,200,polar8,polar,4167,50008,1.0000,0.9574,0.9594,0.9607,0.5340,0.7052,0.6078,0.7836
flow,16,8,150,0.0079,200,polar8_cal,polar,4167,50008,1.0000,0.9582,0.9605,0.9608,0.6257,0.6787,0.6511,0.8058
flow,16,8,150,0.0079,200,mlp,mlp,4167,50008,1.0000,0.9644,0.9667,0.9671,0.6153,0.6768,0.6446,0.8057
flow,16,8,150,0.0079,200,mlp_cal,mlp,4167,50008,1.0000,0.9649,0.9673,0.9672,0.6782,0.6597,0.6688,0.8181
flow,16,8,150,0.0079,200,knn,knn,8333,99992,1.0000,0.5185,0.5220,0.5211,0.0856,0.0822,0.0839,0.3029
flow,16,8,150,0.0079,200,kernel,kernel,8333,99992,1.0000,0.0079,0.0000,0.0000,0.0079,1.0000,0.0157,0.0078
flow,16,8,150,0.0079,200,altered_knn,altered_knn,8333,66640,1.0000,0.7516,0.7554,0.7881,0.0240,0.2732,0.0441,0.3997
flow,16,8,150,0.0079,200,linear,linear,8333,99992,1.0000,0.3051,0.3029,0.4615,0.0066,0.5800,0.0131,0.1580
flow,16,8,150,0.0079,200,linear_cal,linear,8333,99992,1.0000,0.9319,0.9392,0.9388,0.0194,0.0171,0.0181,0.4787
flow,16,8,150,0.0079,200,quadratic,quadratic,8333,99992,1.0000,0.9633,0.9664,0.9657,0.6968,0.5712,0.6277,0.7971
flow,16,8,150,0.0079,200,quadratic_cal,quadratic,8333,99992,1.0000,0.9610,0.9633,0.9646,0.5028,0.6749,0.5763,0.7698
flow,16,8,150,0.0079,200,polar2,polar,8333,99992,1.0000,0.9453,0.9477,0.9596,0.1556,0.6376,0.2501,0.5989
flow,16,8,150,0.0079,200,polar2_cal,polar,8333,99992,1.0000,0.9606,0.9661,0.9666,0.2366,0.2663,0.2506,0.6083
flow,16,8,150,0.0079,200,polar3,polar,8333,99992,1.0000,0.9673,0.9697,0.9703,0.5803,0.6717,0.6227,0.7962
flow,16,8,150,0.0079,200,polar3_cal,polar,8333,99992,1.0000,0.9674,0.9698,0.9703,0.5855,0.6711,0.6254,0.7976
flow,16,8,150,0.0079,200,polar8,polar,8333,99992,1.0000,0.9703,0.9723,0.9729,0.6201,0.7268,0.6692,0.8207
flow,16,8,150,0.0079,200,polar8_cal,polar,8333,99992,1.0000,0.9703,0.9722,0.9729,0.6144,0.7287,0.6667,0.8194
flow,16,8,150,0.0079,200,mlp,mlp,8333,99992,1.0000,0.9766,0.9786,0.9789,0.6799,0.7268,0.7025,0.8406
flow,16,8,150,0.0079,200,mlp_cal,mlp,8333,99992,1.0000,0.9763,0.9782,0.9789,0.6352,0.7445,0.6855,0.8318
flow,16,16,150,0.0087,200,analytic,analytic,0,0,nan,0.9714,0.9740,0.9745,0.6002,0.6757,0.6357,0.8048
flow,16,16,150,0.0087,200,analytic_T_train,analytic,0,0,nan,0.9713,0.9739,0.9745,0.5991,0.6785,0.6363,0.8051
flow,16,16,150,0.0087,200,knn,knn,833,19984,0.9999,0.3752,0.3774,0.3791,0.0356,0.1188,0.0548,0.2161
flow,16,16,150,0.0087,200,kernel,kernel,833,19984,0.9999,0.0087,0.0000,0.0000,0.0087,1.0000,0.0173,0.0086
flow,16,16,150,0.0087,200,altered_knn,altered_knn,833,13280,0.9999,0.7213,0.7260,0.7367,0.0417,0.1803,0.0677,0.3969
flow,16,16,150,0.0087,200,linear,linear,833,19984,0.9999,0.2206,0.2170,0.3542,0.0070,0.6246,0.0138,0.1154
flow,16,16,150,0.0087,200,linear_cal,linear,833,19984,0.9999,0.9110,0.9188,0.9190,0.0178,0.0184,0.0181,0.4685
flow,16,16,150,0.0087,200,quadratic,quadratic,833,19984,0.9999,0.9260,0.9300,0.9294,0.5597,0.4684,0.5100,0.7200
flow,16,16,150,0.0087,200,quadratic_cal,quadratic,833,19984,0.9999,0.9242,0.9275,0.9286,0.4429,0.5476,0.4897,0.7086
flow,16,16,150,0.0087,200,polar2,polar,833,19984,0.9999,0.8849,0.8880,0.9036,0.1078,0.5339,0.1794,0.5337
flow,16,16,150,0.0087,200,polar2_cal,polar,833,19984,0.9999,0.9037,0.9097,0.9105,0.1878,0.2193,0.2023,0.5560
flow,16,16,150,0.0087,200,polar3,polar,833,19984,0.9999,0.8899,0.8929,0.8940,0.4334,0.5471,0.4836,0.6883
flow,16,16,150,0.0087,200,polar3_cal,polar,833,19984,0.9999,0.8901,0.8931,0.8940,0.4453,0.5425,0.4891,0.6911
flow,16,16,150,0.0087,200,polar8,polar,833,19984,0.9999,0.8510,0.8545,0.8567,0.2912,0.4552,0.3552,0.6049
flow,16,16,150,0.0087,200,polar8_cal,polar,833,19984,0.9999,0.8526,0.8564,0.8566,0.4027,0.4231,0.4127,0.6345
flow,16,16,150,0.0087,200,mlp,mlp,833,19984,0.9999,0.9143,0.9178,0.9196,0.3525,0.5063,0.4156,0.6667
flow,16,16,150,0.0087,200,mlp_cal,mlp,833,19984,0.9999,0.9154,0.9192,0.9198,0.4160,0.4822,0.4467,0.6829
flow,16,16,150,0.0087,200,knn,knn,2083,50000,0.9999,0.3988,0.4012,0.4023,0.0429,0.1217,0.0635,0.2323
flow,16,16,150,0.0087,200,kernel,kernel,2083,50000,0.9999,0.0087,0.0000,0.0000,0.0087,1.0000,0.0173,0.0086
flow,16,16,150,0.0087,200,altered_knn,altered_knn,2083,33280,0.9999,0.7318,0.7367,0.7485,0.0374,0.1716,0.0614,0.3991
flow,16,16,150,0.0087,200,linear,linear,2083,50000,0.9999,0.2205,0.2169,0.3541,0.0071,0.6332,0.0140,0.1155
flow,16,16,150,0.0087,200,linear_cal,linear,2083,50000,0.9999,0.9179,0.9258,0.9261,0.0174,0.0184,0.0179,0.4719
flow,16,16,150,0.0087,200,quadratic,quadratic,2083,50000,0.9999,0.9419,0.9459,0.9452,0.6023,0.4799,0.5342,0.7401
flow,16,16,150,0.0087,200,quadratic_cal,quadratic,2083,50000,0.9999,0.9404,0.9439,0.9444,0.4885,0.5482,0.5166,0.7303
flow,16,16,150,0.0087,200,polar2,polar,2083,50000,0.9999,0.9036,0.9068,0.9236,0.1056,0.5390,0.1765,0.5417
flow,16,16,150,0.0087,200,polar2_cal,polar,2083,50000,0.9999,0.9255,0.9320,0.9326,0.1706,0.1860,0.1780,0.5550
flow,16,16,150,0.0087,200,polar3,polar,2083,50000,0.9999,0.9389,0.9422,0.9422,0.5682,0.5712,0.5697,0.7559
flow,16,16,150,0.0087,200,polar3_cal,polar,2083,50000,0.9999,0.9381,0.9412,0.9420,0.5005,0.5930,0.5428,0.7420
flow,16,16,150,0.0087,200,polar8,polar,2083,50000,0.9999,0.9297,0.9325,0.9336,0.4889,0.6091,0.5424,0.7375
flow,16,16,150,0.0087,200,polar8_cal,polar,2083,50000,0.9999,0.9297,0.9325,0.9336,0.4892,0.6091,0.5426,0.7375
flow,16,16,150,0.0087,200,mlp,mlp,2083,50000,0.9999,0.9348,0.9382,0.9387,0.4974,0.5563,0.5252,0.7317
flow,16,16,150,0.0087,200,mlp_cal,mlp,2083,50000,0.9999,0.9344,0.9375,0.9386,0.4561,0.5729,0.5079,0.7227
flow,16,16,150,0.0087,200,knn,knn,4167,100016,0.9999,0.4175,0.4201,0.4213,0.0466,0.1142,0.0662,0.2432
flow,16,16,150,0.0087,200,kernel,kernel,4167,100016,0.9999,0.0087,0.0000,0.0000,0.0087,1.0000,0.0173,0.0086
flow,16,16,150,0.0087,200,altered_knn,altered_knn,4167,66640,0.9999,0.7332,0.7381,0.7538,0.0318,0.1820,0.0541,0.3961
flow,16,16,150,0.0087,200,linear,linear,4167,100016,0.9999,0.2185,0.2149,0.3515,0.0071,0.6343,0.0140,0.1144
flow,16,16,150,0.0087,200,linear_cal,linear,4167,100016,0.9999,0.9191,0.9270,0.9274,0.0177,0.0195,0.0185,0.4728
flow,16,16,150,0.0087,200,quadratic,quadratic,4167,100016,0.9999,0.9474,0.9515,0.9506,0.6148,0.4856,0.5427,0.7471
flow,16,16,150,0.0087,200,quadratic_cal,quadratic,4167,100016,0.9999,0.9458,0.9493,0.9498,0.4923,0.5488,0.5190,0.7342
flow,16,16,150,0.0087,200,polar2,polar,4167,100016,0.9999,0.9100,0.9133,0.9318,0.0977,0.5390,0.1654,0.5394
flow,16,16,150,0.0087,200,polar2_cal,polar,4167,100016,0.9999,0.9361,0.9429,0.9433,0.1503,0.1602,0.1551,0.5490
flow,16,16,150,0.0087,200,polar3,polar,4167,100016,0.9999,0.9508,0.9541,0.9539,0.5986,0.5718,0.5849,0.7695
flow,16,16,150,0.0087,200,polar3_cal,polar,4167,100016,0.9999,0.9495,0.9526,0.9535,0.4969,0.6028,0.5447,0.7487
flow,16,16,150,0.0087,200,polar8,polar,4167,100016,0.9999,0.9528,0.9557,0.9565,0.5299,0.6263,0.5741,0.7649
flow,16,16,150,0.0087,200,polar8_cal,polar,4167,100016,0.9999,0.9530,0.9560,0.9565,0.5593,0.6142,0.5855,0.7708
flow,16,16,150,0.0087,200,mlp,mlp,4167,100016,0.9999,0.9554,0.9584,0.9587,0.5759,0.6096,0.5923,0.7753
flow,16,16,150,0.0087,200,mlp_cal,mlp,4167,100016,0.9999,0.9548,0.9577,0.9585,0.5267,0.6234,0.5710,0.7643
flow,32,2,150,0.0049,200,analytic,analytic,0,0,nan,0.9924,0.9925,0.9951,0.4770,0.9725,0.6401,0.8163
flow,32,2,150,0.0049,200,analytic_T_train,analytic,0,0,nan,0.9924,0.9925,0.9951,0.4739,0.9725,0.6373,0.8149
flow,32,2,150,0.0049,200,knn,knn,6667,20002,0.9999,0.7539,0.7576,0.7550,0.0000,0.0000,0.0000,0.3788
flow,32,2,150,0.0049,200,kernel,kernel,6667,20002,0.9999,0.9756,0.9804,0.9780,0.0000,0.0000,0.0000,0.4902
flow,32,2,150,0.0049,200,altered_knn,altered_knn,6667,13330,0.9999,0.8315,0.8345,0.8810,0.0096,0.2138,0.0183,0.4264
flow,32,2,150,0.0049,200,linear,linear,6667,20002,0.9999,0.6843,0.6857,0.8122,0.0064,0.4073,0.0125,0.3491
flow,32,2,150,0.0049,200,linear_cal,linear,6667,20002,0.9999,0.9778,0.9825,0.9849,0.0198,0.0397,0.0265,0.5045
flow,32,2,150,0.0049,200,quadratic,quadratic,6667,20002,0.9999,0.9848,0.9861,0.9859,0.7641,0.7291,0.7462,0.8661
flow,32,2,150,0.0049,200,quadratic_cal,quadratic,6667,20002,0.9999,0.9815,0.9817,0.9843,0.4495,0.9287,0.6058,0.7938
flow,32,2,150,0.0049,200,polar2,polar,6667,20002,0.9999,0.9905,0.9907,0.9924,0.5665,0.9501,0.7098,0.8502
flow,32,2,150,0.0049,200,polar2_cal,polar,6667,20002,0.9999,0.9876,0.9877,0.9909,0.4184,0.9654,0.5837,0.7857
flow,32,2,150,0.0049,200,polar3,polar,6667,20002,0.9999,0.9882,0.9884,0.9899,0.5836,0.9521,0.7237,0.8560
flow,32,2,150,0.0049,200,polar3_cal,polar,6667,20002,0.9999,0.9859,0.9860,0.9888,0.4492,0.9715,0.6143,0.8001
flow,32,2,150,0.0049,200,polar8,polar,6667,20002,0.9999,0.9810,0.9813,0.9821,0.6847,0.9134,0.7827,0.8820
flow,32,2,150,0.0049,200,polar8_cal,polar,6667,20002,0.9999,0.9781,0.9783,0.9810,0.4422,0.9460,0.6027,0.7905
flow,32,2,150,0.0049,200,mlp,mlp,6667,20002,0.9999,0.9855,0.9862,0.9866,0.7385,0.8513,0.7909,0.8886
flow,32,2,150,0.0049,200,mlp_cal,mlp,6667,20002,0.9999,0.9820,0.9823,0.9852,0.4252,0.9318,0.5839,0.7831
flow,32,2,150,0.0049,200,knn,knn,16667,50002,0.9999,0.7641,0.7679,0.7650,0.0976,0.0041,0.0078,0.3878
flow,32,2,150,0.0049,200,kernel,kernel,16667,50002,0.9999,0.9796,0.9844,0.9820,0.0000,0.0000,0.0000,0.4922
flow,32,2,150,0.0049,200,altered_knn,altered_knn,16667,33330,0.9999,0.7578,0.7596,0.8497,0.0088,0.3849,0.0171,0.3884
flow,32,2,150,0.0049,200,linear,linear,16667,50002,0.9999,0.6837,0.6850,0.8117,0.0064,0.4084,0.0125,0.3488
flow,32,2,150,0.0049,200,linear_cal,linear,16667,50002,0.9999,0.9792,0.9839,0.9866,0.0200,0.0428,0.0272,0.5056
flow,32,2,150,0.0049,200,quadratic,quadratic,16667,50002,0.9999,0.9896,0.9907,0.9906,0.7775,0.7617,0.7695,0.8801
flow,32,2,150,0.0049,200,quadratic_cal,quadratic,16667,50002,0.9999,0.9867,0.9869,0.9892,0.4885,0.9481,0.6447,0.8158
flow,32,2,150,0.0049,200,polar2,polar,16667,50002,0.9999,0.9926,0.9928,0.9946,0.5418,0.9501,0.6901,0.8414
flow,32,2,150,0.0049,200,polar2_cal,polar,16667,50002,0.9999,0.9908,0.9910,0.9937,0.4493,0.9572,0.6116,0.8013
flow,32,2,150,0.0049,200,polar3,polar,16667,50002,0.9999,0.9925,0.9927,0.9946,0.5434,0.9562,0.6930,0.8429
flow,32,2,150,0.0049,200,polar3_cal,polar,16667,50002,0.9999,0.9913,0.9914,0.9939,0.4729,0.9684,0.6355,0.8134
flow,32,2,150,0.0049,200,polar8,polar,16667,50002,0.9999,0.9901,0.9903,0.9921,0.5539,0.9582,0.7020,0.8461
flow,32,2,150,0.0049,200,polar8_cal,polar,16667,50002,0.9999,0.9887,0.9888,0.9916,0.4580,0.9664,0.6215,0.8052
flow,32,2,150,0.0049,200,mlp,mlp,16667,50002,0.9999,0.9847,0.9851,0.9863,0.6085,0.9084,0.7288,0.8569
flow,32,2,150,0.0049,200,mlp_cal,mlp,16667,50002,0.9999,0.9823,0.9826,0.9857,0.4057,0.9196,0.5630,0.7728
flow,32,2,150,0.0049,200,knn,knn,33333,99998,1.0000,0.7724,0.7762,0.7735,0.2812,0.0092,0.0178,0.3970
flow,32,2,150,0.0049,200,kernel,kernel,33333,99998,1.0000,0.9853,0.9902,0.9878,0.0000,0.0000,0.0000,0.4951
flow,32,2,150,0.0049,200,altered_knn,altered_knn,33333,66660,1.0000,0.8577,0.8612,0.8926,0.0093,0.1415,0.0174,0.4393
flow,32,2,150,0.0049,200,linear,linear,33333,99998,1.0000,0.6833,0.6846,0.8114,0.0064,0.4134,0.0127,0.3486
flow,32,2,150,0.0049,200,linear_cal,linear,33333,99998,1.0000,0.9809,0.9855,0.9890,0.0152,0.0367,0.0215,0.5035
flow,32,2,150,0.0049,200,quadratic,quadratic,33333,99998,1.0000,0.9919,0.9930,0.9930,0.7737,0.7800,0.7769,0.8849
flow,32,2,150,0.0049,200,quadratic_cal,quadratic,33333,99998,1.0000,0.9891,0.9893,0.9916,0.4934,0.9572,0.6512,0.8202
flow,32,2,150,0.0049,200,polar2,polar,33333,99998,1.0000,0.9930,0.9932,0.9950,0.5533,0.9521,0.6999,0.8465
flow,32,2,150,0.0049,200,polar2_cal,polar,33333,99998,1.0000,0.9906,0.9907,0.9938,0.4299,0.9684,0.5955,0.7931
flow,32,2,150,0.0049,200,polar3,polar,33333,99998,1.0000,0.9926,0.9928,0.9948,0.5326,0.9572,0.6844,0.8386
flow,32,2,150,0.0049,200,polar3_cal,polar,33333,99998,1.0000,0.9916,0.9917,0.9942,0.4769,0.9684,0.6391,0.8154
flow,32,2,150,0.0049,200,polar8,polar,33333,99998,1.0000,0.9912,0.9914,0.9935,0.5165,0.9572,0.6709,0.8312
flow,32,2,150,0.0049,200,polar8_cal,polar,33333,99998,1.0000,0.9896,0.9897,0.9929,0.4208,0.9654,0.5861,0.7879
flow,32,2,150,0.0049,200,mlp,mlp,33333,99998,1.0000,0.9904,0.9906,0.9918,0.6308,0.9481,0.7575,0.8741
flow,32,2,150,0.0049,200,mlp_cal,mlp,33333,99998,1.0000,0.9880,0.9881,0.9909,0.4473,0.9593,0.6101,0.7991
flow,32,4,150,0.0055,200,analytic,analytic,0,0,nan,0.9896,0.9898,0.9921,0.5140,0.9518,0.6675,0.8287
flow,32,4,150,0.0055,200,analytic_T_train,analytic,0,0,nan,0.9895,0.9897,0.9921,0.5097,0.9518,0.6639,0.8268
flow,32,4,150,0.0055,200,knn,knn,3333,19996,0.9999,0.5715,0.5745,0.5723,0.0453,0.0146,0.0220,0.2983
flow,32,4,150,0.0055,200,kernel,kernel,3333,19996,0.9999,0.0055,0.0000,0.0000,0.0055,1.0000,0.0109,0.0055
flow,32,4,150,0.0055,200,altered_knn,altered_knn,3333,13320,0.9999,0.7970,0.8008,0.8159,0.0147,0.1128,0.0259,0.4134
flow,32,4,150,0.0055,200,linear,linear,3333,19996,0.9999,0.4921,0.4922,0.6565,0.0052,0.4795,0.0104,0.2513
flow,32,4,150,0.0055,200,linear_cal,linear,3333,19996,0.9999,0.9551,0.9603,0.9616,0.0178,0.0264,0.0213,0.4908
flow,32,4,150,0.0055,200,quadratic,quadratic,3333,19996,0.9999,0.9628,0.9645,0.9643,0.6959,0.6579,0.6763,0.8204
flow,32,4,150,0.0055,200,quadratic_cal,quadratic,3333,19996,0.9999,0.9617,0.9626,0.9639,0.5447,0.7934,0.6459,0.8043
flow,32,4,150,0.0055,200,polar2,polar,3333,19996,0.9999,0.9537,0.9541,0.9618,0.2254,0.8863,0.3594,0.6568
flow,32,4,150,0.0055,200,polar2_cal,polar,3333,19996,0.9999,0.9613,0.9638,0.9649,0.3516,0.5086,0.4158,0.6898
flow,32,4,150,0.0055,200,polar3,polar,3333,19996,0.9999,0.9580,0.9585,0.9593,0.6681,0.8717,0.7564,0.8574
flow,32,4,150,0.0055,200,polar3_cal,polar,3333,19996,0.9999,0.9569,0.9572,0.9587,0.5726,0.9045,0.7012,0.8292
flow,32,4,150,0.0055,200,polar8,polar,3333,19996,0.9999,0.9385,0.9393,0.9396,0.7113,0.7871,0.7473,0.8433
flow,32,4,150,0.0055,200,polar8_cal,polar,3333,19996,0.9999,0.9375,0.9381,0.9393,0.5752,0.8353,0.6813,0.8097
flow,32,4,150,0.0055,200,mlp,mlp,3333,19996,0.9999,0.9625,0.9634,0.9655,0.4451,0.8080,0.5740,0.7687
flow,32,4,150,0.0055,200,mlp_cal,mlp,3333,19996,0.9999,0.9633,0.9643,0.9658,0.5044,0.7862,0.6145,0.7894
flow,32,4,150,0.0055,200,knn,knn,8333,49996,1.0000,0.5830,0.5861,0.5838,0.0394,0.0100,0.0160,0.3011
flow,32,4,150,0.0055,200,kernel,kernel,8333,49996,1.0000,0.0055,0.0000,0.0000,0.0055,1.0000,0.0109,0.0055
flow,32,4,150,0.0055,200,altered_knn,altered_knn,8333,33320,1.0000,0.8210,0.8254,0.8286,0.0161,0.0391,0.0228,0.4241
flow,32,4,150,0.0055,200,linear,linear,8333,49996,1.0000,0.4924,0.4924,0.6573,0.0053,0.4859,0.0105,0.2514
flow,32,4,150,0.0055,200,linear_cal,linear,8333,49996,1.0000,0.9642,0.9694,0.9711,0.0170,0.0273,0.0209,0.4952
flow,32,4,150,0.0055,200,quadratic,quadratic,8333,49996,1.0000,0.9770,0.9784,0.9783,0.7440,0.7088,0.7260,0.8522
flow,32,4,150,0.0055,200,quadratic_cal,quadratic,8333,49996,1.0000,0.9756,0.9764,0.9777,0.5653,0.8389,0.6755,0.8259
flow,32,4,150,0.0055,200,polar2,polar,8333,49996,1.0000,0.9717,0.9721,0.9768,0.3248,0.8981,0.4770,0.7246
flow,32,4,150,0.0055,200,polar2_cal,polar,8333,49996,1.0000,0.9762,0.9776,0.9789,0.4815,0.7216,0.5776,0.7776
flow,32,4,150,0.0055,200,polar3,polar,8333,49996,1.0000,0.9760,0.9764,0.9774,0.6591,0.8990,0.7606,0.8685
flow,32,4,150,0.0055,200,polar3_cal,polar,8333,49996,1.0000,0.9749,0.9752,0.9768,0.5705,0.9208,0.7045,0.8398
flow,32,4,150,0.0055,200,polar8,polar,8333,49996,1.0000,0.9699,0.9702,0.9711,0.6746,0.8999,0.7712,0.8707
flow,32,4,150,0.0055,200,polar8_cal,polar,8333,49996,1.0000,0.9689,0.9692,0.9708,0.5763,0.9208,0.7089,0.8390
flow,32,4,150,0.0055,200,mlp,mlp,8333,49996,1.0000,0.9634,0.9642,0.9683,0.3261,0.8244,0.4674,0.7158
flow,32,4,150,0.0055,200,mlp_cal,mlp,8333,49996,1.0000,0.9662,0.9672,0.9691,0.4629,0.7771,0.5802,0.7737
flow,32,4,150,0.0055,200,knn,knn,16667,100004,1.0000,0.5918,0.5950,0.5926,0.0750,0.0164,0.0269,0.3109
flow,32,4,150,0.0055,200,kernel,kernel,16667,100004,1.0000,0.0055,0.0000,0.0000,0.0055,1.0000,0.0109,0.0055
flow,32,4,150,0.0055,200,altered_knn,altered_knn,16667,66660,1.0000,0.8243,0.8286,0.8315,0.0204,0.0464,0.0283,0.4285
flow,32,4,150,0.0055,200,linear,linear,16667,100004,1.0000,0.4935,0.4936,0.6586,0.0053,0.4859,0.0105,0.2520
flow,32,4,150,0.0055,200,linear_cal,linear,16667,100004,1.0000,0.9690,0.9742,0.9753,0.0228,0.0318,0.0266,0.5004
flow,32,4,150,0.0055,200,quadratic,quadratic,16667,100004,1.0000,0.9821,0.9835,0.9835,0.7495,0.7270,0.7381,0.8608
flow,32,4,150,0.0055,200,quadratic_cal,quadratic,16667,100004,1.0000,0.9805,0.9812,0.9827,0.5579,0.8553,0.6753,0.8283
flow,32,4,150,0.0055,200,polar2,polar,16667,100004,1.0000,0.9741,0.9745,0.9798,0.3036,0.8944,0.4533,0.7139
flow,32,4,150,0.0055,200,polar2_cal,polar,16667,100004,1.0000,0.9794,0.9810,0.9824,0.4642,0.6961,0.5570,0.7690
flow,32,4,150,0.0055,200,polar3,polar,16667,100004,1.0000,0.9817,0.9822,0.9833,0.6485,0.8999,0.7538,0.8680
flow,32,4,150,0.0055,200,polar3_cal,polar,16667,100004,1.0000,0.9808,0.9811,0.9828,0.5734,0.9208,0.7067,0.8439
flow,32,4,150,0.0055,200,polar8,polar,16667,100004,1.0000,0.9810,0.9814,0.9827,0.6161,0.9126,0.7356,0.8585
flow,32,4,150,0.0055,200,polar8_cal,polar,16667,100004,1.0000,0.9800,0.9803,0.9823,0.5351,0.9236,0.6776,0.8290
flow,32,4,150,0.0055,200,mlp,mlp,16667,100004,1.0000,0.9803,0.9807,0.9819,0.6181,0.9026,0.7337,0.8572
flow,32,4,150,0.0055,200,mlp_cal,mlp,16667,100004,1.0000,0.9781,0.9784,0.9812,0.4510,0.9263,0.6067,0.7925
flow,32,8,150,0.0069,200,analytic,analytic,0,0,nan,0.9854,0.9860,0.9875,0.6305,0.9090,0.7446,0.8653
flow,32,8,150,0.0069,200,analytic_T_train,analytic,0,0,nan,0.9854,0.9860,0.9875,0.6297,0.9098,0.7443,0.8651
flow,32,8,150,0.0069,200,knn,knn,1667,20008,1.0000,0.4266,0.4293,0.4278,0.0262,0.0269,0.0266,0.2279
flow,32,8,150,0.0069,200,kernel,kernel,1667,20008,1.0000,0.0069,0.0000,0.0000,0.0069,1.0000,0.0136,0.0068
flow,32,8,150,0.0069,200,altered_knn,altered_knn,1667,13320,1.0000,0.6920,0.6943,0.7444,0.0179,0.3661,0.0341,0.3642
flow,32,8,150,0.0069,200,linear,linear,1667,20008,1.0000,0.3835,0.3825,0.5498,0.0060,0.5335,0.0118,0.1972
flow,32,8,150,0.0069,200,linear_cal,linear,1667,20008,1.0000,0.9346,0.9409,0.9427,0.0146,0.0226,0.0178,0.4793
flow,32,8,150,0.0069,200,quadratic,quadratic,1667,20008,1.0000,0.9290,0.9315,0.9311,0.6579,0.5655,0.6082,0.7699
flow,32,8,150,0.0069,200,quadratic_cal,quadratic,1667,20008,1.0000,0.9275,0.9288,0.9304,0.4901,0.7380,0.5890,0.7589
flow,32,8,150,0.0069,200,polar2,polar,1667,20008,1.0000,0.8057,0.8060,0.8662,0.0362,0.7671,0.0691,0.4376
flow,32,8,150,0.0069,200,polar2_cal,polar,1667,20008,1.0000,0.9045,0.9105,0.9131,0.0200,0.0357,0.0256,0.4681
flow,32,8,150,0.0069,200,polar3,polar,1667,20008,1.0000,0.9199,0.9213,0.9213,0.7089,0.7162,0.7125,0.8169
flow,32,8,150,0.0069,200,polar3_cal,polar,1667,20008,1.0000,0.9176,0.9182,0.9204,0.5000,0.8311,0.6244,0.7713
flow,32,8,150,0.0069,200,polar8,polar,1667,20008,1.0000,0.8987,0.9007,0.9006,0.6659,0.6164,0.6402,0.7704
flow,32,8,150,0.0069,200,polar8_cal,polar,1667,20008,1.0000,0.8973,0.8987,0.9003,0.4741,0.6921,0.5627,0.7307
flow,32,8,150,0.0069,200,mlp,mlp,1667,20008,1.0000,0.9359,0.9382,0.9377,0.7185,0.6150,0.6627,0.8005
flow,32,8,150,0.0069,200,mlp_cal,mlp,1667,20008,1.0000,0.9347,0.9361,0.9375,0.5153,0.7227,0.6016,0.7689
flow,32,8,150,0.0069,200,knn,knn,4167,50008,1.0000,0.4422,0.4450,0.4436,0.0434,0.0408,0.0421,0.2435
flow,32,8,150,0.0069,200,kernel,kernel,4167,50008,1.0000,0.0069,0.0000,0.0000,0.0069,1.0000,0.0136,0.0068
flow,32,8,150,0.0069,200,altered_knn,altered_knn,4167,33320,1.0000,0.7266,0.7294,0.7656,0.0214,0.3144,0.0402,0.3848
flow,32,8,150,0.0069,200,linear,linear,4167,50008,1.0000,0.3816,0.3805,0.5482,0.0060,0.5393,0.0119,0.1962
flow,32,8,150,0.0069,200,linear_cal,linear,4167,50008,1.0000,0.9453,0.9517,0.9539,0.0118,0.0197,0.0148,0.4833
flow,32,8,150,0.0069,200,quadratic,quadratic,4167,50008,1.0000,0.9578,0.9601,0.9595,0.7573,0.6201,0.6819,0.8210
flow,32,8,150,0.0069,200,quadratic_cal,quadratic,4167,50008,1.0000,0.9560,0.9570,0.9587,0.5368,0.8064,0.6446,0.8008
flow,32,8,150,0.0069,200,polar2,polar,4167,50008,1.0000,0.8579,0.8584,0.9081,0.0463,0.7795,0.0874,0.4729
flow,32,8,150,0.0069,200,polar2_cal,polar,4167,50008,1.0000,0.9399,0.9460,0.9480,0.0307,0.0495,0.0379,0.4920
flow,32,8,150,0.0069,200,polar3,polar,4167,50008,1.0000,0.9590,0.9601,0.9603,0.7620,0.7948,0.7781,0.8691
flow,32,8,150,0.0069,200,polar3_cal,polar,4167,50008,1.0000,0.9564,0.9569,0.9590,0.5478,0.8755,0.6739,0.8154
flow,32,8,150,0.0069,200,polar8,polar,4167,50008,1.0000,0.9458,0.9470,0.9471,0.7472,0.7787,0.7627,0.8548
flow,32,8,150,0.0069,200,polar8_cal,polar,4167,50008,1.0000,0.9441,0.9449,0.9467,0.5457,0.8304,0.6586,0.8017
flow,32,8,150,0.0069,200,mlp,mlp,4167,50008,1.0000,0.9395,0.9412,0.9454,0.3055,0.6907,0.4237,0.6824
flow,32,8,150,0.0069,200,mlp_cal,mlp,4167,50008,1.0000,0.9433,0.9455,0.9466,0.4699,0.6310,0.5387,0.7421
flow,32,8,150,0.0069,200,knn,knn,8333,99992,1.0000,0.4517,0.4545,0.4529,0.0442,0.0357,0.0395,0.2470
flow,32,8,150,0.0069,200,kernel,kernel,8333,99992,1.0000,0.0069,0.0000,0.0000,0.0069,1.0000,0.0136,0.0068
flow,32,8,150,0.0069,200,altered_knn,altered_knn,8333,66640,1.0000,0.7695,0.7742,0.7780,0.0394,0.0953,0.0558,0.4150
flow,32,8,150,0.0069,200,linear,linear,8333,99992,1.0000,0.3827,0.3816,0.5496,0.0060,0.5393,0.0119,0.1968
flow,32,8,150,0.0069,200,linear_cal,linear,8333,99992,1.0000,0.9510,0.9574,0.9598,0.0127,0.0218,0.0160,0.4867
flow,32,8,150,0.0069,200,quadratic,quadratic,8333,99992,1.0000,0.9670,0.9694,0.9687,0.7748,0.6259,0.6924,0.8309
flow,32,8,150,0.0069,200,quadratic_cal,quadratic,8333,99992,1.0000,0.9648,0.9658,0.9677,0.5233,0.8180,0.6383,0.8020
flow,32,8,150,0.0069,200,polar2,polar,8333,99992,1.0000,0.8828,0.8835,0.9256,0.0555,0.7853,0.1036,0.4936
flow,32,8,150,0.0069,200,polar2_cal,polar,8333,99992,1.0000,0.9518,0.9579,0.9598,0.0417,0.0648,0.0508,0.5043
flow,32,8,150,0.0069,200,polar3,polar,8333,99992,1.0000,0.9707,0.9719,0.9720,0.7826,0.7991,0.7908,0.8813
flow,32,8,150,0.0069,200,polar3_cal,polar,8333,99992,1.0000,0.9679,0.9686,0.9706,0.5506,0.8755,0.6760,0.8223
flow,32,8,150,0.0069,200,polar8,polar,8333,99992,1.0000,0.9670,0.9679,0.9683,0.7588,0.8355,0.7953,0.8816
flow,32,8,150,0.0069,200,polar8_cal,polar,8333,99992,1.0000,0.9652,0.9658,0.9676,0.5752,0.8799,0.6956,0.8307
flow,32,8,150,0.0069,200,mlp,mlp,8333,99992,1.0000,0.9603,0.9617,0.9618,0.7359,0.7606,0.7480,0.8548
flow,32,8,150,0.0069,200,mlp_cal,mlp,8333,99992,1.0000,0.9587,0.9597,0.9614,0.5403,0.8144,0.6496,0.8046
flow,32,16,150,0.0068,200,analytic,analytic,0,0,nan,0.9750,0.9763,0.9777,0.5464,0.7794,0.6425,0.8094
flow,32,16,150,0.0068,200,analytic_T_train,analytic,0,0,nan,0.9750,0.9763,0.9777,0.5441,0.7809,0.6413,0.8088
flow,32,16,150,0.0068,200,knn,knn,833,19984,1.0000,0.3088,0.3105,0.3088,0.0255,0.0622,0.0362,0.1734
flow,32,16,150,0.0068,200,kernel,kernel,833,19984,1.0000,0.0068,0.0000,0.0000,0.0068,1.0000,0.0134,0.0067
flow,32,16,150,0.0068,200,altered_knn,altered_knn,833,13280,1.0000,0.6628,0.6656,0.6882,0.0236,0.2524,0.0431,0.3543
flow,32,16,150,0.0068,200,linear,linear,833,19984,1.0000,0.3001,0.2980,0.4560,0.0059,0.6099,0.0117,0.1549
flow,32,16,150,0.0068,200,linear_cal,linear,833,19984,1.0000,0.9044,0.9103,0.9129,0.0146,0.0266,0.0189,0.4646
flow,32,16,150,0.0068,200,quadratic,quadratic,833,19984,1.0000,0.8546,0.8573,0.8571,0.4957,0.4648,0.4798,0.6685
flow,32,16,150,0.0068,200,quadratic_cal,quadratic,833,19984,1.0000,0.8528,0.8546,0.8565,0.3605,0.5959,0.4492,0.6519
flow,32,16,150,0.0068,200,polar2,polar,833,19984,1.0000,0.7182,0.7186,0.7908,0.0236,0.6573,0.0455,0.3821
flow,32,16,150,0.0068,200,polar2_cal,polar,833,19984,1.0000,0.8340,0.8395,0.8408,0.0132,0.0185,0.0154,0.4275
flow,32,16,150,0.0068,200,polar3,polar,833,19984,1.0000,0.8595,0.8612,0.8615,0.5643,0.6070,0.5849,0.7230
flow,32,16,150,0.0068,200,polar3_cal,polar,833,19984,1.0000,0.8582,0.8594,0.8609,0.4514,0.6743,0.5408,0.7001
flow,32,16,150,0.0068,200,polar8,polar,833,19984,1.0000,0.8316,0.8336,0.8340,0.4983,0.5389,0.5178,0.6757
flow,32,16,150,0.0068,200,polar8_cal,polar,833,19984,1.0000,0.8308,0.8325,0.8338,0.4136,0.5811,0.4832,0.6579
flow,32,16,150,0.0068,200,mlp,mlp,833,19984,1.0000,0.8849,0.8874,0.8871,0.5922,0.5278,0.5581,0.7227
flow,32,16,150,0.0068,200,mlp_cal,mlp,833,19984,1.0000,0.8819,0.8836,0.8862,0.3411,0.6299,0.4425,0.6631
flow,32,16,150,0.0068,200,knn,knn,2083,50000,0.9999,0.3254,0.3272,0.3264,0.0300,0.0681,0.0416,0.1844
flow,32,16,150,0.0068,200,kernel,kernel,2083,50000,0.9999,0.0068,0.0000,0.0000,0.0068,1.0000,0.0134,0.0067
flow,32,16,150,0.0068,200,altered_knn,altered_knn,2083,33280,0.9999,0.6884,0.6910,0.7149,0.0279,0.3035,0.0512,0.3711
flow,32,16,150,0.0068,200,linear,linear,2083,50000,0.9999,0.3006,0.2984,0.4569,0.0060,0.6166,0.0119,0.1551
flow,32,16,150,0.0068,200,linear_cal,linear,2083,50000,0.9999,0.9184,0.9245,0.9268,0.0167,0.0289,0.0212,0.4728
flow,32,16,150,0.0068,200,quadratic,quadratic,2083,50000,0.9999,0.9225,0.9250,0.9246,0.6479,0.5625,0.6022,0.7636
flow,32,16,150,0.0068,200,quadratic_cal,quadratic,2083,50000,0.9999,0.9200,0.9216,0.9234,0.4333,0.6847,0.5307,0.7261
flow,32,16,150,0.0068,200,polar2,polar,2083,50000,0.9999,0.7662,0.7670,0.8405,0.0246,0.6588,0.0475,0.4072
flow,32,16,150,0.0068,200,polar2_cal,polar,2083,50000,0.9999,0.8935,0.8995,0.9011,0.0132,0.0192,0.0157,0.4576
flow,32,16,150,0.0068,200,polar3,polar,2083,50000,0.9999,0.9220,0.9239,0.9239,0.6596,0.6469,0.6532,0.7885
flow,32,16,150,0.0068,200,polar3_cal,polar,2083,50000,0.9999,0.9198,0.9210,0.9227,0.4799,0.7328,0.5800,0.7505
flow,32,16,150,0.0068,200,polar8,polar,2083,50000,0.9999,0.9078,0.9095,0.9096,0.6443,0.6610,0.6525,0.7810
flow,32,16,150,0.0068,200,polar8_cal,polar,2083,50000,0.9999,0.9072,0.9086,0.9095,0.5538,0.6973,0.6173,0.7629
flow,32,16,150,0.0068,200,mlp,mlp,2083,50000,0.9999,0.9076,0.9098,0.9122,0.3364,0.5870,0.4277,0.6688
flow,32,16,150,0.0068,200,mlp_cal,mlp,2083,50000,0.9999,0.9074,0.9095,0.9121,0.3248,0.5907,0.4191,0.6643
flow,32,16,150,0.0068,200,knn,knn,4167,100016,1.0000,0.3381,0.3399,0.3386,0.0321,0.0622,0.0424,0.1912
flow,32,16,150,0.0068,200,kernel,kernel,4167,100016,1.0000,0.0068,0.0000,0.0000,0.0068,1.0000,0.0134,0.0067
flow,32,16,150,0.0068,200,altered_knn,altered_knn,4167,66640,1.0000,0.7201,0.7248,0.7242,0.0490,0.0400,0.0440,0.3844
flow,32,16,150,0.0068,200,linear,linear,4167,100016,1.0000,0.3018,0.2996,0.4586,0.0060,0.6144,0.0118,0.1557
flow,32,16,150,0.0068,200,linear_cal,linear,4167,100016,1.0000,0.9273,0.9334,0.9358,0.0185,0.0326,0.0236,0.4785
flow,32,16,150,0.0068,200,quadratic,quadratic,4167,100016,1.0000,0.9421,0.9446,0.9441,0.6748,0.5729,0.6197,0.7821
flow,32,16,150,0.0068,200,quadratic_cal,quadratic,4167,100016,1.0000,0.9390,0.9406,0.9426,0.4351,0.7143,0.5408,0.7407
flow,32,16,150,0.0068,200,polar2,polar,4167,100016,1.0000,0.7941,0.7950,0.8634,0.0272,0.6617,0.0523,0.4236
flow,32,16,150,0.0068,200,polar2_cal,polar,4167,100016,1.0000,0.9140,0.9201,0.9218,0.0144,0.0215,0.0172,0.4687
flow,32,16,150,0.0068,200,polar3,polar,4167,100016,1.0000,0.9424,0.9444,0.9443,0.6795,0.6528,0.6659,0.8051
flow,32,16,150,0.0068,200,polar3_cal,polar,4167,100016,1.0000,0.9393,0.9406,0.9427,0.4571,0.7498,0.5680,0.7543
flow,32,16,150,0.0068,200,polar8,polar,4167,100016,1.0000,0.9419,0.9435,0.9440,0.6202,0.7084,0.6614,0.8024
flow,32,16,150,0.0068,200,polar8_cal,polar,4167,100016,1.0000,0.9414,0.9429,0.9438,0.5703,0.7298,0.6403,0.7916
flow,32,16,150,0.0068,200,mlp,mlp,4167,100016,1.0000,0.9343,0.9362,0.9368,0.5495,0.6610,0.6001,0.7682
flow,32,16,150,0.0068,200,mlp_cal,mlp,4167,100016,1.0000,0.9328,0.9344,0.9365,0.4163,0.6899,0.5192,0.7268
