sampler,d,K,n_seeds,hall_gt,hall_gt_std,model,arch,n_per_mode,n_anchors,full_acc,full_acc_std,mode_acc,mode_acc_std,mode_f1,mode_f1_std,hall_prec,hall_prec_std,hall_rec,hall_rec_std,hall_f1,hall_f1_std,balanced,balanced_std
rk45,2,2,3,0.0107,0.0004,knn,knn,2000,6000,0.9840,0.0011,0.9866,0.0010,0.9913,0.0006,0.3979,0.0205,0.7402,0.0180,0.5174,0.0215,0.7520,0.0111
rk45,2,2,3,0.0107,0.0004,altered_knn,altered_knn,2000,4000,0.9607,0.0092,0.9681,0.0100,0.9792,0.0039,0.0906,0.0091,0.2736,0.0954,0.1315,0.0176,0.5498,0.0067
rk45,2,2,3,0.0107,0.0004,quadratic,quadratic,2000,6000,0.9880,0.0011,0.9924,0.0007,0.9924,0.0008,0.5765,0.0312,0.5787,0.0223,0.5774,0.0254,0.7849,0.0129
rk45,2,2,3,0.0107,0.0004,polar3,polar,2000,6000,0.9954,0.0014,0.9964,0.0012,0.9975,0.0009,0.7458,0.0515,0.9009,0.0249,0.8156,0.0403,0.9060,0.0207
rk45,2,2,3,0.0107,0.0004,knn,knn,5000,15000,0.9903,0.0012,0.9921,0.0009,0.9949,0.0007,0.5426,0.0395,0.8210,0.0320,0.6532,0.0384,0.8226,0.0196
rk45,2,2,3,0.0107,0.0004,altered_knn,altered_knn,5000,10000,0.9748,0.0031,0.9826,0.0031,0.9869,0.0013,0.1433,0.0177,0.2543,0.0363,0.1819,0.0174,0.5822,0.0090
rk45,2,2,3,0.0107,0.0004,quadratic,quadratic,5000,15000,0.9873,0.0014,0.9918,0.0015,0.9917,0.0016,0.5783,0.0171,0.5702,0.0212,0.5741,0.0174,0.7829,0.0082
rk45,2,2,3,0.0107,0.0004,polar3,polar,5000,15000,0.9954,0.0012,0.9965,0.0010,0.9975,0.0008,0.7553,0.0363,0.8968,0.0280,0.8199,0.0320,0.9082,0.0165
rk45,2,2,3,0.0107,0.0004,knn,knn,10000,30000,0.9934,0.0009,0.9949,0.0006,0.9965,0.0006,0.6538,0.0310,0.8500,0.0359,0.7390,0.0323,0.8670,0.0165
rk45,2,2,3,0.0107,0.0004,altered_knn,altered_knn,10000,20000,0.9743,0.0029,0.9818,0.0035,0.9869,0.0014,0.1435,0.0114,0.2798,0.0521,0.1878,0.0170,0.5848,0.0076
rk45,2,2,3,0.0107,0.0004,quadratic,quadratic,10000,30000,0.9872,0.0012,0.9917,0.0015,0.9917,0.0015,0.5768,0.0206,0.5729,0.0250,0.5747,0.0218,0.7832,0.0103
rk45,2,2,3,0.0107,0.0004,polar3,polar,10000,30000,0.9956,0.0012,0.9968,0.0009,0.9976,0.0008,0.7718,0.0291,0.8892,0.0304,0.8263,0.0297,0.9115,0.0153
rk45,2,2,3,0.0107,0.0004,knn,knn,15000,45000,0.9944,0.0011,0.9958,0.0006,0.9971,0.0007,0.7023,0.0332,0.8596,0.0441,0.7730,0.0376,0.8844,0.0191
rk45,2,2,3,0.0107,0.0004,altered_knn,altered_knn,15000,30000,0.9793,0.0041,0.9871,0.0043,0.9895,0.0020,0.1892,0.0347,0.2597,0.0496,0.2132,0.0232,0.6002,0.0121
rk45,2,2,3,0.0107,0.0004,quadratic,quadratic,15000,45000,0.9876,0.0012,0.9921,0.0013,0.9920,0.0014,0.5799,0.0233,0.5756,0.0237,0.5776,0.0219,0.7849,0.0105
rk45,2,2,3,0.0107,0.0004,polar3,polar,15000,45000,0.9957,0.0011,0.9968,0.0008,0.9976,0.0008,0.7761,0.0262,0.8892,0.0304,0.8288,0.0281,0.9128,0.0145
rk45,2,2,3,0.0107,0.0004,knn,knn,20000,60000,0.9950,0.0012,0.9964,0.0007,0.9973,0.0008,0.7356,0.0354,0.8596,0.0455,0.7927,0.0398,0.8946,0.0202
rk45,2,2,3,0.0107,0.0004,altered_knn,altered_knn,20000,40000,0.9836,0.0034,0.9919,0.0036,0.9917,0.0017,0.2510,0.0671,0.2222,0.0128,0.2293,0.0254,0.6106,0.0145
rk45,2,2,3,0.0107,0.0004,quadratic,quadratic,20000,60000,0.9880,0.0012,0.9924,0.0011,0.9924,0.0013,0.5813,0.0232,0.5744,0.0240,0.5777,0.0218,0.7850,0.0106
rk45,2,2,3,0.0107,0.0004,polar3,polar,20000,60000,0.9956,0.0013,0.9967,0.0009,0.9976,0.0009,0.7705,0.0338,0.8895,0.0311,0.8257,0.0329,0.9112,0.0169
rk45,2,4,3,0.0116,0.0002,knn,knn,2000,12000,0.9749,0.0017,0.9780,0.0016,0.9857,0.0012,0.3037,0.0120,0.7165,0.0090,0.4265,0.0128,0.7022,0.0072
rk45,2,4,3,0.0116,0.0002,altered_knn,altered_knn,2000,8000,0.9602,0.0088,0.9679,0.0104,0.9762,0.0036,0.1296,0.0183,0.3037,0.1462,0.1639,0.0287,0.5659,0.0101
rk45,2,4,3,0.0116,0.0002,quadratic,quadratic,2000,12000,0.9327,0.0120,0.9386,0.0128,0.9435,0.0098,0.2427,0.0468,0.4290,0.0757,0.3014,0.0221,0.6200,0.0174
rk45,2,4,3,0.0116,0.0002,polar3,polar,2000,12000,0.9812,0.0011,0.9837,0.0011,0.9897,0.0009,0.3755,0.0104,0.7708,0.0004,0.5049,0.0093,0.7443,0.0052
rk45,2,4,3,0.0116,0.0002,knn,knn,5000,30000,0.9837,0.0016,0.9866,0.0015,0.9910,0.0012,0.4143,0.0223,0.7378,0.0143,0.5304,0.0211,0.7585,0.0113
rk45,2,4,3,0.0116,0.0002,altered_knn,altered_knn,5000,20000,0.9728,0.0018,0.9807,0.0019,0.9847,0.0014,0.1760,0.0044,0.3011,0.0306,0.2215,0.0082,0.6011,0.0040
rk45,2,4,3,0.0116,0.0002,quadratic,quadratic,5000,30000,0.9319,0.0105,0.9378,0.0113,0.9425,0.0085,0.2426,0.0485,0.4279,0.0737,0.3014,0.0244,0.6196,0.0177
rk45,2,4,3,0.0116,0.0002,polar3,polar,5000,30000,0.9816,0.0016,0.9842,0.0017,0.9899,0.0012,0.3824,0.0182,0.7666,0.0031,0.5100,0.0158,0.7471,0.0087
rk45,2,4,3,0.0116,0.0002,knn,knn,10000,60000,0.9874,0.0014,0.9907,0.0013,0.9931,0.0009,0.4987,0.0282,0.7073,0.0063,0.5846,0.0214,0.7877,0.0114
rk45,2,4,3,0.0116,0.0002,altered_knn,altered_knn,10000,40000,0.9767,0.0028,0.9843,0.0032,0.9875,0.0015,0.2128,0.0153,0.3294,0.0391,0.2564,0.0038,0.6204,0.0020
rk45,2,4,3,0.0116,0.0002,quadratic,quadratic,10000,60000,0.9330,0.0110,0.9389,0.0118,0.9435,0.0092,0.2482,0.0467,0.4292,0.0744,0.3061,0.0215,0.6225,0.0166
rk45,2,4,3,0.0116,0.0002,polar3,polar,10000,60000,0.9820,0.0010,0.9845,0.0010,0.9901,0.0008,0.3866,0.0116,0.7682,0.0074,0.5142,0.0112,0.7494,0.0060
rk45,2,4,3,0.0116,0.0002,knn,knn,15000,90000,0.9885,0.0012,0.9922,0.0011,0.9936,0.0008,0.5360,0.0296,0.6798,0.0104,0.5991,0.0216,0.7956,0.0114
rk45,2,4,3,0.0116,0.0002,altered_knn,altered_knn,15000,60000,0.9798,0.0040,0.9881,0.0051,0.9890,0.0019,0.2393,0.0235,0.2669,0.1154,0.2327,0.0565,0.6104,0.0262
rk45,2,4,3,0.0116,0.0002,quadratic,quadratic,15000,90000,0.9330,0.0110,0.9389,0.0117,0.9434,0.0091,0.2494,0.0469,0.4282,0.0733,0.3069,0.0215,0.6229,0.0165
rk45,2,4,3,0.0116,0.0002,polar3,polar,15000,90000,0.9825,0.0012,0.9851,0.0011,0.9904,0.0008,0.3970,0.0170,0.7634,0.0106,0.5222,0.0166,0.7536,0.0089
rk45,2,4,3,0.0116,0.0002,knn,knn,20000,120000,0.9891,0.0012,0.9929,0.0011,0.9939,0.0008,0.5626,0.0322,0.6638,0.0116,0.6087,0.0226,0.8008,0.0118
rk45,2,4,3,0.0116,0.0002,altered_knn,altered_knn,20000,80000,0.9814,0.0014,0.9898,0.0023,0.9899,0.0007,0.2555,0.0152,0.2668,0.0822,0.2540,0.0444,0.6219,0.0214
rk45,2,4,3,0.0116,0.0002,quadratic,quadratic,20000,120000,0.9326,0.0107,0.9385,0.0115,0.9429,0.0088,0.2506,0.0461,0.4279,0.0729,0.3079,0.0207,0.6232,0.0160
rk45,2,4,3,0.0116,0.0002,polar3,polar,20000,120000,0.9822,0.0008,0.9847,0.0007,0.9903,0.0007,0.3894,0.0090,0.7671,0.0074,0.5166,0.0096,0.7507,0.0051
rk45,2,8,3,0.0114,0.0006,knn,knn,2000,24000,0.9669,0.0023,0.9707,0.0020,0.9801,0.0019,0.2391,0.0137,0.6390,0.0364,0.3479,0.0187,0.6593,0.0104
rk45,2,8,3,0.0114,0.0006,altered_knn,altered_knn,2000,16000,0.9515,0.0059,0.9587,0.0070,0.9713,0.0027,0.1058,0.0149,0.3362,0.0643,0.1579,0.0105,0.5583,0.0083
rk45,2,8,3,0.0114,0.0006,quadratic,quadratic,2000,24000,0.8350,0.0034,0.8379,0.0034,0.8988,0.0034,0.0460,0.0022,0.5874,0.0088,0.0853,0.0039,0.4616,0.0004
rk45,2,8,3,0.0114,0.0006,polar3,polar,2000,24000,0.9691,0.0039,0.9730,0.0031,0.9819,0.0029,0.2465,0.0295,0.6340,0.0683,0.3549,0.0410,0.6640,0.0221
rk45,2,8,3,0.0114,0.0006,knn,knn,5000,60000,0.9755,0.0029,0.9796,0.0024,0.9854,0.0024,0.3065,0.0246,0.6206,0.0530,0.4101,0.0320,0.6949,0.0172
rk45,2,8,3,0.0114,0.0006,altered_knn,altered_knn,5000,40000,0.9581,0.0061,0.9643,0.0067,0.9768,0.0030,0.1294,0.0120,0.4124,0.0881,0.1955,0.0192,0.5799,0.0092
rk45,2,8,3,0.0114,0.0006,quadratic,quadratic,5000,60000,0.8321,0.0042,0.8349,0.0042,0.8967,0.0041,0.0453,0.0024,0.5885,0.0074,0.0841,0.0041,0.4595,0.0016
rk45,2,8,3,0.0114,0.0006,polar3,polar,5000,60000,0.9690,0.0039,0.9728,0.0032,0.9818,0.0029,0.2471,0.0306,0.6362,0.0705,0.3558,0.0420,0.6643,0.0226
rk45,2,8,3,0.0114,0.0006,knn,knn,10000,120000,0.9789,0.0032,0.9836,0.0027,0.9870,0.0026,0.3581,0.0326,0.5740,0.0520,0.4406,0.0374,0.7121,0.0200
rk45,2,8,3,0.0114,0.0006,altered_knn,altered_knn,10000,80000,0.9692,0.0047,0.9772,0.0050,0.9823,0.0028,0.1481,0.0209,0.2740,0.0223,0.1902,0.0144,0.5837,0.0097
rk45,2,8,3,0.0114,0.0006,quadratic,quadratic,10000,120000,0.8333,0.0052,0.8362,0.0052,0.8976,0.0047,0.0456,0.0020,0.5893,0.0090,0.0847,0.0035,0.4604,0.0016
rk45,2,8,3,0.0114,0.0006,polar3,polar,10000,120000,0.9687,0.0040,0.9727,0.0034,0.9817,0.0031,0.2419,0.0289,0.6256,0.0643,0.3486,0.0392,0.6607,0.0213
rk45,2,8,3,0.0114,0.0006,knn,knn,15000,180000,0.9801,0.0033,0.9851,0.0028,0.9874,0.0027,0.3908,0.0364,0.5513,0.0527,0.4570,0.0404,0.7210,0.0216
rk45,2,8,3,0.0114,0.0006,altered_knn,altered_knn,15000,120000,0.9744,0.0033,0.9835,0.0031,0.9843,0.0026,0.1622,0.0256,0.1822,0.0380,0.1709,0.0292,0.5772,0.0153
rk45,2,8,3,0.0114,0.0006,quadratic,quadratic,15000,180000,0.8343,0.0056,0.8371,0.0057,0.8982,0.0050,0.0459,0.0019,0.5891,0.0089,0.0852,0.0033,0.4612,0.0017
rk45,2,8,3,0.0114,0.0006,polar3,polar,15000,180000,0.9689,0.0038,0.9728,0.0032,0.9817,0.0030,0.2448,0.0291,0.6313,0.0709,0.3526,0.0405,0.6627,0.0218
rk45,2,8,3,0.0114,0.0006,knn,knn,20000,240000,0.9807,0.0033,0.9859,0.0028,0.9875,0.0028,0.4136,0.0364,0.5352,0.0513,0.4663,0.0406,0.7261,0.0217
rk45,2,8,3,0.0114,0.0006,altered_knn,altered_knn,20000,160000,0.9740,0.0031,0.9828,0.0030,0.9843,0.0025,0.1646,0.0228,0.2097,0.0698,0.1820,0.0380,0.5824,0.0189
rk45,2,8,3,0.0114,0.0006,quadratic,quadratic,20000,240000,0.8418,0.0049,0.8448,0.0050,0.9035,0.0045,0.0474,0.0020,0.5837,0.0096,0.0877,0.0035,0.4663,0.0010
rk45,2,8,3,0.0114,0.0006,polar3,polar,20000,240000,0.9697,0.0039,0.9737,0.0033,0.9822,0.0030,0.2512,0.0319,0.6236,0.0657,0.3579,0.0424,0.6658,0.0228
rk45,4,2,3,0.0111,0.0006,knn,knn,2000,6000,0.9150,0.0026,0.9219,0.0027,0.9192,0.0026,0.6059,0.0378,0.2961,0.0090,0.3977,0.0161,0.6598,0.0092
rk45,4,2,3,0.0111,0.0006,altered_knn,altered_knn,2000,4000,0.8935,0.0342,0.9012,0.0362,0.9332,0.0139,0.0314,0.0046,0.2105,0.1153,0.0498,0.0042,0.4755,0.0181
rk45,4,2,3,0.0111,0.0006,quadratic,quadratic,2000,6000,0.9870,0.0024,0.9913,0.0024,0.9897,0.0024,0.8419,0.0359,0.5968,0.0145,0.6983,0.0195,0.8448,0.0092
rk45,4,2,3,0.0111,0.0006,polar3,polar,2000,6000,0.9947,0.0002,0.9967,0.0002,0.9965,0.0001,0.8440,0.0016,0.8175,0.0176,0.8304,0.0092,0.9136,0.0045
rk45,4,2,3,0.0111,0.0006,knn,knn,5000,15000,0.9308,0.0022,0.9372,0.0024,0.9348,0.0023,0.6640,0.0270,0.3551,0.0073,0.4623,0.0010,0.6998,0.0016
rk45,4,2,3,0.0111,0.0006,altered_knn,altered_knn,5000,10000,0.9247,0.0123,0.9335,0.0129,0.9487,0.0041,0.0371,0.0017,0.1407,0.0551,0.0569,0.0042,0.4952,0.0044
rk45,4,2,3,0.0111,0.0006,quadratic,quadratic,5000,15000,0.9880,0.0014,0.9924,0.0012,0.9908,0.0014,0.8468,0.0288,0.5893,0.0059,0.6949,0.0135,0.8437,0.0064
rk45,4,2,3,0.0111,0.0006,polar3,polar,5000,15000,0.9946,0.0002,0.9967,0.0001,0.9965,0.0001,0.8370,0.0041,0.8161,0.0192,0.8263,0.0099,0.9115,0.0049
rk45,4,2,3,0.0111,0.0006,knn,knn,10000,30000,0.9420,0.0011,0.9482,0.0014,0.9458,0.0013,0.7087,0.0129,0.3909,0.0092,0.5039,0.0107,0.7261,0.0047
rk45,4,2,3,0.0111,0.0006,altered_knn,altered_knn,10000,20000,0.9148,0.0352,0.9232,0.0367,0.9454,0.0136,0.0342,0.0020,0.1639,0.1336,0.0456,0.0150,0.4844,0.0136
rk45,4,2,3,0.0111,0.0006,quadratic,quadratic,10000,30000,0.9890,0.0008,0.9935,0.0007,0.9918,0.0007,0.8525,0.0238,0.5852,0.0017,0.6939,0.0084,0.8437,0.0042
rk45,4,2,3,0.0111,0.0006,polar3,polar,10000,30000,0.9946,0.0002,0.9966,0.0002,0.9965,0.0001,0.8344,0.0070,0.8185,0.0199,0.8262,0.0074,0.9114,0.0037
rk45,4,2,3,0.0111,0.0006,knn,knn,15000,45000,0.9482,0.0005,0.9542,0.0006,0.9520,0.0006,0.6991,0.0149,0.4098,0.0090,0.5167,0.0112,0.7355,0.0054
rk45,4,2,3,0.0111,0.0006,altered_knn,altered_knn,15000,30000,0.9125,0.0156,0.9203,0.0167,0.9479,0.0058,0.0356,0.0027,0.2175,0.0644,0.0600,0.0016,0.4902,0.0087
rk45,4,2,3,0.0111,0.0006,quadratic,quadratic,15000,45000,0.9890,0.0008,0.9935,0.0006,0.9918,0.0008,0.8511,0.0252,0.5872,0.0036,0.6947,0.0076,0.8441,0.0037
rk45,4,2,3,0.0111,0.0006,polar3,polar,15000,45000,0.9946,0.0002,0.9966,0.0002,0.9965,0.0001,0.8286,0.0080,0.8201,0.0215,0.8241,0.0077,0.9103,0.0038
rk45,4,2,3,0.0111,0.0006,knn,knn,20000,60000,0.9512,0.0005,0.9572,0.0002,0.9550,0.0002,0.7063,0.0308,0.4167,0.0021,0.5239,0.0098,0.7406,0.0050
rk45,4,2,3,0.0111,0.0006,altered_knn,altered_knn,20000,40000,0.9103,0.0327,0.9179,0.0340,0.9460,0.0145,0.0377,0.0044,0.2248,0.1106,0.0623,0.0043,0.4901,0.0172
rk45,4,2,3,0.0111,0.0006,quadratic,quadratic,20000,60000,0.9891,0.0008,0.9936,0.0007,0.9919,0.0008,0.8529,0.0263,0.5870,0.0036,0.6953,0.0101,0.8445,0.0052
rk45,4,2,3,0.0111,0.0006,polar3,polar,20000,60000,0.9946,0.0002,0.9966,0.0002,0.9965,0.0001,0.8286,0.0101,0.8188,0.0199,0.8234,0.0058,0.9100,0.0028
rk45,4,4,3,0.0121,0.0003,knn,knn,2000,12000,0.8392,0.0116,0.8448,0.0115,0.8467,0.0135,0.2642,0.0641,0.3795,0.0099,0.3066,0.0421,0.5757,0.0158
rk45,4,4,3,0.0121,0.0003,altered_knn,altered_knn,2000,8000,0.8732,0.0337,0.8821,0.0353,0.8986,0.0156,0.0391,0.0056,0.1421,0.1149,0.0502,0.0094,0.4662,0.0149
rk45,4,4,3,0.0121,0.0003,quadratic,quadratic,2000,12000,0.9393,0.0059,0.9438,0.0058,0.9438,0.0062,0.5060,0.0131,0.5692,0.0082,0.5357,0.0101,0.7398,0.0071
rk45,4,4,3,0.0121,0.0003,polar3,polar,2000,12000,0.9771,0.0020,0.9808,0.0019,0.9825,0.0023,0.5121,0.0145,0.6749,0.0227,0.5819,0.0063,0.7813,0.0024
rk45,4,4,3,0.0121,0.0003,knn,knn,5000,30000,0.8698,0.0098,0.8756,0.0098,0.8765,0.0117,0.2978,0.0591,0.3983,0.0103,0.3373,0.0358,0.6065,0.0130
rk45,4,4,3,0.0121,0.0003,altered_knn,altered_knn,5000,20000,0.8761,0.0237,0.8845,0.0248,0.9076,0.0121,0.0374,0.0020,0.1939,0.0877,0.0593,0.0053,0.4719,0.0102
rk45,4,4,3,0.0121,0.0003,quadratic,quadratic,5000,30000,0.9393,0.0054,0.9439,0.0053,0.9437,0.0057,0.5170,0.0169,0.5673,0.0109,0.5409,0.0134,0.7424,0.0086
rk45,4,4,3,0.0121,0.0003,polar3,polar,5000,30000,0.9783,0.0022,0.9822,0.0019,0.9834,0.0023,0.5312,0.0139,0.6673,0.0171,0.5911,0.0021,0.7866,0.0010
rk45,4,4,3,0.0121,0.0003,knn,knn,10000,60000,0.8913,0.0086,0.8971,0.0086,0.8977,0.0104,0.3328,0.0684,0.4184,0.0064,0.3671,0.0412,0.6321,0.0163
rk45,4,4,3,0.0121,0.0003,altered_knn,altered_knn,10000,40000,0.8891,0.0122,0.8978,0.0133,0.9155,0.0067,0.0478,0.0128,0.1827,0.0817,0.0708,0.0097,0.4843,0.0083
rk45,4,4,3,0.0121,0.0003,quadratic,quadratic,10000,60000,0.9395,0.0054,0.9440,0.0054,0.9437,0.0057,0.5266,0.0170,0.5680,0.0112,0.5465,0.0130,0.7452,0.0083
rk45,4,4,3,0.0121,0.0003,polar3,polar,10000,60000,0.9785,0.0016,0.9824,0.0013,0.9837,0.0018,0.5297,0.0188,0.6646,0.0181,0.5890,0.0045,0.7857,0.0016
rk45,4,4,3,0.0121,0.0003,knn,knn,15000,90000,0.9011,0.0078,0.9070,0.0077,0.9077,0.0096,0.3340,0.0656,0.4239,0.0099,0.3700,0.0394,0.6385,0.0161
rk45,4,4,3,0.0121,0.0003,altered_knn,altered_knn,15000,60000,0.8960,0.0222,0.9052,0.0241,0.9187,0.0077,0.0604,0.0210,0.1508,0.1379,0.0612,0.0059,0.4832,0.0099
rk45,4,4,3,0.0121,0.0003,quadratic,quadratic,15000,90000,0.9396,0.0053,0.9442,0.0052,0.9439,0.0056,0.5230,0.0168,0.5667,0.0118,0.5439,0.0136,0.7440,0.0083
rk45,4,4,3,0.0121,0.0003,polar3,polar,15000,90000,0.9784,0.0014,0.9823,0.0011,0.9836,0.0018,0.5270,0.0262,0.6625,0.0172,0.5862,0.0093,0.7842,0.0041
rk45,4,4,3,0.0121,0.0003,knn,knn,20000,120000,0.9079,0.0073,0.9137,0.0072,0.9142,0.0092,0.3551,0.0732,0.4348,0.0099,0.3865,0.0405,0.6501,0.0167
rk45,4,4,3,0.0121,0.0003,altered_knn,altered_knn,20000,80000,0.8897,0.0214,0.8982,0.0234,0.9190,0.0065,0.0577,0.0260,0.1984,0.1308,0.0662,0.0019,0.4822,0.0115
rk45,4,4,3,0.0121,0.0003,quadratic,quadratic,20000,120000,0.9397,0.0052,0.9442,0.0051,0.9440,0.0055,0.5257,0.0166,0.5673,0.0104,0.5457,0.0129,0.7449,0.0080
rk45,4,4,3,0.0121,0.0003,polar3,polar,20000,120000,0.9786,0.0014,0.9825,0.0011,0.9837,0.0017,0.5310,0.0268,0.6599,0.0178,0.5876,0.0092,0.7850,0.0041
rk45,4,8,3,0.0127,0.0002,knn,knn,2000,24000,0.7923,0.0119,0.7975,0.0119,0.8097,0.0111,0.1156,0.0079,0.3898,0.0105,0.1783,0.0105,0.4879,0.0112
rk45,4,8,3,0.0127,0.0002,altered_knn,altered_knn,2000,16000,0.8500,0.0166,0.8587,0.0177,0.8780,0.0069,0.0425,0.0069,0.1784,0.0663,0.0648,0.0012,0.4618,0.0093
rk45,4,8,3,0.0127,0.0002,quadratic,quadratic,2000,24000,0.9022,0.0124,0.9075,0.0124,0.9114,0.0119,0.2793,0.0238,0.4946,0.0105,0.3566,0.0218,0.6320,0.0169
rk45,4,8,3,0.0127,0.0002,polar3,polar,2000,24000,0.9602,0.0052,0.9651,0.0050,0.9699,0.0048,0.3173,0.0179,0.5771,0.0138,0.4093,0.0185,0.6872,0.0117
rk45,4,8,3,0.0127,0.0002,knn,knn,5000,60000,0.8341,0.0108,0.8396,0.0108,0.8491,0.0100,0.1459,0.0121,0.4101,0.0104,0.2151,0.0146,0.5273,0.0127
rk45,4,8,3,0.0127,0.0002,altered_knn,altered_knn,5000,40000,0.8717,0.0080,0.8811,0.0083,0.8923,0.0050,0.0505,0.0042,0.1502,0.0315,0.0742,0.0016,0.4776,0.0044
rk45,4,8,3,0.0127,0.0002,quadratic,quadratic,5000,60000,0.9028,0.0127,0.9081,0.0127,0.9119,0.0121,0.2817,0.0273,0.4922,0.0090,0.3578,0.0246,0.6329,0.0185
rk45,4,8,3,0.0127,0.0002,polar3,polar,5000,60000,0.9617,0.0047,0.9667,0.0045,0.9711,0.0043,0.3248,0.0158,0.5734,0.0106,0.4146,0.0157,0.6906,0.0101
rk45,4,8,3,0.0127,0.0002,knn,knn,10000,120000,0.8599,0.0096,0.8656,0.0097,0.8737,0.0090,0.1663,0.0095,0.4180,0.0017,0.2378,0.0097,0.5517,0.0097
rk45,4,8,3,0.0127,0.0002,altered_knn,altered_knn,10000,80000,0.8863,0.0090,0.8964,0.0096,0.9012,0.0055,0.0586,0.0067,0.1076,0.0406,0.0709,0.0092,0.4836,0.0026
rk45,4,8,3,0.0127,0.0002,quadratic,quadratic,10000,120000,0.9027,0.0127,0.9080,0.0128,0.9118,0.0121,0.2817,0.0274,0.4920,0.0074,0.3576,0.0242,0.6328,0.0184
rk45,4,8,3,0.0127,0.0002,polar3,polar,10000,120000,0.9621,0.0047,0.9671,0.0047,0.9715,0.0043,0.3283,0.0190,0.5716,0.0084,0.4169,0.0177,0.6920,0.0111
rk45,4,8,3,0.0127,0.0002,knn,knn,15000,180000,0.8740,0.0084,0.8798,0.0084,0.8871,0.0079,0.1814,0.0118,0.4268,0.0051,0.2544,0.0126,0.5671,0.0105
rk45,4,8,3,0.0127,0.0002,altered_knn,altered_knn,15000,120000,0.8844,0.0155,0.8939,0.0169,0.9051,0.0056,0.0575,0.0107,0.1523,0.0953,0.0741,0.0033,0.4840,0.0081
rk45,4,8,3,0.0127,0.0002,quadratic,quadratic,15000,180000,0.9029,0.0128,0.9082,0.0128,0.9120,0.0122,0.2828,0.0265,0.4911,0.0077,0.3583,0.0233,0.6333,0.0180
rk45,4,8,3,0.0127,0.0002,polar3,polar,15000,180000,0.9620,0.0049,0.9670,0.0048,0.9714,0.0046,0.3266,0.0164,0.5721,0.0086,0.4157,0.0156,0.6913,0.0102
rk45,4,8,3,0.0127,0.0002,knn,knn,20000,240000,0.8835,0.0078,0.8893,0.0078,0.8959,0.0074,0.1932,0.0122,0.4300,0.0077,0.2664,0.0129,0.5779,0.0103
rk45,4,8,3,0.0127,0.0002,altered_knn,altered_knn,20000,160000,0.8925,0.0070,0.9022,0.0077,0.9097,0.0045,0.0605,0.0072,0.1379,0.0481,0.0809,0.0057,0.4916,0.0055
rk45,4,8,3,0.0127,0.0002,quadratic,quadratic,20000,240000,0.9056,0.0126,0.9111,0.0126,0.9145,0.0121,0.2931,0.0247,0.4869,0.0081,0.3655,0.0215,0.6383,0.0171
rk45,4,8,3,0.0127,0.0002,polar3,polar,20000,240000,0.9625,0.0048,0.9676,0.0047,0.9718,0.0045,0.3302,0.0187,0.5714,0.0099,0.4184,0.0175,0.6930,0.0111
rk45,4,16,3,0.0140,0.0004,knn,knn,2000,48000,0.7740,0.0051,0.7792,0.0051,0.7956,0.0057,0.1041,0.0032,0.4102,0.0002,0.1661,0.0040,0.4726,0.0014
rk45,4,16,3,0.0140,0.0004,altered_knn,altered_knn,2000,32000,0.8479,0.0004,0.8578,0.0001,0.8669,0.0023,0.0605,0.0011,0.1508,0.0218,0.0859,0.0027,0.4718,0.0013
rk45,4,16,3,0.0140,0.0004,quadratic,quadratic,2000,48000,0.8886,0.0061,0.8946,0.0061,0.9045,0.0065,0.1806,0.0066,0.4648,0.0116,0.2599,0.0051,0.5773,0.0037
rk45,4,16,3,0.0140,0.0004,polar3,polar,2000,48000,0.9465,0.0015,0.9528,0.0015,0.9597,0.0016,0.2517,0.0062,0.5103,0.0060,0.3370,0.0043,0.6449,0.0024
rk45,4,16,3,0.0140,0.0004,knn,knn,5000,120000,0.8184,0.0055,0.8240,0.0055,0.8370,0.0059,0.1324,0.0028,0.4249,0.0067,0.2019,0.0025,0.5130,0.0026
rk45,4,16,3,0.0140,0.0004,altered_knn,altered_knn,5000,80000,0.8702,0.0025,0.8812,0.0023,0.8826,0.0022,0.0775,0.0035,0.0950,0.0204,0.0840,0.0065,0.4826,0.0029
rk45,4,16,3,0.0140,0.0004,quadratic,quadratic,5000,120000,0.8893,0.0070,0.8954,0.0071,0.9052,0.0071,0.1830,0.0091,0.4647,0.0123,0.2623,0.0078,0.5788,0.0059
rk45,4,16,3,0.0140,0.0004,polar3,polar,5000,120000,0.9472,0.0012,0.9534,0.0012,0.9601,0.0012,0.2551,0.0060,0.5107,0.0073,0.3402,0.0040,0.6468,0.0024
rk45,4,16,3,0.0140,0.0004,knn,knn,10000,240000,0.8488,0.0045,0.8547,0.0044,0.8655,0.0047,0.1562,0.0046,0.4317,0.0041,0.2293,0.0045,0.5420,0.0009
rk45,4,16,3,0.0140,0.0004,altered_knn,altered_knn,10000,160000,0.8766,0.0032,0.8869,0.0035,0.8925,0.0023,0.0794,0.0026,0.1486,0.0472,0.1009,0.0079,0.4939,0.0028
rk45,4,16,3,0.0140,0.0004,quadratic,quadratic,10000,240000,0.8936,0.0063,0.8997,0.0063,0.9090,0.0064,0.1890,0.0103,0.4637,0.0108,0.2682,0.0088,0.5840,0.0058
rk45,4,16,3,0.0140,0.0004,polar3,polar,10000,240000,0.9484,0.0011,0.9546,0.0011,0.9612,0.0010,0.2591,0.0065,0.5112,0.0058,0.3438,0.0046,0.6492,0.0027
rk45,4,16,3,0.0140,0.0004,knn,knn,15000,360000,0.8643,0.0046,0.8704,0.0045,0.8800,0.0046,0.1710,0.0039,0.4367,0.0030,0.2458,0.0036,0.5581,0.0019
rk45,4,16,3,0.0140,0.0004,altered_knn,altered_knn,15000,240000,0.8722,0.0078,0.8812,0.0087,0.8969,0.0014,0.0718,0.0091,0.2372,0.0628,0.1072,0.0040,0.4942,0.0063
rk45,4,16,3,0.0140,0.0004,quadratic,quadratic,15000,360000,0.8979,0.0049,0.9040,0.0049,0.9154,0.0051,0.1699,0.0077,0.4702,0.0081,0.2495,0.0072,0.5767,0.0044
rk45,4,16,3,0.0140,0.0004,polar3,polar,15000,360000,0.9498,0.0011,0.9561,0.0013,0.9624,0.0010,0.2650,0.0098,0.5126,0.0042,0.3492,0.0077,0.6526,0.0045
rk45,4,16,3,0.0140,0.0004,knn,knn,20000,480000,0.8745,0.0042,0.8806,0.0042,0.8893,0.0043,0.1848,0.0050,0.4414,0.0041,0.2605,0.0045,0.5705,0.0017
rk45,4,16,3,0.0140,0.0004,altered_knn,altered_knn,20000,320000,0.8863,0.0013,0.8966,0.0023,0.9026,0.0024,0.0878,0.0079,0.1667,0.0529,0.1102,0.0115,0.5034,0.0049
rk45,4,16,3,0.0140,0.0004,quadratic,quadratic,20000,480000,0.8954,0.0044,0.9014,0.0046,0.9167,0.0046,0.1416,0.0046,0.4751,0.0043,0.2181,0.0050,0.5598,0.0035
rk45,4,16,3,0.0140,0.0004,polar3,polar,20000,480000,0.9508,0.0013,0.9570,0.0016,0.9631,0.0011,0.2687,0.0121,0.5115,0.0039,0.3521,0.0096,0.6546,0.0055
rk45,8,2,3,0.0130,0.0002,knn,knn,2000,6000,0.8179,0.0022,0.8278,0.0024,0.8226,0.0025,0.5677,0.0259,0.0592,0.0087,0.1070,0.0148,0.4674,0.0070
rk45,8,2,3,0.0130,0.0002,altered_knn,altered_knn,2000,4000,0.8485,0.0324,0.8561,0.0342,0.9022,0.0135,0.0310,0.0015,0.2699,0.1008,0.0547,0.0017,0.4554,0.0172
rk45,8,2,3,0.0130,0.0002,quadratic,quadratic,2000,6000,0.9846,0.0018,0.9913,0.0018,0.9881,0.0018,0.9239,0.0229,0.4740,0.0032,0.6265,0.0075,0.8089,0.0041
rk45,8,2,3,0.0130,0.0002,polar3,polar,2000,6000,0.9924,0.0010,0.9954,0.0008,0.9944,0.0008,0.8974,0.0250,0.7691,0.0114,0.8282,0.0172,0.9118,0.0090
rk45,8,2,3,0.0130,0.0002,knn,knn,5000,15000,0.8330,0.0026,0.8430,0.0027,0.8378,0.0027,0.7104,0.0530,0.0696,0.0074,0.1266,0.0117,0.4848,0.0063
rk45,8,2,3,0.0130,0.0002,altered_knn,altered_knn,5000,10000,0.7935,0.0747,0.7989,0.0774,0.8736,0.0413,0.0292,0.0054,0.3826,0.1343,0.0531,0.0073,0.4260,0.0422
rk45,8,2,3,0.0130,0.0002,quadratic,quadratic,5000,15000,0.9867,0.0006,0.9936,0.0006,0.9903,0.0006,0.9497,0.0114,0.4675,0.0019,0.6266,0.0042,0.8101,0.0022
rk45,8,2,3,0.0130,0.0002,polar3,polar,5000,15000,0.9932,0.0007,0.9962,0.0005,0.9950,0.0005,0.9262,0.0214,0.7634,0.0116,0.8369,0.0157,0.9166,0.0081
rk45,8,2,3,0.0130,0.0002,knn,knn,10000,30000,0.8445,0.0035,0.8547,0.0037,0.8494,0.0037,0.6924,0.0537,0.0712,0.0079,0.1290,0.0136,0.4918,0.0062
rk45,8,2,3,0.0130,0.0002,altered_knn,altered_knn,10000,20000,0.9017,0.0114,0.9122,0.0122,0.9267,0.0034,0.0261,0.0081,0.1004,0.0580,0.0401,0.0168,0.4762,0.0031
rk45,8,2,3,0.0130,0.0002,quadratic,quadratic,10000,30000,0.9872,0.0007,0.9941,0.0007,0.9907,0.0007,0.9568,0.0116,0.4619,0.0036,0.6230,0.0032,0.8086,0.0019
rk45,8,2,3,0.0130,0.0002,polar3,polar,10000,30000,0.9934,0.0005,0.9964,0.0003,0.9952,0.0003,0.9370,0.0089,0.7652,0.0147,0.8424,0.0123,0.9194,0.0063
rk45,8,2,3,0.0130,0.0002,knn,knn,15000,45000,0.8505,0.0035,0.8606,0.0036,0.8553,0.0036,0.8070,0.0180,0.0815,0.0043,0.1480,0.0070,0.5043,0.0040
rk45,8,2,3,0.0130,0.0002,altered_knn,altered_knn,15000,30000,0.8993,0.0031,0.9095,0.0032,0.9272,0.0019,0.0303,0.0018,0.1187,0.0118,0.0482,0.0031,0.4789,0.0021
rk45,8,2,3,0.0130,0.0002,quadratic,quadratic,15000,45000,0.9877,0.0008,0.9946,0.0008,0.9912,0.0008,0.9556,0.0115,0.4655,0.0054,0.6260,0.0046,0.8103,0.0027
rk45,8,2,3,0.0130,0.0002,polar3,polar,15000,45000,0.9934,0.0004,0.9963,0.0002,0.9952,0.0003,0.9364,0.0063,0.7685,0.0124,0.8441,0.0100,0.9202,0.0051
rk45,8,2,3,0.0130,0.0002,knn,knn,20000,60000,0.8545,0.0029,0.8645,0.0031,0.8593,0.0031,0.7956,0.0331,0.0903,0.0047,0.1622,0.0082,0.5133,0.0035
rk45,8,2,3,0.0130,0.0002,altered_knn,altered_knn,20000,40000,0.9030,0.0059,0.9132,0.0063,0.9302,0.0028,0.0330,0.0048,0.1275,0.0366,0.0523,0.0093,0.4827,0.0024
rk45,8,2,3,0.0130,0.0002,quadratic,quadratic,20000,60000,0.9875,0.0009,0.9944,0.0009,0.9910,0.0009,0.9560,0.0106,0.4643,0.0063,0.6250,0.0058,0.8097,0.0033
rk45,8,2,3,0.0130,0.0002,polar3,polar,20000,60000,0.9934,0.0004,0.9964,0.0002,0.9952,0.0003,0.9360,0.0043,0.7669,0.0094,0.8430,0.0072,0.9197,0.0037
rk45,8,4,3,0.0129,0.0002,knn,knn,2000,12000,0.6929,0.0093,0.7002,0.0093,0.6986,0.0097,0.2261,0.0646,0.1329,0.0015,0.1637,0.0206,0.4320,0.0065
rk45,8,4,3,0.0129,0.0002,altered_knn,altered_knn,2000,8000,0.8259,0.0212,0.8345,0.0226,0.8563,0.0062,0.0378,0.0079,0.1672,0.0850,0.0552,0.0013,0.4449,0.0110
rk45,8,4,3,0.0129,0.0002,quadratic,quadratic,2000,12000,0.9511,0.0077,0.9567,0.0077,0.9543,0.0078,0.7928,0.0063,0.5257,0.0101,0.6321,0.0053,0.7944,0.0060
rk45,8,4,3,0.0129,0.0002,polar3,polar,2000,12000,0.9756,0.0038,0.9799,0.0037,0.9794,0.0042,0.6738,0.0333,0.6448,0.0049,0.6585,0.0140,0.8192,0.0059
rk45,8,4,3,0.0129,0.0002,knn,knn,5000,30000,0.7149,0.0081,0.7224,0.0082,0.7205,0.0079,0.2654,0.0436,0.1375,0.0033,0.1804,0.0128,0.4514,0.0046
rk45,8,4,3,0.0129,0.0002,altered_knn,altered_knn,5000,20000,0.8116,0.0388,0.8190,0.0411,0.8579,0.0136,0.0332,0.0048,0.2473,0.1304,0.0554,0.0024,0.4372,0.0217
rk45,8,4,3,0.0129,0.0002,quadratic,quadratic,5000,30000,0.9527,0.0075,0.9582,0.0074,0.9558,0.0075,0.8134,0.0053,0.5284,0.0123,0.6405,0.0080,0.7994,0.0075
rk45,8,4,3,0.0129,0.0002,polar3,polar,5000,30000,0.9800,0.0030,0.9843,0.0030,0.9831,0.0032,0.7670,0.0138,0.6501,0.0048,0.7036,0.0054,0.8440,0.0029
rk45,8,4,3,0.0129,0.0002,knn,knn,10000,60000,0.7328,0.0090,0.7404,0.0091,0.7377,0.0087,0.3403,0.0372,0.1477,0.0035,0.2054,0.0068,0.4729,0.0063
rk45,8,4,3,0.0129,0.0002,altered_knn,altered_knn,10000,40000,0.8442,0.0293,0.8533,0.0317,0.8705,0.0045,0.0440,0.0093,0.1445,0.1548,0.0464,0.0112,0.4498,0.0108
rk45,8,4,3,0.0129,0.0002,quadratic,quadratic,10000,60000,0.9531,0.0080,0.9587,0.0079,0.9562,0.0080,0.8172,0.0050,0.5249,0.0135,0.6391,0.0084,0.7989,0.0075
rk45,8,4,3,0.0129,0.0002,polar3,polar,10000,60000,0.9817,0.0025,0.9860,0.0025,0.9846,0.0027,0.7984,0.0143,0.6520,0.0036,0.7177,0.0041,0.8519,0.0022
rk45,8,4,3,0.0129,0.0002,knn,knn,15000,90000,0.7402,0.0079,0.7478,0.0079,0.7450,0.0076,0.3955,0.0413,0.1563,0.0055,0.2238,0.0120,0.4858,0.0072
rk45,8,4,3,0.0129,0.0002,altered_knn,altered_knn,15000,60000,0.8041,0.0785,0.8109,0.0824,0.8564,0.0346,0.0356,0.0062,0.2823,0.2252,0.0558,0.0059,0.4333,0.0425
rk45,8,4,3,0.0129,0.0002,quadratic,quadratic,15000,90000,0.9535,0.0079,0.9591,0.0078,0.9565,0.0079,0.8230,0.0036,0.5236,0.0106,0.6399,0.0070,0.7995,0.0067
rk45,8,4,3,0.0129,0.0002,polar3,polar,15000,90000,0.9824,0.0020,0.9867,0.0020,0.9853,0.0021,0.8068,0.0139,0.6522,0.0032,0.7212,0.0047,0.8540,0.0025
rk45,8,4,3,0.0129,0.0002,knn,knn,20000,120000,0.7468,0.0080,0.7545,0.0080,0.7517,0.0077,0.4016,0.0128,0.1605,0.0033,0.2292,0.0019,0.4919,0.0049
rk45,8,4,3,0.0129,0.0002,altered_knn,altered_knn,20000,80000,0.8635,0.0115,0.8735,0.0123,0.8823,0.0039,0.0439,0.0085,0.1031,0.0547,0.0528,0.0092,0.4631,0.0016
rk45,8,4,3,0.0129,0.0002,quadratic,quadratic,20000,120000,0.9535,0.0079,0.9591,0.0078,0.9566,0.0079,0.8243,0.0044,0.5224,0.0091,0.6395,0.0067,0.7993,0.0067
rk45,8,4,3,0.0129,0.0002,polar3,polar,20000,120000,0.9826,0.0017,0.9869,0.0016,0.9855,0.0018,0.8123,0.0134,0.6519,0.0041,0.7232,0.0034,0.8551,0.0017
rk45,8,8,3,0.0137,0.0002,knn,knn,2000,24000,0.6012,0.0050,0.6068,0.0050,0.6109,0.0036,0.1034,0.0143,0.1985,0.0036,0.1352,0.0117,0.3710,0.0083
rk45,8,8,3,0.0137,0.0002,altered_knn,altered_knn,2000,16000,0.7884,0.0132,0.7969,0.0146,0.8158,0.0019,0.0444,0.0049,0.1841,0.0877,0.0663,0.0053,0.4316,0.0056
rk45,8,8,3,0.0137,0.0002,quadratic,quadratic,2000,24000,0.9261,0.0060,0.9319,0.0059,0.9309,0.0061,0.5763,0.0049,0.5103,0.0057,0.5412,0.0012,0.7366,0.0034
rk45,8,8,3,0.0137,0.0002,polar3,polar,2000,24000,0.9630,0.0014,0.9686,0.0013,0.9682,0.0012,0.5818,0.0251,0.5616,0.0039,0.5714,0.0140,0.7700,0.0075
rk45,8,8,3,0.0137,0.0002,knn,knn,5000,60000,0.6297,0.0037,0.6355,0.0037,0.6383,0.0033,0.1267,0.0034,0.2133,0.0039,0.1589,0.0034,0.3972,0.0030
rk45,8,8,3,0.0137,0.0002,altered_knn,altered_knn,5000,40000,0.7843,0.0109,0.7913,0.0120,0.8239,0.0022,0.0424,0.0025,0.2821,0.0571,0.0731,0.0020,0.4322,0.0070
rk45,8,8,3,0.0137,0.0002,quadratic,quadratic,5000,60000,0.9291,0.0056,0.9349,0.0056,0.9338,0.0058,0.5844,0.0073,0.5129,0.0038,0.5462,0.0021,0.7406,0.0023
rk45,8,8,3,0.0137,0.0002,polar3,polar,5000,60000,0.9686,0.0015,0.9744,0.0015,0.9733,0.0015,0.6475,0.0148,0.5566,0.0049,0.5985,0.0083,0.7865,0.0045
rk45,8,8,3,0.0137,0.0002,knn,knn,10000,120000,0.6520,0.0016,0.6580,0.0016,0.6600,0.0014,0.1480,0.0042,0.2208,0.0021,0.1772,0.0037,0.4176,0.0011
rk45,8,8,3,0.0137,0.0002,altered_knn,altered_knn,10000,80000,0.8023,0.0264,0.8106,0.0285,0.8332,0.0068,0.0479,0.0072,0.2104,0.1279,0.0714,0.0041,0.4410,0.0150
rk45,8,8,3,0.0137,0.0002,quadratic,quadratic,10000,120000,0.9293,0.0059,0.9351,0.0059,0.9339,0.0061,0.5888,0.0073,0.5114,0.0045,0.5473,0.0011,0.7412,0.0025
rk45,8,8,3,0.0137,0.0002,polar3,polar,10000,120000,0.9706,0.0013,0.9763,0.0012,0.9751,0.0013,0.6669,0.0090,0.5582,0.0030,0.6077,0.0047,0.7920,0.0027
rk45,8,8,3,0.0137,0.0002,knn,knn,15000,180000,0.6647,0.0030,0.6708,0.0030,0.6723,0.0029,0.1660,0.0056,0.2260,0.0048,0.1913,0.0042,0.4311,0.0006
rk45,8,8,3,0.0137,0.0002,altered_knn,altered_knn,15000,120000,0.8089,0.0211,0.8172,0.0226,0.8398,0.0062,0.0480,0.0065,0.2185,0.0939,0.0754,0.0037,0.4463,0.0131
rk45,8,8,3,0.0137,0.0002,quadratic,quadratic,15000,180000,0.9297,0.0060,0.9355,0.0059,0.9343,0.0061,0.5936,0.0086,0.5117,0.0040,0.5495,0.0028,0.7425,0.0021
rk45,8,8,3,0.0137,0.0002,polar3,polar,15000,180000,0.9713,0.0013,0.9771,0.0012,0.9758,0.0013,0.6758,0.0076,0.5569,0.0027,0.6106,0.0035,0.7938,0.0018
rk45,8,8,3,0.0137,0.0002,knn,knn,20000,240000,0.6734,0.0033,0.6796,0.0032,0.6809,0.0031,0.1746,0.0037,0.2268,0.0032,0.1972,0.0017,0.4384,0.0008
rk45,8,8,3,0.0137,0.0002,altered_knn,altered_knn,20000,160000,0.8276,0.0025,0.8373,0.0025,0.8467,0.0020,0.0518,0.0012,0.1368,0.0108,0.0750,0.0014,0.4561,0.0016
rk45,8,8,3,0.0137,0.0002,quadratic,quadratic,20000,240000,0.9321,0.0061,0.9381,0.0061,0.9366,0.0063,0.6251,0.0092,0.5039,0.0045,0.5579,0.0021,0.7480,0.0022
rk45,8,8,3,0.0137,0.0002,polar3,polar,20000,240000,0.9719,0.0013,0.9777,0.0012,0.9763,0.0013,0.6816,0.0047,0.5593,0.0053,0.6144,0.0038,0.7960,0.0022
rk45,8,16,3,0.0151,0.0006,knn,knn,2000,48000,0.5234,0.0028,0.5274,0.0028,0.5394,0.0024,0.0662,0.0004,0.2654,0.0035,0.1060,0.0003,0.3167,0.0015
rk45,8,16,3,0.0151,0.0006,altered_knn,altered_knn,2000,32000,0.7635,0.0035,0.7745,0.0036,0.7727,0.0011,0.0543,0.0020,0.0423,0.0366,0.0401,0.0217,0.4073,0.0091
rk45,8,16,3,0.0151,0.0006,quadratic,quadratic,2000,48000,0.8965,0.0013,0.9029,0.0014,0.9035,0.0012,0.4137,0.0111,0.4788,0.0079,0.4437,0.0062,0.6733,0.0029
rk45,8,16,3,0.0151,0.0006,polar3,polar,2000,48000,0.9415,0.0028,0.9485,0.0025,0.9485,0.0025,0.4643,0.0062,0.4834,0.0099,0.4736,0.0072,0.7111,0.0044
rk45,8,16,3,0.0151,0.0006,knn,knn,5000,120000,0.5569,0.0017,0.5612,0.0016,0.5718,0.0020,0.0785,0.0026,0.2713,0.0030,0.1217,0.0030,0.3415,0.0007
rk45,8,16,3,0.0151,0.0006,altered_knn,altered_knn,5000,80000,0.7516,0.0115,0.7590,0.0129,0.7873,0.0005,0.0470,0.0021,0.2668,0.0870,0.0782,0.0034,0.4186,0.0054
rk45,8,16,3,0.0151,0.0006,quadratic,quadratic,5000,120000,0.8984,0.0013,0.9048,0.0014,0.9053,0.0012,0.4188,0.0140,0.4815,0.0066,0.4478,0.0082,0.6763,0.0040
rk45,8,16,3,0.0151,0.0006,polar3,polar,5000,120000,0.9477,0.0022,0.9549,0.0018,0.9545,0.0020,0.4905,0.0053,0.4833,0.0107,0.4869,0.0075,0.7209,0.0041
rk45,8,16,3,0.0151,0.0006,knn,knn,10000,240000,0.5853,0.0016,0.5900,0.0014,0.5993,0.0017,0.0909,0.0030,0.2789,0.0046,0.1371,0.0028,0.3635,0.0010
rk45,8,16,3,0.0151,0.0006,altered_knn,altered_knn,10000,160000,0.7801,0.0028,0.7898,0.0029,0.8006,0.0011,0.0530,0.0020,0.1494,0.0202,0.0779,0.0038,0.4338,0.0017
rk45,8,16,3,0.0151,0.0006,quadratic,quadratic,10000,240000,0.9022,0.0017,0.9087,0.0017,0.9086,0.0016,0.4478,0.0128,0.4728,0.0053,0.4599,0.0068,0.6843,0.0030
rk45,8,16,3,0.0151,0.0006,polar3,polar,10000,240000,0.9509,0.0020,0.9580,0.0017,0.9575,0.0019,0.5060,0.0070,0.4826,0.0121,0.4940,0.0086,0.7260,0.0046
rk45,8,16,3,0.0151,0.0006,knn,knn,15000,360000,0.6006,0.0008,0.6055,0.0008,0.6143,0.0009,0.0986,0.0053,0.2864,0.0024,0.1466,0.0055,0.3760,0.0027
rk45,8,16,3,0.0151,0.0006,altered_knn,altered_knn,15000,240000,0.7951,0.0006,0.8062,0.0011,0.8065,0.0014,0.0608,0.0030,0.0681,0.0147,0.0635,0.0065,0.4348,0.0033
rk45,8,16,3,0.0151,0.0006,quadratic,quadratic,15000,360000,0.9095,0.0024,0.9165,0.0023,0.9155,0.0024,0.5081,0.0121,0.4568,0.0073,0.4810,0.0045,0.6987,0.0011
rk45,8,16,3,0.0151,0.0006,polar3,polar,15000,360000,0.9528,0.0020,0.9600,0.0017,0.9593,0.0019,0.5218,0.0073,0.4843,0.0123,0.5022,0.0077,0.7311,0.0041
rk45,8,16,3,0.0151,0.0006,knn,knn,20000,480000,0.6107,0.0014,0.6156,0.0013,0.6239,0.0013,0.1052,0.0054,0.2887,0.0015,0.1542,0.0056,0.3849,0.0026
rk45,8,16,3,0.0151,0.0006,altered_knn,altered_knn,20000,320000,0.7727,0.0149,0.7805,0.0170,0.8092,0.0022,0.0487,0.0060,0.2666,0.0996,0.0786,0.0003,0.4296,0.0086
rk45,8,16,3,0.0151,0.0006,quadratic,quadratic,20000,480000,0.9129,0.0026,0.9200,0.0025,0.9186,0.0026,0.5334,0.0117,0.4490,0.0073,0.4874,0.0046,0.7037,0.0011
rk45,8,16,3,0.0151,0.0006,polar3,polar,20000,480000,0.9538,0.0021,0.9610,0.0017,0.9602,0.0020,0.5297,0.0067,0.4841,0.0118,0.5058,0.0071,0.7334,0.0039
rk45,16,2,3,0.0138,0.0004,knn,knn,2000,6000,0.7867,0.0007,0.7976,0.0010,0.7919,0.0007,0.3394,0.0686,0.0137,0.0040,0.0263,0.0076,0.4119,0.0040
rk45,16,2,3,0.0138,0.0004,altered_knn,altered_knn,2000,4000,0.7433,0.0917,0.7477,0.0952,0.8369,0.0545,0.0271,0.0029,0.4291,0.1688,0.0501,0.0039,0.3989,0.0495
rk45,16,2,3,0.0138,0.0004,quadratic,quadratic,2000,6000,0.9757,0.0003,0.9841,0.0003,0.9801,0.0002,0.8967,0.0129,0.3794,0.0147,0.5332,0.0168,0.7586,0.0083
rk45,16,2,3,0.0138,0.0004,polar3,polar,2000,6000,0.9773,0.0009,0.9819,0.0012,0.9801,0.0008,0.8689,0.0435,0.6468,0.0096,0.7409,0.0117,0.8614,0.0064
rk45,16,2,3,0.0138,0.0004,knn,knn,5000,15000,0.7903,0.0028,0.8012,0.0032,0.7956,0.0030,0.3951,0.0671,0.0112,0.0032,0.0217,0.0061,0.4114,0.0021
rk45,16,2,3,0.0138,0.0004,altered_knn,altered_knn,5000,10000,0.8588,0.0058,0.8682,0.0064,0.9007,0.0019,0.0301,0.0015,0.1846,0.0241,0.0516,0.0016,0.4599,0.0034
rk45,16,2,3,0.0138,0.0004,quadratic,quadratic,5000,15000,0.9809,0.0004,0.9894,0.0009,0.9852,0.0007,0.9460,0.0119,0.3810,0.0181,0.5431,0.0203,0.7662,0.0097
rk45,16,2,3,0.0138,0.0004,polar3,polar,5000,15000,0.9887,0.0010,0.9922,0.0013,0.9918,0.0005,0.7897,0.0930,0.7342,0.0149,0.7577,0.0359,0.8750,0.0186
rk45,16,2,3,0.0138,0.0004,knn,knn,10000,30000,0.7952,0.0018,0.8062,0.0022,0.8002,0.0022,0.4470,0.0753,0.0109,0.0013,0.0212,0.0026,0.4137,0.0011
rk45,16,2,3,0.0138,0.0004,altered_knn,altered_knn,10000,20000,0.8284,0.0469,0.8362,0.0493,0.8872,0.0211,0.0306,0.0034,0.2748,0.1193,0.0539,0.0047,0.4451,0.0258
rk45,16,2,3,0.0138,0.0004,quadratic,quadratic,10000,30000,0.9824,0.0002,0.9909,0.0005,0.9867,0.0004,0.9573,0.0065,0.3730,0.0086,0.5368,0.0100,0.7639,0.0048
rk45,16,2,3,0.0138,0.0004,polar3,polar,10000,30000,0.9909,0.0006,0.9942,0.0009,0.9936,0.0003,0.8304,0.0649,0.7528,0.0155,0.7880,0.0217,0.8911,0.0113
rk45,16,2,3,0.0138,0.0004,knn,knn,15000,45000,0.7984,0.0032,0.8094,0.0034,0.8032,0.0036,0.4899,0.0564,0.0121,0.0016,0.0236,0.0031,0.4165,0.0004
rk45,16,2,3,0.0138,0.0004,altered_knn,altered_knn,15000,30000,0.7961,0.0425,0.8021,0.0444,0.8724,0.0199,0.0298,0.0022,0.3663,0.1043,0.0545,0.0024,0.4283,0.0229
rk45,16,2,3,0.0138,0.0004,quadratic,quadratic,15000,45000,0.9838,0.0002,0.9923,0.0006,0.9881,0.0004,0.9636,0.0114,0.3732,0.0081,0.5380,0.0099,0.7652,0.0047
rk45,16,2,3,0.0138,0.0004,polar3,polar,15000,45000,0.9913,0.0009,0.9946,0.0012,0.9940,0.0007,0.8316,0.0636,0.7603,0.0167,0.7926,0.0193,0.8936,0.0102
rk45,16,2,3,0.0138,0.0004,knn,knn,20000,60000,0.7973,0.0024,0.8083,0.0027,0.8022,0.0027,0.4758,0.0810,0.0114,0.0017,0.0222,0.0033,0.4153,0.0009
rk45,16,2,3,0.0138,0.0004,altered_knn,altered_knn,20000,40000,0.8340,0.0447,0.8424,0.0472,0.8888,0.0193,0.0290,0.0038,0.2413,0.1205,0.0504,0.0056,0.4464,0.0240
rk45,16,2,3,0.0138,0.0004,quadratic,quadratic,20000,60000,0.9846,0.0004,0.9932,0.0007,0.9889,0.0006,0.9718,0.0127,0.3751,0.0059,0.5412,0.0072,0.7672,0.0033
rk45,16,2,3,0.0138,0.0004,polar3,polar,20000,60000,0.9921,0.0002,0.9952,0.0005,0.9944,0.0002,0.8647,0.0302,0.7662,0.0134,0.8120,0.0088,0.9036,0.0046
rk45,16,4,3,0.0130,0.0003,knn,knn,2000,12000,0.6195,0.0011,0.6273,0.0010,0.6236,0.0010,0.1687,0.0243,0.0321,0.0030,0.0537,0.0040,0.3405,0.0025
rk45,16,4,3,0.0130,0.0003,altered_knn,altered_knn,2000,8000,0.8140,0.0235,0.8227,0.0252,0.8390,0.0075,0.0448,0.0088,0.1548,0.0983,0.0624,0.0044,0.4425,0.0135
rk45,16,4,3,0.0130,0.0003,quadratic,quadratic,2000,12000,0.9539,0.0024,0.9604,0.0025,0.9576,0.0025,0.8227,0.0057,0.4564,0.0088,0.5871,0.0072,0.7737,0.0023
rk45,16,4,3,0.0130,0.0003,polar3,polar,2000,12000,0.9535,0.0011,0.9578,0.0011,0.9596,0.0013,0.4747,0.0154,0.6238,0.0079,0.5391,0.0127,0.7484,0.0060
rk45,16,4,3,0.0130,0.0003,knn,knn,5000,30000,0.6302,0.0023,0.6380,0.0023,0.6341,0.0023,0.2142,0.0178,0.0340,0.0067,0.0586,0.0104,0.3483,0.0061
rk45,16,4,3,0.0130,0.0003,altered_knn,altered_knn,5000,20000,0.8334,0.0018,0.8433,0.0020,0.8482,0.0021,0.0450,0.0040,0.0830,0.0232,0.0567,0.0029,0.4500,0.0005
rk45,16,4,3,0.0130,0.0003,quadratic,quadratic,5000,30000,0.9620,0.0028,0.9687,0.0028,0.9656,0.0029,0.8689,0.0065,0.4540,0.0050,0.5963,0.0058,0.7825,0.0017
rk45,16,4,3,0.0130,0.0003,polar3,polar,5000,30000,0.9743,0.0020,0.9785,0.0022,0.9797,0.0017,0.5471,0.0349,0.6523,0.0142,0.5940,0.0164,0.7863,0.0093
rk45,16,4,3,0.0130,0.0003,knn,knn,10000,60000,0.6415,0.0010,0.6496,0.0012,0.6455,0.0010,0.2221,0.0080,0.0284,0.0030,0.0503,0.0047,0.3499,0.0017
rk45,16,4,3,0.0130,0.0003,altered_knn,altered_knn,10000,40000,0.8140,0.0311,0.8227,0.0331,0.8436,0.0077,0.0394,0.0086,0.1520,0.1175,0.0533,0.0019,0.4380,0.0175
rk45,16,4,3,0.0130,0.0003,quadratic,quadratic,10000,60000,0.9646,0.0031,0.9714,0.0032,0.9682,0.0033,0.8820,0.0046,0.4472,0.0083,0.5935,0.0082,0.7825,0.0030
rk45,16,4,3,0.0130,0.0003,polar3,polar,10000,60000,0.9784,0.0018,0.9827,0.0019,0.9838,0.0015,0.5520,0.0280,0.6554,0.0151,0.5985,0.0117,0.7906,0.0068
rk45,16,4,3,0.0130,0.0003,knn,knn,15000,90000,0.6473,0.0008,0.6554,0.0009,0.6512,0.0006,0.2546,0.0121,0.0326,0.0018,0.0578,0.0026,0.3566,0.0011
rk45,16,4,3,0.0130,0.0003,altered_knn,altered_knn,15000,60000,0.8178,0.0196,0.8266,0.0210,0.8461,0.0051,0.0360,0.0054,0.1496,0.0772,0.0542,0.0011,0.4404,0.0110
rk45,16,4,3,0.0130,0.0003,quadratic,quadratic,15000,90000,0.9655,0.0031,0.9723,0.0031,0.9691,0.0032,0.8876,0.0040,0.4488,0.0076,0.5961,0.0076,0.7842,0.0032
rk45,16,4,3,0.0130,0.0003,polar3,polar,15000,90000,0.9791,0.0019,0.9834,0.0020,0.9844,0.0017,0.5590,0.0217,0.6568,0.0145,0.6034,0.0078,0.7934,0.0049
rk45,16,4,3,0.0130,0.0003,knn,knn,20000,120000,0.6502,0.0026,0.6583,0.0028,0.6544,0.0025,0.2681,0.0164,0.0302,0.0031,0.0542,0.0052,0.3563,0.0018
rk45,16,4,3,0.0130,0.0003,altered_knn,altered_knn,20000,80000,0.8246,0.0166,0.8338,0.0177,0.8470,0.0030,0.0400,0.0044,0.1216,0.0840,0.0532,0.0056,0.4435,0.0065
rk45,16,4,3,0.0130,0.0003,quadratic,quadratic,20000,120000,0.9653,0.0031,0.9721,0.0033,0.9688,0.0033,0.8948,0.0058,0.4481,0.0134,0.5971,0.0124,0.7846,0.0046
rk45,16,4,3,0.0130,0.0003,polar3,polar,20000,120000,0.9798,0.0023,0.9841,0.0024,0.9848,0.0016,0.5909,0.0589,0.6544,0.0178,0.6189,0.0286,0.8015,0.0155
rk45,16,8,3,0.0139,0.0002,knn,knn,2000,24000,0.4931,0.0028,0.4990,0.0029,0.4971,0.0026,0.1025,0.0134,0.0771,0.0039,0.0873,0.0028,0.2931,0.0026
rk45,16,8,3,0.0139,0.0002,altered_knn,altered_knn,2000,16000,0.7588,0.0113,0.7665,0.0128,0.7865,0.0008,0.0454,0.0029,0.2063,0.0940,0.0716,0.0026,0.4191,0.0055
rk45,16,8,3,0.0139,0.0002,quadratic,quadratic,2000,24000,0.9236,0.0037,0.9300,0.0039,0.9277,0.0038,0.6920,0.0132,0.4723,0.0060,0.5613,0.0022,0.7456,0.0028
rk45,16,8,3,0.0139,0.0002,polar3,polar,2000,24000,0.9440,0.0025,0.9495,0.0025,0.9477,0.0024,0.7009,0.0132,0.5524,0.0106,0.6178,0.0096,0.7836,0.0056
rk45,16,8,3,0.0139,0.0002,knn,knn,5000,60000,0.5091,0.0033,0.5152,0.0035,0.5131,0.0032,0.1142,0.0087,0.0750,0.0005,0.0904,0.0025,0.3028,0.0030
rk45,16,8,3,0.0139,0.0002,altered_knn,altered_knn,5000,40000,0.7597,0.0176,0.7676,0.0194,0.7899,0.0025,0.0447,0.0094,0.2007,0.1059,0.0636,0.0052,0.4156,0.0087
rk45,16,8,3,0.0139,0.0002,quadratic,quadratic,5000,60000,0.9326,0.0035,0.9389,0.0037,0.9365,0.0036,0.7206,0.0145,0.4795,0.0061,0.5757,0.0024,0.7573,0.0027
rk45,16,8,3,0.0139,0.0002,polar3,polar,5000,60000,0.9615,0.0021,0.9673,0.0020,0.9652,0.0020,0.7599,0.0045,0.5525,0.0102,0.6398,0.0085,0.8035,0.0046
rk45,16,8,3,0.0139,0.0002,knn,knn,10000,120000,0.5218,0.0038,0.5282,0.0039,0.5260,0.0036,0.1244,0.0059,0.0704,0.0024,0.0899,0.0027,0.3090,0.0028
rk45,16,8,3,0.0139,0.0002,altered_knn,altered_knn,10000,80000,0.7682,0.0119,0.7769,0.0130,0.7924,0.0031,0.0407,0.0047,0.1514,0.0622,0.0614,0.0022,0.4191,0.0060
rk45,16,8,3,0.0139,0.0002,quadratic,quadratic,10000,120000,0.9350,0.0035,0.9414,0.0037,0.9389,0.0035,0.7355,0.0143,0.4804,0.0090,0.5810,0.0048,0.7612,0.0033
rk45,16,8,3,0.0139,0.0002,polar3,polar,10000,120000,0.9670,0.0015,0.9729,0.0015,0.9707,0.0015,0.7839,0.0062,0.5527,0.0100,0.6483,0.0090,0.8106,0.0045
rk45,16,8,3,0.0139,0.0002,knn,knn,15000,180000,0.5292,0.0031,0.5357,0.0033,0.5334,0.0029,0.1329,0.0063,0.0694,0.0042,0.0910,0.0032,0.3134,0.0022
rk45,16,8,3,0.0139,0.0002,altered_knn,altered_knn,15000,120000,0.7737,0.0111,0.7828,0.0123,0.7929,0.0024,0.0455,0.0065,0.1202,0.0795,0.0569,0.0106,0.4199,0.0023
rk45,16,8,3,0.0139,0.0002,quadratic,quadratic,15000,180000,0.9359,0.0037,0.9424,0.0038,0.9398,0.0037,0.7429,0.0181,0.4794,0.0066,0.5826,0.0046,0.7625,0.0040
rk45,16,8,3,0.0139,0.0002,polar3,polar,15000,180000,0.9685,0.0019,0.9743,0.0019,0.9722,0.0019,0.7918,0.0043,0.5536,0.0102,0.6516,0.0085,0.8130,0.0043
rk45,16,8,3,0.0139,0.0002,knn,knn,20000,240000,0.5344,0.0034,0.5409,0.0035,0.5384,0.0031,0.1512,0.0157,0.0716,0.0007,0.0969,0.0026,0.3189,0.0026
rk45,16,8,3,0.0139,0.0002,altered_knn,altered_knn,20000,160000,0.7665,0.0126,0.7747,0.0141,0.7933,0.0011,0.0452,0.0066,0.1806,0.1022,0.0611,0.0124,0.4179,0.0013
rk45,16,8,3,0.0139,0.0002,quadratic,quadratic,20000,240000,0.9390,0.0035,0.9456,0.0037,0.9428,0.0036,0.7798,0.0137,0.4684,0.0085,0.5851,0.0052,0.7654,0.0037
rk45,16,8,3,0.0139,0.0002,polar3,polar,20000,240000,0.9708,0.0016,0.9767,0.0015,0.9742,0.0016,0.8470,0.0035,0.5570,0.0111,0.6720,0.0074,0.8243,0.0040
rk45,16,16,3,0.0147,0.0001,knn,knn,2000,48000,0.3955,0.0021,0.3995,0.0021,0.4004,0.0015,0.0670,0.0048,0.1253,0.0029,0.0872,0.0038,0.2434,0.0029
rk45,16,16,3,0.0147,0.0001,altered_knn,altered_knn,2000,32000,0.7241,0.0046,0.7320,0.0056,0.7461,0.0028,0.0554,0.0052,0.1931,0.0597,0.0838,0.0025,0.4079,0.0033
rk45,16,16,3,0.0147,0.0001,quadratic,quadratic,2000,48000,0.9065,0.0045,0.9130,0.0045,0.9119,0.0046,0.5425,0.0003,0.4696,0.0023,0.5034,0.0014,0.7082,0.0029
rk45,16,16,3,0.0147,0.0001,polar3,polar,2000,48000,0.9334,0.0021,0.9399,0.0021,0.9375,0.0021,0.7309,0.0111,0.4900,0.0033,0.5867,0.0045,0.7633,0.0032
rk45,16,16,3,0.0147,0.0001,knn,knn,5000,120000,0.4173,0.0036,0.4217,0.0037,0.4223,0.0034,0.0775,0.0054,0.1236,0.0026,0.0951,0.0037,0.2584,0.0032
rk45,16,16,3,0.0147,0.0001,altered_knn,altered_knn,5000,80000,0.7344,0.0028,0.7437,0.0036,0.7495,0.0040,0.0512,0.0025,0.1091,0.0600,0.0642,0.0167,0.4039,0.0066
rk45,16,16,3,0.0147,0.0001,quadratic,quadratic,5000,120000,0.9146,0.0048,0.9212,0.0048,0.9198,0.0049,0.5646,0.0018,0.4758,0.0025,0.5164,0.0021,0.7188,0.0032
rk45,16,16,3,0.0147,0.0001,polar3,polar,5000,120000,0.9476,0.0014,0.9545,0.0013,0.9517,0.0014,0.7826,0.0143,0.4840,0.0056,0.5981,0.0055,0.7763,0.0034
rk45,16,16,3,0.0147,0.0001,knn,knn,10000,240000,0.4339,0.0030,0.4386,0.0030,0.4388,0.0027,0.0865,0.0043,0.1184,0.0007,0.0999,0.0028,0.2693,0.0024
rk45,16,16,3,0.0147,0.0001,altered_knn,altered_knn,10000,160000,0.6978,0.0317,0.7032,0.0350,0.7452,0.0065,0.0424,0.0054,0.3400,0.1921,0.0669,0.0063,0.3850,0.0143
rk45,16,16,3,0.0147,0.0001,quadratic,quadratic,10000,240000,0.9210,0.0050,0.9277,0.0050,0.9258,0.0051,0.6220,0.0009,0.4663,0.0031,0.5330,0.0018,0.7303,0.0034
rk45,16,16,3,0.0147,0.0001,polar3,polar,10000,240000,0.9536,0.0009,0.9605,0.0008,0.9576,0.0009,0.8143,0.0097,0.4866,0.0054,0.6091,0.0049,0.7848,0.0028
rk45,16,16,3,0.0147,0.0001,knn,knn,15000,360000,0.4425,0.0033,0.4473,0.0033,0.4476,0.0031,0.0895,0.0031,0.1169,0.0024,0.1013,0.0013,0.2743,0.0022
rk45,16,16,3,0.0147,0.0001,altered_knn,altered_knn,15000,240000,0.7165,0.0267,0.7234,0.0294,0.7503,0.0060,0.0475,0.0063,0.2539,0.1545,0.0748,0.0022,0.3991,0.0158
rk45,16,16,3,0.0147,0.0001,quadratic,quadratic,15000,360000,0.9314,0.0045,0.9386,0.0045,0.9358,0.0046,0.7253,0.0052,0.4432,0.0018,0.5501,0.0014,0.7444,0.0024
rk45,16,16,3,0.0147,0.0001,polar3,polar,15000,360000,0.9570,0.0007,0.9639,0.0006,0.9608,0.0007,0.8344,0.0056,0.4952,0.0064,0.6215,0.0059,0.7927,0.0032
rk45,16,16,3,0.0147,0.0001,knn,knn,20000,480000,0.4488,0.0033,0.4537,0.0034,0.4538,0.0031,0.0944,0.0035,0.1176,0.0017,0.1047,0.0025,0.2792,0.0021
rk45,16,16,3,0.0147,0.0001,altered_knn,altered_knn,20000,320000,0.7208,0.0265,0.7281,0.0289,0.7513,0.0064,0.0514,0.0088,0.2314,0.1415,0.0772,0.0040,0.4026,0.0165
rk45,16,16,3,0.0147,0.0001,quadratic,quadratic,20000,480000,0.9377,0.0040,0.9452,0.0040,0.9419,0.0041,0.7789,0.0053,0.4331,0.0023,0.5567,0.0018,0.7509,0.0024
rk45,16,16,3,0.0147,0.0001,polar3,polar,20000,480000,0.9586,0.0005,0.9655,0.0003,0.9625,0.0004,0.8393,0.0027,0.4972,0.0061,0.6245,0.0051,0.7950,0.0027
rk45,32,2,3,0.0142,0.0006,knn,knn,2000,6000,0.7458,0.0041,0.7565,0.0044,0.7507,0.0043,0.1046,0.0556,0.0037,0.0017,0.0071,0.0033,0.3818,0.0020
rk45,32,2,3,0.0142,0.0006,altered_knn,altered_knn,2000,4000,0.7375,0.1220,0.7433,0.1265,0.8206,0.0740,0.0253,0.0039,0.3401,0.1889,0.0458,0.0052,0.3945,0.0658
rk45,32,2,3,0.0142,0.0006,quadratic,quadratic,2000,6000,0.9524,0.0007,0.9612,0.0009,0.9585,0.0008,0.5638,0.0069,0.3460,0.0058,0.4288,0.0063,0.6950,0.0032
rk45,32,2,3,0.0142,0.0006,polar3,polar,2000,6000,0.9631,0.0012,0.9694,0.0008,0.9666,0.0010,0.8855,0.0155,0.5321,0.0143,0.6645,0.0112,0.8170,0.0059
rk45,32,2,3,0.0142,0.0006,knn,knn,5000,15000,0.7580,0.0046,0.7689,0.0047,0.7631,0.0047,0.1232,0.0254,0.0031,0.0015,0.0060,0.0029,0.3875,0.0031
rk45,32,2,3,0.0142,0.0006,altered_knn,altered_knn,5000,10000,0.7579,0.0639,0.7641,0.0667,0.8459,0.0328,0.0240,0.0039,0.3331,0.1112,0.0439,0.0051,0.4040,0.0356
rk45,32,2,3,0.0142,0.0006,quadratic,quadratic,5000,15000,0.9692,0.0002,0.9783,0.0006,0.9743,0.0004,0.7870,0.0063,0.3336,0.0018,0.4686,0.0014,0.7234,0.0007
rk45,32,2,3,0.0142,0.0006,polar3,polar,5000,15000,0.9817,0.0014,0.9864,0.0018,0.9842,0.0017,0.9612,0.0066,0.6559,0.0166,0.7797,0.0124,0.8830,0.0053
rk45,32,2,3,0.0142,0.0006,knn,knn,10000,30000,0.7621,0.0055,0.7731,0.0055,0.7668,0.0057,0.1742,0.1045,0.0035,0.0020,0.0068,0.0039,0.3900,0.0047
rk45,32,2,3,0.0142,0.0006,altered_knn,altered_knn,10000,20000,0.7975,0.0417,0.8047,0.0437,0.8701,0.0205,0.0274,0.0028,0.3085,0.0858,0.0499,0.0038,0.4273,0.0237
rk45,32,2,3,0.0142,0.0006,quadratic,quadratic,10000,30000,0.9753,0.0006,0.9845,0.0006,0.9803,0.0005,0.8506,0.0113,0.3393,0.0076,0.4850,0.0060,0.7347,0.0029
rk45,32,2,3,0.0142,0.0006,polar3,polar,10000,30000,0.9903,0.0002,0.9939,0.0002,0.9922,0.0000,0.9800,0.0050,0.7441,0.0142,0.8458,0.0104,0.9199,0.0051
rk45,32,2,3,0.0142,0.0006,knn,knn,15000,45000,0.7641,0.0039,0.7751,0.0039,0.7689,0.0040,0.1824,0.0880,0.0031,0.0016,0.0061,0.0031,0.3906,0.0028
rk45,32,2,3,0.0142,0.0006,altered_knn,altered_knn,15000,30000,0.8676,0.0144,0.8784,0.0159,0.8996,0.0031,0.0280,0.0007,0.1234,0.0607,0.0429,0.0080,0.4607,0.0040
rk45,32,2,3,0.0142,0.0006,quadratic,quadratic,15000,45000,0.9780,0.0001,0.9873,0.0006,0.9829,0.0003,0.8802,0.0159,0.3360,0.0094,0.4862,0.0082,0.7367,0.0038
rk45,32,2,3,0.0142,0.0006,polar3,polar,15000,45000,0.9919,0.0002,0.9952,0.0005,0.9936,0.0003,0.9831,0.0040,0.7646,0.0110,0.8601,0.0075,0.9277,0.0036
rk45,32,2,3,0.0142,0.0006,knn,knn,20000,60000,0.7665,0.0031,0.7775,0.0030,0.7713,0.0030,0.2617,0.0312,0.0043,0.0008,0.0084,0.0015,0.3929,0.0018
rk45,32,2,3,0.0142,0.0006,altered_knn,altered_knn,20000,40000,0.8408,0.0091,0.8497,0.0092,0.8920,0.0040,0.0300,0.0010,0.2267,0.0234,0.0529,0.0021,0.4513,0.0037
rk45,32,2,3,0.0142,0.0006,quadratic,quadratic,20000,60000,0.9795,0.0001,0.9888,0.0006,0.9844,0.0004,0.8897,0.0165,0.3364,0.0077,0.4881,0.0075,0.7384,0.0034
rk45,32,2,3,0.0142,0.0006,polar3,polar,20000,60000,0.9923,0.0002,0.9955,0.0003,0.9940,0.0002,0.9835,0.0043,0.7699,0.0106,0.8637,0.0077,0.9296,0.0038
rk45,32,4,3,0.0142,0.0004,knn,knn,2000,12000,0.5654,0.0027,0.5733,0.0029,0.5687,0.0027,0.0914,0.0059,0.0155,0.0010,0.0265,0.0017,0.2999,0.0020
rk45,32,4,3,0.0142,0.0004,altered_knn,altered_knn,2000,8000,0.7156,0.0707,0.7216,0.0744,0.7835,0.0263,0.0312,0.0101,0.2923,0.2018,0.0383,0.0110,0.3799,0.0334
rk45,32,4,3,0.0142,0.0004,quadratic,quadratic,2000,12000,0.9234,0.0015,0.9313,0.0013,0.9285,0.0015,0.6193,0.0054,0.3714,0.0148,0.4641,0.0101,0.6977,0.0055
rk45,32,4,3,0.0142,0.0004,polar3,polar,2000,12000,0.9339,0.0016,0.9393,0.0018,0.9366,0.0018,0.9223,0.0126,0.5548,0.0170,0.6928,0.0168,0.8161,0.0080
rk45,32,4,3,0.0142,0.0004,knn,knn,5000,30000,0.5812,0.0020,0.5894,0.0019,0.5847,0.0020,0.0982,0.0060,0.0114,0.0016,0.0205,0.0027,0.3049,0.0017
rk45,32,4,3,0.0142,0.0004,altered_knn,altered_knn,5000,20000,0.8176,0.0029,0.8286,0.0031,0.8291,0.0010,0.0482,0.0047,0.0500,0.0264,0.0437,0.0139,0.4361,0.0054
rk45,32,4,3,0.0142,0.0004,quadratic,quadratic,5000,30000,0.9489,0.0005,0.9572,0.0006,0.9537,0.0005,0.7492,0.0122,0.3760,0.0112,0.5005,0.0076,0.7288,0.0040
rk45,32,4,3,0.0142,0.0004,polar3,polar,5000,30000,0.9680,0.0018,0.9729,0.0018,0.9704,0.0018,0.9718,0.0049,0.6308,0.0135,0.7650,0.0111,0.8689,0.0054
rk45,32,4,3,0.0142,0.0004,knn,knn,10000,60000,0.5913,0.0040,0.5996,0.0038,0.5947,0.0040,0.1328,0.0096,0.0137,0.0025,0.0248,0.0042,0.3122,0.0037
rk45,32,4,3,0.0142,0.0004,altered_knn,altered_knn,10000,40000,0.8013,0.0297,0.8106,0.0320,0.8307,0.0068,0.0440,0.0108,0.1541,0.1199,0.0569,0.0011,0.4338,0.0165
rk45,32,4,3,0.0142,0.0004,quadratic,quadratic,10000,60000,0.9593,0.0008,0.9676,0.0008,0.9640,0.0008,0.7980,0.0109,0.3807,0.0096,0.5153,0.0074,0.7415,0.0039
rk45,32,4,3,0.0142,0.0004,polar3,polar,10000,60000,0.9764,0.0023,0.9811,0.0022,0.9787,0.0022,0.9813,0.0051,0.6509,0.0132,0.7826,0.0098,0.8818,0.0053
rk45,32,4,3,0.0142,0.0004,knn,knn,15000,90000,0.5956,0.0035,0.6040,0.0034,0.5991,0.0035,0.1359,0.0020,0.0113,0.0003,0.0208,0.0006,0.3124,0.0015
rk45,32,4,3,0.0142,0.0004,altered_knn,altered_knn,15000,60000,0.8048,0.0027,0.8139,0.0030,0.8352,0.0003,0.0376,0.0021,0.1726,0.0211,0.0617,0.0039,0.4378,0.0014
rk45,32,4,3,0.0142,0.0004,quadratic,quadratic,15000,90000,0.9632,0.0012,0.9716,0.0012,0.9678,0.0012,0.8237,0.0084,0.3785,0.0073,0.5186,0.0061,0.7451,0.0036
rk45,32,4,3,0.0142,0.0004,polar3,polar,15000,90000,0.9796,0.0008,0.9843,0.0009,0.9819,0.0008,0.9839,0.0041,0.6575,0.0136,0.7882,0.0106,0.8862,0.0051
rk45,32,4,3,0.0142,0.0004,knn,knn,20000,120000,0.6000,0.0024,0.6085,0.0023,0.6037,0.0023,0.1014,0.0142,0.0087,0.0013,0.0160,0.0024,0.3123,0.0021
rk45,32,4,3,0.0142,0.0004,altered_knn,altered_knn,20000,80000,0.7840,0.0071,0.7914,0.0074,0.8298,0.0025,0.0362,0.0007,0.2697,0.0255,0.0637,0.0011,0.4275,0.0036
rk45,32,4,3,0.0142,0.0004,quadratic,quadratic,20000,120000,0.9651,0.0012,0.9735,0.0013,0.9697,0.0013,0.8314,0.0063,0.3772,0.0067,0.5189,0.0054,0.7462,0.0033
rk45,32,4,3,0.0142,0.0004,polar3,polar,20000,120000,0.9810,0.0001,0.9856,0.0003,0.9833,0.0002,0.9843,0.0042,0.6607,0.0143,0.7906,0.0107,0.8881,0.0052
rk45,32,8,3,0.0143,0.0001,knn,knn,2000,24000,0.4291,0.0034,0.4348,0.0034,0.4318,0.0034,0.0689,0.0026,0.0347,0.0024,0.0461,0.0022,0.2404,0.0012
rk45,32,8,3,0.0143,0.0001,altered_knn,altered_knn,2000,16000,0.7359,0.0162,0.7444,0.0178,0.7582,0.0030,0.0471,0.0090,0.1482,0.0928,0.0635,0.0021,0.4040,0.0079
rk45,32,8,3,0.0143,0.0001,quadratic,quadratic,2000,24000,0.8940,0.0016,0.9011,0.0016,0.8992,0.0016,0.5614,0.0065,0.4034,0.0016,0.4694,0.0015,0.6853,0.0015
rk45,32,8,3,0.0143,0.0001,polar3,polar,2000,24000,0.9262,0.0015,0.9320,0.0017,0.9289,0.0017,0.9320,0.0070,0.5226,0.0058,0.6696,0.0053,0.8008,0.0019
rk45,32,8,3,0.0143,0.0001,knn,knn,5000,60000,0.4451,0.0013,0.4511,0.0014,0.4477,0.0015,0.0795,0.0062,0.0331,0.0023,0.0468,0.0034,0.2489,0.0011
rk45,32,8,3,0.0143,0.0001,altered_knn,altered_knn,5000,40000,0.7447,0.0187,0.7525,0.0208,0.7742,0.0012,0.0497,0.0110,0.2106,0.1244,0.0699,0.0033,0.4112,0.0098
rk45,32,8,3,0.0143,0.0001,quadratic,quadratic,5000,60000,0.9256,0.0025,0.9331,0.0025,0.9304,0.0025,0.6686,0.0116,0.4104,0.0032,0.5086,0.0055,0.7209,0.0040
rk45,32,8,3,0.0143,0.0001,polar3,polar,5000,60000,0.9572,0.0029,0.9631,0.0030,0.9599,0.0031,0.9747,0.0025,0.5496,0.0038,0.7029,0.0026,0.8330,0.0012
rk45,32,8,3,0.0143,0.0001,knn,knn,10000,120000,0.4558,0.0012,0.4620,0.0013,0.4584,0.0013,0.0853,0.0047,0.0302,0.0019,0.0446,0.0027,0.2533,0.0020
rk45,32,8,3,0.0143,0.0001,altered_knn,altered_knn,10000,80000,0.7692,0.0071,0.7788,0.0082,0.7835,0.0010,0.0628,0.0085,0.1090,0.0627,0.0712,0.0087,0.4250,0.0008
rk45,32,8,3,0.0143,0.0001,quadratic,quadratic,10000,120000,0.9378,0.0025,0.9454,0.0026,0.9425,0.0025,0.7028,0.0130,0.4195,0.0020,0.5253,0.0032,0.7353,0.0028
rk45,32,8,3,0.0143,0.0001,polar3,polar,10000,120000,0.9647,0.0026,0.9707,0.0027,0.9675,0.0027,0.9815,0.0010,0.5550,0.0013,0.7090,0.0010,0.8398,0.0017
rk45,32,8,3,0.0143,0.0001,knn,knn,15000,180000,0.4608,0.0020,0.4670,0.0021,0.4634,0.0021,0.0936,0.0064,0.0307,0.0013,0.0462,0.0022,0.2566,0.0018
rk45,32,8,3,0.0143,0.0001,altered_knn,altered_knn,15000,120000,0.7700,0.0047,0.7796,0.0055,0.7854,0.0017,0.0600,0.0101,0.1124,0.0580,0.0684,0.0128,0.4240,0.0039
rk45,32,8,3,0.0143,0.0001,quadratic,quadratic,15000,180000,0.9420,0.0030,0.9496,0.0031,0.9466,0.0030,0.7203,0.0086,0.4199,0.0022,0.5305,0.0036,0.7400,0.0033
rk45,32,8,3,0.0143,0.0001,polar3,polar,15000,180000,0.9675,0.0024,0.9735,0.0025,0.9704,0.0025,0.9819,0.0006,0.5553,0.0018,0.7094,0.0013,0.8414,0.0007
rk45,32,8,3,0.0143,0.0001,knn,knn,20000,240000,0.4651,0.0026,0.4714,0.0027,0.4679,0.0028,0.1009,0.0050,0.0317,0.0011,0.0483,0.0018,0.2598,0.0010
rk45,32,8,3,0.0143,0.0001,altered_knn,altered_knn,20000,160000,0.7231,0.0551,0.7289,0.0587,0.7725,0.0199,0.0441,0.0098,0.3291,0.1891,0.0730,0.0107,0.4009,0.0347
rk45,32,8,3,0.0143,0.0001,quadratic,quadratic,20000,240000,0.9464,0.0034,0.9543,0.0034,0.9509,0.0034,0.7775,0.0106,0.4048,0.0023,0.5324,0.0039,0.7433,0.0036
rk45,32,8,3,0.0143,0.0001,polar3,polar,20000,240000,0.9690,0.0022,0.9750,0.0023,0.9718,0.0022,0.9825,0.0008,0.5579,0.0028,0.7117,0.0021,0.8433,0.0004
rk45,32,16,3,0.0152,0.0007,knn,knn,2000,48000,0.3244,0.0031,0.3285,0.0033,0.3261,0.0030,0.0558,0.0010,0.0577,0.0020,0.0567,0.0012,0.1926,0.0014
rk45,32,16,3,0.0152,0.0007,altered_knn,altered_knn,2000,32000,0.7018,0.0050,0.7107,0.0061,0.7163,0.0021,0.0628,0.0055,0.1284,0.0446,0.0803,0.0078,0.3955,0.0017
rk45,32,16,3,0.0152,0.0007,quadratic,quadratic,2000,48000,0.8703,0.0010,0.8772,0.0014,0.8764,0.0011,0.4588,0.0135,0.4263,0.0090,0.4417,0.0060,0.6594,0.0035
rk45,32,16,3,0.0152,0.0007,polar3,polar,2000,48000,0.9160,0.0011,0.9228,0.0015,0.9192,0.0013,0.9441,0.0091,0.4764,0.0144,0.6331,0.0109,0.7779,0.0048
rk45,32,16,3,0.0152,0.0007,knn,knn,5000,120000,0.3388,0.0025,0.3432,0.0028,0.3406,0.0023,0.0598,0.0025,0.0535,0.0013,0.0565,0.0018,0.1998,0.0021
rk45,32,16,3,0.0152,0.0007,altered_knn,altered_knn,5000,80000,0.7201,0.0053,0.7295,0.0066,0.7326,0.0012,0.0761,0.0104,0.1163,0.0554,0.0847,0.0072,0.4071,0.0011
rk45,32,16,3,0.0152,0.0007,quadratic,quadratic,5000,120000,0.9037,0.0023,0.9108,0.0027,0.9094,0.0024,0.5319,0.0154,0.4416,0.0113,0.4823,0.0084,0.6966,0.0049
rk45,32,16,3,0.0152,0.0007,polar3,polar,5000,120000,0.9397,0.0014,0.9470,0.0019,0.9432,0.0016,0.9649,0.0086,0.4736,0.0130,0.6352,0.0099,0.7911,0.0041
rk45,32,16,3,0.0152,0.0007,knn,knn,10000,240000,0.3495,0.0022,0.3541,0.0024,0.3515,0.0020,0.0688,0.0039,0.0526,0.0015,0.0596,0.0023,0.2068,0.0022
rk45,32,16,3,0.0152,0.0007,altered_knn,altered_knn,10000,160000,0.7264,0.0014,0.7361,0.0017,0.7382,0.0023,0.0725,0.0049,0.0975,0.0453,0.0758,0.0202,0.4059,0.0093
rk45,32,16,3,0.0152,0.0007,quadratic,quadratic,10000,240000,0.9208,0.0026,0.9284,0.0030,0.9259,0.0027,0.6307,0.0185,0.4326,0.0111,0.5129,0.0088,0.7206,0.0050
rk45,32,16,3,0.0152,0.0007,polar3,polar,10000,240000,0.9486,0.0012,0.9559,0.0017,0.9521,0.0014,0.9693,0.0067,0.4753,0.0134,0.6377,0.0106,0.7968,0.0045
rk45,32,16,3,0.0152,0.0007,knn,knn,15000,360000,0.3556,0.0029,0.3604,0.0031,0.3578,0.0027,0.0680,0.0071,0.0487,0.0027,0.0567,0.0043,0.2085,0.0036
rk45,32,16,3,0.0152,0.0007,altered_knn,altered_knn,15000,240000,0.7100,0.0259,0.7178,0.0293,0.7371,0.0041,0.0614,0.0154,0.2161,0.1830,0.0744,0.0089,0.3961,0.0144
rk45,32,16,3,0.0152,0.0007,quadratic,quadratic,15000,360000,0.9340,0.0023,0.9424,0.0028,0.9386,0.0025,0.7846,0.0188,0.3964,0.0098,0.5265,0.0088,0.7344,0.0042
rk45,32,16,3,0.0152,0.0007,polar3,polar,15000,360000,0.9514,0.0006,0.9587,0.0011,0.9548,0.0008,0.9743,0.0072,0.4814,0.0150,0.6442,0.0119,0.8014,0.0054
rk45,32,16,3,0.0152,0.0007,knn,knn,20000,480000,0.3594,0.0032,0.3642,0.0034,0.3617,0.0032,0.0724,0.0074,0.0497,0.0036,0.0590,0.0050,0.2116,0.0042
rk45,32,16,3,0.0152,0.0007,altered_knn,altered_knn,20000,320000,0.7234,0.0055,0.7323,0.0069,0.7403,0.0011,0.0637,0.0086,0.1482,0.0639,0.0813,0.0112,0.4068,0.0033
rk45,32,16,3,0.0152,0.0007,quadratic,quadratic,20000,480000,0.9415,0.0019,0.9501,0.0024,0.9459,0.0021,0.8547,0.0158,0.3848,0.0115,0.5305,0.0101,0.7403,0.0045
rk45,32,16,3,0.0152,0.0007,polar3,polar,20000,480000,0.9548,0.0012,0.9619,0.0017,0.9584,0.0014,0.9272,0.0130,0.4964,0.0150,0.6464,0.0097,0.8042,0.0041
rk45,64,2,3,0.0160,0.0004,knn,knn,2000,6000,0.7109,0.0060,0.7225,0.0058,0.7158,0.0062,0.0755,0.0191,0.0035,0.0010,0.0067,0.0018,0.3646,0.0022
rk45,64,2,3,0.0160,0.0004,altered_knn,altered_knn,2000,4000,0.7973,0.0062,0.8070,0.0065,0.8512,0.0028,0.0273,0.0031,0.2023,0.0378,0.0480,0.0059,0.4275,0.0029
rk45,64,2,3,0.0160,0.0004,quadratic,quadratic,2000,6000,0.6058,0.0026,0.6097,0.0027,0.6909,0.0041,0.0239,0.0004,0.3691,0.0033,0.0449,0.0007,0.3273,0.0017
rk45,64,2,3,0.0160,0.0004,polar3,polar,2000,6000,0.9414,0.0022,0.9493,0.0027,0.9460,0.0023,0.8028,0.0202,0.4557,0.0253,0.5806,0.0171,0.7650,0.0078
rk45,64,2,3,0.0160,0.0004,knn,knn,5000,15000,0.7216,0.0040,0.7333,0.0039,0.7267,0.0041,0.0898,0.0400,0.0029,0.0011,0.0056,0.0022,0.3694,0.0008
rk45,64,2,3,0.0160,0.0004,altered_knn,altered_knn,5000,10000,0.7687,0.0706,0.7770,0.0738,0.8413,0.0365,0.0259,0.0029,0.2630,0.1250,0.0461,0.0043,0.4115,0.0378
rk45,64,2,3,0.0160,0.0004,quadratic,quadratic,5000,15000,0.9159,0.0021,0.9251,0.0024,0.9289,0.0024,0.2338,0.0066,0.3491,0.0051,0.2800,0.0063,0.6026,0.0031
rk45,64,2,3,0.0160,0.0004,polar3,polar,5000,15000,0.9665,0.0019,0.9732,0.0023,0.9700,0.0021,0.9455,0.0071,0.5583,0.0244,0.7017,0.0186,0.8375,0.0088
rk45,64,2,3,0.0160,0.0004,knn,knn,10000,30000,0.7284,0.0034,0.7403,0.0032,0.7335,0.0033,0.0398,0.0103,0.0010,0.0003,0.0020,0.0006,0.3712,0.0016
rk45,64,2,3,0.0160,0.0004,altered_knn,altered_knn,10000,20000,0.7852,0.0708,0.7941,0.0738,0.8530,0.0359,0.0279,0.0044,0.2466,0.1110,0.0486,0.0055,0.4213,0.0393
rk45,64,2,3,0.0160,0.0004,quadratic,quadratic,10000,30000,0.9480,0.0006,0.9578,0.0008,0.9559,0.0008,0.4543,0.0107,0.3473,0.0100,0.3936,0.0104,0.6757,0.0050
rk45,64,2,3,0.0160,0.0004,polar3,polar,10000,30000,0.9802,0.0006,0.9854,0.0002,0.9828,0.0004,0.9775,0.0015,0.6593,0.0173,0.7873,0.0120,0.8864,0.0061
rk45,64,2,3,0.0160,0.0004,knn,knn,15000,45000,0.7327,0.0031,0.7446,0.0029,0.7377,0.0031,0.0503,0.0495,0.0011,0.0011,0.0021,0.0021,0.3733,0.0025
rk45,64,2,3,0.0160,0.0004,altered_knn,altered_knn,15000,30000,0.7461,0.1181,0.7530,0.1228,0.8285,0.0715,0.0273,0.0043,0.3170,0.1750,0.0486,0.0054,0.4008,0.0635
rk45,64,2,3,0.0160,0.0004,quadratic,quadratic,15000,45000,0.9578,0.0004,0.9677,0.0006,0.9648,0.0006,0.5576,0.0167,0.3499,0.0091,0.4300,0.0114,0.6988,0.0056
rk45,64,2,3,0.0160,0.0004,polar3,polar,15000,45000,0.9855,0.0005,0.9899,0.0004,0.9877,0.0004,0.9874,0.0042,0.7140,0.0193,0.8285,0.0118,0.9092,0.0059
rk45,64,2,3,0.0160,0.0004,knn,knn,20000,60000,0.7354,0.0037,0.7473,0.0035,0.7405,0.0037,0.0899,0.0143,0.0021,0.0003,0.0041,0.0006,0.3757,0.0018
rk45,64,2,3,0.0160,0.0004,altered_knn,altered_knn,20000,40000,0.7995,0.0385,0.8084,0.0407,0.8660,0.0164,0.0284,0.0018,0.2576,0.0909,0.0504,0.0022,0.4294,0.0207
rk45,64,2,3,0.0160,0.0004,quadratic,quadratic,20000,60000,0.9630,0.0006,0.9731,0.0008,0.9697,0.0008,0.6085,0.0191,0.3456,0.0072,0.4408,0.0106,0.7069,0.0052
rk45,64,2,3,0.0160,0.0004,polar3,polar,20000,60000,0.9880,0.0008,0.9921,0.0005,0.9900,0.0006,0.9898,0.0038,0.7381,0.0216,0.8454,0.0131,0.9187,0.0067
rk45,64,4,3,0.0155,0.0006,knn,knn,2000,12000,0.5150,0.0032,0.5230,0.0030,0.5183,0.0027,0.0494,0.0014,0.0103,0.0002,0.0170,0.0003,0.2700,0.0013
rk45,64,4,3,0.0155,0.0006,altered_knn,altered_knn,2000,8000,0.7548,0.0099,0.7659,0.0112,0.7708,0.0003,0.0369,0.0170,0.0530,0.0519,0.0286,0.0119,0.3973,0.0004
rk45,64,4,3,0.0155,0.0006,quadratic,quadratic,2000,12000,0.7091,0.0035,0.7149,0.0036,0.7403,0.0026,0.0634,0.0044,0.3391,0.0079,0.1068,0.0065,0.4109,0.0047
rk45,64,4,3,0.0155,0.0006,polar3,polar,2000,12000,0.9139,0.0087,0.9208,0.0086,0.9172,0.0086,0.9460,0.0012,0.4805,0.0153,0.6372,0.0134,0.7790,0.0089
rk45,64,4,3,0.0155,0.0006,knn,knn,5000,30000,0.5288,0.0009,0.5370,0.0006,0.5321,0.0002,0.0469,0.0051,0.0075,0.0006,0.0129,0.0010,0.2750,0.0002
rk45,64,4,3,0.0155,0.0006,altered_knn,altered_knn,5000,20000,0.7737,0.0062,0.7849,0.0072,0.7915,0.0009,0.0328,0.0039,0.0666,0.0366,0.0400,0.0087,0.4124,0.0032
rk45,64,4,3,0.0155,0.0006,quadratic,quadratic,5000,30000,0.8878,0.0018,0.8961,0.0020,0.8964,0.0019,0.3413,0.0067,0.3613,0.0027,0.3510,0.0037,0.6235,0.0028
rk45,64,4,3,0.0155,0.0006,polar3,polar,5000,30000,0.9511,0.0025,0.9570,0.0024,0.9539,0.0024,0.9803,0.0041,0.5804,0.0108,0.7291,0.0089,0.8430,0.0054
rk45,64,4,3,0.0155,0.0006,knn,knn,10000,60000,0.5393,0.0012,0.5477,0.0009,0.5425,0.0006,0.0636,0.0065,0.0084,0.0006,0.0148,0.0011,0.2812,0.0001
rk45,64,4,3,0.0155,0.0006,altered_knn,altered_knn,10000,40000,0.7680,0.0274,0.7779,0.0289,0.8005,0.0076,0.0318,0.0032,0.1337,0.0846,0.0462,0.0051,0.4121,0.0126
rk45,64,4,3,0.0155,0.0006,quadratic,quadratic,10000,60000,0.9238,0.0008,0.9326,0.0012,0.9308,0.0010,0.4800,0.0016,0.3650,0.0137,0.4146,0.0090,0.6736,0.0039
rk45,64,4,3,0.0155,0.0006,polar3,polar,10000,60000,0.9687,0.0025,0.9738,0.0024,0.9711,0.0024,0.9898,0.0032,0.6487,0.0194,0.7836,0.0139,0.8787,0.0074
rk45,64,4,3,0.0155,0.0006,knn,knn,15000,90000,0.5450,0.0015,0.5535,0.0013,0.5484,0.0010,0.0638,0.0099,0.0076,0.0010,0.0136,0.0019,0.2836,0.0015
rk45,64,4,3,0.0155,0.0006,altered_knn,altered_knn,15000,60000,0.7789,0.0266,0.7892,0.0280,0.8077,0.0063,0.0370,0.0054,0.1246,0.0872,0.0505,0.0014,0.4198,0.0133
rk45,64,4,3,0.0155,0.0006,quadratic,quadratic,15000,90000,0.9362,0.0007,0.9452,0.0009,0.9428,0.0008,0.5433,0.0039,0.3653,0.0039,0.4369,0.0027,0.6911,0.0013
rk45,64,4,3,0.0155,0.0006,polar3,polar,15000,90000,0.9727,0.0012,0.9776,0.0016,0.9750,0.0014,0.9918,0.0012,0.6668,0.0177,0.7973,0.0122,0.8874,0.0053
rk45,64,4,3,0.0155,0.0006,knn,knn,20000,120000,0.5489,0.0018,0.5575,0.0016,0.5523,0.0014,0.0673,0.0118,0.0075,0.0014,0.0134,0.0026,0.2854,0.0007
rk45,64,4,3,0.0155,0.0006,altered_knn,altered_knn,20000,80000,0.7851,0.0250,0.7955,0.0264,0.8130,0.0055,0.0381,0.0061,0.1213,0.0825,0.0513,0.0010,0.4234,0.0128
rk45,64,4,3,0.0155,0.0006,quadratic,quadratic,20000,120000,0.9433,0.0009,0.9524,0.0011,0.9496,0.0010,0.5717,0.0025,0.3673,0.0023,0.4472,0.0015,0.6998,0.0010
rk45,64,4,3,0.0155,0.0006,polar3,polar,20000,120000,0.9754,0.0004,0.9803,0.0008,0.9777,0.0006,0.9927,0.0006,0.6707,0.0170,0.8004,0.0120,0.8903,0.0056
rk45,64,8,3,0.0161,0.0003,knn,knn,2000,24000,0.3684,0.0026,0.3741,0.0026,0.3709,0.0018,0.0415,0.0018,0.0225,0.0003,0.0292,0.0004,0.2016,0.0013
rk45,64,8,3,0.0161,0.0003,altered_knn,altered_knn,2000,16000,0.6801,0.0153,0.6897,0.0167,0.7000,0.0023,0.0378,0.0059,0.0945,0.0688,0.0459,0.0058,0.3678,0.0068
rk45,64,8,3,0.0161,0.0003,quadratic,quadratic,2000,24000,0.7089,0.0020,0.7151,0.0019,0.7261,0.0020,0.1148,0.0007,0.3302,0.0035,0.1703,0.0004,0.4427,0.0009
rk45,64,8,3,0.0161,0.0003,polar3,polar,2000,24000,0.9004,0.0029,0.9072,0.0028,0.9035,0.0028,0.9555,0.0085,0.4847,0.0029,0.6432,0.0044,0.7752,0.0032
rk45,64,8,3,0.0161,0.0003,knn,knn,5000,60000,0.3840,0.0012,0.3900,0.0011,0.3866,0.0004,0.0438,0.0012,0.0202,0.0012,0.0276,0.0013,0.2088,0.0006
rk45,64,8,3,0.0161,0.0003,altered_knn,altered_knn,5000,40000,0.6946,0.0186,0.7034,0.0201,0.7246,0.0017,0.0388,0.0091,0.1532,0.0813,0.0549,0.0009,0.3792,0.0101
rk45,64,8,3,0.0161,0.0003,quadratic,quadratic,5000,60000,0.8535,0.0013,0.8615,0.0013,0.8614,0.0012,0.3648,0.0061,0.3668,0.0043,0.3658,0.0046,0.6136,0.0027
rk45,64,8,3,0.0161,0.0003,polar3,polar,5000,60000,0.9411,0.0012,0.9475,0.0010,0.9441,0.0011,0.9813,0.0050,0.5480,0.0022,0.7033,0.0030,0.8254,0.0019
rk45,64,8,3,0.0161,0.0003,knn,knn,10000,120000,0.3941,0.0021,0.4002,0.0020,0.3966,0.0014,0.0469,0.0015,0.0187,0.0016,0.0267,0.0018,0.2134,0.0016
rk45,64,8,3,0.0161,0.0003,altered_knn,altered_knn,10000,80000,0.6937,0.0009,0.7009,0.0008,0.7414,0.0007,0.0327,0.0008,0.2526,0.0107,0.0579,0.0015,0.3794,0.0006
rk45,64,8,3,0.0161,0.0003,quadratic,quadratic,10000,120000,0.8959,0.0008,0.9044,0.0006,0.9027,0.0007,0.4861,0.0083,0.3799,0.0109,0.4265,0.0096,0.6654,0.0049
rk45,64,8,3,0.0161,0.0003,polar3,polar,10000,120000,0.9533,0.0019,0.9596,0.0017,0.9563,0.0018,0.9869,0.0028,0.5651,0.0028,0.7187,0.0024,0.8392,0.0019
rk45,64,8,3,0.0161,0.0003,knn,knn,15000,180000,0.4004,0.0016,0.4066,0.0016,0.4032,0.0011,0.0475,0.0006,0.0174,0.0006,0.0255,0.0008,0.2161,0.0008
rk45,64,8,3,0.0161,0.0003,altered_knn,altered_knn,15000,120000,0.7263,0.0157,0.7361,0.0175,0.7513,0.0008,0.0394,0.0061,0.1299,0.0942,0.0535,0.0065,0.3948,0.0059
rk45,64,8,3,0.0161,0.0003,quadratic,quadratic,15000,180000,0.9119,0.0010,0.9206,0.0009,0.9183,0.0009,0.5394,0.0062,0.3826,0.0054,0.4476,0.0058,0.6841,0.0027
rk45,64,8,3,0.0161,0.0003,polar3,polar,15000,180000,0.9570,0.0014,0.9634,0.0013,0.9600,0.0014,0.9883,0.0027,0.5649,0.0021,0.7189,0.0016,0.8411,0.0014
rk45,64,8,3,0.0161,0.0003,knn,knn,20000,240000,0.4044,0.0019,0.4108,0.0019,0.4073,0.0015,0.0490,0.0030,0.0170,0.0011,0.0253,0.0017,0.2180,0.0002
rk45,64,8,3,0.0161,0.0003,altered_knn,altered_knn,20000,160000,0.7172,0.0218,0.7256,0.0237,0.7545,0.0033,0.0410,0.0097,0.2023,0.1013,0.0597,0.0013,0.3927,0.0112
rk45,64,8,3,0.0161,0.0003,quadratic,quadratic,20000,240000,0.9235,0.0010,0.9326,0.0009,0.9294,0.0009,0.6198,0.0049,0.3668,0.0047,0.4609,0.0050,0.6967,0.0023
rk45,64,8,3,0.0161,0.0003,polar3,polar,20000,240000,0.9589,0.0012,0.9653,0.0011,0.9620,0.0011,0.9883,0.0017,0.5684,0.0018,0.7217,0.0015,0.8435,0.0013
rk45,64,16,3,0.0171,0.0003,knn,knn,2000,48000,0.2652,0.0009,0.2692,0.0008,0.2663,0.0005,0.0389,0.0020,0.0388,0.0024,0.0388,0.0022,0.1540,0.0014
rk45,64,16,3,0.0171,0.0003,altered_knn,altered_knn,2000,32000,0.6328,0.0083,0.6426,0.0098,0.6472,0.0029,0.0466,0.0081,0.0690,0.0773,0.0344,0.0178,0.3385,0.0043
rk45,64,16,3,0.0171,0.0003,quadratic,quadratic,2000,48000,0.6942,0.0011,0.7003,0.0012,0.7097,0.0011,0.1350,0.0024,0.3437,0.0027,0.1938,0.0020,0.4470,0.0015
rk45,64,16,3,0.0171,0.0003,polar3,polar,2000,48000,0.8890,0.0010,0.8963,0.0011,0.8923,0.0011,0.9642,0.0050,0.4710,0.0045,0.6328,0.0046,0.7646,0.0017
rk45,64,16,3,0.0171,0.0003,knn,knn,5000,120000,0.2792,0.0009,0.2835,0.0009,0.2805,0.0008,0.0409,0.0018,0.0349,0.0016,0.0377,0.0017,0.1606,0.0012
rk45,64,16,3,0.0171,0.0003,altered_knn,altered_knn,5000,80000,0.6630,0.0075,0.6731,0.0085,0.6777,0.0010,0.0467,0.0053,0.0761,0.0616,0.0456,0.0174,0.3594,0.0054
rk45,64,16,3,0.0171,0.0003,quadratic,quadratic,5000,120000,0.8287,0.0003,0.8362,0.0003,0.8377,0.0003,0.3243,0.0025,0.3936,0.0029,0.3556,0.0004,0.5959,0.0002
rk45,64,16,3,0.0171,0.0003,polar3,polar,5000,120000,0.9278,0.0028,0.9355,0.0030,0.9314,0.0029,0.9815,0.0030,0.4818,0.0031,0.6463,0.0033,0.7909,0.0010
rk45,64,16,3,0.0171,0.0003,knn,knn,10000,240000,0.2883,0.0014,0.2928,0.0014,0.2897,0.0013,0.0444,0.0011,0.0339,0.0009,0.0385,0.0009,0.1656,0.0012
rk45,64,16,3,0.0171,0.0003,altered_knn,altered_knn,10000,160000,0.6819,0.0039,0.6920,0.0044,0.6987,0.0018,0.0482,0.0045,0.0993,0.0326,0.0618,0.0055,0.3769,0.0014
rk45,64,16,3,0.0171,0.0003,quadratic,quadratic,10000,240000,0.8801,0.0012,0.8885,0.0011,0.8870,0.0012,0.4848,0.0079,0.3942,0.0003,0.4348,0.0033,0.6617,0.0014
rk45,64,16,3,0.0171,0.0003,polar3,polar,10000,240000,0.9393,0.0027,0.9472,0.0028,0.9431,0.0027,0.9835,0.0030,0.4845,0.0020,0.6492,0.0024,0.7982,0.0013
rk45,64,16,3,0.0171,0.0003,knn,knn,15000,360000,0.2936,0.0009,0.2981,0.0008,0.2950,0.0007,0.0453,0.0013,0.0328,0.0010,0.0381,0.0011,0.1681,0.0008
rk45,64,16,3,0.0171,0.0003,altered_knn,altered_knn,15000,240000,0.6948,0.0032,0.7059,0.0035,0.7063,0.0017,0.0608,0.0145,0.0586,0.0325,0.0502,0.0176,0.3781,0.0074
rk45,64,16,3,0.0171,0.0003,quadratic,quadratic,15000,360000,0.9080,0.0013,0.9176,0.0012,0.9136,0.0012,0.7077,0.0033,0.3541,0.0038,0.4720,0.0027,0.6948,0.0013
rk45,64,16,3,0.0171,0.0003,polar3,polar,15000,360000,0.9456,0.0017,0.9535,0.0018,0.9493,0.0017,0.9848,0.0028,0.4876,0.0029,0.6523,0.0025,0.8029,0.0004
rk45,64,16,3,0.0171,0.0003,knn,knn,20000,480000,0.2979,0.0011,0.3025,0.0010,0.2994,0.0009,0.0457,0.0036,0.0314,0.0026,0.0372,0.0030,0.1698,0.0019
rk45,64,16,3,0.0171,0.0003,altered_knn,altered_knn,20000,320000,0.6988,0.0066,0.7094,0.0075,0.7129,0.0006,0.0613,0.0084,0.0875,0.0548,0.0630,0.0102,0.3862,0.0023
rk45,64,16,3,0.0171,0.0003,quadratic,quadratic,20000,480000,0.9221,0.0010,0.9324,0.0010,0.9275,0.0010,0.8161,0.0050,0.3330,0.0031,0.4730,0.0025,0.7027,0.0010
rk45,64,16,3,0.0171,0.0003,polar3,polar,20000,480000,0.9497,0.0018,0.9577,0.0018,0.9535,0.0018,0.9861,0.0027,0.4889,0.0025,0.6537,0.0021,0.8057,0.0001
rk45,128,2,3,0.0173,0.0002,knn,knn,2000,6000,0.6874,0.0028,0.6994,0.0028,0.6925,0.0027,0.0588,0.0182,0.0033,0.0007,0.0062,0.0014,0.3528,0.0009
rk45,128,2,3,0.0173,0.0002,altered_knn,altered_knn,2000,4000,0.7051,0.1154,0.7129,0.1203,0.7882,0.0694,0.0213,0.0012,0.2573,0.1646,0.0380,0.0008,0.3755,0.0603
rk45,128,2,3,0.0173,0.0002,quadratic,quadratic,2000,6000,0.3945,0.0042,0.3954,0.0043,0.4696,0.0042,0.0182,0.0006,0.3451,0.0093,0.0345,0.0012,0.2149,0.0022
rk45,128,2,3,0.0173,0.0002,polar3,polar,2000,6000,0.9307,0.0019,0.9392,0.0021,0.9367,0.0022,0.6425,0.0307,0.4469,0.0278,0.5270,0.0291,0.7331,0.0140
rk45,128,2,3,0.0173,0.0002,knn,knn,5000,15000,0.6965,0.0011,0.7087,0.0011,0.7018,0.0011,0.0499,0.0301,0.0023,0.0012,0.0044,0.0024,0.3566,0.0010
rk45,128,2,3,0.0173,0.0002,altered_knn,altered_knn,5000,10000,0.6576,0.1259,0.6626,0.1311,0.7653,0.0823,0.0225,0.0018,0.3706,0.1746,0.0414,0.0020,0.3520,0.0663
rk45,128,2,3,0.0173,0.0002,quadratic,quadratic,5000,15000,0.4369,0.0035,0.4383,0.0036,0.5244,0.0040,0.0181,0.0002,0.3567,0.0022,0.0345,0.0004,0.2364,0.0017
rk45,128,2,3,0.0173,0.0002,polar3,polar,5000,15000,0.9494,0.0029,0.9569,0.0029,0.9534,0.0029,0.8915,0.0109,0.5213,0.0157,0.6578,0.0150,0.8074,0.0075
rk45,128,2,3,0.0173,0.0002,knn,knn,10000,30000,0.7044,0.0007,0.7168,0.0007,0.7095,0.0006,0.0547,0.0130,0.0017,0.0005,0.0034,0.0009,0.3601,0.0008
rk45,128,2,3,0.0173,0.0002,altered_knn,altered_knn,10000,20000,0.6597,0.0372,0.6644,0.0386,0.7814,0.0255,0.0216,0.0006,0.3897,0.0437,0.0409,0.0010,0.3527,0.0198
rk45,128,2,3,0.0173,0.0002,quadratic,quadratic,10000,30000,0.6900,0.0016,0.6954,0.0017,0.7709,0.0013,0.0312,0.0005,0.3782,0.0043,0.0576,0.0009,0.3765,0.0012
rk45,128,2,3,0.0173,0.0002,polar3,polar,10000,30000,0.9643,0.0022,0.9706,0.0020,0.9674,0.0021,0.9632,0.0047,0.6022,0.0190,0.7408,0.0133,0.8557,0.0075
rk45,128,2,3,0.0173,0.0002,knn,knn,15000,45000,0.7075,0.0021,0.7199,0.0021,0.7127,0.0021,0.0504,0.0021,0.0017,0.0000,0.0034,0.0000,0.3616,0.0010
rk45,128,2,3,0.0173,0.0002,altered_knn,altered_knn,15000,30000,0.6844,0.1179,0.6904,0.1230,0.7882,0.0737,0.0223,0.0014,0.3430,0.1731,0.0407,0.0008,0.3656,0.0617
rk45,128,2,3,0.0173,0.0002,quadratic,quadratic,15000,45000,0.8290,0.0020,0.8363,0.0021,0.8737,0.0016,0.0710,0.0011,0.4172,0.0081,0.1213,0.0019,0.4788,0.0015
rk45,128,2,3,0.0173,0.0002,polar3,polar,15000,45000,0.9683,0.0007,0.9738,0.0006,0.9709,0.0006,0.9825,0.0036,0.6555,0.0213,0.7862,0.0163,0.8800,0.0082
rk45,128,2,3,0.0173,0.0002,knn,knn,20000,60000,0.7107,0.0019,0.7232,0.0018,0.7159,0.0018,0.0633,0.0313,0.0017,0.0008,0.0034,0.0016,0.3633,0.0006
rk45,128,2,3,0.0173,0.0002,altered_knn,altered_knn,20000,40000,0.7332,0.1261,0.7414,0.1320,0.8142,0.0756,0.0224,0.0025,0.2667,0.2069,0.0395,0.0045,0.3904,0.0652
rk45,128,2,3,0.0173,0.0002,quadratic,quadratic,20000,60000,0.8807,0.0020,0.8889,0.0019,0.9097,0.0016,0.1143,0.0053,0.4109,0.0102,0.1788,0.0074,0.5339,0.0046
rk45,128,2,3,0.0173,0.0002,polar3,polar,20000,60000,0.9749,0.0008,0.9798,0.0008,0.9772,0.0008,0.9887,0.0024,0.6939,0.0188,0.8153,0.0138,0.8976,0.0069
rk45,128,4,3,0.0156,0.0001,knn,knn,2000,12000,0.4726,0.0025,0.4799,0.0026,0.4754,0.0028,0.0299,0.0062,0.0083,0.0020,0.0129,0.0030,0.2464,0.0022
rk45,128,4,3,0.0156,0.0001,altered_knn,altered_knn,2000,8000,0.6719,0.0135,0.6800,0.0143,0.7199,0.0047,0.0193,0.0004,0.1565,0.0357,0.0342,0.0011,0.3571,0.0066
rk45,128,4,3,0.0156,0.0001,quadratic,quadratic,2000,12000,0.2950,0.0017,0.2938,0.0019,0.3568,0.0016,0.0161,0.0005,0.3760,0.0099,0.0309,0.0009,0.1623,0.0009
rk45,128,4,3,0.0156,0.0001,polar3,polar,2000,12000,0.9087,0.0028,0.9154,0.0028,0.9119,0.0028,0.9332,0.0084,0.4847,0.0066,0.6380,0.0072,0.7767,0.0039
rk45,128,4,3,0.0156,0.0001,knn,knn,5000,30000,0.4875,0.0011,0.4950,0.0011,0.4902,0.0010,0.0419,0.0015,0.0094,0.0004,0.0154,0.0007,0.2552,0.0008
rk45,128,4,3,0.0156,0.0001,altered_knn,altered_knn,5000,20000,0.7091,0.0450,0.7185,0.0477,0.7454,0.0108,0.0227,0.0021,0.1178,0.1258,0.0299,0.0053,0.3742,0.0212
rk45,128,4,3,0.0156,0.0001,quadratic,quadratic,5000,30000,0.4368,0.0015,0.4384,0.0016,0.5063,0.0015,0.0189,0.0003,0.3403,0.0067,0.0359,0.0006,0.2371,0.0008
rk45,128,4,3,0.0156,0.0001,polar3,polar,5000,30000,0.9374,0.0023,0.9427,0.0024,0.9398,0.0024,0.9826,0.0014,0.6051,0.0065,0.7489,0.0047,0.8458,0.0017
rk45,128,4,3,0.0156,0.0001,knn,knn,10000,60000,0.4971,0.0011,0.5049,0.0011,0.5000,0.0010,0.0383,0.0028,0.0069,0.0004,0.0116,0.0007,0.2582,0.0007
rk45,128,4,3,0.0156,0.0001,altered_knn,altered_knn,10000,40000,0.6545,0.0956,0.6608,0.1004,0.7273,0.0444,0.0204,0.0013,0.2574,0.2051,0.0322,0.0065,0.3465,0.0479
rk45,128,4,3,0.0156,0.0001,quadratic,quadratic,10000,60000,0.7413,0.0008,0.7471,0.0009,0.7774,0.0007,0.0634,0.0007,0.3769,0.0056,0.1086,0.0013,0.4278,0.0003
rk45,128,4,3,0.0156,0.0001,polar3,polar,10000,60000,0.9600,0.0020,0.9641,0.0021,0.9618,0.0020,0.9911,0.0014,0.7001,0.0037,0.8206,0.0020,0.8923,0.0002
rk45,128,4,3,0.0156,0.0001,knn,knn,15000,90000,0.5015,0.0017,0.5093,0.0017,0.5042,0.0017,0.0343,0.0073,0.0058,0.0012,0.0099,0.0021,0.2596,0.0017
rk45,128,4,3,0.0156,0.0001,altered_knn,altered_knn,15000,60000,0.7396,0.0062,0.7497,0.0065,0.7712,0.0026,0.0211,0.0005,0.0965,0.0158,0.0345,0.0018,0.3921,0.0024
rk45,128,4,3,0.0156,0.0001,quadratic,quadratic,15000,90000,0.8247,0.0013,0.8313,0.0012,0.8477,0.0016,0.1176,0.0005,0.4062,0.0082,0.1824,0.0013,0.5068,0.0012
rk45,128,4,3,0.0156,0.0001,polar3,polar,15000,90000,0.9679,0.0016,0.9714,0.0018,0.9695,0.0017,0.9906,0.0045,0.7475,0.0092,0.8520,0.0046,0.9117,0.0016
rk45,128,4,3,0.0156,0.0001,knn,knn,20000,120000,0.5043,0.0015,0.5121,0.0014,0.5071,0.0015,0.0391,0.0017,0.0062,0.0004,0.0107,0.0006,0.2614,0.0004
rk45,128,4,3,0.0156,0.0001,altered_knn,altered_knn,20000,80000,0.7156,0.0260,0.7241,0.0273,0.7683,0.0077,0.0212,0.0009,0.1732,0.0596,0.0372,0.0009,0.3807,0.0137
rk45,128,4,3,0.0156,0.0001,quadratic,quadratic,20000,120000,0.8601,0.0012,0.8674,0.0013,0.8787,0.0012,0.1520,0.0019,0.3987,0.0067,0.2201,0.0030,0.5438,0.0009
rk45,128,4,3,0.0156,0.0001,polar3,polar,20000,120000,0.9714,0.0006,0.9746,0.0005,0.9728,0.0006,0.9915,0.0038,0.7662,0.0063,0.8644,0.0028,0.9195,0.0016
rk45,128,8,3,0.0153,0.0000,knn,knn,2000,24000,0.3217,0.0002,0.3263,0.0002,0.3231,0.0005,0.0279,0.0036,0.0207,0.0027,0.0237,0.0031,0.1750,0.0014
rk45,128,8,3,0.0153,0.0000,altered_knn,altered_knn,2000,16000,0.5410,0.0872,0.5453,0.0919,0.6034,0.0393,0.0203,0.0025,0.2644,0.2159,0.0341,0.0009,0.2897,0.0458
rk45,128,8,3,0.0153,0.0000,quadratic,quadratic,2000,24000,0.2993,0.0011,0.2977,0.0011,0.3625,0.0014,0.0166,0.0003,0.4003,0.0061,0.0319,0.0005,0.1648,0.0005
rk45,128,8,3,0.0153,0.0000,polar3,polar,2000,24000,0.8820,0.0033,0.8873,0.0033,0.8840,0.0035,0.9660,0.0011,0.5390,0.0057,0.6919,0.0047,0.7896,0.0027
rk45,128,8,3,0.0153,0.0000,knn,knn,5000,60000,0.3344,0.0012,0.3393,0.0012,0.3359,0.0008,0.0278,0.0012,0.0189,0.0011,0.0225,0.0012,0.1809,0.0005
rk45,128,8,3,0.0153,0.0000,altered_knn,altered_knn,5000,40000,0.6221,0.0267,0.6295,0.0286,0.6609,0.0038,0.0205,0.0008,0.1458,0.0970,0.0319,0.0060,0.3307,0.0115
rk45,128,8,3,0.0153,0.0000,quadratic,quadratic,5000,60000,0.4819,0.0009,0.4843,0.0011,0.5351,0.0008,0.0249,0.0004,0.3303,0.0069,0.0463,0.0007,0.2653,0.0002
rk45,128,8,3,0.0153,0.0000,polar3,polar,5000,60000,0.9299,0.0042,0.9344,0.0043,0.9318,0.0043,0.9836,0.0009,0.6384,0.0045,0.7743,0.0030,0.8544,0.0034
rk45,128,8,3,0.0153,0.0000,knn,knn,10000,120000,0.3445,0.0010,0.3495,0.0010,0.3458,0.0005,0.0300,0.0014,0.0163,0.0011,0.0211,0.0012,0.1853,0.0001
rk45,128,8,3,0.0153,0.0000,altered_knn,altered_knn,10000,80000,0.6578,0.0164,0.6668,0.0176,0.6814,0.0022,0.0211,0.0016,0.0796,0.0620,0.0268,0.0100,0.3468,0.0043
rk45,128,8,3,0.0153,0.0000,quadratic,quadratic,10000,120000,0.7245,0.0006,0.7297,0.0006,0.7469,0.0007,0.0979,0.0006,0.3917,0.0012,0.1567,0.0009,0.4432,0.0002
rk45,128,8,3,0.0153,0.0000,polar3,polar,10000,120000,0.9523,0.0019,0.9564,0.0019,0.9541,0.0019,0.9871,0.0015,0.6902,0.0078,0.8123,0.0050,0.8844,0.0029
rk45,128,8,3,0.0153,0.0000,knn,knn,15000,180000,0.3491,0.0010,0.3543,0.0010,0.3507,0.0005,0.0313,0.0023,0.0162,0.0008,0.0213,0.0012,0.1878,0.0005
rk45,128,8,3,0.0153,0.0000,altered_knn,altered_knn,15000,120000,0.6277,0.0434,0.6342,0.0461,0.6828,0.0109,0.0220,0.0029,0.2079,0.1315,0.0336,0.0058,0.3339,0.0208
rk45,128,8,3,0.0153,0.0000,quadratic,quadratic,15000,180000,0.8007,0.0011,0.8067,0.0012,0.8163,0.0009,0.1624,0.0050,0.4105,0.0077,0.2327,0.0060,0.5197,0.0034
rk45,128,8,3,0.0153,0.0000,polar3,polar,15000,180000,0.9589,0.0028,0.9629,0.0028,0.9607,0.0028,0.9881,0.0009,0.6995,0.0078,0.8191,0.0050,0.8910,0.0032
rk45,128,8,3,0.0153,0.0000,knn,knn,20000,240000,0.3525,0.0006,0.3577,0.0006,0.3540,0.0006,0.0327,0.0005,0.0161,0.0005,0.0216,0.0005,0.1896,0.0001
rk45,128,8,3,0.0153,0.0000,altered_knn,altered_knn,20000,160000,0.6250,0.0328,0.6309,0.0346,0.6875,0.0099,0.0214,0.0016,0.2438,0.0872,0.0386,0.0018,0.3348,0.0179
rk45,128,8,3,0.0153,0.0000,quadratic,quadratic,20000,240000,0.8434,0.0007,0.8503,0.0007,0.8549,0.0007,0.2355,0.0017,0.4037,0.0049,0.2975,0.0026,0.5739,0.0014
rk45,128,8,3,0.0153,0.0000,polar3,polar,20000,240000,0.9595,0.0015,0.9634,0.0016,0.9613,0.0016,0.9882,0.0010,0.7091,0.0077,0.8257,0.0048,0.8945,0.0019
rk45,128,16,3,0.0140,0.0004,knn,knn,2000,48000,0.2157,0.0003,0.2183,0.0004,0.2159,0.0003,0.0240,0.0004,0.0366,0.0007,0.0290,0.0005,0.1237,0.0004
rk45,128,16,3,0.0140,0.0004,altered_knn,altered_knn,2000,32000,0.4901,0.0737,0.4936,0.0781,0.5400,0.0257,0.0188,0.0011,0.2393,0.2411,0.0314,0.0023,0.2625,0.0383
rk45,128,16,3,0.0140,0.0004,quadratic,quadratic,2000,48000,0.3453,0.0007,0.3442,0.0008,0.4140,0.0005,0.0171,0.0005,0.4233,0.0038,0.0329,0.0009,0.1885,0.0002
rk45,128,16,3,0.0140,0.0004,polar3,polar,2000,48000,0.8667,0.0012,0.8704,0.0014,0.8681,0.0012,0.9493,0.0075,0.6096,0.0160,0.7422,0.0113,0.8063,0.0055
rk45,128,16,3,0.0140,0.0004,knn,knn,5000,120000,0.2276,0.0004,0.2304,0.0004,0.2280,0.0004,0.0241,0.0019,0.0323,0.0019,0.0276,0.0019,0.1290,0.0008
rk45,128,16,3,0.0140,0.0004,altered_knn,altered_knn,5000,80000,0.5829,0.0028,0.5908,0.0030,0.5916,0.0015,0.0235,0.0019,0.0281,0.0208,0.0219,0.0065,0.3063,0.0018
rk45,128,16,3,0.0140,0.0004,quadratic,quadratic,5000,120000,0.5039,0.0010,0.5063,0.0011,0.5452,0.0013,0.0305,0.0012,0.3380,0.0052,0.0560,0.0021,0.2811,0.0005
rk45,128,16,3,0.0140,0.0004,polar3,polar,5000,120000,0.9138,0.0041,0.9173,0.0040,0.9151,0.0041,0.9704,0.0088,0.6687,0.0148,0.7916,0.0102,0.8544,0.0066
rk45,128,16,3,0.0140,0.0004,knn,knn,10000,240000,0.2364,0.0004,0.2393,0.0003,0.2365,0.0003,0.0249,0.0015,0.0289,0.0022,0.0268,0.0018,0.1330,0.0009
rk45,128,16,3,0.0140,0.0004,altered_knn,altered_knn,10000,160000,0.6021,0.0013,0.6101,0.0015,0.6146,0.0006,0.0206,0.0013,0.0443,0.0104,0.0280,0.0034,0.3190,0.0010
rk45,128,16,3,0.0140,0.0004,quadratic,quadratic,10000,240000,0.7028,0.0007,0.7070,0.0006,0.7197,0.0006,0.1168,0.0023,0.4102,0.0015,0.1818,0.0028,0.4444,0.0012
rk45,128,16,3,0.0140,0.0004,polar3,polar,10000,240000,0.9289,0.0037,0.9324,0.0038,0.9305,0.0036,0.9689,0.0098,0.6833,0.0132,0.8013,0.0089,0.8668,0.0053
rk45,128,16,3,0.0140,0.0004,knn,knn,15000,360000,0.2401,0.0003,0.2432,0.0004,0.2402,0.0004,0.0246,0.0023,0.0276,0.0017,0.0260,0.0020,0.1346,0.0012
rk45,128,16,3,0.0140,0.0004,altered_knn,altered_knn,15000,240000,0.5729,0.0594,0.5785,0.0631,0.6164,0.0139,0.0209,0.0032,0.1833,0.2023,0.0304,0.0046,0.3045,0.0305
rk45,128,16,3,0.0140,0.0004,quadratic,quadratic,15000,360000,0.8021,0.0008,0.8077,0.0009,0.8093,0.0008,0.3114,0.0086,0.4072,0.0038,0.3528,0.0052,0.5803,0.0030
rk45,128,16,3,0.0140,0.0004,polar3,polar,15000,360000,0.9411,0.0017,0.9447,0.0017,0.9427,0.0017,0.9683,0.0105,0.6919,0.0130,0.8069,0.0090,0.8758,0.0049
rk45,128,16,3,0.0140,0.0004,knn,knn,20000,480000,0.2431,0.0004,0.2462,0.0005,0.2432,0.0006,0.0257,0.0008,0.0279,0.0006,0.0268,0.0007,0.1365,0.0004
rk45,128,16,3,0.0140,0.0004,altered_knn,altered_knn,20000,320000,0.5753,0.0546,0.5802,0.0579,0.6280,0.0166,0.0202,0.0017,0.2321,0.1737,0.0353,0.0009,0.3078,0.0291
rk45,128,16,3,0.0140,0.0004,quadratic,quadratic,20000,480000,0.8469,0.0004,0.8533,0.0005,0.8522,0.0004,0.4732,0.0094,0.3956,0.0009,0.4309,0.0039,0.6421,0.0022
rk45,128,16,3,0.0140,0.0004,polar3,polar,20000,480000,0.9458,0.0002,0.9494,0.0003,0.9475,0.0002,0.9687,0.0105,0.6953,0.0139,0.8094,0.0093,0.8794,0.0045
rk45,256,2,3,0.0222,0.0008,knn,knn,2000,6000,0.6648,0.0030,0.6799,0.0030,0.6711,0.0030,0.0277,0.0152,0.0020,0.0012,0.0037,0.0022,0.3418,0.0025
rk45,256,2,3,0.0222,0.0008,altered_knn,altered_knn,2000,4000,0.6438,0.0984,0.6508,0.1045,0.7530,0.0584,0.0263,0.0017,0.3482,0.1566,0.0475,0.0004,0.3491,0.0523
rk45,256,2,3,0.0222,0.0008,quadratic,quadratic,2000,6000,0.3725,0.0015,0.3737,0.0015,0.4403,0.0011,0.0224,0.0014,0.3197,0.0094,0.0418,0.0026,0.2077,0.0017
rk45,256,2,3,0.0222,0.0008,polar3,polar,2000,6000,0.9123,0.0006,0.9234,0.0001,0.9216,0.0007,0.5129,0.0233,0.4288,0.0090,0.4666,0.0041,0.6950,0.0021
rk45,256,2,3,0.0222,0.0008,knn,knn,5000,15000,0.6771,0.0015,0.6925,0.0016,0.6837,0.0016,0.0518,0.0070,0.0018,0.0001,0.0035,0.0001,0.3480,0.0008
rk45,256,2,3,0.0222,0.0008,altered_knn,altered_knn,5000,10000,0.7001,0.0652,0.7097,0.0697,0.7969,0.0323,0.0267,0.0017,0.2849,0.1111,0.0476,0.0005,0.3786,0.0347
rk45,256,2,3,0.0222,0.0008,quadratic,quadratic,5000,15000,0.3711,0.0013,0.3715,0.0012,0.4459,0.0012,0.0225,0.0010,0.3534,0.0069,0.0424,0.0019,0.2069,0.0015
rk45,256,2,3,0.0222,0.0008,polar3,polar,5000,15000,0.9385,0.0007,0.9486,0.0008,0.9444,0.0007,0.8067,0.0132,0.4936,0.0099,0.6124,0.0087,0.7805,0.0040
rk45,256,2,3,0.0222,0.0008,knn,knn,10000,30000,0.6841,0.0031,0.6996,0.0031,0.6906,0.0031,0.0522,0.0316,0.0016,0.0009,0.0031,0.0017,0.3514,0.0015
rk45,256,2,3,0.0222,0.0008,altered_knn,altered_knn,10000,20000,0.6075,0.1370,0.6121,0.1447,0.7283,0.0862,0.0256,0.0012,0.4041,0.2029,0.0465,0.0032,0.3293,0.0711
rk45,256,2,3,0.0222,0.0008,quadratic,quadratic,10000,30000,0.3826,0.0024,0.3829,0.0026,0.4638,0.0027,0.0227,0.0010,0.3704,0.0111,0.0427,0.0018,0.2128,0.0019
rk45,256,2,3,0.0222,0.0008,polar3,polar,10000,30000,0.9514,0.0028,0.9603,0.0025,0.9559,0.0026,0.9345,0.0072,0.5639,0.0148,0.7033,0.0118,0.8318,0.0071
rk45,256,2,3,0.0222,0.0008,knn,knn,15000,45000,0.6876,0.0029,0.7032,0.0033,0.6943,0.0031,0.0350,0.0085,0.0011,0.0003,0.0021,0.0005,0.3526,0.0016
rk45,256,2,3,0.0222,0.0008,altered_knn,altered_knn,15000,30000,0.7235,0.0594,0.7339,0.0631,0.8152,0.0279,0.0269,0.0006,0.2643,0.1040,0.0477,0.0021,0.3908,0.0305
rk45,256,2,3,0.0222,0.0008,quadratic,quadratic,15000,45000,0.3970,0.0021,0.3974,0.0023,0.4817,0.0031,0.0230,0.0005,0.3777,0.0054,0.0434,0.0008,0.2204,0.0015
rk45,256,2,3,0.0222,0.0008,polar3,polar,15000,45000,0.9593,0.0024,0.9672,0.0025,0.9632,0.0025,0.9707,0.0002,0.6102,0.0138,0.7493,0.0104,0.8583,0.0056
rk45,256,2,3,0.0222,0.0008,knn,knn,20000,60000,0.6907,0.0024,0.7064,0.0027,0.6974,0.0025,0.0165,0.0130,0.0004,0.0004,0.0009,0.0007,0.3536,0.0011
rk45,256,2,3,0.0222,0.0008,altered_knn,altered_knn,20000,40000,0.6065,0.0675,0.6106,0.0710,0.7416,0.0499,0.0258,0.0013,0.4300,0.0797,0.0485,0.0016,0.3295,0.0363
rk45,256,2,3,0.0222,0.0008,quadratic,quadratic,20000,60000,0.4194,0.0031,0.4203,0.0031,0.5106,0.0043,0.0229,0.0009,0.3793,0.0037,0.0433,0.0017,0.2318,0.0024
rk45,256,2,3,0.0222,0.0008,polar3,polar,20000,60000,0.9655,0.0009,0.9731,0.0008,0.9692,0.0009,0.9797,0.0011,0.6302,0.0099,0.7670,0.0074,0.8700,0.0038
rk45,256,4,3,0.0189,0.0004,knn,knn,2000,12000,0.4450,0.0012,0.4534,0.0012,0.4482,0.0015,0.0299,0.0045,0.0089,0.0015,0.0137,0.0022,0.2335,0.0017
rk45,256,4,3,0.0189,0.0004,altered_knn,altered_knn,2000,8000,0.6530,0.0259,0.6628,0.0276,0.6996,0.0087,0.0220,0.0003,0.1451,0.0658,0.0374,0.0026,0.3501,0.0125
rk45,256,4,3,0.0189,0.0004,quadratic,quadratic,2000,12000,0.2170,0.0006,0.2121,0.0006,0.2736,0.0007,0.0194,0.0004,0.4734,0.0017,0.0373,0.0008,0.1247,0.0005
rk45,256,4,3,0.0189,0.0004,polar3,polar,2000,12000,0.8764,0.0028,0.8843,0.0032,0.8805,0.0029,0.8228,0.0178,0.4650,0.0125,0.5940,0.0091,0.7391,0.0037
rk45,256,4,3,0.0189,0.0004,knn,knn,5000,30000,0.4584,0.0006,0.4671,0.0005,0.4615,0.0008,0.0339,0.0070,0.0064,0.0012,0.0107,0.0021,0.2389,0.0011
rk45,256,4,3,0.0189,0.0004,altered_knn,altered_knn,5000,20000,0.6248,0.0784,0.6317,0.0831,0.6993,0.0341,0.0231,0.0008,0.2578,0.1722,0.0391,0.0053,0.3354,0.0397
rk45,256,4,3,0.0189,0.0004,quadratic,quadratic,5000,30000,0.2578,0.0005,0.2545,0.0007,0.3197,0.0005,0.0193,0.0007,0.4294,0.0128,0.0370,0.0014,0.1458,0.0005
rk45,256,4,3,0.0189,0.0004,polar3,polar,5000,30000,0.9124,0.0028,0.9196,0.0029,0.9154,0.0030,0.9771,0.0033,0.5369,0.0036,0.6930,0.0022,0.8063,0.0024
rk45,256,4,3,0.0189,0.0004,knn,knn,10000,60000,0.4663,0.0014,0.4751,0.0013,0.4695,0.0014,0.0242,0.0029,0.0047,0.0006,0.0078,0.0009,0.2415,0.0004
rk45,256,4,3,0.0189,0.0004,altered_knn,altered_knn,10000,40000,0.6540,0.0997,0.6629,0.1055,0.7143,0.0456,0.0229,0.0020,0.1945,0.1976,0.0338,0.0059,0.3484,0.0509
rk45,256,4,3,0.0189,0.0004,quadratic,quadratic,10000,60000,0.2975,0.0005,0.2955,0.0005,0.3640,0.0005,0.0193,0.0002,0.3982,0.0052,0.0369,0.0003,0.1662,0.0003
rk45,256,4,3,0.0189,0.0004,polar3,polar,10000,60000,0.9379,0.0011,0.9436,0.0010,0.9403,0.0011,0.9908,0.0015,0.6416,0.0066,0.7788,0.0050,0.8612,0.0030
rk45,256,4,3,0.0189,0.0004,knn,knn,15000,90000,0.4712,0.0002,0.4802,0.0003,0.4746,0.0001,0.0236,0.0016,0.0042,0.0001,0.0072,0.0003,0.2437,0.0003
rk45,256,4,3,0.0189,0.0004,altered_knn,altered_knn,15000,60000,0.6307,0.1141,0.6377,0.1204,0.7060,0.0624,0.0222,0.0009,0.2605,0.2145,0.0388,0.0026,0.3382,0.0591
rk45,256,4,3,0.0189,0.0004,quadratic,quadratic,15000,90000,0.3462,0.0010,0.3458,0.0010,0.4168,0.0010,0.0196,0.0004,0.3675,0.0041,0.0373,0.0008,0.1915,0.0008
rk45,256,4,3,0.0189,0.0004,polar3,polar,15000,90000,0.9530,0.0018,0.9577,0.0018,0.9551,0.0018,0.9926,0.0026,0.7054,0.0035,0.8247,0.0024,0.8912,0.0003
rk45,256,4,3,0.0189,0.0004,knn,knn,20000,120000,0.4742,0.0010,0.4832,0.0011,0.4777,0.0008,0.0269,0.0059,0.0044,0.0012,0.0076,0.0020,0.2454,0.0005
rk45,256,4,3,0.0189,0.0004,altered_knn,altered_knn,20000,80000,0.6617,0.0859,0.6701,0.0909,0.7286,0.0383,0.0236,0.0010,0.2231,0.1787,0.0400,0.0019,0.3550,0.0446
rk45,256,4,3,0.0189,0.0004,quadratic,quadratic,20000,120000,0.3965,0.0001,0.3971,0.0002,0.4701,0.0001,0.0211,0.0005,0.3633,0.0083,0.0400,0.0010,0.2185,0.0004
rk45,256,4,3,0.0189,0.0004,polar3,polar,20000,120000,0.9590,0.0034,0.9631,0.0036,0.9608,0.0035,0.9940,0.0018,0.7477,0.0105,0.8534,0.0067,0.9082,0.0022
rk45,256,8,3,0.0178,0.0005,knn,knn,2000,24000,0.2860,0.0005,0.2908,0.0003,0.2872,0.0006,0.0244,0.0018,0.0197,0.0027,0.0218,0.0024,0.1563,0.0013
rk45,256,8,3,0.0178,0.0005,altered_knn,altered_knn,2000,16000,0.5329,0.0293,0.5391,0.0317,0.5809,0.0066,0.0215,0.0011,0.1935,0.0958,0.0377,0.0001,0.2884,0.0159
rk45,256,8,3,0.0178,0.0005,quadratic,quadratic,2000,24000,0.1672,0.0007,0.1599,0.0007,0.2207,0.0011,0.0181,0.0005,0.5669,0.0063,0.0351,0.0009,0.0975,0.0004
rk45,256,8,3,0.0178,0.0005,polar3,polar,2000,24000,0.8636,0.0000,0.8701,0.0003,0.8663,0.0002,0.9520,0.0022,0.5068,0.0111,0.6614,0.0095,0.7657,0.0046
rk45,256,8,3,0.0178,0.0005,knn,knn,5000,60000,0.2978,0.0009,0.3029,0.0007,0.2989,0.0010,0.0264,0.0022,0.0162,0.0016,0.0201,0.0019,0.1615,0.0012
rk45,256,8,3,0.0178,0.0005,altered_knn,altered_knn,5000,40000,0.4300,0.0260,0.4286,0.0272,0.5481,0.0184,0.0202,0.0008,0.5079,0.0424,0.0389,0.0013,0.2337,0.0141
rk45,256,8,3,0.0178,0.0005,quadratic,quadratic,5000,60000,0.2278,0.0005,0.2230,0.0006,0.2906,0.0005,0.0185,0.0004,0.4928,0.0027,0.0356,0.0008,0.1293,0.0003
rk45,256,8,3,0.0178,0.0005,polar3,polar,5000,60000,0.9106,0.0019,0.9160,0.0021,0.9127,0.0020,0.9881,0.0019,0.6149,0.0099,0.7580,0.0077,0.8370,0.0030
rk45,256,8,3,0.0178,0.0005,knn,knn,10000,120000,0.3072,0.0003,0.3125,0.0005,0.3085,0.0004,0.0270,0.0021,0.0152,0.0016,0.0194,0.0018,0.1659,0.0007
rk45,256,8,3,0.0178,0.0005,altered_knn,altered_knn,10000,80000,0.5378,0.0842,0.5428,0.0897,0.6068,0.0374,0.0229,0.0036,0.2748,0.2128,0.0326,0.0087,0.2877,0.0420
rk45,256,8,3,0.0178,0.0005,quadratic,quadratic,10000,120000,0.2950,0.0006,0.2927,0.0006,0.3601,0.0005,0.0195,0.0004,0.4213,0.0035,0.0372,0.0008,0.1650,0.0005
rk45,256,8,3,0.0178,0.0005,polar3,polar,10000,120000,0.9442,0.0004,0.9486,0.0000,0.9461,0.0002,0.9900,0.0019,0.6989,0.0110,0.8193,0.0069,0.8840,0.0035
rk45,256,8,3,0.0178,0.0005,knn,knn,15000,180000,0.3101,0.0003,0.3154,0.0003,0.3113,0.0003,0.0289,0.0002,0.0157,0.0006,0.0204,0.0006,0.1679,0.0003
rk45,256,8,3,0.0178,0.0005,altered_knn,altered_knn,15000,120000,0.5726,0.0655,0.5789,0.0697,0.6298,0.0245,0.0222,0.0005,0.2215,0.1732,0.0367,0.0056,0.3078,0.0329
rk45,256,8,3,0.0178,0.0005,quadratic,quadratic,15000,180000,0.3510,0.0009,0.3507,0.0010,0.4154,0.0008,0.0203,0.0006,0.3694,0.0054,0.0385,0.0010,0.1946,0.0008
rk45,256,8,3,0.0178,0.0005,polar3,polar,15000,180000,0.9552,0.0006,0.9594,0.0008,0.9570,0.0007,0.9894,0.0008,0.7215,0.0095,0.8345,0.0061,0.8969,0.0029
rk45,256,8,3,0.0178,0.0005,knn,knn,20000,240000,0.3134,0.0006,0.3188,0.0005,0.3146,0.0006,0.0272,0.0001,0.0141,0.0002,0.0186,0.0002,0.1687,0.0002
rk45,256,8,3,0.0178,0.0005,altered_knn,altered_knn,20000,160000,0.4610,0.0441,0.4604,0.0465,0.5821,0.0279,0.0205,0.0008,0.4978,0.0874,0.0393,0.0012,0.2499,0.0238
rk45,256,8,3,0.0178,0.0005,quadratic,quadratic,20000,240000,0.4045,0.0005,0.4056,0.0005,0.4651,0.0005,0.0229,0.0008,0.3453,0.0036,0.0429,0.0013,0.2242,0.0009
rk45,256,8,3,0.0178,0.0005,polar3,polar,20000,240000,0.9550,0.0022,0.9591,0.0020,0.9568,0.0021,0.9894,0.0024,0.7330,0.0077,0.8421,0.0050,0.9006,0.0033
rk45,256,16,3,0.0161,0.0004,knn,knn,2000,48000,0.1805,0.0001,0.1828,0.0002,0.1806,0.0001,0.0215,0.0009,0.0355,0.0031,0.0268,0.0016,0.1048,0.0007
rk45,256,16,3,0.0161,0.0004,altered_knn,altered_knn,2000,32000,0.4339,0.0398,0.4375,0.0427,0.4777,0.0143,0.0187,0.0006,0.2138,0.1369,0.0333,0.0011,0.2354,0.0209
rk45,256,16,3,0.0161,0.0004,quadratic,quadratic,2000,48000,0.1552,0.0005,0.1469,0.0006,0.2157,0.0011,0.0165,0.0003,0.6618,0.0050,0.0322,0.0006,0.0896,0.0003
rk45,256,16,3,0.0161,0.0004,polar3,polar,2000,48000,0.8187,0.0064,0.8222,0.0063,0.8170,0.0072,0.9616,0.0052,0.6071,0.0079,0.7442,0.0052,0.7832,0.0055
rk45,256,16,3,0.0161,0.0004,knn,knn,5000,120000,0.1898,0.0002,0.1924,0.0001,0.1899,0.0001,0.0219,0.0006,0.0301,0.0001,0.0254,0.0004,0.1089,0.0002
rk45,256,16,3,0.0161,0.0004,altered_knn,altered_knn,5000,80000,0.3681,0.0086,0.3657,0.0092,0.4693,0.0050,0.0181,0.0004,0.5107,0.0224,0.0350,0.0007,0.2004,0.0044
rk45,256,16,3,0.0161,0.0004,quadratic,quadratic,5000,120000,0.2411,0.0003,0.2359,0.0003,0.3160,0.0004,0.0173,0.0003,0.5549,0.0010,0.0336,0.0006,0.1348,0.0003
rk45,256,16,3,0.0161,0.0004,polar3,polar,5000,120000,0.8822,0.0026,0.8853,0.0024,0.8819,0.0029,0.9788,0.0054,0.6950,0.0106,0.8128,0.0057,0.8490,0.0040
rk45,256,16,3,0.0161,0.0004,knn,knn,10000,240000,0.1961,0.0002,0.1988,0.0002,0.1963,0.0001,0.0219,0.0011,0.0282,0.0009,0.0246,0.0010,0.1117,0.0005
rk45,256,16,3,0.0161,0.0004,altered_knn,altered_knn,10000,160000,0.4467,0.0641,0.4489,0.0687,0.5150,0.0211,0.0189,0.0012,0.3175,0.2138,0.0293,0.0079,0.2391,0.0304
rk45,256,16,3,0.0161,0.0004,quadratic,quadratic,10000,240000,0.3195,0.0004,0.3177,0.0004,0.3866,0.0003,0.0190,0.0004,0.4344,0.0013,0.0364,0.0008,0.1770,0.0004
rk45,256,16,3,0.0161,0.0004,polar3,polar,10000,240000,0.9127,0.0018,0.9157,0.0018,0.9136,0.0019,0.9796,0.0047,0.7252,0.0097,0.8333,0.0053,0.8745,0.0024
rk45,256,16,3,0.0161,0.0004,knn,knn,15000,360000,0.1995,0.0002,0.2024,0.0001,0.1998,0.0002,0.0213,0.0015,0.0257,0.0018,0.0233,0.0016,0.1128,0.0008
rk45,256,16,3,0.0161,0.0004,altered_knn,altered_knn,15000,240000,0.4960,0.0483,0.5005,0.0516,0.5459,0.0188,0.0194,0.0009,0.2218,0.1524,0.0342,0.0025,0.2674,0.0253
rk45,256,16,3,0.0161,0.0004,quadratic,quadratic,15000,360000,0.3700,0.0005,0.3701,0.0005,0.4257,0.0005,0.0216,0.0003,0.3669,0.0055,0.0407,0.0006,0.2054,0.0000
rk45,256,16,3,0.0161,0.0004,polar3,polar,15000,360000,0.9217,0.0015,0.9247,0.0013,0.9226,0.0013,0.9772,0.0059,0.7371,0.0100,0.8403,0.0048,0.8825,0.0030
rk45,256,16,3,0.0161,0.0004,knn,knn,20000,480000,0.2028,0.0002,0.2057,0.0002,0.2030,0.0002,0.0235,0.0011,0.0273,0.0007,0.0253,0.0009,0.1155,0.0004
rk45,256,16,3,0.0161,0.0004,altered_knn,altered_knn,20000,320000,0.4409,0.0233,0.4414,0.0249,0.5311,0.0099,0.0189,0.0002,0.4130,0.0718,0.0361,0.0004,0.2388,0.0124
rk45,256,16,3,0.0161,0.0004,quadratic,quadratic,20000,480000,0.4196,0.0003,0.4210,0.0004,0.4644,0.0004,0.0269,0.0003,0.3347,0.0036,0.0497,0.0006,0.2353,0.0005
rk45,256,16,3,0.0161,0.0004,polar3,polar,20000,480000,0.9320,0.0035,0.9350,0.0033,0.9333,0.0034,0.9750,0.0063,0.7439,0.0091,0.8438,0.0040,0.8894,0.0036
rk45,512,2,1,0.0297,0.0000,knn,knn,2000,6000,0.6618,0.0000,0.6820,0.0000,0.6698,0.0000,0.0333,0.0000,0.0017,0.0000,0.0032,0.0000,0.3426,0.0000
rk45,512,2,1,0.0297,0.0000,altered_knn,altered_knn,2000,4000,0.6333,0.0000,0.6408,0.0000,0.7569,0.0000,0.0353,0.0000,0.3894,0.0000,0.0648,0.0000,0.3528,0.0000
rk45,512,2,1,0.0297,0.0000,quadratic,quadratic,2000,6000,0.3539,0.0000,0.3541,0.0000,0.4209,0.0000,0.0303,0.0000,0.3449,0.0000,0.0557,0.0000,0.2049,0.0000
rk45,512,2,1,0.0297,0.0000,polar3,polar,2000,6000,0.8643,0.0000,0.8771,0.0000,0.8806,0.0000,0.3526,0.0000,0.4466,0.0000,0.3941,0.0000,0.6356,0.0000
rk45,512,2,1,0.0297,0.0000,knn,knn,5000,15000,0.6734,0.0000,0.6940,0.0000,0.6815,0.0000,0.0288,0.0000,0.0010,0.0000,0.0020,0.0000,0.3480,0.0000
rk45,512,2,1,0.0297,0.0000,altered_knn,altered_knn,5000,10000,0.7927,0.0000,0.8130,0.0000,0.8443,0.0000,0.0372,0.0000,0.1273,0.0000,0.0576,0.0000,0.4353,0.0000
rk45,512,2,1,0.0297,0.0000,quadratic,quadratic,5000,15000,0.3456,0.0000,0.3448,0.0000,0.4159,0.0000,0.0303,0.0000,0.3688,0.0000,0.0560,0.0000,0.2004,0.0000
rk45,512,2,1,0.0297,0.0000,polar3,polar,5000,15000,0.9115,0.0000,0.9237,0.0000,0.9211,0.0000,0.6201,0.0000,0.5140,0.0000,0.5621,0.0000,0.7429,0.0000
rk45,512,2,1,0.0297,0.0000,knn,knn,10000,30000,0.6817,0.0000,0.7026,0.0000,0.6897,0.0000,0.0244,0.0000,0.0007,0.0000,0.0013,0.0000,0.3519,0.0000
rk45,512,2,1,0.0297,0.0000,altered_knn,altered_knn,10000,20000,0.5956,0.0000,0.6003,0.0000,0.7343,0.0000,0.0341,0.0000,0.4406,0.0000,0.0633,0.0000,0.3318,0.0000
rk45,512,2,1,0.0297,0.0000,quadratic,quadratic,10000,30000,0.3478,0.0000,0.3465,0.0000,0.4220,0.0000,0.0305,0.0000,0.3890,0.0000,0.0566,0.0000,0.2016,0.0000
rk45,512,2,1,0.0297,0.0000,polar3,polar,10000,30000,0.9319,0.0000,0.9427,0.0000,0.9390,0.0000,0.7733,0.0000,0.5803,0.0000,0.6631,0.0000,0.8029,0.0000
rk45,512,2,1,0.0297,0.0000,knn,knn,15000,45000,0.6861,0.0000,0.7071,0.0000,0.6948,0.0000,0.0000,0.0000,0.0000,0.0000,0.0000,0.0000,0.3536,0.0000
rk45,512,2,1,0.0297,0.0000,altered_knn,altered_knn,15000,30000,0.6841,0.0000,0.6949,0.0000,0.7972,0.0000,0.0356,0.0000,0.3341,0.0000,0.0643,0.0000,0.3796,0.0000
rk45,512,2,1,0.0297,0.0000,quadratic,quadratic,15000,45000,0.3537,0.0000,0.3532,0.0000,0.4298,0.0000,0.0290,0.0000,0.3675,0.0000,0.0538,0.0000,0.2035,0.0000
rk45,512,2,1,0.0297,0.0000,polar3,polar,15000,45000,0.9414,0.0000,0.9514,0.0000,0.9473,0.0000,0.8486,0.0000,0.6117,0.0000,0.7109,0.0000,0.8312,0.0000
rk45,512,2,1,0.0297,0.0000,knn,knn,20000,60000,0.6880,0.0000,0.7090,0.0000,0.6967,0.0000,0.0388,0.0000,0.0013,0.0000,0.0026,0.0000,0.3558,0.0000
rk45,512,2,1,0.0297,0.0000,altered_knn,altered_knn,20000,40000,0.8119,0.0000,0.8332,0.0000,0.8604,0.0000,0.0373,0.0000,0.1145,0.0000,0.0563,0.0000,0.4448,0.0000
rk45,512,2,1,0.0297,0.0000,quadratic,quadratic,20000,60000,0.3539,0.0000,0.3527,0.0000,0.4314,0.0000,0.0304,0.0000,0.3941,0.0000,0.0565,0.0000,0.2046,0.0000
rk45,512,2,1,0.0297,0.0000,polar3,polar,20000,60000,0.9496,0.0000,0.9590,0.0000,0.9550,0.0000,0.8779,0.0000,0.6420,0.0000,0.7416,0.0000,0.8503,0.0000
rk45,512,4,3,0.0253,0.0020,knn,knn,2000,12000,0.4309,0.0012,0.4418,0.0010,0.4352,0.0014,0.0399,0.0066,0.0109,0.0012,0.0171,0.0021,0.2295,0.0006
rk45,512,4,3,0.0253,0.0020,altered_knn,altered_knn,2000,8000,0.6161,0.0449,0.6264,0.0498,0.6849,0.0130,0.0319,0.0058,0.2293,0.1140,0.0510,0.0031,0.3387,0.0249
rk45,512,4,3,0.0253,0.0020,quadratic,quadratic,2000,12000,0.1453,0.0022,0.1323,0.0014,0.1936,0.0016,0.0255,0.0021,0.6475,0.0012,0.0490,0.0039,0.0907,0.0025
rk45,512,4,3,0.0253,0.0020,polar3,polar,2000,12000,0.8020,0.0010,0.8093,0.0016,0.8086,0.0009,0.5464,0.0284,0.5207,0.0212,0.5323,0.0111,0.6708,0.0061
rk45,512,4,3,0.0253,0.0020,knn,knn,5000,30000,0.4433,0.0021,0.4546,0.0014,0.4477,0.0021,0.0300,0.0032,0.0071,0.0010,0.0115,0.0015,0.2331,0.0012
rk45,512,4,3,0.0253,0.0020,altered_knn,altered_knn,5000,20000,0.6352,0.0157,0.6456,0.0181,0.7078,0.0029,0.0307,0.0024,0.2403,0.0499,0.0540,0.0028,0.3498,0.0104
rk45,512,4,3,0.0253,0.0020,quadratic,quadratic,5000,30000,0.1770,0.0008,0.1664,0.0011,0.2329,0.0012,0.0255,0.0023,0.5874,0.0102,0.0489,0.0043,0.1076,0.0018
rk45,512,4,3,0.0253,0.0020,polar3,polar,5000,30000,0.8669,0.0033,0.8744,0.0045,0.8708,0.0037,0.8472,0.0273,0.5785,0.0209,0.6868,0.0085,0.7806,0.0031
rk45,512,4,3,0.0253,0.0020,knn,knn,10000,60000,0.4529,0.0026,0.4645,0.0017,0.4574,0.0023,0.0322,0.0064,0.0062,0.0008,0.0104,0.0014,0.2374,0.0005
rk45,512,4,3,0.0253,0.0020,altered_knn,altered_knn,10000,40000,0.5119,0.0211,0.5123,0.0225,0.6466,0.0147,0.0292,0.0022,0.4997,0.0373,0.0552,0.0038,0.2837,0.0126
rk45,512,4,3,0.0253,0.0020,quadratic,quadratic,10000,60000,0.2067,0.0010,0.1985,0.0017,0.2668,0.0018,0.0253,0.0019,0.5260,0.0013,0.0483,0.0034,0.1234,0.0009
rk45,512,4,3,0.0253,0.0020,polar3,polar,10000,60000,0.8921,0.0041,0.8989,0.0056,0.8951,0.0046,0.9468,0.0237,0.6322,0.0382,0.7569,0.0207,0.8279,0.0082
rk45,512,4,3,0.0253,0.0020,knn,knn,15000,90000,0.4567,0.0022,0.4684,0.0013,0.4612,0.0018,0.0268,0.0004,0.0050,0.0003,0.0084,0.0004,0.2384,0.0008
rk45,512,4,3,0.0253,0.0020,altered_knn,altered_knn,15000,60000,0.6615,0.0195,0.6725,0.0205,0.7322,0.0072,0.0316,0.0027,0.2307,0.0432,0.0554,0.0049,0.3640,0.0089
rk45,512,4,3,0.0253,0.0020,quadratic,quadratic,15000,90000,0.2224,0.0009,0.2152,0.0013,0.2834,0.0017,0.0255,0.0022,0.4990,0.0049,0.0486,0.0040,0.1319,0.0016
rk45,512,4,3,0.0253,0.0020,polar3,polar,15000,90000,0.9176,0.0023,0.9236,0.0011,0.9202,0.0018,0.9601,0.0276,0.6878,0.0397,0.8001,0.0192,0.8618,0.0101
rk45,512,4,3,0.0253,0.0020,knn,knn,20000,120000,0.4602,0.0021,0.4720,0.0013,0.4648,0.0018,0.0260,0.0060,0.0047,0.0012,0.0080,0.0020,0.2400,0.0016
rk45,512,4,3,0.0253,0.0020,altered_knn,altered_knn,20000,80000,0.5591,0.0827,0.5621,0.0881,0.6753,0.0503,0.0299,0.0015,0.4246,0.1464,0.0554,0.0043,0.3088,0.0419
rk45,512,4,3,0.0253,0.0020,quadratic,quadratic,20000,120000,0.2360,0.0015,0.2299,0.0017,0.2979,0.0024,0.0253,0.0018,0.4704,0.0048,0.0479,0.0032,0.1389,0.0013
rk45,512,4,3,0.0253,0.0020,polar3,polar,20000,120000,0.9228,0.0012,0.9282,0.0026,0.9252,0.0017,0.9639,0.0294,0.7181,0.0388,0.8217,0.0184,0.8750,0.0080
rk45,512,8,2,0.0221,0.0006,knn,knn,2000,24000,0.2667,0.0001,0.2722,0.0002,0.2691,0.0000,0.0270,0.0016,0.0233,0.0008,0.0251,0.0011,0.1486,0.0007
rk45,512,8,2,0.0221,0.0006,altered_knn,altered_knn,2000,16000,0.3910,0.0058,0.3877,0.0062,0.5083,0.0046,0.0246,0.0005,0.5401,0.0132,0.0470,0.0009,0.2173,0.0035
rk45,512,8,2,0.0221,0.0006,quadratic,quadratic,2000,24000,0.0823,0.0005,0.0659,0.0000,0.1096,0.0001,0.0223,0.0006,0.8066,0.0033,0.0434,0.0012,0.0546,0.0006
rk45,512,8,2,0.0221,0.0006,polar3,polar,2000,24000,0.7820,0.0020,0.7868,0.0021,0.7840,0.0022,0.7751,0.0140,0.5695,0.0016,0.6565,0.0039,0.7217,0.0009
rk45,512,8,2,0.0221,0.0006,knn,knn,5000,60000,0.2798,0.0005,0.2858,0.0003,0.2821,0.0004,0.0283,0.0021,0.0158,0.0018,0.0203,0.0020,0.1530,0.0012
rk45,512,8,2,0.0221,0.0006,altered_knn,altered_knn,5000,40000,0.4833,0.0600,0.4860,0.0646,0.5714,0.0295,0.0258,0.0017,0.3692,0.1422,0.0476,0.0014,0.2668,0.0330
rk45,512,8,2,0.0221,0.0006,quadratic,quadratic,5000,60000,0.1287,0.0007,0.1157,0.0003,0.1765,0.0003,0.0224,0.0007,0.7033,0.0038,0.0435,0.0014,0.0796,0.0008
rk45,512,8,2,0.0221,0.0006,polar3,polar,5000,60000,0.8523,0.0026,0.8578,0.0031,0.8537,0.0030,0.9512,0.0026,0.6090,0.0108,0.7425,0.0072,0.8002,0.0021
rk45,512,8,2,0.0221,0.0006,knn,knn,10000,120000,0.2876,0.0001,0.2937,0.0002,0.2897,0.0001,0.0311,0.0045,0.0152,0.0020,0.0204,0.0028,0.1571,0.0015
rk45,512,8,2,0.0221,0.0006,altered_knn,altered_knn,10000,80000,0.5144,0.0211,0.5177,0.0225,0.6066,0.0120,0.0261,0.0005,0.3645,0.0456,0.0486,0.0013,0.2832,0.0106
rk45,512,8,2,0.0221,0.0006,quadratic,quadratic,10000,120000,0.1624,0.0001,0.1519,0.0003,0.2187,0.0004,0.0225,0.0004,0.6300,0.0036,0.0434,0.0008,0.0977,0.0002
rk45,512,8,2,0.0221,0.0006,polar3,polar,10000,120000,0.8849,0.0069,0.8894,0.0074,0.8848,0.0084,0.9634,0.0017,0.6843,0.0108,0.8002,0.0080,0.8448,0.0003
rk45,512,8,2,0.0221,0.0006,knn,knn,15000,180000,0.2912,0.0000,0.2975,0.0001,0.2936,0.0001,0.0288,0.0012,0.0136,0.0009,0.0184,0.0011,0.1580,0.0005
rk45,512,8,2,0.0221,0.0006,altered_knn,altered_knn,15000,120000,0.5982,0.0301,0.6084,0.0329,0.6382,0.0065,0.0269,0.0014,0.1424,0.1041,0.0407,0.0101,0.3246,0.0114
rk45,512,8,2,0.0221,0.0006,quadratic,quadratic,15000,180000,0.1878,0.0007,0.1798,0.0008,0.2433,0.0010,0.0225,0.0004,0.5407,0.0032,0.0431,0.0007,0.1115,0.0001
rk45,512,8,2,0.0221,0.0006,polar3,polar,15000,180000,0.9113,0.0002,0.9153,0.0002,0.9125,0.0001,0.9584,0.0021,0.7333,0.0119,0.8308,0.0068,0.8731,0.0033
rk45,512,8,2,0.0221,0.0006,knn,knn,20000,240000,0.2941,0.0012,0.3005,0.0010,0.2965,0.0013,0.0284,0.0041,0.0128,0.0013,0.0176,0.0020,0.1591,0.0005
rk45,512,8,2,0.0221,0.0006,altered_knn,altered_knn,20000,160000,0.5912,0.0308,0.6002,0.0337,0.6423,0.0054,0.0280,0.0002,0.1882,0.1048,0.0464,0.0043,0.3233,0.0147
rk45,512,8,2,0.0221,0.0006,quadratic,quadratic,20000,240000,0.2025,0.0001,0.1953,0.0002,0.2607,0.0006,0.0225,0.0003,0.5201,0.0076,0.0431,0.0006,0.1192,0.0002
rk45,512,8,2,0.0221,0.0006,polar3,polar,20000,240000,0.9255,0.0001,0.9295,0.0002,0.9271,0.0001,0.9562,0.0015,0.7500,0.0106,0.8406,0.0061,0.8850,0.0029
rk45,512,16,2,0.0236,0.0000,knn,knn,2000,48000,0.1607,0.0001,0.1636,0.0001,0.1614,0.0001,0.0271,0.0009,0.0403,0.0019,0.0324,0.0012,0.0980,0.0006
rk45,512,16,2,0.0236,0.0000,altered_knn,altered_knn,2000,32000,0.4195,0.0064,0.4217,0.0069,0.4719,0.0016,0.0333,0.0019,0.3277,0.0135,0.0604,0.0029,0.2410,0.0049
rk45,512,16,2,0.0236,0.0000,quadratic,quadratic,2000,48000,0.0611,0.0001,0.0409,0.0001,0.0734,0.0001,0.0238,0.0000,0.8964,0.0019,0.0464,0.0001,0.0437,0.0001
rk45,512,16,2,0.0236,0.0000,polar3,polar,2000,48000,0.7451,0.0030,0.7533,0.0025,0.7486,0.0027,0.6560,0.0355,0.4074,0.0260,0.5026,0.0302,0.6280,0.0163
rk45,512,16,2,0.0236,0.0000,knn,knn,5000,120000,0.1693,0.0000,0.1726,0.0000,0.1701,0.0001,0.0272,0.0012,0.0343,0.0015,0.0303,0.0013,0.1015,0.0007
rk45,512,16,2,0.0236,0.0000,altered_knn,altered_knn,5000,80000,0.3758,0.0207,0.3719,0.0222,0.4627,0.0128,0.0312,0.0015,0.5408,0.0409,0.0590,0.0025,0.2154,0.0123
rk45,512,16,2,0.0236,0.0000,quadratic,quadratic,5000,120000,0.1068,0.0002,0.0898,0.0002,0.1482,0.0003,0.0242,0.0001,0.8130,0.0021,0.0469,0.0001,0.0683,0.0001
rk45,512,16,2,0.0236,0.0000,polar3,polar,5000,120000,0.7986,0.0026,0.8074,0.0019,0.7975,0.0016,0.6963,0.0466,0.4356,0.0286,0.5359,0.0354,0.6717,0.0187
rk45,512,16,2,0.0236,0.0000,knn,knn,10000,240000,0.1744,0.0002,0.1778,0.0002,0.1750,0.0003,0.0281,0.0001,0.0329,0.0007,0.0303,0.0004,0.1040,0.0001
rk45,512,16,2,0.0236,0.0000,altered_knn,altered_knn,10000,160000,0.4393,0.0685,0.4413,0.0759,0.4995,0.0269,0.0387,0.0086,0.3578,0.2408,0.0623,0.0051,0.2518,0.0405
rk45,512,16,2,0.0236,0.0000,quadratic,quadratic,10000,240000,0.1544,0.0003,0.1426,0.0003,0.2067,0.0004,0.0241,0.0001,0.6436,0.0022,0.0465,0.0001,0.0945,0.0001
rk45,512,16,2,0.0236,0.0000,polar3,polar,10000,240000,0.8460,0.0017,0.8555,0.0010,0.8489,0.0009,0.6781,0.0456,0.4515,0.0294,0.5421,0.0358,0.6988,0.0184
rk45,512,16,2,0.0236,0.0000,knn,knn,15000,360000,0.1779,0.0002,0.1815,0.0002,0.1787,0.0001,0.0265,0.0003,0.0300,0.0005,0.0281,0.0004,0.1048,0.0001
rk45,512,16,2,0.0236,0.0000,altered_knn,altered_knn,15000,240000,0.3843,0.0107,0.3790,0.0114,0.4875,0.0049,0.0310,0.0012,0.6031,0.0166,0.0589,0.0021,0.2190,0.0067
rk45,512,16,2,0.0236,0.0000,quadratic,quadratic,15000,360000,0.1769,0.0007,0.1665,0.0006,0.2355,0.0008,0.0240,0.0001,0.6074,0.0030,0.0462,0.0003,0.1064,0.0005
rk45,512,16,2,0.0236,0.0000,polar3,polar,15000,360000,0.8700,0.0080,0.8800,0.0074,0.8752,0.0081,0.6675,0.0445,0.4558,0.0303,0.5417,0.0360,0.7109,0.0217
rk45,512,16,2,0.0236,0.0000,knn,knn,20000,480000,0.1808,0.0001,0.1845,0.0001,0.1816,0.0001,0.0270,0.0003,0.0284,0.0003,0.0277,0.0003,0.1061,0.0002
rk45,512,16,2,0.0236,0.0000,altered_knn,altered_knn,20000,320000,0.4631,0.0713,0.4664,0.0802,0.5200,0.0237,0.0390,0.0070,0.3243,0.2970,0.0476,0.0133,0.2570,0.0334
rk45,512,16,2,0.0236,0.0000,quadratic,quadratic,20000,480000,0.1928,0.0001,0.1835,0.0000,0.2538,0.0001,0.0241,0.0002,0.5757,0.0037,0.0462,0.0003,0.1149,0.0001
rk45,512,16,2,0.0236,0.0000,polar3,polar,20000,480000,0.8900,0.0102,0.9005,0.0097,0.8969,0.0095,0.6650,0.0447,0.4580,0.0298,0.5424,0.0357,0.7214,0.0227
