sampler,d,K,n_seeds,hall_gt,hall_gt_std,model,arch,n_per_mode,n_anchors,full_acc,full_acc_std,mode_acc,mode_acc_std,mode_f1,mode_f1_std,hall_prec,hall_prec_std,hall_rec,hall_rec_std,hall_f1,hall_f1_std,balanced,balanced_std
heun,2,2,3,0.0106,0.0004,knn,knn,2000,6000,0.9822,0.0011,0.9854,0.0011,0.9885,0.0006,0.3797,0.0271,0.6827,0.0213,0.4875,0.0245,0.7364,0.0128
heun,2,2,3,0.0106,0.0004,altered_knn,altered_knn,2000,4000,0.9665,0.0047,0.9744,0.0053,0.9808,0.0021,0.0938,0.0100,0.2280,0.0506,0.1311,0.0142,0.5527,0.0070
heun,2,2,3,0.0106,0.0004,quadratic,quadratic,2000,6000,0.9852,0.0025,0.9894,0.0020,0.9887,0.0022,0.5989,0.0183,0.5873,0.0305,0.5929,0.0232,0.7912,0.0126
heun,2,2,3,0.0106,0.0004,polar3,polar,2000,6000,0.9862,0.0006,0.9890,0.0010,0.9900,0.0008,0.5450,0.0104,0.7213,0.0357,0.6204,0.0137,0.8047,0.0064
heun,2,2,3,0.0106,0.0004,knn,knn,5000,15000,0.9853,0.0007,0.9886,0.0009,0.9901,0.0008,0.4601,0.0193,0.6759,0.0145,0.5470,0.0094,0.7678,0.0050
heun,2,2,3,0.0106,0.0004,altered_knn,altered_knn,5000,10000,0.9750,0.0025,0.9836,0.0032,0.9849,0.0007,0.1098,0.0158,0.1696,0.0779,0.1286,0.0402,0.5561,0.0185
heun,2,2,3,0.0106,0.0004,quadratic,quadratic,5000,15000,0.9865,0.0029,0.9908,0.0025,0.9900,0.0027,0.6007,0.0104,0.5835,0.0305,0.5916,0.0180,0.7912,0.0102
heun,2,2,3,0.0106,0.0004,polar3,polar,5000,15000,0.9861,0.0006,0.9890,0.0011,0.9899,0.0008,0.5444,0.0142,0.7174,0.0322,0.6185,0.0114,0.8037,0.0054
heun,2,2,3,0.0106,0.0004,knn,knn,10000,30000,0.9863,0.0005,0.9897,0.0009,0.9904,0.0008,0.5256,0.0142,0.6704,0.0232,0.5889,0.0122,0.7893,0.0059
heun,2,2,3,0.0106,0.0004,altered_knn,altered_knn,10000,20000,0.9770,0.0036,0.9861,0.0048,0.9857,0.0016,0.0973,0.0160,0.1204,0.0890,0.0978,0.0413,0.5420,0.0185
heun,2,2,3,0.0106,0.0004,quadratic,quadratic,10000,30000,0.9871,0.0030,0.9914,0.0025,0.9907,0.0028,0.6009,0.0139,0.5877,0.0338,0.5939,0.0227,0.7927,0.0126
heun,2,2,3,0.0106,0.0004,polar3,polar,10000,30000,0.9861,0.0005,0.9890,0.0010,0.9899,0.0008,0.5449,0.0106,0.7174,0.0307,0.6190,0.0131,0.8040,0.0062
heun,2,2,3,0.0106,0.0004,knn,knn,15000,45000,0.9868,0.0004,0.9901,0.0008,0.9904,0.0007,0.5649,0.0158,0.6806,0.0338,0.6172,0.0212,0.8036,0.0102
heun,2,2,3,0.0106,0.0004,altered_knn,altered_knn,15000,30000,0.9782,0.0027,0.9878,0.0035,0.9864,0.0014,0.0892,0.0152,0.0835,0.0486,0.0784,0.0276,0.5331,0.0123
heun,2,2,3,0.0106,0.0004,quadratic,quadratic,15000,45000,0.9863,0.0029,0.9906,0.0024,0.9898,0.0027,0.6030,0.0161,0.5884,0.0342,0.5953,0.0238,0.7929,0.0131
heun,2,2,3,0.0106,0.0004,polar3,polar,15000,45000,0.9861,0.0005,0.9890,0.0009,0.9899,0.0008,0.5421,0.0110,0.7174,0.0315,0.6172,0.0144,0.8031,0.0068
heun,2,2,3,0.0106,0.0004,knn,knn,20000,60000,0.9870,0.0004,0.9903,0.0009,0.9905,0.0008,0.5908,0.0195,0.6798,0.0371,0.6318,0.0235,0.8110,0.0113
heun,2,2,3,0.0106,0.0004,altered_knn,altered_knn,20000,40000,0.9796,0.0004,0.9896,0.0004,0.9869,0.0007,0.0655,0.0202,0.0419,0.0176,0.0509,0.0190,0.5203,0.0095
heun,2,2,3,0.0106,0.0004,quadratic,quadratic,20000,60000,0.9859,0.0029,0.9902,0.0024,0.9894,0.0027,0.6021,0.0186,0.5865,0.0355,0.5938,0.0253,0.7920,0.0139
heun,2,2,3,0.0106,0.0004,polar3,polar,20000,60000,0.9861,0.0005,0.9890,0.0009,0.9899,0.0008,0.5430,0.0092,0.7177,0.0311,0.6179,0.0136,0.8035,0.0064
heun,2,4,3,0.0114,0.0005,knn,knn,2000,12000,0.9631,0.0101,0.9677,0.0091,0.9709,0.0110,0.2477,0.0544,0.5705,0.1050,0.3453,0.0721,0.6565,0.0402
heun,2,4,3,0.0114,0.0005,altered_knn,altered_knn,2000,8000,0.9552,0.0092,0.9640,0.0090,0.9667,0.0091,0.0949,0.0258,0.1975,0.0604,0.1259,0.0326,0.5450,0.0200
heun,2,4,3,0.0114,0.0005,quadratic,quadratic,2000,12000,0.9297,0.0106,0.9356,0.0110,0.9345,0.0115,0.2562,0.0495,0.4162,0.0710,0.3107,0.0326,0.6231,0.0208
heun,2,4,3,0.0114,0.0005,polar3,polar,2000,12000,0.9651,0.0110,0.9697,0.0099,0.9717,0.0117,0.2793,0.0533,0.5678,0.1114,0.3744,0.0721,0.6720,0.0407
heun,2,4,3,0.0114,0.0005,knn,knn,5000,30000,0.9678,0.0118,0.9730,0.0104,0.9731,0.0124,0.3012,0.0873,0.5202,0.1347,0.3814,0.1063,0.6772,0.0581
heun,2,4,3,0.0114,0.0005,altered_knn,altered_knn,5000,20000,0.9616,0.0107,0.9709,0.0103,0.9703,0.0108,0.1041,0.0420,0.1545,0.0334,0.1227,0.0386,0.5468,0.0243
heun,2,4,3,0.0114,0.0005,quadratic,quadratic,5000,30000,0.9286,0.0103,0.9345,0.0107,0.9331,0.0111,0.2557,0.0526,0.4159,0.0685,0.3106,0.0364,0.6225,0.0226
heun,2,4,3,0.0114,0.0005,polar3,polar,5000,30000,0.9658,0.0103,0.9704,0.0091,0.9722,0.0111,0.2846,0.0477,0.5706,0.1120,0.3797,0.0673,0.6751,0.0378
heun,2,4,3,0.0114,0.0005,knn,knn,10000,60000,0.9702,0.0120,0.9756,0.0107,0.9740,0.0128,0.3604,0.0982,0.5043,0.1311,0.4203,0.1124,0.6979,0.0613
heun,2,4,3,0.0114,0.0005,altered_knn,altered_knn,10000,40000,0.9658,0.0106,0.9759,0.0099,0.9717,0.0119,0.1020,0.0624,0.0891,0.0516,0.0951,0.0565,0.5355,0.0331
heun,2,4,3,0.0114,0.0005,quadratic,quadratic,10000,60000,0.9287,0.0101,0.9346,0.0105,0.9331,0.0112,0.2596,0.0495,0.4141,0.0707,0.3129,0.0333,0.6238,0.0209
heun,2,4,3,0.0114,0.0005,polar3,polar,10000,60000,0.9656,0.0107,0.9702,0.0095,0.9721,0.0113,0.2826,0.0511,0.5660,0.1164,0.3769,0.0712,0.6735,0.0400
heun,2,4,3,0.0114,0.0005,knn,knn,15000,90000,0.9710,0.0121,0.9765,0.0108,0.9742,0.0129,0.3950,0.0999,0.4972,0.1216,0.4402,0.1097,0.7084,0.0600
heun,2,4,3,0.0114,0.0005,altered_knn,altered_knn,15000,60000,0.9660,0.0108,0.9760,0.0099,0.9716,0.0122,0.1111,0.0792,0.0989,0.0742,0.1046,0.0766,0.5403,0.0432
heun,2,4,3,0.0114,0.0005,quadratic,quadratic,15000,90000,0.9291,0.0100,0.9350,0.0104,0.9335,0.0111,0.2609,0.0497,0.4131,0.0695,0.3138,0.0335,0.6244,0.0209
heun,2,4,3,0.0114,0.0005,polar3,polar,15000,90000,0.9659,0.0105,0.9704,0.0094,0.9722,0.0114,0.2880,0.0491,0.5701,0.1150,0.3826,0.0692,0.6765,0.0388
heun,2,4,3,0.0114,0.0005,knn,knn,20000,120000,0.9715,0.0121,0.9770,0.0109,0.9743,0.0130,0.4206,0.1020,0.4912,0.1138,0.4531,0.1076,0.7151,0.0590
heun,2,4,3,0.0114,0.0005,altered_knn,altered_knn,20000,80000,0.9659,0.0109,0.9759,0.0099,0.9715,0.0123,0.1076,0.0841,0.0995,0.0824,0.1033,0.0833,0.5396,0.0465
heun,2,4,3,0.0114,0.0005,quadratic,quadratic,20000,120000,0.9291,0.0102,0.9350,0.0106,0.9334,0.0114,0.2620,0.0484,0.4119,0.0689,0.3144,0.0325,0.6247,0.0204
heun,2,4,3,0.0114,0.0005,polar3,polar,20000,120000,0.9656,0.0107,0.9702,0.0095,0.9721,0.0114,0.2842,0.0482,0.5656,0.1132,0.3782,0.0680,0.6742,0.0384
heun,2,8,3,0.0117,0.0006,knn,knn,2000,24000,0.9610,0.0044,0.9657,0.0044,0.9720,0.0048,0.2227,0.0242,0.5624,0.0272,0.3188,0.0293,0.6423,0.0169
heun,2,8,3,0.0117,0.0006,altered_knn,altered_knn,2000,16000,0.9488,0.0016,0.9569,0.0015,0.9647,0.0025,0.0916,0.0176,0.2610,0.0596,0.1355,0.0272,0.5462,0.0142
heun,2,8,3,0.0117,0.0006,quadratic,quadratic,2000,24000,0.8187,0.0022,0.8217,0.0024,0.8748,0.0044,0.0465,0.0012,0.5677,0.0166,0.0859,0.0019,0.4538,0.0014
heun,2,8,3,0.0117,0.0006,polar3,polar,2000,24000,0.9612,0.0050,0.9656,0.0052,0.9730,0.0052,0.2208,0.0280,0.5849,0.0171,0.3197,0.0304,0.6427,0.0178
heun,2,8,3,0.0117,0.0006,knn,knn,5000,60000,0.9677,0.0056,0.9730,0.0055,0.9759,0.0062,0.2715,0.0349,0.5181,0.0373,0.3560,0.0390,0.6645,0.0223
heun,2,8,3,0.0117,0.0006,altered_knn,altered_knn,5000,40000,0.9572,0.0091,0.9657,0.0101,0.9710,0.0062,0.1108,0.0256,0.2479,0.0463,0.1489,0.0218,0.5573,0.0153
heun,2,8,3,0.0117,0.0006,quadratic,quadratic,5000,60000,0.8166,0.0042,0.8196,0.0043,0.8732,0.0051,0.0459,0.0013,0.5679,0.0168,0.0850,0.0020,0.4523,0.0025
heun,2,8,3,0.0117,0.0006,polar3,polar,5000,60000,0.9608,0.0058,0.9653,0.0061,0.9727,0.0057,0.2185,0.0331,0.5793,0.0106,0.3159,0.0350,0.6406,0.0205
heun,2,8,3,0.0117,0.0006,knn,knn,10000,120000,0.9703,0.0063,0.9760,0.0062,0.9769,0.0068,0.3178,0.0440,0.4865,0.0378,0.3841,0.0441,0.6801,0.0252
heun,2,8,3,0.0117,0.0006,altered_knn,altered_knn,10000,80000,0.9646,0.0074,0.9744,0.0082,0.9738,0.0063,0.1159,0.0315,0.1416,0.0204,0.1221,0.0099,0.5482,0.0090
heun,2,8,3,0.0117,0.0006,quadratic,quadratic,10000,120000,0.8173,0.0048,0.8202,0.0049,0.8736,0.0051,0.0461,0.0010,0.5682,0.0176,0.0853,0.0016,0.4528,0.0026
heun,2,8,3,0.0117,0.0006,polar3,polar,10000,120000,0.9608,0.0053,0.9654,0.0056,0.9726,0.0054,0.2171,0.0304,0.5710,0.0065,0.3134,0.0322,0.6394,0.0189
heun,2,8,3,0.0117,0.0006,knn,knn,15000,180000,0.9713,0.0063,0.9772,0.0063,0.9770,0.0069,0.3488,0.0457,0.4710,0.0331,0.4005,0.0422,0.6888,0.0243
heun,2,8,3,0.0117,0.0006,altered_knn,altered_knn,15000,120000,0.9654,0.0063,0.9751,0.0066,0.9743,0.0066,0.1202,0.0429,0.1466,0.0303,0.1314,0.0378,0.5533,0.0222
heun,2,8,3,0.0117,0.0006,quadratic,quadratic,15000,180000,0.8185,0.0047,0.8214,0.0047,0.8744,0.0048,0.0464,0.0008,0.5683,0.0178,0.0858,0.0012,0.4536,0.0024
heun,2,8,3,0.0117,0.0006,polar3,polar,15000,180000,0.9608,0.0056,0.9655,0.0059,0.9728,0.0053,0.2173,0.0319,0.5701,0.0011,0.3133,0.0338,0.6394,0.0199
heun,2,8,3,0.0117,0.0006,knn,knn,20000,240000,0.9719,0.0063,0.9779,0.0063,0.9771,0.0069,0.3698,0.0453,0.4605,0.0310,0.4099,0.0402,0.6939,0.0233
heun,2,8,3,0.0117,0.0006,altered_knn,altered_knn,20000,160000,0.9669,0.0051,0.9768,0.0050,0.9747,0.0065,0.1190,0.0435,0.1270,0.0655,0.1222,0.0536,0.5495,0.0290
heun,2,8,3,0.0117,0.0006,quadratic,quadratic,20000,240000,0.8272,0.0043,0.8304,0.0042,0.8815,0.0037,0.0481,0.0005,0.5640,0.0163,0.0886,0.0006,0.4595,0.0019
heun,2,8,3,0.0117,0.0006,polar3,polar,20000,240000,0.9620,0.0058,0.9666,0.0061,0.9733,0.0057,0.2251,0.0336,0.5710,0.0035,0.3215,0.0352,0.6441,0.0206
heun,4,2,3,0.0111,0.0004,knn,knn,2000,6000,0.9138,0.0021,0.9210,0.0023,0.9156,0.0019,0.6131,0.0168,0.2780,0.0039,0.3825,0.0040,0.6517,0.0026
heun,4,2,3,0.0111,0.0004,altered_knn,altered_knn,2000,4000,0.8633,0.0466,0.8696,0.0487,0.9168,0.0193,0.0289,0.0004,0.2952,0.1595,0.0496,0.0060,0.4596,0.0215
heun,4,2,3,0.0111,0.0004,quadratic,quadratic,2000,6000,0.9837,0.0073,0.9884,0.0072,0.9860,0.0074,0.8548,0.0181,0.5673,0.0151,0.6819,0.0138,0.8351,0.0104
heun,4,2,3,0.0111,0.0004,polar3,polar,2000,6000,0.9872,0.0020,0.9901,0.0024,0.9894,0.0024,0.7723,0.0224,0.7363,0.0304,0.7537,0.0255,0.8719,0.0116
heun,4,2,3,0.0111,0.0004,knn,knn,5000,15000,0.9306,0.0026,0.9375,0.0028,0.9326,0.0026,0.6721,0.0220,0.3200,0.0143,0.4330,0.0082,0.6853,0.0038
heun,4,2,3,0.0111,0.0004,altered_knn,altered_knn,5000,10000,0.8840,0.0045,0.8905,0.0045,0.9326,0.0022,0.0333,0.0010,0.3073,0.0114,0.0601,0.0017,0.4753,0.0031
heun,4,2,3,0.0111,0.0004,quadratic,quadratic,5000,15000,0.9839,0.0062,0.9887,0.0060,0.9862,0.0063,0.8596,0.0186,0.5617,0.0192,0.6792,0.0152,0.8339,0.0106
heun,4,2,3,0.0111,0.0004,polar3,polar,5000,15000,0.9873,0.0020,0.9902,0.0024,0.9894,0.0024,0.7826,0.0163,0.7352,0.0303,0.7581,0.0235,0.8741,0.0106
heun,4,2,3,0.0111,0.0004,knn,knn,10000,30000,0.9418,0.0011,0.9484,0.0013,0.9439,0.0011,0.7055,0.0061,0.3530,0.0163,0.4703,0.0144,0.7094,0.0069
heun,4,2,3,0.0111,0.0004,altered_knn,altered_knn,10000,20000,0.9050,0.0245,0.9126,0.0261,0.9423,0.0104,0.0339,0.0020,0.2317,0.1027,0.0574,0.0046,0.4850,0.0123
heun,4,2,3,0.0111,0.0004,quadratic,quadratic,10000,30000,0.9840,0.0050,0.9888,0.0047,0.9863,0.0050,0.8600,0.0153,0.5578,0.0201,0.6764,0.0149,0.8326,0.0097
heun,4,2,3,0.0111,0.0004,polar3,polar,10000,30000,0.9874,0.0021,0.9903,0.0025,0.9895,0.0024,0.7844,0.0131,0.7359,0.0314,0.7592,0.0225,0.8747,0.0102
heun,4,2,3,0.0111,0.0004,knn,knn,15000,45000,0.9485,0.0008,0.9549,0.0009,0.9509,0.0008,0.6789,0.0172,0.3784,0.0240,0.4857,0.0235,0.7203,0.0115
heun,4,2,3,0.0111,0.0004,altered_knn,altered_knn,15000,30000,0.9235,0.0040,0.9319,0.0041,0.9522,0.0015,0.0356,0.0011,0.1769,0.0219,0.0592,0.0028,0.4955,0.0009
heun,4,2,3,0.0111,0.0004,quadratic,quadratic,15000,45000,0.9839,0.0048,0.9887,0.0045,0.9862,0.0048,0.8600,0.0139,0.5596,0.0179,0.6778,0.0132,0.8332,0.0089
heun,4,2,3,0.0111,0.0004,polar3,polar,15000,45000,0.9874,0.0020,0.9902,0.0025,0.9895,0.0024,0.7844,0.0107,0.7367,0.0316,0.7596,0.0218,0.8749,0.0099
heun,4,2,3,0.0111,0.0004,knn,knn,20000,60000,0.9517,0.0007,0.9580,0.0005,0.9540,0.0007,0.7084,0.0149,0.3947,0.0205,0.5065,0.0156,0.7322,0.0078
heun,4,2,3,0.0111,0.0004,altered_knn,altered_knn,20000,40000,0.9054,0.0159,0.9126,0.0170,0.9449,0.0073,0.0363,0.0025,0.2621,0.0613,0.0631,0.0018,0.4879,0.0093
heun,4,2,3,0.0111,0.0004,quadratic,quadratic,20000,60000,0.9844,0.0051,0.9892,0.0048,0.9867,0.0051,0.8613,0.0189,0.5578,0.0178,0.6768,0.0128,0.8330,0.0087
heun,4,2,3,0.0111,0.0004,polar3,polar,20000,60000,0.9875,0.0021,0.9903,0.0025,0.9896,0.0024,0.7906,0.0022,0.7365,0.0323,0.7623,0.0184,0.8763,0.0082
heun,4,4,3,0.0121,0.0002,knn,knn,2000,12000,0.8372,0.0120,0.8431,0.0120,0.8355,0.0143,0.2748,0.0804,0.3574,0.0084,0.3037,0.0492,0.5734,0.0206
heun,4,4,3,0.0121,0.0002,altered_knn,altered_knn,2000,8000,0.8692,0.0128,0.8784,0.0136,0.8849,0.0100,0.0432,0.0125,0.1247,0.0623,0.0573,0.0041,0.4678,0.0077
heun,4,4,3,0.0121,0.0002,quadratic,quadratic,2000,12000,0.9250,0.0081,0.9296,0.0081,0.9230,0.0081,0.5280,0.0219,0.5526,0.0036,0.5398,0.0127,0.7347,0.0094
heun,4,4,3,0.0121,0.0002,polar3,polar,2000,12000,0.9615,0.0025,0.9657,0.0025,0.9631,0.0039,0.4690,0.0388,0.6203,0.0136,0.5333,0.0261,0.7495,0.0119
heun,4,4,3,0.0121,0.0002,knn,knn,5000,30000,0.8688,0.0104,0.8748,0.0104,0.8675,0.0123,0.3053,0.0764,0.3834,0.0118,0.3349,0.0467,0.6048,0.0191
heun,4,4,3,0.0121,0.0002,altered_knn,altered_knn,5000,20000,0.8917,0.0103,0.9016,0.0107,0.8974,0.0108,0.0513,0.0075,0.0848,0.0293,0.0633,0.0140,0.4825,0.0033
heun,4,4,3,0.0121,0.0002,quadratic,quadratic,5000,30000,0.9255,0.0078,0.9302,0.0078,0.9234,0.0084,0.5358,0.0211,0.5497,0.0041,0.5425,0.0125,0.7363,0.0095
heun,4,4,3,0.0121,0.0002,polar3,polar,5000,30000,0.9627,0.0037,0.9668,0.0037,0.9637,0.0051,0.5022,0.0283,0.6235,0.0098,0.5558,0.0178,0.7613,0.0072
heun,4,4,3,0.0121,0.0002,knn,knn,10000,60000,0.8887,0.0093,0.8947,0.0093,0.8876,0.0114,0.3359,0.0926,0.3984,0.0101,0.3575,0.0516,0.6261,0.0223
heun,4,4,3,0.0121,0.0002,altered_knn,altered_knn,10000,40000,0.8792,0.0296,0.8877,0.0316,0.9004,0.0113,0.0554,0.0190,0.1855,0.1351,0.0721,0.0171,0.4799,0.0184
heun,4,4,3,0.0121,0.0002,quadratic,quadratic,10000,60000,0.9256,0.0078,0.9302,0.0078,0.9233,0.0083,0.5452,0.0216,0.5477,0.0025,0.5463,0.0118,0.7383,0.0092
heun,4,4,3,0.0121,0.0002,polar3,polar,10000,60000,0.9626,0.0035,0.9668,0.0035,0.9636,0.0052,0.4998,0.0358,0.6183,0.0056,0.5520,0.0212,0.7594,0.0089
heun,4,4,3,0.0121,0.0002,knn,knn,15000,90000,0.8991,0.0086,0.9051,0.0086,0.8984,0.0108,0.3354,0.0845,0.4074,0.0060,0.3621,0.0490,0.6336,0.0215
heun,4,4,3,0.0121,0.0002,altered_knn,altered_knn,15000,60000,0.9033,0.0080,0.9134,0.0082,0.9094,0.0095,0.0601,0.0195,0.0779,0.0262,0.0618,0.0051,0.4876,0.0035
heun,4,4,3,0.0121,0.0002,quadratic,quadratic,15000,90000,0.9263,0.0075,0.9310,0.0074,0.9239,0.0078,0.5448,0.0219,0.5494,0.0041,0.5469,0.0123,0.7389,0.0094
heun,4,4,3,0.0121,0.0002,polar3,polar,15000,90000,0.9625,0.0032,0.9667,0.0031,0.9635,0.0048,0.4985,0.0391,0.6183,0.0095,0.5510,0.0224,0.7588,0.0097
heun,4,4,3,0.0121,0.0002,knn,knn,20000,120000,0.9053,0.0080,0.9113,0.0079,0.9046,0.0103,0.3574,0.0916,0.4144,0.0131,0.3767,0.0471,0.6440,0.0207
heun,4,4,3,0.0121,0.0002,altered_knn,altered_knn,20000,80000,0.9057,0.0110,0.9158,0.0116,0.9122,0.0094,0.0676,0.0194,0.0880,0.0481,0.0647,0.0195,0.4902,0.0061
heun,4,4,3,0.0121,0.0002,quadratic,quadratic,20000,120000,0.9255,0.0079,0.9302,0.0079,0.9231,0.0083,0.5463,0.0207,0.5478,0.0031,0.5468,0.0105,0.7385,0.0086
heun,4,4,3,0.0121,0.0002,polar3,polar,20000,120000,0.9627,0.0031,0.9669,0.0031,0.9637,0.0049,0.5000,0.0420,0.6151,0.0077,0.5506,0.0238,0.7587,0.0105
heun,4,8,3,0.0128,0.0001,knn,knn,2000,24000,0.7851,0.0120,0.7902,0.0120,0.7979,0.0110,0.1213,0.0043,0.3902,0.0124,0.1851,0.0057,0.4876,0.0088
heun,4,8,3,0.0128,0.0001,altered_knn,altered_knn,2000,16000,0.8538,0.0063,0.8636,0.0061,0.8662,0.0089,0.0471,0.0041,0.1012,0.0232,0.0638,0.0073,0.4637,0.0063
heun,4,8,3,0.0128,0.0001,quadratic,quadratic,2000,24000,0.8919,0.0099,0.8970,0.0098,0.8965,0.0093,0.2941,0.0207,0.4942,0.0131,0.3685,0.0194,0.6328,0.0138
heun,4,8,3,0.0128,0.0001,polar3,polar,2000,24000,0.9481,0.0121,0.9532,0.0119,0.9554,0.0113,0.3033,0.0296,0.5559,0.0307,0.3923,0.0322,0.6727,0.0218
heun,4,8,3,0.0128,0.0001,knn,knn,5000,60000,0.8281,0.0116,0.8336,0.0115,0.8387,0.0101,0.1517,0.0090,0.4103,0.0157,0.2215,0.0116,0.5275,0.0115
heun,4,8,3,0.0128,0.0001,altered_knn,altered_knn,5000,40000,0.8276,0.0663,0.8351,0.0704,0.8667,0.0233,0.0507,0.0130,0.2494,0.2584,0.0557,0.0223,0.4454,0.0349
heun,4,8,3,0.0128,0.0001,quadratic,quadratic,5000,60000,0.8921,0.0091,0.8973,0.0090,0.8964,0.0082,0.2983,0.0244,0.4935,0.0118,0.3715,0.0222,0.6344,0.0149
heun,4,8,3,0.0128,0.0001,polar3,polar,5000,60000,0.9495,0.0114,0.9547,0.0111,0.9567,0.0108,0.3096,0.0260,0.5519,0.0293,0.3966,0.0289,0.6756,0.0199
heun,4,8,3,0.0128,0.0001,knn,knn,10000,120000,0.8546,0.0107,0.8603,0.0107,0.8641,0.0091,0.1729,0.0083,0.4181,0.0103,0.2446,0.0098,0.5525,0.0102
heun,4,8,3,0.0128,0.0001,altered_knn,altered_knn,10000,80000,0.8684,0.0224,0.8778,0.0240,0.8876,0.0078,0.0584,0.0174,0.1470,0.1060,0.0643,0.0108,0.4710,0.0083
heun,4,8,3,0.0128,0.0001,quadratic,quadratic,10000,120000,0.8917,0.0090,0.8968,0.0090,0.8960,0.0081,0.2991,0.0247,0.4944,0.0089,0.3723,0.0215,0.6346,0.0146
heun,4,8,3,0.0128,0.0001,polar3,polar,10000,120000,0.9494,0.0117,0.9545,0.0115,0.9566,0.0110,0.3094,0.0284,0.5549,0.0222,0.3970,0.0291,0.6758,0.0202
heun,4,8,3,0.0128,0.0001,knn,knn,15000,180000,0.8685,0.0104,0.8744,0.0103,0.8775,0.0088,0.1843,0.0124,0.4169,0.0182,0.2555,0.0150,0.5649,0.0127
heun,4,8,3,0.0128,0.0001,altered_knn,altered_knn,15000,120000,0.8833,0.0115,0.8933,0.0122,0.8953,0.0062,0.0665,0.0160,0.1146,0.0462,0.0762,0.0051,0.4847,0.0042
heun,4,8,3,0.0128,0.0001,quadratic,quadratic,15000,180000,0.8920,0.0089,0.8971,0.0089,0.8963,0.0080,0.3008,0.0242,0.4942,0.0096,0.3736,0.0212,0.6353,0.0145
heun,4,8,3,0.0128,0.0001,polar3,polar,15000,180000,0.9492,0.0117,0.9543,0.0115,0.9564,0.0110,0.3094,0.0258,0.5562,0.0223,0.3974,0.0270,0.6758,0.0191
heun,4,8,3,0.0128,0.0001,knn,knn,20000,240000,0.8780,0.0100,0.8840,0.0099,0.8864,0.0086,0.1997,0.0150,0.4222,0.0190,0.2711,0.0173,0.5775,0.0136
heun,4,8,3,0.0128,0.0001,altered_knn,altered_knn,20000,160000,0.8810,0.0137,0.8903,0.0144,0.8984,0.0063,0.0599,0.0122,0.1592,0.0561,0.0829,0.0098,0.4866,0.0114
heun,4,8,3,0.0128,0.0001,quadratic,quadratic,20000,240000,0.8948,0.0094,0.9001,0.0094,0.8990,0.0082,0.3109,0.0232,0.4895,0.0103,0.3799,0.0202,0.6400,0.0144
heun,4,8,3,0.0128,0.0001,polar3,polar,20000,240000,0.9496,0.0116,0.9547,0.0114,0.9568,0.0110,0.3113,0.0245,0.5538,0.0216,0.3984,0.0257,0.6766,0.0184
heun,4,16,3,0.0140,0.0002,knn,knn,2000,48000,0.7670,0.0047,0.7721,0.0048,0.7851,0.0047,0.1026,0.0037,0.4076,0.0053,0.1639,0.0052,0.4680,0.0010
heun,4,16,3,0.0140,0.0002,altered_knn,altered_knn,2000,32000,0.8306,0.0161,0.8401,0.0178,0.8493,0.0038,0.0575,0.0101,0.1580,0.0975,0.0740,0.0056,0.4571,0.0069
heun,4,16,3,0.0140,0.0002,quadratic,quadratic,2000,48000,0.8751,0.0074,0.8810,0.0075,0.8870,0.0068,0.1803,0.0043,0.4605,0.0031,0.2591,0.0040,0.5700,0.0039
heun,4,16,3,0.0140,0.0002,polar3,polar,2000,48000,0.9421,0.0020,0.9484,0.0020,0.9535,0.0024,0.2474,0.0077,0.4973,0.0065,0.3304,0.0080,0.6394,0.0046
heun,4,16,3,0.0140,0.0002,knn,knn,5000,120000,0.8133,0.0048,0.8189,0.0048,0.8280,0.0046,0.1295,0.0041,0.4161,0.0024,0.1974,0.0047,0.5082,0.0016
heun,4,16,3,0.0140,0.0002,altered_knn,altered_knn,5000,80000,0.8422,0.0182,0.8512,0.0200,0.8671,0.0035,0.0603,0.0120,0.2106,0.1073,0.0852,0.0050,0.4682,0.0115
heun,4,16,3,0.0140,0.0002,quadratic,quadratic,5000,120000,0.8770,0.0089,0.8829,0.0089,0.8886,0.0078,0.1828,0.0062,0.4606,0.0030,0.2617,0.0060,0.5723,0.0065
heun,4,16,3,0.0140,0.0002,polar3,polar,5000,120000,0.9430,0.0021,0.9493,0.0021,0.9540,0.0025,0.2512,0.0063,0.4964,0.0072,0.3336,0.0071,0.6414,0.0041
heun,4,16,3,0.0140,0.0002,knn,knn,10000,240000,0.8441,0.0035,0.8500,0.0035,0.8570,0.0033,0.1535,0.0045,0.4213,0.0047,0.2250,0.0048,0.5375,0.0007
heun,4,16,3,0.0140,0.0002,altered_knn,altered_knn,10000,160000,0.8638,0.0012,0.8733,0.0014,0.8809,0.0017,0.0716,0.0024,0.1915,0.0141,0.1040,0.0016,0.4887,0.0015
heun,4,16,3,0.0140,0.0002,quadratic,quadratic,10000,240000,0.8812,0.0072,0.8872,0.0072,0.8925,0.0061,0.1883,0.0073,0.4604,0.0026,0.2672,0.0070,0.5772,0.0060
heun,4,16,3,0.0140,0.0002,polar3,polar,10000,240000,0.9441,0.0024,0.9504,0.0024,0.9550,0.0028,0.2563,0.0067,0.4977,0.0064,0.3383,0.0073,0.6444,0.0043
heun,4,16,3,0.0140,0.0002,knn,knn,15000,360000,0.8600,0.0037,0.8661,0.0037,0.8722,0.0033,0.1679,0.0044,0.4266,0.0059,0.2410,0.0049,0.5535,0.0008
heun,4,16,3,0.0140,0.0002,altered_knn,altered_knn,15000,240000,0.8674,0.0008,0.8766,0.0010,0.8876,0.0017,0.0696,0.0040,0.2209,0.0070,0.1057,0.0042,0.4912,0.0025
heun,4,16,3,0.0140,0.0002,quadratic,quadratic,15000,360000,0.8862,0.0052,0.8921,0.0053,0.8999,0.0046,0.1688,0.0073,0.4635,0.0014,0.2474,0.0078,0.5697,0.0049
heun,4,16,3,0.0140,0.0002,polar3,polar,15000,360000,0.9457,0.0026,0.9520,0.0027,0.9565,0.0030,0.2607,0.0089,0.5001,0.0067,0.3427,0.0091,0.6474,0.0054
heun,4,16,3,0.0140,0.0002,knn,knn,20000,480000,0.8702,0.0031,0.8764,0.0031,0.8818,0.0027,0.1800,0.0040,0.4282,0.0064,0.2533,0.0034,0.5649,0.0007
heun,4,16,3,0.0140,0.0002,altered_knn,altered_knn,20000,320000,0.8615,0.0258,0.8700,0.0280,0.8891,0.0053,0.0707,0.0159,0.2594,0.1345,0.1012,0.0094,0.4856,0.0183
heun,4,16,3,0.0140,0.0002,quadratic,quadratic,20000,480000,0.8851,0.0046,0.8910,0.0047,0.9027,0.0044,0.1419,0.0058,0.4689,0.0024,0.2178,0.0070,0.5544,0.0044
heun,4,16,3,0.0140,0.0002,polar3,polar,20000,480000,0.9469,0.0027,0.9532,0.0027,0.9574,0.0030,0.2670,0.0112,0.4988,0.0070,0.3478,0.0111,0.6505,0.0064
heun,8,2,3,0.0131,0.0004,knn,knn,2000,6000,0.8169,0.0097,0.8270,0.0102,0.8185,0.0077,0.5921,0.0318,0.0557,0.0042,0.1018,0.0074,0.4644,0.0014
heun,8,2,3,0.0131,0.0004,altered_knn,altered_knn,2000,4000,0.8248,0.0325,0.8315,0.0341,0.8909,0.0142,0.0299,0.0040,0.3228,0.0762,0.0541,0.0052,0.4428,0.0194
heun,8,2,3,0.0131,0.0004,quadratic,quadratic,2000,6000,0.9687,0.0027,0.9761,0.0026,0.9717,0.0028,0.9449,0.0142,0.4175,0.0141,0.5789,0.0134,0.7775,0.0065
heun,8,2,3,0.0131,0.0004,polar3,polar,2000,6000,0.9864,0.0017,0.9905,0.0020,0.9886,0.0019,0.8871,0.0277,0.6787,0.0155,0.7690,0.0201,0.8797,0.0097
heun,8,2,3,0.0131,0.0004,knn,knn,5000,15000,0.8336,0.0059,0.8439,0.0062,0.8351,0.0044,0.7248,0.0350,0.0604,0.0016,0.1114,0.0023,0.4776,0.0042
heun,8,2,3,0.0131,0.0004,altered_knn,altered_knn,5000,10000,0.8254,0.0828,0.8327,0.0864,0.8861,0.0429,0.0251,0.0048,0.2715,0.2005,0.0437,0.0110,0.4382,0.0409
heun,8,2,3,0.0131,0.0004,quadratic,quadratic,5000,15000,0.9697,0.0029,0.9772,0.0029,0.9727,0.0031,0.9666,0.0117,0.4057,0.0142,0.5714,0.0150,0.7743,0.0071
heun,8,2,3,0.0131,0.0004,polar3,polar,5000,15000,0.9868,0.0015,0.9908,0.0016,0.9889,0.0016,0.9145,0.0231,0.6853,0.0199,0.7835,0.0213,0.8872,0.0105
heun,8,2,3,0.0131,0.0004,knn,knn,10000,30000,0.8438,0.0077,0.8543,0.0080,0.8456,0.0061,0.7675,0.0292,0.0608,0.0057,0.1126,0.0101,0.4834,0.0077
heun,8,2,3,0.0131,0.0004,altered_knn,altered_knn,10000,20000,0.8319,0.0766,0.8392,0.0804,0.8916,0.0370,0.0242,0.0060,0.2795,0.2197,0.0406,0.0166,0.4399,0.0347
heun,8,2,3,0.0131,0.0004,quadratic,quadratic,10000,30000,0.9695,0.0037,0.9771,0.0035,0.9726,0.0037,0.9680,0.0089,0.4000,0.0123,0.5659,0.0127,0.7715,0.0069
heun,8,2,3,0.0131,0.0004,polar3,polar,10000,30000,0.9872,0.0014,0.9912,0.0015,0.9892,0.0015,0.9326,0.0052,0.6857,0.0189,0.7902,0.0126,0.8907,0.0064
heun,8,2,3,0.0131,0.0004,knn,knn,15000,45000,0.8504,0.0069,0.8608,0.0073,0.8522,0.0057,0.7725,0.0250,0.0698,0.0053,0.1280,0.0093,0.4944,0.0030
heun,8,2,3,0.0131,0.0004,altered_knn,altered_knn,15000,30000,0.8130,0.0704,0.8190,0.0738,0.8846,0.0365,0.0313,0.0049,0.3628,0.1678,0.0553,0.0042,0.4372,0.0390
heun,8,2,3,0.0131,0.0004,quadratic,quadratic,15000,45000,0.9697,0.0041,0.9773,0.0039,0.9728,0.0041,0.9682,0.0117,0.4017,0.0124,0.5677,0.0131,0.7725,0.0073
heun,8,2,3,0.0131,0.0004,polar3,polar,15000,45000,0.9869,0.0016,0.9909,0.0016,0.9889,0.0016,0.9352,0.0004,0.6887,0.0179,0.7931,0.0119,0.8920,0.0060
heun,8,2,3,0.0131,0.0004,knn,knn,20000,60000,0.8546,0.0048,0.8650,0.0052,0.8564,0.0037,0.7636,0.0388,0.0716,0.0053,0.1309,0.0094,0.4980,0.0037
heun,8,2,3,0.0131,0.0004,altered_knn,altered_knn,20000,40000,0.9035,0.0063,0.9141,0.0068,0.9275,0.0013,0.0298,0.0086,0.1046,0.0550,0.0458,0.0155,0.4800,0.0051
heun,8,2,3,0.0131,0.0004,quadratic,quadratic,20000,60000,0.9698,0.0048,0.9774,0.0046,0.9729,0.0049,0.9703,0.0081,0.3991,0.0105,0.5655,0.0108,0.7715,0.0067
heun,8,2,3,0.0131,0.0004,polar3,polar,20000,60000,0.9870,0.0017,0.9910,0.0018,0.9890,0.0018,0.9355,0.0032,0.6888,0.0195,0.7932,0.0131,0.8921,0.0066
heun,8,4,3,0.0129,0.0001,knn,knn,2000,12000,0.6869,0.0221,0.6942,0.0225,0.6859,0.0212,0.2291,0.0691,0.1233,0.0065,0.1576,0.0243,0.4259,0.0010
heun,8,4,3,0.0129,0.0001,altered_knn,altered_knn,2000,8000,0.8158,0.0242,0.8245,0.0253,0.8389,0.0152,0.0368,0.0059,0.1486,0.0572,0.0553,0.0008,0.4399,0.0125
heun,8,4,3,0.0129,0.0001,quadratic,quadratic,2000,12000,0.9404,0.0090,0.9463,0.0092,0.9401,0.0110,0.7978,0.0076,0.4898,0.0075,0.6070,0.0079,0.7766,0.0041
heun,8,4,3,0.0129,0.0001,polar3,polar,2000,12000,0.9650,0.0008,0.9696,0.0006,0.9667,0.0002,0.6355,0.0287,0.6121,0.0180,0.6232,0.0174,0.7964,0.0090
heun,8,4,3,0.0129,0.0001,knn,knn,5000,30000,0.7091,0.0214,0.7167,0.0217,0.7076,0.0201,0.2707,0.0385,0.1323,0.0027,0.1770,0.0098,0.4468,0.0104
heun,8,4,3,0.0129,0.0001,altered_knn,altered_knn,5000,20000,0.8180,0.0335,0.8263,0.0353,0.8469,0.0162,0.0380,0.0059,0.1806,0.1133,0.0564,0.0081,0.4414,0.0192
heun,8,4,3,0.0129,0.0001,quadratic,quadratic,5000,30000,0.9422,0.0102,0.9481,0.0104,0.9416,0.0121,0.8179,0.0120,0.4929,0.0119,0.6151,0.0126,0.7816,0.0060
heun,8,4,3,0.0129,0.0001,polar3,polar,5000,30000,0.9672,0.0010,0.9720,0.0008,0.9682,0.0002,0.7303,0.0292,0.6072,0.0193,0.6628,0.0188,0.8174,0.0098
heun,8,4,3,0.0129,0.0001,knn,knn,10000,60000,0.7257,0.0213,0.7334,0.0216,0.7231,0.0196,0.3409,0.0406,0.1416,0.0023,0.1994,0.0081,0.4664,0.0109
heun,8,4,3,0.0129,0.0001,altered_knn,altered_knn,10000,40000,0.8021,0.0642,0.8093,0.0675,0.8461,0.0263,0.0381,0.0084,0.2541,0.1904,0.0574,0.0124,0.4334,0.0368
heun,8,4,3,0.0129,0.0001,quadratic,quadratic,10000,60000,0.9427,0.0101,0.9486,0.0103,0.9421,0.0122,0.8219,0.0121,0.4907,0.0117,0.6145,0.0123,0.7815,0.0061
heun,8,4,3,0.0129,0.0001,polar3,polar,10000,60000,0.9683,0.0015,0.9730,0.0012,0.9692,0.0007,0.7561,0.0311,0.6111,0.0197,0.6757,0.0212,0.8243,0.0111
heun,8,4,3,0.0129,0.0001,knn,knn,15000,90000,0.7372,0.0203,0.7449,0.0206,0.7344,0.0192,0.3899,0.0315,0.1465,0.0041,0.2125,0.0046,0.4787,0.0088
heun,8,4,3,0.0129,0.0001,altered_knn,altered_knn,15000,60000,0.8272,0.0353,0.8354,0.0372,0.8590,0.0160,0.0398,0.0066,0.2057,0.1186,0.0613,0.0081,0.4484,0.0210
heun,8,4,3,0.0129,0.0001,quadratic,quadratic,15000,90000,0.9423,0.0099,0.9482,0.0101,0.9417,0.0120,0.8268,0.0096,0.4905,0.0104,0.6157,0.0108,0.7819,0.0058
heun,8,4,3,0.0129,0.0001,polar3,polar,15000,90000,0.9691,0.0018,0.9738,0.0016,0.9700,0.0008,0.7588,0.0308,0.6103,0.0195,0.6763,0.0219,0.8250,0.0117
heun,8,4,3,0.0129,0.0001,knn,knn,20000,120000,0.7418,0.0196,0.7495,0.0198,0.7389,0.0189,0.4083,0.0375,0.1489,0.0025,0.2180,0.0081,0.4837,0.0106
heun,8,4,3,0.0129,0.0001,altered_knn,altered_knn,20000,80000,0.8416,0.0312,0.8508,0.0330,0.8643,0.0147,0.0435,0.0114,0.1371,0.1126,0.0497,0.0096,0.4503,0.0159
heun,8,4,3,0.0129,0.0001,quadratic,quadratic,20000,120000,0.9420,0.0096,0.9479,0.0097,0.9414,0.0116,0.8266,0.0110,0.4902,0.0100,0.6154,0.0108,0.7817,0.0064
heun,8,4,3,0.0129,0.0001,polar3,polar,20000,120000,0.9689,0.0017,0.9737,0.0015,0.9698,0.0008,0.7682,0.0222,0.6087,0.0195,0.6792,0.0195,0.8264,0.0105
heun,8,8,3,0.0138,0.0002,knn,knn,2000,24000,0.5908,0.0129,0.5964,0.0132,0.5955,0.0106,0.1048,0.0183,0.1948,0.0041,0.1351,0.0149,0.3657,0.0140
heun,8,8,3,0.0138,0.0002,altered_knn,altered_knn,2000,16000,0.7757,0.0091,0.7846,0.0099,0.7919,0.0130,0.0470,0.0028,0.1377,0.1038,0.0600,0.0146,0.4223,0.0085
heun,8,8,3,0.0138,0.0002,quadratic,quadratic,2000,24000,0.9139,0.0133,0.9197,0.0136,0.9147,0.0135,0.5772,0.0083,0.4993,0.0082,0.5354,0.0071,0.7275,0.0033
heun,8,8,3,0.0138,0.0002,polar3,polar,2000,24000,0.9556,0.0020,0.9613,0.0021,0.9584,0.0015,0.5769,0.0188,0.5468,0.0104,0.5612,0.0094,0.7613,0.0057
heun,8,8,3,0.0138,0.0002,knn,knn,5000,60000,0.6211,0.0089,0.6269,0.0091,0.6245,0.0085,0.1239,0.0077,0.2034,0.0029,0.1538,0.0058,0.3904,0.0074
heun,8,8,3,0.0138,0.0002,altered_knn,altered_knn,5000,40000,0.7668,0.0143,0.7738,0.0159,0.8018,0.0087,0.0417,0.0020,0.2677,0.1124,0.0705,0.0015,0.4222,0.0079
heun,8,8,3,0.0138,0.0002,quadratic,quadratic,5000,60000,0.9167,0.0136,0.9225,0.0139,0.9177,0.0138,0.5874,0.0102,0.5011,0.0081,0.5408,0.0072,0.7317,0.0034
heun,8,8,3,0.0138,0.0002,polar3,polar,5000,60000,0.9611,0.0034,0.9669,0.0034,0.9636,0.0029,0.6435,0.0171,0.5420,0.0101,0.5884,0.0125,0.7776,0.0080
heun,8,8,3,0.0138,0.0002,knn,knn,10000,120000,0.6452,0.0084,0.6512,0.0086,0.6475,0.0081,0.1503,0.0052,0.2147,0.0017,0.1768,0.0041,0.4140,0.0059
heun,8,8,3,0.0138,0.0002,altered_knn,altered_knn,10000,80000,0.8001,0.0078,0.8093,0.0075,0.8160,0.0110,0.0481,0.0020,0.1406,0.0303,0.0712,0.0065,0.4403,0.0070
heun,8,8,3,0.0138,0.0002,quadratic,quadratic,10000,120000,0.9172,0.0139,0.9230,0.0142,0.9181,0.0141,0.5923,0.0077,0.5011,0.0090,0.5428,0.0060,0.7329,0.0041
heun,8,8,3,0.0138,0.0002,polar3,polar,10000,120000,0.9626,0.0037,0.9685,0.0037,0.9651,0.0033,0.6641,0.0184,0.5384,0.0073,0.5947,0.0118,0.7816,0.0078
heun,8,8,3,0.0138,0.0002,knn,knn,15000,180000,0.6579,0.0077,0.6640,0.0078,0.6598,0.0078,0.1616,0.0040,0.2173,0.0028,0.1853,0.0027,0.4247,0.0044
heun,8,8,3,0.0138,0.0002,altered_knn,altered_knn,15000,120000,0.8056,0.0100,0.8149,0.0102,0.8220,0.0102,0.0495,0.0034,0.1443,0.0234,0.0731,0.0034,0.4440,0.0067
heun,8,8,3,0.0138,0.0002,quadratic,quadratic,15000,180000,0.9172,0.0142,0.9230,0.0145,0.9182,0.0144,0.5962,0.0097,0.5005,0.0081,0.5441,0.0068,0.7336,0.0040
heun,8,8,3,0.0138,0.0002,polar3,polar,15000,180000,0.9631,0.0039,0.9690,0.0039,0.9656,0.0035,0.6691,0.0159,0.5380,0.0079,0.5964,0.0111,0.7827,0.0074
heun,8,8,3,0.0138,0.0002,knn,knn,20000,240000,0.6661,0.0091,0.6724,0.0092,0.6679,0.0090,0.1725,0.0007,0.2203,0.0038,0.1934,0.0010,0.4329,0.0049
heun,8,8,3,0.0138,0.0002,altered_knn,altered_knn,20000,160000,0.7969,0.0118,0.8050,0.0134,0.8243,0.0076,0.0447,0.0020,0.2160,0.1095,0.0711,0.0039,0.4381,0.0059
heun,8,8,3,0.0138,0.0002,quadratic,quadratic,20000,240000,0.9205,0.0146,0.9265,0.0149,0.9215,0.0147,0.6252,0.0119,0.4937,0.0095,0.5517,0.0084,0.7391,0.0034
heun,8,8,3,0.0138,0.0002,polar3,polar,20000,240000,0.9635,0.0040,0.9695,0.0040,0.9661,0.0036,0.6741,0.0165,0.5394,0.0075,0.5993,0.0112,0.7844,0.0076
heun,8,16,3,0.0149,0.0007,knn,knn,2000,48000,0.5145,0.0015,0.5183,0.0016,0.5288,0.0007,0.0671,0.0011,0.2650,0.0072,0.1071,0.0020,0.3127,0.0006
heun,8,16,3,0.0149,0.0007,altered_knn,altered_knn,2000,32000,0.7305,0.0162,0.7388,0.0180,0.7536,0.0047,0.0498,0.0066,0.1853,0.0872,0.0743,0.0020,0.4065,0.0096
heun,8,16,3,0.0149,0.0007,quadratic,quadratic,2000,48000,0.8859,0.0043,0.8920,0.0041,0.8902,0.0042,0.4105,0.0117,0.4787,0.0100,0.4418,0.0062,0.6669,0.0014
heun,8,16,3,0.0149,0.0007,polar3,polar,2000,48000,0.9347,0.0040,0.9416,0.0041,0.9394,0.0038,0.4644,0.0091,0.4803,0.0108,0.4721,0.0066,0.7068,0.0047
heun,8,16,3,0.0149,0.0007,knn,knn,5000,120000,0.5481,0.0008,0.5523,0.0006,0.5613,0.0012,0.0795,0.0027,0.2723,0.0032,0.1230,0.0032,0.3377,0.0016
heun,8,16,3,0.0149,0.0007,altered_knn,altered_knn,5000,80000,0.7496,0.0127,0.7587,0.0149,0.7688,0.0029,0.0513,0.0059,0.1486,0.1107,0.0648,0.0128,0.4117,0.0045
heun,8,16,3,0.0149,0.0007,quadratic,quadratic,5000,120000,0.8879,0.0052,0.8940,0.0050,0.8922,0.0049,0.4150,0.0148,0.4800,0.0089,0.4449,0.0080,0.6695,0.0021
heun,8,16,3,0.0149,0.0007,polar3,polar,5000,120000,0.9395,0.0034,0.9464,0.0035,0.9441,0.0034,0.4850,0.0041,0.4775,0.0127,0.4811,0.0045,0.7137,0.0024
heun,8,16,3,0.0149,0.0007,knn,knn,10000,240000,0.5769,0.0023,0.5814,0.0021,0.5889,0.0028,0.0913,0.0030,0.2758,0.0020,0.1372,0.0031,0.3593,0.0013
heun,8,16,3,0.0149,0.0007,altered_knn,altered_knn,10000,160000,0.7436,0.0236,0.7510,0.0260,0.7789,0.0032,0.0480,0.0077,0.2578,0.1400,0.0741,0.0083,0.4125,0.0145
heun,8,16,3,0.0149,0.0007,quadratic,quadratic,10000,240000,0.8916,0.0051,0.8979,0.0049,0.8956,0.0049,0.4437,0.0134,0.4721,0.0092,0.4573,0.0071,0.6776,0.0020
heun,8,16,3,0.0149,0.0007,polar3,polar,10000,240000,0.9423,0.0032,0.9493,0.0032,0.9469,0.0031,0.5007,0.0042,0.4790,0.0137,0.4894,0.0052,0.7194,0.0025
heun,8,16,3,0.0149,0.0007,knn,knn,15000,360000,0.5918,0.0021,0.5965,0.0019,0.6033,0.0027,0.0981,0.0054,0.2789,0.0034,0.1450,0.0054,0.3707,0.0024
heun,8,16,3,0.0149,0.0007,altered_knn,altered_knn,15000,240000,0.7655,0.0097,0.7743,0.0113,0.7885,0.0028,0.0519,0.0073,0.1839,0.0704,0.0760,0.0028,0.4252,0.0043
heun,8,16,3,0.0149,0.0007,quadratic,quadratic,15000,360000,0.8992,0.0048,0.9059,0.0046,0.9026,0.0046,0.5068,0.0156,0.4561,0.0106,0.4799,0.0073,0.6929,0.0020
heun,8,16,3,0.0149,0.0007,polar3,polar,15000,360000,0.9446,0.0034,0.9516,0.0035,0.9491,0.0034,0.5143,0.0077,0.4804,0.0143,0.4966,0.0041,0.7241,0.0021
heun,8,16,3,0.0149,0.0007,knn,knn,20000,480000,0.6015,0.0022,0.6064,0.0020,0.6127,0.0028,0.1040,0.0048,0.2807,0.0028,0.1517,0.0047,0.3790,0.0021
heun,8,16,3,0.0149,0.0007,altered_knn,altered_knn,20000,320000,0.7638,0.0032,0.7717,0.0035,0.7932,0.0027,0.0498,0.0018,0.2405,0.0378,0.0822,0.0042,0.4269,0.0006
heun,8,16,3,0.0149,0.0007,quadratic,quadratic,20000,480000,0.9025,0.0044,0.9093,0.0042,0.9056,0.0041,0.5344,0.0151,0.4502,0.0100,0.4885,0.0066,0.6989,0.0018
heun,8,16,3,0.0149,0.0007,polar3,polar,20000,480000,0.9457,0.0036,0.9527,0.0036,0.9501,0.0036,0.5211,0.0058,0.4798,0.0154,0.4994,0.0059,0.7261,0.0034
heun,16,2,3,0.0139,0.0005,knn,knn,2000,6000,0.7835,0.0060,0.7944,0.0057,0.7860,0.0041,0.2854,0.0139,0.0107,0.0012,0.0207,0.0022,0.4076,0.0027
heun,16,2,3,0.0139,0.0005,altered_knn,altered_knn,2000,4000,0.8550,0.0247,0.8645,0.0262,0.8929,0.0065,0.0296,0.0043,0.1782,0.1040,0.0475,0.0144,0.4560,0.0059
heun,16,2,3,0.0139,0.0005,quadratic,quadratic,2000,6000,0.9621,0.0024,0.9712,0.0026,0.9661,0.0025,0.9110,0.0198,0.3178,0.0221,0.4709,0.0264,0.7211,0.0125
heun,16,2,3,0.0139,0.0005,polar3,polar,2000,6000,0.9730,0.0016,0.9785,0.0023,0.9755,0.0018,0.8743,0.0520,0.5851,0.0348,0.6989,0.0177,0.8387,0.0082
heun,16,2,3,0.0139,0.0005,knn,knn,5000,15000,0.7899,0.0038,0.8009,0.0037,0.7923,0.0027,0.4048,0.0741,0.0098,0.0023,0.0191,0.0045,0.4100,0.0040
heun,16,2,3,0.0139,0.0005,altered_knn,altered_knn,5000,10000,0.8272,0.0460,0.8350,0.0480,0.8847,0.0205,0.0304,0.0014,0.2690,0.1171,0.0536,0.0027,0.4443,0.0235
heun,16,2,3,0.0139,0.0005,quadratic,quadratic,5000,15000,0.9645,0.0027,0.9738,0.0028,0.9686,0.0028,0.9535,0.0155,0.3086,0.0264,0.4659,0.0320,0.7199,0.0156
heun,16,2,3,0.0139,0.0005,polar3,polar,5000,15000,0.9817,0.0019,0.9864,0.0027,0.9848,0.0020,0.7751,0.0866,0.6516,0.0409,0.7027,0.0117,0.8446,0.0068
heun,16,2,3,0.0139,0.0005,knn,knn,10000,30000,0.7926,0.0069,0.8036,0.0068,0.7948,0.0046,0.4900,0.0239,0.0111,0.0032,0.0216,0.0061,0.4126,0.0063
heun,16,2,3,0.0139,0.0005,altered_knn,altered_knn,10000,20000,0.8318,0.0409,0.8401,0.0430,0.8877,0.0175,0.0291,0.0028,0.2460,0.1000,0.0509,0.0029,0.4455,0.0227
heun,16,2,3,0.0139,0.0005,quadratic,quadratic,10000,30000,0.9661,0.0021,0.9755,0.0019,0.9702,0.0020,0.9561,0.0159,0.3062,0.0260,0.4634,0.0316,0.7195,0.0158
heun,16,2,3,0.0139,0.0005,polar3,polar,10000,30000,0.9832,0.0011,0.9876,0.0020,0.9859,0.0014,0.8163,0.0367,0.6706,0.0445,0.7341,0.0129,0.8608,0.0055
heun,16,2,3,0.0139,0.0005,knn,knn,15000,45000,0.7980,0.0081,0.8091,0.0079,0.8004,0.0059,0.4820,0.1594,0.0116,0.0039,0.0226,0.0077,0.4159,0.0078
heun,16,2,3,0.0139,0.0005,altered_knn,altered_knn,15000,30000,0.7577,0.0854,0.7628,0.0891,0.8470,0.0494,0.0276,0.0042,0.4037,0.1597,0.0504,0.0051,0.4066,0.0470
heun,16,2,3,0.0139,0.0005,quadratic,quadratic,15000,45000,0.9660,0.0022,0.9753,0.0021,0.9701,0.0022,0.9574,0.0136,0.3084,0.0217,0.4663,0.0263,0.7208,0.0131
heun,16,2,3,0.0139,0.0005,polar3,polar,15000,45000,0.9834,0.0012,0.9878,0.0021,0.9862,0.0017,0.7900,0.0105,0.6745,0.0458,0.7265,0.0236,0.8571,0.0108
heun,16,2,3,0.0139,0.0005,knn,knn,20000,60000,0.8003,0.0074,0.8114,0.0072,0.8025,0.0053,0.5507,0.0360,0.0115,0.0016,0.0226,0.0031,0.4170,0.0049
heun,16,2,3,0.0139,0.0005,altered_knn,altered_knn,20000,40000,0.7613,0.0868,0.7664,0.0902,0.8480,0.0482,0.0282,0.0038,0.3958,0.1667,0.0513,0.0050,0.4089,0.0471
heun,16,2,3,0.0139,0.0005,quadratic,quadratic,20000,60000,0.9666,0.0023,0.9760,0.0022,0.9707,0.0023,0.9581,0.0128,0.3025,0.0230,0.4595,0.0277,0.7177,0.0136
heun,16,2,3,0.0139,0.0005,polar3,polar,20000,60000,0.9833,0.0014,0.9877,0.0022,0.9862,0.0019,0.7860,0.0184,0.6760,0.0411,0.7261,0.0253,0.8569,0.0116
heun,16,4,3,0.0132,0.0004,knn,knn,2000,12000,0.6180,0.0146,0.6258,0.0147,0.6164,0.0119,0.1793,0.0142,0.0320,0.0037,0.0540,0.0046,0.3399,0.0081
heun,16,4,3,0.0132,0.0004,altered_knn,altered_knn,2000,8000,0.8092,0.0144,0.8184,0.0152,0.8277,0.0064,0.0412,0.0062,0.1193,0.0548,0.0566,0.0026,0.4375,0.0065
heun,16,4,3,0.0132,0.0004,quadratic,quadratic,2000,12000,0.9385,0.0069,0.9454,0.0068,0.9400,0.0076,0.8287,0.0025,0.4195,0.0072,0.5570,0.0063,0.7512,0.0047
heun,16,4,3,0.0132,0.0004,polar3,polar,2000,12000,0.9493,0.0015,0.9542,0.0012,0.9540,0.0022,0.4581,0.0197,0.5898,0.0147,0.5155,0.0165,0.7348,0.0085
heun,16,4,3,0.0132,0.0004,knn,knn,5000,30000,0.6307,0.0106,0.6388,0.0107,0.6292,0.0088,0.2087,0.0206,0.0296,0.0047,0.0517,0.0073,0.3453,0.0047
heun,16,4,3,0.0132,0.0004,altered_knn,altered_knn,5000,20000,0.8151,0.0197,0.8245,0.0208,0.8330,0.0073,0.0387,0.0045,0.1051,0.0764,0.0483,0.0088,0.4364,0.0081
heun,16,4,3,0.0132,0.0004,quadratic,quadratic,5000,30000,0.9439,0.0068,0.9510,0.0067,0.9456,0.0076,0.8657,0.0074,0.4151,0.0068,0.5612,0.0074,0.7561,0.0026
heun,16,4,3,0.0132,0.0004,polar3,polar,5000,30000,0.9668,0.0029,0.9714,0.0027,0.9705,0.0023,0.5652,0.0188,0.6188,0.0109,0.5907,0.0153,0.7811,0.0090
heun,16,4,3,0.0132,0.0004,knn,knn,10000,60000,0.6425,0.0118,0.6508,0.0119,0.6407,0.0094,0.2192,0.0042,0.0276,0.0011,0.0490,0.0017,0.3499,0.0057
heun,16,4,3,0.0132,0.0004,altered_knn,altered_knn,10000,40000,0.8285,0.0055,0.8389,0.0055,0.8365,0.0046,0.0493,0.0070,0.0543,0.0100,0.0506,0.0024,0.4447,0.0017
heun,16,4,3,0.0132,0.0004,quadratic,quadratic,10000,60000,0.9464,0.0080,0.9535,0.0079,0.9479,0.0088,0.8808,0.0093,0.4147,0.0082,0.5638,0.0082,0.7586,0.0049
heun,16,4,3,0.0132,0.0004,polar3,polar,10000,60000,0.9703,0.0021,0.9749,0.0021,0.9742,0.0012,0.5723,0.0388,0.6199,0.0117,0.5945,0.0215,0.7847,0.0118
heun,16,4,3,0.0132,0.0004,knn,knn,15000,90000,0.6489,0.0096,0.6571,0.0096,0.6465,0.0074,0.2774,0.0220,0.0325,0.0014,0.0581,0.0023,0.3576,0.0057
heun,16,4,3,0.0132,0.0004,altered_knn,altered_knn,15000,60000,0.7679,0.0550,0.7746,0.0581,0.8202,0.0155,0.0364,0.0106,0.2761,0.1721,0.0557,0.0076,0.4152,0.0324
heun,16,4,3,0.0132,0.0004,quadratic,quadratic,15000,90000,0.9474,0.0082,0.9545,0.0081,0.9490,0.0090,0.8864,0.0110,0.4171,0.0053,0.5673,0.0056,0.7609,0.0036
heun,16,4,3,0.0132,0.0004,polar3,polar,15000,90000,0.9703,0.0020,0.9749,0.0021,0.9740,0.0013,0.5854,0.0455,0.6198,0.0087,0.6010,0.0225,0.7880,0.0119
heun,16,4,3,0.0132,0.0004,knn,knn,20000,120000,0.6530,0.0097,0.6613,0.0096,0.6510,0.0075,0.2899,0.0216,0.0323,0.0043,0.0581,0.0073,0.3597,0.0085
heun,16,4,3,0.0132,0.0004,altered_knn,altered_knn,20000,80000,0.7655,0.0631,0.7722,0.0665,0.8187,0.0197,0.0363,0.0117,0.2704,0.1845,0.0539,0.0069,0.4130,0.0365
heun,16,4,3,0.0132,0.0004,quadratic,quadratic,20000,120000,0.9472,0.0087,0.9543,0.0086,0.9487,0.0096,0.8893,0.0097,0.4140,0.0017,0.5649,0.0030,0.7596,0.0034
heun,16,4,3,0.0132,0.0004,polar3,polar,20000,120000,0.9710,0.0022,0.9757,0.0022,0.9746,0.0017,0.5978,0.0189,0.6196,0.0087,0.6083,0.0086,0.7920,0.0052
heun,16,8,3,0.0138,0.0003,knn,knn,2000,24000,0.4862,0.0089,0.4919,0.0091,0.4871,0.0078,0.1054,0.0152,0.0759,0.0000,0.0878,0.0056,0.2898,0.0054
heun,16,8,3,0.0138,0.0003,altered_knn,altered_knn,2000,16000,0.7392,0.0125,0.7469,0.0143,0.7622,0.0054,0.0486,0.0050,0.1910,0.1205,0.0714,0.0022,0.4091,0.0061
heun,16,8,3,0.0138,0.0003,quadratic,quadratic,2000,24000,0.9059,0.0145,0.9121,0.0147,0.9067,0.0160,0.6899,0.0065,0.4613,0.0038,0.5528,0.0017,0.7325,0.0066
heun,16,8,3,0.0138,0.0003,polar3,polar,2000,24000,0.9355,0.0062,0.9409,0.0062,0.9369,0.0048,0.7058,0.0265,0.5502,0.0063,0.6180,0.0068,0.7795,0.0053
heun,16,8,3,0.0138,0.0003,knn,knn,5000,60000,0.5028,0.0106,0.5088,0.0108,0.5036,0.0102,0.1158,0.0041,0.0731,0.0032,0.0896,0.0032,0.2992,0.0050
heun,16,8,3,0.0138,0.0003,altered_knn,altered_knn,5000,40000,0.7298,0.0117,0.7362,0.0124,0.7663,0.0073,0.0393,0.0031,0.2663,0.0525,0.0681,0.0045,0.4022,0.0079
heun,16,8,3,0.0138,0.0003,quadratic,quadratic,5000,60000,0.9126,0.0148,0.9188,0.0150,0.9136,0.0162,0.7257,0.0046,0.4698,0.0038,0.5704,0.0030,0.7446,0.0082
heun,16,8,3,0.0138,0.0003,polar3,polar,5000,60000,0.9506,0.0046,0.9563,0.0045,0.9522,0.0035,0.7653,0.0164,0.5489,0.0086,0.6391,0.0015,0.7977,0.0029
heun,16,8,3,0.0138,0.0003,knn,knn,10000,120000,0.5159,0.0116,0.5222,0.0118,0.5165,0.0111,0.1237,0.0049,0.0682,0.0017,0.0879,0.0026,0.3050,0.0064
heun,16,8,3,0.0138,0.0003,altered_knn,altered_knn,10000,80000,0.7546,0.0128,0.7635,0.0139,0.7701,0.0065,0.0452,0.0030,0.1173,0.0741,0.0595,0.0070,0.4115,0.0038
heun,16,8,3,0.0138,0.0003,quadratic,quadratic,10000,120000,0.9150,0.0156,0.9212,0.0159,0.9159,0.0171,0.7369,0.0052,0.4711,0.0070,0.5747,0.0048,0.7480,0.0084
heun,16,8,3,0.0138,0.0003,polar3,polar,10000,120000,0.9546,0.0038,0.9603,0.0036,0.9562,0.0029,0.7834,0.0150,0.5484,0.0081,0.6450,0.0009,0.8026,0.0019
heun,16,8,3,0.0138,0.0003,knn,knn,15000,180000,0.5235,0.0112,0.5299,0.0115,0.5238,0.0111,0.1354,0.0073,0.0671,0.0045,0.0897,0.0056,0.3098,0.0051
heun,16,8,3,0.0138,0.0003,altered_knn,altered_knn,15000,120000,0.7569,0.0075,0.7660,0.0090,0.7705,0.0066,0.0517,0.0094,0.1052,0.0979,0.0521,0.0151,0.4090,0.0031
heun,16,8,3,0.0138,0.0003,quadratic,quadratic,15000,180000,0.9166,0.0154,0.9228,0.0157,0.9175,0.0168,0.7450,0.0065,0.4717,0.0082,0.5776,0.0059,0.7502,0.0084
heun,16,8,3,0.0138,0.0003,polar3,polar,15000,180000,0.9560,0.0044,0.9617,0.0043,0.9576,0.0036,0.8056,0.0112,0.5474,0.0101,0.6517,0.0040,0.8067,0.0035
heun,16,8,3,0.0138,0.0003,knn,knn,20000,240000,0.5293,0.0105,0.5358,0.0107,0.5296,0.0104,0.1539,0.0013,0.0687,0.0013,0.0950,0.0014,0.3154,0.0047
heun,16,8,3,0.0138,0.0003,altered_knn,altered_knn,20000,160000,0.7568,0.0078,0.7657,0.0092,0.7722,0.0070,0.0491,0.0067,0.1202,0.0947,0.0582,0.0108,0.4120,0.0010
heun,16,8,3,0.0138,0.0003,quadratic,quadratic,20000,240000,0.9203,0.0142,0.9267,0.0145,0.9212,0.0157,0.7817,0.0061,0.4608,0.0088,0.5797,0.0062,0.7532,0.0076
heun,16,8,3,0.0138,0.0003,polar3,polar,20000,240000,0.9579,0.0047,0.9636,0.0046,0.9592,0.0039,0.8451,0.0065,0.5518,0.0113,0.6676,0.0069,0.8156,0.0052
heun,16,16,3,0.0147,0.0001,knn,knn,2000,48000,0.3900,0.0018,0.3940,0.0018,0.3937,0.0019,0.0684,0.0060,0.1236,0.0027,0.0879,0.0054,0.2410,0.0019
heun,16,16,3,0.0147,0.0001,altered_knn,altered_knn,2000,32000,0.7010,0.0104,0.7083,0.0114,0.7241,0.0016,0.0545,0.0062,0.2173,0.0574,0.0853,0.0044,0.3968,0.0079
heun,16,16,3,0.0147,0.0001,quadratic,quadratic,2000,48000,0.8980,0.0023,0.9045,0.0023,0.9004,0.0015,0.5403,0.0039,0.4652,0.0036,0.5000,0.0021,0.7022,0.0015
heun,16,16,3,0.0147,0.0001,polar3,polar,2000,48000,0.9308,0.0024,0.9374,0.0023,0.9326,0.0018,0.7322,0.0062,0.4898,0.0059,0.5869,0.0058,0.7622,0.0040
heun,16,16,3,0.0147,0.0001,knn,knn,5000,120000,0.4116,0.0027,0.4159,0.0027,0.4151,0.0025,0.0791,0.0052,0.1225,0.0043,0.0960,0.0042,0.2560,0.0028
heun,16,16,3,0.0147,0.0001,altered_knn,altered_knn,5000,80000,0.7105,0.0084,0.7189,0.0093,0.7281,0.0008,0.0536,0.0061,0.1528,0.0531,0.0764,0.0012,0.3976,0.0051
heun,16,16,3,0.0147,0.0001,quadratic,quadratic,5000,120000,0.9061,0.0031,0.9127,0.0030,0.9083,0.0022,0.5594,0.0009,0.4693,0.0044,0.5104,0.0026,0.7115,0.0026
heun,16,16,3,0.0147,0.0001,polar3,polar,5000,120000,0.9436,0.0024,0.9505,0.0023,0.9458,0.0019,0.7799,0.0055,0.4826,0.0066,0.5962,0.0056,0.7733,0.0040
heun,16,16,3,0.0147,0.0001,knn,knn,10000,240000,0.4278,0.0028,0.4324,0.0028,0.4311,0.0026,0.0894,0.0044,0.1183,0.0018,0.1017,0.0027,0.2671,0.0017
heun,16,16,3,0.0147,0.0001,altered_knn,altered_knn,10000,160000,0.6996,0.0323,0.7071,0.0359,0.7274,0.0033,0.0460,0.0061,0.1963,0.2091,0.0560,0.0099,0.3816,0.0130
heun,16,16,3,0.0147,0.0001,quadratic,quadratic,10000,240000,0.9134,0.0029,0.9202,0.0029,0.9153,0.0022,0.6167,0.0021,0.4595,0.0041,0.5266,0.0028,0.7234,0.0026
heun,16,16,3,0.0147,0.0001,polar3,polar,10000,240000,0.9498,0.0019,0.9567,0.0017,0.9520,0.0014,0.8093,0.0017,0.4841,0.0081,0.6058,0.0062,0.7813,0.0040
heun,16,16,3,0.0147,0.0001,knn,knn,15000,360000,0.4373,0.0035,0.4421,0.0035,0.4407,0.0033,0.0943,0.0014,0.1185,0.0026,0.1050,0.0007,0.2735,0.0020
heun,16,16,3,0.0147,0.0001,altered_knn,altered_knn,15000,240000,0.6977,0.0288,0.7044,0.0317,0.7300,0.0042,0.0475,0.0078,0.2459,0.1651,0.0722,0.0020,0.3883,0.0169
heun,16,16,3,0.0147,0.0001,quadratic,quadratic,15000,360000,0.9251,0.0028,0.9324,0.0027,0.9268,0.0023,0.7181,0.0017,0.4354,0.0048,0.5421,0.0036,0.7372,0.0031
heun,16,16,3,0.0147,0.0001,polar3,polar,15000,360000,0.9530,0.0017,0.9599,0.0016,0.9552,0.0012,0.8306,0.0046,0.4938,0.0073,0.6194,0.0068,0.7896,0.0041
heun,16,16,3,0.0147,0.0001,knn,knn,20000,480000,0.4429,0.0029,0.4478,0.0029,0.4465,0.0026,0.0951,0.0018,0.1169,0.0033,0.1049,0.0023,0.2763,0.0025
heun,16,16,3,0.0147,0.0001,altered_knn,altered_knn,20000,320000,0.7139,0.0072,0.7222,0.0082,0.7329,0.0014,0.0513,0.0074,0.1573,0.0536,0.0744,0.0035,0.3983,0.0058
heun,16,16,3,0.0147,0.0001,quadratic,quadratic,20000,480000,0.9322,0.0031,0.9397,0.0031,0.9340,0.0027,0.7706,0.0011,0.4261,0.0039,0.5487,0.0029,0.7442,0.0030
heun,16,16,3,0.0147,0.0001,polar3,polar,20000,480000,0.9542,0.0014,0.9610,0.0013,0.9565,0.0010,0.8345,0.0046,0.4990,0.0067,0.6245,0.0060,0.7928,0.0036
heun,32,2,3,0.0145,0.0002,knn,knn,2000,6000,0.7393,0.0032,0.7501,0.0033,0.7418,0.0013,0.1241,0.0199,0.0041,0.0005,0.0080,0.0011,0.3791,0.0014
heun,32,2,3,0.0145,0.0002,altered_knn,altered_knn,2000,4000,0.7292,0.1296,0.7350,0.1346,0.8105,0.0795,0.0247,0.0033,0.3350,0.2080,0.0445,0.0041,0.3898,0.0691
heun,32,2,3,0.0145,0.0002,quadratic,quadratic,2000,6000,0.9493,0.0006,0.9589,0.0006,0.9545,0.0007,0.6187,0.0191,0.2993,0.0127,0.4032,0.0132,0.6810,0.0064
heun,32,2,3,0.0145,0.0002,polar3,polar,2000,6000,0.9618,0.0022,0.9691,0.0022,0.9646,0.0024,0.9013,0.0200,0.4655,0.0121,0.6137,0.0082,0.7914,0.0036
heun,32,2,3,0.0145,0.0002,knn,knn,5000,15000,0.7525,0.0016,0.7635,0.0017,0.7551,0.0008,0.1684,0.0359,0.0039,0.0012,0.0077,0.0024,0.3856,0.0012
heun,32,2,3,0.0145,0.0002,altered_knn,altered_knn,5000,10000,0.8117,0.0608,0.8206,0.0638,0.8671,0.0259,0.0218,0.0053,0.2045,0.1503,0.0371,0.0126,0.4289,0.0282
heun,32,2,3,0.0145,0.0002,quadratic,quadratic,5000,15000,0.9632,0.0008,0.9734,0.0007,0.9681,0.0008,0.8163,0.0158,0.2732,0.0041,0.4094,0.0060,0.6914,0.0030
heun,32,2,3,0.0145,0.0002,polar3,polar,5000,15000,0.9767,0.0031,0.9827,0.0032,0.9792,0.0033,0.9688,0.0100,0.5665,0.0069,0.7149,0.0050,0.8488,0.0032
heun,32,2,3,0.0145,0.0002,knn,knn,10000,30000,0.7568,0.0029,0.7678,0.0029,0.7591,0.0007,0.2312,0.0496,0.0051,0.0024,0.0100,0.0046,0.3889,0.0022
heun,32,2,3,0.0145,0.0002,altered_knn,altered_knn,10000,20000,0.6778,0.1021,0.6806,0.1061,0.7915,0.0617,0.0244,0.0030,0.4840,0.1704,0.0457,0.0040,0.3632,0.0550
heun,32,2,3,0.0145,0.0002,quadratic,quadratic,10000,30000,0.9666,0.0010,0.9769,0.0009,0.9715,0.0010,0.8650,0.0067,0.2641,0.0034,0.4046,0.0035,0.6907,0.0022
heun,32,2,3,0.0145,0.0002,polar3,polar,10000,30000,0.9806,0.0011,0.9857,0.0012,0.9828,0.0012,0.9742,0.0062,0.6334,0.0058,0.7677,0.0061,0.8767,0.0025
heun,32,2,3,0.0145,0.0002,knn,knn,15000,45000,0.7595,0.0033,0.7706,0.0034,0.7619,0.0005,0.1911,0.0009,0.0030,0.0004,0.0059,0.0007,0.3882,0.0016
heun,32,2,3,0.0145,0.0002,altered_knn,altered_knn,15000,30000,0.8356,0.0120,0.8446,0.0126,0.8849,0.0046,0.0298,0.0023,0.2201,0.0432,0.0524,0.0046,0.4485,0.0061
heun,32,2,3,0.0145,0.0002,quadratic,quadratic,15000,45000,0.9680,0.0009,0.9784,0.0008,0.9729,0.0009,0.8868,0.0031,0.2598,0.0073,0.4018,0.0090,0.6901,0.0046
heun,32,2,3,0.0145,0.0002,polar3,polar,15000,45000,0.9808,0.0007,0.9857,0.0009,0.9829,0.0008,0.9741,0.0058,0.6498,0.0107,0.7795,0.0095,0.8826,0.0043
heun,32,2,3,0.0145,0.0002,knn,knn,20000,60000,0.7616,0.0053,0.7727,0.0054,0.7640,0.0026,0.2669,0.1131,0.0042,0.0021,0.0082,0.0041,0.3905,0.0041
heun,32,2,3,0.0145,0.0002,altered_knn,altered_knn,20000,40000,0.8376,0.0120,0.8466,0.0126,0.8864,0.0045,0.0312,0.0009,0.2254,0.0381,0.0546,0.0020,0.4506,0.0061
heun,32,2,3,0.0145,0.0002,quadratic,quadratic,20000,60000,0.9684,0.0009,0.9789,0.0008,0.9734,0.0009,0.8987,0.0027,0.2549,0.0095,0.3971,0.0115,0.6880,0.0056
heun,32,2,3,0.0145,0.0002,polar3,polar,20000,60000,0.9807,0.0006,0.9855,0.0008,0.9827,0.0008,0.9733,0.0063,0.6534,0.0084,0.7819,0.0078,0.8837,0.0035
heun,32,4,3,0.0144,0.0002,knn,knn,2000,12000,0.5591,0.0059,0.5670,0.0059,0.5565,0.0026,0.0963,0.0030,0.0154,0.0004,0.0266,0.0005,0.2968,0.0028
heun,32,4,3,0.0144,0.0002,altered_knn,altered_knn,2000,8000,0.7777,0.0088,0.7877,0.0093,0.7922,0.0022,0.0386,0.0031,0.0909,0.0339,0.0520,0.0026,0.4199,0.0034
heun,32,4,3,0.0144,0.0002,quadratic,quadratic,2000,12000,0.9096,0.0021,0.9180,0.0019,0.9118,0.0019,0.6390,0.0067,0.3375,0.0123,0.4415,0.0091,0.6797,0.0051
heun,32,4,3,0.0144,0.0002,polar3,polar,2000,12000,0.9328,0.0011,0.9390,0.0010,0.9329,0.0008,0.9229,0.0038,0.5076,0.0057,0.6549,0.0038,0.7970,0.0016
heun,32,4,3,0.0144,0.0002,knn,knn,5000,30000,0.5753,0.0070,0.5835,0.0070,0.5729,0.0044,0.1067,0.0140,0.0117,0.0023,0.0211,0.0040,0.3023,0.0053
heun,32,4,3,0.0144,0.0002,altered_knn,altered_knn,5000,20000,0.8002,0.0055,0.8110,0.0063,0.8091,0.0012,0.0435,0.0014,0.0565,0.0378,0.0425,0.0167,0.4267,0.0052
heun,32,4,3,0.0144,0.0002,quadratic,quadratic,5000,30000,0.9291,0.0009,0.9377,0.0007,0.9315,0.0010,0.7723,0.0079,0.3387,0.0132,0.4707,0.0118,0.7042,0.0062
heun,32,4,3,0.0144,0.0002,polar3,polar,5000,30000,0.9636,0.0025,0.9691,0.0026,0.9645,0.0025,0.9687,0.0043,0.5824,0.0105,0.7273,0.0070,0.8482,0.0030
heun,32,4,3,0.0144,0.0002,knn,knn,10000,60000,0.5859,0.0111,0.5942,0.0111,0.5834,0.0078,0.1245,0.0104,0.0116,0.0013,0.0213,0.0023,0.3078,0.0066
heun,32,4,3,0.0144,0.0002,altered_knn,altered_knn,10000,40000,0.8042,0.0022,0.8149,0.0024,0.8154,0.0012,0.0455,0.0042,0.0750,0.0214,0.0552,0.0047,0.4350,0.0011
heun,32,4,3,0.0144,0.0002,quadratic,quadratic,10000,60000,0.9358,0.0011,0.9445,0.0008,0.9382,0.0011,0.8237,0.0103,0.3399,0.0163,0.4808,0.0148,0.7127,0.0078
heun,32,4,3,0.0144,0.0002,polar3,polar,10000,60000,0.9695,0.0044,0.9748,0.0045,0.9707,0.0047,0.9765,0.0030,0.6007,0.0105,0.7437,0.0073,0.8593,0.0027
heun,32,4,3,0.0144,0.0002,knn,knn,15000,90000,0.5907,0.0111,0.5992,0.0112,0.5883,0.0079,0.1445,0.0084,0.0110,0.0007,0.0205,0.0013,0.3098,0.0050
heun,32,4,3,0.0144,0.0002,altered_knn,altered_knn,15000,60000,0.7859,0.0198,0.7949,0.0215,0.8134,0.0041,0.0426,0.0093,0.1700,0.0968,0.0568,0.0078,0.4259,0.0073
heun,32,4,3,0.0144,0.0002,quadratic,quadratic,15000,90000,0.9383,0.0014,0.9470,0.0011,0.9406,0.0015,0.8423,0.0157,0.3407,0.0126,0.4849,0.0104,0.7159,0.0058
heun,32,4,3,0.0144,0.0002,polar3,polar,15000,90000,0.9717,0.0030,0.9771,0.0030,0.9729,0.0030,0.9784,0.0020,0.6040,0.0118,0.7469,0.0084,0.8620,0.0038
heun,32,4,3,0.0144,0.0002,knn,knn,20000,120000,0.5948,0.0084,0.6034,0.0084,0.5926,0.0052,0.1154,0.0061,0.0093,0.0006,0.0172,0.0011,0.3103,0.0047
heun,32,4,3,0.0144,0.0002,altered_knn,altered_knn,20000,80000,0.7995,0.0094,0.8095,0.0104,0.8176,0.0007,0.0398,0.0011,0.1139,0.0604,0.0557,0.0082,0.4326,0.0021
heun,32,4,3,0.0144,0.0002,quadratic,quadratic,20000,120000,0.9394,0.0015,0.9482,0.0013,0.9418,0.0017,0.8474,0.0122,0.3376,0.0145,0.4825,0.0130,0.7153,0.0071
heun,32,4,3,0.0144,0.0002,polar3,polar,20000,120000,0.9723,0.0027,0.9776,0.0027,0.9734,0.0027,0.9799,0.0029,0.6068,0.0117,0.7494,0.0082,0.8635,0.0040
heun,32,8,3,0.0143,0.0002,knn,knn,2000,24000,0.4272,0.0063,0.4329,0.0064,0.4260,0.0064,0.0706,0.0018,0.0351,0.0015,0.0468,0.0011,0.2399,0.0027
heun,32,8,3,0.0143,0.0002,altered_knn,altered_knn,2000,16000,0.7247,0.0082,0.7340,0.0090,0.7370,0.0060,0.0474,0.0039,0.0873,0.0514,0.0520,0.0190,0.3930,0.0059
heun,32,8,3,0.0143,0.0002,quadratic,quadratic,2000,24000,0.8834,0.0063,0.8906,0.0065,0.8851,0.0073,0.5592,0.0044,0.3881,0.0026,0.4582,0.0033,0.6744,0.0036
heun,32,8,3,0.0143,0.0002,polar3,polar,2000,24000,0.9180,0.0042,0.9240,0.0044,0.9183,0.0051,0.9350,0.0051,0.5088,0.0014,0.6590,0.0005,0.7915,0.0019
heun,32,8,3,0.0143,0.0002,knn,knn,5000,60000,0.4431,0.0040,0.4491,0.0042,0.4419,0.0045,0.0823,0.0027,0.0336,0.0011,0.0477,0.0015,0.2484,0.0013
heun,32,8,3,0.0143,0.0002,altered_knn,altered_knn,5000,40000,0.7364,0.0132,0.7450,0.0143,0.7541,0.0069,0.0497,0.0053,0.1422,0.0545,0.0707,0.0030,0.4079,0.0071
heun,32,8,3,0.0143,0.0002,quadratic,quadratic,5000,60000,0.9095,0.0082,0.9169,0.0084,0.9110,0.0092,0.6681,0.0064,0.3990,0.0035,0.4995,0.0015,0.7082,0.0048
heun,32,8,3,0.0143,0.0002,polar3,polar,5000,60000,0.9464,0.0063,0.9523,0.0064,0.9472,0.0068,0.9706,0.0049,0.5360,0.0010,0.6906,0.0016,0.8215,0.0024
heun,32,8,3,0.0143,0.0002,knn,knn,10000,120000,0.4535,0.0056,0.4597,0.0057,0.4524,0.0055,0.0916,0.0057,0.0314,0.0021,0.0468,0.0031,0.2532,0.0042
heun,32,8,3,0.0143,0.0002,altered_knn,altered_knn,10000,80000,0.7521,0.0040,0.7618,0.0040,0.7613,0.0065,0.0621,0.0033,0.0812,0.0147,0.0694,0.0041,0.4156,0.0040
heun,32,8,3,0.0143,0.0002,quadratic,quadratic,10000,120000,0.9187,0.0096,0.9262,0.0099,0.9203,0.0106,0.7018,0.0008,0.4029,0.0033,0.5119,0.0025,0.7191,0.0046
heun,32,8,3,0.0143,0.0002,polar3,polar,10000,120000,0.9540,0.0066,0.9600,0.0068,0.9552,0.0069,0.9764,0.0047,0.5415,0.0034,0.6966,0.0016,0.8283,0.0040
heun,32,8,3,0.0143,0.0002,knn,knn,15000,180000,0.4584,0.0065,0.4646,0.0066,0.4573,0.0066,0.0901,0.0031,0.0284,0.0007,0.0432,0.0010,0.2539,0.0035
heun,32,8,3,0.0143,0.0002,altered_knn,altered_knn,15000,120000,0.7359,0.0328,0.7442,0.0357,0.7610,0.0086,0.0557,0.0165,0.1713,0.1601,0.0618,0.0023,0.4030,0.0168
heun,32,8,3,0.0143,0.0002,quadratic,quadratic,15000,180000,0.9220,0.0103,0.9296,0.0105,0.9236,0.0113,0.7209,0.0013,0.4038,0.0017,0.5176,0.0012,0.7236,0.0052
heun,32,8,3,0.0143,0.0002,polar3,polar,15000,180000,0.9561,0.0068,0.9621,0.0069,0.9575,0.0070,0.9766,0.0045,0.5436,0.0039,0.6984,0.0021,0.8302,0.0043
heun,32,8,3,0.0143,0.0002,knn,knn,20000,240000,0.4627,0.0070,0.4690,0.0072,0.4619,0.0073,0.1011,0.0038,0.0310,0.0010,0.0474,0.0015,0.2582,0.0030
heun,32,8,3,0.0143,0.0002,altered_knn,altered_knn,20000,160000,0.7451,0.0026,0.7536,0.0030,0.7636,0.0064,0.0504,0.0008,0.1563,0.0555,0.0740,0.0075,0.4138,0.0033
heun,32,8,3,0.0143,0.0002,quadratic,quadratic,20000,240000,0.9260,0.0103,0.9338,0.0105,0.9275,0.0112,0.7768,0.0024,0.3881,0.0011,0.5176,0.0012,0.7257,0.0057
heun,32,8,3,0.0143,0.0002,polar3,polar,20000,240000,0.9573,0.0062,0.9633,0.0063,0.9588,0.0062,0.9766,0.0046,0.5440,0.0018,0.6987,0.0005,0.8310,0.0031
heun,32,16,3,0.0159,0.0008,knn,knn,2000,48000,0.3206,0.0024,0.3248,0.0026,0.3210,0.0025,0.0583,0.0004,0.0572,0.0026,0.0577,0.0015,0.1913,0.0006
heun,32,16,3,0.0159,0.0008,altered_knn,altered_knn,2000,32000,0.6726,0.0068,0.6800,0.0077,0.6960,0.0028,0.0561,0.0069,0.2181,0.0259,0.0885,0.0071,0.3842,0.0073
heun,32,16,3,0.0159,0.0008,quadratic,quadratic,2000,48000,0.8631,0.0012,0.8704,0.0013,0.8670,0.0011,0.4654,0.0138,0.4143,0.0045,0.4382,0.0044,0.6543,0.0022
heun,32,16,3,0.0159,0.0008,polar3,polar,2000,48000,0.9110,0.0007,0.9182,0.0012,0.9120,0.0009,0.9479,0.0100,0.4616,0.0186,0.6205,0.0146,0.7694,0.0068
heun,32,16,3,0.0159,0.0008,knn,knn,5000,120000,0.3355,0.0015,0.3400,0.0017,0.3361,0.0015,0.0645,0.0029,0.0549,0.0016,0.0593,0.0021,0.1997,0.0015
heun,32,16,3,0.0159,0.0008,altered_knn,altered_knn,5000,80000,0.6932,0.0028,0.7015,0.0040,0.7110,0.0031,0.0672,0.0070,0.1834,0.0565,0.0948,0.0036,0.3981,0.0011
heun,32,16,3,0.0159,0.0008,quadratic,quadratic,5000,120000,0.8930,0.0012,0.9005,0.0014,0.8966,0.0011,0.5391,0.0180,0.4297,0.0076,0.4780,0.0046,0.6892,0.0022
heun,32,16,3,0.0159,0.0008,polar3,polar,5000,120000,0.9340,0.0027,0.9417,0.0034,0.9355,0.0030,0.9664,0.0083,0.4579,0.0172,0.6211,0.0141,0.7814,0.0054
heun,32,16,3,0.0159,0.0008,knn,knn,10000,240000,0.3450,0.0019,0.3497,0.0022,0.3460,0.0019,0.0733,0.0034,0.0526,0.0007,0.0612,0.0015,0.2055,0.0018
heun,32,16,3,0.0159,0.0008,altered_knn,altered_knn,10000,160000,0.7045,0.0010,0.7143,0.0019,0.7147,0.0025,0.0755,0.0070,0.0936,0.0370,0.0788,0.0116,0.3965,0.0050
heun,32,16,3,0.0159,0.0008,quadratic,quadratic,10000,240000,0.9077,0.0018,0.9156,0.0019,0.9107,0.0018,0.6386,0.0175,0.4186,0.0075,0.5055,0.0045,0.7105,0.0015
heun,32,16,3,0.0159,0.0008,polar3,polar,10000,240000,0.9431,0.0018,0.9509,0.0023,0.9452,0.0019,0.9708,0.0080,0.4587,0.0173,0.6228,0.0143,0.7868,0.0063
heun,32,16,3,0.0159,0.0008,knn,knn,15000,360000,0.3513,0.0022,0.3561,0.0024,0.3524,0.0023,0.0741,0.0062,0.0499,0.0011,0.0596,0.0028,0.2079,0.0026
heun,32,16,3,0.0159,0.0008,altered_knn,altered_knn,15000,240000,0.7073,0.0006,0.7179,0.0010,0.7145,0.0027,0.0817,0.0094,0.0503,0.0325,0.0554,0.0204,0.3866,0.0102
heun,32,16,3,0.0159,0.0008,quadratic,quadratic,15000,360000,0.9217,0.0016,0.9304,0.0018,0.9243,0.0016,0.7894,0.0128,0.3810,0.0118,0.5137,0.0080,0.7221,0.0035
heun,32,16,3,0.0159,0.0008,polar3,polar,15000,360000,0.9463,0.0011,0.9541,0.0017,0.9486,0.0013,0.9742,0.0083,0.4647,0.0179,0.6290,0.0147,0.7915,0.0065
heun,32,16,3,0.0159,0.0008,knn,knn,20000,480000,0.3550,0.0028,0.3599,0.0031,0.3562,0.0030,0.0757,0.0064,0.0492,0.0024,0.0596,0.0038,0.2098,0.0034
heun,32,16,3,0.0159,0.0008,altered_knn,altered_knn,20000,320000,0.6878,0.0265,0.6956,0.0300,0.7147,0.0036,0.0607,0.0146,0.2133,0.1757,0.0760,0.0072,0.3858,0.0157
heun,32,16,3,0.0159,0.0008,quadratic,quadratic,20000,480000,0.9306,0.0013,0.9397,0.0016,0.9332,0.0013,0.8599,0.0127,0.3667,0.0138,0.5139,0.0112,0.7268,0.0050
heun,32,16,3,0.0159,0.0008,polar3,polar,20000,480000,0.9458,0.0021,0.9533,0.0027,0.9479,0.0023,0.9324,0.0108,0.4801,0.0174,0.6335,0.0129,0.7934,0.0052
heun,64,2,3,0.0167,0.0005,knn,knn,2000,6000,0.6933,0.0104,0.7051,0.0102,0.6972,0.0078,0.0771,0.0298,0.0038,0.0015,0.0073,0.0028,0.3562,0.0058
heun,64,2,3,0.0167,0.0005,altered_knn,altered_knn,2000,4000,0.7236,0.0640,0.7307,0.0666,0.8044,0.0340,0.0265,0.0027,0.3071,0.0939,0.0482,0.0035,0.3895,0.0350
heun,64,2,3,0.0167,0.0005,quadratic,quadratic,2000,6000,0.6685,0.0066,0.6742,0.0069,0.7419,0.0053,0.0281,0.0003,0.3338,0.0146,0.0518,0.0006,0.3630,0.0033
heun,64,2,3,0.0167,0.0005,polar3,polar,2000,6000,0.9435,0.0035,0.9532,0.0036,0.9479,0.0035,0.8527,0.0165,0.3753,0.0196,0.5206,0.0157,0.7369,0.0075
heun,64,2,3,0.0167,0.0005,knn,knn,5000,15000,0.7067,0.0082,0.7187,0.0080,0.7103,0.0056,0.1018,0.0060,0.0032,0.0002,0.0062,0.0004,0.3624,0.0040
heun,64,2,3,0.0167,0.0005,altered_knn,altered_knn,5000,10000,0.7921,0.0075,0.8021,0.0079,0.8452,0.0038,0.0286,0.0021,0.2055,0.0244,0.0502,0.0038,0.4262,0.0030
heun,64,2,3,0.0167,0.0005,quadratic,quadratic,5000,15000,0.9250,0.0017,0.9358,0.0013,0.9349,0.0016,0.2972,0.0040,0.2931,0.0160,0.2949,0.0091,0.6154,0.0051
heun,64,2,3,0.0167,0.0005,polar3,polar,5000,15000,0.9652,0.0007,0.9740,0.0001,0.9689,0.0005,0.9759,0.0059,0.4508,0.0201,0.6164,0.0182,0.7952,0.0091
heun,64,2,3,0.0167,0.0005,knn,knn,10000,30000,0.7145,0.0092,0.7267,0.0090,0.7181,0.0062,0.0372,0.0389,0.0008,0.0007,0.0015,0.0014,0.3641,0.0039
heun,64,2,3,0.0167,0.0005,altered_knn,altered_knn,10000,20000,0.7651,0.0698,0.7736,0.0729,0.8355,0.0350,0.0274,0.0031,0.2599,0.1195,0.0485,0.0037,0.4111,0.0377
heun,64,2,3,0.0167,0.0005,quadratic,quadratic,10000,30000,0.9516,0.0007,0.9632,0.0003,0.9584,0.0007,0.5546,0.0116,0.2731,0.0056,0.3659,0.0046,0.6645,0.0024
heun,64,2,3,0.0167,0.0005,polar3,polar,10000,30000,0.9768,0.0007,0.9843,0.0008,0.9802,0.0007,0.9882,0.0007,0.5346,0.0283,0.6935,0.0238,0.8389,0.0117
heun,64,2,3,0.0167,0.0005,knn,knn,15000,45000,0.7182,0.0090,0.7304,0.0087,0.7218,0.0060,0.0675,0.0222,0.0016,0.0005,0.0031,0.0011,0.3668,0.0041
heun,64,2,3,0.0167,0.0005,altered_knn,altered_knn,15000,30000,0.7128,0.1484,0.7192,0.1545,0.7967,0.0962,0.0271,0.0039,0.3334,0.2144,0.0482,0.0047,0.3837,0.0793
heun,64,2,3,0.0167,0.0005,quadratic,quadratic,15000,45000,0.9586,0.0012,0.9705,0.0008,0.9651,0.0011,0.6484,0.0164,0.2553,0.0078,0.3661,0.0055,0.6683,0.0031
heun,64,2,3,0.0167,0.0005,polar3,polar,15000,45000,0.9797,0.0006,0.9866,0.0010,0.9828,0.0008,0.9910,0.0032,0.5715,0.0285,0.7245,0.0232,0.8556,0.0112
heun,64,2,3,0.0167,0.0005,knn,knn,20000,60000,0.7210,0.0094,0.7333,0.0092,0.7248,0.0067,0.0941,0.0264,0.0018,0.0005,0.0035,0.0011,0.3684,0.0051
heun,64,2,3,0.0167,0.0005,altered_knn,altered_knn,20000,40000,0.7400,0.1141,0.7477,0.1189,0.8200,0.0670,0.0271,0.0050,0.2921,0.1595,0.0477,0.0066,0.3977,0.0627
heun,64,2,3,0.0167,0.0005,quadratic,quadratic,20000,60000,0.9617,0.0011,0.9739,0.0003,0.9681,0.0008,0.6979,0.0064,0.2471,0.0264,0.3642,0.0290,0.6691,0.0146
heun,64,2,3,0.0167,0.0005,polar3,polar,20000,60000,0.9802,0.0012,0.9869,0.0010,0.9832,0.0011,0.9899,0.0021,0.5846,0.0299,0.7347,0.0236,0.8608,0.0118
heun,64,4,3,0.0161,0.0006,knn,knn,2000,12000,0.5043,0.0062,0.5124,0.0066,0.5032,0.0043,0.0439,0.0052,0.0089,0.0010,0.0148,0.0016,0.2636,0.0041
heun,64,4,3,0.0161,0.0006,altered_knn,altered_knn,2000,8000,0.7227,0.0327,0.7333,0.0351,0.7456,0.0061,0.0410,0.0160,0.0766,0.0942,0.0235,0.0097,0.3784,0.0130
heun,64,4,3,0.0161,0.0006,quadratic,quadratic,2000,12000,0.7377,0.0004,0.7444,0.0006,0.7617,0.0008,0.0727,0.0022,0.3271,0.0095,0.1190,0.0024,0.4317,0.0013
heun,64,4,3,0.0161,0.0006,polar3,polar,2000,12000,0.9161,0.0036,0.9242,0.0038,0.9180,0.0041,0.9633,0.0004,0.4170,0.0159,0.5819,0.0156,0.7531,0.0070
heun,64,4,3,0.0161,0.0006,knn,knn,5000,30000,0.5206,0.0052,0.5290,0.0056,0.5197,0.0031,0.0497,0.0054,0.0080,0.0005,0.0138,0.0010,0.2714,0.0028
heun,64,4,3,0.0161,0.0006,altered_knn,altered_knn,5000,20000,0.7469,0.0180,0.7579,0.0195,0.7682,0.0040,0.0289,0.0053,0.0787,0.0531,0.0367,0.0084,0.3973,0.0085
heun,64,4,3,0.0161,0.0006,quadratic,quadratic,5000,30000,0.8891,0.0030,0.8983,0.0030,0.8948,0.0033,0.3913,0.0081,0.3245,0.0075,0.3547,0.0052,0.6265,0.0039
heun,64,4,3,0.0161,0.0006,polar3,polar,5000,30000,0.9380,0.0022,0.9450,0.0029,0.9399,0.0025,0.9842,0.0008,0.5065,0.0250,0.6685,0.0220,0.8068,0.0096
heun,64,4,3,0.0161,0.0006,knn,knn,10000,60000,0.5317,0.0053,0.5403,0.0057,0.5306,0.0033,0.0431,0.0067,0.0056,0.0010,0.0099,0.0017,0.2751,0.0037
heun,64,4,3,0.0161,0.0006,altered_knn,altered_knn,10000,40000,0.7602,0.0160,0.7711,0.0166,0.7829,0.0029,0.0352,0.0069,0.0931,0.0437,0.0470,0.0031,0.4091,0.0095
heun,64,4,3,0.0161,0.0006,quadratic,quadratic,10000,60000,0.9188,0.0028,0.9287,0.0027,0.9239,0.0030,0.5453,0.0080,0.3100,0.0100,0.3953,0.0101,0.6620,0.0056
heun,64,4,3,0.0161,0.0006,polar3,polar,10000,60000,0.9532,0.0027,0.9595,0.0032,0.9554,0.0028,0.9878,0.0018,0.5643,0.0232,0.7180,0.0192,0.8388,0.0084
heun,64,4,3,0.0161,0.0006,knn,knn,15000,90000,0.5362,0.0055,0.5448,0.0059,0.5349,0.0031,0.0513,0.0019,0.0060,0.0007,0.0108,0.0012,0.2778,0.0025
heun,64,4,3,0.0161,0.0006,altered_knn,altered_knn,15000,60000,0.7315,0.0709,0.7404,0.0750,0.7748,0.0225,0.0385,0.0094,0.1758,0.1925,0.0390,0.0187,0.3897,0.0352
heun,64,4,3,0.0161,0.0006,quadratic,quadratic,15000,90000,0.9291,0.0024,0.9392,0.0027,0.9342,0.0030,0.6050,0.0133,0.3127,0.0170,0.4121,0.0177,0.6757,0.0078
heun,64,4,3,0.0161,0.0006,polar3,polar,15000,90000,0.9565,0.0028,0.9627,0.0034,0.9585,0.0033,0.9892,0.0006,0.5779,0.0218,0.7294,0.0174,0.8460,0.0075
heun,64,4,3,0.0161,0.0006,knn,knn,20000,120000,0.5401,0.0041,0.5488,0.0045,0.5388,0.0021,0.0565,0.0078,0.0060,0.0010,0.0109,0.0018,0.2799,0.0016
heun,64,4,3,0.0161,0.0006,altered_knn,altered_knn,20000,80000,0.7670,0.0278,0.7776,0.0298,0.7916,0.0050,0.0444,0.0090,0.1133,0.1155,0.0414,0.0190,0.4095,0.0118
heun,64,4,3,0.0161,0.0006,quadratic,quadratic,20000,120000,0.9348,0.0024,0.9450,0.0025,0.9399,0.0028,0.6402,0.0084,0.3146,0.0170,0.4218,0.0172,0.6834,0.0082
heun,64,4,3,0.0161,0.0006,polar3,polar,20000,120000,0.9587,0.0019,0.9649,0.0024,0.9607,0.0023,0.9892,0.0025,0.5823,0.0234,0.7328,0.0192,0.8488,0.0088
heun,64,8,3,0.0164,0.0004,knn,knn,2000,24000,0.3595,0.0056,0.3651,0.0056,0.3587,0.0045,0.0421,0.0038,0.0225,0.0023,0.0293,0.0028,0.1972,0.0016
heun,64,8,3,0.0164,0.0004,altered_knn,altered_knn,2000,16000,0.6335,0.0227,0.6409,0.0249,0.6712,0.0036,0.0338,0.0099,0.1879,0.0967,0.0508,0.0039,0.3459,0.0141
heun,64,8,3,0.0164,0.0004,quadratic,quadratic,2000,24000,0.7239,0.0028,0.7305,0.0027,0.7357,0.0021,0.1201,0.0038,0.3234,0.0016,0.1751,0.0041,0.4528,0.0026
heun,64,8,3,0.0164,0.0004,polar3,polar,2000,24000,0.8973,0.0041,0.9048,0.0039,0.8968,0.0050,0.9644,0.0024,0.4461,0.0068,0.6100,0.0063,0.7574,0.0046
heun,64,8,3,0.0164,0.0004,knn,knn,5000,60000,0.3741,0.0055,0.3799,0.0054,0.3734,0.0044,0.0468,0.0017,0.0207,0.0005,0.0287,0.0004,0.2043,0.0029
heun,64,8,3,0.0164,0.0004,altered_knn,altered_knn,5000,40000,0.6752,0.0256,0.6845,0.0276,0.6985,0.0053,0.0377,0.0084,0.1144,0.1119,0.0418,0.0173,0.3631,0.0129
heun,64,8,3,0.0164,0.0004,quadratic,quadratic,5000,60000,0.8531,0.0026,0.8614,0.0024,0.8574,0.0029,0.3859,0.0008,0.3505,0.0051,0.3673,0.0030,0.6144,0.0027
heun,64,8,3,0.0164,0.0004,polar3,polar,5000,60000,0.9336,0.0041,0.9407,0.0038,0.9338,0.0047,0.9793,0.0010,0.5093,0.0085,0.6701,0.0075,0.8054,0.0057
heun,64,8,3,0.0164,0.0004,knn,knn,10000,120000,0.3863,0.0054,0.3924,0.0054,0.3859,0.0047,0.0453,0.0020,0.0174,0.0004,0.0252,0.0007,0.2088,0.0030
heun,64,8,3,0.0164,0.0004,altered_knn,altered_knn,10000,80000,0.6988,0.0143,0.7089,0.0150,0.7157,0.0056,0.0434,0.0087,0.0898,0.0406,0.0536,0.0012,0.3813,0.0081
heun,64,8,3,0.0164,0.0004,quadratic,quadratic,10000,120000,0.8892,0.0033,0.8981,0.0032,0.8931,0.0039,0.4975,0.0121,0.3496,0.0043,0.4106,0.0066,0.6544,0.0045
heun,64,8,3,0.0164,0.0004,polar3,polar,10000,120000,0.9425,0.0035,0.9495,0.0033,0.9436,0.0033,0.9844,0.0017,0.5251,0.0072,0.6849,0.0058,0.8172,0.0045
heun,64,8,3,0.0164,0.0004,knn,knn,15000,180000,0.3920,0.0056,0.3982,0.0056,0.3916,0.0047,0.0480,0.0060,0.0175,0.0022,0.0256,0.0033,0.2119,0.0041
heun,64,8,3,0.0164,0.0004,altered_knn,altered_knn,15000,120000,0.7053,0.0048,0.7154,0.0056,0.7234,0.0039,0.0425,0.0110,0.0983,0.0295,0.0550,0.0019,0.3852,0.0034
heun,64,8,3,0.0164,0.0004,quadratic,quadratic,15000,180000,0.9023,0.0046,0.9115,0.0045,0.9060,0.0052,0.5514,0.0081,0.3522,0.0052,0.4298,0.0036,0.6706,0.0041
heun,64,8,3,0.0164,0.0004,polar3,polar,15000,180000,0.9451,0.0035,0.9520,0.0033,0.9462,0.0035,0.9859,0.0007,0.5301,0.0086,0.6895,0.0072,0.8207,0.0052
heun,64,8,3,0.0164,0.0004,knn,knn,20000,240000,0.3955,0.0051,0.4017,0.0051,0.3951,0.0044,0.0560,0.0012,0.0195,0.0003,0.0289,0.0005,0.2153,0.0027
heun,64,8,3,0.0164,0.0004,altered_knn,altered_knn,20000,160000,0.7148,0.0089,0.7254,0.0097,0.7291,0.0051,0.0452,0.0060,0.0807,0.0348,0.0544,0.0041,0.3899,0.0030
heun,64,8,3,0.0164,0.0004,quadratic,quadratic,20000,240000,0.9120,0.0048,0.9215,0.0046,0.9154,0.0054,0.6428,0.0091,0.3412,0.0057,0.4457,0.0048,0.6836,0.0047
heun,64,8,3,0.0164,0.0004,polar3,polar,20000,240000,0.9443,0.0017,0.9512,0.0014,0.9453,0.0017,0.9852,0.0022,0.5333,0.0094,0.6920,0.0075,0.8216,0.0044
heun,64,16,3,0.0175,0.0004,knn,knn,2000,48000,0.2591,0.0011,0.2630,0.0010,0.2591,0.0012,0.0418,0.0025,0.0400,0.0007,0.0408,0.0010,0.1519,0.0004
heun,64,16,3,0.0175,0.0004,altered_knn,altered_knn,2000,32000,0.6138,0.0009,0.6240,0.0010,0.6236,0.0027,0.0445,0.0074,0.0412,0.0152,0.0396,0.0077,0.3318,0.0038
heun,64,16,3,0.0175,0.0004,quadratic,quadratic,2000,48000,0.7046,0.0015,0.7113,0.0015,0.7163,0.0017,0.1374,0.0024,0.3324,0.0033,0.1944,0.0028,0.4528,0.0009
heun,64,16,3,0.0175,0.0004,polar3,polar,2000,48000,0.8870,0.0050,0.8948,0.0049,0.8877,0.0053,0.9663,0.0045,0.4504,0.0144,0.6142,0.0132,0.7545,0.0078
heun,64,16,3,0.0175,0.0004,knn,knn,5000,120000,0.2721,0.0014,0.2763,0.0013,0.2723,0.0014,0.0428,0.0006,0.0360,0.0017,0.0391,0.0011,0.1577,0.0011
heun,64,16,3,0.0175,0.0004,altered_knn,altered_knn,5000,80000,0.5999,0.0518,0.6061,0.0561,0.6478,0.0127,0.0372,0.0071,0.2561,0.1873,0.0591,0.0062,0.3326,0.0305
heun,64,16,3,0.0175,0.0004,quadratic,quadratic,5000,120000,0.8286,0.0014,0.8367,0.0013,0.8352,0.0017,0.3255,0.0067,0.3785,0.0040,0.3500,0.0030,0.5933,0.0018
heun,64,16,3,0.0175,0.0004,polar3,polar,5000,120000,0.9221,0.0044,0.9303,0.0042,0.9239,0.0049,0.9839,0.0014,0.4627,0.0166,0.6292,0.0153,0.7798,0.0088
heun,64,16,3,0.0175,0.0004,knn,knn,10000,240000,0.2823,0.0017,0.2867,0.0016,0.2827,0.0016,0.0462,0.0020,0.0338,0.0011,0.0390,0.0014,0.1629,0.0007
heun,64,16,3,0.0175,0.0004,altered_knn,altered_knn,10000,160000,0.6541,0.0021,0.6634,0.0030,0.6748,0.0024,0.0456,0.0019,0.1334,0.0347,0.0669,0.0036,0.3651,0.0009
heun,64,16,3,0.0175,0.0004,quadratic,quadratic,10000,240000,0.8747,0.0012,0.8837,0.0011,0.8796,0.0014,0.4785,0.0094,0.3713,0.0036,0.4181,0.0027,0.6509,0.0018
heun,64,16,3,0.0175,0.0004,polar3,polar,10000,240000,0.9292,0.0048,0.9375,0.0044,0.9313,0.0050,0.9851,0.0010,0.4648,0.0162,0.6314,0.0151,0.7844,0.0097
heun,64,16,3,0.0175,0.0004,knn,knn,15000,360000,0.2877,0.0009,0.2923,0.0008,0.2885,0.0009,0.0447,0.0016,0.0306,0.0015,0.0363,0.0016,0.1643,0.0011
heun,64,16,3,0.0175,0.0004,altered_knn,altered_knn,15000,240000,0.6656,0.0099,0.6759,0.0116,0.6809,0.0027,0.0594,0.0141,0.0895,0.0802,0.0507,0.0179,0.3633,0.0059
heun,64,16,3,0.0175,0.0004,quadratic,quadratic,15000,360000,0.8999,0.0016,0.9100,0.0016,0.9037,0.0018,0.7097,0.0078,0.3309,0.0055,0.4513,0.0036,0.6807,0.0017
heun,64,16,3,0.0175,0.0004,polar3,polar,15000,360000,0.9386,0.0020,0.9470,0.0019,0.9410,0.0024,0.9859,0.0008,0.4697,0.0167,0.6361,0.0155,0.7916,0.0080
heun,64,16,3,0.0175,0.0004,knn,knn,20000,480000,0.2914,0.0016,0.2960,0.0015,0.2921,0.0016,0.0470,0.0025,0.0308,0.0008,0.0372,0.0013,0.1666,0.0001
heun,64,16,3,0.0175,0.0004,altered_knn,altered_knn,20000,320000,0.6771,0.0017,0.6882,0.0015,0.6864,0.0021,0.0639,0.0002,0.0509,0.0048,0.0565,0.0031,0.3724,0.0019
heun,64,16,3,0.0175,0.0004,quadratic,quadratic,20000,480000,0.9126,0.0017,0.9234,0.0016,0.9164,0.0018,0.8276,0.0104,0.3117,0.0071,0.4527,0.0061,0.6880,0.0031
heun,64,16,3,0.0175,0.0004,polar3,polar,20000,480000,0.9431,0.0047,0.9515,0.0044,0.9456,0.0048,0.9848,0.0004,0.4711,0.0173,0.6371,0.0160,0.7943,0.0097
heun,128,2,3,0.0172,0.0003,knn,knn,2000,6000,0.6566,0.0066,0.6680,0.0069,0.6603,0.0045,0.0415,0.0109,0.0023,0.0005,0.0044,0.0010,0.3362,0.0032
heun,128,2,3,0.0172,0.0003,altered_knn,altered_knn,2000,4000,0.6731,0.0845,0.6802,0.0883,0.7563,0.0471,0.0201,0.0005,0.2604,0.1371,0.0366,0.0012,0.3584,0.0437
heun,128,2,3,0.0172,0.0003,quadratic,quadratic,2000,6000,0.4106,0.0025,0.4121,0.0026,0.4831,0.0022,0.0181,0.0005,0.3271,0.0031,0.0343,0.0009,0.2232,0.0015
heun,128,2,3,0.0172,0.0003,polar3,polar,2000,6000,0.9356,0.0059,0.9460,0.0061,0.9413,0.0060,0.6949,0.0269,0.3406,0.0122,0.4571,0.0160,0.7016,0.0056
heun,128,2,3,0.0172,0.0003,knn,knn,5000,15000,0.6678,0.0057,0.6795,0.0060,0.6716,0.0030,0.0393,0.0143,0.0019,0.0007,0.0037,0.0013,0.3416,0.0036
heun,128,2,3,0.0172,0.0003,altered_knn,altered_knn,5000,10000,0.6703,0.1208,0.6772,0.1263,0.7560,0.0751,0.0205,0.0017,0.2850,0.1915,0.0371,0.0029,0.3571,0.0629
heun,128,2,3,0.0172,0.0003,quadratic,quadratic,5000,15000,0.4696,0.0022,0.4719,0.0022,0.5575,0.0025,0.0180,0.0002,0.3392,0.0015,0.0343,0.0004,0.2531,0.0009
heun,128,2,3,0.0172,0.0003,polar3,polar,5000,15000,0.9525,0.0061,0.9624,0.0059,0.9570,0.0060,0.9485,0.0098,0.3885,0.0068,0.5511,0.0053,0.7568,0.0056
heun,128,2,3,0.0172,0.0003,knn,knn,10000,30000,0.6742,0.0070,0.6859,0.0073,0.6776,0.0036,0.0445,0.0320,0.0016,0.0012,0.0030,0.0023,0.3445,0.0026
heun,128,2,3,0.0172,0.0003,altered_knn,altered_knn,10000,20000,0.7170,0.0726,0.7253,0.0761,0.7944,0.0376,0.0217,0.0007,0.2439,0.1270,0.0390,0.0012,0.3822,0.0377
heun,128,2,3,0.0172,0.0003,quadratic,quadratic,10000,30000,0.7504,0.0010,0.7578,0.0009,0.8162,0.0012,0.0357,0.0004,0.3311,0.0058,0.0645,0.0007,0.4111,0.0008
heun,128,2,3,0.0172,0.0003,polar3,polar,10000,30000,0.9645,0.0022,0.9734,0.0020,0.9685,0.0022,0.9898,0.0019,0.4518,0.0160,0.6203,0.0149,0.7969,0.0078
heun,128,2,3,0.0172,0.0003,knn,knn,15000,45000,0.6777,0.0067,0.6895,0.0070,0.6814,0.0037,0.0262,0.0082,0.0008,0.0003,0.0015,0.0005,0.3455,0.0034
heun,128,2,3,0.0172,0.0003,altered_knn,altered_knn,15000,30000,0.6224,0.0018,0.6261,0.0019,0.7478,0.0016,0.0208,0.0005,0.4111,0.0135,0.0396,0.0009,0.3328,0.0013
heun,128,2,3,0.0172,0.0003,quadratic,quadratic,15000,45000,0.8713,0.0004,0.8810,0.0005,0.9009,0.0004,0.0888,0.0035,0.3197,0.0075,0.1389,0.0050,0.5100,0.0026
heun,128,2,3,0.0172,0.0003,polar3,polar,15000,45000,0.9677,0.0002,0.9757,0.0005,0.9712,0.0003,0.9931,0.0026,0.5080,0.0203,0.6720,0.0183,0.8238,0.0089
heun,128,2,3,0.0172,0.0003,knn,knn,20000,60000,0.6806,0.0068,0.6925,0.0071,0.6843,0.0038,0.0704,0.0391,0.0019,0.0010,0.0037,0.0019,0.3481,0.0044
heun,128,2,3,0.0172,0.0003,altered_knn,altered_knn,20000,40000,0.7292,0.0713,0.7376,0.0750,0.8043,0.0366,0.0227,0.0016,0.2477,0.1366,0.0406,0.0029,0.3891,0.0370
heun,128,2,3,0.0172,0.0003,quadratic,quadratic,20000,60000,0.9094,0.0012,0.9200,0.0012,0.9275,0.0009,0.1508,0.0091,0.3009,0.0094,0.2008,0.0101,0.5604,0.0057
heun,128,2,3,0.0172,0.0003,polar3,polar,20000,60000,0.9721,0.0006,0.9796,0.0005,0.9754,0.0005,0.9936,0.0018,0.5433,0.0112,0.7024,0.0095,0.8410,0.0047
heun,128,4,3,0.0160,0.0005,knn,knn,2000,12000,0.4486,0.0067,0.4557,0.0066,0.4472,0.0036,0.0309,0.0053,0.0086,0.0017,0.0135,0.0026,0.2346,0.0041
heun,128,4,3,0.0160,0.0005,altered_knn,altered_knn,2000,8000,0.5685,0.0757,0.5731,0.0798,0.6464,0.0289,0.0191,0.0009,0.2888,0.1775,0.0326,0.0038,0.3028,0.0380
heun,128,4,3,0.0160,0.0005,quadratic,quadratic,2000,12000,0.3126,0.0011,0.3118,0.0012,0.3738,0.0016,0.0166,0.0008,0.3601,0.0072,0.0318,0.0015,0.1718,0.0010
heun,128,4,3,0.0160,0.0005,polar3,polar,2000,12000,0.9047,0.0043,0.9132,0.0045,0.9077,0.0044,0.9549,0.0098,0.3781,0.0104,0.5416,0.0113,0.7274,0.0070
heun,128,4,3,0.0160,0.0005,knn,knn,5000,30000,0.4621,0.0071,0.4695,0.0070,0.4609,0.0038,0.0359,0.0019,0.0080,0.0007,0.0131,0.0011,0.2413,0.0040
heun,128,4,3,0.0160,0.0005,altered_knn,altered_knn,5000,20000,0.6100,0.0923,0.6163,0.0972,0.6732,0.0407,0.0200,0.0018,0.2305,0.2018,0.0324,0.0034,0.3243,0.0477
heun,128,4,3,0.0160,0.0005,quadratic,quadratic,5000,30000,0.4961,0.0013,0.4988,0.0015,0.5644,0.0010,0.0208,0.0005,0.3284,0.0047,0.0391,0.0009,0.2690,0.0012
heun,128,4,3,0.0160,0.0005,polar3,polar,5000,30000,0.9286,0.0042,0.9358,0.0043,0.9300,0.0045,0.9873,0.0028,0.4880,0.0111,0.6531,0.0094,0.7944,0.0042
heun,128,4,3,0.0160,0.0005,knn,knn,10000,60000,0.4720,0.0054,0.4796,0.0054,0.4709,0.0024,0.0326,0.0051,0.0058,0.0012,0.0098,0.0020,0.2447,0.0029
heun,128,4,3,0.0160,0.0005,altered_knn,altered_knn,10000,40000,0.6565,0.0465,0.6644,0.0494,0.7066,0.0114,0.0401,0.0285,0.1743,0.1277,0.0260,0.0154,0.3452,0.0175
heun,128,4,3,0.0160,0.0005,quadratic,quadratic,10000,60000,0.7754,0.0025,0.7826,0.0025,0.8017,0.0024,0.0753,0.0034,0.3318,0.0087,0.1227,0.0051,0.4526,0.0013
heun,128,4,3,0.0160,0.0005,polar3,polar,10000,60000,0.9470,0.0028,0.9530,0.0027,0.9485,0.0027,0.9912,0.0023,0.5750,0.0099,0.7277,0.0073,0.8403,0.0039
heun,128,4,3,0.0160,0.0005,knn,knn,15000,90000,0.4764,0.0070,0.4840,0.0070,0.4751,0.0038,0.0317,0.0025,0.0054,0.0004,0.0093,0.0007,0.2466,0.0038
heun,128,4,3,0.0160,0.0005,altered_knn,altered_knn,15000,60000,0.6563,0.0400,0.6638,0.0428,0.7135,0.0083,0.0205,0.0011,0.1984,0.1200,0.0331,0.0058,0.3485,0.0186
heun,128,4,3,0.0160,0.0005,quadratic,quadratic,15000,90000,0.8476,0.0010,0.8560,0.0008,0.8623,0.0012,0.1485,0.0047,0.3338,0.0083,0.2056,0.0059,0.5308,0.0027
heun,128,4,3,0.0160,0.0005,polar3,polar,15000,90000,0.9494,0.0035,0.9549,0.0033,0.9506,0.0035,0.9901,0.0013,0.6158,0.0120,0.7592,0.0087,0.8570,0.0054
heun,128,4,3,0.0160,0.0005,knn,knn,20000,120000,0.4798,0.0084,0.4875,0.0084,0.4787,0.0052,0.0420,0.0076,0.0066,0.0011,0.0114,0.0019,0.2494,0.0033
heun,128,4,3,0.0160,0.0005,altered_knn,altered_knn,20000,80000,0.6823,0.0298,0.6908,0.0317,0.7267,0.0088,0.0221,0.0019,0.1581,0.0759,0.0376,0.0016,0.3642,0.0163
heun,128,4,3,0.0160,0.0005,quadratic,quadratic,20000,120000,0.8774,0.0003,0.8863,0.0005,0.8889,0.0006,0.2014,0.0102,0.3269,0.0078,0.2491,0.0100,0.5677,0.0051
heun,128,4,3,0.0160,0.0005,polar3,polar,20000,120000,0.9511,0.0025,0.9563,0.0024,0.9523,0.0018,0.9900,0.0000,0.6331,0.0118,0.7723,0.0088,0.8643,0.0043
heun,128,8,3,0.0150,0.0005,knn,knn,2000,24000,0.3046,0.0013,0.3089,0.0012,0.3032,0.0012,0.0262,0.0041,0.0197,0.0027,0.0225,0.0032,0.1657,0.0011
heun,128,8,3,0.0150,0.0005,altered_knn,altered_knn,2000,16000,0.5285,0.0414,0.5333,0.0442,0.5805,0.0109,0.0194,0.0022,0.2172,0.1329,0.0329,0.0013,0.2831,0.0215
heun,128,8,3,0.0150,0.0005,quadratic,quadratic,2000,24000,0.3267,0.0015,0.3260,0.0016,0.3916,0.0022,0.0165,0.0004,0.3778,0.0043,0.0316,0.0007,0.1788,0.0011
heun,128,8,3,0.0150,0.0005,polar3,polar,2000,24000,0.8803,0.0027,0.8865,0.0031,0.8809,0.0029,0.9748,0.0057,0.4765,0.0179,0.6398,0.0150,0.7632,0.0061
heun,128,8,3,0.0150,0.0005,knn,knn,5000,60000,0.3173,0.0026,0.3218,0.0025,0.3161,0.0016,0.0286,0.0006,0.0195,0.0007,0.0232,0.0006,0.1725,0.0012
heun,128,8,3,0.0150,0.0005,altered_knn,altered_knn,5000,40000,0.5959,0.0223,0.6036,0.0237,0.6182,0.0057,0.0203,0.0007,0.0865,0.0759,0.0276,0.0079,0.3156,0.0092
heun,128,8,3,0.0150,0.0005,quadratic,quadratic,5000,60000,0.5373,0.0007,0.5406,0.0006,0.5867,0.0012,0.0267,0.0010,0.3215,0.0069,0.0492,0.0017,0.2949,0.0011
heun,128,8,3,0.0150,0.0005,polar3,polar,5000,60000,0.9244,0.0022,0.9295,0.0018,0.9249,0.0023,0.9869,0.0050,0.5865,0.0174,0.7356,0.0123,0.8325,0.0070
heun,128,8,3,0.0150,0.0005,knn,knn,10000,120000,0.3267,0.0023,0.3314,0.0022,0.3252,0.0013,0.0310,0.0028,0.0172,0.0015,0.0221,0.0019,0.1767,0.0007
heun,128,8,3,0.0150,0.0005,altered_knn,altered_knn,10000,80000,0.6111,0.0139,0.6189,0.0152,0.6376,0.0027,0.0207,0.0014,0.1032,0.0518,0.0329,0.0014,0.3259,0.0069
heun,128,8,3,0.0150,0.0005,quadratic,quadratic,10000,120000,0.7431,0.0008,0.7489,0.0005,0.7603,0.0008,0.0987,0.0021,0.3610,0.0064,0.1549,0.0020,0.4519,0.0007
heun,128,8,3,0.0150,0.0005,polar3,polar,10000,120000,0.9409,0.0013,0.9455,0.0009,0.9416,0.0011,0.9884,0.0038,0.6396,0.0216,0.7764,0.0146,0.8610,0.0077
heun,128,8,3,0.0150,0.0005,knn,knn,15000,180000,0.3310,0.0017,0.3358,0.0016,0.3299,0.0011,0.0302,0.0028,0.0160,0.0008,0.0209,0.0013,0.1784,0.0006
heun,128,8,3,0.0150,0.0005,altered_knn,altered_knn,15000,120000,0.5342,0.0760,0.5372,0.0797,0.6169,0.0384,0.0188,0.0010,0.3338,0.1685,0.0350,0.0018,0.2861,0.0399
heun,128,8,3,0.0150,0.0005,quadratic,quadratic,15000,180000,0.8113,0.0007,0.8181,0.0010,0.8225,0.0010,0.1669,0.0050,0.3691,0.0045,0.2297,0.0039,0.5239,0.0025
heun,128,8,3,0.0150,0.0005,polar3,polar,15000,180000,0.9452,0.0036,0.9497,0.0034,0.9460,0.0036,0.9868,0.0048,0.6487,0.0234,0.7825,0.0155,0.8661,0.0085
heun,128,8,3,0.0150,0.0005,knn,knn,20000,240000,0.3341,0.0015,0.3389,0.0014,0.3329,0.0010,0.0331,0.0019,0.0167,0.0010,0.0222,0.0012,0.1806,0.0007
heun,128,8,3,0.0150,0.0005,altered_knn,altered_knn,20000,160000,0.6107,0.0295,0.6174,0.0314,0.6525,0.0039,0.0218,0.0016,0.1676,0.1064,0.0356,0.0032,0.3265,0.0141
heun,128,8,3,0.0150,0.0005,quadratic,quadratic,20000,240000,0.8486,0.0000,0.8561,0.0003,0.8561,0.0006,0.2552,0.0076,0.3566,0.0047,0.2974,0.0038,0.5767,0.0020
heun,128,8,3,0.0150,0.0005,polar3,polar,20000,240000,0.9467,0.0005,0.9511,0.0010,0.9477,0.0007,0.9874,0.0044,0.6586,0.0226,0.7899,0.0148,0.8705,0.0069
heun,128,16,3,0.0144,0.0003,knn,knn,2000,48000,0.2048,0.0010,0.2073,0.0010,0.2042,0.0007,0.0251,0.0007,0.0373,0.0013,0.0300,0.0009,0.1186,0.0009
heun,128,16,3,0.0144,0.0003,altered_knn,altered_knn,2000,32000,0.5057,0.0051,0.5120,0.0056,0.5218,0.0020,0.0206,0.0016,0.0700,0.0346,0.0291,0.0050,0.2706,0.0003
heun,128,16,3,0.0144,0.0003,quadratic,quadratic,2000,48000,0.3778,0.0006,0.3775,0.0005,0.4461,0.0009,0.0182,0.0002,0.4006,0.0030,0.0347,0.0003,0.2061,0.0001
heun,128,16,3,0.0144,0.0003,polar3,polar,2000,48000,0.8646,0.0014,0.8691,0.0017,0.8637,0.0008,0.9626,0.0010,0.5528,0.0101,0.7023,0.0080,0.7857,0.0032
heun,128,16,3,0.0144,0.0003,knn,knn,5000,120000,0.2156,0.0006,0.2182,0.0006,0.2151,0.0001,0.0254,0.0006,0.0335,0.0011,0.0289,0.0007,0.1236,0.0003
heun,128,16,3,0.0144,0.0003,altered_knn,altered_knn,5000,80000,0.5448,0.0049,0.5522,0.0053,0.5547,0.0019,0.0238,0.0028,0.0351,0.0245,0.0243,0.0046,0.2883,0.0008
heun,128,16,3,0.0144,0.0003,quadratic,quadratic,5000,120000,0.5453,0.0014,0.5486,0.0014,0.5831,0.0021,0.0325,0.0009,0.3223,0.0053,0.0591,0.0016,0.3038,0.0005
heun,128,16,3,0.0144,0.0003,polar3,polar,5000,120000,0.9075,0.0045,0.9117,0.0047,0.9071,0.0047,0.9805,0.0009,0.6222,0.0097,0.7613,0.0071,0.8365,0.0032
heun,128,16,3,0.0144,0.0003,knn,knn,10000,240000,0.2238,0.0009,0.2267,0.0009,0.2232,0.0005,0.0255,0.0006,0.0289,0.0014,0.0271,0.0010,0.1269,0.0001
heun,128,16,3,0.0144,0.0003,altered_knn,altered_knn,10000,160000,0.5641,0.0003,0.5717,0.0002,0.5774,0.0018,0.0205,0.0011,0.0483,0.0098,0.0286,0.0028,0.3001,0.0015
heun,128,16,3,0.0144,0.0003,quadratic,quadratic,10000,240000,0.7179,0.0005,0.7230,0.0004,0.7320,0.0008,0.1107,0.0006,0.3746,0.0045,0.1709,0.0007,0.4469,0.0003
heun,128,16,3,0.0144,0.0003,polar3,polar,10000,240000,0.9182,0.0037,0.9223,0.0039,0.9186,0.0035,0.9817,0.0014,0.6367,0.0084,0.7724,0.0058,0.8474,0.0015
heun,128,16,3,0.0144,0.0003,knn,knn,15000,360000,0.2277,0.0012,0.2306,0.0013,0.2271,0.0008,0.0256,0.0020,0.0281,0.0015,0.0268,0.0017,0.1287,0.0014
heun,128,16,3,0.0144,0.0003,altered_knn,altered_knn,15000,240000,0.5284,0.0643,0.5329,0.0684,0.5788,0.0173,0.0222,0.0041,0.2190,0.2176,0.0297,0.0079,0.2813,0.0323
heun,128,16,3,0.0144,0.0003,quadratic,quadratic,15000,360000,0.8053,0.0002,0.8117,0.0004,0.8097,0.0001,0.3142,0.0041,0.3690,0.0061,0.3394,0.0026,0.5755,0.0013
heun,128,16,3,0.0144,0.0003,polar3,polar,15000,360000,0.9264,0.0020,0.9305,0.0019,0.9264,0.0022,0.9804,0.0010,0.6483,0.0084,0.7805,0.0059,0.8555,0.0039
heun,128,16,3,0.0144,0.0003,knn,knn,20000,480000,0.2307,0.0014,0.2336,0.0015,0.2301,0.0011,0.0266,0.0020,0.0283,0.0027,0.0274,0.0023,0.1305,0.0008
heun,128,16,3,0.0144,0.0003,altered_knn,altered_knn,20000,320000,0.5325,0.0567,0.5366,0.0602,0.5909,0.0173,0.0198,0.0015,0.2567,0.1763,0.0354,0.0012,0.2860,0.0305
heun,128,16,3,0.0144,0.0003,quadratic,quadratic,20000,480000,0.8463,0.0011,0.8535,0.0010,0.8492,0.0013,0.4985,0.0047,0.3534,0.0027,0.4136,0.0013,0.6335,0.0007
heun,128,16,3,0.0144,0.0003,polar3,polar,20000,480000,0.9292,0.0028,0.9332,0.0026,0.9295,0.0029,0.9800,0.0017,0.6553,0.0093,0.7854,0.0061,0.8593,0.0044
heun,256,2,3,0.0233,0.0009,knn,knn,2000,6000,0.6141,0.0076,0.6287,0.0083,0.6195,0.0051,0.0406,0.0073,0.0027,0.0004,0.0051,0.0007,0.3169,0.0043
heun,256,2,3,0.0233,0.0009,altered_knn,altered_knn,2000,4000,0.5464,0.0929,0.5497,0.0989,0.6596,0.0571,0.0258,0.0010,0.4059,0.1630,0.0479,0.0033,0.2988,0.0479
heun,256,2,3,0.0233,0.0009,quadratic,quadratic,2000,6000,0.3870,0.0022,0.3893,0.0022,0.4500,0.0014,0.0235,0.0017,0.2921,0.0098,0.0435,0.0030,0.2164,0.0025
heun,256,2,3,0.0233,0.0009,polar3,polar,2000,6000,0.9146,0.0043,0.9297,0.0038,0.9236,0.0041,0.6121,0.0118,0.2828,0.0088,0.3867,0.0082,0.6582,0.0042
heun,256,2,3,0.0233,0.0009,knn,knn,5000,15000,0.6258,0.0048,0.6407,0.0055,0.6314,0.0024,0.0551,0.0079,0.0021,0.0003,0.0041,0.0006,0.3224,0.0029
heun,256,2,3,0.0233,0.0009,altered_knn,altered_knn,5000,10000,0.5118,0.0027,0.5123,0.0029,0.6492,0.0028,0.0260,0.0011,0.4886,0.0063,0.0494,0.0020,0.2808,0.0005
heun,256,2,3,0.0233,0.0009,quadratic,quadratic,5000,15000,0.3956,0.0009,0.3973,0.0010,0.4667,0.0011,0.0236,0.0013,0.3214,0.0058,0.0440,0.0022,0.2206,0.0014
heun,256,2,3,0.0233,0.0009,polar3,polar,5000,15000,0.9343,0.0026,0.9495,0.0020,0.9417,0.0023,0.9254,0.0081,0.2954,0.0067,0.4478,0.0079,0.6987,0.0049
heun,256,2,3,0.0233,0.0009,knn,knn,10000,30000,0.6321,0.0053,0.6471,0.0059,0.6374,0.0027,0.0539,0.0312,0.0017,0.0008,0.0033,0.0016,0.3252,0.0037
heun,256,2,3,0.0233,0.0009,altered_knn,altered_knn,10000,20000,0.5329,0.0017,0.5345,0.0018,0.6693,0.0018,0.0257,0.0011,0.4622,0.0071,0.0487,0.0020,0.2916,0.0001
heun,256,2,3,0.0233,0.0009,quadratic,quadratic,10000,30000,0.4170,0.0021,0.4187,0.0020,0.4972,0.0024,0.0240,0.0012,0.3452,0.0084,0.0449,0.0021,0.2318,0.0020
heun,256,2,3,0.0233,0.0009,polar3,polar,10000,30000,0.9435,0.0044,0.9582,0.0048,0.9504,0.0045,0.9922,0.0019,0.3277,0.0109,0.4926,0.0121,0.7254,0.0065
heun,256,2,3,0.0233,0.0009,knn,knn,15000,45000,0.6360,0.0080,0.6512,0.0088,0.6416,0.0055,0.0351,0.0053,0.0010,0.0002,0.0020,0.0004,0.3266,0.0043
heun,256,2,3,0.0233,0.0009,altered_knn,altered_knn,15000,30000,0.7182,0.0024,0.7316,0.0019,0.7780,0.0021,0.0257,0.0006,0.1564,0.0020,0.0441,0.0009,0.3879,0.0006
heun,256,2,3,0.0233,0.0009,quadratic,quadratic,15000,45000,0.4396,0.0026,0.4418,0.0028,0.5261,0.0035,0.0240,0.0008,0.3503,0.0029,0.0450,0.0014,0.2434,0.0020
heun,256,2,3,0.0233,0.0009,polar3,polar,15000,45000,0.9483,0.0020,0.9622,0.0028,0.9549,0.0024,0.9980,0.0005,0.3627,0.0086,0.5320,0.0093,0.7471,0.0033
heun,256,2,3,0.0233,0.0009,knn,knn,20000,60000,0.6381,0.0071,0.6533,0.0078,0.6437,0.0047,0.0118,0.0084,0.0003,0.0002,0.0006,0.0004,0.3269,0.0040
heun,256,2,3,0.0233,0.0009,altered_knn,altered_knn,20000,40000,0.5499,0.0012,0.5523,0.0012,0.6849,0.0012,0.0258,0.0011,0.4478,0.0156,0.0488,0.0020,0.3006,0.0005
heun,256,2,3,0.0233,0.0009,quadratic,quadratic,20000,60000,0.4723,0.0031,0.4750,0.0034,0.5664,0.0036,0.0247,0.0009,0.3625,0.0038,0.0462,0.0015,0.2606,0.0023
heun,256,2,3,0.0233,0.0009,polar3,polar,20000,60000,0.9557,0.0002,0.9693,0.0006,0.9621,0.0002,0.9978,0.0009,0.3847,0.0058,0.5552,0.0060,0.7623,0.0027
heun,256,4,3,0.0194,0.0005,knn,knn,2000,12000,0.3981,0.0069,0.4057,0.0068,0.3977,0.0042,0.0346,0.0024,0.0104,0.0005,0.0160,0.0005,0.2109,0.0037
heun,256,4,3,0.0194,0.0005,altered_knn,altered_knn,2000,8000,0.5490,0.0510,0.5568,0.0548,0.5903,0.0194,0.0214,0.0009,0.1566,0.1377,0.0344,0.0045,0.2956,0.0253
heun,256,4,3,0.0194,0.0005,quadratic,quadratic,2000,12000,0.2180,0.0014,0.2137,0.0014,0.2686,0.0018,0.0199,0.0006,0.4355,0.0013,0.0381,0.0010,0.1259,0.0010
heun,256,4,3,0.0194,0.0005,polar3,polar,2000,12000,0.8806,0.0060,0.8921,0.0056,0.8855,0.0054,0.9354,0.0102,0.2976,0.0124,0.4514,0.0139,0.6717,0.0097
heun,256,4,3,0.0194,0.0005,knn,knn,5000,30000,0.4092,0.0059,0.4172,0.0058,0.4090,0.0033,0.0340,0.0038,0.0066,0.0010,0.0110,0.0015,0.2141,0.0037
heun,256,4,3,0.0194,0.0005,altered_knn,altered_knn,5000,20000,0.5292,0.0464,0.5342,0.0494,0.6017,0.0217,0.0216,0.0009,0.2741,0.1059,0.0394,0.0024,0.2868,0.0237
heun,256,4,3,0.0194,0.0005,quadratic,quadratic,5000,30000,0.2781,0.0014,0.2759,0.0016,0.3377,0.0016,0.0198,0.0005,0.3896,0.0078,0.0377,0.0009,0.1568,0.0009
heun,256,4,3,0.0194,0.0005,polar3,polar,5000,30000,0.9191,0.0044,0.9299,0.0043,0.9236,0.0042,0.9938,0.0010,0.3703,0.0089,0.5395,0.0094,0.7347,0.0052
heun,256,4,3,0.0194,0.0005,knn,knn,10000,60000,0.4169,0.0066,0.4250,0.0066,0.4168,0.0039,0.0293,0.0027,0.0059,0.0007,0.0098,0.0011,0.2174,0.0038
heun,256,4,3,0.0194,0.0005,altered_knn,altered_knn,10000,40000,0.6143,0.0094,0.6245,0.0106,0.6456,0.0023,0.0215,0.0014,0.0995,0.0393,0.0343,0.0045,0.3294,0.0040
heun,256,4,3,0.0194,0.0005,quadratic,quadratic,10000,60000,0.3463,0.0007,0.3457,0.0005,0.4160,0.0003,0.0204,0.0004,0.3722,0.0100,0.0386,0.0008,0.1922,0.0006
heun,256,4,3,0.0194,0.0005,polar3,polar,10000,60000,0.9266,0.0059,0.9356,0.0064,0.9293,0.0062,0.9971,0.0010,0.4691,0.0111,0.6380,0.0105,0.7868,0.0021
heun,256,4,3,0.0194,0.0005,knn,knn,15000,90000,0.4212,0.0054,0.4294,0.0053,0.4211,0.0029,0.0294,0.0030,0.0053,0.0006,0.0089,0.0010,0.2192,0.0030
heun,256,4,3,0.0194,0.0005,altered_knn,altered_knn,15000,60000,0.5294,0.0516,0.5336,0.0551,0.6165,0.0239,0.0216,0.0006,0.3217,0.1220,0.0400,0.0008,0.2868,0.0275
heun,256,4,3,0.0194,0.0005,quadratic,quadratic,15000,90000,0.4185,0.0010,0.4199,0.0009,0.4940,0.0010,0.0209,0.0006,0.3441,0.0018,0.0395,0.0010,0.2297,0.0002
heun,256,4,3,0.0194,0.0005,polar3,polar,15000,90000,0.9279,0.0059,0.9359,0.0062,0.9301,0.0058,0.9982,0.0005,0.5232,0.0049,0.6865,0.0042,0.8112,0.0018
heun,256,4,3,0.0194,0.0005,knn,knn,20000,120000,0.4248,0.0054,0.4331,0.0052,0.4249,0.0029,0.0294,0.0108,0.0049,0.0019,0.0083,0.0032,0.2207,0.0041
heun,256,4,3,0.0194,0.0005,altered_knn,altered_knn,20000,80000,0.5599,0.1007,0.5661,0.1070,0.6251,0.0522,0.0231,0.0020,0.2526,0.2140,0.0391,0.0008,0.3026,0.0531
heun,256,4,3,0.0194,0.0005,quadratic,quadratic,20000,120000,0.4816,0.0009,0.4844,0.0009,0.5584,0.0005,0.0232,0.0007,0.3412,0.0036,0.0434,0.0012,0.2639,0.0001
heun,256,4,3,0.0194,0.0005,polar3,polar,20000,120000,0.9271,0.0067,0.9345,0.0070,0.9287,0.0061,0.9977,0.0004,0.5525,0.0075,0.7111,0.0062,0.8228,0.0022
heun,256,8,3,0.0177,0.0012,knn,knn,2000,24000,0.2546,0.0016,0.2588,0.0017,0.2532,0.0010,0.0245,0.0018,0.0203,0.0025,0.0221,0.0021,0.1405,0.0004
heun,256,8,3,0.0177,0.0012,altered_knn,altered_knn,2000,16000,0.4317,0.0246,0.4355,0.0267,0.4782,0.0096,0.0201,0.0015,0.2261,0.0800,0.0364,0.0017,0.2360,0.0141
heun,256,8,3,0.0177,0.0012,quadratic,quadratic,2000,24000,0.1664,0.0009,0.1599,0.0009,0.2157,0.0011,0.0179,0.0012,0.5238,0.0029,0.0346,0.0022,0.0972,0.0011
heun,256,8,3,0.0177,0.0012,polar3,polar,2000,24000,0.8709,0.0016,0.8797,0.0011,0.8730,0.0016,0.9697,0.0157,0.3842,0.0153,0.5500,0.0137,0.7149,0.0068
heun,256,8,3,0.0177,0.0012,knn,knn,5000,60000,0.2648,0.0016,0.2692,0.0016,0.2632,0.0011,0.0263,0.0015,0.0167,0.0016,0.0204,0.0015,0.1448,0.0006
heun,256,8,3,0.0177,0.0012,altered_knn,altered_knn,5000,40000,0.4411,0.0453,0.4440,0.0490,0.5024,0.0148,0.0204,0.0022,0.2828,0.1477,0.0365,0.0024,0.2403,0.0243
heun,256,8,3,0.0177,0.0012,quadratic,quadratic,5000,60000,0.2605,0.0007,0.2571,0.0006,0.3258,0.0005,0.0185,0.0013,0.4462,0.0006,0.0355,0.0024,0.1463,0.0013
heun,256,8,3,0.0177,0.0012,polar3,polar,5000,60000,0.9103,0.0040,0.9179,0.0049,0.9114,0.0044,0.9873,0.0125,0.4941,0.0240,0.6580,0.0183,0.7879,0.0071
heun,256,8,3,0.0177,0.0012,knn,knn,10000,120000,0.2721,0.0020,0.2768,0.0021,0.2706,0.0011,0.0247,0.0014,0.0146,0.0018,0.0183,0.0018,0.1476,0.0006
heun,256,8,3,0.0177,0.0012,altered_knn,altered_knn,10000,80000,0.4458,0.0108,0.4480,0.0118,0.5197,0.0022,0.0202,0.0017,0.3283,0.0349,0.0379,0.0028,0.2429,0.0069
heun,256,8,3,0.0177,0.0012,quadratic,quadratic,10000,120000,0.3733,0.0007,0.3730,0.0007,0.4436,0.0006,0.0205,0.0012,0.3870,0.0053,0.0390,0.0021,0.2060,0.0012
heun,256,8,3,0.0177,0.0012,polar3,polar,10000,120000,0.9324,0.0011,0.9389,0.0019,0.9338,0.0016,0.9860,0.0149,0.5749,0.0223,0.7258,0.0136,0.8324,0.0059
heun,256,8,3,0.0177,0.0012,knn,knn,15000,180000,0.2751,0.0019,0.2798,0.0021,0.2737,0.0012,0.0269,0.0032,0.0149,0.0007,0.0191,0.0014,0.1494,0.0013
heun,256,8,3,0.0177,0.0012,altered_knn,altered_knn,15000,120000,0.4961,0.0360,0.5017,0.0391,0.5413,0.0101,0.0213,0.0026,0.1926,0.1164,0.0332,0.0053,0.2675,0.0172
heun,256,8,3,0.0177,0.0012,quadratic,quadratic,15000,180000,0.4465,0.0008,0.4483,0.0010,0.5139,0.0007,0.0220,0.0013,0.3424,0.0045,0.0414,0.0022,0.2448,0.0016
heun,256,8,3,0.0177,0.0012,polar3,polar,15000,180000,0.9403,0.0018,0.9466,0.0023,0.9414,0.0021,0.9840,0.0179,0.5964,0.0226,0.7421,0.0123,0.8443,0.0054
heun,256,8,3,0.0177,0.0012,knn,knn,20000,240000,0.2787,0.0018,0.2835,0.0018,0.2773,0.0011,0.0249,0.0016,0.0132,0.0003,0.0173,0.0006,0.1504,0.0008
heun,256,8,3,0.0177,0.0012,altered_knn,altered_knn,20000,160000,0.4858,0.0719,0.4908,0.0769,0.5387,0.0285,0.0211,0.0028,0.2291,0.2010,0.0348,0.0007,0.2628,0.0386
heun,256,8,3,0.0177,0.0012,quadratic,quadratic,20000,240000,0.4983,0.0007,0.5014,0.0006,0.5594,0.0008,0.0249,0.0017,0.3245,0.0029,0.0462,0.0029,0.2738,0.0015
heun,256,8,3,0.0177,0.0012,polar3,polar,20000,240000,0.9401,0.0007,0.9462,0.0002,0.9412,0.0004,0.9824,0.0199,0.6063,0.0242,0.7492,0.0125,0.8477,0.0062
heun,256,16,3,0.0169,0.0003,knn,knn,2000,48000,0.1609,0.0006,0.1631,0.0006,0.1601,0.0002,0.0219,0.0009,0.0348,0.0019,0.0269,0.0012,0.0950,0.0006
heun,256,16,3,0.0169,0.0003,altered_knn,altered_knn,2000,32000,0.3389,0.0484,0.3395,0.0526,0.3890,0.0216,0.0186,0.0004,0.2983,0.2000,0.0323,0.0043,0.1859,0.0244
heun,256,16,3,0.0169,0.0003,quadratic,quadratic,2000,48000,0.1618,0.0008,0.1539,0.0007,0.2216,0.0012,0.0174,0.0004,0.6224,0.0035,0.0339,0.0007,0.0939,0.0006
heun,256,16,3,0.0169,0.0003,polar3,polar,2000,48000,0.8415,0.0034,0.8479,0.0032,0.8417,0.0029,0.9763,0.0032,0.4678,0.0093,0.6324,0.0079,0.7402,0.0055
heun,256,16,3,0.0169,0.0003,knn,knn,5000,120000,0.1692,0.0006,0.1716,0.0006,0.1681,0.0001,0.0232,0.0007,0.0310,0.0009,0.0265,0.0008,0.0991,0.0002
heun,256,16,3,0.0169,0.0003,altered_knn,altered_knn,5000,80000,0.3363,0.0143,0.3349,0.0151,0.4127,0.0090,0.0186,0.0005,0.4204,0.0370,0.0356,0.0008,0.1852,0.0079
heun,256,16,3,0.0169,0.0003,quadratic,quadratic,5000,120000,0.2916,0.0002,0.2880,0.0001,0.3704,0.0001,0.0187,0.0003,0.5007,0.0022,0.0361,0.0006,0.1621,0.0004
heun,256,16,3,0.0169,0.0003,polar3,polar,5000,120000,0.8887,0.0012,0.8941,0.0012,0.8886,0.0009,0.9909,0.0031,0.5776,0.0122,0.7297,0.0089,0.8119,0.0044
heun,256,16,3,0.0169,0.0003,knn,knn,10000,240000,0.1745,0.0010,0.1770,0.0010,0.1736,0.0005,0.0236,0.0004,0.0296,0.0000,0.0263,0.0002,0.1016,0.0004
heun,256,16,3,0.0169,0.0003,altered_knn,altered_knn,10000,160000,0.4277,0.0234,0.4325,0.0260,0.4589,0.0006,0.0214,0.0023,0.1501,0.1262,0.0256,0.0145,0.2290,0.0083
heun,256,16,3,0.0169,0.0003,quadratic,quadratic,10000,240000,0.4050,0.0006,0.4052,0.0006,0.4740,0.0004,0.0214,0.0004,0.3911,0.0009,0.0406,0.0007,0.2229,0.0007
heun,256,16,3,0.0169,0.0003,polar3,polar,10000,240000,0.9080,0.0021,0.9131,0.0018,0.9086,0.0020,0.9916,0.0027,0.6114,0.0128,0.7563,0.0091,0.8347,0.0054
heun,256,16,3,0.0169,0.0003,knn,knn,15000,360000,0.1774,0.0009,0.1800,0.0008,0.1765,0.0004,0.0223,0.0009,0.0261,0.0005,0.0240,0.0007,0.1020,0.0004
heun,256,16,3,0.0169,0.0003,altered_knn,altered_knn,15000,240000,0.3706,0.0555,0.3704,0.0595,0.4414,0.0250,0.0194,0.0004,0.3792,0.1799,0.0361,0.0010,0.2032,0.0293
heun,256,16,3,0.0169,0.0003,quadratic,quadratic,15000,360000,0.4615,0.0006,0.4637,0.0007,0.5177,0.0007,0.0246,0.0003,0.3361,0.0039,0.0459,0.0005,0.2548,0.0005
heun,256,16,3,0.0169,0.0003,polar3,polar,15000,360000,0.9148,0.0015,0.9197,0.0012,0.9156,0.0012,0.9893,0.0021,0.6282,0.0119,0.7684,0.0085,0.8441,0.0048
heun,256,16,3,0.0169,0.0003,knn,knn,20000,480000,0.1805,0.0007,0.1831,0.0006,0.1797,0.0003,0.0244,0.0005,0.0277,0.0011,0.0259,0.0008,0.1045,0.0007
heun,256,16,3,0.0169,0.0003,altered_knn,altered_knn,20000,320000,0.3531,0.0202,0.3512,0.0214,0.4416,0.0118,0.0190,0.0004,0.4651,0.0568,0.0365,0.0006,0.1939,0.0110
heun,256,16,3,0.0169,0.0003,quadratic,quadratic,20000,480000,0.5043,0.0004,0.5077,0.0004,0.5483,0.0005,0.0298,0.0007,0.3065,0.0020,0.0544,0.0012,0.2810,0.0006
heun,256,16,3,0.0169,0.0003,polar3,polar,20000,480000,0.9219,0.0029,0.9267,0.0031,0.9226,0.0029,0.9895,0.0025,0.6380,0.0133,0.7757,0.0091,0.8512,0.0041
heun,512,2,3,0.0302,0.0010,knn,knn,2000,6000,0.5855,0.0062,0.6036,0.0058,0.5925,0.0032,0.0737,0.0187,0.0035,0.0006,0.0067,0.0011,0.3052,0.0029
heun,512,2,3,0.0302,0.0010,altered_knn,altered_knn,2000,4000,0.6239,0.0036,0.6373,0.0037,0.6912,0.0033,0.0315,0.0016,0.1914,0.0058,0.0541,0.0026,0.3457,0.0014
heun,512,2,3,0.0302,0.0010,quadratic,quadratic,2000,6000,0.3738,0.0014,0.3761,0.0016,0.4337,0.0014,0.0312,0.0012,0.3014,0.0070,0.0566,0.0019,0.2163,0.0011
heun,512,2,3,0.0302,0.0010,polar3,polar,2000,6000,0.8795,0.0026,0.8990,0.0018,0.8921,0.0021,0.4927,0.0014,0.2555,0.0094,0.3363,0.0079,0.6177,0.0045
heun,512,2,3,0.0302,0.0010,knn,knn,5000,15000,0.5935,0.0051,0.6119,0.0047,0.6002,0.0017,0.0299,0.0150,0.0011,0.0006,0.0022,0.0011,0.3071,0.0027
heun,512,2,3,0.0302,0.0010,altered_knn,altered_knn,5000,10000,0.5775,0.0941,0.5859,0.1020,0.6676,0.0611,0.0329,0.0010,0.3065,0.1602,0.0581,0.0030,0.3220,0.0497
heun,512,2,3,0.0302,0.0010,quadratic,quadratic,5000,15000,0.3777,0.0006,0.3798,0.0007,0.4418,0.0010,0.0308,0.0008,0.3115,0.0024,0.0560,0.0014,0.2179,0.0010
heun,512,2,3,0.0302,0.0010,polar3,polar,5000,15000,0.9172,0.0082,0.9378,0.0076,0.9276,0.0079,0.8425,0.0122,0.2556,0.0056,0.3921,0.0054,0.6649,0.0063
heun,512,2,3,0.0302,0.0010,knn,knn,10000,30000,0.5989,0.0070,0.6175,0.0066,0.6057,0.0038,0.0416,0.0183,0.0012,0.0005,0.0024,0.0011,0.3099,0.0033
heun,512,2,3,0.0302,0.0010,altered_knn,altered_knn,10000,20000,0.5921,0.0929,0.6018,0.1008,0.6823,0.0593,0.0319,0.0012,0.2895,0.1559,0.0560,0.0013,0.3289,0.0499
heun,512,2,3,0.0302,0.0010,quadratic,quadratic,10000,30000,0.3853,0.0028,0.3875,0.0027,0.4537,0.0029,0.0300,0.0007,0.3145,0.0068,0.0548,0.0012,0.2212,0.0011
heun,512,2,3,0.0302,0.0010,polar3,polar,10000,30000,0.9284,0.0011,0.9493,0.0017,0.9384,0.0013,0.9837,0.0037,0.2596,0.0142,0.4106,0.0178,0.6800,0.0081
heun,512,2,3,0.0302,0.0010,knn,knn,15000,45000,0.6019,0.0076,0.6206,0.0072,0.6089,0.0047,0.0439,0.0026,0.0014,0.0002,0.0028,0.0004,0.3117,0.0038
heun,512,2,3,0.0302,0.0010,altered_knn,altered_knn,15000,30000,0.6014,0.0896,0.6108,0.0975,0.6905,0.0556,0.0332,0.0010,0.2967,0.1656,0.0583,0.0046,0.3345,0.0465
heun,512,2,3,0.0302,0.0010,quadratic,quadratic,15000,45000,0.3888,0.0020,0.3906,0.0020,0.4615,0.0021,0.0301,0.0011,0.3301,0.0038,0.0552,0.0019,0.2229,0.0003
heun,512,2,3,0.0302,0.0010,polar3,polar,15000,45000,0.9300,0.0076,0.9501,0.0068,0.9396,0.0072,0.9954,0.0009,0.2854,0.0125,0.4434,0.0151,0.6967,0.0108
heun,512,2,3,0.0302,0.0010,knn,knn,20000,60000,0.6034,0.0071,0.6221,0.0066,0.6107,0.0042,0.0403,0.0085,0.0013,0.0002,0.0026,0.0005,0.3123,0.0032
heun,512,2,3,0.0302,0.0010,altered_knn,altered_knn,20000,40000,0.4779,0.0022,0.4769,0.0020,0.6155,0.0023,0.0330,0.0014,0.5116,0.0067,0.0620,0.0025,0.2694,0.0020
heun,512,2,3,0.0302,0.0010,quadratic,quadratic,20000,60000,0.3938,0.0017,0.3954,0.0016,0.4694,0.0016,0.0306,0.0008,0.3434,0.0025,0.0562,0.0014,0.2258,0.0007
heun,512,2,3,0.0302,0.0010,polar3,polar,20000,60000,0.9341,0.0032,0.9535,0.0031,0.9433,0.0031,0.9965,0.0029,0.3118,0.0088,0.4749,0.0100,0.7142,0.0049
heun,512,4,3,0.0267,0.0001,knn,knn,2000,12000,0.3577,0.0040,0.3672,0.0040,0.3584,0.0015,0.0372,0.0074,0.0102,0.0020,0.0160,0.0031,0.1916,0.0034
heun,512,4,3,0.0267,0.0001,altered_knn,altered_knn,2000,8000,0.4479,0.0700,0.4532,0.0768,0.5021,0.0384,0.0289,0.0003,0.2550,0.1775,0.0492,0.0043,0.2512,0.0365
heun,512,4,3,0.0267,0.0001,quadratic,quadratic,2000,12000,0.1415,0.0011,0.1289,0.0011,0.1824,0.0012,0.0267,0.0003,0.5984,0.0053,0.0511,0.0005,0.0900,0.0007
heun,512,4,3,0.0267,0.0001,polar3,polar,2000,12000,0.8458,0.0047,0.8617,0.0051,0.8528,0.0045,0.8328,0.0032,0.2698,0.0083,0.4074,0.0094,0.6346,0.0025
heun,512,4,3,0.0267,0.0001,knn,knn,5000,30000,0.3662,0.0048,0.3760,0.0049,0.3669,0.0022,0.0346,0.0031,0.0083,0.0009,0.0134,0.0014,0.1947,0.0030
heun,512,4,3,0.0267,0.0001,altered_knn,altered_knn,5000,20000,0.4709,0.0604,0.4770,0.0663,0.5291,0.0309,0.0292,0.0009,0.2515,0.1531,0.0504,0.0023,0.2637,0.0320
heun,512,4,3,0.0267,0.0001,quadratic,quadratic,5000,30000,0.1864,0.0011,0.1774,0.0010,0.2355,0.0011,0.0270,0.0006,0.5128,0.0117,0.0512,0.0012,0.1143,0.0009
heun,512,4,3,0.0267,0.0001,polar3,polar,5000,30000,0.8923,0.0016,0.9095,0.0017,0.9000,0.0013,0.9916,0.0021,0.2644,0.0009,0.4174,0.0013,0.6635,0.0012
heun,512,4,3,0.0267,0.0001,knn,knn,10000,60000,0.3731,0.0046,0.3832,0.0047,0.3740,0.0021,0.0324,0.0058,0.0064,0.0011,0.0107,0.0018,0.1970,0.0017
heun,512,4,3,0.0267,0.0001,altered_knn,altered_knn,10000,40000,0.4442,0.0537,0.4466,0.0589,0.5259,0.0266,0.0293,0.0008,0.3575,0.1372,0.0532,0.0012,0.2499,0.0289
heun,512,4,3,0.0267,0.0001,quadratic,quadratic,10000,60000,0.2314,0.0006,0.2253,0.0008,0.2872,0.0010,0.0271,0.0003,0.4530,0.0049,0.0511,0.0006,0.1382,0.0001
heun,512,4,3,0.0267,0.0001,polar3,polar,10000,60000,0.9186,0.0005,0.9347,0.0006,0.9254,0.0007,0.9970,0.0014,0.3322,0.0033,0.4984,0.0036,0.7165,0.0016
heun,512,4,3,0.0267,0.0001,knn,knn,15000,90000,0.3761,0.0050,0.3863,0.0052,0.3769,0.0027,0.0298,0.0072,0.0057,0.0014,0.0095,0.0024,0.1979,0.0021
heun,512,4,3,0.0267,0.0001,altered_knn,altered_knn,15000,60000,0.5209,0.0488,0.5303,0.0535,0.5662,0.0225,0.0311,0.0018,0.1795,0.1216,0.0494,0.0029,0.2899,0.0254
heun,512,4,3,0.0267,0.0001,quadratic,quadratic,15000,90000,0.2591,0.0009,0.2543,0.0011,0.3189,0.0011,0.0274,0.0004,0.4328,0.0061,0.0515,0.0007,0.1529,0.0004
heun,512,4,3,0.0267,0.0001,polar3,polar,15000,90000,0.9193,0.0037,0.9340,0.0039,0.9247,0.0042,0.9985,0.0007,0.3835,0.0009,0.5541,0.0009,0.7441,0.0017
heun,512,4,3,0.0267,0.0001,knn,knn,20000,120000,0.3795,0.0044,0.3897,0.0045,0.3805,0.0021,0.0356,0.0100,0.0067,0.0019,0.0112,0.0032,0.2005,0.0038
heun,512,4,3,0.0267,0.0001,altered_knn,altered_knn,20000,80000,0.4577,0.0716,0.4604,0.0784,0.5393,0.0353,0.0297,0.0004,0.3589,0.1794,0.0527,0.0041,0.2565,0.0372
heun,512,4,3,0.0267,0.0001,quadratic,quadratic,20000,120000,0.2818,0.0010,0.2780,0.0009,0.3465,0.0010,0.0272,0.0002,0.4205,0.0055,0.0510,0.0005,0.1645,0.0006
heun,512,4,3,0.0267,0.0001,polar3,polar,20000,120000,0.9171,0.0010,0.9306,0.0012,0.9214,0.0008,0.9985,0.0002,0.4246,0.0027,0.5958,0.0027,0.7632,0.0008
heun,512,8,3,0.0230,0.0012,knn,knn,2000,24000,0.2164,0.0011,0.2210,0.0008,0.2153,0.0003,0.0318,0.0011,0.0202,0.0005,0.0247,0.0005,0.1229,0.0006
heun,512,8,3,0.0230,0.0012,altered_knn,altered_knn,2000,16000,0.3721,0.0115,0.3774,0.0129,0.3998,0.0054,0.0249,0.0015,0.1491,0.0414,0.0422,0.0019,0.2098,0.0063
heun,512,8,3,0.0230,0.0012,quadratic,quadratic,2000,24000,0.0769,0.0007,0.0610,0.0002,0.0972,0.0004,0.0233,0.0012,0.7538,0.0017,0.0451,0.0022,0.0531,0.0010
heun,512,8,3,0.0230,0.0012,polar3,polar,2000,24000,0.8266,0.0037,0.8390,0.0036,0.8316,0.0034,0.9423,0.0093,0.2981,0.0129,0.4527,0.0144,0.6459,0.0078
heun,512,8,3,0.0230,0.0012,knn,knn,5000,60000,0.2226,0.0014,0.2274,0.0012,0.2222,0.0008,0.0281,0.0028,0.0195,0.0025,0.0230,0.0027,0.1252,0.0018
heun,512,8,3,0.0230,0.0012,altered_knn,altered_knn,5000,40000,0.3681,0.0587,0.3715,0.0650,0.4089,0.0273,0.0254,0.0018,0.2335,0.2079,0.0412,0.0030,0.2063,0.0311
heun,512,8,3,0.0230,0.0012,quadratic,quadratic,5000,60000,0.1305,0.0006,0.1188,0.0007,0.1718,0.0009,0.0233,0.0010,0.6284,0.0038,0.0450,0.0019,0.0819,0.0008
heun,512,8,3,0.0230,0.0012,polar3,polar,5000,60000,0.8787,0.0035,0.8904,0.0045,0.8828,0.0042,0.9893,0.0051,0.3843,0.0140,0.5534,0.0142,0.7219,0.0049
heun,512,8,3,0.0230,0.0012,knn,knn,10000,120000,0.2283,0.0017,0.2332,0.0015,0.2278,0.0011,0.0315,0.0014,0.0197,0.0008,0.0242,0.0007,0.1287,0.0009
heun,512,8,3,0.0230,0.0012,altered_knn,altered_knn,10000,80000,0.3562,0.0500,0.3570,0.0554,0.4157,0.0230,0.0247,0.0011,0.3330,0.1741,0.0440,0.0020,0.2005,0.0267
heun,512,8,3,0.0230,0.0012,quadratic,quadratic,10000,120000,0.1912,0.0007,0.1828,0.0004,0.2478,0.0006,0.0238,0.0011,0.5473,0.0040,0.0456,0.0021,0.1142,0.0011
heun,512,8,3,0.0230,0.0012,polar3,polar,10000,120000,0.8975,0.0021,0.9075,0.0015,0.9007,0.0016,0.9893,0.0060,0.4752,0.0183,0.6417,0.0166,0.7746,0.0087
heun,512,8,3,0.0230,0.0012,knn,knn,15000,180000,0.2312,0.0016,0.2363,0.0014,0.2308,0.0008,0.0295,0.0018,0.0172,0.0002,0.0217,0.0006,0.1290,0.0004
heun,512,8,3,0.0230,0.0012,altered_knn,altered_knn,15000,120000,0.4175,0.0123,0.4236,0.0141,0.4507,0.0043,0.0257,0.0018,0.1605,0.0461,0.0435,0.0006,0.2336,0.0070
heun,512,8,3,0.0230,0.0012,quadratic,quadratic,15000,180000,0.2404,0.0007,0.2348,0.0004,0.3032,0.0004,0.0239,0.0012,0.4789,0.0033,0.0455,0.0022,0.1401,0.0013
heun,512,8,3,0.0230,0.0012,polar3,polar,15000,180000,0.9022,0.0030,0.9114,0.0025,0.9039,0.0022,0.9868,0.0087,0.5100,0.0189,0.6722,0.0162,0.7918,0.0088
heun,512,8,3,0.0230,0.0012,knn,knn,20000,240000,0.2329,0.0020,0.2380,0.0017,0.2326,0.0012,0.0284,0.0014,0.0169,0.0012,0.0211,0.0013,0.1296,0.0015
heun,512,8,3,0.0230,0.0012,altered_knn,altered_knn,20000,160000,0.4039,0.0401,0.4080,0.0442,0.4469,0.0160,0.0254,0.0011,0.2199,0.1401,0.0424,0.0072,0.2252,0.0186
heun,512,8,3,0.0230,0.0012,quadratic,quadratic,20000,240000,0.2730,0.0006,0.2685,0.0006,0.3422,0.0007,0.0241,0.0011,0.4630,0.0001,0.0457,0.0021,0.1571,0.0011
heun,512,8,3,0.0230,0.0012,polar3,polar,20000,240000,0.9027,0.0038,0.9116,0.0032,0.9035,0.0029,0.9858,0.0090,0.5263,0.0214,0.6859,0.0184,0.7987,0.0101
heun,512,16,3,0.0246,0.0016,knn,knn,2000,48000,0.1295,0.0010,0.1319,0.0009,0.1289,0.0007,0.0270,0.0025,0.0378,0.0019,0.0315,0.0023,0.0817,0.0009
heun,512,16,3,0.0246,0.0016,altered_knn,altered_knn,2000,32000,0.2541,0.0208,0.2520,0.0247,0.2906,0.0066,0.0285,0.0006,0.3310,0.1263,0.0521,0.0022,0.1520,0.0113
heun,512,16,3,0.0246,0.0016,quadratic,quadratic,2000,48000,0.0553,0.0011,0.0350,0.0001,0.0619,0.0003,0.0248,0.0015,0.8603,0.0025,0.0482,0.0028,0.0416,0.0014
heun,512,16,3,0.0246,0.0016,polar3,polar,2000,48000,0.7833,0.0041,0.7956,0.0041,0.7882,0.0037,0.8147,0.0368,0.2996,0.0104,0.4377,0.0081,0.6166,0.0026
heun,512,16,3,0.0246,0.0016,knn,knn,5000,120000,0.1349,0.0008,0.1375,0.0007,0.1343,0.0006,0.0278,0.0021,0.0336,0.0004,0.0304,0.0014,0.0839,0.0004
heun,512,16,3,0.0246,0.0016,altered_knn,altered_knn,5000,80000,0.2643,0.0172,0.2604,0.0200,0.3157,0.0066,0.0284,0.0015,0.4206,0.1009,0.0529,0.0026,0.1566,0.0103
heun,512,16,3,0.0246,0.0016,quadratic,quadratic,5000,120000,0.1181,0.0005,0.1026,0.0005,0.1602,0.0009,0.0253,0.0015,0.7327,0.0029,0.0489,0.0028,0.0757,0.0012
heun,512,16,3,0.0246,0.0016,polar3,polar,5000,120000,0.8411,0.0037,0.8528,0.0045,0.8455,0.0045,0.8724,0.0430,0.3780,0.0103,0.5271,0.0111,0.6899,0.0070
heun,512,16,3,0.0246,0.0016,knn,knn,10000,240000,0.1386,0.0004,0.1413,0.0002,0.1381,0.0000,0.0279,0.0031,0.0326,0.0014,0.0301,0.0023,0.0857,0.0011
heun,512,16,3,0.0246,0.0016,altered_knn,altered_knn,10000,160000,0.3036,0.0130,0.3037,0.0155,0.3420,0.0017,0.0300,0.0009,0.2946,0.0861,0.0541,0.0029,0.1789,0.0063
heun,512,16,3,0.0246,0.0016,quadratic,quadratic,10000,240000,0.2071,0.0011,0.1978,0.0005,0.2697,0.0002,0.0263,0.0018,0.5756,0.0025,0.0503,0.0034,0.1240,0.0019
heun,512,16,3,0.0246,0.0016,polar3,polar,10000,240000,0.8723,0.0060,0.8839,0.0070,0.8762,0.0062,0.8532,0.0509,0.4133,0.0115,0.5563,0.0153,0.7201,0.0095
heun,512,16,3,0.0246,0.0016,knn,knn,15000,360000,0.1409,0.0009,0.1437,0.0008,0.1403,0.0005,0.0279,0.0017,0.0312,0.0002,0.0294,0.0010,0.0866,0.0002
heun,512,16,3,0.0246,0.0016,altered_knn,altered_knn,15000,240000,0.2849,0.0267,0.2815,0.0304,0.3399,0.0129,0.0291,0.0017,0.4229,0.1291,0.0539,0.0026,0.1677,0.0156
heun,512,16,3,0.0246,0.0016,quadratic,quadratic,15000,360000,0.2577,0.0005,0.2504,0.0003,0.3318,0.0003,0.0269,0.0014,0.5467,0.0052,0.0513,0.0026,0.1509,0.0013
heun,512,16,3,0.0246,0.0016,polar3,polar,15000,360000,0.8774,0.0071,0.8888,0.0079,0.8821,0.0076,0.8406,0.0548,0.4241,0.0110,0.5633,0.0163,0.7260,0.0115
heun,512,16,3,0.0246,0.0016,knn,knn,20000,480000,0.1425,0.0008,0.1453,0.0007,0.1419,0.0005,0.0283,0.0023,0.0304,0.0007,0.0293,0.0015,0.0873,0.0005
heun,512,16,3,0.0246,0.0016,altered_knn,altered_knn,20000,320000,0.3388,0.0126,0.3435,0.0158,0.3614,0.0005,0.0324,0.0034,0.1587,0.1015,0.0444,0.0117,0.1940,0.0025
heun,512,16,3,0.0246,0.0016,quadratic,quadratic,20000,480000,0.2971,0.0006,0.2916,0.0004,0.3751,0.0005,0.0277,0.0015,0.5151,0.0046,0.0526,0.0027,0.1721,0.0015
heun,512,16,3,0.0246,0.0016,polar3,polar,20000,480000,0.8878,0.0041,0.8994,0.0048,0.8925,0.0042,0.8361,0.0552,0.4301,0.0114,0.5675,0.0178,0.7334,0.0110
