sampler,d,K,n_seeds,hall_gt,hall_gt_std,model,arch,n_per_mode,n_anchors,full_acc,full_acc_std,mode_acc,mode_acc_std,mode_f1,mode_f1_std,hall_prec,hall_prec_std,hall_rec,hall_rec_std,hall_f1,hall_f1_std,balanced,balanced_std
flow,2,2,3,0.0098,0.0003,knn,knn,2000,6000,0.9849,0.0012,0.9870,0.0012,0.9916,0.0007,0.3996,0.0221,0.7785,0.0059,0.5278,0.0199,0.7574,0.0105
flow,2,2,3,0.0098,0.0003,altered_knn,altered_knn,2000,4000,0.9659,0.0092,0.9727,0.0099,0.9819,0.0044,0.1066,0.0271,0.2844,0.0536,0.1513,0.0285,0.5620,0.0181
flow,2,2,3,0.0098,0.0003,quadratic,quadratic,2000,6000,0.9896,0.0009,0.9937,0.0006,0.9938,0.0007,0.5658,0.0095,0.5705,0.0210,0.5681,0.0152,0.7809,0.0079
flow,2,2,3,0.0098,0.0003,polar3,polar,2000,6000,0.9969,0.0001,0.9977,0.0003,0.9984,0.0001,0.7986,0.0224,0.9251,0.0181,0.8567,0.0052,0.9272,0.0028
flow,2,2,3,0.0098,0.0003,knn,knn,5000,15000,0.9912,0.0005,0.9926,0.0006,0.9954,0.0002,0.5420,0.0275,0.8583,0.0079,0.6639,0.0182,0.8282,0.0094
flow,2,2,3,0.0098,0.0003,altered_knn,altered_knn,5000,10000,0.9769,0.0035,0.9841,0.0043,0.9879,0.0015,0.1525,0.0252,0.2609,0.0581,0.1866,0.0094,0.5853,0.0051
flow,2,2,3,0.0098,0.0003,quadratic,quadratic,5000,15000,0.9888,0.0005,0.9931,0.0008,0.9930,0.0007,0.5679,0.0066,0.5616,0.0187,0.5645,0.0094,0.7788,0.0043
flow,2,2,3,0.0098,0.0003,polar3,polar,5000,15000,0.9966,0.0006,0.9972,0.0008,0.9983,0.0003,0.7743,0.0504,0.9299,0.0202,0.8434,0.0225,0.9203,0.0117
flow,2,2,3,0.0098,0.0003,knn,knn,10000,30000,0.9946,0.0005,0.9954,0.0004,0.9972,0.0002,0.6669,0.0266,0.9088,0.0108,0.7692,0.0213,0.8823,0.0109
flow,2,2,3,0.0098,0.0003,altered_knn,altered_knn,10000,20000,0.9783,0.0035,0.9850,0.0037,0.9890,0.0018,0.1739,0.0317,0.3039,0.0150,0.2191,0.0267,0.6021,0.0151
flow,2,2,3,0.0098,0.0003,quadratic,quadratic,10000,30000,0.9889,0.0006,0.9931,0.0009,0.9931,0.0008,0.5683,0.0065,0.5630,0.0205,0.5655,0.0132,0.7793,0.0062
flow,2,2,3,0.0098,0.0003,polar3,polar,10000,30000,0.9968,0.0003,0.9975,0.0005,0.9984,0.0002,0.7898,0.0366,0.9288,0.0184,0.8528,0.0141,0.9251,0.0073
flow,2,2,3,0.0098,0.0003,knn,knn,15000,45000,0.9957,0.0005,0.9964,0.0004,0.9978,0.0002,0.7193,0.0307,0.9194,0.0058,0.8068,0.0215,0.9016,0.0110
flow,2,2,3,0.0098,0.0003,altered_knn,altered_knn,15000,30000,0.9839,0.0021,0.9911,0.0023,0.9918,0.0011,0.2323,0.0404,0.2591,0.0127,0.2425,0.0230,0.6168,0.0125
flow,2,2,3,0.0098,0.0003,quadratic,quadratic,15000,45000,0.9891,0.0002,0.9933,0.0005,0.9933,0.0004,0.5655,0.0097,0.5637,0.0210,0.5645,0.0134,0.7789,0.0065
flow,2,2,3,0.0098,0.0003,polar3,polar,15000,45000,0.9969,0.0003,0.9976,0.0005,0.9984,0.0001,0.7945,0.0330,0.9275,0.0176,0.8551,0.0122,0.9263,0.0063
flow,2,2,3,0.0098,0.0003,knn,knn,20000,60000,0.9963,0.0004,0.9971,0.0003,0.9981,0.0002,0.7566,0.0260,0.9201,0.0045,0.8302,0.0176,0.9136,0.0090
flow,2,2,3,0.0098,0.0003,altered_knn,altered_knn,20000,40000,0.9864,0.0037,0.9941,0.0043,0.9931,0.0019,0.3184,0.0976,0.2086,0.0451,0.2341,0.0124,0.6141,0.0083
flow,2,2,3,0.0098,0.0003,quadratic,quadratic,20000,60000,0.9894,0.0003,0.9936,0.0003,0.9935,0.0003,0.5682,0.0082,0.5634,0.0203,0.5657,0.0131,0.7796,0.0064
flow,2,2,3,0.0098,0.0003,polar3,polar,20000,60000,0.9969,0.0003,0.9976,0.0005,0.9984,0.0002,0.7941,0.0354,0.9265,0.0187,0.8543,0.0131,0.9259,0.0068
flow,2,4,3,0.0103,0.0004,knn,knn,2000,12000,0.9751,0.0023,0.9777,0.0023,0.9858,0.0013,0.2839,0.0310,0.7259,0.0095,0.4074,0.0332,0.6926,0.0177
flow,2,4,3,0.0103,0.0004,altered_knn,altered_knn,2000,8000,0.9641,0.0031,0.9712,0.0041,0.9779,0.0016,0.1227,0.0121,0.2865,0.1208,0.1645,0.0371,0.5678,0.0172
flow,2,4,3,0.0103,0.0004,quadratic,quadratic,2000,12000,0.9338,0.0095,0.9394,0.0104,0.9443,0.0075,0.2092,0.0392,0.3967,0.0762,0.2664,0.0198,0.6029,0.0149
flow,2,4,3,0.0103,0.0004,polar3,polar,2000,12000,0.9814,0.0027,0.9834,0.0025,0.9899,0.0018,0.3506,0.0421,0.7833,0.0301,0.4837,0.0457,0.7336,0.0241
flow,2,4,3,0.0103,0.0004,knn,knn,5000,30000,0.9838,0.0022,0.9863,0.0023,0.9911,0.0015,0.3887,0.0384,0.7474,0.0034,0.5104,0.0337,0.7483,0.0180
flow,2,4,3,0.0103,0.0004,altered_knn,altered_knn,5000,20000,0.9680,0.0055,0.9738,0.0063,0.9830,0.0028,0.1549,0.0258,0.4174,0.0596,0.2224,0.0200,0.5981,0.0128
flow,2,4,3,0.0103,0.0004,quadratic,quadratic,5000,30000,0.9329,0.0083,0.9385,0.0091,0.9434,0.0064,0.2099,0.0414,0.3969,0.0737,0.2672,0.0223,0.6028,0.0155
flow,2,4,3,0.0103,0.0004,polar3,polar,5000,30000,0.9816,0.0032,0.9837,0.0030,0.9899,0.0021,0.3586,0.0500,0.7864,0.0281,0.4915,0.0524,0.7376,0.0277
flow,2,4,3,0.0103,0.0004,knn,knn,10000,60000,0.9875,0.0022,0.9903,0.0023,0.9931,0.0015,0.4694,0.0570,0.7184,0.0088,0.5662,0.0448,0.7782,0.0235
flow,2,4,3,0.0103,0.0004,altered_knn,altered_knn,10000,40000,0.9777,0.0037,0.9845,0.0045,0.9881,0.0020,0.2012,0.0374,0.3243,0.0495,0.2416,0.0116,0.6130,0.0078
flow,2,4,3,0.0103,0.0004,quadratic,quadratic,10000,60000,0.9340,0.0087,0.9396,0.0095,0.9443,0.0070,0.2138,0.0401,0.3957,0.0733,0.2703,0.0203,0.6049,0.0148
flow,2,4,3,0.0103,0.0004,polar3,polar,10000,60000,0.9815,0.0030,0.9835,0.0028,0.9899,0.0020,0.3533,0.0450,0.7833,0.0273,0.4861,0.0481,0.7348,0.0255
flow,2,4,3,0.0103,0.0004,knn,knn,15000,90000,0.9886,0.0021,0.9917,0.0021,0.9936,0.0014,0.5082,0.0591,0.6952,0.0109,0.5856,0.0434,0.7887,0.0228
flow,2,4,3,0.0103,0.0004,altered_knn,altered_knn,15000,60000,0.9814,0.0018,0.9890,0.0021,0.9897,0.0012,0.2237,0.0301,0.2555,0.0789,0.2349,0.0437,0.6119,0.0215
flow,2,4,3,0.0103,0.0004,quadratic,quadratic,15000,90000,0.9341,0.0085,0.9397,0.0093,0.9443,0.0067,0.2151,0.0405,0.3950,0.0713,0.2713,0.0207,0.6055,0.0148
flow,2,4,3,0.0103,0.0004,polar3,polar,15000,90000,0.9822,0.0030,0.9843,0.0028,0.9903,0.0019,0.3662,0.0514,0.7827,0.0322,0.4979,0.0539,0.7411,0.0284
flow,2,4,3,0.0103,0.0004,knn,knn,20000,120000,0.9891,0.0022,0.9924,0.0021,0.9938,0.0015,0.5330,0.0639,0.6740,0.0164,0.5938,0.0460,0.7931,0.0241
flow,2,4,3,0.0103,0.0004,altered_knn,altered_knn,20000,80000,0.9821,0.0015,0.9895,0.0013,0.9902,0.0012,0.2378,0.0466,0.2713,0.0543,0.2528,0.0479,0.6211,0.0245
flow,2,4,3,0.0103,0.0004,quadratic,quadratic,20000,120000,0.9337,0.0083,0.9394,0.0091,0.9439,0.0065,0.2165,0.0392,0.3947,0.0719,0.2724,0.0191,0.6059,0.0140
flow,2,4,3,0.0103,0.0004,polar3,polar,20000,120000,0.9823,0.0021,0.9844,0.0020,0.9903,0.0016,0.3656,0.0326,0.7812,0.0250,0.4977,0.0350,0.7411,0.0185
flow,2,8,3,0.0118,0.0001,knn,knn,2000,24000,0.9686,0.0011,0.9725,0.0008,0.9816,0.0009,0.2520,0.0054,0.6405,0.0229,0.3617,0.0092,0.6671,0.0049
flow,2,8,3,0.0118,0.0001,altered_knn,altered_knn,2000,16000,0.9602,0.0030,0.9687,0.0040,0.9748,0.0006,0.1196,0.0026,0.2440,0.0776,0.1568,0.0163,0.5628,0.0065
flow,2,8,3,0.0118,0.0001,quadratic,quadratic,2000,24000,0.8344,0.0024,0.8378,0.0024,0.8985,0.0021,0.0447,0.0007,0.5512,0.0064,0.0826,0.0013,0.4602,0.0014
flow,2,8,3,0.0118,0.0001,polar3,polar,2000,24000,0.9708,0.0026,0.9749,0.0022,0.9835,0.0020,0.2538,0.0146,0.6278,0.0323,0.3615,0.0199,0.6682,0.0110
flow,2,8,3,0.0118,0.0001,knn,knn,5000,60000,0.9778,0.0020,0.9820,0.0015,0.9874,0.0015,0.3290,0.0210,0.6290,0.0453,0.4320,0.0288,0.7070,0.0151
flow,2,8,3,0.0118,0.0001,altered_knn,altered_knn,5000,40000,0.9624,0.0018,0.9688,0.0028,0.9792,0.0004,0.1534,0.0034,0.4275,0.0786,0.2244,0.0153,0.5966,0.0064
flow,2,8,3,0.0118,0.0001,quadratic,quadratic,5000,60000,0.8314,0.0031,0.8347,0.0031,0.8964,0.0029,0.0441,0.0014,0.5523,0.0076,0.0816,0.0024,0.4582,0.0023
flow,2,8,3,0.0118,0.0001,polar3,polar,5000,60000,0.9710,0.0023,0.9751,0.0020,0.9836,0.0019,0.2573,0.0115,0.6309,0.0268,0.3655,0.0161,0.6703,0.0089
flow,2,8,3,0.0118,0.0001,knn,knn,10000,120000,0.9814,0.0025,0.9861,0.0018,0.9892,0.0019,0.3887,0.0311,0.5906,0.0554,0.4688,0.0399,0.7274,0.0208
flow,2,8,3,0.0118,0.0001,altered_knn,altered_knn,10000,80000,0.9700,0.0042,0.9773,0.0047,0.9835,0.0021,0.1760,0.0200,0.3538,0.0679,0.2322,0.0191,0.6048,0.0102
flow,2,8,3,0.0118,0.0001,quadratic,quadratic,10000,120000,0.8328,0.0038,0.8361,0.0039,0.8974,0.0033,0.0443,0.0013,0.5523,0.0064,0.0820,0.0022,0.4591,0.0026
flow,2,8,3,0.0118,0.0001,polar3,polar,10000,120000,0.9705,0.0025,0.9746,0.0022,0.9834,0.0020,0.2506,0.0111,0.6222,0.0233,0.3573,0.0151,0.6660,0.0086
flow,2,8,3,0.0118,0.0001,knn,knn,15000,180000,0.9826,0.0025,0.9876,0.0019,0.9897,0.0020,0.4212,0.0321,0.5652,0.0500,0.4827,0.0393,0.7352,0.0206
flow,2,8,3,0.0118,0.0001,altered_knn,altered_knn,15000,120000,0.9758,0.0035,0.9847,0.0042,0.9860,0.0020,0.1941,0.0325,0.2338,0.0916,0.2042,0.0433,0.5944,0.0211
flow,2,8,3,0.0118,0.0001,quadratic,quadratic,15000,180000,0.8339,0.0043,0.8372,0.0044,0.8980,0.0036,0.0446,0.0012,0.5517,0.0065,0.0825,0.0021,0.4599,0.0028
flow,2,8,3,0.0118,0.0001,polar3,polar,15000,180000,0.9709,0.0026,0.9750,0.0022,0.9835,0.0021,0.2571,0.0152,0.6296,0.0334,0.3651,0.0209,0.6700,0.0116
flow,2,8,3,0.0118,0.0001,knn,knn,20000,240000,0.9833,0.0025,0.9885,0.0019,0.9899,0.0020,0.4434,0.0322,0.5466,0.0471,0.4896,0.0385,0.7391,0.0202
flow,2,8,3,0.0118,0.0001,altered_knn,altered_knn,20000,160000,0.9753,0.0026,0.9836,0.0032,0.9860,0.0016,0.1997,0.0281,0.2816,0.0966,0.2281,0.0506,0.6058,0.0249
flow,2,8,3,0.0118,0.0001,quadratic,quadratic,20000,240000,0.8414,0.0041,0.8450,0.0042,0.9035,0.0035,0.0460,0.0010,0.5463,0.0062,0.0849,0.0018,0.4649,0.0025
flow,2,8,3,0.0118,0.0001,polar3,polar,20000,240000,0.9717,0.0028,0.9759,0.0025,0.9840,0.0022,0.2619,0.0165,0.6215,0.0278,0.3685,0.0213,0.6722,0.0118
flow,4,2,3,0.0090,0.0003,knn,knn,2000,6000,0.9149,0.0023,0.9204,0.0025,0.9184,0.0025,0.5763,0.0137,0.3027,0.0054,0.3969,0.0078,0.6586,0.0041
flow,4,2,3,0.0090,0.0003,altered_knn,altered_knn,2000,4000,0.9018,0.0151,0.9080,0.0157,0.9389,0.0069,0.0263,0.0028,0.2135,0.0365,0.0465,0.0038,0.4773,0.0097
flow,4,2,3,0.0090,0.0003,quadratic,quadratic,2000,6000,0.9874,0.0029,0.9906,0.0027,0.9896,0.0028,0.8032,0.0412,0.6272,0.0310,0.7043,0.0347,0.8474,0.0180
flow,4,2,3,0.0090,0.0003,polar3,polar,2000,6000,0.9951,0.0012,0.9963,0.0010,0.9967,0.0010,0.7907,0.0147,0.8667,0.0353,0.8267,0.0217,0.9115,0.0112
flow,4,2,3,0.0090,0.0003,knn,knn,5000,15000,0.9311,0.0020,0.9362,0.0022,0.9344,0.0021,0.6287,0.0189,0.3677,0.0160,0.4636,0.0114,0.6999,0.0047
flow,4,2,3,0.0090,0.0003,altered_knn,altered_knn,5000,10000,0.9025,0.0226,0.9085,0.0234,0.9417,0.0101,0.0277,0.0005,0.2419,0.0785,0.0492,0.0012,0.4788,0.0113
flow,4,2,3,0.0090,0.0003,quadratic,quadratic,5000,15000,0.9885,0.0017,0.9919,0.0014,0.9908,0.0016,0.8114,0.0411,0.6119,0.0246,0.6975,0.0293,0.8447,0.0149
flow,4,2,3,0.0090,0.0003,polar3,polar,5000,15000,0.9951,0.0011,0.9963,0.0009,0.9968,0.0010,0.7886,0.0129,0.8656,0.0358,0.8251,0.0216,0.9107,0.0111
flow,4,2,3,0.0090,0.0003,knn,knn,10000,30000,0.9427,0.0009,0.9475,0.0011,0.9458,0.0010,0.6756,0.0065,0.4147,0.0066,0.5138,0.0042,0.7306,0.0017
flow,4,2,3,0.0090,0.0003,altered_knn,altered_knn,10000,20000,0.8710,0.0152,0.8756,0.0155,0.9287,0.0079,0.0269,0.0015,0.3655,0.0301,0.0501,0.0024,0.4628,0.0088
flow,4,2,3,0.0090,0.0003,quadratic,quadratic,10000,30000,0.9896,0.0018,0.9930,0.0016,0.9919,0.0016,0.8155,0.0290,0.6116,0.0221,0.6989,0.0241,0.8460,0.0128
flow,4,2,3,0.0090,0.0003,polar3,polar,10000,30000,0.9951,0.0012,0.9963,0.0010,0.9968,0.0010,0.7824,0.0203,0.8664,0.0349,0.8220,0.0227,0.9091,0.0118
flow,4,2,3,0.0090,0.0003,knn,knn,15000,45000,0.9490,0.0004,0.9535,0.0002,0.9522,0.0002,0.6515,0.0234,0.4485,0.0091,0.5313,0.0141,0.7424,0.0071
flow,4,2,3,0.0090,0.0003,altered_knn,altered_knn,15000,30000,0.9143,0.0308,0.9205,0.0319,0.9476,0.0132,0.0322,0.0030,0.2225,0.1089,0.0544,0.0020,0.4875,0.0166
flow,4,2,3,0.0090,0.0003,quadratic,quadratic,15000,45000,0.9897,0.0014,0.9931,0.0012,0.9920,0.0012,0.8135,0.0316,0.6166,0.0253,0.7013,0.0265,0.8472,0.0138
flow,4,2,3,0.0090,0.0003,polar3,polar,15000,45000,0.9951,0.0012,0.9962,0.0010,0.9968,0.0010,0.7762,0.0235,0.8678,0.0368,0.8191,0.0253,0.9077,0.0131
flow,4,2,3,0.0090,0.0003,knn,knn,20000,60000,0.9520,0.0005,0.9565,0.0005,0.9551,0.0006,0.6672,0.0232,0.4525,0.0050,0.5391,0.0095,0.7478,0.0046
flow,4,2,3,0.0090,0.0003,altered_knn,altered_knn,20000,40000,0.9373,0.0054,0.9447,0.0060,0.9577,0.0016,0.0323,0.0021,0.1290,0.0297,0.0510,0.0009,0.4978,0.0030
flow,4,2,3,0.0090,0.0003,quadratic,quadratic,20000,60000,0.9897,0.0016,0.9931,0.0014,0.9920,0.0014,0.8173,0.0327,0.6139,0.0247,0.7010,0.0271,0.8471,0.0142
flow,4,2,3,0.0090,0.0003,polar3,polar,20000,60000,0.9951,0.0012,0.9962,0.0010,0.9968,0.0010,0.7780,0.0256,0.8671,0.0349,0.8197,0.0239,0.9080,0.0124
flow,4,4,3,0.0103,0.0001,knn,knn,2000,12000,0.8391,0.0104,0.8440,0.0104,0.8477,0.0114,0.2444,0.0647,0.3742,0.0076,0.2903,0.0440,0.5672,0.0170
flow,4,4,3,0.0103,0.0001,altered_knn,altered_knn,2000,8000,0.8936,0.0072,0.9023,0.0072,0.9055,0.0077,0.0421,0.0022,0.0669,0.0206,0.0503,0.0043,0.4763,0.0037
flow,4,4,3,0.0103,0.0001,quadratic,quadratic,2000,12000,0.9413,0.0040,0.9452,0.0040,0.9463,0.0040,0.4757,0.0145,0.5683,0.0069,0.5178,0.0109,0.7315,0.0055
flow,4,4,3,0.0103,0.0001,polar3,polar,2000,12000,0.9786,0.0010,0.9814,0.0009,0.9838,0.0012,0.4870,0.0128,0.7144,0.0095,0.5790,0.0067,0.7802,0.0030
flow,4,4,3,0.0103,0.0001,knn,knn,5000,30000,0.8704,0.0096,0.8753,0.0096,0.8781,0.0107,0.2828,0.0622,0.4025,0.0164,0.3272,0.0362,0.6013,0.0133
flow,4,4,3,0.0103,0.0001,altered_knn,altered_knn,5000,20000,0.8862,0.0165,0.8936,0.0174,0.9120,0.0061,0.0406,0.0072,0.1730,0.0804,0.0622,0.0056,0.4779,0.0105
flow,4,4,3,0.0103,0.0001,quadratic,quadratic,5000,30000,0.9413,0.0037,0.9453,0.0037,0.9462,0.0037,0.4845,0.0165,0.5656,0.0078,0.5219,0.0129,0.7336,0.0063
flow,4,4,3,0.0103,0.0001,polar3,polar,5000,30000,0.9805,0.0008,0.9833,0.0006,0.9853,0.0009,0.5106,0.0141,0.7058,0.0146,0.5922,0.0053,0.7878,0.0024
flow,4,4,3,0.0103,0.0001,knn,knn,10000,60000,0.8908,0.0085,0.8957,0.0085,0.8979,0.0095,0.3153,0.0662,0.4231,0.0074,0.3574,0.0405,0.6265,0.0160
flow,4,4,3,0.0103,0.0001,altered_knn,altered_knn,10000,40000,0.8645,0.0248,0.8705,0.0265,0.9083,0.0031,0.0385,0.0109,0.2899,0.1360,0.0611,0.0060,0.4658,0.0162
flow,4,4,3,0.0103,0.0001,quadratic,quadratic,10000,60000,0.9414,0.0036,0.9454,0.0036,0.9462,0.0036,0.4944,0.0144,0.5641,0.0097,0.5269,0.0121,0.7362,0.0059
flow,4,4,3,0.0103,0.0001,polar3,polar,10000,60000,0.9807,0.0009,0.9835,0.0008,0.9856,0.0009,0.5078,0.0237,0.7085,0.0131,0.5910,0.0121,0.7872,0.0062
flow,4,4,3,0.0103,0.0001,knn,knn,15000,90000,0.9015,0.0075,0.9063,0.0075,0.9085,0.0086,0.3225,0.0637,0.4363,0.0070,0.3671,0.0393,0.6367,0.0160
flow,4,4,3,0.0103,0.0001,altered_knn,altered_knn,15000,60000,0.8790,0.0249,0.8855,0.0263,0.9158,0.0086,0.0361,0.0030,0.2519,0.1154,0.0611,0.0020,0.4733,0.0136
flow,4,4,3,0.0103,0.0001,quadratic,quadratic,15000,90000,0.9417,0.0035,0.9456,0.0035,0.9465,0.0035,0.4928,0.0156,0.5639,0.0091,0.5259,0.0126,0.7358,0.0060
flow,4,4,3,0.0103,0.0001,polar3,polar,15000,90000,0.9807,0.0011,0.9836,0.0010,0.9856,0.0010,0.5094,0.0314,0.7057,0.0113,0.5909,0.0176,0.7873,0.0091
flow,4,4,3,0.0103,0.0001,knn,knn,20000,120000,0.9083,0.0071,0.9131,0.0072,0.9151,0.0082,0.3386,0.0697,0.4452,0.0088,0.3805,0.0418,0.6468,0.0173
flow,4,4,3,0.0103,0.0001,altered_knn,altered_knn,20000,80000,0.8961,0.0148,0.9034,0.0159,0.9230,0.0041,0.0485,0.0169,0.1982,0.0998,0.0693,0.0091,0.4863,0.0109
flow,4,4,3,0.0103,0.0001,quadratic,quadratic,20000,120000,0.9417,0.0034,0.9457,0.0035,0.9465,0.0034,0.4954,0.0172,0.5634,0.0097,0.5272,0.0135,0.7364,0.0065
flow,4,4,3,0.0103,0.0001,polar3,polar,20000,120000,0.9809,0.0010,0.9838,0.0010,0.9858,0.0009,0.5138,0.0319,0.7059,0.0113,0.5939,0.0174,0.7888,0.0090
flow,4,8,3,0.0116,0.0003,knn,knn,2000,24000,0.7928,0.0118,0.7974,0.0116,0.8104,0.0109,0.1106,0.0053,0.3986,0.0157,0.1732,0.0079,0.4853,0.0098
flow,4,8,3,0.0116,0.0003,altered_knn,altered_knn,2000,16000,0.8661,0.0071,0.8751,0.0070,0.8819,0.0054,0.0443,0.0021,0.1010,0.0087,0.0614,0.0015,0.4682,0.0038
flow,4,8,3,0.0116,0.0003,quadratic,quadratic,2000,24000,0.9023,0.0126,0.9074,0.0124,0.9122,0.0120,0.2537,0.0169,0.4705,0.0143,0.3294,0.0161,0.6184,0.0142
flow,4,8,3,0.0116,0.0003,polar3,polar,2000,24000,0.9644,0.0041,0.9687,0.0039,0.9743,0.0037,0.3001,0.0076,0.5894,0.0175,0.3977,0.0102,0.6832,0.0070
flow,4,8,3,0.0116,0.0003,knn,knn,5000,60000,0.8345,0.0104,0.8395,0.0102,0.8499,0.0094,0.1377,0.0087,0.4125,0.0157,0.2065,0.0117,0.5230,0.0108
flow,4,8,3,0.0116,0.0003,altered_knn,altered_knn,5000,40000,0.8778,0.0110,0.8867,0.0114,0.8946,0.0050,0.0492,0.0055,0.1136,0.0462,0.0646,0.0055,0.4757,0.0054
flow,4,8,3,0.0116,0.0003,quadratic,quadratic,5000,60000,0.9027,0.0127,0.9078,0.0126,0.9125,0.0120,0.2562,0.0197,0.4705,0.0131,0.3314,0.0187,0.6196,0.0156
flow,4,8,3,0.0116,0.0003,polar3,polar,5000,60000,0.9657,0.0041,0.9702,0.0038,0.9753,0.0036,0.3097,0.0090,0.5850,0.0138,0.4050,0.0108,0.6876,0.0073
flow,4,8,3,0.0116,0.0003,knn,knn,10000,120000,0.8614,0.0088,0.8665,0.0087,0.8755,0.0080,0.1587,0.0066,0.4250,0.0093,0.2311,0.0082,0.5488,0.0084
flow,4,8,3,0.0116,0.0003,altered_knn,altered_knn,10000,80000,0.8749,0.0155,0.8829,0.0163,0.9010,0.0054,0.0496,0.0107,0.1970,0.0705,0.0749,0.0056,0.4789,0.0109
flow,4,8,3,0.0116,0.0003,quadratic,quadratic,10000,120000,0.9029,0.0127,0.9079,0.0126,0.9127,0.0119,0.2571,0.0212,0.4710,0.0131,0.3322,0.0197,0.6201,0.0161
flow,4,8,3,0.0116,0.0003,polar3,polar,10000,120000,0.9662,0.0042,0.9706,0.0040,0.9756,0.0036,0.3146,0.0130,0.5872,0.0149,0.4096,0.0144,0.6901,0.0091
flow,4,8,3,0.0116,0.0003,knn,knn,15000,180000,0.8751,0.0081,0.8802,0.0079,0.8884,0.0073,0.1736,0.0085,0.4345,0.0123,0.2481,0.0107,0.5642,0.0092
flow,4,8,3,0.0116,0.0003,altered_knn,altered_knn,15000,120000,0.8983,0.0074,0.9078,0.0075,0.9094,0.0047,0.0661,0.0065,0.0800,0.0241,0.0697,0.0045,0.4888,0.0018
flow,4,8,3,0.0116,0.0003,quadratic,quadratic,15000,180000,0.9031,0.0128,0.9081,0.0127,0.9128,0.0121,0.2582,0.0205,0.4700,0.0132,0.3329,0.0190,0.6205,0.0159
flow,4,8,3,0.0116,0.0003,polar3,polar,15000,180000,0.9660,0.0041,0.9704,0.0039,0.9755,0.0036,0.3131,0.0108,0.5874,0.0139,0.4084,0.0123,0.6894,0.0081
flow,4,8,3,0.0116,0.0003,knn,knn,20000,240000,0.8845,0.0076,0.8896,0.0074,0.8972,0.0069,0.1869,0.0084,0.4456,0.0125,0.2633,0.0105,0.5765,0.0089
flow,4,8,3,0.0116,0.0003,altered_knn,altered_knn,20000,160000,0.8939,0.0072,0.9026,0.0075,0.9116,0.0042,0.0581,0.0074,0.1461,0.0428,0.0804,0.0031,0.4915,0.0053
flow,4,8,3,0.0116,0.0003,quadratic,quadratic,20000,240000,0.9057,0.0126,0.9109,0.0125,0.9152,0.0119,0.2676,0.0187,0.4669,0.0136,0.3399,0.0174,0.6254,0.0149
flow,4,8,3,0.0116,0.0003,polar3,polar,20000,240000,0.9667,0.0042,0.9711,0.0039,0.9761,0.0036,0.3170,0.0126,0.5902,0.0160,0.4124,0.0145,0.6918,0.0091
flow,4,16,3,0.0128,0.0004,knn,knn,2000,48000,0.7733,0.0052,0.7780,0.0053,0.7951,0.0058,0.0954,0.0021,0.4092,0.0043,0.1547,0.0029,0.4664,0.0015
flow,4,16,3,0.0128,0.0004,altered_knn,altered_knn,2000,32000,0.8489,0.0141,0.8581,0.0154,0.8674,0.0039,0.0613,0.0091,0.1418,0.0912,0.0751,0.0071,0.4666,0.0058
flow,4,16,3,0.0128,0.0004,quadratic,quadratic,2000,48000,0.8896,0.0077,0.8953,0.0079,0.9060,0.0082,0.1591,0.0049,0.4460,0.0113,0.2344,0.0039,0.5649,0.0044
flow,4,16,3,0.0128,0.0004,polar3,polar,2000,48000,0.9499,0.0022,0.9555,0.0022,0.9630,0.0022,0.2373,0.0033,0.5241,0.0092,0.3266,0.0018,0.6410,0.0018
flow,4,16,3,0.0128,0.0004,knn,knn,5000,120000,0.8180,0.0053,0.8232,0.0055,0.8368,0.0058,0.1211,0.0031,0.4223,0.0057,0.1882,0.0036,0.5057,0.0017
flow,4,16,3,0.0128,0.0004,altered_knn,altered_knn,5000,80000,0.8477,0.0378,0.8558,0.0407,0.8779,0.0110,0.0632,0.0177,0.2198,0.1874,0.0767,0.0053,0.4663,0.0217
flow,4,16,3,0.0128,0.0004,quadratic,quadratic,5000,120000,0.8903,0.0085,0.8961,0.0087,0.9066,0.0088,0.1610,0.0077,0.4456,0.0116,0.2363,0.0069,0.5662,0.0064
flow,4,16,3,0.0128,0.0004,polar3,polar,5000,120000,0.9508,0.0015,0.9563,0.0015,0.9636,0.0015,0.2412,0.0037,0.5230,0.0114,0.3300,0.0014,0.6432,0.0012
flow,4,16,3,0.0128,0.0004,knn,knn,10000,240000,0.8490,0.0050,0.8543,0.0051,0.8657,0.0053,0.1455,0.0029,0.4371,0.0111,0.2183,0.0034,0.5363,0.0008
flow,4,16,3,0.0128,0.0004,altered_knn,altered_knn,10000,160000,0.8554,0.0338,0.8629,0.0361,0.8882,0.0107,0.0633,0.0153,0.2721,0.1619,0.0907,0.0123,0.4768,0.0226
flow,4,16,3,0.0128,0.0004,quadratic,quadratic,10000,240000,0.8945,0.0079,0.9003,0.0081,0.9103,0.0081,0.1661,0.0085,0.4439,0.0112,0.2414,0.0076,0.5709,0.0062
flow,4,16,3,0.0128,0.0004,polar3,polar,10000,240000,0.9519,0.0014,0.9575,0.0014,0.9647,0.0014,0.2445,0.0042,0.5240,0.0111,0.3333,0.0017,0.6454,0.0012
flow,4,16,3,0.0128,0.0004,knn,knn,15000,360000,0.8647,0.0049,0.8702,0.0050,0.8805,0.0050,0.1587,0.0029,0.4409,0.0084,0.2333,0.0024,0.5518,0.0021
flow,4,16,3,0.0128,0.0004,altered_knn,altered_knn,15000,240000,0.8897,0.0063,0.9000,0.0070,0.9006,0.0028,0.0965,0.0160,0.0941,0.0485,0.0847,0.0169,0.4924,0.0054
flow,4,16,3,0.0128,0.0004,quadratic,quadratic,15000,360000,0.8989,0.0063,0.9047,0.0065,0.9167,0.0067,0.1502,0.0057,0.4518,0.0081,0.2253,0.0055,0.5650,0.0042
flow,4,16,3,0.0128,0.0004,polar3,polar,15000,360000,0.9535,0.0011,0.9590,0.0013,0.9659,0.0012,0.2501,0.0065,0.5256,0.0088,0.3388,0.0042,0.6489,0.0025
flow,4,16,3,0.0128,0.0004,knn,knn,20000,480000,0.8748,0.0043,0.8804,0.0044,0.8897,0.0045,0.1716,0.0039,0.4443,0.0084,0.2475,0.0032,0.5640,0.0018
flow,4,16,3,0.0128,0.0004,altered_knn,altered_knn,20000,320000,0.8940,0.0031,0.9043,0.0036,0.9046,0.0029,0.0956,0.0084,0.0971,0.0358,0.0918,0.0112,0.4981,0.0049
flow,4,16,3,0.0128,0.0004,quadratic,quadratic,20000,480000,0.8968,0.0056,0.9024,0.0058,0.9182,0.0059,0.1266,0.0030,0.4600,0.0070,0.1985,0.0031,0.5505,0.0033
flow,4,16,3,0.0128,0.0004,polar3,polar,20000,480000,0.9545,0.0009,0.9601,0.0012,0.9667,0.0010,0.2556,0.0083,0.5257,0.0092,0.3438,0.0060,0.6519,0.0033
flow,8,2,3,0.0096,0.0001,knn,knn,2000,6000,0.8183,0.0018,0.8255,0.0018,0.8216,0.0020,0.5521,0.0459,0.0666,0.0054,0.1189,0.0092,0.4722,0.0044
flow,8,2,3,0.0096,0.0001,altered_knn,altered_knn,2000,4000,0.8902,0.0104,0.8977,0.0109,0.9180,0.0046,0.0202,0.0024,0.1166,0.0418,0.0341,0.0054,0.4659,0.0033
flow,8,2,3,0.0096,0.0001,quadratic,quadratic,2000,6000,0.9871,0.0019,0.9917,0.0019,0.9896,0.0019,0.8945,0.0156,0.5066,0.0010,0.6468,0.0032,0.8193,0.0019
flow,8,2,3,0.0096,0.0001,polar3,polar,2000,6000,0.9932,0.0005,0.9948,0.0006,0.9946,0.0005,0.8521,0.0098,0.8269,0.0077,0.8393,0.0016,0.9170,0.0009
flow,8,2,3,0.0096,0.0001,knn,knn,5000,15000,0.8338,0.0020,0.8412,0.0020,0.8373,0.0020,0.6720,0.0278,0.0720,0.0096,0.1298,0.0157,0.4855,0.0080
flow,8,2,3,0.0096,0.0001,altered_knn,altered_knn,5000,10000,0.8236,0.0818,0.8286,0.0843,0.8881,0.0437,0.0220,0.0031,0.3118,0.1732,0.0399,0.0047,0.4343,0.0438
flow,8,2,3,0.0096,0.0001,quadratic,quadratic,5000,15000,0.9887,0.0008,0.9934,0.0008,0.9912,0.0008,0.9200,0.0085,0.5007,0.0020,0.6484,0.0021,0.8209,0.0015
flow,8,2,3,0.0096,0.0001,polar3,polar,5000,15000,0.9945,0.0002,0.9961,0.0002,0.9958,0.0002,0.8875,0.0058,0.8318,0.0040,0.8588,0.0045,0.9274,0.0022
flow,8,2,3,0.0096,0.0001,knn,knn,10000,30000,0.8454,0.0030,0.8528,0.0031,0.8488,0.0031,0.6943,0.0487,0.0743,0.0051,0.1343,0.0091,0.4936,0.0035
flow,8,2,3,0.0096,0.0001,altered_knn,altered_knn,10000,20000,0.8320,0.0823,0.8371,0.0847,0.8943,0.0440,0.0240,0.0040,0.3147,0.1670,0.0434,0.0055,0.4402,0.0451
flow,8,2,3,0.0096,0.0001,quadratic,quadratic,10000,30000,0.9893,0.0010,0.9941,0.0010,0.9918,0.0010,0.9300,0.0075,0.5004,0.0032,0.6507,0.0044,0.8224,0.0023
flow,8,2,3,0.0096,0.0001,polar3,polar,10000,30000,0.9947,0.0001,0.9963,0.0001,0.9959,0.0002,0.8919,0.0077,0.8346,0.0036,0.8623,0.0055,0.9293,0.0027
flow,8,2,3,0.0096,0.0001,knn,knn,15000,45000,0.8531,0.0029,0.8606,0.0031,0.8567,0.0031,0.7274,0.0689,0.0765,0.0080,0.1384,0.0143,0.4995,0.0059
flow,8,2,3,0.0096,0.0001,altered_knn,altered_knn,15000,30000,0.8987,0.0028,0.9058,0.0029,0.9281,0.0013,0.0267,0.0020,0.1587,0.0053,0.0457,0.0030,0.4757,0.0029
flow,8,2,3,0.0096,0.0001,quadratic,quadratic,15000,45000,0.9893,0.0014,0.9940,0.0014,0.9918,0.0014,0.9288,0.0027,0.5049,0.0028,0.6542,0.0030,0.8241,0.0016
flow,8,2,3,0.0096,0.0001,polar3,polar,15000,45000,0.9947,0.0002,0.9962,0.0002,0.9959,0.0002,0.8902,0.0093,0.8367,0.0031,0.8626,0.0060,0.9294,0.0029
flow,8,2,3,0.0096,0.0001,knn,knn,20000,60000,0.8551,0.0016,0.8625,0.0016,0.8586,0.0017,0.6997,0.0402,0.0859,0.0086,0.1530,0.0145,0.5077,0.0069
flow,8,2,3,0.0096,0.0001,altered_knn,altered_knn,20000,40000,0.8647,0.0287,0.8704,0.0298,0.9164,0.0124,0.0244,0.0030,0.2727,0.0862,0.0443,0.0043,0.4574,0.0157
flow,8,2,3,0.0096,0.0001,quadratic,quadratic,20000,60000,0.9891,0.0014,0.9938,0.0014,0.9916,0.0014,0.9288,0.0100,0.4993,0.0015,0.6495,0.0037,0.8216,0.0019
flow,8,2,3,0.0096,0.0001,polar3,polar,20000,60000,0.9946,0.0002,0.9962,0.0002,0.9959,0.0003,0.8907,0.0106,0.8350,0.0023,0.8619,0.0060,0.9290,0.0029
flow,8,4,3,0.0107,0.0001,knn,knn,2000,12000,0.6922,0.0094,0.6983,0.0094,0.6979,0.0095,0.1929,0.0578,0.1266,0.0039,0.1490,0.0204,0.4237,0.0059
flow,8,4,3,0.0107,0.0001,altered_knn,altered_knn,2000,8000,0.8320,0.0162,0.8394,0.0171,0.8578,0.0048,0.0340,0.0066,0.1512,0.0702,0.0499,0.0019,0.4446,0.0077
flow,8,4,3,0.0107,0.0001,quadratic,quadratic,2000,12000,0.9523,0.0074,0.9569,0.0073,0.9555,0.0073,0.7326,0.0023,0.5255,0.0078,0.6120,0.0061,0.7845,0.0064
flow,8,4,3,0.0107,0.0001,polar3,polar,2000,12000,0.9762,0.0037,0.9796,0.0036,0.9800,0.0038,0.6150,0.0373,0.6660,0.0045,0.6388,0.0179,0.8092,0.0083
flow,8,4,3,0.0107,0.0001,knn,knn,5000,30000,0.7138,0.0081,0.7200,0.0082,0.7192,0.0078,0.2382,0.0426,0.1368,0.0068,0.1730,0.0163,0.4465,0.0073
flow,8,4,3,0.0107,0.0001,altered_knn,altered_knn,5000,20000,0.8548,0.0010,0.8631,0.0008,0.8700,0.0024,0.0369,0.0005,0.0902,0.0122,0.0522,0.0014,0.4576,0.0011
flow,8,4,3,0.0107,0.0001,quadratic,quadratic,5000,30000,0.9539,0.0075,0.9586,0.0075,0.9570,0.0074,0.7527,0.0055,0.5260,0.0056,0.6192,0.0039,0.7889,0.0057
flow,8,4,3,0.0107,0.0001,polar3,polar,5000,30000,0.9818,0.0032,0.9851,0.0032,0.9848,0.0032,0.7179,0.0119,0.6720,0.0080,0.6940,0.0015,0.8396,0.0021
flow,8,4,3,0.0107,0.0001,knn,knn,10000,60000,0.7298,0.0074,0.7361,0.0074,0.7346,0.0067,0.3160,0.0408,0.1508,0.0020,0.2035,0.0105,0.4698,0.0058
flow,8,4,3,0.0107,0.0001,altered_knn,altered_knn,10000,40000,0.8615,0.0053,0.8698,0.0060,0.8767,0.0021,0.0386,0.0035,0.0883,0.0540,0.0487,0.0053,0.4593,0.0004
flow,8,4,3,0.0107,0.0001,quadratic,quadratic,10000,60000,0.9547,0.0080,0.9593,0.0080,0.9578,0.0080,0.7589,0.0070,0.5273,0.0072,0.6222,0.0049,0.7907,0.0064
flow,8,4,3,0.0107,0.0001,polar3,polar,10000,60000,0.9834,0.0027,0.9867,0.0027,0.9862,0.0027,0.7461,0.0111,0.6758,0.0076,0.7091,0.0009,0.8479,0.0016
flow,8,4,3,0.0107,0.0001,knn,knn,15000,90000,0.7392,0.0074,0.7455,0.0074,0.7438,0.0068,0.3387,0.0401,0.1525,0.0070,0.2100,0.0146,0.4778,0.0076
flow,8,4,3,0.0107,0.0001,altered_knn,altered_knn,15000,60000,0.8650,0.0121,0.8733,0.0128,0.8808,0.0041,0.0412,0.0049,0.0960,0.0617,0.0513,0.0054,0.4623,0.0040
flow,8,4,3,0.0107,0.0001,quadratic,quadratic,15000,90000,0.9547,0.0081,0.9593,0.0081,0.9577,0.0080,0.7597,0.0050,0.5266,0.0066,0.6220,0.0055,0.7906,0.0068
flow,8,4,3,0.0107,0.0001,polar3,polar,15000,90000,0.9841,0.0023,0.9874,0.0023,0.9869,0.0023,0.7524,0.0081,0.6776,0.0065,0.7130,0.0029,0.8502,0.0026
flow,8,4,3,0.0107,0.0001,knn,knn,20000,120000,0.7447,0.0082,0.7510,0.0081,0.7493,0.0076,0.3578,0.0389,0.1579,0.0075,0.2187,0.0130,0.4849,0.0088
flow,8,4,3,0.0107,0.0001,altered_knn,altered_knn,20000,80000,0.8743,0.0027,0.8831,0.0026,0.8848,0.0026,0.0417,0.0029,0.0561,0.0130,0.0474,0.0069,0.4653,0.0031
flow,8,4,3,0.0107,0.0001,quadratic,quadratic,20000,120000,0.9548,0.0080,0.9594,0.0080,0.9578,0.0080,0.7604,0.0084,0.5244,0.0077,0.6207,0.0063,0.7901,0.0070
flow,8,4,3,0.0107,0.0001,polar3,polar,20000,120000,0.9842,0.0023,0.9875,0.0023,0.9870,0.0022,0.7540,0.0103,0.6762,0.0067,0.7129,0.0022,0.8502,0.0022
flow,8,8,3,0.0125,0.0002,knn,knn,2000,24000,0.5995,0.0054,0.6046,0.0055,0.6088,0.0041,0.0960,0.0135,0.1940,0.0026,0.1278,0.0117,0.3662,0.0085
flow,8,8,3,0.0125,0.0002,altered_knn,altered_knn,2000,16000,0.7831,0.0033,0.7902,0.0036,0.8154,0.0013,0.0375,0.0014,0.2184,0.0268,0.0638,0.0015,0.4270,0.0019
flow,8,8,3,0.0125,0.0002,quadratic,quadratic,2000,24000,0.9256,0.0056,0.9310,0.0055,0.9306,0.0056,0.5415,0.0080,0.4978,0.0105,0.5187,0.0074,0.7249,0.0062
flow,8,8,3,0.0125,0.0002,polar3,polar,2000,24000,0.9630,0.0014,0.9682,0.0014,0.9682,0.0012,0.5564,0.0248,0.5518,0.0032,0.5539,0.0137,0.7610,0.0075
flow,8,8,3,0.0125,0.0002,knn,knn,5000,60000,0.6283,0.0040,0.6336,0.0041,0.6367,0.0034,0.1189,0.0048,0.2100,0.0059,0.1518,0.0052,0.3927,0.0040
flow,8,8,3,0.0125,0.0002,altered_knn,altered_knn,5000,40000,0.8073,0.0054,0.8158,0.0060,0.8275,0.0013,0.0424,0.0007,0.1352,0.0514,0.0624,0.0070,0.4391,0.0018
flow,8,8,3,0.0125,0.0002,quadratic,quadratic,5000,60000,0.9288,0.0054,0.9342,0.0054,0.9337,0.0054,0.5496,0.0060,0.4987,0.0064,0.5229,0.0050,0.7286,0.0046
flow,8,8,3,0.0125,0.0002,polar3,polar,5000,60000,0.9692,0.0014,0.9745,0.0014,0.9738,0.0013,0.6219,0.0168,0.5496,0.0017,0.5834,0.0082,0.7790,0.0047
flow,8,8,3,0.0125,0.0002,knn,knn,10000,120000,0.6510,0.0032,0.6564,0.0032,0.6588,0.0029,0.1416,0.0015,0.2224,0.0042,0.1730,0.0008,0.4147,0.0018
flow,8,8,3,0.0125,0.0002,altered_knn,altered_knn,10000,80000,0.7937,0.0349,0.8008,0.0374,0.8311,0.0078,0.0386,0.0056,0.2311,0.1617,0.0607,0.0022,0.4308,0.0198
flow,8,8,3,0.0125,0.0002,quadratic,quadratic,10000,120000,0.9292,0.0055,0.9346,0.0055,0.9340,0.0056,0.5555,0.0103,0.4981,0.0050,0.5252,0.0057,0.7299,0.0046
flow,8,8,3,0.0125,0.0002,polar3,polar,10000,120000,0.9712,0.0010,0.9766,0.0010,0.9757,0.0010,0.6433,0.0143,0.5510,0.0053,0.5936,0.0088,0.7851,0.0048
flow,8,8,3,0.0125,0.0002,knn,knn,15000,180000,0.6627,0.0030,0.6683,0.0031,0.6704,0.0028,0.1501,0.0073,0.2197,0.0035,0.1782,0.0053,0.4233,0.0024
flow,8,8,3,0.0125,0.0002,altered_knn,altered_knn,15000,120000,0.8201,0.0074,0.8284,0.0080,0.8429,0.0016,0.0440,0.0029,0.1594,0.0443,0.0674,0.0026,0.4479,0.0033
flow,8,8,3,0.0125,0.0002,quadratic,quadratic,15000,180000,0.9296,0.0057,0.9350,0.0057,0.9344,0.0057,0.5604,0.0089,0.4965,0.0062,0.5264,0.0058,0.7307,0.0050
flow,8,8,3,0.0125,0.0002,polar3,polar,15000,180000,0.9719,0.0010,0.9773,0.0010,0.9763,0.0010,0.6486,0.0088,0.5499,0.0035,0.5952,0.0045,0.7862,0.0027
flow,8,8,3,0.0125,0.0002,knn,knn,20000,240000,0.6718,0.0029,0.6775,0.0030,0.6793,0.0027,0.1601,0.0068,0.2220,0.0017,0.1860,0.0050,0.4317,0.0016
flow,8,8,3,0.0125,0.0002,altered_knn,altered_knn,20000,160000,0.8248,0.0071,0.8333,0.0077,0.8470,0.0020,0.0433,0.0037,0.1498,0.0343,0.0662,0.0017,0.4497,0.0047
flow,8,8,3,0.0125,0.0002,quadratic,quadratic,20000,240000,0.9322,0.0059,0.9378,0.0059,0.9369,0.0059,0.5890,0.0082,0.4920,0.0065,0.5361,0.0050,0.7369,0.0050
flow,8,8,3,0.0125,0.0002,polar3,polar,20000,240000,0.9726,0.0010,0.9779,0.0010,0.9770,0.0010,0.6474,0.0124,0.5520,0.0035,0.5958,0.0052,0.7869,0.0031
flow,8,16,3,0.0138,0.0005,knn,knn,2000,48000,0.5220,0.0026,0.5257,0.0027,0.5377,0.0024,0.0609,0.0021,0.2601,0.0082,0.0986,0.0022,0.3121,0.0020
flow,8,16,3,0.0138,0.0005,altered_knn,altered_knn,2000,32000,0.7477,0.0176,0.7559,0.0197,0.7724,0.0013,0.0457,0.0058,0.1649,0.1289,0.0585,0.0155,0.4072,0.0084
flow,8,16,3,0.0138,0.0005,quadratic,quadratic,2000,48000,0.8962,0.0009,0.9023,0.0008,0.9037,0.0007,0.3764,0.0071,0.4579,0.0078,0.4131,0.0042,0.6577,0.0017
flow,8,16,3,0.0138,0.0005,polar3,polar,2000,48000,0.9429,0.0023,0.9494,0.0023,0.9501,0.0021,0.4420,0.0169,0.4801,0.0068,0.4599,0.0067,0.7047,0.0037
flow,8,16,3,0.0138,0.0005,knn,knn,5000,120000,0.5550,0.0013,0.5590,0.0013,0.5697,0.0016,0.0717,0.0027,0.2660,0.0039,0.1129,0.0033,0.3360,0.0015
flow,8,16,3,0.0138,0.0005,altered_knn,altered_knn,5000,80000,0.7583,0.0212,0.7661,0.0235,0.7874,0.0024,0.0440,0.0046,0.1972,0.1399,0.0639,0.0092,0.4150,0.0100
flow,8,16,3,0.0138,0.0005,quadratic,quadratic,5000,120000,0.8981,0.0012,0.9042,0.0010,0.9055,0.0011,0.3811,0.0069,0.4595,0.0065,0.4166,0.0040,0.6604,0.0016
flow,8,16,3,0.0138,0.0005,polar3,polar,5000,120000,0.9493,0.0016,0.9559,0.0015,0.9562,0.0015,0.4657,0.0156,0.4803,0.0065,0.4727,0.0067,0.7143,0.0030
flow,8,16,3,0.0138,0.0005,knn,knn,10000,240000,0.5839,0.0011,0.5883,0.0013,0.5979,0.0013,0.0834,0.0023,0.2726,0.0038,0.1277,0.0022,0.3580,0.0017
flow,8,16,3,0.0138,0.0005,altered_knn,altered_knn,10000,160000,0.7763,0.0172,0.7848,0.0189,0.7998,0.0023,0.0476,0.0033,0.1606,0.1166,0.0654,0.0086,0.4251,0.0058
flow,8,16,3,0.0138,0.0005,quadratic,quadratic,10000,240000,0.9016,0.0010,0.9079,0.0008,0.9087,0.0009,0.4078,0.0077,0.4526,0.0074,0.4289,0.0043,0.6684,0.0018
flow,8,16,3,0.0138,0.0005,polar3,polar,10000,240000,0.9524,0.0008,0.9590,0.0008,0.9591,0.0008,0.4791,0.0175,0.4779,0.0048,0.4783,0.0080,0.7187,0.0039
flow,8,16,3,0.0138,0.0005,knn,knn,15000,360000,0.5987,0.0009,0.6032,0.0011,0.6123,0.0011,0.0906,0.0027,0.2801,0.0020,0.1369,0.0028,0.3700,0.0019
flow,8,16,3,0.0138,0.0005,altered_knn,altered_knn,15000,240000,0.7939,0.0043,0.8038,0.0046,0.8074,0.0008,0.0533,0.0026,0.0834,0.0381,0.0606,0.0120,0.4322,0.0040
flow,8,16,3,0.0138,0.0005,quadratic,quadratic,15000,360000,0.9091,0.0016,0.9157,0.0017,0.9155,0.0016,0.4670,0.0074,0.4369,0.0067,0.4513,0.0041,0.6835,0.0014
flow,8,16,3,0.0138,0.0005,polar3,polar,15000,360000,0.9549,0.0007,0.9616,0.0007,0.9614,0.0007,0.4931,0.0168,0.4789,0.0036,0.4858,0.0082,0.7237,0.0040
flow,8,16,3,0.0138,0.0005,knn,knn,20000,480000,0.6089,0.0012,0.6136,0.0014,0.6222,0.0014,0.0951,0.0020,0.2802,0.0038,0.1419,0.0018,0.3777,0.0015
flow,8,16,3,0.0138,0.0005,altered_knn,altered_knn,20000,320000,0.7875,0.0107,0.7963,0.0120,0.8108,0.0010,0.0510,0.0077,0.1641,0.0889,0.0664,0.0136,0.4313,0.0009
flow,8,16,3,0.0138,0.0005,quadratic,quadratic,20000,480000,0.9124,0.0019,0.9191,0.0020,0.9185,0.0019,0.4937,0.0094,0.4325,0.0050,0.4610,0.0036,0.6901,0.0016
flow,8,16,3,0.0138,0.0005,polar3,polar,20000,480000,0.9561,0.0008,0.9627,0.0009,0.9625,0.0008,0.5031,0.0171,0.4817,0.0042,0.4920,0.0075,0.7274,0.0037
flow,16,2,3,0.0089,0.0003,knn,knn,2000,6000,0.7884,0.0015,0.7954,0.0014,0.7916,0.0013,0.2503,0.0398,0.0141,0.0044,0.0265,0.0079,0.4109,0.0043
flow,16,2,3,0.0089,0.0003,altered_knn,altered_knn,2000,4000,0.7944,0.1010,0.7990,0.1040,0.8604,0.0521,0.0179,0.0025,0.2916,0.2199,0.0302,0.0047,0.4146,0.0523
flow,16,2,3,0.0089,0.0003,quadratic,quadratic,2000,6000,0.9792,0.0005,0.9843,0.0006,0.9821,0.0005,0.8448,0.0188,0.4147,0.0207,0.5561,0.0206,0.7702,0.0100
flow,16,2,3,0.0089,0.0003,polar3,polar,2000,6000,0.9793,0.0015,0.9813,0.0013,0.9810,0.0012,0.8086,0.0435,0.7653,0.0157,0.7859,0.0265,0.8836,0.0139
flow,16,2,3,0.0089,0.0003,knn,knn,5000,15000,0.7940,0.0028,0.8010,0.0026,0.7973,0.0027,0.3461,0.0728,0.0132,0.0040,0.0255,0.0076,0.4132,0.0041
flow,16,2,3,0.0089,0.0003,altered_knn,altered_knn,5000,10000,0.8594,0.0058,0.8653,0.0059,0.9005,0.0012,0.0199,0.0013,0.1936,0.0252,0.0361,0.0024,0.4507,0.0026
flow,16,2,3,0.0089,0.0003,quadratic,quadratic,5000,15000,0.9841,0.0012,0.9891,0.0013,0.9867,0.0013,0.9127,0.0162,0.4269,0.0166,0.5817,0.0182,0.7854,0.0086
flow,16,2,3,0.0089,0.0003,polar3,polar,5000,15000,0.9904,0.0018,0.9914,0.0017,0.9926,0.0010,0.7003,0.1032,0.8710,0.0201,0.7732,0.0680,0.8823,0.0348
flow,16,2,3,0.0089,0.0003,knn,knn,10000,30000,0.8001,0.0033,0.8072,0.0031,0.8032,0.0033,0.3960,0.1274,0.0139,0.0064,0.0269,0.0123,0.4170,0.0064
flow,16,2,3,0.0089,0.0003,altered_knn,altered_knn,10000,20000,0.8299,0.0400,0.8349,0.0412,0.8883,0.0179,0.0193,0.0019,0.2700,0.0891,0.0356,0.0025,0.4352,0.0217
flow,16,2,3,0.0089,0.0003,quadratic,quadratic,10000,30000,0.9858,0.0005,0.9908,0.0004,0.9884,0.0005,0.9222,0.0327,0.4228,0.0166,0.5796,0.0202,0.7852,0.0100
flow,16,2,3,0.0089,0.0003,polar3,polar,10000,30000,0.9924,0.0011,0.9933,0.0009,0.9942,0.0006,0.7415,0.0628,0.8861,0.0215,0.8066,0.0454,0.9000,0.0232
flow,16,2,3,0.0089,0.0003,knn,knn,15000,45000,0.8014,0.0020,0.8084,0.0018,0.8044,0.0019,0.4228,0.0894,0.0160,0.0048,0.0308,0.0091,0.4196,0.0037
flow,16,2,3,0.0089,0.0003,altered_knn,altered_knn,15000,30000,0.7831,0.0258,0.7867,0.0265,0.8673,0.0135,0.0174,0.0009,0.3800,0.0676,0.0332,0.0019,0.4099,0.0125
flow,16,2,3,0.0089,0.0003,quadratic,quadratic,15000,45000,0.9871,0.0007,0.9920,0.0007,0.9897,0.0007,0.9339,0.0244,0.4337,0.0128,0.5921,0.0119,0.7921,0.0058
flow,16,2,3,0.0089,0.0003,polar3,polar,15000,45000,0.9927,0.0010,0.9936,0.0008,0.9947,0.0005,0.7296,0.0510,0.8916,0.0190,0.8020,0.0381,0.8978,0.0194
flow,16,2,3,0.0089,0.0003,knn,knn,20000,60000,0.8017,0.0010,0.8088,0.0010,0.8047,0.0012,0.4419,0.1200,0.0101,0.0016,0.0198,0.0032,0.4143,0.0012
flow,16,2,3,0.0089,0.0003,altered_knn,altered_knn,20000,40000,0.8150,0.0684,0.8198,0.0703,0.8784,0.0337,0.0192,0.0037,0.2863,0.1340,0.0352,0.0061,0.4275,0.0376
flow,16,2,3,0.0089,0.0003,quadratic,quadratic,20000,60000,0.9875,0.0006,0.9925,0.0005,0.9901,0.0006,0.9340,0.0341,0.4247,0.0135,0.5836,0.0129,0.7880,0.0063
flow,16,2,3,0.0089,0.0003,polar3,polar,20000,60000,0.9936,0.0008,0.9945,0.0006,0.9952,0.0004,0.7731,0.0398,0.8939,0.0209,0.8290,0.0318,0.9117,0.0162
flow,16,4,3,0.0095,0.0003,knn,knn,2000,12000,0.6200,0.0008,0.6256,0.0007,0.6227,0.0008,0.1454,0.0194,0.0338,0.0021,0.0546,0.0013,0.3401,0.0009
flow,16,4,3,0.0095,0.0003,altered_knn,altered_knn,2000,8000,0.8288,0.0015,0.8359,0.0014,0.8405,0.0031,0.0397,0.0048,0.0846,0.0204,0.0535,0.0081,0.4447,0.0043
flow,16,4,3,0.0095,0.0003,quadratic,quadratic,2000,12000,0.9568,0.0030,0.9612,0.0031,0.9595,0.0030,0.7618,0.0074,0.4973,0.0095,0.6017,0.0061,0.7814,0.0039
flow,16,4,3,0.0095,0.0003,polar3,polar,2000,12000,0.9532,0.0014,0.9557,0.0013,0.9590,0.0012,0.4056,0.0159,0.6958,0.0046,0.5123,0.0138,0.7340,0.0070
flow,16,4,3,0.0095,0.0003,knn,knn,5000,30000,0.6314,0.0013,0.6372,0.0013,0.6342,0.0016,0.1690,0.0082,0.0334,0.0073,0.0555,0.0105,0.3464,0.0057
flow,16,4,3,0.0095,0.0003,altered_knn,altered_knn,5000,20000,0.8226,0.0178,0.8291,0.0186,0.8442,0.0033,0.0319,0.0037,0.1337,0.0925,0.0466,0.0016,0.4379,0.0087
flow,16,4,3,0.0095,0.0003,quadratic,quadratic,5000,30000,0.9649,0.0029,0.9693,0.0029,0.9675,0.0029,0.8060,0.0078,0.5000,0.0044,0.6171,0.0025,0.7932,0.0015
flow,16,4,3,0.0095,0.0003,polar3,polar,5000,30000,0.9745,0.0025,0.9768,0.0025,0.9794,0.0019,0.4768,0.0477,0.7362,0.0034,0.5775,0.0365,0.7771,0.0193
flow,16,4,3,0.0095,0.0003,knn,knn,10000,60000,0.6429,0.0012,0.6488,0.0015,0.6455,0.0010,0.1887,0.0082,0.0336,0.0060,0.0569,0.0091,0.3528,0.0039
flow,16,4,3,0.0095,0.0003,altered_knn,altered_knn,10000,40000,0.8409,0.0024,0.8487,0.0028,0.8483,0.0021,0.0280,0.0048,0.0256,0.0144,0.0253,0.0086,0.4370,0.0032
flow,16,4,3,0.0095,0.0003,quadratic,quadratic,10000,60000,0.9681,0.0039,0.9725,0.0039,0.9707,0.0039,0.8319,0.0085,0.4997,0.0024,0.6243,0.0039,0.7984,0.0038
flow,16,4,3,0.0095,0.0003,polar3,polar,10000,60000,0.9792,0.0023,0.9815,0.0023,0.9840,0.0018,0.4857,0.0398,0.7373,0.0031,0.5847,0.0299,0.7831,0.0158
flow,16,4,3,0.0095,0.0003,knn,knn,15000,90000,0.6473,0.0013,0.6532,0.0015,0.6498,0.0013,0.1907,0.0058,0.0294,0.0032,0.0509,0.0049,0.3521,0.0026
flow,16,4,3,0.0095,0.0003,altered_knn,altered_knn,15000,60000,0.8385,0.0035,0.8461,0.0039,0.8491,0.0017,0.0297,0.0011,0.0524,0.0183,0.0369,0.0064,0.4415,0.0014
flow,16,4,3,0.0095,0.0003,quadratic,quadratic,15000,90000,0.9688,0.0036,0.9733,0.0036,0.9714,0.0036,0.8332,0.0104,0.4987,0.0035,0.6239,0.0048,0.7986,0.0042
flow,16,4,3,0.0095,0.0003,polar3,polar,15000,90000,0.9804,0.0021,0.9827,0.0021,0.9852,0.0016,0.4876,0.0428,0.7384,0.0040,0.5864,0.0330,0.7845,0.0174
flow,16,4,3,0.0095,0.0003,knn,knn,20000,120000,0.6511,0.0029,0.6570,0.0030,0.6538,0.0030,0.2033,0.0124,0.0290,0.0053,0.0506,0.0085,0.3538,0.0046
flow,16,4,3,0.0095,0.0003,altered_knn,altered_knn,20000,80000,0.8235,0.0174,0.8300,0.0184,0.8463,0.0028,0.0258,0.0039,0.1356,0.1012,0.0383,0.0147,0.4342,0.0054
flow,16,4,3,0.0095,0.0003,quadratic,quadratic,20000,120000,0.9695,0.0036,0.9740,0.0036,0.9721,0.0036,0.8408,0.0107,0.5021,0.0064,0.6287,0.0067,0.8013,0.0051
flow,16,4,3,0.0095,0.0003,polar3,polar,20000,120000,0.9814,0.0017,0.9837,0.0016,0.9859,0.0014,0.5021,0.0298,0.7374,0.0040,0.5970,0.0223,0.7903,0.0117
flow,16,8,3,0.0101,0.0005,knn,knn,2000,24000,0.4923,0.0031,0.4965,0.0031,0.4953,0.0027,0.0836,0.0133,0.0814,0.0025,0.0819,0.0067,0.2892,0.0040
flow,16,8,3,0.0101,0.0005,altered_knn,altered_knn,2000,16000,0.7645,0.0153,0.7707,0.0165,0.7846,0.0038,0.0372,0.0038,0.1551,0.1005,0.0553,0.0020,0.4130,0.0074
flow,16,8,3,0.0101,0.0005,quadratic,quadratic,2000,24000,0.9260,0.0024,0.9302,0.0025,0.9295,0.0024,0.5993,0.0155,0.5085,0.0116,0.5499,0.0055,0.7401,0.0038
flow,16,8,3,0.0101,0.0005,polar3,polar,2000,24000,0.9432,0.0022,0.9465,0.0020,0.9465,0.0021,0.6189,0.0056,0.6223,0.0195,0.6205,0.0126,0.7835,0.0068
flow,16,8,3,0.0101,0.0005,knn,knn,5000,60000,0.5080,0.0030,0.5124,0.0031,0.5112,0.0028,0.0882,0.0082,0.0760,0.0005,0.0815,0.0036,0.2969,0.0031
flow,16,8,3,0.0101,0.0005,altered_knn,altered_knn,5000,40000,0.7613,0.0285,0.7674,0.0305,0.7877,0.0055,0.0355,0.0100,0.1667,0.1571,0.0428,0.0065,0.4051,0.0138
flow,16,8,3,0.0101,0.0005,quadratic,quadratic,5000,60000,0.9348,0.0023,0.9391,0.0024,0.9383,0.0023,0.6215,0.0186,0.5129,0.0122,0.5617,0.0050,0.7504,0.0036
flow,16,8,3,0.0101,0.0005,polar3,polar,5000,60000,0.9613,0.0015,0.9648,0.0012,0.9644,0.0014,0.6712,0.0098,0.6282,0.0198,0.6487,0.0092,0.8067,0.0051
flow,16,8,3,0.0101,0.0005,knn,knn,10000,120000,0.5217,0.0034,0.5262,0.0035,0.5249,0.0031,0.1040,0.0069,0.0773,0.0012,0.0886,0.0019,0.3074,0.0027
flow,16,8,3,0.0101,0.0005,altered_knn,altered_knn,10000,80000,0.7727,0.0142,0.7792,0.0151,0.7915,0.0031,0.0365,0.0067,0.1280,0.0970,0.0485,0.0057,0.4138,0.0047
flow,16,8,3,0.0101,0.0005,quadratic,quadratic,10000,120000,0.9376,0.0021,0.9419,0.0022,0.9410,0.0021,0.6345,0.0175,0.5170,0.0161,0.5693,0.0061,0.7556,0.0038
flow,16,8,3,0.0101,0.0005,polar3,polar,10000,120000,0.9669,0.0010,0.9704,0.0007,0.9699,0.0009,0.7017,0.0124,0.6267,0.0176,0.6618,0.0075,0.8161,0.0039
flow,16,8,3,0.0101,0.0005,knn,knn,15000,180000,0.5282,0.0037,0.5329,0.0039,0.5314,0.0036,0.1120,0.0065,0.0751,0.0030,0.0897,0.0009,0.3113,0.0016
flow,16,8,3,0.0101,0.0005,altered_knn,altered_knn,15000,120000,0.7840,0.0007,0.7915,0.0003,0.7930,0.0023,0.0409,0.0048,0.0539,0.0131,0.0451,0.0015,0.4183,0.0009
flow,16,8,3,0.0101,0.0005,quadratic,quadratic,15000,180000,0.9387,0.0021,0.9430,0.0022,0.9421,0.0021,0.6440,0.0213,0.5174,0.0159,0.5733,0.0061,0.7582,0.0040
flow,16,8,3,0.0101,0.0005,polar3,polar,15000,180000,0.9690,0.0009,0.9725,0.0006,0.9718,0.0007,0.7162,0.0058,0.6269,0.0178,0.6684,0.0089,0.8204,0.0047
flow,16,8,3,0.0101,0.0005,knn,knn,20000,240000,0.5333,0.0035,0.5380,0.0037,0.5365,0.0034,0.1165,0.0099,0.0746,0.0010,0.0908,0.0029,0.3144,0.0027
flow,16,8,3,0.0101,0.0005,altered_knn,altered_knn,20000,160000,0.7734,0.0120,0.7799,0.0130,0.7936,0.0024,0.0332,0.0037,0.1380,0.0786,0.0490,0.0034,0.4145,0.0055
flow,16,8,3,0.0101,0.0005,quadratic,quadratic,20000,240000,0.9419,0.0025,0.9463,0.0025,0.9451,0.0024,0.6822,0.0217,0.5093,0.0161,0.5827,0.0076,0.7645,0.0048
flow,16,8,3,0.0101,0.0005,polar3,polar,20000,240000,0.9706,0.0009,0.9741,0.0006,0.9733,0.0008,0.7624,0.0084,0.6327,0.0163,0.6913,0.0071,0.8327,0.0037
flow,16,16,3,0.0112,0.0002,knn,knn,2000,48000,0.3943,0.0014,0.3973,0.0014,0.3984,0.0011,0.0540,0.0048,0.1278,0.0028,0.0758,0.0052,0.2366,0.0033
flow,16,16,3,0.0112,0.0002,altered_knn,altered_knn,2000,32000,0.7209,0.0072,0.7268,0.0080,0.7441,0.0019,0.0417,0.0046,0.2027,0.0694,0.0674,0.0048,0.3971,0.0054
flow,16,16,3,0.0112,0.0002,quadratic,quadratic,2000,48000,0.9074,0.0038,0.9121,0.0037,0.9124,0.0038,0.4575,0.0095,0.4850,0.0067,0.4708,0.0076,0.6915,0.0049
flow,16,16,3,0.0112,0.0002,polar3,polar,2000,48000,0.9328,0.0026,0.9374,0.0025,0.9364,0.0025,0.6510,0.0084,0.5290,0.0070,0.5837,0.0074,0.7606,0.0049
flow,16,16,3,0.0112,0.0002,knn,knn,5000,120000,0.4156,0.0041,0.4189,0.0041,0.4199,0.0042,0.0621,0.0038,0.1271,0.0022,0.0834,0.0033,0.2511,0.0034
flow,16,16,3,0.0112,0.0002,altered_knn,altered_knn,5000,80000,0.7158,0.0278,0.7216,0.0303,0.7441,0.0018,0.0389,0.0063,0.2073,0.1974,0.0504,0.0158,0.3860,0.0139
flow,16,16,3,0.0112,0.0002,quadratic,quadratic,5000,120000,0.9154,0.0044,0.9201,0.0044,0.9203,0.0045,0.4759,0.0100,0.4924,0.0048,0.4840,0.0072,0.7021,0.0051
flow,16,16,3,0.0112,0.0002,polar3,polar,5000,120000,0.9470,0.0027,0.9517,0.0026,0.9504,0.0027,0.7030,0.0044,0.5275,0.0066,0.6027,0.0050,0.7772,0.0038
flow,16,16,3,0.0112,0.0002,knn,knn,10000,240000,0.4325,0.0032,0.4360,0.0033,0.4367,0.0033,0.0701,0.0030,0.1220,0.0009,0.0890,0.0025,0.2625,0.0024
flow,16,16,3,0.0112,0.0002,altered_knn,altered_knn,10000,160000,0.6955,0.0314,0.6995,0.0337,0.7437,0.0065,0.0341,0.0069,0.3496,0.1745,0.0572,0.0032,0.3783,0.0184
flow,16,16,3,0.0112,0.0002,quadratic,quadratic,10000,240000,0.9219,0.0046,0.9268,0.0046,0.9264,0.0047,0.5313,0.0101,0.4878,0.0048,0.5086,0.0065,0.7177,0.0050
flow,16,16,3,0.0112,0.0002,polar3,polar,10000,240000,0.9535,0.0020,0.9583,0.0019,0.9568,0.0019,0.7315,0.0041,0.5310,0.0080,0.6153,0.0068,0.7868,0.0044
flow,16,16,3,0.0112,0.0002,knn,knn,15000,360000,0.4417,0.0029,0.4453,0.0029,0.4460,0.0029,0.0733,0.0030,0.1223,0.0016,0.0916,0.0022,0.2684,0.0022
flow,16,16,3,0.0112,0.0002,altered_knn,altered_knn,15000,240000,0.7356,0.0033,0.7423,0.0033,0.7522,0.0023,0.0414,0.0008,0.1368,0.0167,0.0633,0.0011,0.4028,0.0015
flow,16,16,3,0.0112,0.0002,quadratic,quadratic,15000,360000,0.9322,0.0041,0.9375,0.0041,0.9361,0.0041,0.6325,0.0078,0.4689,0.0048,0.5385,0.0052,0.7380,0.0046
flow,16,16,3,0.0112,0.0002,polar3,polar,15000,360000,0.9569,0.0019,0.9616,0.0018,0.9601,0.0018,0.7470,0.0067,0.5385,0.0078,0.6258,0.0059,0.7937,0.0039
flow,16,16,3,0.0112,0.0002,knn,knn,20000,480000,0.4475,0.0026,0.4512,0.0027,0.4520,0.0027,0.0737,0.0006,0.1203,0.0035,0.0914,0.0014,0.2713,0.0009
flow,16,16,3,0.0112,0.0002,altered_knn,altered_knn,20000,320000,0.7203,0.0272,0.7258,0.0292,0.7500,0.0062,0.0387,0.0055,0.2285,0.1513,0.0614,0.0024,0.3936,0.0158
flow,16,16,3,0.0112,0.0002,quadratic,quadratic,20000,480000,0.9381,0.0036,0.9435,0.0036,0.9418,0.0036,0.6859,0.0092,0.4637,0.0049,0.5534,0.0058,0.7484,0.0046
flow,16,16,3,0.0112,0.0002,polar3,polar,20000,480000,0.9583,0.0017,0.9630,0.0016,0.9615,0.0017,0.7516,0.0063,0.5433,0.0082,0.6306,0.0042,0.7968,0.0029
flow,32,2,3,0.0082,0.0000,knn,knn,2000,6000,0.7429,0.0048,0.7490,0.0048,0.7454,0.0049,0.0684,0.0189,0.0045,0.0015,0.0083,0.0028,0.3787,0.0037
flow,32,2,3,0.0082,0.0000,altered_knn,altered_knn,2000,4000,0.7238,0.1359,0.7269,0.1387,0.8074,0.0836,0.0146,0.0023,0.3470,0.2039,0.0274,0.0036,0.3772,0.0712
flow,32,2,3,0.0082,0.0000,quadratic,quadratic,2000,6000,0.9591,0.0009,0.9639,0.0008,0.9629,0.0008,0.5043,0.0337,0.3814,0.0149,0.4338,0.0172,0.6988,0.0090
flow,32,2,3,0.0082,0.0000,polar3,polar,2000,6000,0.9681,0.0010,0.9707,0.0009,0.9699,0.0009,0.8146,0.0129,0.6553,0.0146,0.7261,0.0079,0.8484,0.0044
flow,32,2,3,0.0082,0.0000,knn,knn,5000,15000,0.7543,0.0051,0.7606,0.0051,0.7569,0.0051,0.0955,0.0413,0.0045,0.0021,0.0085,0.0040,0.3845,0.0037
flow,32,2,3,0.0082,0.0000,altered_knn,altered_knn,5000,10000,0.8494,0.0178,0.8554,0.0185,0.8847,0.0045,0.0123,0.0040,0.1257,0.0727,0.0221,0.0082,0.4387,0.0053
flow,32,2,3,0.0082,0.0000,quadratic,quadratic,5000,15000,0.9736,0.0002,0.9787,0.0001,0.9767,0.0001,0.6926,0.0132,0.3592,0.0082,0.4729,0.0081,0.7258,0.0041
flow,32,2,3,0.0082,0.0000,polar3,polar,5000,15000,0.9863,0.0001,0.9878,0.0001,0.9874,0.0001,0.8840,0.0131,0.8081,0.0015,0.8443,0.0064,0.9160,0.0032
flow,32,2,3,0.0082,0.0000,knn,knn,10000,30000,0.7592,0.0026,0.7655,0.0026,0.7615,0.0026,0.1540,0.0587,0.0048,0.0017,0.0094,0.0033,0.3875,0.0009
flow,32,2,3,0.0082,0.0000,altered_knn,altered_knn,10000,20000,0.7260,0.1012,0.7286,0.1035,0.8227,0.0590,0.0148,0.0019,0.4105,0.1728,0.0282,0.0029,0.3784,0.0532
flow,32,2,3,0.0082,0.0000,quadratic,quadratic,10000,30000,0.9804,0.0002,0.9854,0.0002,0.9834,0.0002,0.7710,0.0187,0.3778,0.0095,0.5071,0.0122,0.7463,0.0061
flow,32,2,3,0.0082,0.0000,polar3,polar,10000,30000,0.9924,0.0004,0.9933,0.0004,0.9934,0.0005,0.8758,0.0080,0.8772,0.0129,0.8765,0.0098,0.9349,0.0048
flow,32,2,3,0.0082,0.0000,knn,knn,15000,45000,0.7641,0.0022,0.7704,0.0022,0.7664,0.0022,0.1388,0.0364,0.0049,0.0020,0.0094,0.0038,0.3899,0.0028
flow,32,2,3,0.0082,0.0000,altered_knn,altered_knn,15000,30000,0.8527,0.0017,0.8585,0.0018,0.8913,0.0010,0.0162,0.0006,0.1604,0.0091,0.0295,0.0010,0.4440,0.0005
flow,32,2,3,0.0082,0.0000,quadratic,quadratic,15000,45000,0.9828,0.0001,0.9879,0.0001,0.9857,0.0000,0.7953,0.0209,0.3726,0.0165,0.5074,0.0194,0.7477,0.0097
flow,32,2,3,0.0082,0.0000,polar3,polar,15000,45000,0.9932,0.0008,0.9941,0.0007,0.9942,0.0008,0.8665,0.0047,0.8865,0.0107,0.8764,0.0066,0.9353,0.0033
flow,32,2,3,0.0082,0.0000,knn,knn,20000,60000,0.7669,0.0026,0.7733,0.0026,0.7694,0.0027,0.0746,0.0365,0.0020,0.0011,0.0039,0.0022,0.3886,0.0019
flow,32,2,3,0.0082,0.0000,altered_knn,altered_knn,20000,40000,0.7685,0.0491,0.7718,0.0504,0.8537,0.0233,0.0155,0.0014,0.3661,0.1020,0.0296,0.0020,0.4007,0.0262
flow,32,2,3,0.0082,0.0000,quadratic,quadratic,20000,60000,0.9847,0.0002,0.9897,0.0001,0.9875,0.0001,0.8202,0.0059,0.3778,0.0057,0.5173,0.0061,0.7535,0.0031
flow,32,2,3,0.0082,0.0000,polar3,polar,20000,60000,0.9937,0.0007,0.9946,0.0007,0.9947,0.0007,0.8645,0.0021,0.8917,0.0081,0.8779,0.0036,0.9362,0.0019
flow,32,4,3,0.0097,0.0003,knn,knn,2000,12000,0.5626,0.0015,0.5679,0.0016,0.5646,0.0017,0.0732,0.0101,0.0166,0.0021,0.0271,0.0035,0.2975,0.0012
flow,32,4,3,0.0097,0.0003,altered_knn,altered_knn,2000,8000,0.6749,0.1107,0.6780,0.1140,0.7547,0.0566,0.0204,0.0062,0.3664,0.2334,0.0349,0.0064,0.3565,0.0602
flow,32,4,3,0.0097,0.0003,quadratic,quadratic,2000,12000,0.9271,0.0014,0.9323,0.0012,0.9309,0.0013,0.5741,0.0072,0.3958,0.0149,0.4684,0.0126,0.7004,0.0069
flow,32,4,3,0.0097,0.0003,polar3,polar,2000,12000,0.9347,0.0014,0.9377,0.0015,0.9364,0.0014,0.8749,0.0061,0.6254,0.0046,0.7294,0.0025,0.8335,0.0005
flow,32,4,3,0.0097,0.0003,knn,knn,5000,30000,0.5787,0.0008,0.5842,0.0006,0.5811,0.0008,0.0750,0.0120,0.0121,0.0016,0.0209,0.0027,0.3025,0.0017
flow,32,4,3,0.0097,0.0003,altered_knn,altered_knn,5000,20000,0.8079,0.0063,0.8150,0.0069,0.8222,0.0005,0.0288,0.0024,0.0769,0.0454,0.0380,0.0061,0.4265,0.0023
flow,32,4,3,0.0097,0.0003,quadratic,quadratic,5000,30000,0.9513,0.0005,0.9566,0.0005,0.9546,0.0005,0.7172,0.0061,0.4053,0.0111,0.5179,0.0105,0.7372,0.0055
flow,32,4,3,0.0097,0.0003,polar3,polar,5000,30000,0.9693,0.0007,0.9716,0.0007,0.9706,0.0007,0.9264,0.0038,0.7282,0.0017,0.8155,0.0015,0.8935,0.0010
flow,32,4,3,0.0097,0.0003,knn,knn,10000,60000,0.5876,0.0031,0.5932,0.0029,0.5897,0.0031,0.0779,0.0171,0.0118,0.0030,0.0205,0.0051,0.3068,0.0038
flow,32,4,3,0.0097,0.0003,altered_knn,altered_knn,10000,40000,0.7616,0.0342,0.7661,0.0353,0.8155,0.0114,0.0229,0.0025,0.2918,0.1009,0.0417,0.0031,0.4039,0.0191
flow,32,4,3,0.0097,0.0003,quadratic,quadratic,10000,60000,0.9618,0.0012,0.9672,0.0014,0.9651,0.0013,0.7551,0.0160,0.4071,0.0049,0.5289,0.0050,0.7481,0.0020
flow,32,4,3,0.0097,0.0003,polar3,polar,10000,60000,0.9810,0.0010,0.9832,0.0010,0.9823,0.0010,0.9346,0.0014,0.7540,0.0069,0.8346,0.0045,0.9089,0.0027
flow,32,4,3,0.0097,0.0003,knn,knn,15000,90000,0.5938,0.0035,0.5995,0.0034,0.5960,0.0035,0.0822,0.0085,0.0109,0.0010,0.0192,0.0018,0.3093,0.0017
flow,32,4,3,0.0097,0.0003,altered_knn,altered_knn,15000,60000,0.8203,0.0036,0.8276,0.0040,0.8321,0.0008,0.0319,0.0028,0.0643,0.0309,0.0398,0.0036,0.4337,0.0004
flow,32,4,3,0.0097,0.0003,quadratic,quadratic,15000,90000,0.9654,0.0012,0.9708,0.0014,0.9686,0.0013,0.7693,0.0113,0.4098,0.0013,0.5348,0.0035,0.7528,0.0011
flow,32,4,3,0.0097,0.0003,polar3,polar,15000,90000,0.9837,0.0002,0.9859,0.0003,0.9850,0.0002,0.9362,0.0043,0.7565,0.0033,0.8368,0.0038,0.9114,0.0020
flow,32,4,3,0.0097,0.0003,knn,knn,20000,120000,0.5977,0.0023,0.6034,0.0021,0.5999,0.0023,0.0923,0.0062,0.0104,0.0010,0.0187,0.0018,0.3110,0.0019
flow,32,4,3,0.0097,0.0003,altered_knn,altered_knn,20000,80000,0.8007,0.0217,0.8070,0.0230,0.8292,0.0044,0.0267,0.0025,0.1632,0.1113,0.0404,0.0062,0.4237,0.0097
flow,32,4,3,0.0097,0.0003,quadratic,quadratic,20000,120000,0.9673,0.0011,0.9727,0.0013,0.9705,0.0013,0.7788,0.0145,0.4082,0.0012,0.5356,0.0044,0.7542,0.0021
flow,32,4,3,0.0097,0.0003,polar3,polar,20000,120000,0.9842,0.0009,0.9864,0.0010,0.9855,0.0009,0.9361,0.0026,0.7592,0.0072,0.8384,0.0046,0.9124,0.0027
flow,32,8,3,0.0099,0.0003,knn,knn,2000,24000,0.4272,0.0023,0.4311,0.0024,0.4289,0.0025,0.0516,0.0024,0.0361,0.0012,0.0424,0.0015,0.2368,0.0019
flow,32,8,3,0.0099,0.0003,altered_knn,altered_knn,2000,16000,0.7327,0.0009,0.7386,0.0011,0.7517,0.0012,0.0300,0.0011,0.1349,0.0203,0.0490,0.0029,0.3938,0.0009
flow,32,8,3,0.0099,0.0003,quadratic,quadratic,2000,24000,0.8981,0.0008,0.9026,0.0009,0.9022,0.0009,0.4943,0.0023,0.4514,0.0066,0.4719,0.0044,0.6872,0.0019
flow,32,8,3,0.0099,0.0003,polar3,polar,2000,24000,0.9270,0.0016,0.9301,0.0017,0.9288,0.0016,0.8626,0.0059,0.6086,0.0113,0.7136,0.0058,0.8219,0.0026
flow,32,8,3,0.0099,0.0003,knn,knn,5000,60000,0.4423,0.0020,0.4464,0.0020,0.4442,0.0023,0.0611,0.0052,0.0362,0.0017,0.0454,0.0028,0.2459,0.0009
flow,32,8,3,0.0099,0.0003,altered_knn,altered_knn,5000,40000,0.7583,0.0046,0.7648,0.0051,0.7709,0.0015,0.0430,0.0044,0.1080,0.0313,0.0597,0.0025,0.4123,0.0026
flow,32,8,3,0.0099,0.0003,quadratic,quadratic,5000,60000,0.9292,0.0019,0.9338,0.0019,0.9328,0.0019,0.5940,0.0127,0.4640,0.0062,0.5210,0.0075,0.7274,0.0046
flow,32,8,3,0.0099,0.0003,polar3,polar,5000,60000,0.9591,0.0017,0.9623,0.0019,0.9609,0.0018,0.9069,0.0100,0.6452,0.0090,0.7538,0.0026,0.8581,0.0012
flow,32,8,3,0.0099,0.0003,knn,knn,10000,120000,0.4551,0.0004,0.4594,0.0003,0.4573,0.0003,0.0634,0.0046,0.0299,0.0023,0.0407,0.0031,0.2500,0.0014
flow,32,8,3,0.0099,0.0003,altered_knn,altered_knn,10000,80000,0.7679,0.0009,0.7747,0.0011,0.7787,0.0006,0.0441,0.0019,0.0897,0.0089,0.0590,0.0027,0.4169,0.0014
flow,32,8,3,0.0099,0.0003,quadratic,quadratic,10000,120000,0.9409,0.0026,0.9456,0.0026,0.9444,0.0026,0.6287,0.0105,0.4698,0.0098,0.5378,0.0096,0.7417,0.0060
flow,32,8,3,0.0099,0.0003,polar3,polar,10000,120000,0.9689,0.0022,0.9721,0.0022,0.9707,0.0022,0.9130,0.0101,0.6504,0.0184,0.7593,0.0088,0.8657,0.0046
flow,32,8,3,0.0099,0.0003,knn,knn,15000,180000,0.4605,0.0002,0.4648,0.0001,0.4625,0.0004,0.0696,0.0092,0.0312,0.0029,0.0431,0.0046,0.2539,0.0022
flow,32,8,3,0.0099,0.0003,altered_knn,altered_knn,15000,120000,0.7661,0.0075,0.7725,0.0083,0.7811,0.0010,0.0393,0.0047,0.1182,0.0599,0.0550,0.0042,0.4138,0.0041
flow,32,8,3,0.0099,0.0003,quadratic,quadratic,15000,180000,0.9450,0.0027,0.9497,0.0027,0.9485,0.0027,0.6463,0.0100,0.4700,0.0106,0.5442,0.0094,0.7470,0.0060
flow,32,8,3,0.0099,0.0003,polar3,polar,15000,180000,0.9705,0.0029,0.9736,0.0029,0.9723,0.0029,0.9157,0.0098,0.6518,0.0162,0.7613,0.0075,0.8675,0.0043
flow,32,8,3,0.0099,0.0003,knn,knn,20000,240000,0.4629,0.0020,0.4672,0.0020,0.4647,0.0024,0.0663,0.0027,0.0282,0.0012,0.0396,0.0017,0.2534,0.0017
flow,32,8,3,0.0099,0.0003,altered_knn,altered_knn,20000,160000,0.7678,0.0073,0.7744,0.0080,0.7816,0.0012,0.0403,0.0042,0.1094,0.0574,0.0548,0.0034,0.4146,0.0023
flow,32,8,3,0.0099,0.0003,quadratic,quadratic,20000,240000,0.9499,0.0029,0.9548,0.0029,0.9531,0.0029,0.7081,0.0095,0.4611,0.0124,0.5584,0.0106,0.7566,0.0066
flow,32,8,3,0.0099,0.0003,polar3,polar,20000,240000,0.9714,0.0022,0.9745,0.0023,0.9732,0.0023,0.9145,0.0062,0.6551,0.0145,0.7632,0.0079,0.8689,0.0041
flow,32,16,3,0.0097,0.0001,knn,knn,2000,48000,0.3225,0.0028,0.3250,0.0029,0.3234,0.0030,0.0399,0.0005,0.0630,0.0016,0.0488,0.0008,0.1869,0.0017
flow,32,16,3,0.0097,0.0001,altered_knn,altered_knn,2000,32000,0.6964,0.0107,0.7020,0.0118,0.7100,0.0018,0.0457,0.0096,0.1284,0.0969,0.0540,0.0095,0.3780,0.0040
flow,32,16,3,0.0097,0.0001,quadratic,quadratic,2000,48000,0.8732,0.0014,0.8770,0.0014,0.8783,0.0015,0.3666,0.0041,0.4850,0.0094,0.4175,0.0060,0.6473,0.0034
flow,32,16,3,0.0097,0.0001,polar3,polar,2000,48000,0.9170,0.0006,0.9203,0.0007,0.9190,0.0007,0.8316,0.0040,0.5835,0.0115,0.6858,0.0093,0.8030,0.0045
flow,32,16,3,0.0097,0.0001,knn,knn,5000,120000,0.3375,0.0027,0.3403,0.0027,0.3386,0.0029,0.0430,0.0008,0.0581,0.0021,0.0494,0.0012,0.1948,0.0019
flow,32,16,3,0.0097,0.0001,altered_knn,altered_knn,5000,80000,0.7165,0.0021,0.7225,0.0024,0.7268,0.0029,0.0530,0.0066,0.1092,0.0496,0.0661,0.0060,0.3943,0.0030
flow,32,16,3,0.0097,0.0001,quadratic,quadratic,5000,120000,0.9055,0.0022,0.9095,0.0022,0.9102,0.0022,0.4279,0.0042,0.5055,0.0116,0.4635,0.0073,0.6865,0.0040
flow,32,16,3,0.0097,0.0001,polar3,polar,5000,120000,0.9419,0.0020,0.9453,0.0021,0.9439,0.0021,0.8586,0.0058,0.5884,0.0130,0.6982,0.0111,0.8218,0.0051
flow,32,16,3,0.0097,0.0001,knn,knn,10000,240000,0.3496,0.0020,0.3525,0.0020,0.3509,0.0020,0.0482,0.0024,0.0537,0.0030,0.0508,0.0026,0.2016,0.0023
flow,32,16,3,0.0097,0.0001,altered_knn,altered_knn,10000,160000,0.7155,0.0085,0.7208,0.0095,0.7334,0.0026,0.0435,0.0056,0.1780,0.1030,0.0645,0.0014,0.3926,0.0047
flow,32,16,3,0.0097,0.0001,quadratic,quadratic,10000,240000,0.9216,0.0032,0.9257,0.0032,0.9255,0.0032,0.5165,0.0076,0.5027,0.0152,0.5095,0.0115,0.7176,0.0063
flow,32,16,3,0.0097,0.0001,polar3,polar,10000,240000,0.9507,0.0018,0.9543,0.0018,0.9528,0.0018,0.8624,0.0053,0.5894,0.0150,0.7002,0.0123,0.8272,0.0065
flow,32,16,3,0.0097,0.0001,knn,knn,15000,360000,0.3548,0.0023,0.3577,0.0024,0.3560,0.0023,0.0507,0.0010,0.0545,0.0013,0.0525,0.0009,0.2051,0.0013
flow,32,16,3,0.0097,0.0001,altered_knn,altered_knn,15000,240000,0.7136,0.0127,0.7185,0.0138,0.7349,0.0018,0.0410,0.0061,0.2082,0.1055,0.0638,0.0030,0.3912,0.0079
flow,32,16,3,0.0097,0.0001,quadratic,quadratic,15000,360000,0.9346,0.0031,0.9391,0.0031,0.9377,0.0031,0.6748,0.0081,0.4786,0.0125,0.5600,0.0114,0.7495,0.0058
flow,32,16,3,0.0097,0.0001,polar3,polar,15000,360000,0.9531,0.0020,0.9566,0.0018,0.9551,0.0019,0.8671,0.0056,0.5968,0.0145,0.7069,0.0120,0.8317,0.0069
flow,32,16,3,0.0097,0.0001,knn,knn,20000,480000,0.3588,0.0033,0.3618,0.0034,0.3602,0.0034,0.0515,0.0022,0.0520,0.0024,0.0518,0.0023,0.2068,0.0009
flow,32,16,3,0.0097,0.0001,altered_knn,altered_knn,20000,320000,0.7199,0.0017,0.7255,0.0021,0.7351,0.0023,0.0400,0.0026,0.1445,0.0423,0.0613,0.0032,0.3934,0.0008
flow,32,16,3,0.0097,0.0001,quadratic,quadratic,20000,480000,0.9419,0.0027,0.9465,0.0027,0.9448,0.0027,0.7568,0.0047,0.4734,0.0115,0.5824,0.0101,0.7645,0.0053
flow,32,16,3,0.0097,0.0001,polar3,polar,20000,480000,0.9551,0.0019,0.9585,0.0021,0.9573,0.0020,0.8182,0.0089,0.6094,0.0145,0.6985,0.0121,0.8285,0.0055
flow,64,2,3,0.0083,0.0003,knn,knn,2000,6000,0.6994,0.0010,0.7052,0.0012,0.7015,0.0012,0.0449,0.0241,0.0044,0.0024,0.0080,0.0043,0.3566,0.0022
flow,64,2,3,0.0083,0.0003,altered_knn,altered_knn,2000,4000,0.7681,0.0086,0.7727,0.0087,0.8270,0.0047,0.0134,0.0004,0.2235,0.0198,0.0252,0.0008,0.3990,0.0039
flow,64,2,3,0.0083,0.0003,quadratic,quadratic,2000,6000,0.6738,0.0041,0.6766,0.0041,0.7474,0.0039,0.0148,0.0007,0.3492,0.0063,0.0283,0.0014,0.3525,0.0022
flow,64,2,3,0.0083,0.0003,polar3,polar,2000,6000,0.9522,0.0036,0.9558,0.0035,0.9548,0.0035,0.7093,0.0264,0.5205,0.0118,0.6003,0.0162,0.7781,0.0096
flow,64,2,3,0.0083,0.0003,knn,knn,5000,15000,0.7115,0.0014,0.7175,0.0013,0.7136,0.0013,0.0206,0.0174,0.0012,0.0010,0.0023,0.0019,0.3599,0.0013
flow,64,2,3,0.0083,0.0003,altered_knn,altered_knn,5000,10000,0.7816,0.0020,0.7863,0.0018,0.8404,0.0012,0.0137,0.0010,0.2246,0.0135,0.0258,0.0018,0.4061,0.0017
flow,64,2,3,0.0083,0.0003,quadratic,quadratic,5000,15000,0.9341,0.0013,0.9391,0.0010,0.9423,0.0012,0.1837,0.0045,0.3318,0.0147,0.2364,0.0068,0.5878,0.0035
flow,64,2,3,0.0083,0.0003,polar3,polar,5000,15000,0.9731,0.0012,0.9755,0.0011,0.9746,0.0012,0.8933,0.0030,0.6957,0.0036,0.7822,0.0032,0.8788,0.0021
flow,64,2,3,0.0083,0.0003,knn,knn,10000,30000,0.7196,0.0027,0.7256,0.0025,0.7217,0.0025,0.0613,0.0209,0.0032,0.0010,0.0060,0.0019,0.3658,0.0011
flow,64,2,3,0.0083,0.0003,altered_knn,altered_knn,10000,20000,0.7140,0.0708,0.7171,0.0727,0.8099,0.0358,0.0122,0.0007,0.3476,0.1368,0.0233,0.0008,0.3702,0.0367
flow,64,2,3,0.0083,0.0003,quadratic,quadratic,10000,30000,0.9594,0.0004,0.9646,0.0004,0.9641,0.0003,0.3844,0.0158,0.3365,0.0169,0.3588,0.0158,0.6617,0.0080
flow,64,2,3,0.0083,0.0003,polar3,polar,10000,30000,0.9850,0.0004,0.9863,0.0005,0.9860,0.0004,0.9055,0.0073,0.8296,0.0091,0.8659,0.0071,0.9261,0.0037
flow,64,2,3,0.0083,0.0003,knn,knn,15000,45000,0.7224,0.0013,0.7284,0.0015,0.7245,0.0016,0.0531,0.0337,0.0020,0.0012,0.0039,0.0023,0.3662,0.0009
flow,64,2,3,0.0083,0.0003,altered_knn,altered_knn,15000,30000,0.8159,0.0117,0.8213,0.0121,0.8633,0.0047,0.0135,0.0003,0.1710,0.0328,0.0249,0.0008,0.4231,0.0058
flow,64,2,3,0.0083,0.0003,quadratic,quadratic,15000,45000,0.9653,0.0003,0.9706,0.0001,0.9694,0.0002,0.4722,0.0099,0.3308,0.0095,0.3890,0.0091,0.6798,0.0045
flow,64,2,3,0.0083,0.0003,polar3,polar,15000,45000,0.9886,0.0007,0.9895,0.0007,0.9894,0.0007,0.8926,0.0111,0.8829,0.0088,0.8877,0.0039,0.9386,0.0023
flow,64,2,3,0.0083,0.0003,knn,knn,20000,60000,0.7245,0.0002,0.7305,0.0004,0.7263,0.0004,0.0541,0.0391,0.0020,0.0015,0.0038,0.0028,0.3672,0.0015
flow,64,2,3,0.0083,0.0003,altered_knn,altered_knn,20000,40000,0.8173,0.0118,0.8226,0.0123,0.8655,0.0050,0.0142,0.0005,0.1824,0.0293,0.0263,0.0006,0.4244,0.0064
flow,64,2,3,0.0083,0.0003,quadratic,quadratic,20000,60000,0.9710,0.0004,0.9764,0.0003,0.9748,0.0004,0.5190,0.0033,0.3224,0.0119,0.3976,0.0098,0.6870,0.0050
flow,64,2,3,0.0083,0.0003,polar3,polar,20000,60000,0.9912,0.0002,0.9921,0.0002,0.9920,0.0002,0.8930,0.0091,0.8897,0.0043,0.8913,0.0026,0.9417,0.0013
flow,64,4,3,0.0090,0.0002,knn,knn,2000,12000,0.5022,0.0026,0.5066,0.0025,0.5039,0.0028,0.0338,0.0032,0.0116,0.0009,0.0173,0.0014,0.2620,0.0017
flow,64,4,3,0.0090,0.0002,altered_knn,altered_knn,2000,8000,0.7399,0.0034,0.7463,0.0038,0.7504,0.0021,0.0182,0.0045,0.0376,0.0293,0.0197,0.0071,0.3830,0.0017
flow,64,4,3,0.0090,0.0002,quadratic,quadratic,2000,12000,0.7457,0.0024,0.7493,0.0025,0.7717,0.0023,0.0472,0.0006,0.3481,0.0112,0.0831,0.0012,0.4162,0.0006
flow,64,4,3,0.0090,0.0002,polar3,polar,2000,12000,0.9239,0.0039,0.9272,0.0038,0.9258,0.0039,0.8726,0.0081,0.5580,0.0169,0.6806,0.0140,0.8039,0.0069
flow,64,4,3,0.0090,0.0002,knn,knn,5000,30000,0.5180,0.0007,0.5226,0.0006,0.5199,0.0008,0.0302,0.0060,0.0085,0.0017,0.0132,0.0027,0.2679,0.0014
flow,64,4,3,0.0090,0.0002,altered_knn,altered_knn,5000,20000,0.7528,0.0055,0.7590,0.0057,0.7720,0.0012,0.0163,0.0028,0.0721,0.0122,0.0261,0.0032,0.3926,0.0044
flow,64,4,3,0.0090,0.0002,quadratic,quadratic,5000,30000,0.8977,0.0008,0.9026,0.0009,0.9038,0.0008,0.2811,0.0118,0.3598,0.0090,0.3156,0.0100,0.6091,0.0054
flow,64,4,3,0.0090,0.0002,polar3,polar,5000,30000,0.9514,0.0007,0.9539,0.0008,0.9529,0.0008,0.8937,0.0156,0.6788,0.0079,0.7715,0.0066,0.8627,0.0029
flow,64,4,3,0.0090,0.0002,knn,knn,10000,60000,0.5281,0.0016,0.5329,0.0015,0.5298,0.0014,0.0311,0.0080,0.0068,0.0017,0.0112,0.0028,0.2720,0.0013
flow,64,4,3,0.0090,0.0002,altered_knn,altered_knn,10000,40000,0.6795,0.0795,0.6831,0.0819,0.7535,0.0337,0.0150,0.0028,0.2918,0.1818,0.0264,0.0020,0.3548,0.0419
flow,64,4,3,0.0090,0.0002,quadratic,quadratic,10000,60000,0.9323,0.0010,0.9374,0.0010,0.9369,0.0010,0.4276,0.0170,0.3722,0.0107,0.3978,0.0107,0.6676,0.0048
flow,64,4,3,0.0090,0.0002,polar3,polar,10000,60000,0.9720,0.0005,0.9739,0.0003,0.9732,0.0004,0.8994,0.0153,0.7603,0.0151,0.8239,0.0118,0.8989,0.0059
flow,64,4,3,0.0090,0.0002,knn,knn,15000,90000,0.5327,0.0021,0.5375,0.0020,0.5343,0.0021,0.0332,0.0074,0.0065,0.0016,0.0109,0.0026,0.2742,0.0023
flow,64,4,3,0.0090,0.0002,altered_knn,altered_knn,15000,60000,0.7762,0.0067,0.7826,0.0070,0.7934,0.0008,0.0210,0.0031,0.0787,0.0223,0.0322,0.0027,0.4074,0.0047
flow,64,4,3,0.0090,0.0002,quadratic,quadratic,15000,90000,0.9430,0.0008,0.9483,0.0007,0.9473,0.0008,0.4682,0.0084,0.3622,0.0036,0.4084,0.0047,0.6784,0.0021
flow,64,4,3,0.0090,0.0002,polar3,polar,15000,90000,0.9782,0.0015,0.9800,0.0015,0.9794,0.0015,0.8960,0.0199,0.7794,0.0093,0.8335,0.0088,0.9067,0.0051
flow,64,4,3,0.0090,0.0002,knn,knn,20000,120000,0.5389,0.0016,0.5437,0.0016,0.5408,0.0016,0.0428,0.0144,0.0083,0.0029,0.0139,0.0049,0.2788,0.0030
flow,64,4,3,0.0090,0.0002,altered_knn,altered_knn,20000,80000,0.7594,0.0404,0.7650,0.0417,0.7923,0.0107,0.0182,0.0033,0.1323,0.1174,0.0283,0.0026,0.3967,0.0211
flow,64,4,3,0.0090,0.0002,quadratic,quadratic,20000,120000,0.9500,0.0014,0.9554,0.0012,0.9542,0.0013,0.5012,0.0014,0.3584,0.0155,0.4178,0.0101,0.6866,0.0052
flow,64,4,3,0.0090,0.0002,polar3,polar,20000,120000,0.9776,0.0031,0.9794,0.0030,0.9789,0.0030,0.8937,0.0193,0.7838,0.0163,0.8349,0.0109,0.9072,0.0069
flow,64,8,3,0.0084,0.0001,knn,knn,2000,24000,0.3614,0.0007,0.3643,0.0007,0.3623,0.0005,0.0239,0.0023,0.0246,0.0025,0.0242,0.0022,0.1942,0.0011
flow,64,8,3,0.0084,0.0001,altered_knn,altered_knn,2000,16000,0.6619,0.0161,0.6667,0.0167,0.6823,0.0018,0.0181,0.0039,0.1007,0.0620,0.0283,0.0055,0.3475,0.0095
flow,64,8,3,0.0084,0.0001,quadratic,quadratic,2000,24000,0.7281,0.0022,0.7312,0.0023,0.7435,0.0021,0.0747,0.0015,0.3654,0.0080,0.1241,0.0024,0.4276,0.0018
flow,64,8,3,0.0084,0.0001,polar3,polar,2000,24000,0.9044,0.0048,0.9067,0.0049,0.9060,0.0048,0.8266,0.0087,0.6307,0.0076,0.7154,0.0043,0.8111,0.0035
flow,64,8,3,0.0084,0.0001,knn,knn,5000,60000,0.3768,0.0001,0.3798,0.0002,0.3779,0.0001,0.0262,0.0012,0.0228,0.0018,0.0244,0.0015,0.2021,0.0007
flow,64,8,3,0.0084,0.0001,altered_knn,altered_knn,5000,40000,0.6677,0.0475,0.6720,0.0492,0.7024,0.0110,0.0207,0.0058,0.1624,0.1549,0.0305,0.0058,0.3513,0.0266
flow,64,8,3,0.0084,0.0001,quadratic,quadratic,5000,60000,0.8627,0.0011,0.8665,0.0011,0.8686,0.0011,0.2649,0.0041,0.4163,0.0112,0.3237,0.0062,0.5951,0.0034
flow,64,8,3,0.0084,0.0001,polar3,polar,5000,60000,0.9485,0.0002,0.9505,0.0003,0.9499,0.0002,0.8336,0.0124,0.7097,0.0090,0.7666,0.0037,0.8585,0.0020
flow,64,8,3,0.0084,0.0001,knn,knn,10000,120000,0.3875,0.0013,0.3906,0.0014,0.3884,0.0012,0.0303,0.0035,0.0224,0.0026,0.0257,0.0029,0.2082,0.0009
flow,64,8,3,0.0084,0.0001,altered_knn,altered_knn,10000,80000,0.7129,0.0090,0.7182,0.0094,0.7277,0.0019,0.0243,0.0053,0.0857,0.0300,0.0359,0.0044,0.3771,0.0068
flow,64,8,3,0.0084,0.0001,quadratic,quadratic,10000,120000,0.9041,0.0008,0.9081,0.0009,0.9088,0.0008,0.3636,0.0037,0.4316,0.0094,0.3946,0.0035,0.6513,0.0013
flow,64,8,3,0.0084,0.0001,polar3,polar,10000,120000,0.9629,0.0017,0.9649,0.0018,0.9645,0.0017,0.8292,0.0128,0.7267,0.0030,0.7745,0.0049,0.8697,0.0025
flow,64,8,3,0.0084,0.0001,knn,knn,15000,180000,0.3931,0.0012,0.3963,0.0012,0.3941,0.0011,0.0282,0.0013,0.0189,0.0009,0.0226,0.0011,0.2094,0.0003
flow,64,8,3,0.0084,0.0001,altered_knn,altered_knn,15000,120000,0.7287,0.0015,0.7344,0.0016,0.7373,0.0011,0.0248,0.0010,0.0474,0.0122,0.0322,0.0034,0.3833,0.0011
flow,64,8,3,0.0084,0.0001,quadratic,quadratic,15000,180000,0.9192,0.0008,0.9233,0.0008,0.9236,0.0008,0.4076,0.0044,0.4416,0.0040,0.4239,0.0037,0.6736,0.0017
flow,64,8,3,0.0084,0.0001,polar3,polar,15000,180000,0.9680,0.0010,0.9701,0.0011,0.9696,0.0010,0.8277,0.0116,0.7271,0.0045,0.7741,0.0037,0.8721,0.0021
flow,64,8,3,0.0084,0.0001,knn,knn,20000,240000,0.3982,0.0007,0.4015,0.0007,0.3994,0.0007,0.0282,0.0047,0.0186,0.0033,0.0224,0.0039,0.2119,0.0016
flow,64,8,3,0.0084,0.0001,altered_knn,altered_knn,20000,160000,0.7236,0.0065,0.7289,0.0067,0.7413,0.0011,0.0212,0.0047,0.0964,0.0226,0.0337,0.0042,0.3813,0.0053
flow,64,8,3,0.0084,0.0001,quadratic,quadratic,20000,240000,0.9306,0.0009,0.9348,0.0011,0.9344,0.0010,0.4858,0.0034,0.4302,0.0109,0.4563,0.0068,0.6955,0.0029
flow,64,8,3,0.0084,0.0001,polar3,polar,20000,240000,0.9691,0.0033,0.9711,0.0034,0.9706,0.0033,0.8266,0.0132,0.7314,0.0060,0.7760,0.0035,0.8735,0.0034
flow,64,16,3,0.0081,0.0002,knn,knn,2000,48000,0.2611,0.0005,0.2629,0.0005,0.2613,0.0005,0.0211,0.0012,0.0430,0.0004,0.0283,0.0012,0.1456,0.0007
flow,64,16,3,0.0081,0.0002,altered_knn,altered_knn,2000,32000,0.6198,0.0081,0.6241,0.0088,0.6352,0.0027,0.0195,0.0035,0.0898,0.0671,0.0268,0.0032,0.3255,0.0034
flow,64,16,3,0.0081,0.0002,quadratic,quadratic,2000,48000,0.7092,0.0009,0.7118,0.0008,0.7232,0.0007,0.0798,0.0014,0.3872,0.0069,0.1323,0.0020,0.4221,0.0007
flow,64,16,3,0.0081,0.0002,polar3,polar,2000,48000,0.8919,0.0054,0.8939,0.0054,0.8934,0.0054,0.7706,0.0103,0.6569,0.0028,0.7092,0.0028,0.8015,0.0013
flow,64,16,3,0.0081,0.0002,knn,knn,5000,120000,0.2746,0.0002,0.2765,0.0002,0.2749,0.0003,0.0210,0.0009,0.0382,0.0024,0.0271,0.0014,0.1518,0.0008
flow,64,16,3,0.0081,0.0002,altered_knn,altered_knn,5000,80000,0.6559,0.0021,0.6608,0.0023,0.6652,0.0025,0.0223,0.0056,0.0491,0.0288,0.0244,0.0061,0.3426,0.0022
flow,64,16,3,0.0081,0.0002,quadratic,quadratic,5000,120000,0.8367,0.0009,0.8398,0.0009,0.8441,0.0008,0.2023,0.0042,0.4531,0.0043,0.2797,0.0048,0.5598,0.0025
flow,64,16,3,0.0081,0.0002,polar3,polar,5000,120000,0.9319,0.0007,0.9340,0.0008,0.9335,0.0007,0.7901,0.0104,0.6745,0.0070,0.7276,0.0034,0.8308,0.0019
flow,64,16,3,0.0081,0.0002,knn,knn,10000,240000,0.2850,0.0004,0.2870,0.0003,0.2854,0.0004,0.0237,0.0014,0.0368,0.0015,0.0288,0.0015,0.1579,0.0008
flow,64,16,3,0.0081,0.0002,altered_knn,altered_knn,10000,160000,0.6753,0.0023,0.6803,0.0024,0.6855,0.0018,0.0245,0.0018,0.0687,0.0231,0.0350,0.0011,0.3576,0.0006
flow,64,16,3,0.0081,0.0002,quadratic,quadratic,10000,240000,0.8871,0.0009,0.8905,0.0008,0.8922,0.0009,0.3153,0.0088,0.4671,0.0044,0.3764,0.0069,0.6335,0.0033
flow,64,16,3,0.0081,0.0002,polar3,polar,10000,240000,0.9439,0.0037,0.9460,0.0036,0.9456,0.0037,0.7876,0.0097,0.6806,0.0047,0.7302,0.0026,0.8381,0.0010
flow,64,16,3,0.0081,0.0002,knn,knn,15000,360000,0.2894,0.0009,0.2915,0.0008,0.2897,0.0009,0.0242,0.0012,0.0361,0.0013,0.0289,0.0013,0.1602,0.0002
flow,64,16,3,0.0081,0.0002,altered_knn,altered_knn,15000,240000,0.6673,0.0315,0.6716,0.0329,0.6907,0.0062,0.0283,0.0086,0.1448,0.1586,0.0319,0.0033,0.3517,0.0159
flow,64,16,3,0.0081,0.0002,quadratic,quadratic,15000,360000,0.9140,0.0007,0.9178,0.0007,0.9173,0.0007,0.5149,0.0116,0.4456,0.0014,0.4777,0.0056,0.6978,0.0025
flow,64,16,3,0.0081,0.0002,polar3,polar,15000,360000,0.9529,0.0018,0.9551,0.0017,0.9546,0.0018,0.7871,0.0105,0.6841,0.0056,0.7320,0.0041,0.8435,0.0018
flow,64,16,3,0.0081,0.0002,knn,knn,20000,480000,0.2938,0.0002,0.2959,0.0001,0.2941,0.0001,0.0241,0.0006,0.0335,0.0012,0.0281,0.0008,0.1620,0.0004
flow,64,16,3,0.0081,0.0002,altered_knn,altered_knn,20000,320000,0.6942,0.0025,0.6995,0.0026,0.7013,0.0024,0.0294,0.0052,0.0437,0.0340,0.0293,0.0078,0.3644,0.0032
flow,64,16,3,0.0081,0.0002,quadratic,quadratic,20000,480000,0.9287,0.0012,0.9327,0.0011,0.9315,0.0012,0.6376,0.0115,0.4447,0.0015,0.5240,0.0049,0.7283,0.0022
flow,64,16,3,0.0081,0.0002,polar3,polar,20000,480000,0.9581,0.0009,0.9604,0.0009,0.9599,0.0009,0.7855,0.0093,0.6864,0.0037,0.7325,0.0023,0.8464,0.0016
flow,128,2,3,0.0056,0.0002,knn,knn,2000,6000,0.6598,0.0034,0.6635,0.0033,0.6604,0.0037,0.0267,0.0031,0.0042,0.0010,0.0072,0.0015,0.3354,0.0024
flow,128,2,3,0.0056,0.0002,altered_knn,altered_knn,2000,4000,0.7257,0.0013,0.7290,0.0012,0.7836,0.0011,0.0059,0.0003,0.1527,0.0045,0.0114,0.0005,0.3702,0.0008
flow,128,2,3,0.0056,0.0002,quadratic,quadratic,2000,6000,0.4076,0.0016,0.4081,0.0016,0.4832,0.0015,0.0057,0.0004,0.3180,0.0156,0.0111,0.0009,0.2096,0.0008
flow,128,2,3,0.0056,0.0002,polar3,polar,2000,6000,0.9454,0.0015,0.9479,0.0014,0.9484,0.0015,0.4187,0.0174,0.4998,0.0051,0.4554,0.0102,0.7017,0.0047
flow,128,2,3,0.0056,0.0002,knn,knn,5000,15000,0.6694,0.0030,0.6732,0.0029,0.6700,0.0031,0.0108,0.0076,0.0012,0.0008,0.0022,0.0015,0.3377,0.0018
flow,128,2,3,0.0056,0.0002,altered_knn,altered_knn,5000,10000,0.6327,0.0826,0.6345,0.0836,0.7411,0.0446,0.0062,0.0008,0.3182,0.1027,0.0122,0.0013,0.3233,0.0425
flow,128,2,3,0.0056,0.0002,quadratic,quadratic,5000,15000,0.4777,0.0017,0.4783,0.0018,0.5685,0.0017,0.0064,0.0004,0.3665,0.0175,0.0125,0.0008,0.2454,0.0008
flow,128,2,3,0.0056,0.0002,polar3,polar,5000,15000,0.9616,0.0022,0.9630,0.0023,0.9630,0.0022,0.7176,0.0128,0.7040,0.0092,0.7106,0.0053,0.8368,0.0033
flow,128,2,3,0.0056,0.0002,knn,knn,10000,30000,0.6772,0.0011,0.6810,0.0012,0.6777,0.0010,0.0119,0.0085,0.0012,0.0008,0.0021,0.0015,0.3416,0.0013
flow,128,2,3,0.0056,0.0002,altered_knn,altered_knn,10000,20000,0.7075,0.0782,0.7102,0.0793,0.7870,0.0408,0.0063,0.0009,0.2254,0.1112,0.0122,0.0017,0.3612,0.0400
flow,128,2,3,0.0056,0.0002,quadratic,quadratic,10000,30000,0.7642,0.0025,0.7665,0.0026,0.8263,0.0019,0.0132,0.0005,0.3538,0.0103,0.0255,0.0009,0.3960,0.0017
flow,128,2,3,0.0056,0.0002,polar3,polar,10000,30000,0.9713,0.0019,0.9720,0.0020,0.9722,0.0020,0.8002,0.0040,0.8484,0.0086,0.8236,0.0058,0.8978,0.0036
flow,128,2,3,0.0056,0.0002,knn,knn,15000,45000,0.6815,0.0022,0.6853,0.0022,0.6820,0.0021,0.0067,0.0094,0.0006,0.0008,0.0011,0.0015,0.3432,0.0018
flow,128,2,3,0.0056,0.0002,altered_knn,altered_knn,15000,30000,0.7156,0.0784,0.7183,0.0795,0.7941,0.0413,0.0068,0.0004,0.2420,0.1240,0.0132,0.0008,0.3658,0.0397
flow,128,2,3,0.0056,0.0002,quadratic,quadratic,15000,45000,0.8835,0.0007,0.8865,0.0005,0.9093,0.0003,0.0349,0.0031,0.3456,0.0252,0.0634,0.0056,0.4749,0.0030
flow,128,2,3,0.0056,0.0002,polar3,polar,15000,45000,0.9774,0.0008,0.9777,0.0008,0.9782,0.0007,0.7869,0.0244,0.9319,0.0056,0.8531,0.0154,0.9154,0.0080
flow,128,2,3,0.0056,0.0002,knn,knn,20000,60000,0.6858,0.0013,0.6897,0.0013,0.6865,0.0012,0.0151,0.0109,0.0012,0.0009,0.0022,0.0016,0.3460,0.0012
flow,128,2,3,0.0056,0.0002,altered_knn,altered_knn,20000,40000,0.7214,0.0783,0.7241,0.0793,0.7988,0.0412,0.0066,0.0006,0.2301,0.1192,0.0128,0.0011,0.3685,0.0396
flow,128,2,3,0.0056,0.0002,quadratic,quadratic,20000,60000,0.9177,0.0008,0.9209,0.0009,0.9328,0.0007,0.0628,0.0027,0.3488,0.0020,0.1064,0.0040,0.5136,0.0024
flow,128,2,3,0.0056,0.0002,polar3,polar,20000,60000,0.9794,0.0014,0.9795,0.0014,0.9803,0.0013,0.7482,0.0129,0.9619,0.0056,0.8416,0.0101,0.9106,0.0057
flow,128,4,3,0.0060,0.0001,knn,knn,2000,12000,0.4450,0.0010,0.4476,0.0010,0.4453,0.0011,0.0122,0.0042,0.0078,0.0021,0.0095,0.0029,0.2285,0.0009
flow,128,4,3,0.0060,0.0001,altered_knn,altered_knn,2000,8000,0.6333,0.0407,0.6364,0.0415,0.6694,0.0144,0.0076,0.0008,0.1270,0.0933,0.0137,0.0008,0.3251,0.0211
flow,128,4,3,0.0060,0.0001,quadratic,quadratic,2000,12000,0.3090,0.0021,0.3087,0.0021,0.3725,0.0027,0.0063,0.0002,0.3617,0.0042,0.0123,0.0004,0.1605,0.0012
flow,128,4,3,0.0060,0.0001,polar3,polar,2000,12000,0.9196,0.0018,0.9215,0.0018,0.9209,0.0019,0.7731,0.0180,0.6149,0.0114,0.6849,0.0111,0.8032,0.0048
flow,128,4,3,0.0060,0.0001,knn,knn,5000,30000,0.4583,0.0019,0.4610,0.0019,0.4587,0.0018,0.0113,0.0010,0.0064,0.0005,0.0082,0.0007,0.2346,0.0012
flow,128,4,3,0.0060,0.0001,altered_knn,altered_knn,5000,20000,0.6777,0.0207,0.6814,0.0212,0.6995,0.0037,0.0133,0.0085,0.0713,0.0615,0.0100,0.0049,0.3457,0.0088
flow,128,4,3,0.0060,0.0001,quadratic,quadratic,5000,30000,0.5075,0.0024,0.5086,0.0024,0.5780,0.0024,0.0080,0.0004,0.3253,0.0115,0.0156,0.0008,0.2621,0.0014
flow,128,4,3,0.0060,0.0001,polar3,polar,5000,30000,0.9471,0.0030,0.9479,0.0030,0.9479,0.0030,0.8127,0.0079,0.8166,0.0097,0.8145,0.0011,0.8812,0.0019
flow,128,4,3,0.0060,0.0001,knn,knn,10000,60000,0.4693,0.0007,0.4721,0.0008,0.4695,0.0007,0.0150,0.0029,0.0073,0.0016,0.0098,0.0021,0.2409,0.0006
flow,128,4,3,0.0060,0.0001,altered_knn,altered_knn,10000,40000,0.6514,0.0763,0.6543,0.0777,0.7000,0.0277,0.0076,0.0008,0.1621,0.1621,0.0135,0.0003,0.3339,0.0390
flow,128,4,3,0.0060,0.0001,quadratic,quadratic,10000,60000,0.7839,0.0012,0.7866,0.0013,0.8099,0.0009,0.0326,0.0019,0.3434,0.0117,0.0595,0.0033,0.4231,0.0020
flow,128,4,3,0.0060,0.0001,polar3,polar,10000,60000,0.9648,0.0015,0.9651,0.0015,0.9657,0.0014,0.7548,0.0178,0.9111,0.0090,0.8256,0.0143,0.8953,0.0074
flow,128,4,3,0.0060,0.0001,knn,knn,15000,90000,0.4755,0.0009,0.4783,0.0009,0.4756,0.0011,0.0176,0.0008,0.0078,0.0006,0.0108,0.0007,0.2445,0.0008
flow,128,4,3,0.0060,0.0001,altered_knn,altered_knn,15000,60000,0.7139,0.0018,0.7180,0.0018,0.7286,0.0011,0.0073,0.0009,0.0442,0.0131,0.0125,0.0019,0.3652,0.0001
flow,128,4,3,0.0060,0.0001,quadratic,quadratic,15000,90000,0.8560,0.0010,0.8589,0.0010,0.8700,0.0009,0.0726,0.0026,0.3807,0.0088,0.1220,0.0041,0.4904,0.0025
flow,128,4,3,0.0060,0.0001,polar3,polar,15000,90000,0.9732,0.0011,0.9734,0.0011,0.9743,0.0010,0.7152,0.0182,0.9364,0.0108,0.8109,0.0157,0.8922,0.0084
flow,128,4,3,0.0060,0.0001,knn,knn,20000,120000,0.4785,0.0012,0.4814,0.0013,0.4788,0.0014,0.0142,0.0028,0.0058,0.0011,0.0082,0.0015,0.2448,0.0014
flow,128,4,3,0.0060,0.0001,altered_knn,altered_knn,20000,80000,0.6560,0.0443,0.6588,0.0452,0.7162,0.0131,0.0072,0.0004,0.1954,0.1037,0.0134,0.0000,0.3361,0.0226
flow,128,4,3,0.0060,0.0001,quadratic,quadratic,20000,120000,0.8843,0.0007,0.8874,0.0008,0.8948,0.0008,0.0986,0.0033,0.3678,0.0141,0.1555,0.0051,0.5214,0.0027
flow,128,4,3,0.0060,0.0001,polar3,polar,20000,120000,0.9773,0.0014,0.9775,0.0014,0.9785,0.0013,0.6988,0.0169,0.9414,0.0086,0.8021,0.0143,0.8898,0.0078
flow,128,8,3,0.0060,0.0001,knn,knn,2000,24000,0.3022,0.0006,0.3039,0.0006,0.3022,0.0006,0.0121,0.0010,0.0217,0.0017,0.0156,0.0013,0.1597,0.0009
flow,128,8,3,0.0060,0.0001,altered_knn,altered_knn,2000,16000,0.5762,0.0033,0.5792,0.0034,0.5913,0.0016,0.0081,0.0005,0.0649,0.0052,0.0143,0.0006,0.2968,0.0020
flow,128,8,3,0.0060,0.0001,quadratic,quadratic,2000,24000,0.3284,0.0013,0.3281,0.0013,0.3946,0.0016,0.0067,0.0002,0.3850,0.0080,0.0132,0.0003,0.1707,0.0005
flow,128,8,3,0.0060,0.0001,polar3,polar,2000,24000,0.8948,0.0067,0.8956,0.0067,0.8955,0.0067,0.7665,0.0076,0.7525,0.0209,0.7593,0.0129,0.8275,0.0093
flow,128,8,3,0.0060,0.0001,knn,knn,5000,60000,0.3154,0.0009,0.3172,0.0009,0.3155,0.0009,0.0131,0.0007,0.0211,0.0012,0.0161,0.0009,0.1667,0.0002
flow,128,8,3,0.0060,0.0001,altered_knn,altered_knn,5000,40000,0.5438,0.0593,0.5456,0.0607,0.6016,0.0199,0.0079,0.0007,0.2455,0.1673,0.0147,0.0006,0.2801,0.0306
flow,128,8,3,0.0060,0.0001,quadratic,quadratic,5000,60000,0.5439,0.0003,0.5452,0.0004,0.5949,0.0007,0.0113,0.0005,0.3264,0.0097,0.0219,0.0010,0.2835,0.0004
flow,128,8,3,0.0060,0.0001,polar3,polar,5000,60000,0.9356,0.0016,0.9359,0.0016,0.9364,0.0017,0.7408,0.0060,0.8779,0.0118,0.8035,0.0066,0.8697,0.0038
flow,128,8,3,0.0060,0.0001,knn,knn,10000,120000,0.3252,0.0005,0.3271,0.0005,0.3254,0.0003,0.0121,0.0011,0.0168,0.0019,0.0141,0.0014,0.1706,0.0006
flow,128,8,3,0.0060,0.0001,altered_knn,altered_knn,10000,80000,0.5803,0.0794,0.5829,0.0812,0.6215,0.0265,0.0082,0.0010,0.1633,0.2175,0.0099,0.0040,0.2964,0.0393
flow,128,8,3,0.0060,0.0001,quadratic,quadratic,10000,120000,0.7519,0.0007,0.7541,0.0007,0.7708,0.0009,0.0470,0.0013,0.3862,0.0079,0.0837,0.0022,0.4189,0.0011
flow,128,8,3,0.0060,0.0001,polar3,polar,10000,120000,0.9574,0.0010,0.9577,0.0009,0.9585,0.0010,0.7043,0.0051,0.9091,0.0126,0.7937,0.0033,0.8757,0.0020
flow,128,8,3,0.0060,0.0001,knn,knn,15000,180000,0.3296,0.0009,0.3315,0.0009,0.3297,0.0010,0.0144,0.0014,0.0195,0.0013,0.0166,0.0014,0.1740,0.0008
flow,128,8,3,0.0060,0.0001,altered_knn,altered_knn,15000,120000,0.5102,0.0748,0.5109,0.0762,0.6033,0.0372,0.0071,0.0003,0.3750,0.1633,0.0139,0.0006,0.2624,0.0382
flow,128,8,3,0.0060,0.0001,quadratic,quadratic,15000,180000,0.8176,0.0004,0.8200,0.0004,0.8298,0.0004,0.0844,0.0034,0.4162,0.0121,0.1403,0.0053,0.4801,0.0028
flow,128,8,3,0.0060,0.0001,polar3,polar,15000,180000,0.9640,0.0020,0.9643,0.0020,0.9653,0.0021,0.6921,0.0052,0.9144,0.0108,0.7878,0.0030,0.8761,0.0018
flow,128,8,3,0.0060,0.0001,knn,knn,20000,240000,0.3329,0.0013,0.3348,0.0013,0.3331,0.0014,0.0145,0.0011,0.0186,0.0015,0.0163,0.0012,0.1756,0.0013
flow,128,8,3,0.0060,0.0001,altered_knn,altered_knn,20000,160000,0.5197,0.0743,0.5206,0.0757,0.6119,0.0358,0.0074,0.0005,0.3772,0.1681,0.0144,0.0007,0.2675,0.0382
flow,128,8,3,0.0060,0.0001,quadratic,quadratic,20000,240000,0.8550,0.0003,0.8576,0.0002,0.8629,0.0004,0.1393,0.0042,0.4270,0.0049,0.2100,0.0052,0.5338,0.0025
flow,128,8,3,0.0060,0.0001,polar3,polar,20000,240000,0.9653,0.0019,0.9656,0.0018,0.9665,0.0019,0.6876,0.0059,0.9170,0.0121,0.7859,0.0033,0.8757,0.0023
flow,128,16,3,0.0063,0.0001,knn,knn,2000,48000,0.2052,0.0000,0.2063,0.0001,0.2046,0.0001,0.0121,0.0001,0.0389,0.0003,0.0185,0.0002,0.1124,0.0001
flow,128,16,3,0.0063,0.0001,altered_knn,altered_knn,2000,32000,0.4670,0.0727,0.4688,0.0747,0.5042,0.0257,0.0093,0.0014,0.1827,0.2364,0.0123,0.0034,0.2406,0.0365
flow,128,16,3,0.0063,0.0001,quadratic,quadratic,2000,48000,0.3805,0.0005,0.3804,0.0005,0.4496,0.0007,0.0081,0.0001,0.3970,0.0031,0.0158,0.0002,0.1981,0.0003
flow,128,16,3,0.0063,0.0001,polar3,polar,2000,48000,0.8660,0.0037,0.8666,0.0036,0.8668,0.0035,0.7346,0.0016,0.7641,0.0100,0.7490,0.0041,0.8078,0.0036
flow,128,16,3,0.0063,0.0001,knn,knn,5000,120000,0.2155,0.0004,0.2167,0.0003,0.2150,0.0004,0.0123,0.0002,0.0361,0.0009,0.0184,0.0004,0.1175,0.0003
flow,128,16,3,0.0063,0.0001,altered_knn,altered_knn,5000,80000,0.5223,0.0186,0.5245,0.0191,0.5585,0.0042,0.0082,0.0002,0.1641,0.0704,0.0155,0.0004,0.2700,0.0095
flow,128,16,3,0.0063,0.0001,quadratic,quadratic,5000,120000,0.5534,0.0003,0.5548,0.0003,0.5928,0.0003,0.0158,0.0002,0.3340,0.0012,0.0302,0.0004,0.2925,0.0004
flow,128,16,3,0.0063,0.0001,polar3,polar,5000,120000,0.9168,0.0029,0.9173,0.0029,0.9179,0.0028,0.7230,0.0044,0.8305,0.0058,0.7730,0.0002,0.8451,0.0016
flow,128,16,3,0.0063,0.0001,knn,knn,10000,240000,0.2241,0.0003,0.2253,0.0003,0.2236,0.0002,0.0118,0.0006,0.0311,0.0018,0.0172,0.0009,0.1212,0.0003
flow,128,16,3,0.0063,0.0001,altered_knn,altered_knn,10000,160000,0.5583,0.0062,0.5611,0.0065,0.5843,0.0022,0.0086,0.0002,0.1171,0.0420,0.0159,0.0009,0.2885,0.0028
flow,128,16,3,0.0063,0.0001,quadratic,quadratic,10000,240000,0.7261,0.0008,0.7282,0.0008,0.7422,0.0006,0.0569,0.0007,0.3940,0.0049,0.0994,0.0011,0.4138,0.0009
flow,128,16,3,0.0063,0.0001,polar3,polar,10000,240000,0.9342,0.0014,0.9348,0.0014,0.9354,0.0014,0.7188,0.0058,0.8407,0.0046,0.7750,0.0025,0.8549,0.0013
flow,128,16,3,0.0063,0.0001,knn,knn,15000,360000,0.2285,0.0001,0.2298,0.0001,0.2281,0.0003,0.0127,0.0009,0.0314,0.0017,0.0181,0.0012,0.1239,0.0007
flow,128,16,3,0.0063,0.0001,altered_knn,altered_knn,15000,240000,0.5628,0.0302,0.5657,0.0310,0.5890,0.0057,0.0102,0.0016,0.1147,0.1053,0.0157,0.0022,0.2907,0.0155
flow,128,16,3,0.0063,0.0001,quadratic,quadratic,15000,360000,0.8133,0.0007,0.8158,0.0007,0.8190,0.0007,0.1887,0.0008,0.4257,0.0106,0.2614,0.0027,0.5386,0.0015
flow,128,16,3,0.0063,0.0001,polar3,polar,15000,360000,0.9393,0.0003,0.9399,0.0004,0.9404,0.0003,0.7114,0.0053,0.8497,0.0038,0.7744,0.0022,0.8571,0.0013
flow,128,16,3,0.0063,0.0001,knn,knn,20000,480000,0.2318,0.0007,0.2331,0.0007,0.2313,0.0008,0.0124,0.0008,0.0294,0.0017,0.0174,0.0010,0.1252,0.0004
flow,128,16,3,0.0063,0.0001,altered_knn,altered_knn,20000,320000,0.5845,0.0062,0.5877,0.0065,0.6037,0.0019,0.0092,0.0005,0.0846,0.0339,0.0164,0.0003,0.3020,0.0033
flow,128,16,3,0.0063,0.0001,quadratic,quadratic,20000,480000,0.8543,0.0003,0.8570,0.0003,0.8579,0.0003,0.3291,0.0019,0.4323,0.0038,0.3737,0.0007,0.6154,0.0002
flow,128,16,3,0.0063,0.0001,polar3,polar,20000,480000,0.9459,0.0013,0.9465,0.0013,0.9471,0.0013,0.7071,0.0061,0.8518,0.0040,0.7727,0.0027,0.8596,0.0017
flow,256,2,3,0.0041,0.0001,knn,knn,2000,6000,0.6216,0.0003,0.6242,0.0004,0.6211,0.0005,0.0079,0.0067,0.0024,0.0019,0.0037,0.0030,0.3139,0.0017
flow,256,2,3,0.0041,0.0001,altered_knn,altered_knn,2000,4000,0.6676,0.0035,0.6697,0.0035,0.7304,0.0030,0.0040,0.0003,0.1657,0.0107,0.0077,0.0006,0.3387,0.0015
flow,256,2,3,0.0041,0.0001,quadratic,quadratic,2000,6000,0.3885,0.0016,0.3889,0.0017,0.4541,0.0014,0.0041,0.0004,0.2896,0.0218,0.0080,0.0008,0.1984,0.0008
flow,256,2,3,0.0041,0.0001,polar3,polar,2000,6000,0.9345,0.0011,0.9363,0.0011,0.9382,0.0011,0.2431,0.0073,0.4798,0.0210,0.3226,0.0109,0.6295,0.0052
flow,256,2,3,0.0041,0.0001,knn,knn,5000,15000,0.6314,0.0014,0.6339,0.0014,0.6312,0.0012,0.0035,0.0050,0.0008,0.0012,0.0014,0.0019,0.3177,0.0015
flow,256,2,3,0.0041,0.0001,altered_knn,altered_knn,5000,10000,0.5544,0.0936,0.5552,0.0946,0.6706,0.0542,0.0043,0.0002,0.3791,0.1454,0.0085,0.0004,0.2819,0.0475
flow,256,2,3,0.0041,0.0001,quadratic,quadratic,5000,15000,0.3976,0.0016,0.3978,0.0016,0.4714,0.0016,0.0042,0.0004,0.3272,0.0237,0.0083,0.0008,0.2031,0.0010
flow,256,2,3,0.0041,0.0001,polar3,polar,5000,15000,0.9593,0.0008,0.9605,0.0008,0.9611,0.0008,0.5141,0.0170,0.6524,0.0160,0.5748,0.0117,0.7677,0.0061
flow,256,2,3,0.0041,0.0001,knn,knn,10000,30000,0.6384,0.0028,0.6410,0.0027,0.6380,0.0026,0.0162,0.0008,0.0025,0.0001,0.0043,0.0001,0.3227,0.0014
flow,256,2,3,0.0041,0.0001,altered_knn,altered_knn,10000,20000,0.7048,0.0016,0.7070,0.0017,0.7643,0.0014,0.0044,0.0005,0.1667,0.0196,0.0086,0.0010,0.3578,0.0004
flow,256,2,3,0.0041,0.0001,quadratic,quadratic,10000,30000,0.4217,0.0025,0.4221,0.0026,0.5043,0.0038,0.0040,0.0002,0.3263,0.0202,0.0079,0.0005,0.2150,0.0014
flow,256,2,3,0.0041,0.0001,polar3,polar,10000,30000,0.9696,0.0007,0.9702,0.0007,0.9707,0.0007,0.6575,0.0089,0.8242,0.0253,0.7314,0.0153,0.8508,0.0075
flow,256,2,3,0.0041,0.0001,knn,knn,15000,45000,0.6404,0.0026,0.6430,0.0027,0.6399,0.0027,0.0062,0.0087,0.0008,0.0012,0.0015,0.0021,0.3222,0.0017
flow,256,2,3,0.0041,0.0001,altered_knn,altered_knn,15000,30000,0.5158,0.0017,0.5161,0.0017,0.6582,0.0015,0.0042,0.0001,0.4470,0.0121,0.0083,0.0003,0.2622,0.0007
flow,256,2,3,0.0041,0.0001,quadratic,quadratic,15000,45000,0.4484,0.0036,0.4487,0.0037,0.5384,0.0046,0.0045,0.0001,0.3759,0.0151,0.0090,0.0002,0.2288,0.0017
flow,256,2,3,0.0041,0.0001,polar3,polar,15000,45000,0.9737,0.0011,0.9739,0.0011,0.9747,0.0011,0.6542,0.0054,0.9310,0.0180,0.7684,0.0095,0.8711,0.0048
flow,256,2,3,0.0041,0.0001,knn,knn,20000,60000,0.6441,0.0012,0.6467,0.0013,0.6437,0.0011,0.0000,0.0000,0.0000,0.0000,0.0000,0.0000,0.3234,0.0006
flow,256,2,3,0.0041,0.0001,altered_knn,altered_knn,20000,40000,0.5878,0.0916,0.5889,0.0925,0.7017,0.0522,0.0041,0.0002,0.3334,0.1232,0.0081,0.0004,0.2985,0.0463
flow,256,2,3,0.0041,0.0001,quadratic,quadratic,20000,60000,0.4840,0.0035,0.4845,0.0036,0.5807,0.0042,0.0042,0.0003,0.3451,0.0324,0.0083,0.0005,0.2464,0.0016
flow,256,2,3,0.0041,0.0001,polar3,polar,20000,60000,0.9763,0.0004,0.9764,0.0004,0.9775,0.0004,0.6280,0.0108,0.9613,0.0061,0.7596,0.0077,0.8680,0.0039
flow,256,4,3,0.0041,0.0002,knn,knn,2000,12000,0.3951,0.0003,0.3967,0.0003,0.3946,0.0003,0.0089,0.0030,0.0122,0.0036,0.0103,0.0033,0.2035,0.0018
flow,256,4,3,0.0041,0.0002,altered_knn,altered_knn,2000,8000,0.5275,0.0489,0.5288,0.0496,0.5764,0.0209,0.0048,0.0005,0.2048,0.1319,0.0093,0.0010,0.2691,0.0246
flow,256,4,3,0.0041,0.0002,quadratic,quadratic,2000,12000,0.2116,0.0007,0.2107,0.0007,0.2666,0.0007,0.0043,0.0002,0.4399,0.0050,0.0084,0.0003,0.1095,0.0002
flow,256,4,3,0.0041,0.0002,polar3,polar,2000,12000,0.9040,0.0021,0.9051,0.0021,0.9052,0.0021,0.6034,0.0204,0.6167,0.0104,0.6099,0.0149,0.7575,0.0072
flow,256,4,3,0.0041,0.0002,knn,knn,5000,30000,0.4072,0.0008,0.4089,0.0008,0.4066,0.0011,0.0097,0.0016,0.0090,0.0013,0.0093,0.0014,0.2091,0.0003
flow,256,4,3,0.0041,0.0002,altered_knn,altered_knn,5000,20000,0.5126,0.0686,0.5135,0.0695,0.5852,0.0277,0.0048,0.0009,0.2775,0.1498,0.0093,0.0013,0.2614,0.0354
flow,256,4,3,0.0041,0.0002,quadratic,quadratic,5000,30000,0.2745,0.0009,0.2740,0.0009,0.3372,0.0010,0.0043,0.0000,0.3952,0.0172,0.0084,0.0001,0.1412,0.0004
flow,256,4,3,0.0041,0.0002,polar3,polar,5000,30000,0.9351,0.0006,0.9354,0.0006,0.9358,0.0006,0.6944,0.0253,0.8605,0.0035,0.7683,0.0160,0.8518,0.0080
flow,256,4,3,0.0041,0.0002,knn,knn,10000,60000,0.4153,0.0015,0.4170,0.0014,0.4146,0.0014,0.0078,0.0036,0.0068,0.0027,0.0073,0.0031,0.2121,0.0009
flow,256,4,3,0.0041,0.0002,altered_knn,altered_knn,10000,40000,0.5665,0.0688,0.5680,0.0697,0.6198,0.0282,0.0043,0.0004,0.1898,0.1592,0.0083,0.0008,0.2881,0.0345
flow,256,4,3,0.0041,0.0002,quadratic,quadratic,10000,60000,0.3521,0.0014,0.3521,0.0013,0.4256,0.0016,0.0042,0.0003,0.3551,0.0255,0.0082,0.0006,0.1801,0.0009
flow,256,4,3,0.0041,0.0002,polar3,polar,10000,60000,0.9549,0.0003,0.9549,0.0003,0.9560,0.0004,0.6156,0.0294,0.9652,0.0056,0.7514,0.0234,0.8532,0.0116
flow,256,4,3,0.0041,0.0002,knn,knn,15000,90000,0.4191,0.0013,0.4208,0.0012,0.4185,0.0013,0.0056,0.0018,0.0044,0.0014,0.0050,0.0016,0.2129,0.0010
flow,256,4,3,0.0041,0.0002,altered_knn,altered_knn,15000,60000,0.5559,0.0507,0.5572,0.0514,0.6226,0.0201,0.0046,0.0004,0.2432,0.1153,0.0090,0.0007,0.2831,0.0257
flow,256,4,3,0.0041,0.0002,quadratic,quadratic,15000,90000,0.4301,0.0009,0.4303,0.0008,0.5091,0.0010,0.0049,0.0004,0.3711,0.0104,0.0096,0.0007,0.2200,0.0006
flow,256,4,3,0.0041,0.0002,polar3,polar,15000,90000,0.9651,0.0030,0.9650,0.0030,0.9666,0.0030,0.5514,0.0256,0.9814,0.0085,0.7058,0.0230,0.8354,0.0104
flow,256,4,3,0.0041,0.0002,knn,knn,20000,120000,0.4219,0.0013,0.4236,0.0012,0.4213,0.0013,0.0076,0.0024,0.0062,0.0021,0.0068,0.0022,0.2152,0.0017
flow,256,4,3,0.0041,0.0002,altered_knn,altered_knn,20000,80000,0.6043,0.0468,0.6062,0.0474,0.6430,0.0183,0.0044,0.0007,0.1362,0.1118,0.0084,0.0015,0.3073,0.0232
flow,256,4,3,0.0041,0.0002,quadratic,quadratic,20000,120000,0.4967,0.0005,0.4974,0.0005,0.5761,0.0008,0.0049,0.0004,0.3282,0.0120,0.0096,0.0007,0.2535,0.0004
flow,256,4,3,0.0041,0.0002,polar3,polar,20000,120000,0.9702,0.0006,0.9702,0.0006,0.9720,0.0006,0.5194,0.0286,0.9862,0.0078,0.6801,0.0264,0.8251,0.0132
flow,256,8,3,0.0046,0.0000,knn,knn,2000,24000,0.2532,0.0001,0.2543,0.0001,0.2525,0.0001,0.0079,0.0008,0.0247,0.0032,0.0119,0.0013,0.1331,0.0006
flow,256,8,3,0.0046,0.0000,altered_knn,altered_knn,2000,16000,0.4364,0.0565,0.4377,0.0576,0.4720,0.0203,0.0050,0.0006,0.1674,0.1806,0.0084,0.0009,0.2230,0.0284
flow,256,8,3,0.0046,0.0000,quadratic,quadratic,2000,24000,0.1599,0.0005,0.1582,0.0006,0.2127,0.0007,0.0046,0.0001,0.5171,0.0041,0.0091,0.0001,0.0837,0.0003
flow,256,8,3,0.0046,0.0000,polar3,polar,2000,24000,0.8827,0.0024,0.8833,0.0024,0.8836,0.0024,0.6658,0.0070,0.7315,0.0108,0.6971,0.0087,0.7902,0.0054
flow,256,8,3,0.0046,0.0000,knn,knn,5000,60000,0.2625,0.0002,0.2637,0.0002,0.2617,0.0003,0.0071,0.0018,0.0183,0.0048,0.0103,0.0026,0.1370,0.0013
flow,256,8,3,0.0046,0.0000,altered_knn,altered_knn,5000,40000,0.4788,0.0458,0.4804,0.0467,0.5060,0.0141,0.0048,0.0004,0.1242,0.1503,0.0074,0.0027,0.2439,0.0224
flow,256,8,3,0.0046,0.0000,quadratic,quadratic,5000,60000,0.2599,0.0012,0.2591,0.0012,0.3276,0.0016,0.0048,0.0001,0.4453,0.0096,0.0095,0.0002,0.1343,0.0007
flow,256,8,3,0.0046,0.0000,polar3,polar,5000,60000,0.9253,0.0018,0.9254,0.0018,0.9262,0.0019,0.6342,0.0018,0.8949,0.0046,0.7423,0.0022,0.8339,0.0018
flow,256,8,3,0.0046,0.0000,knn,knn,10000,120000,0.2697,0.0009,0.2709,0.0008,0.2687,0.0008,0.0057,0.0011,0.0130,0.0027,0.0079,0.0016,0.1394,0.0012
flow,256,8,3,0.0046,0.0000,altered_knn,altered_knn,10000,80000,0.4376,0.0730,0.4383,0.0743,0.5031,0.0271,0.0077,0.0038,0.3025,0.2188,0.0101,0.0003,0.2242,0.0373
flow,256,8,3,0.0046,0.0000,quadratic,quadratic,10000,120000,0.3826,0.0010,0.3827,0.0010,0.4563,0.0011,0.0052,0.0001,0.3688,0.0052,0.0102,0.0002,0.1964,0.0006
flow,256,8,3,0.0046,0.0000,polar3,polar,10000,120000,0.9463,0.0033,0.9464,0.0033,0.9478,0.0033,0.5715,0.0077,0.9316,0.0056,0.7084,0.0076,0.8274,0.0037
flow,256,8,3,0.0046,0.0000,knn,knn,15000,180000,0.2733,0.0007,0.2745,0.0007,0.2724,0.0006,0.0068,0.0008,0.0143,0.0020,0.0092,0.0011,0.1418,0.0003
flow,256,8,3,0.0046,0.0000,altered_knn,altered_knn,15000,120000,0.4268,0.0838,0.4272,0.0853,0.5028,0.0312,0.0050,0.0003,0.3373,0.2362,0.0077,0.0026,0.2175,0.0414
flow,256,8,3,0.0046,0.0000,quadratic,quadratic,15000,180000,0.4574,0.0012,0.4580,0.0012,0.5275,0.0012,0.0057,0.0000,0.3353,0.0005,0.0113,0.0001,0.2346,0.0006
flow,256,8,3,0.0046,0.0000,polar3,polar,15000,180000,0.9568,0.0016,0.9569,0.0016,0.9584,0.0016,0.5511,0.0071,0.9375,0.0057,0.6941,0.0072,0.8255,0.0042
flow,256,8,3,0.0046,0.0000,knn,knn,20000,240000,0.2763,0.0004,0.2775,0.0004,0.2754,0.0004,0.0085,0.0005,0.0168,0.0009,0.0113,0.0007,0.1444,0.0002
flow,256,8,3,0.0046,0.0000,altered_knn,altered_knn,20000,160000,0.4746,0.0751,0.4756,0.0764,0.5302,0.0321,0.0053,0.0002,0.2493,0.2012,0.0101,0.0001,0.2429,0.0382
flow,256,8,3,0.0046,0.0000,quadratic,quadratic,20000,240000,0.5119,0.0008,0.5127,0.0008,0.5753,0.0007,0.0068,0.0000,0.3301,0.0027,0.0133,0.0001,0.2630,0.0004
flow,256,8,3,0.0046,0.0000,polar3,polar,20000,240000,0.9589,0.0030,0.9590,0.0030,0.9606,0.0029,0.5404,0.0055,0.9382,0.0042,0.6858,0.0055,0.8224,0.0037
flow,256,16,3,0.0050,0.0000,knn,knn,2000,48000,0.1615,0.0004,0.1621,0.0004,0.1605,0.0003,0.0069,0.0003,0.0360,0.0022,0.0115,0.0005,0.0868,0.0003
flow,256,16,3,0.0050,0.0000,altered_knn,altered_knn,2000,32000,0.3626,0.0320,0.3635,0.0329,0.3962,0.0045,0.0055,0.0000,0.1900,0.1570,0.0086,0.0030,0.1861,0.0153
flow,256,16,3,0.0050,0.0000,quadratic,quadratic,2000,48000,0.1561,0.0008,0.1538,0.0009,0.2190,0.0012,0.0052,0.0001,0.6140,0.0075,0.0102,0.0002,0.0820,0.0004
flow,256,16,3,0.0050,0.0000,polar3,polar,2000,48000,0.8441,0.0019,0.8446,0.0019,0.8447,0.0019,0.6581,0.0060,0.7583,0.0057,0.7047,0.0056,0.7746,0.0024
flow,256,16,3,0.0050,0.0000,knn,knn,5000,120000,0.1695,0.0003,0.1702,0.0003,0.1685,0.0001,0.0071,0.0003,0.0326,0.0007,0.0116,0.0004,0.0909,0.0003
flow,256,16,3,0.0050,0.0000,altered_knn,altered_knn,5000,80000,0.3886,0.0160,0.3894,0.0165,0.4338,0.0007,0.0057,0.0000,0.2384,0.0883,0.0110,0.0002,0.2002,0.0081
flow,256,16,3,0.0050,0.0000,quadratic,quadratic,5000,120000,0.2927,0.0003,0.2917,0.0003,0.3738,0.0004,0.0056,0.0001,0.4934,0.0090,0.0111,0.0002,0.1514,0.0002
flow,256,16,3,0.0050,0.0000,polar3,polar,5000,120000,0.8933,0.0034,0.8934,0.0034,0.8941,0.0034,0.6130,0.0066,0.8713,0.0086,0.7197,0.0074,0.8065,0.0053
flow,256,16,3,0.0050,0.0000,knn,knn,10000,240000,0.1754,0.0002,0.1761,0.0003,0.1743,0.0003,0.0079,0.0003,0.0331,0.0011,0.0128,0.0005,0.0945,0.0002
flow,256,16,3,0.0050,0.0000,altered_knn,altered_knn,10000,160000,0.4046,0.0520,0.4056,0.0531,0.4434,0.0182,0.0061,0.0008,0.1993,0.1851,0.0100,0.0008,0.2078,0.0263
flow,256,16,3,0.0050,0.0000,quadratic,quadratic,10000,240000,0.4133,0.0007,0.4135,0.0007,0.4848,0.0007,0.0065,0.0002,0.3820,0.0083,0.0127,0.0004,0.2131,0.0005
flow,256,16,3,0.0050,0.0000,polar3,polar,10000,240000,0.9175,0.0014,0.9176,0.0014,0.9187,0.0015,0.5924,0.0070,0.8857,0.0078,0.7099,0.0074,0.8138,0.0042
flow,256,16,3,0.0050,0.0000,knn,knn,15000,360000,0.1781,0.0003,0.1788,0.0003,0.1769,0.0003,0.0081,0.0003,0.0319,0.0015,0.0130,0.0005,0.0959,0.0003
flow,256,16,3,0.0050,0.0000,altered_knn,altered_knn,15000,240000,0.4144,0.0470,0.4155,0.0480,0.4561,0.0167,0.0057,0.0003,0.2094,0.1581,0.0109,0.0005,0.2132,0.0241
flow,256,16,3,0.0050,0.0000,quadratic,quadratic,15000,360000,0.4704,0.0002,0.4711,0.0001,0.5285,0.0002,0.0079,0.0001,0.3460,0.0043,0.0154,0.0001,0.2432,0.0001
flow,256,16,3,0.0050,0.0000,polar3,polar,15000,360000,0.9244,0.0017,0.9246,0.0017,0.9259,0.0016,0.5742,0.0057,0.8915,0.0071,0.6985,0.0064,0.8116,0.0039
flow,256,16,3,0.0050,0.0000,knn,knn,20000,480000,0.1805,0.0003,0.1813,0.0003,0.1793,0.0003,0.0077,0.0008,0.0286,0.0033,0.0121,0.0013,0.0967,0.0006
flow,256,16,3,0.0050,0.0000,altered_knn,altered_knn,20000,320000,0.4554,0.0028,0.4572,0.0029,0.4770,0.0004,0.0058,0.0004,0.1024,0.0172,0.0109,0.0007,0.2340,0.0013
flow,256,16,3,0.0050,0.0000,quadratic,quadratic,20000,480000,0.5139,0.0006,0.5149,0.0006,0.5600,0.0006,0.0098,0.0001,0.3227,0.0032,0.0191,0.0002,0.2670,0.0004
flow,256,16,3,0.0050,0.0000,polar3,polar,20000,480000,0.9287,0.0013,0.9289,0.0013,0.9302,0.0013,0.5669,0.0059,0.8951,0.0072,0.6942,0.0066,0.8115,0.0036
flow,512,2,3,0.0026,0.0002,knn,knn,2000,6000,0.5913,0.0006,0.5929,0.0006,0.5902,0.0006,0.0021,0.0030,0.0012,0.0017,0.0015,0.0021,0.2972,0.0011
flow,512,2,3,0.0026,0.0002,altered_knn,altered_knn,2000,4000,0.6062,0.0030,0.6073,0.0029,0.6724,0.0027,0.0024,0.0005,0.1807,0.0292,0.0048,0.0011,0.3060,0.0019
flow,512,2,3,0.0026,0.0002,quadratic,quadratic,2000,6000,0.3752,0.0016,0.3755,0.0016,0.4387,0.0018,0.0026,0.0004,0.2906,0.0254,0.0052,0.0008,0.1903,0.0008
flow,512,2,3,0.0026,0.0002,polar3,polar,2000,6000,0.9036,0.0027,0.9048,0.0029,0.9081,0.0027,0.1190,0.0066,0.4573,0.0482,0.1887,0.0112,0.5467,0.0055
flow,512,2,3,0.0026,0.0002,knn,knn,5000,15000,0.6001,0.0014,0.6017,0.0013,0.5986,0.0014,0.0000,0.0000,0.0000,0.0000,0.0000,0.0000,0.3008,0.0007
flow,512,2,3,0.0026,0.0002,altered_knn,altered_knn,5000,10000,0.6253,0.0021,0.6265,0.0020,0.6906,0.0018,0.0024,0.0004,0.1757,0.0245,0.0048,0.0007,0.3156,0.0014
flow,512,2,3,0.0026,0.0002,quadratic,quadratic,5000,15000,0.3792,0.0010,0.3794,0.0010,0.4465,0.0011,0.0025,0.0002,0.2959,0.0042,0.0051,0.0004,0.1922,0.0004
flow,512,2,3,0.0026,0.0002,polar3,polar,5000,15000,0.9457,0.0027,0.9464,0.0027,0.9479,0.0027,0.2958,0.0174,0.6603,0.0132,0.4083,0.0172,0.6773,0.0085
flow,512,2,3,0.0026,0.0002,knn,knn,10000,30000,0.6043,0.0009,0.6059,0.0008,0.6028,0.0009,0.0043,0.0060,0.0012,0.0017,0.0018,0.0026,0.3038,0.0011
flow,512,2,3,0.0026,0.0002,altered_knn,altered_knn,10000,20000,0.6388,0.0005,0.6400,0.0004,0.7037,0.0007,0.0027,0.0005,0.1895,0.0339,0.0053,0.0010,0.3226,0.0005
flow,512,2,3,0.0026,0.0002,quadratic,quadratic,10000,30000,0.3888,0.0021,0.3890,0.0022,0.4602,0.0024,0.0025,0.0001,0.3058,0.0109,0.0051,0.0002,0.1970,0.0012
flow,512,2,3,0.0026,0.0002,polar3,polar,10000,30000,0.9648,0.0003,0.9652,0.0002,0.9662,0.0003,0.4582,0.0241,0.8248,0.0174,0.5885,0.0183,0.7768,0.0092
flow,512,2,3,0.0026,0.0002,knn,knn,15000,45000,0.6071,0.0013,0.6087,0.0013,0.6057,0.0013,0.0000,0.0000,0.0000,0.0000,0.0000,0.0000,0.3043,0.0006
flow,512,2,3,0.0026,0.0002,altered_knn,altered_knn,15000,30000,0.5743,0.1020,0.5751,0.1026,0.6651,0.0637,0.0028,0.0002,0.3021,0.1530,0.0055,0.0004,0.2903,0.0515
flow,512,2,3,0.0026,0.0002,quadratic,quadratic,15000,45000,0.3924,0.0013,0.3926,0.0013,0.4684,0.0015,0.0025,0.0002,0.3172,0.0199,0.0050,0.0003,0.1988,0.0007
flow,512,2,3,0.0026,0.0002,polar3,polar,15000,45000,0.9670,0.0001,0.9671,0.0002,0.9682,0.0001,0.4787,0.0206,0.9245,0.0212,0.6302,0.0137,0.7987,0.0069
flow,512,2,3,0.0026,0.0002,knn,knn,20000,60000,0.6079,0.0009,0.6095,0.0010,0.6067,0.0009,0.0033,0.0047,0.0012,0.0017,0.0017,0.0024,0.3056,0.0015
flow,512,2,3,0.0026,0.0002,altered_knn,altered_knn,20000,40000,0.5808,0.1033,0.5815,0.1040,0.6715,0.0653,0.0024,0.0004,0.2738,0.1652,0.0048,0.0008,0.2932,0.0517
flow,512,2,3,0.0026,0.0002,quadratic,quadratic,20000,60000,0.3978,0.0023,0.3979,0.0024,0.4767,0.0024,0.0028,0.0001,0.3626,0.0158,0.0056,0.0002,0.2017,0.0013
flow,512,2,3,0.0026,0.0002,polar3,polar,20000,60000,0.9713,0.0014,0.9713,0.0015,0.9727,0.0014,0.4532,0.0269,0.9679,0.0006,0.6169,0.0248,0.7941,0.0130
flow,512,4,3,0.0027,0.0001,knn,knn,2000,12000,0.3553,0.0019,0.3562,0.0019,0.3543,0.0019,0.0028,0.0015,0.0074,0.0039,0.0040,0.0022,0.1801,0.0005
flow,512,4,3,0.0027,0.0001,altered_knn,altered_knn,2000,8000,0.3918,0.0479,0.3919,0.0483,0.4672,0.0261,0.0028,0.0002,0.3422,0.0983,0.0056,0.0004,0.1988,0.0243
flow,512,4,3,0.0027,0.0001,quadratic,quadratic,2000,12000,0.1281,0.0009,0.1268,0.0009,0.1807,0.0012,0.0026,0.0001,0.5888,0.0088,0.0052,0.0002,0.0660,0.0004
flow,512,4,3,0.0027,0.0001,polar3,polar,2000,12000,0.8707,0.0009,0.8715,0.0009,0.8724,0.0008,0.3235,0.0160,0.5919,0.0167,0.4180,0.0145,0.6448,0.0076
flow,512,4,3,0.0027,0.0001,knn,knn,5000,30000,0.3639,0.0012,0.3649,0.0012,0.3628,0.0012,0.0040,0.0008,0.0094,0.0015,0.0056,0.0011,0.1852,0.0011
flow,512,4,3,0.0027,0.0001,altered_knn,altered_knn,5000,20000,0.4857,0.0266,0.4866,0.0269,0.5276,0.0103,0.0030,0.0002,0.1765,0.0713,0.0058,0.0004,0.2462,0.0135
flow,512,4,3,0.0027,0.0001,quadratic,quadratic,5000,30000,0.1758,0.0007,0.1749,0.0007,0.2334,0.0011,0.0027,0.0001,0.5088,0.0184,0.0054,0.0001,0.0901,0.0003
flow,512,4,3,0.0027,0.0001,polar3,polar,5000,30000,0.9142,0.0024,0.9145,0.0025,0.9152,0.0024,0.5117,0.0132,0.8156,0.0217,0.6286,0.0095,0.7715,0.0053
flow,512,4,3,0.0027,0.0001,knn,knn,10000,60000,0.3710,0.0009,0.3720,0.0009,0.3699,0.0009,0.0044,0.0011,0.0087,0.0022,0.0059,0.0015,0.1889,0.0004
flow,512,4,3,0.0027,0.0001,altered_knn,altered_knn,10000,40000,0.3892,0.0258,0.3892,0.0260,0.4876,0.0156,0.0028,0.0002,0.4203,0.0428,0.0055,0.0003,0.1973,0.0131
flow,512,4,3,0.0027,0.0001,quadratic,quadratic,10000,60000,0.2232,0.0006,0.2226,0.0007,0.2851,0.0007,0.0027,0.0001,0.4440,0.0110,0.0054,0.0002,0.1140,0.0003
flow,512,4,3,0.0027,0.0001,polar3,polar,10000,60000,0.9407,0.0013,0.9407,0.0013,0.9420,0.0013,0.4645,0.0075,0.9545,0.0036,0.6248,0.0060,0.7828,0.0037
flow,512,4,3,0.0027,0.0001,knn,knn,15000,90000,0.3732,0.0003,0.3742,0.0003,0.3720,0.0004,0.0037,0.0017,0.0069,0.0034,0.0048,0.0023,0.1895,0.0012
flow,512,4,3,0.0027,0.0001,altered_knn,altered_knn,15000,60000,0.4866,0.0747,0.4873,0.0754,0.5384,0.0363,0.0028,0.0001,0.2151,0.1751,0.0055,0.0003,0.2464,0.0376
flow,512,4,3,0.0027,0.0001,quadratic,quadratic,15000,90000,0.2545,0.0009,0.2540,0.0009,0.3199,0.0010,0.0029,0.0000,0.4444,0.0092,0.0057,0.0001,0.1298,0.0005
flow,512,4,3,0.0027,0.0001,polar3,polar,15000,90000,0.9523,0.0012,0.9522,0.0012,0.9539,0.0012,0.4165,0.0108,0.9788,0.0008,0.5843,0.0106,0.7683,0.0050
flow,512,4,3,0.0027,0.0001,knn,knn,20000,120000,0.3759,0.0008,0.3769,0.0008,0.3747,0.0006,0.0037,0.0021,0.0068,0.0037,0.0048,0.0027,0.1908,0.0010
flow,512,4,3,0.0027,0.0001,altered_knn,altered_knn,20000,80000,0.4757,0.0660,0.4763,0.0666,0.5373,0.0307,0.0029,0.0001,0.2545,0.1582,0.0056,0.0001,0.2410,0.0334
flow,512,4,3,0.0027,0.0001,quadratic,quadratic,20000,120000,0.2810,0.0013,0.2807,0.0013,0.3512,0.0016,0.0026,0.0000,0.3991,0.0172,0.0053,0.0001,0.1430,0.0006
flow,512,4,3,0.0027,0.0001,polar3,polar,20000,120000,0.9587,0.0016,0.9586,0.0016,0.9607,0.0016,0.3756,0.0100,0.9862,0.0027,0.5440,0.0110,0.7513,0.0061
flow,512,8,3,0.0031,0.0001,knn,knn,2000,24000,0.2140,0.0007,0.2146,0.0007,0.2127,0.0008,0.0043,0.0002,0.0248,0.0011,0.0073,0.0004,0.1109,0.0005
flow,512,8,3,0.0031,0.0001,altered_knn,altered_knn,2000,16000,0.3641,0.0256,0.3649,0.0260,0.3827,0.0079,0.0034,0.0001,0.1150,0.1088,0.0060,0.0009,0.1854,0.0127
flow,512,8,3,0.0031,0.0001,quadratic,quadratic,2000,24000,0.0591,0.0003,0.0569,0.0004,0.0914,0.0006,0.0031,0.0001,0.7535,0.0037,0.0061,0.0002,0.0315,0.0001
flow,512,8,3,0.0031,0.0001,polar3,polar,2000,24000,0.8460,0.0026,0.8465,0.0026,0.8471,0.0025,0.4552,0.0081,0.6812,0.0139,0.5457,0.0085,0.6961,0.0054
flow,512,8,3,0.0031,0.0001,knn,knn,5000,60000,0.2199,0.0004,0.2205,0.0004,0.2186,0.0004,0.0045,0.0005,0.0242,0.0013,0.0075,0.0007,0.1140,0.0005
flow,512,8,3,0.0031,0.0001,altered_knn,altered_knn,5000,40000,0.3304,0.0263,0.3304,0.0267,0.3858,0.0140,0.0033,0.0002,0.3137,0.0885,0.0064,0.0003,0.1684,0.0132
flow,512,8,3,0.0031,0.0001,quadratic,quadratic,5000,60000,0.1167,0.0006,0.1151,0.0005,0.1664,0.0007,0.0031,0.0001,0.6262,0.0027,0.0062,0.0002,0.0607,0.0004
flow,512,8,3,0.0031,0.0001,polar3,polar,5000,60000,0.8962,0.0046,0.8962,0.0046,0.8970,0.0045,0.5050,0.0181,0.9151,0.0128,0.6506,0.0160,0.7734,0.0102
flow,512,8,3,0.0031,0.0001,knn,knn,10000,120000,0.2260,0.0002,0.2266,0.0002,0.2245,0.0002,0.0041,0.0007,0.0191,0.0025,0.0068,0.0011,0.1167,0.0006
flow,512,8,3,0.0031,0.0001,altered_knn,altered_knn,10000,80000,0.3854,0.0552,0.3861,0.0559,0.4154,0.0219,0.0032,0.0001,0.1598,0.1777,0.0058,0.0005,0.1960,0.0278
flow,512,8,3,0.0031,0.0001,quadratic,quadratic,10000,120000,0.1826,0.0010,0.1815,0.0010,0.2458,0.0013,0.0032,0.0002,0.5347,0.0162,0.0063,0.0003,0.0939,0.0006
flow,512,8,3,0.0031,0.0001,polar3,polar,10000,120000,0.9290,0.0030,0.9289,0.0030,0.9306,0.0030,0.4280,0.0084,0.9676,0.0075,0.5935,0.0076,0.7612,0.0053
flow,512,8,3,0.0031,0.0001,knn,knn,15000,180000,0.2286,0.0001,0.2293,0.0001,0.2273,0.0002,0.0038,0.0002,0.0170,0.0004,0.0062,0.0002,0.1177,0.0002
flow,512,8,3,0.0031,0.0001,altered_knn,altered_knn,15000,120000,0.3594,0.0519,0.3597,0.0526,0.4131,0.0214,0.0031,0.0002,0.2845,0.1711,0.0060,0.0005,0.1828,0.0260
flow,512,8,3,0.0031,0.0001,quadratic,quadratic,15000,180000,0.2390,0.0011,0.2382,0.0011,0.3072,0.0011,0.0033,0.0002,0.4807,0.0099,0.0065,0.0003,0.1224,0.0007
flow,512,8,3,0.0031,0.0001,polar3,polar,15000,180000,0.9384,0.0022,0.9383,0.0022,0.9402,0.0023,0.3999,0.0098,0.9753,0.0042,0.5671,0.0095,0.7527,0.0048
flow,512,8,3,0.0031,0.0001,knn,knn,20000,240000,0.2318,0.0004,0.2324,0.0004,0.2303,0.0003,0.0042,0.0005,0.0184,0.0028,0.0068,0.0009,0.1196,0.0006
flow,512,8,3,0.0031,0.0001,altered_knn,altered_knn,20000,160000,0.3782,0.0563,0.3786,0.0570,0.4280,0.0254,0.0032,0.0000,0.2582,0.1799,0.0062,0.0001,0.1924,0.0285
flow,512,8,3,0.0031,0.0001,quadratic,quadratic,20000,240000,0.2769,0.0003,0.2763,0.0003,0.3517,0.0004,0.0033,0.0002,0.4570,0.0092,0.0065,0.0003,0.1414,0.0002
flow,512,8,3,0.0031,0.0001,polar3,polar,20000,240000,0.9437,0.0050,0.9436,0.0050,0.9456,0.0051,0.3864,0.0105,0.9783,0.0033,0.5539,0.0104,0.7487,0.0049
flow,512,16,3,0.0032,0.0001,knn,knn,2000,48000,0.1296,0.0002,0.1299,0.0002,0.1284,0.0001,0.0042,0.0004,0.0375,0.0023,0.0076,0.0006,0.0687,0.0003
flow,512,16,3,0.0032,0.0001,altered_knn,altered_knn,2000,32000,0.2308,0.0420,0.2304,0.0429,0.2741,0.0128,0.0035,0.0002,0.3571,0.2322,0.0067,0.0003,0.1185,0.0214
flow,512,16,3,0.0032,0.0001,quadratic,quadratic,2000,48000,0.0377,0.0003,0.0351,0.0003,0.0608,0.0005,0.0032,0.0001,0.8507,0.0052,0.0064,0.0003,0.0207,0.0002
flow,512,16,3,0.0032,0.0001,polar3,polar,2000,48000,0.8093,0.0011,0.8096,0.0012,0.8103,0.0012,0.4258,0.0092,0.7431,0.0182,0.5412,0.0048,0.6754,0.0028
flow,512,16,3,0.0032,0.0001,knn,knn,5000,120000,0.1349,0.0002,0.1353,0.0002,0.1336,0.0001,0.0041,0.0005,0.0338,0.0043,0.0073,0.0010,0.0713,0.0006
flow,512,16,3,0.0032,0.0001,altered_knn,altered_knn,5000,80000,0.2991,0.0180,0.2997,0.0184,0.3152,0.0032,0.0032,0.0004,0.1132,0.0936,0.0060,0.0010,0.1528,0.0090
flow,512,16,3,0.0032,0.0001,quadratic,quadratic,5000,120000,0.1043,0.0002,0.1023,0.0002,0.1575,0.0002,0.0033,0.0001,0.7179,0.0045,0.0065,0.0003,0.0544,0.0002
flow,512,16,3,0.0032,0.0001,polar3,polar,5000,120000,0.8620,0.0035,0.8618,0.0036,0.8629,0.0036,0.4363,0.0130,0.9159,0.0061,0.5909,0.0107,0.7263,0.0070
flow,512,16,3,0.0032,0.0001,knn,knn,10000,240000,0.1391,0.0004,0.1394,0.0004,0.1376,0.0004,0.0043,0.0004,0.0306,0.0015,0.0076,0.0007,0.0735,0.0003
flow,512,16,3,0.0032,0.0001,altered_knn,altered_knn,10000,160000,0.3031,0.0280,0.3034,0.0286,0.3320,0.0038,0.0038,0.0006,0.1994,0.1639,0.0065,0.0004,0.1550,0.0141
flow,512,16,3,0.0032,0.0001,quadratic,quadratic,10000,240000,0.2040,0.0004,0.2028,0.0004,0.2748,0.0004,0.0034,0.0001,0.5608,0.0038,0.0068,0.0002,0.1048,0.0002
flow,512,16,3,0.0032,0.0001,polar3,polar,10000,240000,0.8812,0.0034,0.8811,0.0034,0.8820,0.0037,0.4038,0.0140,0.9304,0.0077,0.5629,0.0125,0.7220,0.0070
flow,512,16,3,0.0032,0.0001,knn,knn,15000,360000,0.1416,0.0005,0.1420,0.0004,0.1401,0.0004,0.0044,0.0004,0.0297,0.0023,0.0076,0.0006,0.0748,0.0002
flow,512,16,3,0.0032,0.0001,altered_knn,altered_knn,15000,240000,0.3221,0.0188,0.3227,0.0191,0.3437,0.0031,0.0035,0.0002,0.1417,0.0976,0.0061,0.0013,0.1644,0.0090
flow,512,16,3,0.0032,0.0001,quadratic,quadratic,15000,360000,0.2593,0.0008,0.2584,0.0007,0.3405,0.0007,0.0035,0.0001,0.5261,0.0091,0.0069,0.0002,0.1327,0.0005
flow,512,16,3,0.0032,0.0001,polar3,polar,15000,360000,0.8928,0.0048,0.8927,0.0048,0.8943,0.0049,0.3834,0.0130,0.9332,0.0074,0.5433,0.0121,0.7180,0.0077
flow,512,16,3,0.0032,0.0001,knn,knn,20000,480000,0.1428,0.0002,0.1431,0.0002,0.1412,0.0002,0.0039,0.0003,0.0257,0.0025,0.0068,0.0005,0.0750,0.0003
flow,512,16,3,0.0032,0.0001,altered_knn,altered_knn,20000,320000,0.2910,0.0368,0.2910,0.0374,0.3375,0.0156,0.0033,0.0001,0.3031,0.1541,0.0066,0.0002,0.1488,0.0187
flow,512,16,3,0.0032,0.0001,quadratic,quadratic,20000,480000,0.3037,0.0005,0.3031,0.0005,0.3880,0.0008,0.0036,0.0001,0.4987,0.0018,0.0072,0.0003,0.1552,0.0003
flow,512,16,3,0.0032,0.0001,polar3,polar,20000,480000,0.9012,0.0012,0.9011,0.0012,0.9029,0.0013,0.3724,0.0125,0.9349,0.0060,0.5325,0.0121,0.7168,0.0067
