sampler,d,K,n_seeds,hall_gt,hall_gt_std,model,arch,n_per_mode,n_anchors,full_acc,full_acc_std,mode_acc,mode_acc_std,mode_f1,mode_f1_std,hall_prec,hall_prec_std,hall_rec,hall_rec_std,hall_f1,hall_f1_std,balanced,balanced_std
rk45,2,2,3,0.0107,0.0004,knn,knn,2000,6000,0.9796,0.0034,0.9821,0.0037,0.9890,0.0018,0.3299,0.0324,0.7436,0.0385,0.4554,0.0290,0.7188,0.0161
rk45,2,2,3,0.0107,0.0004,altered_knn,altered_knn,2000,4000,0.9594,0.0093,0.9666,0.0102,0.9786,0.0042,0.0908,0.0141,0.2838,0.0807,0.1331,0.0143,0.5499,0.0087
rk45,2,2,3,0.0107,0.0004,quadratic,quadratic,2000,6000,0.9815,0.0048,0.9856,0.0050,0.9890,0.0025,0.3884,0.0751,0.5980,0.0305,0.4641,0.0513,0.7249,0.0282
rk45,2,2,3,0.0107,0.0004,polar3,polar,2000,6000,0.9896,0.0041,0.9913,0.0043,0.9946,0.0021,0.5455,0.1134,0.8313,0.0344,0.6504,0.0807,0.8208,0.0425
rk45,2,2,3,0.0107,0.0004,knn,knn,5000,15000,0.9857,0.0032,0.9878,0.0034,0.9926,0.0016,0.4293,0.0488,0.7917,0.0341,0.5540,0.0382,0.7709,0.0207
rk45,2,2,3,0.0107,0.0004,altered_knn,altered_knn,5000,10000,0.9692,0.0062,0.9767,0.0068,0.9842,0.0031,0.1238,0.0340,0.2765,0.0258,0.1663,0.0251,0.5715,0.0160
rk45,2,2,3,0.0107,0.0004,quadratic,quadratic,5000,15000,0.9807,0.0034,0.9849,0.0035,0.9881,0.0017,0.3866,0.0679,0.5917,0.0319,0.4617,0.0447,0.7233,0.0241
rk45,2,2,3,0.0107,0.0004,polar3,polar,5000,15000,0.9898,0.0039,0.9916,0.0041,0.9947,0.0020,0.5546,0.1102,0.8222,0.0318,0.6547,0.0787,0.8232,0.0414
rk45,2,2,3,0.0107,0.0004,knn,knn,10000,30000,0.9884,0.0035,0.9903,0.0038,0.9940,0.0018,0.4990,0.0771,0.8047,0.0432,0.6106,0.0562,0.8005,0.0299
rk45,2,2,3,0.0107,0.0004,altered_knn,altered_knn,10000,20000,0.9784,0.0033,0.9863,0.0038,0.9889,0.0016,0.1642,0.0018,0.2441,0.0645,0.1929,0.0219,0.5896,0.0092
rk45,2,2,3,0.0107,0.0004,quadratic,quadratic,10000,30000,0.9805,0.0031,0.9847,0.0033,0.9880,0.0013,0.3865,0.0684,0.5923,0.0311,0.4618,0.0451,0.7233,0.0242
rk45,2,2,3,0.0107,0.0004,polar3,polar,10000,30000,0.9899,0.0040,0.9918,0.0041,0.9947,0.0020,0.5607,0.1116,0.8200,0.0347,0.6580,0.0792,0.8249,0.0416
rk45,2,2,3,0.0107,0.0004,knn,knn,15000,45000,0.9893,0.0035,0.9912,0.0038,0.9945,0.0018,0.5276,0.0871,0.8095,0.0420,0.6328,0.0621,0.8120,0.0329
rk45,2,2,3,0.0107,0.0004,altered_knn,altered_knn,15000,30000,0.9793,0.0040,0.9871,0.0042,0.9895,0.0020,0.1899,0.0368,0.2615,0.0431,0.2154,0.0262,0.6012,0.0140
rk45,2,2,3,0.0107,0.0004,quadratic,quadratic,15000,45000,0.9809,0.0037,0.9851,0.0039,0.9884,0.0019,0.3870,0.0688,0.5939,0.0313,0.4626,0.0455,0.7238,0.0247
rk45,2,2,3,0.0107,0.0004,polar3,polar,15000,45000,0.9900,0.0039,0.9918,0.0041,0.9947,0.0020,0.5636,0.1116,0.8194,0.0347,0.6599,0.0791,0.8259,0.0416
rk45,2,2,3,0.0107,0.0004,knn,knn,20000,60000,0.9898,0.0036,0.9918,0.0038,0.9947,0.0018,0.5471,0.0973,0.8097,0.0462,0.6461,0.0697,0.8189,0.0367
rk45,2,2,3,0.0107,0.0004,altered_knn,altered_knn,20000,40000,0.9848,0.0027,0.9932,0.0029,0.9922,0.0013,0.2770,0.0743,0.2050,0.0573,0.2238,0.0361,0.6085,0.0176
rk45,2,2,3,0.0107,0.0004,quadratic,quadratic,20000,60000,0.9814,0.0038,0.9855,0.0040,0.9888,0.0020,0.3891,0.0690,0.5929,0.0320,0.4638,0.0451,0.7247,0.0245
rk45,2,2,3,0.0107,0.0004,polar3,polar,20000,60000,0.9900,0.0039,0.9919,0.0041,0.9948,0.0020,0.5644,0.1121,0.8184,0.0343,0.6600,0.0789,0.8259,0.0415
rk45,2,4,3,0.0116,0.0002,knn,knn,2000,12000,0.9170,0.0076,0.9231,0.0086,0.9297,0.0083,0.1582,0.0246,0.3918,0.0906,0.2251,0.0395,0.5741,0.0168
rk45,2,4,3,0.0116,0.0002,altered_knn,altered_knn,2000,8000,0.9059,0.0109,0.9150,0.0115,0.9242,0.0114,0.0399,0.0126,0.1276,0.0570,0.0607,0.0211,0.4878,0.0055
rk45,2,4,3,0.0116,0.0002,quadratic,quadratic,2000,12000,0.9076,0.0241,0.9133,0.0252,0.9205,0.0184,0.2146,0.0764,0.4273,0.0775,0.2690,0.0552,0.5911,0.0401
rk45,2,4,3,0.0116,0.0002,polar3,polar,2000,12000,0.9213,0.0079,0.9270,0.0086,0.9319,0.0082,0.2052,0.0196,0.4325,0.0689,0.2778,0.0306,0.6024,0.0130
rk45,2,4,3,0.0116,0.0002,knn,knn,5000,30000,0.9209,0.0070,0.9271,0.0079,0.9309,0.0075,0.2028,0.0304,0.3848,0.0965,0.2649,0.0484,0.5960,0.0216
rk45,2,4,3,0.0116,0.0002,altered_knn,altered_knn,5000,20000,0.9137,0.0089,0.9233,0.0096,0.9281,0.0090,0.0396,0.0249,0.0928,0.0702,0.0553,0.0371,0.4893,0.0145
rk45,2,4,3,0.0116,0.0002,quadratic,quadratic,5000,30000,0.9086,0.0233,0.9142,0.0244,0.9214,0.0180,0.2126,0.0757,0.4261,0.0801,0.2673,0.0527,0.5908,0.0383
rk45,2,4,3,0.0116,0.0002,polar3,polar,5000,30000,0.9215,0.0078,0.9273,0.0086,0.9321,0.0084,0.2040,0.0204,0.4261,0.0714,0.2755,0.0329,0.6014,0.0138
rk45,2,4,3,0.0116,0.0002,knn,knn,10000,60000,0.9231,0.0069,0.9294,0.0077,0.9314,0.0073,0.2504,0.0286,0.3840,0.0887,0.3020,0.0472,0.6157,0.0213
rk45,2,4,3,0.0116,0.0002,altered_knn,altered_knn,10000,40000,0.9188,0.0079,0.9288,0.0085,0.9294,0.0080,0.0389,0.0303,0.0621,0.0625,0.0470,0.0417,0.4879,0.0173
rk45,2,4,3,0.0116,0.0002,quadratic,quadratic,10000,60000,0.9087,0.0230,0.9143,0.0240,0.9213,0.0177,0.2164,0.0758,0.4273,0.0794,0.2707,0.0526,0.5925,0.0383
rk45,2,4,3,0.0116,0.0002,polar3,polar,10000,60000,0.9215,0.0081,0.9272,0.0089,0.9320,0.0086,0.2046,0.0197,0.4292,0.0766,0.2767,0.0335,0.6019,0.0138
rk45,2,4,3,0.0116,0.0002,knn,knn,15000,90000,0.9240,0.0068,0.9303,0.0076,0.9315,0.0072,0.2819,0.0261,0.3862,0.0859,0.3243,0.0461,0.6273,0.0208
rk45,2,4,3,0.0116,0.0002,altered_knn,altered_knn,15000,60000,0.9208,0.0061,0.9311,0.0064,0.9301,0.0071,0.0440,0.0393,0.0405,0.0348,0.0422,0.0369,0.4866,0.0163
rk45,2,4,3,0.0116,0.0002,quadratic,quadratic,15000,90000,0.9084,0.0226,0.9140,0.0237,0.9209,0.0175,0.2173,0.0758,0.4271,0.0778,0.2716,0.0526,0.5928,0.0381
rk45,2,4,3,0.0116,0.0002,polar3,polar,15000,90000,0.9215,0.0080,0.9273,0.0088,0.9321,0.0086,0.2063,0.0210,0.4317,0.0793,0.2787,0.0352,0.6030,0.0148
rk45,2,4,3,0.0116,0.0002,knn,knn,20000,120000,0.9246,0.0067,0.9309,0.0074,0.9317,0.0071,0.3037,0.0250,0.3884,0.0803,0.3394,0.0448,0.6351,0.0202
rk45,2,4,3,0.0116,0.0002,altered_knn,altered_knn,20000,80000,0.9194,0.0077,0.9295,0.0082,0.9296,0.0076,0.0407,0.0332,0.0572,0.0564,0.0471,0.0423,0.4883,0.0181
rk45,2,4,3,0.0116,0.0002,quadratic,quadratic,20000,120000,0.9090,0.0219,0.9146,0.0230,0.9213,0.0169,0.2193,0.0759,0.4272,0.0783,0.2733,0.0522,0.5940,0.0376
rk45,2,4,3,0.0116,0.0002,polar3,polar,20000,120000,0.9216,0.0082,0.9274,0.0090,0.9321,0.0087,0.2080,0.0203,0.4320,0.0791,0.2802,0.0344,0.6038,0.0145
rk45,2,8,3,0.0114,0.0006,knn,knn,2000,24000,0.9567,0.0042,0.9621,0.0037,0.9714,0.0037,0.1850,0.0095,0.4921,0.0339,0.2689,0.0145,0.6155,0.0091
rk45,2,8,3,0.0114,0.0006,altered_knn,altered_knn,2000,16000,0.9455,0.0016,0.9533,0.0016,0.9653,0.0019,0.0839,0.0062,0.2672,0.0560,0.1271,0.0124,0.5402,0.0055
rk45,2,8,3,0.0114,0.0006,quadratic,quadratic,2000,24000,0.8265,0.0038,0.8294,0.0037,0.8908,0.0034,0.0440,0.0020,0.5717,0.0059,0.0817,0.0034,0.4556,0.0005
rk45,2,8,3,0.0114,0.0006,polar3,polar,2000,24000,0.9618,0.0033,0.9668,0.0027,0.9755,0.0029,0.2100,0.0113,0.5372,0.0461,0.3018,0.0184,0.6343,0.0105
rk45,2,8,3,0.0114,0.0006,knn,knn,5000,60000,0.9630,0.0048,0.9690,0.0042,0.9745,0.0044,0.2259,0.0142,0.4468,0.0462,0.2999,0.0226,0.6344,0.0133
rk45,2,8,3,0.0114,0.0006,altered_knn,altered_knn,5000,40000,0.9551,0.0028,0.9636,0.0022,0.9706,0.0032,0.0977,0.0078,0.2226,0.0550,0.1350,0.0173,0.5493,0.0088
rk45,2,8,3,0.0114,0.0006,quadratic,quadratic,5000,60000,0.8232,0.0035,0.8261,0.0035,0.8884,0.0035,0.0433,0.0023,0.5725,0.0077,0.0805,0.0040,0.4533,0.0007
rk45,2,8,3,0.0114,0.0006,polar3,polar,5000,60000,0.9620,0.0037,0.9669,0.0032,0.9755,0.0033,0.2116,0.0095,0.5347,0.0397,0.3031,0.0153,0.6350,0.0092
rk45,2,8,3,0.0114,0.0006,knn,knn,10000,120000,0.9657,0.0049,0.9721,0.0043,0.9753,0.0046,0.2624,0.0134,0.4127,0.0433,0.3205,0.0232,0.6463,0.0135
rk45,2,8,3,0.0114,0.0006,altered_knn,altered_knn,10000,80000,0.9589,0.0056,0.9682,0.0060,0.9723,0.0044,0.0936,0.0099,0.1631,0.0578,0.1152,0.0157,0.5417,0.0086
rk45,2,8,3,0.0114,0.0006,quadratic,quadratic,10000,120000,0.8249,0.0045,0.8278,0.0045,0.8898,0.0041,0.0436,0.0019,0.5730,0.0081,0.0810,0.0034,0.4544,0.0009
rk45,2,8,3,0.0114,0.0006,polar3,polar,10000,120000,0.9624,0.0033,0.9672,0.0028,0.9758,0.0030,0.2159,0.0078,0.5444,0.0375,0.3091,0.0141,0.6382,0.0084
rk45,2,8,3,0.0114,0.0006,knn,knn,15000,180000,0.9668,0.0048,0.9734,0.0042,0.9756,0.0046,0.2879,0.0116,0.3976,0.0409,0.3336,0.0224,0.6535,0.0130
rk45,2,8,3,0.0114,0.0006,altered_knn,altered_knn,15000,120000,0.9628,0.0061,0.9727,0.0062,0.9733,0.0046,0.0937,0.0096,0.1010,0.0308,0.0937,0.0125,0.5332,0.0050
rk45,2,8,3,0.0114,0.0006,quadratic,quadratic,15000,180000,0.8257,0.0050,0.8286,0.0049,0.8902,0.0043,0.0438,0.0018,0.5722,0.0078,0.0814,0.0031,0.4550,0.0011
rk45,2,8,3,0.0114,0.0006,polar3,polar,15000,180000,0.9624,0.0032,0.9673,0.0026,0.9758,0.0029,0.2148,0.0091,0.5411,0.0440,0.3074,0.0158,0.6373,0.0092
rk45,2,8,3,0.0114,0.0006,knn,knn,20000,240000,0.9675,0.0048,0.9742,0.0043,0.9757,0.0046,0.3083,0.0121,0.3897,0.0387,0.3440,0.0229,0.6591,0.0131
rk45,2,8,3,0.0114,0.0006,altered_knn,altered_knn,20000,160000,0.9645,0.0066,0.9748,0.0065,0.9738,0.0047,0.0972,0.0119,0.0725,0.0225,0.0795,0.0086,0.5272,0.0026
rk45,2,8,3,0.0114,0.0006,quadratic,quadratic,20000,240000,0.8323,0.0047,0.8353,0.0046,0.8948,0.0041,0.0450,0.0018,0.5658,0.0076,0.0833,0.0031,0.4593,0.0008
rk45,2,8,3,0.0114,0.0006,polar3,polar,20000,240000,0.9632,0.0033,0.9683,0.0026,0.9762,0.0031,0.2182,0.0082,0.5280,0.0521,0.3085,0.0172,0.6384,0.0098
rk45,4,2,3,0.0111,0.0006,knn,knn,2000,6000,0.9164,0.0023,0.9216,0.0023,0.9219,0.0027,0.4278,0.0161,0.4455,0.0349,0.4353,0.0125,0.6785,0.0074
rk45,4,2,3,0.0111,0.0006,altered_knn,altered_knn,2000,4000,0.8878,0.0395,0.8956,0.0416,0.9275,0.0152,0.0286,0.0039,0.1975,0.1364,0.0465,0.0040,0.4710,0.0195
rk45,4,2,3,0.0111,0.0006,quadratic,quadratic,2000,6000,0.9792,0.0049,0.9823,0.0052,0.9853,0.0035,0.4668,0.0647,0.6953,0.0340,0.5542,0.0405,0.7683,0.0224
rk45,4,2,3,0.0111,0.0006,polar3,polar,2000,6000,0.9862,0.0033,0.9877,0.0034,0.9922,0.0016,0.4801,0.0609,0.8517,0.0125,0.6113,0.0489,0.7995,0.0261
rk45,4,2,3,0.0111,0.0006,knn,knn,5000,15000,0.9316,0.0030,0.9362,0.0029,0.9366,0.0033,0.4795,0.0279,0.5182,0.0336,0.4970,0.0182,0.7166,0.0103
rk45,4,2,3,0.0111,0.0006,altered_knn,altered_knn,5000,10000,0.8403,0.0237,0.8454,0.0246,0.9103,0.0131,0.0287,0.0027,0.3901,0.0553,0.0533,0.0044,0.4493,0.0132
rk45,4,2,3,0.0111,0.0006,quadratic,quadratic,5000,15000,0.9806,0.0036,0.9838,0.0039,0.9865,0.0025,0.4746,0.0541,0.6918,0.0343,0.5594,0.0304,0.7716,0.0167
rk45,4,2,3,0.0111,0.0006,polar3,polar,5000,15000,0.9861,0.0033,0.9876,0.0034,0.9922,0.0017,0.4768,0.0595,0.8496,0.0150,0.6080,0.0475,0.7978,0.0254
rk45,4,2,3,0.0111,0.0006,knn,knn,10000,30000,0.9417,0.0008,0.9461,0.0007,0.9466,0.0013,0.5092,0.0191,0.5551,0.0391,0.5297,0.0071,0.7379,0.0039
rk45,4,2,3,0.0111,0.0006,altered_knn,altered_knn,10000,20000,0.8572,0.0284,0.8629,0.0297,0.9201,0.0148,0.0296,0.0031,0.3526,0.0734,0.0542,0.0049,0.4586,0.0162
rk45,4,2,3,0.0111,0.0006,quadratic,quadratic,10000,30000,0.9817,0.0028,0.9850,0.0031,0.9876,0.0017,0.4768,0.0483,0.6921,0.0343,0.5615,0.0251,0.7732,0.0140
rk45,4,2,3,0.0111,0.0006,polar3,polar,10000,30000,0.9860,0.0033,0.9875,0.0034,0.9922,0.0017,0.4759,0.0600,0.8530,0.0117,0.6082,0.0488,0.7979,0.0261
rk45,4,2,3,0.0111,0.0006,knn,knn,15000,45000,0.9477,0.0008,0.9518,0.0010,0.9527,0.0003,0.4980,0.0227,0.5786,0.0405,0.5338,0.0118,0.7428,0.0057
rk45,4,2,3,0.0111,0.0006,altered_knn,altered_knn,15000,30000,0.9138,0.0191,0.9218,0.0200,0.9473,0.0070,0.0350,0.0015,0.1991,0.0736,0.0584,0.0012,0.4901,0.0096
rk45,4,2,3,0.0111,0.0006,quadratic,quadratic,15000,45000,0.9817,0.0028,0.9850,0.0031,0.9877,0.0017,0.4755,0.0467,0.6943,0.0343,0.5615,0.0238,0.7732,0.0134
rk45,4,2,3,0.0111,0.0006,polar3,polar,15000,45000,0.9860,0.0033,0.9875,0.0034,0.9922,0.0017,0.4746,0.0592,0.8536,0.0109,0.6075,0.0484,0.7975,0.0259
rk45,4,2,3,0.0111,0.0006,knn,knn,20000,60000,0.9515,0.0012,0.9555,0.0013,0.9565,0.0008,0.5111,0.0230,0.5930,0.0451,0.5472,0.0090,0.7514,0.0045
rk45,4,2,3,0.0111,0.0006,altered_knn,altered_knn,20000,40000,0.9081,0.0308,0.9159,0.0322,0.9447,0.0136,0.0334,0.0004,0.2137,0.1136,0.0561,0.0041,0.4860,0.0140
rk45,4,2,3,0.0111,0.0006,quadratic,quadratic,20000,60000,0.9816,0.0025,0.9849,0.0027,0.9876,0.0013,0.4765,0.0475,0.6928,0.0348,0.5615,0.0241,0.7732,0.0134
rk45,4,2,3,0.0111,0.0006,polar3,polar,20000,60000,0.9859,0.0033,0.9874,0.0034,0.9921,0.0017,0.4731,0.0582,0.8524,0.0106,0.6060,0.0477,0.7967,0.0255
rk45,4,4,3,0.0121,0.0003,knn,knn,2000,12000,0.8376,0.0108,0.8423,0.0110,0.8459,0.0134,0.1962,0.0228,0.4477,0.0181,0.2725,0.0255,0.5574,0.0079
rk45,4,4,3,0.0121,0.0003,altered_knn,altered_knn,2000,8000,0.8092,0.0173,0.8151,0.0192,0.8639,0.0057,0.0304,0.0018,0.3313,0.1240,0.0544,0.0008,0.4348,0.0095
rk45,4,4,3,0.0121,0.0003,quadratic,quadratic,2000,12000,0.9146,0.0310,0.9184,0.0317,0.9214,0.0307,0.3276,0.0590,0.6021,0.0273,0.4193,0.0452,0.6689,0.0380
rk45,4,4,3,0.0121,0.0003,polar3,polar,2000,12000,0.9247,0.0200,0.9283,0.0205,0.9307,0.0205,0.3510,0.0197,0.6303,0.0330,0.4497,0.0098,0.6890,0.0151
rk45,4,4,3,0.0121,0.0003,knn,knn,5000,30000,0.8649,0.0137,0.8696,0.0141,0.8718,0.0158,0.2329,0.0149,0.4781,0.0289,0.3132,0.0197,0.5914,0.0039
rk45,4,4,3,0.0121,0.0003,altered_knn,altered_knn,5000,20000,0.8428,0.0418,0.8502,0.0445,0.8798,0.0176,0.0373,0.0048,0.2421,0.1865,0.0582,0.0040,0.4542,0.0231
rk45,4,4,3,0.0121,0.0003,quadratic,quadratic,5000,30000,0.9137,0.0317,0.9176,0.0324,0.9201,0.0317,0.3336,0.0583,0.5990,0.0303,0.4235,0.0429,0.6705,0.0374
rk45,4,4,3,0.0121,0.0003,polar3,polar,5000,30000,0.9256,0.0196,0.9293,0.0200,0.9314,0.0200,0.3649,0.0226,0.6293,0.0319,0.4606,0.0105,0.6950,0.0153
rk45,4,4,3,0.0121,0.0003,knn,knn,10000,60000,0.8830,0.0132,0.8877,0.0137,0.8895,0.0155,0.2610,0.0189,0.5003,0.0333,0.3430,0.0240,0.6154,0.0059
rk45,4,4,3,0.0121,0.0003,altered_knn,altered_knn,10000,40000,0.8806,0.0136,0.8898,0.0135,0.8987,0.0176,0.0419,0.0042,0.1317,0.0064,0.0633,0.0042,0.4766,0.0050
rk45,4,4,3,0.0121,0.0003,quadratic,quadratic,10000,60000,0.9157,0.0308,0.9195,0.0315,0.9219,0.0310,0.3400,0.0537,0.5992,0.0327,0.4292,0.0376,0.6744,0.0343
rk45,4,4,3,0.0121,0.0003,polar3,polar,10000,60000,0.9259,0.0191,0.9295,0.0196,0.9316,0.0196,0.3639,0.0201,0.6284,0.0318,0.4597,0.0081,0.6946,0.0137
rk45,4,4,3,0.0121,0.0003,knn,knn,15000,90000,0.8910,0.0137,0.8957,0.0142,0.8976,0.0160,0.2658,0.0217,0.5088,0.0336,0.3492,0.0266,0.6224,0.0072
rk45,4,4,3,0.0121,0.0003,altered_knn,altered_knn,15000,60000,0.8826,0.0165,0.8918,0.0170,0.9007,0.0181,0.0469,0.0058,0.1350,0.0905,0.0620,0.0051,0.4769,0.0063
rk45,4,4,3,0.0121,0.0003,quadratic,quadratic,15000,90000,0.9157,0.0311,0.9195,0.0318,0.9218,0.0314,0.3402,0.0523,0.5990,0.0319,0.4296,0.0367,0.6746,0.0340
rk45,4,4,3,0.0121,0.0003,polar3,polar,15000,90000,0.9261,0.0193,0.9297,0.0197,0.9318,0.0199,0.3636,0.0163,0.6271,0.0326,0.4593,0.0049,0.6945,0.0123
rk45,4,4,3,0.0121,0.0003,knn,knn,20000,120000,0.8964,0.0132,0.9010,0.0136,0.9028,0.0155,0.2800,0.0238,0.5190,0.0335,0.3637,0.0280,0.6323,0.0075
rk45,4,4,3,0.0121,0.0003,altered_knn,altered_knn,20000,80000,0.8730,0.0194,0.8814,0.0209,0.8984,0.0156,0.0439,0.0082,0.1896,0.1430,0.0625,0.0054,0.4719,0.0078
rk45,4,4,3,0.0121,0.0003,quadratic,quadratic,20000,120000,0.9164,0.0303,0.9203,0.0310,0.9225,0.0306,0.3422,0.0520,0.5990,0.0308,0.4314,0.0364,0.6758,0.0335
rk45,4,4,3,0.0121,0.0003,polar3,polar,20000,120000,0.9262,0.0191,0.9299,0.0195,0.9319,0.0198,0.3665,0.0143,0.6264,0.0317,0.4616,0.0037,0.6957,0.0116
rk45,4,8,3,0.0127,0.0002,knn,knn,2000,24000,0.7925,0.0086,0.7974,0.0086,0.8101,0.0083,0.1073,0.0072,0.4109,0.0092,0.1701,0.0095,0.4838,0.0088
rk45,4,8,3,0.0127,0.0002,altered_knn,altered_knn,2000,16000,0.8475,0.0110,0.8574,0.0110,0.8607,0.0117,0.0445,0.0034,0.0868,0.0155,0.0582,0.0032,0.4578,0.0068
rk45,4,8,3,0.0127,0.0002,quadratic,quadratic,2000,24000,0.8829,0.0176,0.8879,0.0178,0.8921,0.0183,0.2381,0.0233,0.5001,0.0110,0.3218,0.0201,0.6048,0.0183
rk45,4,8,3,0.0127,0.0002,polar3,polar,2000,24000,0.9033,0.0251,0.9088,0.0250,0.9135,0.0246,0.2393,0.0249,0.4757,0.0297,0.3182,0.0282,0.6135,0.0265
rk45,4,8,3,0.0127,0.0002,knn,knn,5000,60000,0.8283,0.0094,0.8335,0.0095,0.8431,0.0094,0.1322,0.0103,0.4221,0.0085,0.2012,0.0124,0.5174,0.0108
rk45,4,8,3,0.0127,0.0002,altered_knn,altered_knn,5000,40000,0.8571,0.0069,0.8668,0.0062,0.8708,0.0128,0.0508,0.0017,0.1056,0.0580,0.0617,0.0212,0.4642,0.0136
rk45,4,8,3,0.0127,0.0002,quadratic,quadratic,5000,60000,0.8822,0.0182,0.8872,0.0184,0.8913,0.0188,0.2396,0.0256,0.4981,0.0089,0.3226,0.0228,0.6049,0.0201
rk45,4,8,3,0.0127,0.0002,polar3,polar,5000,60000,0.9036,0.0240,0.9091,0.0240,0.9135,0.0235,0.2466,0.0233,0.4731,0.0251,0.3240,0.0260,0.6166,0.0249
rk45,4,8,3,0.0127,0.0002,knn,knn,10000,120000,0.8502,0.0111,0.8557,0.0112,0.8636,0.0112,0.1508,0.0110,0.4271,0.0023,0.2227,0.0121,0.5392,0.0116
rk45,4,8,3,0.0127,0.0002,altered_knn,altered_knn,10000,80000,0.8638,0.0128,0.8736,0.0130,0.8779,0.0133,0.0540,0.0070,0.1090,0.0459,0.0682,0.0049,0.4709,0.0076
rk45,4,8,3,0.0127,0.0002,quadratic,quadratic,10000,120000,0.8827,0.0182,0.8877,0.0184,0.8919,0.0188,0.2394,0.0250,0.4988,0.0089,0.3225,0.0216,0.6051,0.0195
rk45,4,8,3,0.0127,0.0002,polar3,polar,10000,120000,0.9040,0.0240,0.9096,0.0240,0.9138,0.0234,0.2477,0.0230,0.4704,0.0209,0.3243,0.0248,0.6170,0.0243
rk45,4,8,3,0.0127,0.0002,knn,knn,15000,180000,0.8610,0.0120,0.8665,0.0121,0.8735,0.0122,0.1639,0.0127,0.4317,0.0053,0.2374,0.0142,0.5520,0.0131
rk45,4,8,3,0.0127,0.0002,altered_knn,altered_knn,15000,120000,0.8703,0.0134,0.8803,0.0133,0.8823,0.0143,0.0579,0.0066,0.0974,0.0162,0.0726,0.0095,0.4765,0.0113
rk45,4,8,3,0.0127,0.0002,quadratic,quadratic,15000,180000,0.8835,0.0182,0.8884,0.0184,0.8927,0.0189,0.2399,0.0244,0.4980,0.0084,0.3229,0.0209,0.6057,0.0191
rk45,4,8,3,0.0127,0.0002,polar3,polar,15000,180000,0.9044,0.0239,0.9100,0.0239,0.9142,0.0234,0.2477,0.0220,0.4709,0.0218,0.3245,0.0241,0.6172,0.0239
rk45,4,8,3,0.0127,0.0002,knn,knn,20000,240000,0.8675,0.0127,0.8732,0.0127,0.8795,0.0130,0.1719,0.0138,0.4281,0.0096,0.2452,0.0157,0.5592,0.0140
rk45,4,8,3,0.0127,0.0002,altered_knn,altered_knn,20000,160000,0.8634,0.0107,0.8726,0.0105,0.8827,0.0140,0.0503,0.0050,0.1556,0.0341,0.0750,0.0059,0.4738,0.0080
rk45,4,8,3,0.0127,0.0002,quadratic,quadratic,20000,240000,0.8886,0.0172,0.8937,0.0174,0.8977,0.0177,0.2481,0.0232,0.4927,0.0081,0.3293,0.0194,0.6115,0.0178
rk45,4,8,3,0.0127,0.0002,polar3,polar,20000,240000,0.9044,0.0239,0.9100,0.0238,0.9142,0.0233,0.2481,0.0226,0.4684,0.0237,0.3243,0.0250,0.6172,0.0244
rk45,4,16,3,0.0140,0.0004,knn,knn,2000,48000,0.7715,0.0048,0.7769,0.0048,0.7933,0.0054,0.0965,0.0032,0.3878,0.0025,0.1545,0.0041,0.4657,0.0014
rk45,4,16,3,0.0140,0.0004,altered_knn,altered_knn,2000,32000,0.8274,0.0156,0.8360,0.0174,0.8561,0.0010,0.0579,0.0119,0.2182,0.1316,0.0732,0.0169,0.4546,0.0016
rk45,4,16,3,0.0140,0.0004,quadratic,quadratic,2000,48000,0.8745,0.0043,0.8807,0.0044,0.8886,0.0044,0.1873,0.0086,0.4394,0.0073,0.2624,0.0072,0.5716,0.0046
rk45,4,16,3,0.0140,0.0004,polar3,polar,2000,48000,0.9214,0.0041,0.9285,0.0044,0.9349,0.0040,0.2123,0.0087,0.4248,0.0057,0.2830,0.0077,0.6057,0.0060
rk45,4,16,3,0.0140,0.0004,knn,knn,5000,120000,0.8135,0.0044,0.8195,0.0044,0.8322,0.0047,0.1208,0.0032,0.3947,0.0059,0.1850,0.0031,0.5022,0.0022
rk45,4,16,3,0.0140,0.0004,altered_knn,altered_knn,5000,80000,0.8509,0.0100,0.8605,0.0111,0.8721,0.0013,0.0638,0.0064,0.1758,0.0803,0.0885,0.0038,0.4745,0.0045
rk45,4,16,3,0.0140,0.0004,quadratic,quadratic,5000,120000,0.8750,0.0049,0.8812,0.0050,0.8889,0.0047,0.1898,0.0118,0.4393,0.0096,0.2647,0.0101,0.5730,0.0068
rk45,4,16,3,0.0140,0.0004,polar3,polar,5000,120000,0.9214,0.0040,0.9286,0.0043,0.9348,0.0039,0.2143,0.0097,0.4217,0.0042,0.2840,0.0087,0.6063,0.0064
rk45,4,16,3,0.0140,0.0004,knn,knn,10000,240000,0.8419,0.0031,0.8483,0.0031,0.8586,0.0033,0.1409,0.0054,0.3934,0.0021,0.2074,0.0058,0.5278,0.0021
rk45,4,16,3,0.0140,0.0004,altered_knn,altered_knn,10000,160000,0.8707,0.0014,0.8816,0.0015,0.8826,0.0013,0.0812,0.0026,0.0986,0.0058,0.0889,0.0029,0.4853,0.0019
rk45,4,16,3,0.0140,0.0004,quadratic,quadratic,10000,240000,0.8795,0.0043,0.8858,0.0044,0.8931,0.0040,0.1948,0.0132,0.4372,0.0085,0.2691,0.0114,0.5774,0.0072
rk45,4,16,3,0.0140,0.0004,polar3,polar,10000,240000,0.9220,0.0043,0.9291,0.0046,0.9351,0.0041,0.2174,0.0105,0.4220,0.0032,0.2869,0.0092,0.6080,0.0068
rk45,4,16,3,0.0140,0.0004,knn,knn,15000,360000,0.8563,0.0037,0.8628,0.0037,0.8720,0.0037,0.1539,0.0046,0.3954,0.0021,0.2215,0.0046,0.5421,0.0025
rk45,4,16,3,0.0140,0.0004,altered_knn,altered_knn,15000,240000,0.8762,0.0032,0.8874,0.0042,0.8874,0.0012,0.0936,0.0120,0.0905,0.0605,0.0782,0.0262,0.4828,0.0110
rk45,4,16,3,0.0140,0.0004,quadratic,quadratic,15000,360000,0.8861,0.0031,0.8924,0.0033,0.9025,0.0032,0.1662,0.0092,0.4446,0.0077,0.2417,0.0088,0.5670,0.0050
rk45,4,16,3,0.0140,0.0004,polar3,polar,15000,360000,0.9223,0.0046,0.9295,0.0050,0.9354,0.0045,0.2186,0.0106,0.4153,0.0030,0.2863,0.0088,0.6079,0.0068
rk45,4,16,3,0.0140,0.0004,knn,knn,20000,480000,0.8651,0.0030,0.8719,0.0031,0.8801,0.0030,0.1631,0.0067,0.3918,0.0026,0.2303,0.0071,0.5511,0.0042
rk45,4,16,3,0.0140,0.0004,altered_knn,altered_knn,20000,320000,0.8780,0.0037,0.8888,0.0046,0.8908,0.0009,0.0892,0.0071,0.1156,0.0620,0.0923,0.0154,0.4906,0.0054
rk45,4,16,3,0.0140,0.0004,quadratic,quadratic,20000,480000,0.8848,0.0028,0.8910,0.0030,0.9059,0.0030,0.1318,0.0047,0.4505,0.0078,0.2038,0.0049,0.5474,0.0029
rk45,4,16,3,0.0140,0.0004,polar3,polar,20000,480000,0.9225,0.0050,0.9298,0.0053,0.9354,0.0047,0.2207,0.0128,0.4122,0.0031,0.2872,0.0102,0.6085,0.0078
rk45,8,2,3,0.0130,0.0002,knn,knn,2000,6000,0.8246,0.0027,0.8336,0.0028,0.8298,0.0030,0.3815,0.0309,0.1378,0.0150,0.2011,0.0131,0.5173,0.0069
rk45,8,2,3,0.0130,0.0002,altered_knn,altered_knn,2000,4000,0.8382,0.0448,0.8456,0.0466,0.8947,0.0217,0.0308,0.0045,0.2741,0.0938,0.0544,0.0060,0.4500,0.0259
rk45,8,2,3,0.0130,0.0002,quadratic,quadratic,2000,6000,0.9713,0.0034,0.9743,0.0036,0.9804,0.0023,0.3890,0.0422,0.7480,0.0219,0.5097,0.0314,0.7420,0.0172
rk45,8,2,3,0.0130,0.0002,polar3,polar,2000,6000,0.9766,0.0040,0.9778,0.0041,0.9863,0.0021,0.3884,0.0441,0.8843,0.0123,0.5380,0.0419,0.7579,0.0230
rk45,8,2,3,0.0130,0.0002,knn,knn,5000,15000,0.8404,0.0012,0.8493,0.0014,0.8456,0.0011,0.4641,0.0426,0.1599,0.0157,0.2366,0.0160,0.5430,0.0073
rk45,8,2,3,0.0130,0.0002,altered_knn,altered_knn,5000,10000,0.8370,0.0481,0.8445,0.0498,0.8947,0.0235,0.0292,0.0050,0.2635,0.0923,0.0517,0.0070,0.4481,0.0274
rk45,8,2,3,0.0130,0.0002,quadratic,quadratic,5000,15000,0.9753,0.0034,0.9784,0.0037,0.9837,0.0019,0.4132,0.0476,0.7431,0.0242,0.5284,0.0336,0.7534,0.0186
rk45,8,2,3,0.0130,0.0002,polar3,polar,5000,15000,0.9776,0.0043,0.9788,0.0044,0.9871,0.0023,0.3962,0.0491,0.8849,0.0110,0.5453,0.0464,0.7620,0.0254
rk45,8,2,3,0.0130,0.0002,knn,knn,10000,30000,0.8542,0.0031,0.8628,0.0033,0.8591,0.0032,0.5386,0.0055,0.1992,0.0177,0.2904,0.0187,0.5766,0.0087
rk45,8,2,3,0.0130,0.0002,altered_knn,altered_knn,10000,20000,0.8305,0.0431,0.8377,0.0450,0.8941,0.0192,0.0277,0.0024,0.2862,0.1083,0.0493,0.0015,0.4435,0.0228
rk45,8,2,3,0.0130,0.0002,quadratic,quadratic,10000,30000,0.9760,0.0030,0.9791,0.0033,0.9843,0.0017,0.4201,0.0429,0.7441,0.0239,0.5348,0.0291,0.7569,0.0162
rk45,8,2,3,0.0130,0.0002,polar3,polar,10000,30000,0.9776,0.0043,0.9788,0.0044,0.9871,0.0023,0.3940,0.0476,0.8823,0.0132,0.5426,0.0442,0.7607,0.0243
rk45,8,2,3,0.0130,0.0002,knn,knn,15000,45000,0.8593,0.0029,0.8678,0.0029,0.8642,0.0030,0.5492,0.0061,0.2129,0.0161,0.3064,0.0163,0.5871,0.0083
rk45,8,2,3,0.0130,0.0002,altered_knn,altered_knn,15000,30000,0.8253,0.0422,0.8317,0.0439,0.8940,0.0203,0.0296,0.0037,0.3307,0.0903,0.0536,0.0043,0.4427,0.0241
rk45,8,2,3,0.0130,0.0002,quadratic,quadratic,15000,45000,0.9768,0.0031,0.9798,0.0034,0.9849,0.0019,0.4230,0.0406,0.7459,0.0235,0.5378,0.0273,0.7588,0.0153
rk45,8,2,3,0.0130,0.0002,polar3,polar,15000,45000,0.9775,0.0042,0.9788,0.0044,0.9871,0.0022,0.3936,0.0479,0.8825,0.0129,0.5423,0.0444,0.7605,0.0244
rk45,8,2,3,0.0130,0.0002,knn,knn,20000,60000,0.8632,0.0026,0.8715,0.0028,0.8679,0.0027,0.5804,0.0252,0.2347,0.0183,0.3333,0.0149,0.6024,0.0070
rk45,8,2,3,0.0130,0.0002,altered_knn,altered_knn,20000,40000,0.8338,0.0401,0.8406,0.0419,0.8986,0.0177,0.0302,0.0027,0.3178,0.1050,0.0541,0.0027,0.4474,0.0219
rk45,8,2,3,0.0130,0.0002,quadratic,quadratic,20000,60000,0.9765,0.0030,0.9796,0.0033,0.9847,0.0018,0.4211,0.0403,0.7439,0.0236,0.5358,0.0270,0.7577,0.0151
rk45,8,2,3,0.0130,0.0002,polar3,polar,20000,60000,0.9776,0.0042,0.9788,0.0044,0.9871,0.0023,0.3940,0.0473,0.8820,0.0140,0.5426,0.0436,0.7607,0.0240
rk45,8,4,3,0.0129,0.0002,knn,knn,2000,12000,0.7023,0.0036,0.7091,0.0034,0.7082,0.0048,0.1881,0.0338,0.1834,0.0142,0.1826,0.0118,0.4458,0.0043
rk45,8,4,3,0.0129,0.0002,altered_knn,altered_knn,2000,8000,0.8199,0.0159,0.8284,0.0168,0.8491,0.0067,0.0360,0.0046,0.1726,0.0551,0.0574,0.0021,0.4429,0.0090
rk45,8,4,3,0.0129,0.0002,quadratic,quadratic,2000,12000,0.9354,0.0102,0.9393,0.0100,0.9406,0.0113,0.4908,0.0437,0.6384,0.0276,0.5526,0.0181,0.7459,0.0056
rk45,8,4,3,0.0129,0.0002,polar3,polar,2000,12000,0.9436,0.0161,0.9465,0.0160,0.9492,0.0175,0.4653,0.0443,0.7155,0.0224,0.5618,0.0268,0.7542,0.0107
rk45,8,4,3,0.0129,0.0002,knn,knn,5000,30000,0.7251,0.0060,0.7318,0.0059,0.7307,0.0063,0.2286,0.0223,0.2073,0.0092,0.2170,0.0127,0.4744,0.0078
rk45,8,4,3,0.0129,0.0002,altered_knn,altered_knn,5000,20000,0.8187,0.0193,0.8269,0.0207,0.8532,0.0029,0.0326,0.0023,0.1885,0.0879,0.0532,0.0035,0.4401,0.0096
rk45,8,4,3,0.0129,0.0002,quadratic,quadratic,5000,30000,0.9389,0.0104,0.9429,0.0102,0.9440,0.0114,0.5045,0.0444,0.6368,0.0261,0.5607,0.0181,0.7518,0.0067
rk45,8,4,3,0.0129,0.0002,polar3,polar,5000,30000,0.9468,0.0161,0.9498,0.0160,0.9518,0.0172,0.5025,0.0433,0.7179,0.0286,0.5891,0.0215,0.7694,0.0104
rk45,8,4,3,0.0129,0.0002,knn,knn,10000,60000,0.7437,0.0048,0.7503,0.0047,0.7485,0.0052,0.2938,0.0328,0.2369,0.0195,0.2616,0.0206,0.5059,0.0121
rk45,8,4,3,0.0129,0.0002,altered_knn,altered_knn,10000,40000,0.8207,0.0173,0.8284,0.0182,0.8588,0.0079,0.0355,0.0038,0.2310,0.0501,0.0608,0.0042,0.4446,0.0112
rk45,8,4,3,0.0129,0.0002,quadratic,quadratic,10000,60000,0.9399,0.0100,0.9438,0.0098,0.9448,0.0110,0.5123,0.0450,0.6387,0.0273,0.5662,0.0175,0.7550,0.0060
rk45,8,4,3,0.0129,0.0002,polar3,polar,10000,60000,0.9477,0.0158,0.9507,0.0156,0.9527,0.0169,0.5127,0.0423,0.7155,0.0274,0.5953,0.0203,0.7730,0.0085
rk45,8,4,3,0.0129,0.0002,knn,knn,15000,90000,0.7513,0.0046,0.7578,0.0045,0.7557,0.0052,0.3410,0.0274,0.2515,0.0144,0.2890,0.0159,0.5234,0.0089
rk45,8,4,3,0.0129,0.0002,altered_knn,altered_knn,15000,60000,0.8499,0.0126,0.8594,0.0133,0.8693,0.0066,0.0407,0.0045,0.1156,0.0460,0.0577,0.0027,0.4586,0.0064
rk45,8,4,3,0.0129,0.0002,quadratic,quadratic,15000,90000,0.9405,0.0098,0.9445,0.0096,0.9455,0.0107,0.5145,0.0432,0.6369,0.0268,0.5670,0.0163,0.7557,0.0061
rk45,8,4,3,0.0129,0.0002,polar3,polar,15000,90000,0.9482,0.0157,0.9512,0.0156,0.9531,0.0167,0.5180,0.0420,0.7167,0.0276,0.5994,0.0200,0.7753,0.0095
rk45,8,4,3,0.0129,0.0002,knn,knn,20000,120000,0.7575,0.0050,0.7640,0.0048,0.7619,0.0056,0.3528,0.0178,0.2590,0.0228,0.2980,0.0161,0.5310,0.0101
rk45,8,4,3,0.0129,0.0002,altered_knn,altered_knn,20000,80000,0.8495,0.0144,0.8590,0.0152,0.8707,0.0074,0.0381,0.0036,0.1212,0.0511,0.0540,0.0057,0.4565,0.0048
rk45,8,4,3,0.0129,0.0002,quadratic,quadratic,20000,120000,0.9409,0.0097,0.9449,0.0095,0.9458,0.0106,0.5161,0.0419,0.6354,0.0275,0.5674,0.0150,0.7562,0.0059
rk45,8,4,3,0.0129,0.0002,polar3,polar,20000,120000,0.9482,0.0154,0.9512,0.0152,0.9531,0.0164,0.5206,0.0434,0.7170,0.0265,0.6012,0.0213,0.7762,0.0099
rk45,8,8,3,0.0137,0.0002,knn,knn,2000,24000,0.6077,0.0021,0.6130,0.0022,0.6189,0.0012,0.0954,0.0144,0.2292,0.0082,0.1338,0.0136,0.3734,0.0077
rk45,8,8,3,0.0137,0.0002,altered_knn,altered_knn,2000,16000,0.7750,0.0068,0.7826,0.0073,0.8086,0.0065,0.0400,0.0026,0.2316,0.0445,0.0678,0.0032,0.4252,0.0051
rk45,8,8,3,0.0137,0.0002,quadratic,quadratic,2000,24000,0.9152,0.0050,0.9202,0.0051,0.9208,0.0049,0.4768,0.0319,0.5565,0.0109,0.5126,0.0146,0.7164,0.0090
rk45,8,8,3,0.0137,0.0002,polar3,polar,2000,24000,0.9385,0.0110,0.9437,0.0113,0.9447,0.0106,0.4725,0.0351,0.5678,0.0101,0.5147,0.0173,0.7292,0.0143
rk45,8,8,3,0.0137,0.0002,knn,knn,5000,60000,0.6356,0.0001,0.6410,0.0002,0.6455,0.0002,0.1141,0.0038,0.2473,0.0088,0.1560,0.0020,0.3985,0.0011
rk45,8,8,3,0.0137,0.0002,altered_knn,altered_knn,5000,40000,0.7943,0.0035,0.8029,0.0037,0.8192,0.0069,0.0437,0.0016,0.1767,0.0558,0.0686,0.0065,0.4358,0.0036
rk45,8,8,3,0.0137,0.0002,quadratic,quadratic,5000,60000,0.9179,0.0044,0.9228,0.0045,0.9234,0.0042,0.4818,0.0340,0.5602,0.0103,0.5170,0.0160,0.7199,0.0095
rk45,8,8,3,0.0137,0.0002,polar3,polar,5000,60000,0.9420,0.0122,0.9473,0.0125,0.9477,0.0119,0.5194,0.0358,0.5670,0.0111,0.5411,0.0158,0.7442,0.0138
rk45,8,8,3,0.0137,0.0002,knn,knn,10000,120000,0.6584,0.0013,0.6639,0.0012,0.6674,0.0014,0.1347,0.0059,0.2603,0.0121,0.1775,0.0068,0.4207,0.0036
rk45,8,8,3,0.0137,0.0002,altered_knn,altered_knn,10000,80000,0.8072,0.0076,0.8163,0.0078,0.8286,0.0060,0.0464,0.0026,0.1526,0.0142,0.0708,0.0016,0.4436,0.0047
rk45,8,8,3,0.0137,0.0002,quadratic,quadratic,10000,120000,0.9179,0.0050,0.9228,0.0051,0.9233,0.0048,0.4856,0.0365,0.5596,0.0113,0.5188,0.0170,0.7208,0.0103
rk45,8,8,3,0.0137,0.0002,polar3,polar,10000,120000,0.9431,0.0120,0.9484,0.0123,0.9486,0.0116,0.5345,0.0373,0.5654,0.0112,0.5485,0.0155,0.7484,0.0133
rk45,8,8,3,0.0137,0.0002,knn,knn,15000,180000,0.6715,0.0015,0.6771,0.0014,0.6800,0.0012,0.1515,0.0039,0.2686,0.0084,0.1937,0.0053,0.4354,0.0031
rk45,8,8,3,0.0137,0.0002,altered_knn,altered_knn,15000,120000,0.8119,0.0045,0.8209,0.0043,0.8344,0.0062,0.0461,0.0012,0.1609,0.0142,0.0716,0.0029,0.4463,0.0036
rk45,8,8,3,0.0137,0.0002,quadratic,quadratic,15000,180000,0.9186,0.0051,0.9236,0.0053,0.9240,0.0050,0.4895,0.0340,0.5591,0.0109,0.5209,0.0153,0.7223,0.0096
rk45,8,8,3,0.0137,0.0002,polar3,polar,15000,180000,0.9439,0.0116,0.9492,0.0119,0.9493,0.0112,0.5428,0.0364,0.5642,0.0113,0.5522,0.0144,0.7507,0.0125
rk45,8,8,3,0.0137,0.0002,knn,knn,20000,240000,0.6804,0.0013,0.6861,0.0012,0.6887,0.0010,0.1619,0.0033,0.2721,0.0094,0.2030,0.0050,0.4445,0.0028
rk45,8,8,3,0.0137,0.0002,altered_knn,altered_knn,20000,160000,0.8105,0.0078,0.8192,0.0082,0.8370,0.0058,0.0447,0.0025,0.1882,0.0328,0.0716,0.0019,0.4454,0.0047
rk45,8,8,3,0.0137,0.0002,quadratic,quadratic,20000,240000,0.9221,0.0047,0.9273,0.0049,0.9273,0.0046,0.5133,0.0336,0.5512,0.0115,0.5306,0.0134,0.7289,0.0084
rk45,8,8,3,0.0137,0.0002,polar3,polar,20000,240000,0.9440,0.0116,0.9494,0.0119,0.9495,0.0113,0.5460,0.0337,0.5632,0.0110,0.5536,0.0128,0.7515,0.0119
rk45,8,16,3,0.0151,0.0006,knn,knn,2000,48000,0.5285,0.0021,0.5323,0.0021,0.5464,0.0023,0.0615,0.0009,0.2799,0.0066,0.1008,0.0009,0.3166,0.0015
rk45,8,16,3,0.0151,0.0006,altered_knn,altered_knn,2000,32000,0.7315,0.0196,0.7391,0.0216,0.7630,0.0050,0.0445,0.0033,0.2270,0.1255,0.0675,0.0094,0.4033,0.0069
rk45,8,16,3,0.0151,0.0006,quadratic,quadratic,2000,48000,0.8810,0.0009,0.8870,0.0009,0.8877,0.0007,0.3847,0.0026,0.4894,0.0078,0.4308,0.0044,0.6589,0.0018
rk45,8,16,3,0.0151,0.0006,polar3,polar,2000,48000,0.9143,0.0074,0.9216,0.0072,0.9219,0.0070,0.3858,0.0106,0.4413,0.0064,0.4116,0.0088,0.6666,0.0078
rk45,8,16,3,0.0151,0.0006,knn,knn,5000,120000,0.5624,0.0018,0.5666,0.0018,0.5789,0.0024,0.0732,0.0028,0.2879,0.0041,0.1167,0.0038,0.3417,0.0021
rk45,8,16,3,0.0151,0.0006,altered_knn,altered_knn,5000,80000,0.7496,0.0108,0.7579,0.0122,0.7776,0.0020,0.0471,0.0037,0.2084,0.0859,0.0738,0.0032,0.4158,0.0052
rk45,8,16,3,0.0151,0.0006,quadratic,quadratic,5000,120000,0.8831,0.0008,0.8891,0.0008,0.8898,0.0009,0.3894,0.0048,0.4939,0.0061,0.4355,0.0052,0.6623,0.0023
rk45,8,16,3,0.0151,0.0006,polar3,polar,5000,120000,0.9186,0.0072,0.9260,0.0070,0.9260,0.0070,0.4073,0.0095,0.4399,0.0047,0.4229,0.0066,0.6744,0.0058
rk45,8,16,3,0.0151,0.0006,knn,knn,10000,240000,0.5912,0.0006,0.5958,0.0008,0.6066,0.0008,0.0838,0.0036,0.2942,0.0038,0.1304,0.0046,0.3631,0.0027
rk45,8,16,3,0.0151,0.0006,altered_knn,altered_knn,10000,160000,0.7659,0.0067,0.7750,0.0069,0.7897,0.0028,0.0473,0.0016,0.1731,0.0295,0.0737,0.0021,0.4244,0.0027
rk45,8,16,3,0.0151,0.0006,quadratic,quadratic,10000,240000,0.8879,0.0011,0.8941,0.0011,0.8942,0.0011,0.4159,0.0051,0.4833,0.0063,0.4471,0.0052,0.6706,0.0020
rk45,8,16,3,0.0151,0.0006,polar3,polar,10000,240000,0.9188,0.0067,0.9262,0.0064,0.9260,0.0065,0.4185,0.0067,0.4385,0.0064,0.4282,0.0046,0.6772,0.0050
rk45,8,16,3,0.0151,0.0006,knn,knn,15000,360000,0.6062,0.0011,0.6110,0.0014,0.6211,0.0009,0.0900,0.0040,0.2970,0.0045,0.1381,0.0047,0.3745,0.0030
rk45,8,16,3,0.0151,0.0006,altered_knn,altered_knn,15000,240000,0.7854,0.0033,0.7965,0.0036,0.7956,0.0026,0.0535,0.0031,0.0572,0.0283,0.0516,0.0130,0.4241,0.0058
rk45,8,16,3,0.0151,0.0006,quadratic,quadratic,15000,360000,0.8993,0.0014,0.9060,0.0013,0.9051,0.0013,0.4702,0.0085,0.4640,0.0052,0.4670,0.0062,0.6865,0.0026
rk45,8,16,3,0.0151,0.0006,polar3,polar,15000,360000,0.9187,0.0065,0.9262,0.0062,0.9257,0.0063,0.4295,0.0067,0.4338,0.0063,0.4315,0.0029,0.6789,0.0040
rk45,8,16,3,0.0151,0.0006,knn,knn,20000,480000,0.6163,0.0006,0.6211,0.0008,0.6307,0.0004,0.0952,0.0038,0.2994,0.0061,0.1444,0.0043,0.3828,0.0024
rk45,8,16,3,0.0151,0.0006,altered_knn,altered_knn,20000,320000,0.7865,0.0031,0.7971,0.0028,0.8002,0.0027,0.0553,0.0001,0.0956,0.0027,0.0701,0.0007,0.4336,0.0012
rk45,8,16,3,0.0151,0.0006,quadratic,quadratic,20000,480000,0.9044,0.0023,0.9113,0.0021,0.9101,0.0021,0.4890,0.0097,0.4549,0.0047,0.4713,0.0064,0.6913,0.0029
rk45,8,16,3,0.0151,0.0006,polar3,polar,20000,480000,0.9188,0.0067,0.9262,0.0064,0.9256,0.0066,0.4390,0.0072,0.4327,0.0077,0.4358,0.0042,0.6810,0.0047
rk45,16,2,3,0.0138,0.0004,knn,knn,2000,6000,0.8007,0.0035,0.8115,0.0032,0.8063,0.0035,0.2355,0.0363,0.0248,0.0032,0.0448,0.0053,0.4282,0.0034
rk45,16,2,3,0.0138,0.0004,altered_knn,altered_knn,2000,4000,0.8345,0.0370,0.8421,0.0386,0.8954,0.0179,0.0311,0.0029,0.2874,0.0802,0.0555,0.0034,0.4488,0.0210
rk45,16,2,3,0.0138,0.0004,quadratic,quadratic,2000,6000,0.9522,0.0038,0.9549,0.0039,0.9659,0.0015,0.2937,0.0283,0.7598,0.0099,0.4226,0.0284,0.6888,0.0161
rk45,16,2,3,0.0138,0.0004,polar3,polar,2000,6000,0.9569,0.0027,0.9576,0.0028,0.9685,0.0012,0.3496,0.0211,0.9031,0.0078,0.5036,0.0215,0.7306,0.0121
rk45,16,2,3,0.0138,0.0004,knn,knn,5000,15000,0.8034,0.0011,0.8143,0.0012,0.8090,0.0012,0.2601,0.0309,0.0229,0.0017,0.0421,0.0032,0.4282,0.0011
rk45,16,2,3,0.0138,0.0004,altered_knn,altered_knn,5000,10000,0.7620,0.0904,0.7667,0.0938,0.8539,0.0565,0.0268,0.0013,0.4146,0.1605,0.0496,0.0011,0.4082,0.0474
rk45,16,2,3,0.0138,0.0004,quadratic,quadratic,5000,15000,0.9586,0.0036,0.9612,0.0036,0.9721,0.0010,0.3021,0.0337,0.7707,0.0070,0.4327,0.0343,0.6970,0.0190
rk45,16,2,3,0.0138,0.0004,polar3,polar,5000,15000,0.9684,0.0039,0.9690,0.0039,0.9805,0.0018,0.3517,0.0318,0.9288,0.0045,0.5094,0.0338,0.7392,0.0188
rk45,16,2,3,0.0138,0.0004,knn,knn,10000,30000,0.8089,0.0013,0.8198,0.0016,0.8142,0.0015,0.3394,0.0672,0.0281,0.0053,0.0519,0.0098,0.4359,0.0055
rk45,16,2,3,0.0138,0.0004,altered_knn,altered_knn,10000,20000,0.8087,0.0339,0.8154,0.0356,0.8820,0.0143,0.0293,0.0045,0.3327,0.0703,0.0532,0.0062,0.4343,0.0208
rk45,16,2,3,0.0138,0.0004,quadratic,quadratic,10000,30000,0.9606,0.0042,0.9634,0.0043,0.9738,0.0015,0.3092,0.0369,0.7645,0.0114,0.4387,0.0367,0.7010,0.0205
rk45,16,2,3,0.0138,0.0004,polar3,polar,10000,30000,0.9708,0.0046,0.9714,0.0047,0.9829,0.0023,0.3528,0.0350,0.9312,0.0050,0.5106,0.0371,0.7410,0.0209
rk45,16,2,3,0.0138,0.0004,knn,knn,15000,45000,0.8124,0.0027,0.8234,0.0028,0.8176,0.0030,0.3683,0.0464,0.0284,0.0022,0.0527,0.0042,0.4380,0.0020
rk45,16,2,3,0.0138,0.0004,altered_knn,altered_knn,15000,30000,0.6992,0.0403,0.7015,0.0419,0.8172,0.0250,0.0255,0.0021,0.5379,0.0653,0.0485,0.0034,0.3750,0.0226
rk45,16,2,3,0.0138,0.0004,quadratic,quadratic,15000,45000,0.9619,0.0046,0.9646,0.0047,0.9751,0.0016,0.3126,0.0429,0.7691,0.0126,0.4424,0.0429,0.7035,0.0238
rk45,16,2,3,0.0138,0.0004,polar3,polar,15000,45000,0.9709,0.0045,0.9715,0.0046,0.9832,0.0022,0.3497,0.0351,0.9304,0.0066,0.5072,0.0374,0.7394,0.0210
rk45,16,2,3,0.0138,0.0004,knn,knn,20000,60000,0.8124,0.0016,0.8234,0.0016,0.8177,0.0016,0.3452,0.0180,0.0281,0.0049,0.0518,0.0084,0.4376,0.0047
rk45,16,2,3,0.0138,0.0004,altered_knn,altered_knn,20000,40000,0.7998,0.0846,0.8064,0.0882,0.8712,0.0460,0.0295,0.0043,0.3273,0.1684,0.0526,0.0056,0.4295,0.0464
rk45,16,2,3,0.0138,0.0004,quadratic,quadratic,20000,60000,0.9638,0.0056,0.9666,0.0058,0.9766,0.0025,0.3211,0.0468,0.7692,0.0170,0.4504,0.0451,0.7085,0.0254
rk45,16,2,3,0.0138,0.0004,polar3,polar,20000,60000,0.9712,0.0047,0.9717,0.0048,0.9835,0.0024,0.3488,0.0343,0.9321,0.0062,0.5066,0.0366,0.7392,0.0207
rk45,16,4,3,0.0130,0.0003,knn,knn,2000,12000,0.6420,0.0025,0.6498,0.0028,0.6465,0.0029,0.1401,0.0149,0.0474,0.0064,0.0705,0.0079,0.3602,0.0033
rk45,16,4,3,0.0130,0.0003,altered_knn,altered_knn,2000,8000,0.8307,0.0186,0.8391,0.0197,0.8610,0.0100,0.0398,0.0030,0.1938,0.0747,0.0634,0.0044,0.4512,0.0091
rk45,16,4,3,0.0130,0.0003,quadratic,quadratic,2000,12000,0.9414,0.0056,0.9447,0.0058,0.9479,0.0048,0.4581,0.0537,0.6881,0.0153,0.5475,0.0351,0.7461,0.0201
rk45,16,4,3,0.0130,0.0003,polar3,polar,2000,12000,0.9469,0.0050,0.9486,0.0053,0.9541,0.0049,0.4220,0.0238,0.8202,0.0169,0.5566,0.0181,0.7526,0.0111
rk45,16,4,3,0.0130,0.0003,knn,knn,5000,30000,0.6534,0.0021,0.6613,0.0023,0.6580,0.0022,0.1721,0.0058,0.0512,0.0063,0.0785,0.0070,0.3699,0.0024
rk45,16,4,3,0.0130,0.0003,altered_knn,altered_knn,5000,20000,0.7980,0.0287,0.8046,0.0301,0.8519,0.0113,0.0329,0.0046,0.3006,0.0771,0.0585,0.0064,0.4316,0.0182
rk45,16,4,3,0.0130,0.0003,quadratic,quadratic,5000,30000,0.9511,0.0052,0.9544,0.0054,0.9573,0.0046,0.4817,0.0491,0.6977,0.0169,0.5677,0.0296,0.7611,0.0170
rk45,16,4,3,0.0130,0.0003,polar3,polar,5000,30000,0.9646,0.0070,0.9663,0.0073,0.9714,0.0065,0.4599,0.0329,0.8338,0.0144,0.5918,0.0242,0.7790,0.0156
rk45,16,4,3,0.0130,0.0003,knn,knn,10000,60000,0.6635,0.0030,0.6716,0.0032,0.6680,0.0032,0.1916,0.0121,0.0478,0.0029,0.0763,0.0033,0.3740,0.0007
rk45,16,4,3,0.0130,0.0003,altered_knn,altered_knn,10000,40000,0.8036,0.0437,0.8110,0.0462,0.8508,0.0141,0.0346,0.0070,0.2438,0.1505,0.0539,0.0053,0.4324,0.0247
rk45,16,4,3,0.0130,0.0003,quadratic,quadratic,10000,60000,0.9543,0.0060,0.9577,0.0063,0.9603,0.0055,0.4935,0.0507,0.6950,0.0198,0.5747,0.0289,0.7662,0.0171
rk45,16,4,3,0.0130,0.0003,polar3,polar,10000,60000,0.9678,0.0075,0.9696,0.0078,0.9746,0.0069,0.4664,0.0372,0.8342,0.0167,0.5970,0.0270,0.7833,0.0173
rk45,16,4,3,0.0130,0.0003,knn,knn,15000,90000,0.6687,0.0012,0.6768,0.0014,0.6731,0.0013,0.2105,0.0182,0.0512,0.0023,0.0822,0.0018,0.3795,0.0006
rk45,16,4,3,0.0130,0.0003,altered_knn,altered_knn,15000,60000,0.8259,0.0225,0.8346,0.0240,0.8581,0.0078,0.0339,0.0046,0.1655,0.0836,0.0535,0.0030,0.4440,0.0127
rk45,16,4,3,0.0130,0.0003,quadratic,quadratic,15000,90000,0.9558,0.0060,0.9592,0.0062,0.9617,0.0054,0.4975,0.0521,0.6942,0.0190,0.5771,0.0298,0.7682,0.0174
rk45,16,4,3,0.0130,0.0003,polar3,polar,15000,90000,0.9682,0.0080,0.9700,0.0083,0.9749,0.0073,0.4695,0.0401,0.8343,0.0146,0.5994,0.0298,0.7847,0.0187
rk45,16,4,3,0.0130,0.0003,knn,knn,20000,120000,0.6698,0.0021,0.6778,0.0023,0.6743,0.0020,0.2552,0.0077,0.0579,0.0048,0.0942,0.0059,0.3860,0.0018
rk45,16,4,3,0.0130,0.0003,altered_knn,altered_knn,20000,80000,0.8309,0.0071,0.8400,0.0078,0.8595,0.0033,0.0328,0.0041,0.1440,0.0586,0.0515,0.0053,0.4457,0.0031
rk45,16,4,3,0.0130,0.0003,quadratic,quadratic,20000,120000,0.9560,0.0067,0.9594,0.0070,0.9619,0.0059,0.5008,0.0582,0.6944,0.0171,0.5791,0.0348,0.7692,0.0207
rk45,16,4,3,0.0130,0.0003,polar3,polar,20000,120000,0.9674,0.0073,0.9692,0.0076,0.9739,0.0065,0.4770,0.0450,0.8347,0.0152,0.6053,0.0335,0.7872,0.0205
rk45,16,8,3,0.0139,0.0002,knn,knn,2000,24000,0.5110,0.0031,0.5169,0.0033,0.5158,0.0029,0.0885,0.0121,0.0931,0.0039,0.0900,0.0052,0.3034,0.0042
rk45,16,8,3,0.0139,0.0002,altered_knn,altered_knn,2000,16000,0.7841,0.0081,0.7928,0.0093,0.8058,0.0032,0.0469,0.0025,0.1655,0.0871,0.0696,0.0071,0.4312,0.0019
rk45,16,8,3,0.0139,0.0002,quadratic,quadratic,2000,24000,0.9118,0.0029,0.9160,0.0030,0.9173,0.0029,0.4902,0.0294,0.6196,0.0104,0.5466,0.0146,0.7313,0.0087
rk45,16,8,3,0.0139,0.0002,polar3,polar,2000,24000,0.9328,0.0065,0.9362,0.0066,0.9376,0.0064,0.5362,0.0244,0.6915,0.0105,0.6037,0.0157,0.7699,0.0110
rk45,16,8,3,0.0139,0.0002,knn,knn,5000,60000,0.5265,0.0017,0.5326,0.0018,0.5311,0.0017,0.0983,0.0079,0.0908,0.0025,0.0942,0.0039,0.3134,0.0028
rk45,16,8,3,0.0139,0.0002,altered_knn,altered_knn,5000,40000,0.7800,0.0118,0.7886,0.0129,0.8054,0.0051,0.0415,0.0036,0.1741,0.0555,0.0652,0.0040,0.4269,0.0058
rk45,16,8,3,0.0139,0.0002,quadratic,quadratic,5000,60000,0.9215,0.0028,0.9256,0.0029,0.9269,0.0027,0.5108,0.0343,0.6299,0.0131,0.5632,0.0167,0.7444,0.0098
rk45,16,8,3,0.0139,0.0002,polar3,polar,5000,60000,0.9470,0.0060,0.9506,0.0062,0.9516,0.0060,0.5821,0.0226,0.6910,0.0170,0.6314,0.0112,0.7910,0.0087
rk45,16,8,3,0.0139,0.0002,knn,knn,10000,120000,0.5399,0.0032,0.5462,0.0033,0.5445,0.0033,0.1118,0.0099,0.0901,0.0045,0.0996,0.0058,0.3229,0.0045
rk45,16,8,3,0.0139,0.0002,altered_knn,altered_knn,10000,80000,0.7612,0.0095,0.7681,0.0102,0.8025,0.0042,0.0367,0.0019,0.2707,0.0378,0.0645,0.0022,0.4163,0.0060
rk45,16,8,3,0.0139,0.0002,quadratic,quadratic,10000,120000,0.9247,0.0028,0.9289,0.0030,0.9300,0.0028,0.5225,0.0335,0.6302,0.0152,0.5703,0.0142,0.7496,0.0086
rk45,16,8,3,0.0139,0.0002,polar3,polar,10000,120000,0.9508,0.0059,0.9544,0.0061,0.9552,0.0057,0.5978,0.0300,0.6923,0.0151,0.6409,0.0137,0.7977,0.0099
rk45,16,8,3,0.0139,0.0002,knn,knn,15000,180000,0.5470,0.0018,0.5534,0.0019,0.5514,0.0019,0.1237,0.0106,0.0915,0.0031,0.1049,0.0036,0.3292,0.0028
rk45,16,8,3,0.0139,0.0002,altered_knn,altered_knn,15000,120000,0.7785,0.0091,0.7871,0.0102,0.8032,0.0032,0.0402,0.0012,0.1624,0.0687,0.0612,0.0073,0.4242,0.0020
rk45,16,8,3,0.0139,0.0002,quadratic,quadratic,15000,180000,0.9258,0.0028,0.9299,0.0030,0.9309,0.0028,0.5293,0.0342,0.6303,0.0152,0.5744,0.0143,0.7521,0.0086
rk45,16,8,3,0.0139,0.0002,polar3,polar,15000,180000,0.9519,0.0060,0.9556,0.0062,0.9564,0.0058,0.5985,0.0290,0.6904,0.0152,0.6404,0.0120,0.7980,0.0091
rk45,16,8,3,0.0139,0.0002,knn,knn,20000,240000,0.5522,0.0021,0.5586,0.0022,0.5564,0.0021,0.1404,0.0121,0.0940,0.0023,0.1123,0.0021,0.3355,0.0018
rk45,16,8,3,0.0139,0.0002,altered_knn,altered_knn,20000,160000,0.7627,0.0115,0.7699,0.0123,0.8014,0.0043,0.0369,0.0023,0.2512,0.0455,0.0638,0.0018,0.4168,0.0070
rk45,16,8,3,0.0139,0.0002,quadratic,quadratic,20000,240000,0.9301,0.0026,0.9344,0.0028,0.9349,0.0025,0.5609,0.0370,0.6237,0.0130,0.5896,0.0154,0.7620,0.0091
rk45,16,8,3,0.0139,0.0002,polar3,polar,20000,240000,0.9529,0.0049,0.9565,0.0051,0.9571,0.0047,0.6175,0.0341,0.6921,0.0168,0.6517,0.0125,0.8041,0.0088
rk45,16,16,3,0.0147,0.0001,knn,knn,2000,48000,0.4070,0.0026,0.4110,0.0026,0.4131,0.0019,0.0608,0.0046,0.1350,0.0027,0.0837,0.0039,0.2474,0.0033
rk45,16,16,3,0.0147,0.0001,altered_knn,altered_knn,2000,32000,0.7448,0.0145,0.7533,0.0160,0.7654,0.0059,0.0588,0.0092,0.1730,0.1024,0.0763,0.0147,0.4148,0.0101
rk45,16,16,3,0.0147,0.0001,quadratic,quadratic,2000,48000,0.8926,0.0062,0.8977,0.0064,0.8984,0.0063,0.4741,0.0089,0.5506,0.0053,0.5094,0.0029,0.7036,0.0046
rk45,16,16,3,0.0147,0.0001,polar3,polar,2000,48000,0.9269,0.0049,0.9324,0.0049,0.9316,0.0048,0.6021,0.0173,0.5529,0.0055,0.5763,0.0088,0.7544,0.0062
rk45,16,16,3,0.0147,0.0001,knn,knn,5000,120000,0.4279,0.0022,0.4322,0.0022,0.4338,0.0016,0.0709,0.0059,0.1341,0.0016,0.0926,0.0053,0.2624,0.0032
rk45,16,16,3,0.0147,0.0001,altered_knn,altered_knn,5000,80000,0.7515,0.0061,0.7608,0.0063,0.7664,0.0055,0.0587,0.0009,0.1273,0.0128,0.0802,0.0020,0.4205,0.0028
rk45,16,16,3,0.0147,0.0001,quadratic,quadratic,5000,120000,0.9011,0.0067,0.9062,0.0068,0.9066,0.0067,0.4885,0.0102,0.5564,0.0068,0.5202,0.0047,0.7132,0.0054
rk45,16,16,3,0.0147,0.0001,polar3,polar,5000,120000,0.9378,0.0041,0.9436,0.0042,0.9423,0.0040,0.6419,0.0103,0.5463,0.0063,0.5902,0.0068,0.7669,0.0047
rk45,16,16,3,0.0147,0.0001,knn,knn,10000,240000,0.4445,0.0019,0.4491,0.0019,0.4503,0.0014,0.0796,0.0046,0.1322,0.0010,0.0993,0.0035,0.2742,0.0024
rk45,16,16,3,0.0147,0.0001,altered_knn,altered_knn,10000,160000,0.7146,0.0315,0.7202,0.0342,0.7607,0.0093,0.0451,0.0088,0.3407,0.1558,0.0738,0.0031,0.3970,0.0186
rk45,16,16,3,0.0147,0.0001,quadratic,quadratic,10000,240000,0.9090,0.0069,0.9144,0.0071,0.9141,0.0070,0.5370,0.0098,0.5459,0.0076,0.5413,0.0026,0.7279,0.0046
rk45,16,16,3,0.0147,0.0001,polar3,polar,10000,240000,0.9422,0.0041,0.9481,0.0041,0.9466,0.0040,0.6662,0.0087,0.5474,0.0090,0.6009,0.0065,0.7745,0.0043
rk45,16,16,3,0.0147,0.0001,knn,knn,15000,360000,0.4528,0.0020,0.4576,0.0020,0.4587,0.0016,0.0838,0.0061,0.1323,0.0029,0.1025,0.0053,0.2801,0.0031
rk45,16,16,3,0.0147,0.0001,altered_knn,altered_knn,15000,240000,0.7158,0.0293,0.7214,0.0319,0.7607,0.0092,0.0446,0.0074,0.3351,0.1447,0.0740,0.0025,0.3977,0.0172
rk45,16,16,3,0.0147,0.0001,quadratic,quadratic,15000,360000,0.9210,0.0064,0.9270,0.0065,0.9254,0.0065,0.6245,0.0090,0.5193,0.0074,0.5670,0.0025,0.7470,0.0036
rk45,16,16,3,0.0147,0.0001,polar3,polar,15000,360000,0.9435,0.0044,0.9494,0.0045,0.9478,0.0043,0.6939,0.0120,0.5472,0.0064,0.6117,0.0047,0.7806,0.0042
rk45,16,16,3,0.0147,0.0001,knn,knn,20000,480000,0.4583,0.0024,0.4631,0.0024,0.4640,0.0021,0.0856,0.0012,0.1297,0.0034,0.1031,0.0002,0.2831,0.0012
rk45,16,16,3,0.0147,0.0001,altered_knn,altered_knn,20000,320000,0.7351,0.0246,0.7429,0.0269,0.7635,0.0075,0.0507,0.0085,0.2136,0.1320,0.0747,0.0029,0.4088,0.0149
rk45,16,16,3,0.0147,0.0001,quadratic,quadratic,20000,480000,0.9272,0.0056,0.9334,0.0057,0.9315,0.0056,0.6664,0.0105,0.5099,0.0067,0.5776,0.0014,0.7555,0.0030
rk45,16,16,3,0.0147,0.0001,polar3,polar,20000,480000,0.9440,0.0048,0.9499,0.0049,0.9482,0.0047,0.7069,0.0147,0.5471,0.0068,0.6167,0.0035,0.7833,0.0040
rk45,32,2,3,0.0142,0.0006,knn,knn,2000,6000,0.7995,0.0024,0.8109,0.0019,0.8053,0.0021,0.1198,0.0218,0.0080,0.0010,0.0150,0.0020,0.4129,0.0015
rk45,32,2,3,0.0142,0.0006,altered_knn,altered_knn,2000,4000,0.7596,0.0433,0.7647,0.0451,0.8589,0.0261,0.0250,0.0011,0.4067,0.0823,0.0469,0.0019,0.4058,0.0224
rk45,32,2,3,0.0142,0.0006,quadratic,quadratic,2000,6000,0.8453,0.0065,0.8458,0.0066,0.8972,0.0034,0.0907,0.0017,0.8092,0.0019,0.1631,0.0027,0.5045,0.0046
rk45,32,2,3,0.0142,0.0006,polar3,polar,2000,6000,0.9262,0.0017,0.9259,0.0016,0.9433,0.0016,0.2669,0.0025,0.9477,0.0062,0.4165,0.0031,0.6712,0.0015
rk45,32,2,3,0.0142,0.0006,knn,knn,5000,15000,0.8077,0.0043,0.8193,0.0042,0.8136,0.0043,0.1355,0.0654,0.0062,0.0030,0.0118,0.0058,0.4156,0.0027
rk45,32,2,3,0.0142,0.0006,altered_knn,altered_knn,5000,10000,0.7764,0.0403,0.7818,0.0422,0.8700,0.0232,0.0272,0.0023,0.4075,0.0753,0.0507,0.0032,0.4163,0.0226
rk45,32,2,3,0.0142,0.0006,quadratic,quadratic,5000,15000,0.8755,0.0040,0.8759,0.0041,0.9215,0.0018,0.1075,0.0017,0.8440,0.0013,0.1907,0.0027,0.5333,0.0029
rk45,32,2,3,0.0142,0.0006,polar3,polar,5000,15000,0.9385,0.0012,0.9380,0.0011,0.9576,0.0016,0.2522,0.0021,0.9672,0.0049,0.4000,0.0024,0.6690,0.0010
rk45,32,2,3,0.0142,0.0006,knn,knn,10000,30000,0.8102,0.0046,0.8218,0.0045,0.8159,0.0047,0.1721,0.0342,0.0075,0.0011,0.0144,0.0021,0.4181,0.0021
rk45,32,2,3,0.0142,0.0006,altered_knn,altered_knn,10000,20000,0.7520,0.0137,0.7561,0.0142,0.8558,0.0091,0.0272,0.0011,0.4668,0.0259,0.0514,0.0020,0.4037,0.0064
rk45,32,2,3,0.0142,0.0006,quadratic,quadratic,10000,30000,0.8849,0.0039,0.8854,0.0040,0.9301,0.0018,0.1112,0.0005,0.8515,0.0057,0.1966,0.0010,0.5410,0.0018
rk45,32,2,3,0.0142,0.0006,polar3,polar,10000,30000,0.9462,0.0014,0.9458,0.0014,0.9666,0.0007,0.2441,0.0020,0.9730,0.0053,0.3903,0.0030,0.6681,0.0014
rk45,32,2,3,0.0142,0.0006,knn,knn,15000,45000,0.8101,0.0039,0.8217,0.0035,0.8158,0.0037,0.1533,0.0170,0.0065,0.0004,0.0126,0.0009,0.4171,0.0013
rk45,32,2,3,0.0142,0.0006,altered_knn,altered_knn,15000,30000,0.7156,0.0289,0.7183,0.0300,0.8315,0.0196,0.0264,0.0011,0.5255,0.0508,0.0503,0.0021,0.3843,0.0148
rk45,32,2,3,0.0142,0.0006,quadratic,quadratic,15000,45000,0.8899,0.0039,0.8905,0.0039,0.9341,0.0016,0.1142,0.0015,0.8520,0.0066,0.2014,0.0025,0.5460,0.0028
rk45,32,2,3,0.0142,0.0006,polar3,polar,15000,45000,0.9484,0.0013,0.9480,0.0013,0.9692,0.0006,0.2417,0.0029,0.9747,0.0055,0.3873,0.0040,0.6677,0.0021
rk45,32,2,3,0.0142,0.0006,knn,knn,20000,60000,0.8117,0.0035,0.8234,0.0031,0.8174,0.0033,0.1424,0.0247,0.0054,0.0005,0.0104,0.0009,0.4169,0.0013
rk45,32,2,3,0.0142,0.0006,altered_knn,altered_knn,20000,40000,0.7372,0.1147,0.7410,0.1188,0.8392,0.0793,0.0286,0.0043,0.4847,0.1683,0.0534,0.0068,0.3972,0.0628
rk45,32,2,3,0.0142,0.0006,quadratic,quadratic,20000,60000,0.8927,0.0037,0.8933,0.0038,0.9365,0.0016,0.1155,0.0021,0.8532,0.0046,0.2035,0.0033,0.5484,0.0031
rk45,32,2,3,0.0142,0.0006,polar3,polar,20000,60000,0.9494,0.0014,0.9491,0.0014,0.9704,0.0008,0.2405,0.0049,0.9740,0.0060,0.3857,0.0068,0.6674,0.0034
rk45,32,4,3,0.0142,0.0004,knn,knn,2000,12000,0.6286,0.0074,0.6373,0.0078,0.6329,0.0075,0.0765,0.0023,0.0202,0.0025,0.0318,0.0031,0.3346,0.0028
rk45,32,4,3,0.0142,0.0004,altered_knn,altered_knn,2000,8000,0.8011,0.0227,0.8083,0.0238,0.8635,0.0119,0.0310,0.0042,0.3035,0.0388,0.0559,0.0061,0.4321,0.0148
rk45,32,4,3,0.0142,0.0004,quadratic,quadratic,2000,12000,0.8699,0.0045,0.8716,0.0050,0.8917,0.0017,0.1861,0.0315,0.7514,0.0278,0.2963,0.0375,0.5840,0.0211
rk45,32,4,3,0.0142,0.0004,polar3,polar,2000,12000,0.9189,0.0021,0.9193,0.0023,0.9294,0.0007,0.3560,0.0337,0.8929,0.0167,0.5078,0.0321,0.7136,0.0172
rk45,32,4,3,0.0142,0.0004,knn,knn,5000,30000,0.6399,0.0037,0.6489,0.0040,0.6442,0.0041,0.0868,0.0070,0.0170,0.0024,0.0284,0.0038,0.3386,0.0019
rk45,32,4,3,0.0142,0.0004,altered_knn,altered_knn,5000,20000,0.8176,0.0566,0.8253,0.0594,0.8690,0.0254,0.0397,0.0085,0.2826,0.1346,0.0665,0.0099,0.4459,0.0346
rk45,32,4,3,0.0142,0.0004,quadratic,quadratic,5000,30000,0.9027,0.0066,0.9044,0.0071,0.9237,0.0028,0.2043,0.0334,0.7815,0.0293,0.3218,0.0390,0.6131,0.0231
rk45,32,4,3,0.0142,0.0004,polar3,polar,5000,30000,0.9443,0.0027,0.9447,0.0029,0.9556,0.0019,0.3539,0.0346,0.9149,0.0171,0.5090,0.0330,0.7268,0.0176
rk45,32,4,3,0.0142,0.0004,knn,knn,10000,60000,0.6486,0.0014,0.6577,0.0015,0.6527,0.0017,0.1054,0.0172,0.0175,0.0037,0.0299,0.0060,0.3438,0.0034
rk45,32,4,3,0.0142,0.0004,altered_knn,altered_knn,10000,40000,0.8165,0.0571,0.8242,0.0600,0.8685,0.0253,0.0393,0.0084,0.2841,0.1414,0.0658,0.0100,0.4450,0.0346
rk45,32,4,3,0.0142,0.0004,quadratic,quadratic,10000,60000,0.9161,0.0066,0.9179,0.0071,0.9366,0.0032,0.2148,0.0332,0.7952,0.0297,0.3362,0.0380,0.6270,0.0225
rk45,32,4,3,0.0142,0.0004,polar3,polar,10000,60000,0.9520,0.0038,0.9525,0.0040,0.9637,0.0023,0.3537,0.0355,0.9183,0.0168,0.5093,0.0342,0.7309,0.0190
rk45,32,4,3,0.0142,0.0004,knn,knn,15000,90000,0.6526,0.0019,0.6617,0.0021,0.6568,0.0022,0.1088,0.0098,0.0160,0.0006,0.0278,0.0010,0.3448,0.0010
rk45,32,4,3,0.0142,0.0004,altered_knn,altered_knn,15000,60000,0.8159,0.0553,0.8235,0.0583,0.8684,0.0248,0.0390,0.0071,0.2927,0.1456,0.0659,0.0077,0.4447,0.0329
rk45,32,4,3,0.0142,0.0004,quadratic,quadratic,15000,90000,0.9209,0.0073,0.9227,0.0079,0.9412,0.0042,0.2177,0.0341,0.7960,0.0252,0.3398,0.0392,0.6313,0.0234
rk45,32,4,3,0.0142,0.0004,polar3,polar,15000,90000,0.9557,0.0035,0.9563,0.0038,0.9675,0.0021,0.3542,0.0347,0.9190,0.0169,0.5099,0.0334,0.7331,0.0185
rk45,32,4,3,0.0142,0.0004,knn,knn,20000,120000,0.6554,0.0029,0.6646,0.0031,0.6597,0.0033,0.1142,0.0114,0.0167,0.0028,0.0291,0.0045,0.3469,0.0014
rk45,32,4,3,0.0142,0.0004,altered_knn,altered_knn,20000,80000,0.8002,0.0193,0.8065,0.0203,0.8665,0.0098,0.0337,0.0019,0.3603,0.0556,0.0615,0.0031,0.4340,0.0108
rk45,32,4,3,0.0142,0.0004,quadratic,quadratic,20000,120000,0.9234,0.0076,0.9252,0.0081,0.9435,0.0044,0.2200,0.0341,0.7973,0.0254,0.3428,0.0393,0.6340,0.0236
rk45,32,4,3,0.0142,0.0004,polar3,polar,20000,120000,0.9565,0.0032,0.9571,0.0034,0.9683,0.0018,0.3546,0.0352,0.9183,0.0162,0.5103,0.0340,0.7337,0.0186
rk45,32,8,3,0.0143,0.0001,knn,knn,2000,24000,0.4865,0.0060,0.4930,0.0062,0.4901,0.0062,0.0616,0.0021,0.0413,0.0036,0.0493,0.0020,0.2711,0.0024
rk45,32,8,3,0.0143,0.0001,altered_knn,altered_knn,2000,16000,0.7876,0.0375,0.7952,0.0398,0.8269,0.0175,0.0458,0.0086,0.2700,0.1111,0.0752,0.0091,0.4352,0.0244
rk45,32,8,3,0.0143,0.0001,quadratic,quadratic,2000,24000,0.8594,0.0037,0.8621,0.0040,0.8706,0.0025,0.2861,0.0267,0.6712,0.0175,0.4001,0.0238,0.6311,0.0137
rk45,32,8,3,0.0143,0.0001,polar3,polar,2000,24000,0.9152,0.0028,0.9168,0.0029,0.9210,0.0022,0.4897,0.0353,0.8072,0.0097,0.6086,0.0264,0.7627,0.0146
rk45,32,8,3,0.0143,0.0001,knn,knn,5000,60000,0.4997,0.0036,0.5064,0.0037,0.5032,0.0038,0.0683,0.0036,0.0368,0.0016,0.0479,0.0021,0.2771,0.0016
rk45,32,8,3,0.0143,0.0001,altered_knn,altered_knn,5000,40000,0.8184,0.0055,0.8275,0.0053,0.8423,0.0076,0.0538,0.0034,0.1939,0.0255,0.0841,0.0066,0.4558,0.0059
rk45,32,8,3,0.0143,0.0001,quadratic,quadratic,5000,60000,0.8980,0.0050,0.9008,0.0053,0.9084,0.0038,0.3275,0.0312,0.7048,0.0121,0.4460,0.0273,0.6734,0.0163
rk45,32,8,3,0.0143,0.0001,polar3,polar,5000,60000,0.9387,0.0044,0.9404,0.0046,0.9445,0.0039,0.5129,0.0335,0.8229,0.0115,0.6311,0.0236,0.7858,0.0139
rk45,32,8,3,0.0143,0.0001,knn,knn,10000,120000,0.5092,0.0025,0.5161,0.0026,0.5125,0.0027,0.0790,0.0008,0.0373,0.0013,0.0506,0.0010,0.2833,0.0008
rk45,32,8,3,0.0143,0.0001,altered_knn,altered_knn,10000,80000,0.8086,0.0138,0.8166,0.0146,0.8421,0.0080,0.0493,0.0051,0.2587,0.0436,0.0819,0.0044,0.4492,0.0095
rk45,32,8,3,0.0143,0.0001,quadratic,quadratic,10000,120000,0.9120,0.0047,0.9149,0.0049,0.9225,0.0035,0.3378,0.0303,0.7138,0.0133,0.4575,0.0264,0.6862,0.0156
rk45,32,8,3,0.0143,0.0001,polar3,polar,10000,120000,0.9437,0.0030,0.9455,0.0032,0.9496,0.0024,0.5141,0.0340,0.8224,0.0112,0.6319,0.0241,0.7887,0.0135
rk45,32,8,3,0.0143,0.0001,knn,knn,15000,180000,0.5134,0.0033,0.5203,0.0034,0.5168,0.0035,0.0812,0.0105,0.0362,0.0033,0.0501,0.0052,0.2852,0.0043
rk45,32,8,3,0.0143,0.0001,altered_knn,altered_knn,15000,120000,0.8213,0.0119,0.8307,0.0127,0.8430,0.0074,0.0577,0.0062,0.1785,0.0381,0.0856,0.0027,0.4581,0.0076
rk45,32,8,3,0.0143,0.0001,quadratic,quadratic,15000,180000,0.9170,0.0056,0.9199,0.0058,0.9273,0.0044,0.3424,0.0298,0.7159,0.0139,0.4622,0.0253,0.6910,0.0155
rk45,32,8,3,0.0143,0.0001,polar3,polar,15000,180000,0.9452,0.0018,0.9470,0.0020,0.9511,0.0013,0.5145,0.0346,0.8223,0.0109,0.6321,0.0248,0.7895,0.0134
rk45,32,8,3,0.0143,0.0001,knn,knn,20000,240000,0.5170,0.0042,0.5240,0.0044,0.5204,0.0046,0.0821,0.0055,0.0351,0.0021,0.0492,0.0031,0.2866,0.0026
rk45,32,8,3,0.0143,0.0001,altered_knn,altered_knn,20000,160000,0.8172,0.0197,0.8265,0.0213,0.8413,0.0084,0.0547,0.0089,0.1798,0.0849,0.0782,0.0026,0.4523,0.0117
rk45,32,8,3,0.0143,0.0001,quadratic,quadratic,20000,240000,0.9241,0.0062,0.9272,0.0065,0.9337,0.0052,0.3678,0.0321,0.7125,0.0137,0.4840,0.0256,0.7056,0.0160
rk45,32,8,3,0.0143,0.0001,polar3,polar,20000,240000,0.9464,0.0016,0.9482,0.0017,0.9524,0.0011,0.5141,0.0341,0.8240,0.0109,0.6323,0.0245,0.7902,0.0131
rk45,32,16,3,0.0152,0.0007,knn,knn,2000,48000,0.3665,0.0033,0.3712,0.0036,0.3696,0.0031,0.0502,0.0016,0.0615,0.0019,0.0552,0.0011,0.2132,0.0017
rk45,32,16,3,0.0152,0.0007,altered_knn,altered_knn,2000,32000,0.7691,0.0053,0.7779,0.0060,0.7916,0.0029,0.0602,0.0053,0.2027,0.0217,0.0922,0.0039,0.4350,0.0049
rk45,32,16,3,0.0152,0.0007,quadratic,quadratic,2000,48000,0.8350,0.0014,0.8383,0.0016,0.8436,0.0012,0.3350,0.0141,0.6232,0.0104,0.4355,0.0107,0.6369,0.0061
rk45,32,16,3,0.0152,0.0007,polar3,polar,2000,48000,0.9109,0.0028,0.9142,0.0031,0.9145,0.0028,0.6675,0.0295,0.7001,0.0095,0.6830,0.0145,0.7986,0.0078
rk45,32,16,3,0.0152,0.0007,knn,knn,5000,120000,0.3805,0.0019,0.3855,0.0021,0.3836,0.0016,0.0562,0.0018,0.0605,0.0015,0.0583,0.0013,0.2219,0.0011
rk45,32,16,3,0.0152,0.0007,altered_knn,altered_knn,5000,80000,0.7810,0.0105,0.7899,0.0121,0.8023,0.0032,0.0724,0.0137,0.2110,0.0653,0.1031,0.0080,0.4465,0.0100
rk45,32,16,3,0.0152,0.0007,quadratic,quadratic,5000,120000,0.8761,0.0030,0.8796,0.0031,0.8841,0.0029,0.3833,0.0183,0.6543,0.0138,0.4830,0.0139,0.6813,0.0085
rk45,32,16,3,0.0152,0.0007,polar3,polar,5000,120000,0.9317,0.0029,0.9353,0.0032,0.9354,0.0029,0.6915,0.0297,0.7012,0.0113,0.6958,0.0132,0.8155,0.0071
rk45,32,16,3,0.0152,0.0007,knn,knn,10000,240000,0.3905,0.0015,0.3957,0.0017,0.3937,0.0011,0.0610,0.0031,0.0565,0.0003,0.0586,0.0015,0.2272,0.0016
rk45,32,16,3,0.0152,0.0007,altered_knn,altered_knn,10000,160000,0.7841,0.0095,0.7931,0.0111,0.8048,0.0023,0.0722,0.0125,0.2029,0.0709,0.1007,0.0047,0.4469,0.0074
rk45,32,16,3,0.0152,0.0007,quadratic,quadratic,10000,240000,0.8978,0.0035,0.9017,0.0037,0.9047,0.0034,0.4415,0.0183,0.6484,0.0133,0.5249,0.0120,0.7133,0.0078
rk45,32,16,3,0.0152,0.0007,polar3,polar,10000,240000,0.9368,0.0022,0.9404,0.0025,0.9405,0.0021,0.6923,0.0291,0.7040,0.0111,0.6976,0.0128,0.8190,0.0069
rk45,32,16,3,0.0152,0.0007,knn,knn,15000,360000,0.3964,0.0020,0.4017,0.0023,0.3997,0.0016,0.0642,0.0026,0.0559,0.0011,0.0597,0.0009,0.2307,0.0014
rk45,32,16,3,0.0152,0.0007,altered_knn,altered_knn,15000,240000,0.7785,0.0064,0.7869,0.0072,0.8040,0.0006,0.0618,0.0036,0.2355,0.0543,0.0967,0.0016,0.4418,0.0036
rk45,32,16,3,0.0152,0.0007,quadratic,quadratic,15000,360000,0.9163,0.0031,0.9208,0.0034,0.9217,0.0030,0.5396,0.0210,0.6270,0.0134,0.5796,0.0105,0.7502,0.0069
rk45,32,16,3,0.0152,0.0007,polar3,polar,15000,360000,0.9391,0.0016,0.9426,0.0019,0.9429,0.0016,0.6832,0.0286,0.7156,0.0112,0.6986,0.0138,0.8206,0.0070
rk45,32,16,3,0.0152,0.0007,knn,knn,20000,480000,0.4002,0.0025,0.4055,0.0028,0.4035,0.0023,0.0665,0.0025,0.0561,0.0008,0.0609,0.0013,0.2332,0.0019
rk45,32,16,3,0.0152,0.0007,altered_knn,altered_knn,20000,320000,0.7712,0.0029,0.7788,0.0035,0.8022,0.0018,0.0574,0.0028,0.2814,0.0195,0.0951,0.0032,0.4370,0.0032
rk45,32,16,3,0.0152,0.0007,quadratic,quadratic,20000,480000,0.9253,0.0027,0.9299,0.0030,0.9302,0.0027,0.5825,0.0235,0.6226,0.0140,0.6015,0.0116,0.7657,0.0072
rk45,32,16,3,0.0152,0.0007,polar3,polar,20000,480000,0.9415,0.0019,0.9449,0.0022,0.9455,0.0019,0.6637,0.0286,0.7264,0.0112,0.6932,0.0145,0.8190,0.0076
rk45,64,2,3,0.0160,0.0004,knn,knn,2000,6000,0.8029,0.0134,0.8160,0.0134,0.8095,0.0135,0.0603,0.0180,0.0044,0.0014,0.0082,0.0026,0.4121,0.0075
rk45,64,2,3,0.0160,0.0004,altered_knn,altered_knn,2000,4000,0.6288,0.0379,0.6302,0.0387,0.7686,0.0286,0.0235,0.0017,0.5414,0.0172,0.0451,0.0031,0.3376,0.0207
rk45,64,2,3,0.0160,0.0004,quadratic,quadratic,2000,6000,0.3638,0.0216,0.3605,0.0225,0.4703,0.0187,0.0189,0.0002,0.5619,0.0260,0.0366,0.0004,0.1986,0.0114
rk45,64,2,3,0.0160,0.0004,polar3,polar,2000,6000,0.8576,0.0015,0.8557,0.0015,0.8973,0.0024,0.1451,0.0005,0.9711,0.0022,0.2525,0.0008,0.5541,0.0010
rk45,64,2,3,0.0160,0.0004,knn,knn,5000,15000,0.8131,0.0114,0.8263,0.0114,0.8198,0.0115,0.0536,0.0142,0.0031,0.0009,0.0059,0.0018,0.4161,0.0049
rk45,64,2,3,0.0160,0.0004,altered_knn,altered_knn,5000,10000,0.6513,0.0260,0.6533,0.0263,0.7862,0.0192,0.0243,0.0020,0.5249,0.0061,0.0464,0.0036,0.3499,0.0149
rk45,64,2,3,0.0160,0.0004,quadratic,quadratic,5000,15000,0.4671,0.0317,0.4597,0.0324,0.6176,0.0288,0.0285,0.0013,0.9241,0.0020,0.0554,0.0025,0.2575,0.0174
rk45,64,2,3,0.0160,0.0004,polar3,polar,5000,15000,0.8679,0.0046,0.8661,0.0047,0.9107,0.0033,0.1399,0.0032,0.9778,0.0033,0.2447,0.0050,0.5554,0.0046
rk45,64,2,3,0.0160,0.0004,knn,knn,10000,30000,0.8166,0.0093,0.8298,0.0092,0.8231,0.0093,0.0766,0.0230,0.0033,0.0010,0.0063,0.0019,0.4181,0.0036
rk45,64,2,3,0.0160,0.0004,altered_knn,altered_knn,10000,20000,0.6410,0.0764,0.6424,0.0788,0.7758,0.0595,0.0252,0.0023,0.5557,0.0738,0.0481,0.0041,0.3452,0.0409
rk45,64,2,3,0.0160,0.0004,quadratic,quadratic,10000,30000,0.5094,0.0301,0.5022,0.0307,0.6615,0.0265,0.0311,0.0014,0.9490,0.0064,0.0602,0.0026,0.2812,0.0167
rk45,64,2,3,0.0160,0.0004,polar3,polar,10000,30000,0.8732,0.0058,0.8715,0.0060,0.9182,0.0032,0.1357,0.0047,0.9793,0.0062,0.2383,0.0072,0.5549,0.0066
rk45,64,2,3,0.0160,0.0004,knn,knn,15000,45000,0.8195,0.0095,0.8328,0.0094,0.8261,0.0095,0.0490,0.0149,0.0019,0.0005,0.0036,0.0009,0.4182,0.0047
rk45,64,2,3,0.0160,0.0004,altered_knn,altered_knn,15000,30000,0.6118,0.0529,0.6122,0.0548,0.7548,0.0419,0.0242,0.0005,0.5890,0.0691,0.0465,0.0010,0.3294,0.0275
rk45,64,2,3,0.0160,0.0004,quadratic,quadratic,15000,45000,0.5178,0.0292,0.5106,0.0298,0.6702,0.0256,0.0316,0.0013,0.9558,0.0076,0.0613,0.0025,0.2859,0.0162
rk45,64,2,3,0.0160,0.0004,polar3,polar,15000,45000,0.8758,0.0054,0.8741,0.0055,0.9224,0.0029,0.1322,0.0043,0.9812,0.0054,0.2330,0.0066,0.5536,0.0061
rk45,64,2,3,0.0160,0.0004,knn,knn,20000,60000,0.8205,0.0097,0.8339,0.0096,0.8272,0.0097,0.0761,0.0311,0.0029,0.0006,0.0056,0.0013,0.4197,0.0055
rk45,64,2,3,0.0160,0.0004,altered_knn,altered_knn,20000,40000,0.6154,0.0539,0.6157,0.0559,0.7575,0.0425,0.0248,0.0004,0.5989,0.0745,0.0477,0.0009,0.3317,0.0279
rk45,64,2,3,0.0160,0.0004,quadratic,quadratic,20000,60000,0.5154,0.0331,0.5081,0.0338,0.6689,0.0291,0.0316,0.0016,0.9623,0.0071,0.0612,0.0030,0.2846,0.0184
rk45,64,2,3,0.0160,0.0004,polar3,polar,20000,60000,0.8779,0.0059,0.8762,0.0060,0.9252,0.0033,0.1312,0.0043,0.9812,0.0051,0.2315,0.0068,0.5538,0.0063
rk45,64,4,3,0.0155,0.0006,knn,knn,2000,12000,0.6414,0.0078,0.6514,0.0076,0.6467,0.0069,0.0391,0.0072,0.0099,0.0022,0.0157,0.0034,0.3335,0.0031
rk45,64,4,3,0.0155,0.0006,altered_knn,altered_knn,2000,8000,0.6884,0.0131,0.6913,0.0136,0.8078,0.0089,0.0258,0.0009,0.5008,0.0274,0.0490,0.0018,0.3702,0.0059
rk45,64,4,3,0.0155,0.0006,quadratic,quadratic,2000,12000,0.4094,0.0085,0.4078,0.0089,0.4863,0.0067,0.0237,0.0007,0.5102,0.0224,0.0453,0.0014,0.2266,0.0042
rk45,64,4,3,0.0155,0.0006,polar3,polar,2000,12000,0.8624,0.0026,0.8614,0.0026,0.8863,0.0029,0.2029,0.0034,0.9268,0.0136,0.3329,0.0054,0.5971,0.0035
rk45,64,4,3,0.0155,0.0006,knn,knn,5000,30000,0.6550,0.0051,0.6652,0.0049,0.6602,0.0043,0.0524,0.0037,0.0104,0.0007,0.0174,0.0011,0.3413,0.0025
rk45,64,4,3,0.0155,0.0006,altered_knn,altered_knn,5000,20000,0.6846,0.0625,0.6871,0.0647,0.8047,0.0443,0.0266,0.0013,0.5223,0.0783,0.0506,0.0023,0.3689,0.0330
rk45,64,4,3,0.0155,0.0006,quadratic,quadratic,5000,30000,0.6361,0.0155,0.6326,0.0160,0.7369,0.0089,0.0454,0.0015,0.8603,0.0075,0.0862,0.0027,0.3594,0.0093
rk45,64,4,3,0.0155,0.0006,polar3,polar,5000,30000,0.8896,0.0036,0.8888,0.0034,0.9168,0.0025,0.1920,0.0055,0.9351,0.0153,0.3186,0.0084,0.6037,0.0058
rk45,64,4,3,0.0155,0.0006,knn,knn,10000,60000,0.6627,0.0059,0.6730,0.0056,0.6678,0.0052,0.0599,0.0068,0.0092,0.0009,0.0160,0.0016,0.3445,0.0032
rk45,64,4,3,0.0155,0.0006,altered_knn,altered_knn,10000,40000,0.6424,0.0340,0.6431,0.0353,0.7774,0.0250,0.0257,0.0006,0.5909,0.0554,0.0492,0.0013,0.3462,0.0170
rk45,64,4,3,0.0155,0.0006,quadratic,quadratic,10000,60000,0.6817,0.0152,0.6782,0.0156,0.7841,0.0091,0.0498,0.0016,0.9046,0.0024,0.0945,0.0028,0.3863,0.0091
rk45,64,4,3,0.0155,0.0006,polar3,polar,10000,60000,0.9028,0.0064,0.9022,0.0063,0.9314,0.0049,0.1884,0.0052,0.9367,0.0152,0.3137,0.0079,0.6080,0.0071
rk45,64,4,3,0.0155,0.0006,knn,knn,15000,90000,0.6674,0.0065,0.6778,0.0062,0.6723,0.0059,0.0497,0.0125,0.0072,0.0022,0.0125,0.0038,0.3452,0.0049
rk45,64,4,3,0.0155,0.0006,altered_knn,altered_knn,15000,60000,0.7657,0.0375,0.7713,0.0395,0.8579,0.0197,0.0303,0.0030,0.4158,0.0756,0.0562,0.0043,0.4137,0.0217
rk45,64,4,3,0.0155,0.0006,quadratic,quadratic,15000,90000,0.6900,0.0151,0.6865,0.0154,0.7943,0.0093,0.0501,0.0015,0.9135,0.0014,0.0950,0.0028,0.3907,0.0090
rk45,64,4,3,0.0155,0.0006,polar3,polar,15000,90000,0.9077,0.0052,0.9072,0.0051,0.9367,0.0036,0.1877,0.0048,0.9371,0.0142,0.3128,0.0073,0.6100,0.0062
rk45,64,4,3,0.0155,0.0006,knn,knn,20000,120000,0.6694,0.0060,0.6798,0.0058,0.6745,0.0055,0.0554,0.0157,0.0084,0.0029,0.0146,0.0049,0.3472,0.0019
rk45,64,4,3,0.0155,0.0006,altered_knn,altered_knn,20000,80000,0.7753,0.0318,0.7811,0.0337,0.8641,0.0163,0.0317,0.0029,0.4152,0.0675,0.0586,0.0041,0.4198,0.0188
rk45,64,4,3,0.0155,0.0006,quadratic,quadratic,20000,120000,0.6940,0.0169,0.6904,0.0173,0.7999,0.0109,0.0502,0.0016,0.9204,0.0029,0.0951,0.0029,0.3928,0.0101
rk45,64,4,3,0.0155,0.0006,polar3,polar,20000,120000,0.9089,0.0028,0.9084,0.0028,0.9381,0.0019,0.1869,0.0047,0.9369,0.0142,0.3117,0.0071,0.6100,0.0047
rk45,64,8,3,0.0161,0.0003,knn,knn,2000,24000,0.4956,0.0022,0.5034,0.0022,0.5008,0.0015,0.0371,0.0004,0.0232,0.0012,0.0285,0.0009,0.2659,0.0007
rk45,64,8,3,0.0161,0.0003,altered_knn,altered_knn,2000,16000,0.7863,0.0029,0.7948,0.0028,0.8415,0.0018,0.0344,0.0013,0.2709,0.0122,0.0610,0.0024,0.4279,0.0019
rk45,64,8,3,0.0161,0.0003,quadratic,quadratic,2000,24000,0.4719,0.0020,0.4714,0.0020,0.5219,0.0022,0.0390,0.0009,0.5015,0.0058,0.0724,0.0015,0.2719,0.0014
rk45,64,8,3,0.0161,0.0003,polar3,polar,2000,24000,0.8719,0.0012,0.8722,0.0010,0.8865,0.0008,0.2871,0.0050,0.8534,0.0139,0.4296,0.0073,0.6509,0.0040
rk45,64,8,3,0.0161,0.0003,knn,knn,5000,60000,0.5108,0.0015,0.5188,0.0016,0.5157,0.0021,0.0407,0.0015,0.0215,0.0012,0.0281,0.0013,0.2735,0.0014
rk45,64,8,3,0.0161,0.0003,altered_knn,altered_knn,5000,40000,0.7468,0.0436,0.7524,0.0457,0.8297,0.0194,0.0333,0.0047,0.3995,0.0911,0.0607,0.0064,0.4066,0.0259
rk45,64,8,3,0.0161,0.0003,quadratic,quadratic,5000,60000,0.7109,0.0043,0.7099,0.0044,0.7634,0.0022,0.0806,0.0030,0.7703,0.0041,0.1459,0.0049,0.4279,0.0045
rk45,64,8,3,0.0161,0.0003,polar3,polar,5000,60000,0.9013,0.0020,0.9020,0.0018,0.9177,0.0019,0.2780,0.0030,0.8594,0.0144,0.4201,0.0050,0.6610,0.0032
rk45,64,8,3,0.0161,0.0003,knn,knn,10000,120000,0.5211,0.0009,0.5293,0.0008,0.5258,0.0003,0.0457,0.0029,0.0202,0.0018,0.0280,0.0022,0.2786,0.0009
rk45,64,8,3,0.0161,0.0003,altered_knn,altered_knn,10000,80000,0.7930,0.0377,0.8008,0.0398,0.8538,0.0158,0.0384,0.0051,0.3188,0.0874,0.0676,0.0065,0.4342,0.0231
rk45,64,8,3,0.0161,0.0003,quadratic,quadratic,10000,120000,0.7674,0.0025,0.7666,0.0026,0.8217,0.0016,0.0891,0.0022,0.8194,0.0013,0.1607,0.0035,0.4636,0.0026
rk45,64,8,3,0.0161,0.0003,polar3,polar,10000,120000,0.9147,0.0028,0.9156,0.0026,0.9316,0.0028,0.2775,0.0034,0.8594,0.0143,0.4195,0.0051,0.6675,0.0034
rk45,64,8,3,0.0161,0.0003,knn,knn,15000,180000,0.5263,0.0020,0.5346,0.0018,0.5310,0.0013,0.0493,0.0017,0.0208,0.0011,0.0292,0.0013,0.2819,0.0012
rk45,64,8,3,0.0161,0.0003,altered_knn,altered_knn,15000,120000,0.7617,0.0887,0.7677,0.0930,0.8350,0.0473,0.0392,0.0070,0.3913,0.1750,0.0692,0.0094,0.4184,0.0511
rk45,64,8,3,0.0161,0.0003,quadratic,quadratic,15000,180000,0.7849,0.0030,0.7841,0.0031,0.8400,0.0021,0.0911,0.0024,0.8330,0.0022,0.1643,0.0039,0.4742,0.0031
rk45,64,8,3,0.0161,0.0003,polar3,polar,15000,180000,0.9175,0.0009,0.9185,0.0007,0.9345,0.0009,0.2772,0.0036,0.8594,0.0146,0.4192,0.0053,0.6688,0.0029
rk45,64,8,3,0.0161,0.0003,knn,knn,20000,240000,0.5301,0.0011,0.5385,0.0010,0.5350,0.0015,0.0450,0.0014,0.0182,0.0014,0.0259,0.0017,0.2822,0.0010
rk45,64,8,3,0.0161,0.0003,altered_knn,altered_knn,20000,160000,0.8258,0.0013,0.8349,0.0012,0.8705,0.0012,0.0447,0.0012,0.2718,0.0144,0.0767,0.0024,0.4558,0.0011
rk45,64,8,3,0.0161,0.0003,quadratic,quadratic,20000,240000,0.8048,0.0025,0.8044,0.0025,0.8574,0.0021,0.0974,0.0014,0.8344,0.0055,0.1745,0.0022,0.4894,0.0016
rk45,64,8,3,0.0161,0.0003,polar3,polar,20000,240000,0.9200,0.0033,0.9210,0.0031,0.9371,0.0032,0.2772,0.0037,0.8594,0.0147,0.4192,0.0056,0.6701,0.0039
rk45,64,16,3,0.0171,0.0003,knn,knn,2000,48000,0.3677,0.0020,0.3734,0.0020,0.3717,0.0015,0.0379,0.0011,0.0415,0.0014,0.0396,0.0011,0.2065,0.0014
rk45,64,16,3,0.0171,0.0003,altered_knn,altered_knn,2000,32000,0.7550,0.0327,0.7637,0.0352,0.8044,0.0102,0.0399,0.0066,0.2547,0.1039,0.0659,0.0057,0.4148,0.0203
rk45,64,16,3,0.0171,0.0003,quadratic,quadratic,2000,48000,0.5070,0.0022,0.5065,0.0021,0.5416,0.0022,0.0632,0.0015,0.5355,0.0054,0.1130,0.0025,0.3098,0.0023
rk45,64,16,3,0.0171,0.0003,polar3,polar,2000,48000,0.8680,0.0010,0.8689,0.0012,0.8760,0.0010,0.4189,0.0080,0.8181,0.0107,0.5541,0.0086,0.7115,0.0041
rk45,64,16,3,0.0171,0.0003,knn,knn,5000,120000,0.3832,0.0005,0.3892,0.0005,0.3871,0.0005,0.0398,0.0017,0.0376,0.0015,0.0387,0.0015,0.2139,0.0006
rk45,64,16,3,0.0171,0.0003,altered_knn,altered_knn,5000,80000,0.7702,0.0313,0.7786,0.0333,0.8210,0.0111,0.0430,0.0050,0.2881,0.0921,0.0734,0.0049,0.4260,0.0190
rk45,64,16,3,0.0171,0.0003,quadratic,quadratic,5000,120000,0.7274,0.0033,0.7273,0.0033,0.7584,0.0025,0.1276,0.0036,0.7314,0.0084,0.2173,0.0055,0.4723,0.0042
rk45,64,16,3,0.0171,0.0003,polar3,polar,5000,120000,0.9043,0.0028,0.9057,0.0027,0.9131,0.0025,0.4249,0.0093,0.8222,0.0096,0.5602,0.0100,0.7330,0.0062
rk45,64,16,3,0.0171,0.0003,knn,knn,10000,240000,0.3935,0.0016,0.3997,0.0016,0.3974,0.0012,0.0414,0.0010,0.0342,0.0007,0.0374,0.0008,0.2186,0.0011
rk45,64,16,3,0.0171,0.0003,altered_knn,altered_knn,10000,160000,0.7654,0.0263,0.7725,0.0286,0.8262,0.0075,0.0434,0.0055,0.3579,0.0988,0.0758,0.0050,0.4242,0.0168
rk45,64,16,3,0.0171,0.0003,quadratic,quadratic,10000,240000,0.8019,0.0033,0.8024,0.0033,0.8301,0.0024,0.1592,0.0048,0.7725,0.0103,0.2640,0.0071,0.5332,0.0049
rk45,64,16,3,0.0171,0.0003,polar3,polar,10000,240000,0.9123,0.0021,0.9139,0.0020,0.9215,0.0017,0.4240,0.0105,0.8234,0.0100,0.5597,0.0111,0.7368,0.0065
rk45,64,16,3,0.0171,0.0003,knn,knn,15000,360000,0.3996,0.0022,0.4060,0.0022,0.4036,0.0019,0.0434,0.0018,0.0337,0.0012,0.0379,0.0014,0.2220,0.0016
rk45,64,16,3,0.0171,0.0003,altered_knn,altered_knn,15000,240000,0.8113,0.0036,0.8216,0.0037,0.8431,0.0011,0.0548,0.0022,0.2181,0.0163,0.0874,0.0015,0.4545,0.0026
rk45,64,16,3,0.0171,0.0003,quadratic,quadratic,15000,360000,0.8466,0.0032,0.8477,0.0032,0.8695,0.0026,0.2002,0.0053,0.7803,0.0101,0.3187,0.0074,0.5832,0.0050
rk45,64,16,3,0.0171,0.0003,polar3,polar,15000,360000,0.9078,0.0020,0.9092,0.0021,0.9175,0.0023,0.4167,0.0102,0.8264,0.0099,0.5540,0.0110,0.7316,0.0055
rk45,64,16,3,0.0171,0.0003,knn,knn,20000,480000,0.4039,0.0017,0.4104,0.0016,0.4079,0.0013,0.0447,0.0013,0.0336,0.0021,0.0384,0.0018,0.2244,0.0007
rk45,64,16,3,0.0171,0.0003,altered_knn,altered_knn,20000,320000,0.7987,0.0297,0.8076,0.0318,0.8405,0.0096,0.0558,0.0091,0.2832,0.0998,0.0902,0.0087,0.4489,0.0202
rk45,64,16,3,0.0171,0.0003,quadratic,quadratic,20000,480000,0.8673,0.0025,0.8687,0.0025,0.8877,0.0020,0.2263,0.0056,0.7846,0.0098,0.3512,0.0076,0.6100,0.0046
rk45,64,16,3,0.0171,0.0003,polar3,polar,20000,480000,0.9057,0.0017,0.9070,0.0018,0.9157,0.0014,0.4120,0.0089,0.8280,0.0101,0.5502,0.0098,0.7286,0.0052
rk45,128,2,3,0.0173,0.0002,knn,knn,2000,6000,0.8221,0.0024,0.8365,0.0024,0.8295,0.0024,0.0505,0.0266,0.0036,0.0021,0.0068,0.0039,0.4217,0.0015
rk45,128,2,3,0.0173,0.0002,altered_knn,altered_knn,2000,4000,0.5373,0.0093,0.5368,0.0093,0.6951,0.0079,0.0211,0.0004,0.5681,0.0077,0.0407,0.0008,0.2887,0.0051
rk45,128,2,3,0.0173,0.0002,quadratic,quadratic,2000,6000,0.2974,0.0093,0.2940,0.0098,0.3815,0.0095,0.0180,0.0004,0.4894,0.0181,0.0348,0.0008,0.1644,0.0046
rk45,128,2,3,0.0173,0.0002,polar3,polar,2000,6000,0.7322,0.0030,0.7277,0.0031,0.8225,0.0014,0.0701,0.0015,0.9903,0.0056,0.1310,0.0026,0.4293,0.0025
rk45,128,2,3,0.0173,0.0002,knn,knn,5000,15000,0.8309,0.0047,0.8455,0.0047,0.8384,0.0047,0.0377,0.0071,0.0023,0.0005,0.0044,0.0009,0.4249,0.0028
rk45,128,2,3,0.0173,0.0002,altered_knn,altered_knn,5000,10000,0.5750,0.0090,0.5758,0.0091,0.7269,0.0073,0.0215,0.0002,0.5290,0.0054,0.0413,0.0004,0.3085,0.0048
rk45,128,2,3,0.0173,0.0002,quadratic,quadratic,5000,15000,0.3023,0.0041,0.2983,0.0044,0.3940,0.0042,0.0185,0.0002,0.5305,0.0083,0.0358,0.0005,0.1671,0.0020
rk45,128,2,3,0.0173,0.0002,polar3,polar,5000,15000,0.7235,0.0030,0.7188,0.0031,0.8214,0.0037,0.0652,0.0013,0.9909,0.0052,0.1223,0.0023,0.4206,0.0018
rk45,128,2,3,0.0173,0.0002,knn,knn,10000,30000,0.8390,0.0049,0.8537,0.0049,0.8464,0.0050,0.0600,0.0355,0.0027,0.0011,0.0051,0.0021,0.4294,0.0014
rk45,128,2,3,0.0173,0.0002,altered_knn,altered_knn,10000,20000,0.5977,0.0104,0.5994,0.0106,0.7454,0.0082,0.0216,0.0003,0.5022,0.0036,0.0414,0.0005,0.3204,0.0055
rk45,128,2,3,0.0173,0.0002,quadratic,quadratic,10000,30000,0.2227,0.0097,0.2119,0.0101,0.3315,0.0122,0.0198,0.0003,0.8342,0.0147,0.0387,0.0006,0.1253,0.0050
rk45,128,2,3,0.0173,0.0002,polar3,polar,10000,30000,0.7172,0.0037,0.7123,0.0036,0.8195,0.0025,0.0625,0.0016,0.9913,0.0054,0.1175,0.0029,0.4149,0.0032
rk45,128,2,3,0.0173,0.0002,knn,knn,15000,45000,0.8398,0.0030,0.8546,0.0030,0.8473,0.0031,0.0555,0.0185,0.0025,0.0003,0.0048,0.0006,0.4297,0.0014
rk45,128,2,3,0.0173,0.0002,altered_knn,altered_knn,15000,30000,0.6094,0.0096,0.6115,0.0097,0.7546,0.0075,0.0217,0.0005,0.4893,0.0057,0.0415,0.0010,0.3265,0.0054
rk45,128,2,3,0.0173,0.0002,quadratic,quadratic,15000,45000,0.1156,0.0045,0.1003,0.0047,0.1811,0.0076,0.0190,0.0002,0.9865,0.0022,0.0374,0.0003,0.0688,0.0023
rk45,128,2,3,0.0173,0.0002,polar3,polar,15000,45000,0.7116,0.0012,0.7067,0.0012,0.8157,0.0008,0.0611,0.0006,0.9909,0.0058,0.1151,0.0011,0.4109,0.0009
rk45,128,2,3,0.0173,0.0002,knn,knn,20000,60000,0.8419,0.0038,0.8567,0.0038,0.8493,0.0038,0.0238,0.0171,0.0008,0.0005,0.0015,0.0011,0.4291,0.0014
rk45,128,2,3,0.0173,0.0002,altered_knn,altered_knn,20000,40000,0.6179,0.0089,0.6202,0.0090,0.7613,0.0069,0.0221,0.0005,0.4878,0.0031,0.0423,0.0010,0.3312,0.0050
rk45,128,2,3,0.0173,0.0002,quadratic,quadratic,20000,60000,0.1019,0.0033,0.0862,0.0035,0.1582,0.0058,0.0188,0.0001,0.9938,0.0017,0.0369,0.0002,0.0616,0.0017
rk45,128,2,3,0.0173,0.0002,polar3,polar,20000,60000,0.7150,0.0015,0.7102,0.0015,0.8195,0.0015,0.0612,0.0008,0.9907,0.0058,0.1153,0.0014,0.4127,0.0011
rk45,128,4,3,0.0156,0.0001,knn,knn,2000,12000,0.6745,0.0010,0.6851,0.0009,0.6805,0.0010,0.0290,0.0018,0.0076,0.0008,0.0120,0.0010,0.3486,0.0010
rk45,128,4,3,0.0156,0.0001,altered_knn,altered_knn,2000,8000,0.5143,0.0042,0.5128,0.0043,0.6741,0.0033,0.0193,0.0002,0.6044,0.0025,0.0374,0.0003,0.2751,0.0023
rk45,128,4,3,0.0156,0.0001,quadratic,quadratic,2000,12000,0.2051,0.0017,0.2009,0.0018,0.2598,0.0015,0.0158,0.0004,0.4692,0.0113,0.0306,0.0007,0.1157,0.0009
rk45,128,4,3,0.0156,0.0001,polar3,polar,2000,12000,0.7055,0.0034,0.7010,0.0034,0.7739,0.0044,0.0765,0.0019,0.9903,0.0013,0.1420,0.0033,0.4215,0.0025
rk45,128,4,3,0.0156,0.0001,knn,knn,5000,30000,0.6871,0.0033,0.6978,0.0033,0.6929,0.0033,0.0377,0.0048,0.0084,0.0019,0.0136,0.0028,0.3557,0.0028
rk45,128,4,3,0.0156,0.0001,altered_knn,altered_knn,5000,20000,0.5184,0.0031,0.5169,0.0032,0.6781,0.0028,0.0198,0.0002,0.6176,0.0046,0.0384,0.0003,0.2776,0.0015
rk45,128,4,3,0.0156,0.0001,quadratic,quadratic,5000,30000,0.2408,0.0004,0.2373,0.0003,0.3013,0.0008,0.0165,0.0001,0.4606,0.0027,0.0319,0.0002,0.1346,0.0002
rk45,128,4,3,0.0156,0.0001,polar3,polar,5000,30000,0.7024,0.0057,0.6978,0.0058,0.7702,0.0073,0.0762,0.0004,0.9913,0.0010,0.1415,0.0007,0.4197,0.0026
rk45,128,4,3,0.0156,0.0001,knn,knn,10000,60000,0.6983,0.0018,0.7093,0.0017,0.7041,0.0019,0.0322,0.0065,0.0055,0.0012,0.0093,0.0020,0.3593,0.0001
rk45,128,4,3,0.0156,0.0001,altered_knn,altered_knn,10000,40000,0.5424,0.0041,0.5414,0.0042,0.6990,0.0034,0.0205,0.0002,0.6058,0.0056,0.0396,0.0004,0.2905,0.0021
rk45,128,4,3,0.0156,0.0001,quadratic,quadratic,10000,60000,0.2523,0.0071,0.2437,0.0075,0.3564,0.0076,0.0194,0.0001,0.7965,0.0130,0.0379,0.0001,0.1408,0.0037
rk45,128,4,3,0.0156,0.0001,polar3,polar,10000,60000,0.7120,0.0102,0.7076,0.0103,0.7807,0.0118,0.0758,0.0008,0.9908,0.0013,0.1409,0.0013,0.4243,0.0055
rk45,128,4,3,0.0156,0.0001,knn,knn,15000,90000,0.7010,0.0018,0.7120,0.0017,0.7068,0.0018,0.0335,0.0096,0.0056,0.0018,0.0096,0.0030,0.3608,0.0022
rk45,128,4,3,0.0156,0.0001,altered_knn,altered_knn,15000,60000,0.5561,0.0033,0.5556,0.0034,0.7108,0.0028,0.0206,0.0001,0.5891,0.0028,0.0397,0.0002,0.2977,0.0017
rk45,128,4,3,0.0156,0.0001,quadratic,quadratic,15000,90000,0.1924,0.0053,0.1802,0.0054,0.2984,0.0073,0.0189,0.0001,0.9664,0.0006,0.0371,0.0002,0.1086,0.0028
rk45,128,4,3,0.0156,0.0001,polar3,polar,15000,90000,0.7046,0.0118,0.7000,0.0119,0.7723,0.0140,0.0754,0.0006,0.9907,0.0010,0.1401,0.0010,0.4200,0.0063
rk45,128,4,3,0.0156,0.0001,knn,knn,20000,120000,0.7042,0.0024,0.7152,0.0024,0.7100,0.0025,0.0414,0.0144,0.0068,0.0024,0.0117,0.0041,0.3635,0.0020
rk45,128,4,3,0.0156,0.0001,altered_knn,altered_knn,20000,80000,0.5642,0.0029,0.5639,0.0029,0.7175,0.0024,0.0209,0.0001,0.5867,0.0026,0.0403,0.0003,0.3021,0.0015
rk45,128,4,3,0.0156,0.0001,quadratic,quadratic,20000,120000,0.1803,0.0044,0.1676,0.0045,0.2836,0.0065,0.0187,0.0001,0.9847,0.0026,0.0367,0.0002,0.1021,0.0022
rk45,128,4,3,0.0156,0.0001,polar3,polar,20000,120000,0.7017,0.0149,0.6971,0.0152,0.7667,0.0180,0.0767,0.0001,0.9907,0.0005,0.1423,0.0002,0.4197,0.0077
rk45,128,8,3,0.0153,0.0000,knn,knn,2000,24000,0.5348,0.0017,0.5428,0.0017,0.5406,0.0021,0.0237,0.0015,0.0177,0.0010,0.0203,0.0011,0.2815,0.0014
rk45,128,8,3,0.0153,0.0000,altered_knn,altered_knn,2000,16000,0.5959,0.0037,0.5968,0.0038,0.7385,0.0029,0.0206,0.0003,0.5331,0.0029,0.0396,0.0005,0.3182,0.0021
rk45,128,8,3,0.0153,0.0000,quadratic,quadratic,2000,24000,0.1544,0.0013,0.1488,0.0016,0.1986,0.0014,0.0154,0.0003,0.5122,0.0169,0.0298,0.0007,0.0893,0.0005
rk45,128,8,3,0.0153,0.0000,polar3,polar,2000,24000,0.7091,0.0113,0.7048,0.0114,0.7527,0.0143,0.1004,0.0005,0.9818,0.0052,0.1821,0.0008,0.4435,0.0053
rk45,128,8,3,0.0153,0.0000,knn,knn,5000,60000,0.5518,0.0003,0.5601,0.0003,0.5574,0.0008,0.0290,0.0016,0.0195,0.0016,0.0233,0.0016,0.2917,0.0010
rk45,128,8,3,0.0153,0.0000,altered_knn,altered_knn,5000,40000,0.5196,0.0004,0.5179,0.0005,0.6778,0.0005,0.0198,0.0001,0.6254,0.0046,0.0384,0.0002,0.2782,0.0002
rk45,128,8,3,0.0153,0.0000,quadratic,quadratic,5000,60000,0.2142,0.0018,0.2106,0.0019,0.2631,0.0014,0.0168,0.0002,0.4501,0.0097,0.0324,0.0003,0.1215,0.0009
rk45,128,8,3,0.0153,0.0000,polar3,polar,5000,60000,0.7298,0.0129,0.7258,0.0132,0.7734,0.0152,0.1034,0.0011,0.9829,0.0050,0.1871,0.0019,0.4565,0.0056
rk45,128,8,3,0.0153,0.0000,knn,knn,10000,120000,0.5647,0.0015,0.5732,0.0015,0.5700,0.0012,0.0307,0.0018,0.0161,0.0015,0.0211,0.0016,0.2972,0.0002
rk45,128,8,3,0.0153,0.0000,altered_knn,altered_knn,10000,80000,0.5462,0.0006,0.5453,0.0005,0.7010,0.0005,0.0203,0.0002,0.6047,0.0070,0.0393,0.0004,0.2923,0.0004
rk45,128,8,3,0.0153,0.0000,quadratic,quadratic,10000,120000,0.2985,0.0022,0.2914,0.0022,0.3929,0.0018,0.0221,0.0003,0.7593,0.0024,0.0429,0.0005,0.1672,0.0013
rk45,128,8,3,0.0153,0.0000,polar3,polar,10000,120000,0.7521,0.0075,0.7485,0.0077,0.7951,0.0093,0.1056,0.0013,0.9829,0.0055,0.1908,0.0022,0.4697,0.0029
rk45,128,8,3,0.0153,0.0000,knn,knn,15000,180000,0.5705,0.0007,0.5791,0.0007,0.5758,0.0007,0.0300,0.0033,0.0146,0.0009,0.0196,0.0015,0.2994,0.0008
rk45,128,8,3,0.0153,0.0000,altered_knn,altered_knn,15000,120000,0.5603,0.0004,0.5599,0.0003,0.7130,0.0002,0.0204,0.0003,0.5893,0.0090,0.0395,0.0006,0.2997,0.0004
rk45,128,8,3,0.0153,0.0000,quadratic,quadratic,15000,180000,0.2972,0.0031,0.2873,0.0031,0.4224,0.0035,0.0221,0.0002,0.9348,0.0029,0.0432,0.0004,0.1653,0.0018
rk45,128,8,3,0.0153,0.0000,polar3,polar,15000,180000,0.7484,0.0107,0.7448,0.0108,0.7869,0.0145,0.1073,0.0006,0.9827,0.0058,0.1935,0.0010,0.4691,0.0051
rk45,128,8,3,0.0153,0.0000,knn,knn,20000,240000,0.5749,0.0013,0.5836,0.0013,0.5801,0.0009,0.0311,0.0007,0.0146,0.0004,0.0199,0.0005,0.3017,0.0005
rk45,128,8,3,0.0153,0.0000,altered_knn,altered_knn,20000,160000,0.5693,0.0007,0.5691,0.0006,0.7205,0.0004,0.0206,0.0002,0.5821,0.0074,0.0398,0.0005,0.3044,0.0005
rk45,128,8,3,0.0153,0.0000,quadratic,quadratic,20000,240000,0.2984,0.0009,0.2880,0.0009,0.4331,0.0009,0.0219,0.0001,0.9698,0.0013,0.0429,0.0002,0.1655,0.0006
rk45,128,8,3,0.0153,0.0000,polar3,polar,20000,240000,0.7604,0.0133,0.7569,0.0135,0.8011,0.0152,0.1090,0.0011,0.9829,0.0057,0.1962,0.0018,0.4766,0.0060
rk45,128,16,3,0.0140,0.0004,knn,knn,2000,48000,0.4063,0.0015,0.4116,0.0016,0.4113,0.0015,0.0246,0.0009,0.0353,0.0002,0.0290,0.0007,0.2203,0.0008
rk45,128,16,3,0.0140,0.0004,altered_knn,altered_knn,2000,32000,0.5343,0.0581,0.5333,0.0600,0.6830,0.0449,0.0187,0.0007,0.6015,0.0699,0.0363,0.0013,0.2848,0.0304
rk45,128,16,3,0.0140,0.0004,quadratic,quadratic,2000,48000,0.1235,0.0017,0.1166,0.0020,0.1658,0.0023,0.0142,0.0004,0.6076,0.0069,0.0278,0.0007,0.0722,0.0008
rk45,128,16,3,0.0140,0.0004,polar3,polar,2000,48000,0.7214,0.0016,0.7178,0.0017,0.7449,0.0021,0.1344,0.0030,0.9699,0.0029,0.2361,0.0047,0.4770,0.0016
rk45,128,16,3,0.0140,0.0004,knn,knn,5000,120000,0.4255,0.0020,0.4312,0.0020,0.4306,0.0021,0.0241,0.0014,0.0302,0.0011,0.0268,0.0013,0.2290,0.0006
rk45,128,16,3,0.0140,0.0004,altered_knn,altered_knn,5000,80000,0.6508,0.0079,0.6533,0.0082,0.7729,0.0051,0.0208,0.0009,0.4762,0.0107,0.0399,0.0017,0.3466,0.0046
rk45,128,16,3,0.0140,0.0004,quadratic,quadratic,5000,120000,0.2027,0.0012,0.1984,0.0013,0.2498,0.0011,0.0168,0.0004,0.5028,0.0045,0.0324,0.0008,0.1154,0.0005
rk45,128,16,3,0.0140,0.0004,polar3,polar,5000,120000,0.7476,0.0020,0.7444,0.0020,0.7691,0.0028,0.1360,0.0029,0.9720,0.0024,0.2385,0.0044,0.4915,0.0015
rk45,128,16,3,0.0140,0.0004,knn,knn,10000,240000,0.4384,0.0008,0.4443,0.0008,0.4431,0.0006,0.0257,0.0011,0.0269,0.0016,0.0263,0.0013,0.2353,0.0003
rk45,128,16,3,0.0140,0.0004,altered_knn,altered_knn,10000,160000,0.6373,0.0495,0.6393,0.0511,0.7648,0.0341,0.0207,0.0013,0.5016,0.0615,0.0398,0.0022,0.3395,0.0266
rk45,128,16,3,0.0140,0.0004,quadratic,quadratic,10000,240000,0.3373,0.0020,0.3311,0.0022,0.4200,0.0010,0.0249,0.0006,0.7673,0.0060,0.0483,0.0011,0.1897,0.0012
rk45,128,16,3,0.0140,0.0004,polar3,polar,10000,240000,0.7658,0.0022,0.7629,0.0022,0.7860,0.0021,0.1406,0.0030,0.9713,0.0026,0.2456,0.0046,0.5043,0.0026
rk45,128,16,3,0.0140,0.0004,knn,knn,15000,360000,0.4446,0.0010,0.4506,0.0009,0.4492,0.0010,0.0252,0.0022,0.0254,0.0012,0.0253,0.0016,0.2380,0.0004
rk45,128,16,3,0.0140,0.0004,altered_knn,altered_knn,15000,240000,0.5410,0.0319,0.5399,0.0327,0.6948,0.0264,0.0190,0.0009,0.6166,0.0251,0.0368,0.0017,0.2883,0.0170
rk45,128,16,3,0.0140,0.0004,quadratic,quadratic,15000,360000,0.4171,0.0041,0.4098,0.0041,0.5324,0.0030,0.0278,0.0008,0.9286,0.0013,0.0540,0.0015,0.2319,0.0025
rk45,128,16,3,0.0140,0.0004,polar3,polar,15000,360000,0.7843,0.0019,0.7817,0.0019,0.8065,0.0028,0.1441,0.0033,0.9707,0.0029,0.2509,0.0050,0.5163,0.0034
rk45,128,16,3,0.0140,0.0004,knn,knn,20000,480000,0.4494,0.0017,0.4554,0.0016,0.4541,0.0016,0.0246,0.0008,0.0244,0.0002,0.0245,0.0004,0.2399,0.0006
rk45,128,16,3,0.0140,0.0004,altered_knn,altered_knn,20000,320000,0.5910,0.0016,0.5913,0.0017,0.7355,0.0013,0.0199,0.0007,0.5704,0.0074,0.0384,0.0014,0.3149,0.0009
rk45,128,16,3,0.0140,0.0004,quadratic,quadratic,20000,480000,0.4575,0.0031,0.4504,0.0033,0.5828,0.0027,0.0291,0.0006,0.9602,0.0007,0.0565,0.0012,0.2534,0.0015
rk45,128,16,3,0.0140,0.0004,polar3,polar,20000,480000,0.7970,0.0011,0.7945,0.0011,0.8221,0.0013,0.1456,0.0031,0.9702,0.0029,0.2533,0.0048,0.5239,0.0022
rk45,256,2,3,0.0222,0.0008,knn,knn,2000,6000,0.8304,0.0033,0.8492,0.0041,0.8399,0.0038,0.0466,0.0116,0.0029,0.0009,0.0054,0.0015,0.4273,0.0013
rk45,256,2,3,0.0222,0.0008,altered_knn,altered_knn,2000,4000,0.5523,0.0051,0.5529,0.0051,0.7071,0.0043,0.0262,0.0011,0.5289,0.0043,0.0500,0.0021,0.3014,0.0031
rk45,256,2,3,0.0222,0.0008,quadratic,quadratic,2000,6000,0.2541,0.0071,0.2477,0.0076,0.3343,0.0076,0.0223,0.0010,0.5314,0.0138,0.0428,0.0018,0.1452,0.0038
rk45,256,2,3,0.0222,0.0008,polar3,polar,2000,6000,0.5708,0.0098,0.5612,0.0099,0.6999,0.0086,0.0541,0.0025,0.9956,0.0020,0.1025,0.0044,0.3319,0.0068
rk45,256,2,3,0.0222,0.0008,knn,knn,5000,15000,0.8368,0.0037,0.8558,0.0044,0.8464,0.0041,0.0439,0.0050,0.0021,0.0002,0.0040,0.0003,0.4299,0.0022
rk45,256,2,3,0.0222,0.0008,altered_knn,altered_knn,5000,10000,0.5866,0.0061,0.5888,0.0064,0.7357,0.0050,0.0264,0.0008,0.4905,0.0066,0.0501,0.0014,0.3195,0.0034
rk45,256,2,3,0.0222,0.0008,quadratic,quadratic,5000,15000,0.2579,0.0113,0.2513,0.0121,0.3383,0.0110,0.0231,0.0008,0.5475,0.0226,0.0444,0.0015,0.1478,0.0063
rk45,256,2,3,0.0222,0.0008,polar3,polar,5000,15000,0.5282,0.0017,0.5176,0.0013,0.6689,0.0012,0.0477,0.0019,0.9956,0.0010,0.0910,0.0035,0.3043,0.0024
rk45,256,2,3,0.0222,0.0008,knn,knn,10000,30000,0.8451,0.0033,0.8643,0.0036,0.8547,0.0034,0.0571,0.0102,0.0022,0.0003,0.0043,0.0005,0.4343,0.0019
rk45,256,2,3,0.0222,0.0008,altered_knn,altered_knn,10000,20000,0.6077,0.0060,0.6109,0.0062,0.7527,0.0047,0.0267,0.0007,0.4693,0.0112,0.0505,0.0011,0.3307,0.0036
rk45,256,2,3,0.0222,0.0008,quadratic,quadratic,10000,30000,0.2512,0.0023,0.2442,0.0026,0.3338,0.0025,0.0227,0.0009,0.5598,0.0155,0.0437,0.0017,0.1439,0.0012
rk45,256,2,3,0.0222,0.0008,polar3,polar,10000,30000,0.5008,0.0011,0.4895,0.0011,0.6466,0.0009,0.0446,0.0016,0.9968,0.0011,0.0854,0.0029,0.2875,0.0015
rk45,256,2,3,0.0222,0.0008,knn,knn,15000,45000,0.8470,0.0021,0.8663,0.0026,0.8567,0.0024,0.0546,0.0222,0.0018,0.0007,0.0035,0.0014,0.4349,0.0012
rk45,256,2,3,0.0222,0.0008,altered_knn,altered_knn,15000,30000,0.6192,0.0047,0.6227,0.0049,0.7617,0.0036,0.0272,0.0008,0.4628,0.0092,0.0513,0.0013,0.3370,0.0030
rk45,256,2,3,0.0222,0.0008,quadratic,quadratic,15000,45000,0.2474,0.0047,0.2393,0.0055,0.3323,0.0055,0.0234,0.0012,0.5997,0.0199,0.0451,0.0023,0.1422,0.0018
rk45,256,2,3,0.0222,0.0008,polar3,polar,15000,45000,0.4857,0.0023,0.4741,0.0019,0.6326,0.0022,0.0433,0.0017,0.9956,0.0003,0.0829,0.0031,0.2785,0.0025
rk45,256,2,3,0.0222,0.0008,knn,knn,20000,60000,0.8480,0.0019,0.8673,0.0024,0.8576,0.0022,0.0391,0.0278,0.0013,0.0010,0.0026,0.0019,0.4349,0.0015
rk45,256,2,3,0.0222,0.0008,altered_knn,altered_knn,20000,40000,0.6266,0.0047,0.6306,0.0047,0.7675,0.0036,0.0271,0.0008,0.4529,0.0127,0.0512,0.0014,0.3409,0.0030
rk45,256,2,3,0.0222,0.0008,quadratic,quadratic,20000,60000,0.2279,0.0017,0.2186,0.0018,0.3143,0.0022,0.0229,0.0008,0.6366,0.0128,0.0443,0.0016,0.1314,0.0012
rk45,256,2,3,0.0222,0.0008,polar3,polar,20000,60000,0.4825,0.0049,0.4708,0.0046,0.6306,0.0043,0.0428,0.0019,0.9969,0.0006,0.0821,0.0035,0.2765,0.0040
rk45,256,4,3,0.0189,0.0004,knn,knn,2000,12000,0.7003,0.0021,0.7136,0.0020,0.7081,0.0018,0.0279,0.0016,0.0069,0.0006,0.0110,0.0007,0.3623,0.0007
rk45,256,4,3,0.0189,0.0004,altered_knn,altered_knn,2000,8000,0.5146,0.0078,0.5133,0.0081,0.6741,0.0066,0.0225,0.0008,0.5823,0.0143,0.0433,0.0014,0.2783,0.0044
rk45,256,4,3,0.0189,0.0004,quadratic,quadratic,2000,12000,0.1499,0.0018,0.1418,0.0022,0.1978,0.0023,0.0186,0.0004,0.5692,0.0132,0.0360,0.0008,0.0889,0.0007
rk45,256,4,3,0.0189,0.0004,polar3,polar,2000,12000,0.5071,0.0032,0.4977,0.0034,0.6315,0.0032,0.0432,0.0007,0.9948,0.0002,0.0827,0.0013,0.2902,0.0015
rk45,256,4,3,0.0189,0.0004,knn,knn,5000,30000,0.7145,0.0005,0.7282,0.0007,0.7222,0.0005,0.0258,0.0012,0.0047,0.0005,0.0079,0.0008,0.3681,0.0002
rk45,256,4,3,0.0189,0.0004,altered_knn,altered_knn,5000,20000,0.5458,0.0024,0.5458,0.0023,0.7017,0.0022,0.0227,0.0008,0.5472,0.0118,0.0435,0.0015,0.2946,0.0016
rk45,256,4,3,0.0189,0.0004,quadratic,quadratic,5000,30000,0.1679,0.0053,0.1612,0.0057,0.2148,0.0049,0.0191,0.0002,0.5160,0.0270,0.0368,0.0002,0.0990,0.0030
rk45,256,4,3,0.0189,0.0004,polar3,polar,5000,30000,0.4824,0.0051,0.4725,0.0053,0.6147,0.0105,0.0396,0.0014,0.9955,0.0007,0.0761,0.0025,0.2743,0.0016
rk45,256,4,3,0.0189,0.0004,knn,knn,10000,60000,0.7239,0.0005,0.7377,0.0002,0.7314,0.0004,0.0272,0.0074,0.0041,0.0014,0.0072,0.0023,0.3724,0.0012
rk45,256,4,3,0.0189,0.0004,altered_knn,altered_knn,10000,40000,0.5691,0.0032,0.5698,0.0031,0.7214,0.0027,0.0233,0.0009,0.5341,0.0113,0.0447,0.0016,0.3073,0.0021
rk45,256,4,3,0.0189,0.0004,quadratic,quadratic,10000,60000,0.1809,0.0027,0.1750,0.0030,0.2292,0.0025,0.0191,0.0004,0.4902,0.0149,0.0367,0.0008,0.1058,0.0014
rk45,256,4,3,0.0189,0.0004,polar3,polar,10000,60000,0.4770,0.0092,0.4671,0.0095,0.6115,0.0141,0.0388,0.0010,0.9958,0.0004,0.0746,0.0018,0.2709,0.0040
rk45,256,4,3,0.0189,0.0004,knn,knn,15000,90000,0.7295,0.0006,0.7434,0.0004,0.7370,0.0005,0.0279,0.0021,0.0038,0.0004,0.0067,0.0007,0.3751,0.0002
rk45,256,4,3,0.0189,0.0004,altered_knn,altered_knn,15000,60000,0.5814,0.0026,0.5826,0.0025,0.7316,0.0021,0.0233,0.0008,0.5185,0.0109,0.0447,0.0016,0.3136,0.0018
rk45,256,4,3,0.0189,0.0004,quadratic,quadratic,15000,90000,0.1846,0.0016,0.1781,0.0019,0.2360,0.0018,0.0198,0.0005,0.5251,0.0102,0.0381,0.0009,0.1081,0.0005
rk45,256,4,3,0.0189,0.0004,polar3,polar,15000,90000,0.4785,0.0138,0.4686,0.0143,0.6127,0.0207,0.0387,0.0009,0.9951,0.0007,0.0746,0.0016,0.2716,0.0065
rk45,256,4,3,0.0189,0.0004,knn,knn,20000,120000,0.7328,0.0026,0.7468,0.0024,0.7403,0.0025,0.0302,0.0015,0.0037,0.0001,0.0066,0.0002,0.3767,0.0012
rk45,256,4,3,0.0189,0.0004,altered_knn,altered_knn,20000,80000,0.5896,0.0034,0.5912,0.0032,0.7383,0.0028,0.0235,0.0008,0.5111,0.0119,0.0449,0.0015,0.3180,0.0022
rk45,256,4,3,0.0189,0.0004,quadratic,quadratic,20000,120000,0.1858,0.0035,0.1787,0.0038,0.2420,0.0034,0.0197,0.0004,0.5572,0.0088,0.0381,0.0007,0.1084,0.0018
rk45,256,4,3,0.0189,0.0004,polar3,polar,20000,120000,0.4782,0.0136,0.4683,0.0141,0.6113,0.0211,0.0388,0.0009,0.9952,0.0006,0.0748,0.0017,0.2715,0.0062
rk45,256,8,3,0.0178,0.0005,knn,knn,2000,24000,0.5695,0.0028,0.5795,0.0026,0.5769,0.0027,0.0236,0.0029,0.0154,0.0021,0.0186,0.0023,0.2990,0.0003
rk45,256,8,3,0.0178,0.0005,altered_knn,altered_knn,2000,16000,0.5044,0.0048,0.5024,0.0049,0.6641,0.0041,0.0222,0.0010,0.6184,0.0075,0.0428,0.0018,0.2726,0.0030
rk45,256,8,3,0.0178,0.0005,quadratic,quadratic,2000,24000,0.0977,0.0006,0.0879,0.0006,0.1293,0.0009,0.0175,0.0005,0.6381,0.0039,0.0342,0.0010,0.0610,0.0005
rk45,256,8,3,0.0178,0.0005,polar3,polar,2000,24000,0.4741,0.0073,0.4649,0.0073,0.5931,0.0078,0.0394,0.0013,0.9826,0.0063,0.0758,0.0024,0.2704,0.0047
rk45,256,8,3,0.0178,0.0005,knn,knn,5000,60000,0.5874,0.0004,0.5978,0.0007,0.5946,0.0001,0.0286,0.0016,0.0149,0.0017,0.0195,0.0014,0.3087,0.0004
rk45,256,8,3,0.0178,0.0005,altered_knn,altered_knn,5000,40000,0.5364,0.0034,0.5354,0.0037,0.6925,0.0034,0.0227,0.0010,0.5924,0.0144,0.0438,0.0019,0.2896,0.0010
rk45,256,8,3,0.0178,0.0005,quadratic,quadratic,5000,60000,0.1137,0.0033,0.1059,0.0035,0.1448,0.0028,0.0177,0.0005,0.5443,0.0173,0.0343,0.0010,0.0701,0.0022
rk45,256,8,3,0.0178,0.0005,polar3,polar,5000,60000,0.4871,0.0121,0.4781,0.0122,0.6065,0.0157,0.0395,0.0013,0.9830,0.0058,0.0760,0.0024,0.2771,0.0072
rk45,256,8,3,0.0178,0.0005,knn,knn,10000,120000,0.6016,0.0013,0.6123,0.0010,0.6085,0.0014,0.0280,0.0004,0.0122,0.0012,0.0169,0.0012,0.3146,0.0011
rk45,256,8,3,0.0178,0.0005,altered_knn,altered_knn,10000,80000,0.5612,0.0023,0.5611,0.0025,0.7139,0.0023,0.0231,0.0009,0.5686,0.0085,0.0444,0.0016,0.3027,0.0005
rk45,256,8,3,0.0178,0.0005,quadratic,quadratic,10000,120000,0.1276,0.0010,0.1212,0.0010,0.1591,0.0010,0.0176,0.0005,0.4794,0.0032,0.0340,0.0009,0.0776,0.0008
rk45,256,8,3,0.0178,0.0005,polar3,polar,10000,120000,0.5031,0.0108,0.4944,0.0109,0.6204,0.0142,0.0411,0.0012,0.9818,0.0063,0.0790,0.0021,0.2867,0.0064
rk45,256,8,3,0.0178,0.0005,knn,knn,15000,180000,0.6072,0.0019,0.6180,0.0017,0.6141,0.0020,0.0269,0.0024,0.0116,0.0010,0.0162,0.0014,0.3171,0.0002
rk45,256,8,3,0.0178,0.0005,altered_knn,altered_knn,15000,120000,0.5503,0.0338,0.5498,0.0349,0.7042,0.0286,0.0229,0.0014,0.5775,0.0258,0.0441,0.0025,0.2969,0.0186
rk45,256,8,3,0.0178,0.0005,quadratic,quadratic,15000,180000,0.1428,0.0016,0.1365,0.0020,0.1783,0.0017,0.0183,0.0006,0.4907,0.0095,0.0352,0.0011,0.0858,0.0005
rk45,256,8,3,0.0178,0.0005,polar3,polar,15000,180000,0.5047,0.0188,0.4961,0.0191,0.6165,0.0270,0.0420,0.0011,0.9815,0.0062,0.0806,0.0019,0.2883,0.0104
rk45,256,8,3,0.0178,0.0005,knn,knn,20000,240000,0.6130,0.0022,0.6239,0.0019,0.6199,0.0022,0.0318,0.0019,0.0125,0.0009,0.0179,0.0012,0.3209,0.0015
rk45,256,8,3,0.0178,0.0005,altered_knn,altered_knn,20000,160000,0.5095,0.0019,0.5075,0.0022,0.6695,0.0022,0.0223,0.0009,0.6182,0.0100,0.0431,0.0017,0.2753,0.0003
rk45,256,8,3,0.0178,0.0005,quadratic,quadratic,20000,240000,0.1512,0.0029,0.1443,0.0034,0.1920,0.0029,0.0187,0.0006,0.5310,0.0162,0.0362,0.0012,0.0902,0.0011
rk45,256,8,3,0.0178,0.0005,polar3,polar,20000,240000,0.5079,0.0197,0.4993,0.0200,0.6176,0.0284,0.0426,0.0010,0.9810,0.0063,0.0816,0.0018,0.2905,0.0108
rk45,256,16,3,0.0161,0.0004,knn,knn,2000,48000,0.4496,0.0020,0.4565,0.0019,0.4569,0.0019,0.0228,0.0002,0.0292,0.0010,0.0256,0.0002,0.2410,0.0010
rk45,256,16,3,0.0161,0.0004,altered_knn,altered_knn,2000,32000,0.5160,0.0050,0.5146,0.0052,0.6725,0.0042,0.0202,0.0003,0.6024,0.0094,0.0391,0.0006,0.2768,0.0028
rk45,256,16,3,0.0161,0.0004,quadratic,quadratic,2000,48000,0.0581,0.0004,0.0462,0.0007,0.0764,0.0010,0.0159,0.0003,0.7886,0.0050,0.0312,0.0006,0.0387,0.0002
rk45,256,16,3,0.0161,0.0004,polar3,polar,2000,48000,0.4497,0.0035,0.4410,0.0037,0.5574,0.0045,0.0360,0.0006,0.9859,0.0021,0.0695,0.0011,0.2552,0.0014
rk45,256,16,3,0.0161,0.0004,knn,knn,5000,120000,0.4701,0.0011,0.4774,0.0013,0.4773,0.0012,0.0231,0.0011,0.0252,0.0028,0.0241,0.0017,0.2507,0.0003
rk45,256,16,3,0.0161,0.0004,altered_knn,altered_knn,5000,80000,0.5209,0.0013,0.5195,0.0014,0.6783,0.0012,0.0204,0.0003,0.6075,0.0061,0.0395,0.0005,0.2795,0.0007
rk45,256,16,3,0.0161,0.0004,quadratic,quadratic,5000,120000,0.0736,0.0017,0.0639,0.0017,0.0959,0.0017,0.0159,0.0004,0.6669,0.0076,0.0310,0.0008,0.0475,0.0012
rk45,256,16,3,0.0161,0.0004,polar3,polar,5000,120000,0.5071,0.0025,0.4993,0.0025,0.6002,0.0050,0.0422,0.0010,0.9835,0.0025,0.0808,0.0019,0.2901,0.0017
rk45,256,16,3,0.0161,0.0004,knn,knn,10000,240000,0.4851,0.0005,0.4926,0.0007,0.4920,0.0006,0.0228,0.0011,0.0213,0.0012,0.0220,0.0010,0.2573,0.0007
rk45,256,16,3,0.0161,0.0004,altered_knn,altered_knn,10000,160000,0.5437,0.0018,0.5431,0.0019,0.6984,0.0013,0.0206,0.0003,0.5823,0.0039,0.0398,0.0006,0.2914,0.0010
rk45,256,16,3,0.0161,0.0004,quadratic,quadratic,10000,240000,0.0971,0.0006,0.0900,0.0005,0.1219,0.0005,0.0161,0.0004,0.5319,0.0051,0.0312,0.0008,0.0606,0.0006
rk45,256,16,3,0.0161,0.0004,polar3,polar,10000,240000,0.5276,0.0026,0.5202,0.0025,0.6116,0.0054,0.0451,0.0008,0.9830,0.0021,0.0863,0.0015,0.3033,0.0018
rk45,256,16,3,0.0161,0.0004,knn,knn,15000,360000,0.4932,0.0014,0.5009,0.0014,0.5003,0.0013,0.0241,0.0001,0.0216,0.0006,0.0228,0.0003,0.2618,0.0007
rk45,256,16,3,0.0161,0.0004,altered_knn,altered_knn,15000,240000,0.5136,0.0023,0.5119,0.0024,0.6728,0.0019,0.0203,0.0004,0.6146,0.0030,0.0392,0.0008,0.2756,0.0013
rk45,256,16,3,0.0161,0.0004,quadratic,quadratic,15000,360000,0.1147,0.0006,0.1079,0.0007,0.1440,0.0006,0.0167,0.0003,0.5301,0.0064,0.0324,0.0005,0.0702,0.0004
rk45,256,16,3,0.0161,0.0004,polar3,polar,15000,360000,0.5404,0.0041,0.5332,0.0040,0.6198,0.0070,0.0471,0.0009,0.9821,0.0023,0.0900,0.0016,0.3116,0.0028
rk45,256,16,3,0.0161,0.0004,knn,knn,20000,480000,0.4987,0.0016,0.5065,0.0015,0.5056,0.0014,0.0248,0.0004,0.0206,0.0004,0.0225,0.0003,0.2645,0.0009
rk45,256,16,3,0.0161,0.0004,altered_knn,altered_knn,20000,320000,0.5158,0.0061,0.5142,0.0063,0.6749,0.0052,0.0203,0.0003,0.6130,0.0050,0.0393,0.0006,0.2768,0.0030
rk45,256,16,3,0.0161,0.0004,quadratic,quadratic,20000,480000,0.1284,0.0018,0.1211,0.0020,0.1635,0.0018,0.0174,0.0003,0.5711,0.0073,0.0338,0.0006,0.0775,0.0009
rk45,256,16,3,0.0161,0.0004,polar3,polar,20000,480000,0.5444,0.0039,0.5373,0.0041,0.6221,0.0053,0.0486,0.0008,0.9817,0.0025,0.0925,0.0014,0.3149,0.0014
rk45,512,2,3,0.0295,0.0012,knn,knn,2000,6000,0.8375,0.0024,0.8628,0.0015,0.8503,0.0017,0.0415,0.0128,0.0021,0.0009,0.0040,0.0016,0.4334,0.0004
rk45,512,2,3,0.0295,0.0012,altered_knn,altered_knn,2000,4000,0.5725,0.0064,0.5744,0.0069,0.7229,0.0056,0.0350,0.0020,0.5076,0.0165,0.0654,0.0036,0.3199,0.0019
rk45,512,2,3,0.0295,0.0012,quadratic,quadratic,2000,6000,0.2156,0.0048,0.2038,0.0049,0.2890,0.0051,0.0295,0.0010,0.6044,0.0142,0.0562,0.0018,0.1300,0.0033
rk45,512,2,3,0.0295,0.0012,polar3,polar,2000,6000,0.4188,0.0052,0.4022,0.0054,0.5458,0.0059,0.0528,0.0021,0.9681,0.0062,0.1002,0.0038,0.2512,0.0034
rk45,512,2,3,0.0295,0.0012,knn,knn,5000,15000,0.8446,0.0046,0.8702,0.0038,0.8576,0.0044,0.0546,0.0066,0.0026,0.0010,0.0049,0.0019,0.4376,0.0025
rk45,512,2,3,0.0295,0.0012,altered_knn,altered_knn,5000,10000,0.6019,0.0042,0.6056,0.0046,0.7471,0.0037,0.0356,0.0019,0.4799,0.0123,0.0664,0.0034,0.3360,0.0006
rk45,512,2,3,0.0295,0.0012,quadratic,quadratic,5000,15000,0.2052,0.0079,0.1923,0.0081,0.2765,0.0085,0.0299,0.0019,0.6302,0.0177,0.0570,0.0036,0.1247,0.0051
rk45,512,2,3,0.0295,0.0012,polar3,polar,5000,15000,0.3420,0.0039,0.3237,0.0035,0.4639,0.0040,0.0451,0.0016,0.9452,0.0121,0.0861,0.0029,0.2049,0.0031
rk45,512,2,3,0.0295,0.0012,knn,knn,10000,30000,0.8507,0.0034,0.8764,0.0026,0.8635,0.0031,0.0376,0.0094,0.0012,0.0006,0.0024,0.0011,0.4394,0.0018
rk45,512,2,3,0.0295,0.0012,altered_knn,altered_knn,10000,20000,0.6220,0.0046,0.6270,0.0049,0.7631,0.0038,0.0357,0.0019,0.4544,0.0120,0.0662,0.0035,0.3466,0.0007
rk45,512,2,3,0.0295,0.0012,quadratic,quadratic,10000,30000,0.1923,0.0039,0.1783,0.0043,0.2627,0.0039,0.0294,0.0011,0.6524,0.0180,0.0563,0.0019,0.1173,0.0025
rk45,512,2,3,0.0295,0.0012,polar3,polar,10000,30000,0.3122,0.0065,0.2930,0.0067,0.4268,0.0097,0.0436,0.0014,0.9439,0.0147,0.0833,0.0026,0.1881,0.0033
rk45,512,2,3,0.0295,0.0012,knn,knn,15000,45000,0.8539,0.0038,0.8798,0.0030,0.8668,0.0034,0.0531,0.0385,0.0014,0.0011,0.0028,0.0021,0.4413,0.0005
rk45,512,2,3,0.0295,0.0012,altered_knn,altered_knn,15000,30000,0.6331,0.0032,0.6388,0.0035,0.7717,0.0028,0.0362,0.0024,0.4460,0.0161,0.0669,0.0043,0.3529,0.0004
rk45,512,2,3,0.0295,0.0012,quadratic,quadratic,15000,45000,0.2039,0.0049,0.1910,0.0062,0.2765,0.0067,0.0294,0.0017,0.6276,0.0218,0.0561,0.0032,0.1236,0.0015
rk45,512,2,3,0.0295,0.0012,polar3,polar,15000,45000,0.2904,0.0066,0.2710,0.0072,0.3963,0.0098,0.0426,0.0011,0.9300,0.0140,0.0814,0.0019,0.1762,0.0029
rk45,512,2,3,0.0295,0.0012,knn,knn,20000,60000,0.8553,0.0031,0.8812,0.0023,0.8682,0.0027,0.0314,0.0151,0.0009,0.0004,0.0017,0.0008,0.4415,0.0010
rk45,512,2,3,0.0295,0.0012,altered_knn,altered_knn,20000,40000,0.6397,0.0026,0.6457,0.0030,0.7768,0.0023,0.0363,0.0027,0.4396,0.0188,0.0671,0.0048,0.3564,0.0009
rk45,512,2,3,0.0295,0.0012,quadratic,quadratic,20000,60000,0.1898,0.0027,0.1755,0.0027,0.2600,0.0027,0.0294,0.0013,0.6612,0.0009,0.0563,0.0023,0.1159,0.0020
rk45,512,2,3,0.0295,0.0012,polar3,polar,20000,60000,0.2822,0.0046,0.2625,0.0044,0.3822,0.0063,0.0430,0.0017,0.9313,0.0053,0.0821,0.0032,0.1723,0.0032
rk45,512,4,3,0.0253,0.0020,knn,knn,2000,12000,0.7105,0.0021,0.7288,0.0009,0.7207,0.0017,0.0312,0.0068,0.0060,0.0007,0.0100,0.0013,0.3694,0.0002
rk45,512,4,3,0.0253,0.0020,altered_knn,altered_knn,2000,8000,0.5148,0.0052,0.5127,0.0056,0.6728,0.0054,0.0308,0.0024,0.5958,0.0051,0.0585,0.0044,0.2856,0.0016
rk45,512,4,3,0.0253,0.0020,quadratic,quadratic,2000,12000,0.1283,0.0014,0.1150,0.0008,0.1678,0.0012,0.0252,0.0019,0.6389,0.0055,0.0486,0.0035,0.0818,0.0020
rk45,512,4,3,0.0253,0.0020,polar3,polar,2000,12000,0.3450,0.0033,0.3284,0.0030,0.4585,0.0026,0.0430,0.0030,0.9872,0.0069,0.0825,0.0055,0.2054,0.0036
rk45,512,4,3,0.0253,0.0020,knn,knn,5000,30000,0.7249,0.0031,0.7436,0.0018,0.7351,0.0026,0.0349,0.0006,0.0063,0.0004,0.0106,0.0006,0.3771,0.0011
rk45,512,4,3,0.0253,0.0020,altered_knn,altered_knn,5000,20000,0.5525,0.0034,0.5525,0.0035,0.7060,0.0035,0.0310,0.0024,0.5515,0.0040,0.0587,0.0043,0.3056,0.0005
rk45,512,4,3,0.0253,0.0020,quadratic,quadratic,5000,30000,0.1223,0.0016,0.1092,0.0031,0.1590,0.0034,0.0249,0.0022,0.6278,0.0158,0.0479,0.0042,0.0785,0.0007
rk45,512,4,3,0.0253,0.0020,polar3,polar,5000,30000,0.2719,0.0046,0.2533,0.0033,0.3766,0.0060,0.0374,0.0026,0.9892,0.0052,0.0721,0.0049,0.1627,0.0041
rk45,512,4,3,0.0253,0.0020,knn,knn,10000,60000,0.7353,0.0038,0.7542,0.0025,0.7453,0.0033,0.0385,0.0041,0.0048,0.0001,0.0084,0.0002,0.3813,0.0012
rk45,512,4,3,0.0253,0.0020,altered_knn,altered_knn,10000,40000,0.5753,0.0043,0.5767,0.0044,0.7254,0.0041,0.0311,0.0024,0.5239,0.0057,0.0587,0.0044,0.3177,0.0006
rk45,512,4,3,0.0253,0.0020,quadratic,quadratic,10000,60000,0.1217,0.0027,0.1085,0.0038,0.1575,0.0043,0.0250,0.0018,0.6284,0.0045,0.0481,0.0033,0.0783,0.0009
rk45,512,4,3,0.0253,0.0020,polar3,polar,10000,60000,0.2448,0.0086,0.2255,0.0074,0.3432,0.0121,0.0357,0.0027,0.9914,0.0059,0.0688,0.0050,0.1472,0.0062
rk45,512,4,3,0.0253,0.0020,knn,knn,15000,90000,0.7406,0.0031,0.7596,0.0016,0.7507,0.0025,0.0439,0.0137,0.0053,0.0011,0.0095,0.0020,0.3846,0.0004
rk45,512,4,3,0.0253,0.0020,altered_knn,altered_knn,15000,60000,0.5874,0.0042,0.5892,0.0044,0.7353,0.0040,0.0317,0.0027,0.5178,0.0079,0.0597,0.0048,0.3244,0.0004
rk45,512,4,3,0.0253,0.0020,quadratic,quadratic,15000,90000,0.1249,0.0017,0.1123,0.0008,0.1614,0.0009,0.0250,0.0021,0.6125,0.0011,0.0480,0.0038,0.0801,0.0023
rk45,512,4,3,0.0253,0.0020,polar3,polar,15000,90000,0.2375,0.0080,0.2180,0.0067,0.3327,0.0107,0.0354,0.0027,0.9915,0.0055,0.0683,0.0050,0.1431,0.0058
rk45,512,4,3,0.0253,0.0020,knn,knn,20000,120000,0.7446,0.0036,0.7638,0.0021,0.7547,0.0029,0.0327,0.0016,0.0036,0.0001,0.0065,0.0002,0.3852,0.0012
rk45,512,4,3,0.0253,0.0020,altered_knn,altered_knn,20000,80000,0.5953,0.0041,0.5975,0.0041,0.7417,0.0038,0.0318,0.0024,0.5093,0.0026,0.0598,0.0042,0.3287,0.0002
rk45,512,4,3,0.0253,0.0020,quadratic,quadratic,20000,120000,0.1295,0.0018,0.1171,0.0029,0.1665,0.0030,0.0252,0.0018,0.6043,0.0034,0.0483,0.0033,0.0827,0.0003
rk45,512,4,3,0.0253,0.0020,polar3,polar,20000,120000,0.2389,0.0134,0.2194,0.0123,0.3339,0.0215,0.0354,0.0026,0.9917,0.0053,0.0683,0.0049,0.1439,0.0086
rk45,512,8,2,0.0221,0.0006,knn,knn,2000,24000,0.5895,0.0015,0.6025,0.0012,0.5997,0.0015,0.0275,0.0019,0.0167,0.0008,0.0208,0.0011,0.3117,0.0000
rk45,512,8,2,0.0221,0.0006,altered_knn,altered_knn,2000,16000,0.5086,0.0007,0.5065,0.0007,0.6671,0.0005,0.0270,0.0007,0.6022,0.0008,0.0517,0.0012,0.2791,0.0010
rk45,512,8,2,0.0221,0.0006,quadratic,quadratic,2000,24000,0.0802,0.0001,0.0662,0.0004,0.1021,0.0003,0.0218,0.0005,0.6987,0.0023,0.0422,0.0010,0.0542,0.0003
rk45,512,8,2,0.0221,0.0006,polar3,polar,2000,24000,0.3049,0.0012,0.2894,0.0009,0.4097,0.0020,0.0363,0.0008,0.9886,0.0027,0.0701,0.0014,0.1798,0.0012
rk45,512,8,2,0.0221,0.0006,knn,knn,5000,60000,0.6130,0.0005,0.6266,0.0001,0.6221,0.0002,0.0339,0.0002,0.0128,0.0005,0.0186,0.0006,0.3226,0.0002
rk45,512,8,2,0.0221,0.0006,altered_knn,altered_knn,5000,40000,0.5485,0.0011,0.5481,0.0011,0.7024,0.0006,0.0276,0.0009,0.5633,0.0025,0.0526,0.0016,0.3004,0.0013
rk45,512,8,2,0.0221,0.0006,quadratic,quadratic,5000,60000,0.0797,0.0012,0.0667,0.0009,0.0990,0.0010,0.0219,0.0006,0.6550,0.0029,0.0423,0.0011,0.0545,0.0010
rk45,512,8,2,0.0221,0.0006,polar3,polar,5000,60000,0.2751,0.0011,0.2589,0.0015,0.3854,0.0027,0.0328,0.0007,0.9914,0.0022,0.0635,0.0014,0.1612,0.0000
rk45,512,8,2,0.0221,0.0006,knn,knn,10000,120000,0.6264,0.0002,0.6404,0.0002,0.6354,0.0001,0.0318,0.0023,0.0103,0.0013,0.0156,0.0017,0.3280,0.0008
rk45,512,8,2,0.0221,0.0006,altered_knn,altered_knn,10000,80000,0.4991,0.0001,0.4966,0.0000,0.6593,0.0002,0.0268,0.0007,0.6121,0.0015,0.0514,0.0014,0.2740,0.0007
rk45,512,8,2,0.0221,0.0006,quadratic,quadratic,10000,120000,0.0804,0.0002,0.0679,0.0005,0.0991,0.0006,0.0219,0.0004,0.6327,0.0023,0.0424,0.0008,0.0551,0.0002
rk45,512,8,2,0.0221,0.0006,polar3,polar,10000,120000,0.2662,0.0019,0.2498,0.0024,0.3726,0.0041,0.0323,0.0008,0.9914,0.0025,0.0625,0.0015,0.1562,0.0004
rk45,512,8,2,0.0221,0.0006,knn,knn,15000,180000,0.6336,0.0000,0.6478,0.0004,0.6426,0.0002,0.0328,0.0002,0.0098,0.0001,0.0151,0.0001,0.3314,0.0001
rk45,512,8,2,0.0221,0.0006,altered_knn,altered_knn,15000,120000,0.5127,0.0001,0.5107,0.0000,0.6716,0.0002,0.0271,0.0007,0.6005,0.0014,0.0518,0.0014,0.2813,0.0007
rk45,512,8,2,0.0221,0.0006,quadratic,quadratic,15000,180000,0.0803,0.0008,0.0680,0.0013,0.0979,0.0015,0.0221,0.0006,0.6213,0.0078,0.0427,0.0011,0.0554,0.0001
rk45,512,8,2,0.0221,0.0006,polar3,polar,15000,180000,0.2688,0.0007,0.2524,0.0003,0.3750,0.0008,0.0324,0.0009,0.9921,0.0023,0.0628,0.0017,0.1576,0.0010
rk45,512,8,2,0.0221,0.0006,knn,knn,20000,240000,0.6378,0.0014,0.6520,0.0011,0.6467,0.0013,0.0352,0.0018,0.0100,0.0007,0.0155,0.0010,0.3338,0.0010
rk45,512,8,2,0.0221,0.0006,altered_knn,altered_knn,20000,160000,0.5208,0.0009,0.5191,0.0009,0.6789,0.0006,0.0272,0.0007,0.5935,0.0013,0.0521,0.0012,0.2856,0.0011
rk45,512,8,2,0.0221,0.0006,quadratic,quadratic,20000,240000,0.0818,0.0003,0.0697,0.0002,0.1003,0.0002,0.0220,0.0005,0.6151,0.0080,0.0424,0.0008,0.0561,0.0005
rk45,512,8,2,0.0221,0.0006,polar3,polar,20000,240000,0.2699,0.0025,0.2535,0.0029,0.3753,0.0047,0.0325,0.0008,0.9914,0.0025,0.0630,0.0014,0.1583,0.0007
rk45,512,16,2,0.0236,0.0000,knn,knn,2000,48000,0.4753,0.0002,0.4860,0.0003,0.4860,0.0003,0.0321,0.0001,0.0336,0.0007,0.0328,0.0003,0.2594,0.0000
rk45,512,16,2,0.0236,0.0000,altered_knn,altered_knn,2000,32000,0.5141,0.0174,0.5083,0.0180,0.6682,0.0151,0.0362,0.0011,0.7533,0.0074,0.0690,0.0019,0.2887,0.0100
rk45,512,16,2,0.0236,0.0000,quadratic,quadratic,2000,48000,0.0482,0.0001,0.0299,0.0001,0.0516,0.0002,0.0225,0.0002,0.8088,0.0084,0.0439,0.0004,0.0369,0.0001
rk45,512,16,2,0.0236,0.0000,polar3,polar,2000,48000,0.2868,0.0020,0.2724,0.0017,0.3876,0.0021,0.0342,0.0006,0.8818,0.0127,0.0658,0.0011,0.1691,0.0014
rk45,512,16,2,0.0236,0.0000,knn,knn,5000,120000,0.4996,0.0006,0.5111,0.0006,0.5097,0.0003,0.0311,0.0011,0.0257,0.0016,0.0281,0.0014,0.2696,0.0004
rk45,512,16,2,0.0236,0.0000,altered_knn,altered_knn,5000,80000,0.5361,0.0003,0.5311,0.0000,0.6886,0.0002,0.0372,0.0005,0.7424,0.0110,0.0709,0.0010,0.3010,0.0005
rk45,512,16,2,0.0236,0.0000,quadratic,quadratic,5000,120000,0.0469,0.0000,0.0295,0.0001,0.0490,0.0001,0.0226,0.0000,0.7677,0.0003,0.0438,0.0000,0.0367,0.0000
rk45,512,16,2,0.0236,0.0000,polar3,polar,5000,120000,0.2971,0.0029,0.2825,0.0027,0.4049,0.0020,0.0336,0.0006,0.9001,0.0104,0.0647,0.0012,0.1736,0.0019
rk45,512,16,2,0.0236,0.0000,knn,knn,10000,240000,0.5159,0.0015,0.5277,0.0016,0.5257,0.0017,0.0351,0.0006,0.0250,0.0001,0.0292,0.0001,0.2785,0.0008
rk45,512,16,2,0.0236,0.0000,altered_knn,altered_knn,10000,160000,0.5341,0.0279,0.5289,0.0288,0.6869,0.0240,0.0374,0.0018,0.7500,0.0111,0.0713,0.0032,0.3001,0.0160
rk45,512,16,2,0.0236,0.0000,quadratic,quadratic,10000,240000,0.0518,0.0003,0.0372,0.0005,0.0558,0.0006,0.0229,0.0001,0.6555,0.0043,0.0442,0.0002,0.0407,0.0001
rk45,512,16,2,0.0236,0.0000,polar3,polar,10000,240000,0.3051,0.0024,0.2908,0.0021,0.4103,0.0016,0.0341,0.0005,0.8967,0.0125,0.0657,0.0010,0.1782,0.0015
rk45,512,16,2,0.0236,0.0000,knn,knn,15000,360000,0.5247,0.0004,0.5368,0.0004,0.5347,0.0008,0.0331,0.0006,0.0231,0.0005,0.0272,0.0001,0.2820,0.0003
rk45,512,16,2,0.0236,0.0000,altered_knn,altered_knn,15000,240000,0.5172,0.0155,0.5113,0.0159,0.6728,0.0137,0.0365,0.0012,0.7626,0.0009,0.0697,0.0021,0.2905,0.0090
rk45,512,16,2,0.0236,0.0000,quadratic,quadratic,15000,360000,0.0550,0.0002,0.0412,0.0001,0.0606,0.0002,0.0227,0.0001,0.6293,0.0036,0.0439,0.0003,0.0425,0.0002
rk45,512,16,2,0.0236,0.0000,polar3,polar,15000,360000,0.3033,0.0011,0.2889,0.0008,0.4081,0.0023,0.0340,0.0007,0.8992,0.0108,0.0655,0.0013,0.1772,0.0011
rk45,512,16,2,0.0236,0.0000,knn,knn,20000,480000,0.5323,0.0013,0.5447,0.0014,0.5421,0.0014,0.0327,0.0007,0.0203,0.0002,0.0250,0.0003,0.2849,0.0009
rk45,512,16,2,0.0236,0.0000,altered_knn,altered_knn,20000,320000,0.5216,0.0093,0.5158,0.0095,0.6767,0.0081,0.0368,0.0008,0.7623,0.0017,0.0702,0.0015,0.2930,0.0055
rk45,512,16,2,0.0236,0.0000,quadratic,quadratic,20000,480000,0.0591,0.0006,0.0459,0.0007,0.0664,0.0008,0.0227,0.0001,0.6058,0.0003,0.0438,0.0002,0.0449,0.0004
rk45,512,16,2,0.0236,0.0000,polar3,polar,20000,480000,0.3070,0.0029,0.2928,0.0027,0.4127,0.0016,0.0341,0.0006,0.8981,0.0106,0.0656,0.0011,0.1792,0.0019
