sampler,seed,d,K,hall_gt,model,arch,n_per_mode,n_anchors,full_acc,mode_acc,mode_f1,hall_prec,hall_rec,hall_f1,balanced
flow,0,2,2,0.0094,knn,knn,20000,60000,0.9946,0.9961,0.9972,0.6774,0.8355,0.7482,0.8722
flow,0,2,2,0.0094,altered_knn,altered_knn,20000,40000,0.9814,0.9879,0.9906,0.1909,0.2997,0.2332,0.6106
flow,0,2,2,0.0094,quadratic,quadratic,20000,60000,0.9884,0.9929,0.9926,0.5447,0.5172,0.5306,0.7617
flow,0,2,2,0.0094,quadratic_cal,quadratic,20000,60000,0.9884,0.9929,0.9926,0.5447,0.5172,0.5306,0.7617
flow,0,2,2,0.0094,polar8,polar,20000,60000,0.9949,0.9969,0.9973,0.7184,0.7851,0.7503,0.8736
flow,0,2,2,0.0094,polar8_cal,polar,20000,60000,0.9950,0.9970,0.9974,0.7270,0.7772,0.7513,0.8742
flow,0,2,2,0.0094,knn,knn,50000,150000,0.9948,0.9969,0.9973,0.7164,0.7772,0.7455,0.8712
flow,0,2,2,0.0094,altered_knn,altered_knn,50000,100000,0.9888,0.9964,0.9943,0.3460,0.1936,0.2483,0.6224
flow,0,2,2,0.0094,quadratic,quadratic,50000,150000,0.9883,0.9928,0.9925,0.5508,0.5172,0.5335,0.7632
flow,0,2,2,0.0094,quadratic_cal,quadratic,50000,150000,0.9882,0.9927,0.9925,0.5462,0.5172,0.5313,0.7620
flow,0,2,2,0.0094,polar8,polar,50000,150000,0.9949,0.9969,0.9973,0.7167,0.7851,0.7494,0.8731
flow,0,2,2,0.0094,polar8_cal,polar,50000,150000,0.9949,0.9971,0.9974,0.7275,0.7719,0.7490,0.8731
flow,0,2,2,0.0094,knn,knn,100000,300000,0.9951,0.9973,0.9974,0.7462,0.7719,0.7588,0.8780
flow,0,2,2,0.0094,altered_knn,altered_knn,100000,200000,0.9890,0.9976,0.9943,0.2857,0.0902,0.1371,0.5673
flow,0,2,2,0.0094,quadratic,quadratic,100000,300000,0.9900,0.9943,0.9941,0.5590,0.5279,0.5430,0.7687
flow,0,2,2,0.0094,quadratic_cal,quadratic,100000,300000,0.9900,0.9945,0.9941,0.5661,0.5225,0.5434,0.7690
flow,0,2,2,0.0094,polar8,polar,100000,300000,0.9948,0.9969,0.9973,0.7167,0.7719,0.7433,0.8701
flow,0,2,2,0.0094,polar8_cal,polar,100000,300000,0.9948,0.9969,0.9973,0.7178,0.7692,0.7426,0.8698
flow,100,2,2,0.0088,knn,knn,20000,60000,0.9956,0.9965,0.9978,0.6978,0.8920,0.7830,0.8898
flow,100,2,2,0.0088,altered_knn,altered_knn,20000,40000,0.9862,0.9925,0.9930,0.2544,0.2869,0.2697,0.6311
flow,100,2,2,0.0088,quadratic,quadratic,20000,60000,0.9889,0.9927,0.9930,0.5324,0.5597,0.5457,0.7692
flow,100,2,2,0.0088,quadratic_cal,quadratic,20000,60000,0.9882,0.9918,0.9926,0.4964,0.5852,0.5372,0.7645
flow,100,2,2,0.0088,polar8,polar,20000,60000,0.9957,0.9971,0.9978,0.7291,0.8409,0.7810,0.8890
flow,100,2,2,0.0088,polar8_cal,polar,20000,60000,0.9958,0.9973,0.9978,0.7418,0.8324,0.7845,0.8909
flow,100,2,2,0.0088,knn,knn,50000,150000,0.9961,0.9975,0.9980,0.7487,0.8381,0.7909,0.8942
flow,100,2,2,0.0088,altered_knn,altered_knn,50000,100000,0.9900,0.9967,0.9950,0.3828,0.2273,0.2852,0.6410
flow,100,2,2,0.0088,quadratic,quadratic,50000,150000,0.9892,0.9930,0.9932,0.5364,0.5653,0.5505,0.7717
flow,100,2,2,0.0088,quadratic_cal,quadratic,50000,150000,0.9887,0.9923,0.9930,0.5098,0.5909,0.5474,0.7698
flow,100,2,2,0.0088,polar8,polar,50000,150000,0.9956,0.9970,0.9977,0.7213,0.8381,0.7753,0.8861
flow,100,2,2,0.0088,polar8_cal,polar,50000,150000,0.9958,0.9973,0.9978,0.7380,0.8324,0.7824,0.8898
flow,100,2,2,0.0088,knn,knn,100000,300000,0.9959,0.9975,0.9979,0.7487,0.8210,0.7832,0.8904
flow,100,2,2,0.0088,altered_knn,altered_knn,100000,200000,0.9903,0.9980,0.9951,0.3525,0.1222,0.1814,0.5897
flow,100,2,2,0.0088,quadratic,quadratic,100000,300000,0.9912,0.9948,0.9952,0.5379,0.5852,0.5605,0.7777
flow,100,2,2,0.0088,quadratic_cal,quadratic,100000,300000,0.9904,0.9938,0.9948,0.4965,0.6108,0.5478,0.7708
flow,100,2,2,0.0088,polar8,polar,100000,300000,0.9956,0.9970,0.9977,0.7213,0.8381,0.7753,0.8862
flow,100,2,2,0.0088,polar8_cal,polar,100000,300000,0.9958,0.9973,0.9978,0.7418,0.8324,0.7845,0.8909
flow,200,2,2,0.0102,knn,knn,20000,60000,0.9965,0.9970,0.9982,0.7683,0.9510,0.8499,0.9235
flow,200,2,2,0.0102,altered_knn,altered_knn,20000,40000,0.9855,0.9929,0.9927,0.2795,0.2672,0.2732,0.6330
flow,200,2,2,0.0102,quadratic,quadratic,20000,60000,0.9883,0.9929,0.9928,0.5567,0.5417,0.5491,0.7710
flow,200,2,2,0.0102,quadratic_cal,quadratic,20000,60000,0.9885,0.9932,0.9929,0.5696,0.5319,0.5501,0.7716
flow,200,2,2,0.0102,polar8,polar,20000,60000,0.9967,0.9977,0.9983,0.7983,0.9020,0.8470,0.9223
flow,200,2,2,0.0102,polar8_cal,polar,20000,60000,0.9967,0.9979,0.9983,0.8141,0.8799,0.8457,0.9218
flow,200,2,2,0.0102,knn,knn,50000,150000,0.9971,0.9979,0.9985,0.8188,0.9191,0.8661,0.9320
flow,200,2,2,0.0102,altered_knn,altered_knn,50000,100000,0.9892,0.9966,0.9945,0.4481,0.2647,0.3328,0.6647
flow,200,2,2,0.0102,quadratic,quadratic,50000,150000,0.9885,0.9931,0.9930,0.5606,0.5441,0.5522,0.7727
flow,200,2,2,0.0102,quadratic_cal,quadratic,50000,150000,0.9887,0.9935,0.9931,0.5733,0.5270,0.5492,0.7713
flow,200,2,2,0.0102,polar8,polar,50000,150000,0.9968,0.9978,0.9984,0.8061,0.9069,0.8535,0.9256
flow,200,2,2,0.0102,polar8_cal,polar,50000,150000,0.9967,0.9979,0.9983,0.8108,0.8824,0.8451,0.9215
flow,200,2,2,0.0102,knn,knn,100000,300000,0.9969,0.9981,0.9984,0.8287,0.8775,0.8524,0.9253
flow,200,2,2,0.0102,altered_knn,altered_knn,100000,200000,0.9905,0.9985,0.9952,0.5918,0.2132,0.3135,0.6560
flow,200,2,2,0.0102,quadratic,quadratic,100000,300000,0.9908,0.9954,0.9953,0.5567,0.5539,0.5553,0.7753
flow,200,2,2,0.0102,quadratic_cal,quadratic,100000,300000,0.9909,0.9954,0.9953,0.5594,0.5539,0.5567,0.7760
flow,200,2,2,0.0102,polar8,polar,100000,300000,0.9966,0.9977,0.9983,0.7978,0.8897,0.8413,0.9195
flow,200,2,2,0.0102,polar8_cal,polar,100000,300000,0.9965,0.9977,0.9982,0.7969,0.8848,0.8386,0.9181
flow,0,2,4,0.0109,knn,knn,20000,120000,0.9884,0.9912,0.9929,0.5632,0.7425,0.6406,0.8159
flow,0,2,4,0.0109,altered_knn,altered_knn,20000,80000,0.9817,0.9894,0.9897,0.2693,0.2805,0.2748,0.6321
flow,0,2,4,0.0109,quadratic,quadratic,20000,120000,0.9238,0.9284,0.9372,0.1896,0.5092,0.2763,0.6023
flow,0,2,4,0.0109,quadratic_cal,quadratic,20000,120000,0.9354,0.9423,0.9414,0.3773,0.3092,0.3399,0.6411
flow,0,2,4,0.0109,polar8,polar,20000,120000,0.9869,0.9893,0.9919,0.5221,0.7736,0.6234,0.8063
flow,0,2,4,0.0109,polar8_cal,polar,20000,120000,0.9889,0.9931,0.9925,0.6809,0.6034,0.6399,0.8165
flow,0,2,4,0.0109,knn,knn,50000,300000,0.9897,0.9929,0.9933,0.6491,0.6931,0.6704,0.8317
flow,0,2,4,0.0109,altered_knn,altered_knn,50000,200000,0.9838,0.9912,0.9908,0.3329,0.3103,0.3212,0.6562
flow,0,2,4,0.0109,quadratic,quadratic,50000,300000,0.9326,0.9372,0.9463,0.1882,0.5126,0.2753,0.6063
flow,0,2,4,0.0109,quadratic_cal,quadratic,50000,300000,0.9434,0.9501,0.9492,0.4079,0.3310,0.3655,0.6578
flow,0,2,4,0.0109,polar8,polar,50000,300000,0.9877,0.9903,0.9922,0.5538,0.7517,0.6377,0.8140
flow,0,2,4,0.0109,polar8_cal,polar,50000,300000,0.9895,0.9930,0.9929,0.6894,0.6736,0.6814,0.8372
flow,0,2,4,0.0109,knn,knn,100000,600000,0.9900,0.9935,0.9933,0.7035,0.6736,0.6882,0.8409
flow,0,2,4,0.0109,altered_knn,altered_knn,100000,400000,0.9850,0.9933,0.9910,0.3938,0.2322,0.2921,0.6427
flow,0,2,4,0.0109,quadratic,quadratic,100000,600000,0.9433,0.9478,0.9578,0.1860,0.5356,0.2761,0.6120
flow,0,2,4,0.0109,quadratic_cal,quadratic,100000,600000,0.9557,0.9620,0.9614,0.4426,0.3897,0.4144,0.6882
flow,0,2,4,0.0109,polar8,polar,100000,600000,0.9885,0.9914,0.9926,0.5966,0.7241,0.6542,0.8228
flow,0,2,4,0.0109,polar8_cal,polar,100000,600000,0.9896,0.9932,0.9930,0.6913,0.6667,0.6788,0.8360
flow,100,2,4,0.0101,knn,knn,20000,120000,0.9906,0.9932,0.9947,0.5646,0.7284,0.6361,0.8147
flow,100,2,4,0.0101,altered_knn,altered_knn,20000,80000,0.9846,0.9917,0.9917,0.2875,0.2914,0.2894,0.6405
flow,100,2,4,0.0101,quadratic,quadratic,20000,120000,0.9463,0.9523,0.9541,0.2632,0.3630,0.3051,0.6287
flow,100,2,4,0.0101,quadratic_cal,quadratic,20000,120000,0.9482,0.9544,0.9550,0.3008,0.3457,0.3217,0.6380
flow,100,2,4,0.0101,polar8,polar,20000,120000,0.9905,0.9926,0.9947,0.5564,0.7852,0.6513,0.8219
flow,100,2,4,0.0101,polar8_cal,polar,20000,120000,0.9914,0.9946,0.9949,0.6436,0.6778,0.6603,0.8274
flow,100,2,4,0.0101,knn,knn,50000,300000,0.9912,0.9944,0.9949,0.6207,0.6827,0.6502,0.8223
flow,100,2,4,0.0101,altered_knn,altered_knn,50000,200000,0.9859,0.9933,0.9924,0.3228,0.2642,0.2906,0.6419
flow,100,2,4,0.0101,quadratic,quadratic,50000,300000,0.9514,0.9571,0.9617,0.2009,0.3914,0.2655,0.6113
flow,100,2,4,0.0101,quadratic_cal,quadratic,50000,300000,0.9549,0.9611,0.9615,0.3216,0.3506,0.3355,0.6483
flow,100,2,4,0.0101,polar8,polar,50000,300000,0.9908,0.9935,0.9948,0.5872,0.7358,0.6532,0.8233
flow,100,2,4,0.0101,polar8_cal,polar,50000,300000,0.9914,0.9948,0.9948,0.6613,0.6605,0.6609,0.8279
flow,100,2,4,0.0101,knn,knn,100000,600000,0.9913,0.9947,0.9948,0.6486,0.6630,0.6557,0.8252
flow,100,2,4,0.0101,altered_knn,altered_knn,100000,400000,0.9871,0.9953,0.9928,0.3808,0.1914,0.2547,0.6250
flow,100,2,4,0.0101,quadratic,quadratic,100000,600000,0.9446,0.9489,0.9648,0.1249,0.5259,0.2018,0.5754
flow,100,2,4,0.0101,quadratic_cal,quadratic,100000,600000,0.9659,0.9725,0.9726,0.3123,0.3185,0.3154,0.6440
flow,100,2,4,0.0101,polar8,polar,100000,600000,0.9911,0.9941,0.9948,0.6147,0.7012,0.6551,0.8246
flow,100,2,4,0.0101,polar8_cal,polar,100000,600000,0.9913,0.9947,0.9948,0.6513,0.6642,0.6577,0.8262
flow,200,2,4,0.0109,knn,knn,20000,120000,0.9935,0.9952,0.9967,0.6610,0.8442,0.7414,0.8683
flow,200,2,4,0.0109,altered_knn,altered_knn,20000,80000,0.9856,0.9930,0.9926,0.3350,0.3081,0.3210,0.6570
flow,200,2,4,0.0109,quadratic,quadratic,20000,120000,0.9292,0.9351,0.9389,0.2316,0.4009,0.2936,0.6143
flow,200,2,4,0.0109,quadratic_cal,quadratic,20000,120000,0.9342,0.9406,0.9402,0.3905,0.3494,0.3688,0.6547
flow,200,2,4,0.0109,polar8,polar,20000,120000,0.9936,0.9952,0.9967,0.6628,0.8488,0.7443,0.8698
flow,200,2,4,0.0109,polar8_cal,polar,20000,120000,0.9940,0.9971,0.9969,0.7405,0.7159,0.7280,0.8626
flow,200,2,4,0.0109,knn,knn,50000,300000,0.9945,0.9968,0.9972,0.7320,0.7915,0.7606,0.8787
flow,200,2,4,0.0109,altered_knn,altered_knn,50000,200000,0.9877,0.9945,0.9938,0.4255,0.3666,0.3938,0.6942
flow,200,2,4,0.0109,quadratic,quadratic,50000,300000,0.9336,0.9389,0.9464,0.1897,0.4605,0.2687,0.6038
flow,200,2,4,0.0109,quadratic_cal,quadratic,50000,300000,0.9417,0.9482,0.9477,0.3948,0.3482,0.3701,0.6592
flow,200,2,4,0.0109,polar8,polar,50000,300000,0.9939,0.9956,0.9969,0.6813,0.8351,0.7504,0.8730
flow,200,2,4,0.0109,polar8_cal,polar,50000,300000,0.9942,0.9973,0.9970,0.7509,0.7148,0.7324,0.8648
flow,200,2,4,0.0109,knn,knn,100000,600000,0.9947,0.9973,0.9973,0.7621,0.7560,0.7591,0.8782
flow,200,2,4,0.0109,altered_knn,altered_knn,100000,400000,0.9891,0.9974,0.9945,0.5122,0.2405,0.3274,0.6624
flow,200,2,4,0.0109,quadratic,quadratic,100000,600000,0.9377,0.9419,0.9556,0.1551,0.5556,0.2425,0.5922
flow,200,2,4,0.0109,quadratic_cal,quadratic,100000,600000,0.9534,0.9602,0.9600,0.3543,0.3414,0.3477,0.6539
flow,200,2,4,0.0109,polar8,polar,100000,600000,0.9942,0.9961,0.9970,0.7012,0.8225,0.7570,0.8765
flow,200,2,4,0.0109,polar8_cal,polar,100000,600000,0.9944,0.9975,0.9971,0.7659,0.7194,0.7419,0.8697
flow,0,2,8,0.0117,knn,knn,20000,240000,0.9796,0.9850,0.9866,0.4107,0.5184,0.4583,0.7217
flow,0,2,8,0.0117,altered_knn,altered_knn,20000,160000,0.9733,0.9824,0.9838,0.1718,0.2142,0.1907,0.5865
flow,0,2,8,0.0117,quadratic,quadratic,20000,240000,0.8461,0.8498,0.9078,0.0448,0.5285,0.0827,0.4663
flow,0,2,8,0.0117,quadratic_cal,quadratic,20000,240000,0.9507,0.9587,0.9580,0.3088,0.2749,0.2909,0.6248
flow,0,2,8,0.0117,polar8,polar,20000,240000,0.9795,0.9847,0.9869,0.3973,0.5461,0.4600,0.7223
flow,0,2,8,0.0117,polar8_cal,polar,20000,240000,0.9808,0.9865,0.9869,0.4690,0.4949,0.4816,0.7341
flow,0,2,8,0.0117,knn,knn,50000,600000,0.9806,0.9866,0.9868,0.4645,0.4806,0.4724,0.7295
flow,0,2,8,0.0117,altered_knn,altered_knn,50000,400000,0.9749,0.9844,0.9845,0.1748,0.1785,0.1766,0.5805
flow,0,2,8,0.0117,quadratic,quadratic,50000,600000,0.8919,0.8963,0.9396,0.0589,0.5157,0.1057,0.5010
flow,0,2,8,0.0117,quadratic_cal,quadratic,50000,600000,0.9747,0.9828,0.9824,0.3148,0.2957,0.3049,0.6439
flow,0,2,8,0.0117,polar8,polar,50000,600000,0.9800,0.9855,0.9868,0.4255,0.5216,0.4686,0.7271
flow,0,2,8,0.0117,polar8_cal,polar,50000,600000,0.9808,0.9867,0.9868,0.4777,0.4853,0.4815,0.7341
flow,0,2,8,0.0117,knn,knn,100000,1200000,0.9811,0.9872,0.9868,0.5046,0.4678,0.4855,0.7364
flow,0,2,8,0.0117,altered_knn,altered_knn,100000,800000,0.9770,0.9874,0.9848,0.1917,0.1060,0.1365,0.5620
flow,0,2,8,0.0117,quadratic,quadratic,100000,1200000,0.9119,0.9167,0.9507,0.0714,0.5013,0.1249,0.5208
flow,0,2,8,0.0117,quadratic_cal,quadratic,100000,1200000,0.9760,0.9838,0.9831,0.3661,0.3213,0.3422,0.6630
flow,0,2,8,0.0117,polar8,polar,100000,1200000,0.9804,0.9861,0.9867,0.4508,0.4933,0.4711,0.7286
flow,0,2,8,0.0117,polar8_cal,polar,100000,1200000,0.9809,0.9870,0.9867,0.4919,0.4710,0.4812,0.7341
flow,100,2,8,0.0119,knn,knn,20000,240000,0.9847,0.9900,0.9914,0.4471,0.5454,0.4914,0.7407
flow,100,2,8,0.0119,altered_knn,altered_knn,20000,160000,0.9802,0.9896,0.9887,0.2345,0.1961,0.2136,0.6016
flow,100,2,8,0.0119,quadratic,quadratic,20000,240000,0.8358,0.8392,0.8981,0.0462,0.5501,0.0852,0.4622
flow,100,2,8,0.0119,quadratic_cal,quadratic,20000,240000,0.9432,0.9512,0.9501,0.3421,0.2800,0.3080,0.6296
flow,100,2,8,0.0119,polar8,polar,20000,240000,0.9848,0.9897,0.9914,0.4520,0.5800,0.5080,0.7489
flow,100,2,8,0.0119,polar8_cal,polar,20000,240000,0.9864,0.9928,0.9913,0.5994,0.4504,0.5144,0.7536
flow,100,2,8,0.0119,knn,knn,50000,600000,0.9857,0.9915,0.9915,0.5000,0.5039,0.5020,0.7467
flow,100,2,8,0.0119,altered_knn,altered_knn,50000,400000,0.9806,0.9895,0.9893,0.2504,0.2407,0.2455,0.6175
flow,100,2,8,0.0119,quadratic,quadratic,50000,600000,0.8901,0.8946,0.9379,0.0602,0.5218,0.1080,0.5013
flow,100,2,8,0.0119,quadratic_cal,quadratic,50000,600000,0.9715,0.9795,0.9789,0.3422,0.3047,0.3223,0.6509
flow,100,2,8,0.0119,polar8,polar,50000,600000,0.9852,0.9906,0.9914,0.4723,0.5406,0.5042,0.7474
flow,100,2,8,0.0119,polar8_cal,polar,50000,600000,0.9864,0.9928,0.9913,0.5994,0.4489,0.5133,0.7531
flow,100,2,8,0.0119,knn,knn,100000,1200000,0.9861,0.9921,0.9916,0.5363,0.4882,0.5111,0.7516
flow,100,2,8,0.0119,altered_knn,altered_knn,100000,800000,0.9822,0.9924,0.9897,0.2529,0.1390,0.1794,0.5859
flow,100,2,8,0.0119,quadratic,quadratic,100000,1200000,0.9134,0.9182,0.9524,0.0742,0.5160,0.1297,0.5239
flow,100,2,8,0.0119,quadratic_cal,quadratic,100000,1200000,0.9767,0.9846,0.9839,0.3653,0.3220,0.3423,0.6634
flow,100,2,8,0.0119,polar8,polar,100000,1200000,0.9856,0.9911,0.9915,0.4938,0.5239,0.5084,0.7498
flow,100,2,8,0.0119,polar8_cal,polar,100000,1200000,0.9860,0.9923,0.9914,0.5500,0.4698,0.5068,0.7495
flow,200,2,8,0.0110,knn,knn,20000,240000,0.9863,0.9901,0.9920,0.4784,0.6435,0.5488,0.7695
flow,200,2,8,0.0110,altered_knn,altered_knn,20000,160000,0.9770,0.9841,0.9875,0.2089,0.3388,0.2585,0.6213
flow,200,2,8,0.0110,quadratic,quadratic,20000,240000,0.8435,0.8465,0.9055,0.0445,0.5683,0.0826,0.4646
flow,200,2,8,0.0110,quadratic_cal,quadratic,20000,240000,0.9449,0.9516,0.9527,0.2768,0.3371,0.3040,0.6278
flow,200,2,8,0.0110,polar8,polar,20000,240000,0.9860,0.9895,0.9918,0.4724,0.6726,0.5550,0.7722
flow,200,2,8,0.0110,polar8_cal,polar,20000,240000,0.9871,0.9919,0.9920,0.5466,0.5581,0.5523,0.7721
flow,200,2,8,0.0110,knn,knn,50000,600000,0.9876,0.9920,0.9925,0.5480,0.5917,0.5690,0.7805
flow,200,2,8,0.0110,altered_knn,altered_knn,50000,400000,0.9828,0.9911,0.9902,0.2799,0.2318,0.2536,0.6224
flow,200,2,8,0.0110,quadratic,quadratic,50000,600000,0.8913,0.8951,0.9391,0.0579,0.5478,0.1047,0.4999
flow,200,2,8,0.0110,quadratic_cal,quadratic,50000,600000,0.9721,0.9789,0.9803,0.2837,0.3593,0.3171,0.6480
flow,200,2,8,0.0110,polar8,polar,50000,600000,0.9869,0.9910,0.9922,0.5120,0.6207,0.5611,0.7761
flow,200,2,8,0.0110,polar8_cal,polar,50000,600000,0.9875,0.9924,0.9923,0.5626,0.5524,0.5575,0.7749
flow,200,2,8,0.0110,knn,knn,100000,1200000,0.9878,0.9926,0.9925,0.5726,0.5615,0.5670,0.7798
flow,200,2,8,0.0110,altered_knn,altered_knn,100000,800000,0.9839,0.9930,0.9905,0.2985,0.1657,0.2131,0.6030
flow,200,2,8,0.0110,quadratic,quadratic,100000,1200000,0.9135,0.9178,0.9526,0.0694,0.5262,0.1226,0.5202
flow,200,2,8,0.0110,quadratic_cal,quadratic,100000,1200000,0.9770,0.9837,0.9849,0.3079,0.3770,0.3390,0.6613
flow,200,2,8,0.0110,polar8,polar,100000,1200000,0.9873,0.9917,0.9923,0.5383,0.5968,0.5660,0.7789
flow,200,2,8,0.0110,polar8_cal,polar,100000,1200000,0.9877,0.9925,0.9923,0.5722,0.5575,0.5648,0.7786
flow,0,4,2,0.0098,knn,knn,20000,60000,0.9507,0.9560,0.9543,0.6457,0.4173,0.5070,0.7315
flow,0,4,2,0.0098,altered_knn,altered_knn,20000,40000,0.9416,0.9502,0.9579,0.0300,0.0789,0.0435,0.4968
flow,0,4,2,0.0098,quadratic,quadratic,20000,60000,0.9913,0.9952,0.9939,0.8201,0.6031,0.6950,0.8451
flow,0,4,2,0.0098,quadratic_cal,quadratic,20000,60000,0.9909,0.9942,0.9937,0.7358,0.6590,0.6953,0.8447
flow,0,4,2,0.0098,polar8,polar,20000,60000,0.9968,0.9985,0.9983,0.8706,0.8219,0.8455,0.9220
flow,0,4,2,0.0098,polar8_cal,polar,20000,60000,0.9967,0.9986,0.9982,0.8901,0.8041,0.8449,0.9218
flow,0,4,2,0.0098,knn,knn,50000,150000,0.9619,0.9664,0.9650,0.7246,0.5089,0.5979,0.7822
flow,0,4,2,0.0098,altered_knn,altered_knn,50000,100000,0.9236,0.9298,0.9557,0.0454,0.2926,0.0786,0.5042
flow,0,4,2,0.0098,quadratic,quadratic,50000,150000,0.9920,0.9959,0.9946,0.8217,0.5980,0.6922,0.8441
flow,0,4,2,0.0098,quadratic_cal,quadratic,50000,150000,0.9918,0.9951,0.9945,0.7529,0.6590,0.7028,0.8490
flow,0,4,2,0.0098,polar8,polar,50000,150000,0.9968,0.9985,0.9983,0.8713,0.8270,0.8486,0.9235
flow,0,4,2,0.0098,polar8_cal,polar,50000,150000,0.9967,0.9986,0.9982,0.8812,0.8117,0.8450,0.9218
flow,0,4,2,0.0098,knn,knn,100000,300000,0.9698,0.9741,0.9727,0.7634,0.5420,0.6339,0.8040
flow,0,4,2,0.0098,altered_knn,altered_knn,100000,200000,0.9535,0.9621,0.9670,0.0477,0.0967,0.0639,0.5130
flow,0,4,2,0.0098,quadratic,quadratic,100000,300000,0.9941,0.9980,0.9967,0.8219,0.6107,0.7007,0.8493
flow,0,4,2,0.0098,quadratic_cal,quadratic,100000,300000,0.9940,0.9974,0.9966,0.7748,0.6565,0.7107,0.8541
flow,0,4,2,0.0098,polar8,polar,100000,300000,0.9969,0.9986,0.9983,0.8760,0.8270,0.8508,0.9247
flow,0,4,2,0.0098,polar8_cal,polar,100000,300000,0.9967,0.9986,0.9982,0.8830,0.8066,0.8431,0.9208
flow,100,4,2,0.0091,knn,knn,20000,60000,0.9529,0.9576,0.9561,0.6570,0.4368,0.5248,0.7412
flow,100,4,2,0.0091,altered_knn,altered_knn,20000,40000,0.9390,0.9465,0.9585,0.0339,0.1264,0.0535,0.5000
flow,100,4,2,0.0091,quadratic,quadratic,20000,60000,0.9890,0.9924,0.9914,0.7915,0.6154,0.6924,0.8424
flow,100,4,2,0.0091,quadratic_cal,quadratic,20000,60000,0.9873,0.9897,0.9906,0.6143,0.7308,0.6675,0.8286
flow,100,4,2,0.0091,polar8,polar,20000,60000,0.9960,0.9969,0.9974,0.8139,0.9011,0.8553,0.9261
flow,100,4,2,0.0091,polar8_cal,polar,20000,60000,0.9959,0.9967,0.9973,0.7947,0.9038,0.8458,0.9212
flow,100,4,2,0.0091,knn,knn,50000,150000,0.9642,0.9685,0.9671,0.7262,0.5027,0.5942,0.7813
flow,100,4,2,0.0091,altered_knn,altered_knn,50000,100000,0.8967,0.9020,0.9439,0.0306,0.3269,0.0560,0.4790
flow,100,4,2,0.0091,quadratic,quadratic,50000,150000,0.9907,0.9941,0.9931,0.8021,0.6236,0.7017,0.8479
flow,100,4,2,0.0091,quadratic_cal,quadratic,50000,150000,0.9888,0.9912,0.9921,0.6083,0.7253,0.6617,0.8264
flow,100,4,2,0.0091,polar8,polar,50000,150000,0.9959,0.9967,0.9973,0.8024,0.9038,0.8501,0.9234
flow,100,4,2,0.0091,polar8_cal,polar,50000,150000,0.9959,0.9967,0.9973,0.8024,0.9038,0.8501,0.9234
flow,100,4,2,0.0091,knn,knn,100000,300000,0.9697,0.9736,0.9726,0.6972,0.5440,0.6111,0.7923
flow,100,4,2,0.0091,altered_knn,altered_knn,100000,200000,0.9575,0.9656,0.9672,0.0532,0.0714,0.0610,0.5133
flow,100,4,2,0.0091,quadratic,quadratic,100000,300000,0.9923,0.9957,0.9947,0.7958,0.6319,0.7044,0.8501
flow,100,4,2,0.0091,quadratic_cal,quadratic,100000,300000,0.9905,0.9929,0.9938,0.6124,0.7335,0.6675,0.8302
flow,100,4,2,0.0091,polar8,polar,100000,300000,0.9960,0.9969,0.9974,0.8144,0.9038,0.8568,0.9268
flow,100,4,2,0.0091,polar8_cal,polar,100000,300000,0.9960,0.9969,0.9974,0.8144,0.9038,0.8568,0.9268
flow,200,4,2,0.0094,knn,knn,20000,60000,0.9488,0.9537,0.9520,0.6891,0.4362,0.5342,0.7439
flow,200,4,2,0.0094,altered_knn,altered_knn,20000,40000,0.8996,0.9057,0.9437,0.0275,0.2606,0.0498,0.4777
flow,200,4,2,0.0094,quadratic,quadratic,20000,60000,0.9889,0.9923,0.9914,0.7862,0.6356,0.7029,0.8476
flow,200,4,2,0.0094,quadratic_cal,quadratic,20000,60000,0.9885,0.9910,0.9912,0.7003,0.7207,0.7104,0.8507
flow,200,4,2,0.0094,polar8,polar,20000,60000,0.9953,0.9964,0.9968,0.8123,0.8750,0.8425,0.9195
flow,200,4,2,0.0094,polar8_cal,polar,20000,60000,0.9951,0.9963,0.9968,0.7933,0.8777,0.8333,0.9148
flow,200,4,2,0.0094,knn,knn,50000,150000,0.9598,0.9640,0.9630,0.6644,0.5106,0.5774,0.7707
flow,200,4,2,0.0094,altered_knn,altered_knn,50000,100000,0.9301,0.9373,0.9574,0.0319,0.1729,0.0539,0.4956
flow,200,4,2,0.0094,quadratic,quadratic,50000,150000,0.9884,0.9918,0.9909,0.7888,0.6356,0.7040,0.8479
flow,200,4,2,0.0094,quadratic_cal,quadratic,50000,150000,0.9880,0.9905,0.9906,0.7050,0.7181,0.7115,0.8510
flow,200,4,2,0.0094,polar8,polar,50000,150000,0.9951,0.9963,0.9967,0.8068,0.8777,0.8408,0.9185
flow,200,4,2,0.0094,polar8_cal,polar,50000,150000,0.9950,0.9961,0.9967,0.7817,0.8856,0.8304,0.9132
flow,200,4,2,0.0094,knn,knn,100000,300000,0.9682,0.9721,0.9709,0.7636,0.5585,0.6452,0.8086
flow,200,4,2,0.0094,altered_knn,altered_knn,100000,200000,0.9049,0.9106,0.9485,0.0327,0.3085,0.0592,0.4849
flow,200,4,2,0.0094,quadratic,quadratic,100000,300000,0.9912,0.9945,0.9937,0.7878,0.6516,0.7132,0.8539
flow,200,4,2,0.0094,quadratic_cal,quadratic,100000,300000,0.9907,0.9934,0.9934,0.7098,0.7154,0.7126,0.8530
flow,200,4,2,0.0094,polar8,polar,100000,300000,0.9952,0.9963,0.9967,0.8068,0.8777,0.8408,0.9185
flow,200,4,2,0.0094,polar8_cal,polar,100000,300000,0.9951,0.9961,0.9968,0.7822,0.8883,0.8319,0.9140
flow,0,4,4,0.0111,knn,knn,20000,120000,0.8978,0.9031,0.9039,0.4206,0.4310,0.4257,0.6644
flow,0,4,4,0.0111,altered_knn,altered_knn,20000,80000,0.8978,0.9064,0.9161,0.0480,0.1347,0.0708,0.4886
flow,0,4,4,0.0111,quadratic,quadratic,20000,120000,0.9366,0.9412,0.9420,0.4723,0.5253,0.4973,0.7193
flow,0,4,4,0.0111,quadratic_cal,quadratic,20000,120000,0.9378,0.9426,0.9426,0.5251,0.5039,0.5143,0.7285
flow,0,4,4,0.0111,polar8,polar,20000,120000,0.9881,0.9912,0.9911,0.7350,0.7127,0.7236,0.8574
flow,0,4,4,0.0111,polar8_cal,polar,20000,120000,0.9882,0.9914,0.9911,0.7539,0.7015,0.7267,0.8591
flow,0,4,4,0.0111,knn,knn,50000,300000,0.9206,0.9257,0.9259,0.4807,0.4624,0.4714,0.6986
flow,0,4,4,0.0111,altered_knn,altered_knn,50000,200000,0.9189,0.9283,0.9278,0.1024,0.0853,0.0931,0.5107
flow,0,4,4,0.0111,quadratic,quadratic,50000,300000,0.9396,0.9443,0.9448,0.5088,0.5219,0.5152,0.7298
flow,0,4,4,0.0111,quadratic_cal,quadratic,50000,300000,0.9395,0.9442,0.9448,0.5060,0.5230,0.5143,0.7293
flow,0,4,4,0.0111,polar8,polar,50000,300000,0.9884,0.9915,0.9914,0.7257,0.7127,0.7191,0.8553
flow,0,4,4,0.0111,polar8_cal,polar,50000,300000,0.9886,0.9918,0.9915,0.7488,0.7026,0.7250,0.8584
flow,0,4,4,0.0111,knn,knn,100000,600000,0.9348,0.9397,0.9397,0.5243,0.4972,0.5104,0.7250
flow,0,4,4,0.0111,altered_knn,altered_knn,100000,400000,0.9262,0.9359,0.9339,0.1138,0.0640,0.0819,0.5089
flow,0,4,4,0.0111,quadratic,quadratic,100000,600000,0.9471,0.9519,0.9520,0.5511,0.5264,0.5385,0.7452
flow,0,4,4,0.0111,quadratic_cal,quadratic,100000,600000,0.9471,0.9519,0.9520,0.5511,0.5264,0.5385,0.7452
flow,0,4,4,0.0111,polar8,polar,100000,600000,0.9885,0.9916,0.9916,0.7210,0.7104,0.7157,0.8537
flow,0,4,4,0.0111,polar8_cal,polar,100000,600000,0.9889,0.9921,0.9917,0.7625,0.6992,0.7295,0.8608
flow,100,4,4,0.0114,knn,knn,20000,120000,0.9133,0.9190,0.9221,0.2620,0.4147,0.3211,0.6201
flow,100,4,4,0.0114,altered_knn,altered_knn,20000,80000,0.9129,0.9220,0.9323,0.0406,0.1177,0.0603,0.4912
flow,100,4,4,0.0114,quadratic,quadratic,20000,120000,0.9415,0.9463,0.9470,0.4828,0.5248,0.5029,0.7246
flow,100,4,4,0.0114,quadratic_cal,quadratic,20000,120000,0.9427,0.9478,0.9476,0.5434,0.4961,0.5187,0.7333
flow,100,4,4,0.0114,polar8,polar,20000,120000,0.9895,0.9924,0.9931,0.6575,0.7327,0.6930,0.8427
flow,100,4,4,0.0114,polar8_cal,polar,20000,120000,0.9901,0.9935,0.9932,0.7258,0.6931,0.7091,0.8513
flow,100,4,4,0.0114,knn,knn,50000,300000,0.9348,0.9404,0.9424,0.3317,0.4532,0.3831,0.6617
flow,100,4,4,0.0114,altered_knn,altered_knn,50000,200000,0.9193,0.9280,0.9408,0.0500,0.1683,0.0771,0.5025
flow,100,4,4,0.0114,quadratic,quadratic,50000,300000,0.9418,0.9467,0.9471,0.5187,0.5193,0.5190,0.7328
flow,100,4,4,0.0114,quadratic_cal,quadratic,50000,300000,0.9418,0.9466,0.9470,0.5153,0.5193,0.5173,0.7319
flow,100,4,4,0.0114,polar8,polar,50000,300000,0.9898,0.9929,0.9933,0.6657,0.7228,0.6930,0.8430
flow,100,4,4,0.0114,polar8_cal,polar,50000,300000,0.9903,0.9934,0.9935,0.7047,0.7195,0.7120,0.8527
flow,100,4,4,0.0114,knn,knn,100000,600000,0.9459,0.9512,0.9524,0.3988,0.4917,0.4404,0.6958
flow,100,4,4,0.0114,altered_knn,altered_knn,100000,400000,0.9016,0.9080,0.9404,0.0491,0.3432,0.0858,0.4969
flow,100,4,4,0.0114,quadratic,quadratic,100000,600000,0.9520,0.9570,0.9571,0.5241,0.5138,0.5189,0.7380
flow,100,4,4,0.0114,quadratic_cal,quadratic,100000,600000,0.9517,0.9566,0.9570,0.5118,0.5237,0.5177,0.7372
flow,100,4,4,0.0114,polar8,polar,100000,600000,0.9905,0.9936,0.9938,0.7034,0.7228,0.7130,0.8533
flow,100,4,4,0.0114,polar8_cal,polar,100000,600000,0.9909,0.9942,0.9938,0.7477,0.7041,0.7252,0.8597
flow,200,4,4,0.0110,knn,knn,20000,120000,0.9121,0.9168,0.9195,0.3263,0.4904,0.3918,0.6543
flow,200,4,4,0.0110,altered_knn,altered_knn,20000,80000,0.8676,0.8733,0.9172,0.0373,0.3575,0.0675,0.4704
flow,200,4,4,0.0110,quadratic,quadratic,20000,120000,0.9446,0.9491,0.9495,0.5101,0.5426,0.5259,0.7375
flow,200,4,4,0.0110,quadratic_cal,quadratic,20000,120000,0.9460,0.9509,0.9502,0.5984,0.5040,0.5471,0.7490
flow,200,4,4,0.0110,polar8,polar,20000,120000,0.9904,0.9930,0.9937,0.6772,0.7571,0.7149,0.8539
flow,200,4,4,0.0110,polar8_cal,polar,20000,120000,0.9907,0.9936,0.9937,0.7177,0.7242,0.7209,0.8573
flow,200,4,4,0.0110,knn,knn,50000,300000,0.9329,0.9377,0.9399,0.3621,0.5051,0.4218,0.6798
flow,200,4,4,0.0110,altered_knn,altered_knn,50000,200000,0.9216,0.9304,0.9389,0.0498,0.1305,0.0721,0.5012
flow,200,4,4,0.0110,quadratic,quadratic,50000,300000,0.9462,0.9507,0.9509,0.5344,0.5380,0.5362,0.7435
flow,200,4,4,0.0110,quadratic_cal,quadratic,50000,300000,0.9471,0.9521,0.9514,0.6016,0.5040,0.5485,0.7503
flow,200,4,4,0.0110,polar8,polar,50000,300000,0.9911,0.9938,0.9943,0.6921,0.7526,0.7210,0.8574
flow,200,4,4,0.0110,polar8_cal,polar,50000,300000,0.9915,0.9944,0.9943,0.7431,0.7287,0.7358,0.8651
flow,200,4,4,0.0110,knn,knn,100000,600000,0.9446,0.9492,0.9508,0.4108,0.5278,0.4620,0.7056
flow,200,4,4,0.0110,altered_knn,altered_knn,100000,400000,0.9289,0.9376,0.9456,0.0576,0.1442,0.0824,0.5100
flow,200,4,4,0.0110,quadratic,quadratic,100000,600000,0.9530,0.9574,0.9578,0.5333,0.5551,0.5439,0.7507
flow,200,4,4,0.0110,quadratic_cal,quadratic,100000,600000,0.9536,0.9582,0.9581,0.5714,0.5403,0.5554,0.7568
flow,200,4,4,0.0110,polar8,polar,100000,600000,0.9916,0.9942,0.9946,0.7078,0.7560,0.7311,0.8626
flow,200,4,4,0.0110,polar8_cal,polar,100000,600000,0.9920,0.9949,0.9947,0.7585,0.7344,0.7463,0.8706
flow,0,4,8,0.0124,knn,knn,20000,240000,0.8753,0.8809,0.8893,0.1774,0.4261,0.2505,0.5657
flow,0,4,8,0.0124,altered_knn,altered_knn,20000,160000,0.8251,0.8293,0.8890,0.0419,0.4879,0.0771,0.4532
flow,0,4,8,0.0124,quadratic,quadratic,20000,240000,0.8895,0.8949,0.9001,0.2484,0.4563,0.3217,0.6083
flow,0,4,8,0.0124,quadratic_cal,quadratic,20000,240000,0.8972,0.9039,0.9036,0.4144,0.3613,0.3860,0.6450
flow,0,4,8,0.0124,polar8,polar,20000,240000,0.9781,0.9826,0.9847,0.4664,0.6211,0.5328,0.7577
flow,0,4,8,0.0124,polar8_cal,polar,20000,240000,0.9801,0.9856,0.9851,0.5994,0.5437,0.5702,0.7779
flow,0,4,8,0.0124,knn,knn,50000,600000,0.9036,0.9094,0.9155,0.2235,0.4472,0.2981,0.6037
flow,0,4,8,0.0124,altered_knn,altered_knn,50000,400000,0.9049,0.9148,0.9190,0.0717,0.1211,0.0901,0.5025
flow,0,4,8,0.0124,quadratic,quadratic,50000,600000,0.9027,0.9086,0.9125,0.2749,0.4377,0.3377,0.6231
flow,0,4,8,0.0124,quadratic_cal,quadratic,50000,600000,0.9078,0.9146,0.9143,0.4201,0.3633,0.3897,0.6521
flow,0,4,8,0.0124,polar8,polar,50000,600000,0.9805,0.9851,0.9863,0.5149,0.6151,0.5606,0.7728
flow,0,4,8,0.0124,polar8_cal,polar,50000,600000,0.9821,0.9875,0.9867,0.6350,0.5518,0.5905,0.7890
flow,0,4,8,0.0124,knn,knn,100000,1200000,0.9208,0.9266,0.9317,0.2532,0.4623,0.3272,0.6269
flow,0,4,8,0.0124,altered_knn,altered_knn,100000,800000,0.9173,0.9276,0.9294,0.0776,0.0995,0.0872,0.5074
flow,0,4,8,0.0124,quadratic,quadratic,100000,1200000,0.9105,0.9163,0.9218,0.2420,0.4548,0.3159,0.6161
flow,0,4,8,0.0124,quadratic_cal,quadratic,100000,1200000,0.9172,0.9244,0.9240,0.3952,0.3422,0.3668,0.6456
flow,0,4,8,0.0124,polar8,polar,100000,1200000,0.9822,0.9869,0.9875,0.5536,0.6126,0.5816,0.7842
flow,0,4,8,0.0124,polar8_cal,polar,100000,1200000,0.9834,0.9888,0.9878,0.6651,0.5538,0.6043,0.7966
flow,100,4,8,0.0109,knn,knn,20000,240000,0.8931,0.8980,0.9052,0.1852,0.4488,0.2622,0.5801
flow,100,4,8,0.0109,altered_knn,altered_knn,20000,160000,0.8702,0.8763,0.9102,0.0408,0.3160,0.0723,0.4743
flow,100,4,8,0.0109,quadratic,quadratic,20000,240000,0.9155,0.9204,0.9244,0.2741,0.4740,0.3473,0.6339
flow,100,4,8,0.0109,quadratic_cal,quadratic,20000,240000,0.9207,0.9263,0.9267,0.4042,0.4104,0.4073,0.6668
flow,100,4,8,0.0109,polar8,polar,20000,240000,0.9823,0.9861,0.9880,0.4772,0.6422,0.5476,0.7668
flow,100,4,8,0.0109,polar8_cal,polar,20000,240000,0.9841,0.9889,0.9885,0.6005,0.5575,0.5782,0.7835
flow,100,4,8,0.0109,knn,knn,50000,600000,0.9176,0.9225,0.9280,0.2296,0.4745,0.3094,0.6160
flow,100,4,8,0.0109,altered_knn,altered_knn,50000,400000,0.9192,0.9281,0.9296,0.0863,0.1099,0.0967,0.5124
flow,100,4,8,0.0109,quadratic,quadratic,50000,600000,0.9297,0.9347,0.9387,0.2777,0.4757,0.3507,0.6427
flow,100,4,8,0.0109,quadratic_cal,quadratic,50000,600000,0.9345,0.9404,0.9403,0.4316,0.4024,0.4165,0.6784
flow,100,4,8,0.0109,polar8,polar,50000,600000,0.9839,0.9878,0.9891,0.5144,0.6342,0.5681,0.7779
flow,100,4,8,0.0109,polar8_cal,polar,50000,600000,0.9859,0.9906,0.9897,0.6701,0.5604,0.6103,0.8005
flow,100,4,8,0.0109,knn,knn,100000,1200000,0.9337,0.9385,0.9426,0.2805,0.4997,0.3593,0.6489
flow,100,4,8,0.0109,altered_knn,altered_knn,100000,800000,0.9250,0.9338,0.9388,0.0647,0.1265,0.0856,0.5097
flow,100,4,8,0.0109,quadratic,quadratic,100000,1200000,0.9356,0.9404,0.9474,0.2191,0.5031,0.3053,0.6229
flow,100,4,8,0.0109,quadratic_cal,quadratic,100000,1200000,0.9450,0.9514,0.9509,0.4173,0.3641,0.3889,0.6701
flow,100,4,8,0.0109,polar8,polar,100000,1200000,0.9848,0.9886,0.9896,0.5471,0.6411,0.5904,0.7895
flow,100,4,8,0.0109,polar8_cal,polar,100000,1200000,0.9864,0.9908,0.9900,0.6878,0.5850,0.6322,0.8115
flow,200,4,8,0.0116,knn,knn,20000,240000,0.8838,0.8888,0.8962,0.1933,0.4527,0.2709,0.5799
flow,200,4,8,0.0116,altered_knn,altered_knn,20000,160000,0.8338,0.8382,0.8949,0.0391,0.4603,0.0720,0.4551
flow,200,4,8,0.0116,quadratic,quadratic,20000,240000,0.9121,0.9171,0.9207,0.3032,0.4876,0.3739,0.6455
flow,200,4,8,0.0116,quadratic_cal,quadratic,20000,240000,0.9175,0.9238,0.9232,0.4583,0.3861,0.4191,0.6715
flow,200,4,8,0.0116,polar8,polar,20000,240000,0.9824,0.9859,0.9881,0.4965,0.6826,0.5749,0.7804
flow,200,4,8,0.0116,polar8_cal,polar,20000,240000,0.9845,0.9892,0.9886,0.6494,0.5859,0.6160,0.8026
flow,200,4,8,0.0116,knn,knn,50000,600000,0.9120,0.9172,0.9230,0.2332,0.4748,0.3128,0.6150
flow,200,4,8,0.0116,altered_knn,altered_knn,50000,400000,0.8775,0.8840,0.9180,0.0447,0.3265,0.0787,0.4813
flow,200,4,8,0.0116,quadratic,quadratic,50000,600000,0.9240,0.9292,0.9328,0.2994,0.4834,0.3698,0.6495
flow,200,4,8,0.0116,quadratic_cal,quadratic,50000,600000,0.9281,0.9343,0.9342,0.4333,0.4066,0.4195,0.6769
flow,200,4,8,0.0116,polar8,polar,50000,600000,0.9848,0.9884,0.9899,0.5439,0.6815,0.6050,0.7967
flow,200,4,8,0.0116,polar8_cal,polar,50000,600000,0.9864,0.9909,0.9902,0.6836,0.6010,0.6396,0.8153
flow,200,4,8,0.0116,knn,knn,100000,1200000,0.9277,0.9326,0.9374,0.2754,0.5107,0.3579,0.6452
flow,200,4,8,0.0116,altered_knn,altered_knn,100000,800000,0.9147,0.9234,0.9335,0.0610,0.1729,0.0902,0.5068
flow,200,4,8,0.0116,quadratic,quadratic,100000,1200000,0.9266,0.9316,0.9384,0.2265,0.4979,0.3114,0.6215
flow,200,4,8,0.0116,quadratic_cal,quadratic,100000,1200000,0.9354,0.9420,0.9412,0.4553,0.3690,0.4076,0.6748
flow,200,4,8,0.0116,polar8,polar,100000,1200000,0.9860,0.9898,0.9907,0.5749,0.6660,0.6171,0.8034
flow,200,4,8,0.0116,polar8_cal,polar,100000,1200000,0.9872,0.9917,0.9909,0.7035,0.6015,0.6485,0.8201
flow,0,4,16,0.0139,knn,knn,20000,480000,0.8681,0.8742,0.8830,0.1801,0.4300,0.2538,0.5640
flow,0,4,16,0.0139,altered_knn,altered_knn,20000,320000,0.8847,0.8950,0.9003,0.0831,0.1515,0.1073,0.5011
flow,0,4,16,0.0139,quadratic,quadratic,20000,480000,0.8912,0.8974,0.9122,0.1353,0.4462,0.2077,0.5526
flow,0,4,16,0.0139,quadratic_cal,quadratic,20000,480000,0.9118,0.9205,0.9199,0.3298,0.2959,0.3120,0.6162
flow,0,4,16,0.0139,polar8,polar,20000,480000,0.9707,0.9769,0.9787,0.4185,0.5269,0.4665,0.7217
flow,0,4,16,0.0139,polar8_cal,polar,20000,480000,0.9735,0.9813,0.9792,0.5943,0.4169,0.4901,0.7357
flow,0,4,16,0.0139,knn,knn,50000,1200000,0.8977,0.9043,0.9107,0.2146,0.4269,0.2856,0.5950
flow,0,4,16,0.0139,altered_knn,altered_knn,50000,800000,0.9028,0.9139,0.9147,0.1006,0.1129,0.1064,0.5101
flow,0,4,16,0.0139,quadratic,quadratic,50000,1200000,0.8908,0.8969,0.9168,0.1109,0.4508,0.1780,0.5375
flow,0,4,16,0.0139,quadratic_cal,quadratic,50000,1200000,0.9209,0.9304,0.9292,0.3113,0.2472,0.2756,0.6030
flow,0,4,16,0.0139,polar8,polar,50000,1200000,0.9722,0.9787,0.9797,0.4434,0.5087,0.4738,0.7263
flow,0,4,16,0.0139,polar8_cal,polar,50000,1200000,0.9741,0.9818,0.9800,0.5783,0.4309,0.4939,0.7378
flow,0,4,16,0.0139,knn,knn,100000,2400000,0.9160,0.9228,0.9277,0.2509,0.4372,0.3188,0.6208
flow,0,4,16,0.0139,altered_knn,altered_knn,100000,1600000,0.9175,0.9297,0.9261,0.1245,0.0550,0.0763,0.5030
flow,0,4,16,0.0139,quadratic,quadratic,100000,2400000,0.8933,0.8995,0.9192,0.1120,0.4517,0.1795,0.5395
flow,0,4,16,0.0139,quadratic_cal,quadratic,100000,2400000,0.9229,0.9325,0.9313,0.3047,0.2423,0.2699,0.6012
flow,0,4,16,0.0139,polar8,polar,100000,2400000,0.9730,0.9796,0.9802,0.4631,0.5060,0.4836,0.7316
flow,0,4,16,0.0139,polar8_cal,polar,100000,2400000,0.9747,0.9823,0.9805,0.5917,0.4370,0.5027,0.7425
flow,100,4,16,0.0126,knn,knn,20000,480000,0.8794,0.8851,0.8945,0.1653,0.4350,0.2395,0.5623
flow,100,4,16,0.0126,altered_knn,altered_knn,20000,320000,0.8900,0.8992,0.9061,0.0772,0.1682,0.1059,0.5026
flow,100,4,16,0.0126,quadratic,quadratic,20000,480000,0.9041,0.9099,0.9260,0.1210,0.4503,0.1908,0.5503
flow,100,4,16,0.0126,quadratic_cal,quadratic,20000,480000,0.9279,0.9361,0.9354,0.3205,0.2824,0.3002,0.6182
flow,100,4,16,0.0126,polar8,polar,20000,480000,0.9732,0.9788,0.9809,0.4030,0.5358,0.4600,0.7194
flow,100,4,16,0.0126,polar8_cal,polar,20000,480000,0.9755,0.9822,0.9813,0.5300,0.4541,0.4891,0.7356
flow,100,4,16,0.0126,knn,knn,50000,1200000,0.9061,0.9120,0.9189,0.2062,0.4464,0.2821,0.5970
flow,100,4,16,0.0126,altered_knn,altered_knn,50000,800000,0.9076,0.9171,0.9213,0.0942,0.1603,0.1187,0.5179
flow,100,4,16,0.0126,quadratic,quadratic,50000,1200000,0.9027,0.9086,0.9288,0.1010,0.4427,0.1644,0.5365
flow,100,4,16,0.0126,quadratic_cal,quadratic,50000,1200000,0.9346,0.9435,0.9427,0.2741,0.2349,0.2530,0.5983
flow,100,4,16,0.0126,polar8,polar,50000,1200000,0.9744,0.9801,0.9817,0.4227,0.5242,0.4680,0.7241
flow,100,4,16,0.0126,polar8_cal,polar,50000,1200000,0.9761,0.9826,0.9820,0.5181,0.4657,0.4905,0.7366
flow,100,4,16,0.0126,knn,knn,100000,2400000,0.9232,0.9292,0.9344,0.2424,0.4548,0.3163,0.6227
flow,100,4,16,0.0126,altered_knn,altered_knn,100000,1600000,0.9199,0.9299,0.9321,0.1052,0.1440,0.1216,0.5257
flow,100,4,16,0.0126,quadratic,quadratic,100000,2400000,0.9056,0.9116,0.9315,0.1023,0.4444,0.1664,0.5390
flow,100,4,16,0.0126,quadratic_cal,quadratic,100000,2400000,0.9368,0.9458,0.9450,0.2746,0.2334,0.2524,0.5991
flow,100,4,16,0.0126,polar8,polar,100000,2400000,0.9750,0.9809,0.9821,0.4366,0.5173,0.4735,0.7272
flow,100,4,16,0.0126,polar8_cal,polar,100000,2400000,0.9766,0.9832,0.9823,0.5331,0.4634,0.4958,0.7395
flow,200,4,16,0.0129,knn,knn,20000,480000,0.8764,0.8820,0.8915,0.1683,0.4397,0.2434,0.5627
flow,200,4,16,0.0129,altered_knn,altered_knn,20000,320000,0.8826,0.8911,0.9048,0.0704,0.2349,0.1083,0.4997
flow,200,4,16,0.0129,quadratic,quadratic,20000,480000,0.8950,0.9007,0.9168,0.1232,0.4553,0.1939,0.5473
flow,200,4,16,0.0129,quadratic_cal,quadratic,20000,480000,0.9194,0.9280,0.9262,0.3672,0.2641,0.3072,0.6176
flow,200,4,16,0.0129,polar8,polar,20000,480000,0.9744,0.9799,0.9820,0.4155,0.5486,0.4729,0.7264
flow,200,4,16,0.0129,polar8_cal,polar,20000,480000,0.9769,0.9840,0.9825,0.5713,0.4380,0.4959,0.7399
flow,200,4,16,0.0129,knn,knn,50000,1200000,0.9042,0.9101,0.9169,0.2137,0.4589,0.2916,0.6008
flow,200,4,16,0.0129,altered_knn,altered_knn,50000,800000,0.9092,0.9195,0.9205,0.1013,0.1173,0.1088,0.5141
flow,200,4,16,0.0129,quadratic,quadratic,50000,1200000,0.8952,0.9011,0.9206,0.1044,0.4448,0.1691,0.5351
flow,200,4,16,0.0129,quadratic_cal,quadratic,50000,1200000,0.9260,0.9348,0.9341,0.2848,0.2483,0.2653,0.6001
flow,200,4,16,0.0129,polar8,polar,50000,1200000,0.9761,0.9818,0.9832,0.4425,0.5428,0.4875,0.7346
flow,200,4,16,0.0129,polar8_cal,polar,50000,1200000,0.9780,0.9848,0.9835,0.5710,0.4594,0.5092,0.7470
flow,200,4,16,0.0129,knn,knn,100000,2400000,0.9227,0.9286,0.9337,0.2543,0.4662,0.3291,0.6289
flow,200,4,16,0.0129,altered_knn,altered_knn,100000,1600000,0.9225,0.9333,0.9318,0.1258,0.0935,0.1073,0.5203
flow,200,4,16,0.0129,quadratic,quadratic,100000,2400000,0.8978,0.9038,0.9233,0.1033,0.4385,0.1672,0.5355
flow,200,4,16,0.0129,quadratic_cal,quadratic,100000,2400000,0.9286,0.9375,0.9367,0.2809,0.2430,0.2606,0.5990
flow,200,4,16,0.0129,polar8,polar,100000,2400000,0.9770,0.9828,0.9838,0.4610,0.5347,0.4952,0.7390
flow,200,4,16,0.0129,polar8_cal,polar,100000,2400000,0.9785,0.9850,0.9840,0.5646,0.4767,0.5169,0.7510
flow,0,8,2,0.0096,knn,knn,20000,60000,0.8562,0.8637,0.8599,0.7021,0.0857,0.1528,0.5082
flow,0,8,2,0.0096,altered_knn,altered_knn,20000,40000,0.8995,0.9066,0.9299,0.0287,0.1766,0.0493,0.4779
flow,0,8,2,0.0096,quadratic,quadratic,20000,60000,0.9904,0.9950,0.9929,0.9163,0.5117,0.6567,0.8258
flow,0,8,2,0.0096,quadratic_cal,quadratic,20000,60000,0.9891,0.9914,0.9922,0.6414,0.7481,0.6906,0.8410
flow,0,8,2,0.0096,polar8,polar,20000,60000,0.9945,0.9960,0.9960,0.8429,0.8364,0.8396,0.9178
flow,0,8,2,0.0096,polar8_cal,polar,20000,60000,0.9942,0.9955,0.9960,0.7830,0.8623,0.8208,0.9081
flow,0,8,2,0.0096,knn,knn,50000,150000,0.8669,0.8743,0.8705,0.8431,0.1117,0.1972,0.5358
flow,0,8,2,0.0096,altered_knn,altered_knn,50000,100000,0.9207,0.9289,0.9394,0.0212,0.0701,0.0326,0.4808
flow,0,8,2,0.0096,quadratic,quadratic,50000,150000,0.9911,0.9957,0.9936,0.9263,0.5221,0.6678,0.8317
flow,0,8,2,0.0096,quadratic_cal,quadratic,50000,150000,0.9900,0.9923,0.9930,0.6560,0.7481,0.6990,0.8457
flow,0,8,2,0.0096,polar8,polar,50000,150000,0.9945,0.9960,0.9960,0.8364,0.8364,0.8364,0.9162
flow,0,8,2,0.0096,polar8_cal,polar,50000,150000,0.9942,0.9955,0.9961,0.7744,0.8649,0.8172,0.9063
flow,0,8,2,0.0096,knn,knn,100000,300000,0.8751,0.8826,0.8788,0.7708,0.0961,0.1709,0.5268
flow,0,8,2,0.0096,altered_knn,altered_knn,100000,200000,0.9124,0.9196,0.9408,0.0309,0.1740,0.0525,0.4861
flow,0,8,2,0.0096,quadratic,quadratic,100000,300000,0.9922,0.9964,0.9945,0.9188,0.5584,0.6947,0.8456
flow,0,8,2,0.0096,quadratic_cal,quadratic,100000,300000,0.9913,0.9936,0.9941,0.6879,0.7558,0.7203,0.8569
flow,0,8,2,0.0096,polar8,polar,100000,300000,0.9945,0.9961,0.9961,0.8303,0.8390,0.8346,0.9153
flow,0,8,2,0.0096,polar8_cal,polar,100000,300000,0.9943,0.9955,0.9961,0.7742,0.8727,0.8205,0.9080
flow,100,8,2,0.0100,knn,knn,20000,60000,0.8553,0.8628,0.8590,0.8627,0.1103,0.1956,0.5292
flow,100,8,2,0.0100,altered_knn,altered_knn,20000,40000,0.8144,0.8189,0.8929,0.0207,0.3609,0.0391,0.4290
flow,100,8,2,0.0100,quadratic,quadratic,20000,60000,0.9891,0.9941,0.9918,0.9343,0.4987,0.6503,0.8222
flow,100,8,2,0.0100,quadratic_cal,quadratic,20000,60000,0.9886,0.9918,0.9915,0.7188,0.6792,0.6985,0.8451
flow,100,8,2,0.0100,polar8,polar,20000,60000,0.9945,0.9959,0.9958,0.8792,0.8571,0.8680,0.9320
flow,100,8,2,0.0100,polar8_cal,polar,20000,60000,0.9938,0.9948,0.9958,0.7532,0.8947,0.8179,0.9063
flow,100,8,2,0.0100,knn,knn,50000,150000,0.8669,0.8745,0.8706,0.8269,0.1078,0.1907,0.5326
flow,100,8,2,0.0100,altered_knn,altered_knn,50000,100000,0.9049,0.9127,0.9344,0.0249,0.1404,0.0423,0.4775
flow,100,8,2,0.0100,quadratic,quadratic,50000,150000,0.9894,0.9943,0.9920,0.9259,0.5013,0.6504,0.8224
flow,100,8,2,0.0100,quadratic_cal,quadratic,50000,150000,0.9892,0.9923,0.9919,0.7404,0.6792,0.7085,0.8504
flow,100,8,2,0.0100,polar8,polar,50000,150000,0.9951,0.9965,0.9963,0.8883,0.8571,0.8724,0.9345
flow,100,8,2,0.0100,polar8_cal,polar,50000,150000,0.9948,0.9959,0.9963,0.8286,0.8847,0.8558,0.9258
flow,100,8,2,0.0100,knn,knn,100000,300000,0.8783,0.8860,0.8821,0.7742,0.1203,0.2082,0.5471
flow,100,8,2,0.0100,altered_knn,altered_knn,100000,200000,0.9111,0.9185,0.9393,0.0335,0.1805,0.0565,0.4875
flow,100,8,2,0.0100,quadratic,quadratic,100000,300000,0.9913,0.9961,0.9939,0.9196,0.5163,0.6613,0.8287
flow,100,8,2,0.0100,quadratic_cal,quadratic,100000,300000,0.9912,0.9941,0.9938,0.7460,0.6992,0.7219,0.8580
flow,100,8,2,0.0100,polar8,polar,100000,300000,0.9954,0.9967,0.9967,0.8827,0.8672,0.8748,0.9358
flow,100,8,2,0.0100,polar8_cal,polar,100000,300000,0.9949,0.9959,0.9965,0.7951,0.8947,0.8420,0.9189
flow,200,8,2,0.0100,knn,knn,20000,60000,0.8539,0.8617,0.8577,0.7674,0.0823,0.1486,0.5052
flow,200,8,2,0.0100,altered_knn,altered_knn,20000,40000,0.8889,0.8956,0.9279,0.0291,0.2294,0.0517,0.4736
flow,200,8,2,0.0100,quadratic,quadratic,20000,60000,0.9903,0.9955,0.9931,0.8940,0.4838,0.6278,0.8116
flow,200,8,2,0.0100,quadratic_cal,quadratic,20000,60000,0.9898,0.9931,0.9929,0.6941,0.6733,0.6835,0.8383
flow,200,8,2,0.0100,polar8,polar,20000,60000,0.9943,0.9960,0.9957,0.8803,0.8254,0.8520,0.9240
flow,200,8,2,0.0100,polar8_cal,polar,20000,60000,0.9944,0.9957,0.9958,0.8571,0.8678,0.8625,0.9291
flow,200,8,2,0.0100,knn,knn,50000,150000,0.8674,0.8751,0.8713,0.7778,0.1047,0.1846,0.5299
flow,200,8,2,0.0100,altered_knn,altered_knn,50000,100000,0.8331,0.8375,0.9042,0.0258,0.4015,0.0484,0.4430
flow,200,8,2,0.0100,quadratic,quadratic,50000,150000,0.9900,0.9951,0.9928,0.9045,0.4963,0.6409,0.8180
flow,200,8,2,0.0100,quadratic_cal,quadratic,50000,150000,0.9895,0.9926,0.9925,0.6992,0.6783,0.6886,0.8406
flow,200,8,2,0.0100,polar8,polar,50000,150000,0.9946,0.9963,0.9960,0.8737,0.8279,0.8502,0.9233
flow,200,8,2,0.0100,polar8_cal,polar,50000,150000,0.9944,0.9957,0.9960,0.8173,0.8703,0.8430,0.9194
flow,200,8,2,0.0100,knn,knn,100000,300000,0.8753,0.8828,0.8789,0.8889,0.1397,0.2414,0.5621
flow,200,8,2,0.0100,altered_knn,altered_knn,100000,200000,0.9179,0.9262,0.9413,0.0240,0.0998,0.0386,0.4824
flow,200,8,2,0.0100,quadratic,quadratic,100000,300000,0.9921,0.9970,0.9948,0.9067,0.5087,0.6518,0.8244
flow,200,8,2,0.0100,quadratic_cal,quadratic,100000,300000,0.9915,0.9944,0.9944,0.6955,0.7007,0.6981,0.8463
flow,200,8,2,0.0100,polar8,polar,100000,300000,0.9946,0.9963,0.9961,0.8688,0.8254,0.8465,0.9214
flow,200,8,2,0.0100,polar8_cal,polar,100000,300000,0.9946,0.9958,0.9962,0.8159,0.8728,0.8434,0.9196
flow,0,8,4,0.0110,knn,knn,20000,120000,0.7396,0.7461,0.7444,0.4088,0.1572,0.2271,0.4866
flow,0,8,4,0.0110,altered_knn,altered_knn,20000,80000,0.8099,0.8152,0.8671,0.0283,0.3303,0.0521,0.4337
flow,0,8,4,0.0110,quadratic,quadratic,20000,120000,0.9440,0.9487,0.9472,0.7585,0.5294,0.6236,0.7861
flow,0,8,4,0.0110,quadratic_cal,quadratic,20000,120000,0.9440,0.9490,0.9472,0.7907,0.5000,0.6126,0.7808
flow,0,8,4,0.0110,polar8,polar,20000,120000,0.9853,0.9883,0.9876,0.8199,0.7161,0.7645,0.8764
flow,0,8,4,0.0110,polar8_cal,polar,20000,120000,0.9852,0.9881,0.9876,0.8033,0.7251,0.7622,0.8752
flow,0,8,4,0.0110,knn,knn,50000,300000,0.7553,0.7618,0.7603,0.4294,0.1753,0.2490,0.5054
flow,0,8,4,0.0110,altered_knn,altered_knn,50000,200000,0.8859,0.8956,0.8932,0.0463,0.0226,0.0304,0.4630
flow,0,8,4,0.0110,quadratic,quadratic,50000,300000,0.9463,0.9511,0.9494,0.7808,0.5238,0.6269,0.7890
flow,0,8,4,0.0110,quadratic_cal,quadratic,50000,300000,0.9464,0.9512,0.9494,0.7897,0.5181,0.6257,0.7884
flow,0,8,4,0.0110,polar8,polar,50000,300000,0.9870,0.9900,0.9894,0.8061,0.7149,0.7578,0.8739
flow,0,8,4,0.0110,polar8_cal,polar,50000,300000,0.9870,0.9901,0.9894,0.8100,0.7138,0.7589,0.8745
flow,0,8,4,0.0110,knn,knn,100000,600000,0.7719,0.7782,0.7768,0.4947,0.2093,0.2941,0.5362
flow,0,8,4,0.0110,altered_knn,altered_knn,100000,400000,0.8904,0.8997,0.8995,0.0614,0.0566,0.0589,0.4793
flow,0,8,4,0.0110,quadratic,quadratic,100000,600000,0.9543,0.9590,0.9572,0.8010,0.5373,0.6432,0.8011
flow,0,8,4,0.0110,quadratic_cal,quadratic,100000,600000,0.9543,0.9590,0.9572,0.8024,0.5328,0.6404,0.7997
flow,0,8,4,0.0110,polar8,polar,100000,600000,0.9883,0.9913,0.9906,0.8262,0.7206,0.7698,0.8806
flow,0,8,4,0.0110,polar8_cal,polar,100000,600000,0.9882,0.9910,0.9906,0.7915,0.7342,0.7617,0.8764
flow,100,8,4,0.0109,knn,knn,20000,120000,0.7524,0.7588,0.7563,0.3714,0.1785,0.2411,0.4999
flow,100,8,4,0.0109,altered_knn,altered_knn,20000,80000,0.8733,0.8819,0.8898,0.0347,0.0904,0.0502,0.4660
flow,100,8,4,0.0109,quadratic,quadratic,20000,120000,0.9645,0.9688,0.9676,0.7500,0.5732,0.6498,0.8093
flow,100,8,4,0.0109,quadratic_cal,quadratic,20000,120000,0.9630,0.9667,0.9668,0.6114,0.6247,0.6180,0.7923
flow,100,8,4,0.0109,polar8,polar,20000,120000,0.9886,0.9913,0.9910,0.7927,0.7483,0.7699,0.8806
flow,100,8,4,0.0109,polar8_cal,polar,20000,120000,0.9879,0.9902,0.9908,0.7056,0.7815,0.7416,0.8659
flow,100,8,4,0.0109,knn,knn,50000,300000,0.7730,0.7795,0.7770,0.4282,0.1842,0.2576,0.5186
flow,100,8,4,0.0109,altered_knn,altered_knn,50000,200000,0.8735,0.8815,0.8961,0.0368,0.1453,0.0587,0.4701
flow,100,8,4,0.0109,quadratic,quadratic,50000,300000,0.9672,0.9716,0.9701,0.7830,0.5698,0.6596,0.8156
flow,100,8,4,0.0109,quadratic_cal,quadratic,50000,300000,0.9659,0.9694,0.9695,0.6379,0.6510,0.6444,0.8069
flow,100,8,4,0.0109,polar8,polar,50000,300000,0.9895,0.9921,0.9917,0.8123,0.7574,0.7839,0.8880
flow,100,8,4,0.0109,polar8_cal,polar,50000,300000,0.9893,0.9917,0.9917,0.7794,0.7723,0.7759,0.8838
flow,100,8,4,0.0109,knn,knn,100000,600000,0.7917,0.7979,0.7956,0.4844,0.2311,0.3129,0.5554
flow,100,8,4,0.0109,altered_knn,altered_knn,100000,400000,0.8827,0.8909,0.9028,0.0418,0.1419,0.0646,0.4777
flow,100,8,4,0.0109,quadratic,quadratic,100000,600000,0.9724,0.9768,0.9752,0.8035,0.5755,0.6707,0.8237
flow,100,8,4,0.0109,quadratic_cal,quadratic,100000,600000,0.9706,0.9739,0.9744,0.6239,0.6739,0.6480,0.8109
flow,100,8,4,0.0109,polar8,polar,100000,600000,0.9905,0.9929,0.9926,0.8177,0.7700,0.7932,0.8930
flow,100,8,4,0.0109,polar8_cal,polar,100000,600000,0.9902,0.9925,0.9925,0.7773,0.7826,0.7799,0.8862
flow,200,8,4,0.0112,knn,knn,20000,120000,0.7458,0.7523,0.7511,0.3260,0.1667,0.2206,0.4865
flow,200,8,4,0.0112,altered_knn,altered_knn,20000,80000,0.8751,0.8845,0.8845,0.0389,0.0380,0.0385,0.4615
flow,200,8,4,0.0112,quadratic,quadratic,20000,120000,0.9554,0.9601,0.9586,0.7516,0.5347,0.6248,0.7925
flow,200,8,4,0.0112,quadratic_cal,quadratic,20000,120000,0.9544,0.9584,0.9581,0.6354,0.5984,0.6164,0.7874
flow,200,8,4,0.0112,polar8,polar,20000,120000,0.9866,0.9899,0.9892,0.7969,0.6980,0.7442,0.8670
flow,200,8,4,0.0112,polar8_cal,polar,20000,120000,0.9860,0.9889,0.9890,0.7154,0.7338,0.7245,0.8567
flow,200,8,4,0.0112,knn,knn,50000,300000,0.7686,0.7754,0.7737,0.3952,0.1644,0.2322,0.5038
flow,200,8,4,0.0112,altered_knn,altered_knn,50000,200000,0.8814,0.8907,0.8929,0.0434,0.0615,0.0509,0.4708
flow,200,8,4,0.0112,quadratic,quadratic,50000,300000,0.9588,0.9635,0.9618,0.7902,0.5391,0.6410,0.8022
flow,200,8,4,0.0112,quadratic_cal,quadratic,50000,300000,0.9577,0.9615,0.9613,0.6514,0.6186,0.6345,0.7980
flow,200,8,4,0.0112,polar8,polar,50000,300000,0.9878,0.9909,0.9903,0.8060,0.7159,0.7583,0.8746
flow,200,8,4,0.0112,polar8_cal,polar,50000,300000,0.9874,0.9902,0.9901,0.7520,0.7394,0.7456,0.8679
flow,200,8,4,0.0112,knn,knn,100000,600000,0.7854,0.7922,0.7900,0.4530,0.1834,0.2611,0.5267
flow,200,8,4,0.0112,altered_knn,altered_knn,100000,400000,0.8907,0.9004,0.8997,0.0305,0.0257,0.0279,0.4642
flow,200,8,4,0.0112,quadratic,quadratic,100000,600000,0.9636,0.9684,0.9668,0.7941,0.5391,0.6422,0.8053
flow,200,8,4,0.0112,quadratic_cal,quadratic,100000,600000,0.9624,0.9660,0.9661,0.6392,0.6421,0.6406,0.8033
flow,200,8,4,0.0112,polar8,polar,100000,600000,0.9887,0.9917,0.9911,0.8063,0.7170,0.7590,0.8754
flow,200,8,4,0.0112,polar8_cal,polar,100000,600000,0.9886,0.9912,0.9912,0.7636,0.7517,0.7576,0.8744
flow,0,8,8,0.0130,knn,knn,20000,240000,0.6721,0.6778,0.6795,0.1698,0.2376,0.1981,0.4379
flow,0,8,8,0.0130,altered_knn,altered_knn,20000,160000,0.8300,0.8397,0.8446,0.0474,0.0885,0.0617,0.4507
flow,0,8,8,0.0130,quadratic,quadratic,20000,240000,0.9259,0.9315,0.9307,0.5901,0.4964,0.5392,0.7354
flow,0,8,8,0.0130,quadratic_cal,quadratic,20000,240000,0.9266,0.9327,0.9311,0.6519,0.4656,0.5432,0.7380
flow,0,8,8,0.0130,polar8,polar,20000,240000,0.9776,0.9827,0.9816,0.7196,0.5950,0.6514,0.8170
flow,0,8,8,0.0130,polar8_cal,polar,20000,240000,0.9779,0.9833,0.9815,0.7833,0.5633,0.6553,0.8193
flow,0,8,8,0.0130,knn,knn,50000,600000,0.7002,0.7061,0.7072,0.2093,0.2501,0.2279,0.4670
flow,0,8,8,0.0130,altered_knn,altered_knn,50000,400000,0.8311,0.8396,0.8573,0.0457,0.1890,0.0736,0.4566
flow,0,8,8,0.0130,quadratic,quadratic,50000,600000,0.9438,0.9499,0.9481,0.6850,0.4791,0.5638,0.7569
flow,0,8,8,0.0130,quadratic_cal,quadratic,50000,600000,0.9435,0.9492,0.9480,0.6479,0.5046,0.5673,0.7583
flow,0,8,8,0.0130,polar8,polar,50000,600000,0.9801,0.9852,0.9838,0.7570,0.5887,0.6623,0.8238
flow,0,8,8,0.0130,polar8_cal,polar,50000,600000,0.9801,0.9856,0.9837,0.8014,0.5628,0.6612,0.8234
flow,0,8,8,0.0130,knn,knn,100000,1200000,0.7185,0.7245,0.7250,0.2493,0.2621,0.2556,0.4901
flow,0,8,8,0.0130,altered_knn,altered_knn,100000,800000,0.8483,0.8578,0.8649,0.0565,0.1265,0.0781,0.4680
flow,0,8,8,0.0130,quadratic,quadratic,100000,1200000,0.9508,0.9572,0.9554,0.6628,0.4642,0.5460,0.7516
flow,0,8,8,0.0130,quadratic_cal,quadratic,100000,1200000,0.9505,0.9566,0.9553,0.6310,0.4911,0.5523,0.7545
flow,0,8,8,0.0130,polar8,polar,100000,1200000,0.9809,0.9860,0.9845,0.7741,0.5950,0.6728,0.8294
flow,0,8,8,0.0130,polar8_cal,polar,100000,1200000,0.9810,0.9865,0.9844,0.8306,0.5637,0.6716,0.8291
flow,100,8,8,0.0121,knn,knn,20000,240000,0.6715,0.6769,0.6793,0.1730,0.2370,0.2000,0.4384
flow,100,8,8,0.0121,altered_knn,altered_knn,20000,160000,0.8215,0.8297,0.8447,0.0390,0.1513,0.0621,0.4459
flow,100,8,8,0.0121,quadratic,quadratic,20000,240000,0.9298,0.9352,0.9344,0.5773,0.4879,0.5288,0.7320
flow,100,8,8,0.0121,quadratic_cal,quadratic,20000,240000,0.9295,0.9348,0.9342,0.5589,0.4997,0.5277,0.7312
flow,100,8,8,0.0121,polar8,polar,20000,240000,0.9775,0.9820,0.9812,0.7102,0.6097,0.6561,0.8191
flow,100,8,8,0.0121,polar8_cal,polar,20000,240000,0.9777,0.9823,0.9812,0.7426,0.5958,0.6611,0.8217
flow,100,8,8,0.0121,knn,knn,50000,600000,0.6977,0.7032,0.7051,0.1970,0.2452,0.2185,0.4609
flow,100,8,8,0.0121,altered_knn,altered_knn,50000,400000,0.8395,0.8483,0.8576,0.0460,0.1270,0.0676,0.4579
flow,100,8,8,0.0121,quadratic,quadratic,50000,600000,0.9403,0.9460,0.9444,0.6777,0.4775,0.5603,0.7531
flow,100,8,8,0.0121,quadratic_cal,quadratic,50000,600000,0.9388,0.9438,0.9436,0.5597,0.5323,0.5456,0.7447
flow,100,8,8,0.0121,polar8,polar,50000,600000,0.9792,0.9837,0.9828,0.7326,0.6123,0.6670,0.8254
flow,100,8,8,0.0121,polar8_cal,polar,50000,600000,0.9796,0.9845,0.9828,0.8082,0.5808,0.6759,0.8302
flow,100,8,8,0.0121,knn,knn,100000,1200000,0.7174,0.7231,0.7246,0.2243,0.2509,0.2368,0.4800
flow,100,8,8,0.0121,altered_knn,altered_knn,100000,800000,0.8572,0.8673,0.8655,0.0533,0.0346,0.0419,0.4546
flow,100,8,8,0.0121,quadratic,quadratic,100000,1200000,0.9491,0.9550,0.9533,0.6650,0.4703,0.5510,0.7530
flow,100,8,8,0.0121,quadratic_cal,quadratic,100000,1200000,0.9486,0.9542,0.9531,0.6193,0.4930,0.5490,0.7516
flow,100,8,8,0.0121,polar8,polar,100000,1200000,0.9798,0.9842,0.9833,0.7347,0.6190,0.6719,0.8281
flow,100,8,8,0.0121,polar8_cal,polar,100000,1200000,0.9800,0.9847,0.9833,0.7761,0.6030,0.6787,0.8317
flow,200,8,8,0.0129,knn,knn,20000,240000,0.6755,0.6814,0.6829,0.1602,0.2237,0.1867,0.4341
flow,200,8,8,0.0129,altered_knn,altered_knn,20000,160000,0.8368,0.8469,0.8498,0.0442,0.0674,0.0534,0.4501
flow,200,8,8,0.0129,quadratic,quadratic,20000,240000,0.9414,0.9471,0.9462,0.5939,0.5002,0.5431,0.7451
flow,200,8,8,0.0129,quadratic_cal,quadratic,20000,240000,0.9416,0.9476,0.9463,0.6163,0.4871,0.5442,0.7459
flow,200,8,8,0.0129,polar8,polar,20000,240000,0.9790,0.9841,0.9829,0.7243,0.5890,0.6497,0.8169
flow,200,8,8,0.0129,polar8_cal,polar,20000,240000,0.9793,0.9848,0.9829,0.7963,0.5594,0.6572,0.8210
flow,200,8,8,0.0129,knn,knn,50000,600000,0.7038,0.7099,0.7107,0.1956,0.2348,0.2135,0.4617
flow,200,8,8,0.0129,altered_knn,altered_knn,50000,400000,0.8305,0.8388,0.8602,0.0407,0.1955,0.0673,0.4531
flow,200,8,8,0.0129,quadratic,quadratic,50000,600000,0.9516,0.9579,0.9560,0.6818,0.4750,0.5599,0.7589
flow,200,8,8,0.0129,quadratic_cal,quadratic,50000,600000,0.9513,0.9572,0.9558,0.6451,0.4983,0.5623,0.7597
flow,200,8,8,0.0129,polar8,polar,50000,600000,0.9810,0.9859,0.9847,0.7457,0.6075,0.6695,0.8277
flow,200,8,8,0.0129,polar8_cal,polar,50000,600000,0.9812,0.9865,0.9846,0.8147,0.5759,0.6748,0.8307
flow,200,8,8,0.0129,knn,knn,100000,1200000,0.7241,0.7303,0.7308,0.2246,0.2504,0.2368,0.4836
flow,200,8,8,0.0129,altered_knn,altered_knn,100000,800000,0.8415,0.8501,0.8683,0.0432,0.1820,0.0699,0.4600
flow,200,8,8,0.0129,quadratic,quadratic,100000,1200000,0.9552,0.9616,0.9597,0.6688,0.4643,0.5481,0.7549
flow,200,8,8,0.0129,quadratic_cal,quadratic,100000,1200000,0.9544,0.9603,0.9593,0.5995,0.5085,0.5503,0.7553
flow,200,8,8,0.0129,polar8,polar,100000,1200000,0.9821,0.9869,0.9856,0.7684,0.6084,0.6791,0.8330
flow,200,8,8,0.0129,polar8_cal,polar,100000,1200000,0.9822,0.9873,0.9856,0.8128,0.5876,0.6821,0.8347
flow,0,8,16,0.0141,knn,knn,20000,480000,0.6104,0.6152,0.6237,0.0946,0.2727,0.1405,0.3778
flow,0,8,16,0.0141,altered_knn,altered_knn,20000,320000,0.7840,0.7924,0.8102,0.0477,0.1943,0.0766,0.4345
flow,0,8,16,0.0141,quadratic,quadratic,20000,480000,0.9123,0.9192,0.9185,0.4981,0.4333,0.4635,0.6913
flow,0,8,16,0.0141,quadratic_cal,quadratic,20000,480000,0.9134,0.9210,0.9189,0.5768,0.3817,0.4594,0.6902
flow,0,8,16,0.0141,polar8,polar,20000,480000,0.9665,0.9732,0.9719,0.6066,0.4987,0.5474,0.7603
flow,0,8,16,0.0141,polar8_cal,polar,20000,480000,0.9668,0.9739,0.9719,0.6645,0.4761,0.5547,0.7643
flow,0,8,16,0.0141,knn,knn,50000,1200000,0.6434,0.6485,0.6556,0.1162,0.2856,0.1652,0.4069
flow,0,8,16,0.0141,altered_knn,altered_knn,50000,800000,0.7324,0.7357,0.8071,0.0378,0.5047,0.0702,0.4030
flow,0,8,16,0.0141,quadratic,quadratic,50000,1200000,0.9188,0.9260,0.9251,0.4991,0.4180,0.4550,0.6905
flow,0,8,16,0.0141,quadratic_cal,quadratic,50000,1200000,0.9196,0.9273,0.9254,0.5514,0.3824,0.4516,0.6894
flow,0,8,16,0.0141,polar8,polar,50000,1200000,0.9686,0.9754,0.9738,0.6392,0.4958,0.5585,0.7669
flow,0,8,16,0.0141,polar8_cal,polar,50000,1200000,0.9689,0.9758,0.9738,0.6741,0.4838,0.5633,0.7696
flow,0,8,16,0.0141,knn,knn,100000,2400000,0.6667,0.6720,0.6783,0.1325,0.2946,0.1828,0.4274
flow,0,8,16,0.0141,altered_knn,altered_knn,100000,1600000,0.8221,0.8330,0.8337,0.0599,0.0665,0.0630,0.4480
flow,0,8,16,0.0141,quadratic,quadratic,100000,2400000,0.9232,0.9305,0.9299,0.4641,0.4143,0.4378,0.6841
flow,0,8,16,0.0141,quadratic_cal,quadratic,100000,2400000,0.9235,0.9310,0.9300,0.4805,0.4036,0.4387,0.6848
flow,0,8,16,0.0141,polar8,polar,100000,2400000,0.9692,0.9761,0.9744,0.6500,0.4934,0.5610,0.7685
flow,0,8,16,0.0141,polar8_cal,polar,100000,2400000,0.9694,0.9765,0.9743,0.6884,0.4763,0.5630,0.7698
flow,100,8,16,0.0139,knn,knn,20000,480000,0.6091,0.6138,0.6220,0.0973,0.2790,0.1443,0.3790
flow,100,8,16,0.0139,altered_knn,altered_knn,20000,320000,0.7844,0.7928,0.8112,0.0461,0.1939,0.0745,0.4336
flow,100,8,16,0.0139,quadratic,quadratic,20000,480000,0.9088,0.9156,0.9149,0.4862,0.4289,0.4558,0.6857
flow,100,8,16,0.0139,quadratic_cal,quadratic,20000,480000,0.9090,0.9159,0.9151,0.4980,0.4226,0.4572,0.6866
flow,100,8,16,0.0139,polar8,polar,20000,480000,0.9659,0.9724,0.9716,0.5732,0.5091,0.5393,0.7558
flow,100,8,16,0.0139,polar8_cal,polar,20000,480000,0.9667,0.9738,0.9716,0.6788,0.4615,0.5494,0.7616
flow,100,8,16,0.0139,knn,knn,50000,1200000,0.6410,0.6459,0.6532,0.1161,0.2914,0.1660,0.4059
flow,100,8,16,0.0139,altered_knn,altered_knn,50000,800000,0.8049,0.8140,0.8257,0.0514,0.1539,0.0770,0.4455
flow,100,8,16,0.0139,quadratic,quadratic,50000,1200000,0.9178,0.9249,0.9240,0.4889,0.4192,0.4514,0.6881
flow,100,8,16,0.0139,quadratic_cal,quadratic,50000,1200000,0.9179,0.9249,0.9240,0.4898,0.4188,0.4515,0.6882
flow,100,8,16,0.0139,polar8,polar,50000,1200000,0.9687,0.9752,0.9740,0.6094,0.5075,0.5538,0.7645
flow,100,8,16,0.0139,polar8_cal,polar,50000,1200000,0.9689,0.9756,0.9740,0.6343,0.4940,0.5554,0.7655
flow,100,8,16,0.0139,knn,knn,100000,2400000,0.6603,0.6656,0.6717,0.1282,0.2844,0.1768,0.4212
flow,100,8,16,0.0139,altered_knn,altered_knn,100000,1600000,0.8215,0.8316,0.8356,0.0634,0.1056,0.0792,0.4554
flow,100,8,16,0.0139,quadratic,quadratic,100000,2400000,0.9216,0.9287,0.9282,0.4613,0.4210,0.4403,0.6845
flow,100,8,16,0.0139,quadratic_cal,quadratic,100000,2400000,0.9216,0.9286,0.9282,0.4573,0.4244,0.4402,0.6844
flow,100,8,16,0.0139,polar8,polar,100000,2400000,0.9702,0.9766,0.9753,0.6258,0.5152,0.5651,0.7708
flow,100,8,16,0.0139,polar8_cal,polar,100000,2400000,0.9704,0.9770,0.9753,0.6579,0.4985,0.5672,0.7721
flow,200,8,16,0.0141,knn,knn,20000,480000,0.6087,0.6133,0.6224,0.0955,0.2849,0.1431,0.3782
flow,200,8,16,0.0141,altered_knn,altered_knn,20000,320000,0.7613,0.7673,0.8084,0.0421,0.3413,0.0749,0.4211
flow,200,8,16,0.0141,quadratic,quadratic,20000,480000,0.9155,0.9223,0.9217,0.4980,0.4415,0.4680,0.6952
flow,200,8,16,0.0141,quadratic_cal,quadratic,20000,480000,0.9156,0.9225,0.9218,0.5035,0.4344,0.4664,0.6944
flow,200,8,16,0.0141,polar8,polar,20000,480000,0.9665,0.9730,0.9720,0.5987,0.5112,0.5515,0.7623
flow,200,8,16,0.0141,polar8_cal,polar,20000,480000,0.9669,0.9736,0.9721,0.6397,0.4988,0.5605,0.7670
flow,200,8,16,0.0141,knn,knn,50000,1200000,0.6409,0.6461,0.6536,0.1104,0.2783,0.1580,0.4021
flow,200,8,16,0.0141,altered_knn,altered_knn,50000,800000,0.8097,0.8196,0.8265,0.0542,0.1164,0.0740,0.4468
flow,200,8,16,0.0141,quadratic,quadratic,50000,1200000,0.9224,0.9296,0.9287,0.4932,0.4177,0.4523,0.6909
flow,200,8,16,0.0141,quadratic_cal,quadratic,50000,1200000,0.9223,0.9295,0.9287,0.4926,0.4186,0.4526,0.6911
flow,200,8,16,0.0141,polar8,polar,50000,1200000,0.9684,0.9750,0.9737,0.6272,0.5077,0.5611,0.7680
flow,200,8,16,0.0141,polar8_cal,polar,50000,1200000,0.9688,0.9756,0.9737,0.6743,0.4928,0.5694,0.7725
flow,200,8,16,0.0141,knn,knn,100000,2400000,0.6625,0.6677,0.6743,0.1307,0.2985,0.1818,0.4247
flow,200,8,16,0.0141,altered_knn,altered_knn,100000,1600000,0.8085,0.8168,0.8361,0.0538,0.2270,0.0870,0.4519
flow,200,8,16,0.0141,quadratic,quadratic,100000,2400000,0.9262,0.9334,0.9328,0.4741,0.4199,0.4454,0.6894
flow,200,8,16,0.0141,quadratic_cal,quadratic,100000,2400000,0.9264,0.9337,0.9328,0.4868,0.4111,0.4458,0.6897
flow,200,8,16,0.0141,polar8,polar,100000,2400000,0.9697,0.9763,0.9749,0.6399,0.5063,0.5653,0.7708
flow,200,8,16,0.0141,polar8_cal,polar,100000,2400000,0.9700,0.9770,0.9748,0.7003,0.4841,0.5725,0.7747
flow,0,16,2,0.0091,knn,knn,20000,60000,0.7987,0.8060,0.8015,0.1667,0.0055,0.0106,0.4083
flow,0,16,2,0.0091,altered_knn,altered_knn,20000,40000,0.7584,0.7616,0.8544,0.0167,0.4121,0.0321,0.3969
flow,0,16,2,0.0091,quadratic,quadratic,20000,60000,0.9871,0.9919,0.9895,0.9661,0.4698,0.6322,0.8120
flow,0,16,2,0.0091,quadratic_cal,quadratic,20000,60000,0.9859,0.9880,0.9889,0.6322,0.7555,0.6884,0.8382
flow,0,16,2,0.0091,polar8,polar,20000,60000,0.9900,0.9911,0.9932,0.5940,0.8681,0.7054,0.8482
flow,0,16,2,0.0091,polar8_cal,polar,20000,60000,0.9914,0.9928,0.9937,0.7048,0.8462,0.7690,0.8809
flow,0,16,2,0.0091,knn,knn,50000,150000,0.8093,0.8166,0.8124,0.5000,0.0137,0.0267,0.4217
flow,0,16,2,0.0091,altered_knn,altered_knn,50000,100000,0.8625,0.8685,0.9034,0.0216,0.2033,0.0390,0.4538
flow,0,16,2,0.0091,quadratic,quadratic,50000,150000,0.9885,0.9932,0.9909,0.9775,0.4780,0.6421,0.8176
flow,0,16,2,0.0091,quadratic_cal,quadratic,50000,150000,0.9877,0.9898,0.9904,0.6635,0.7582,0.7077,0.8487
flow,0,16,2,0.0091,polar8,polar,50000,150000,0.9901,0.9912,0.9934,0.5835,0.8736,0.6997,0.8454
flow,0,16,2,0.0091,polar8_cal,polar,50000,150000,0.9919,0.9932,0.9940,0.7209,0.8516,0.7809,0.8870
flow,0,16,2,0.0091,knn,knn,100000,300000,0.8119,0.8192,0.8149,0.6154,0.0220,0.0424,0.4308
flow,0,16,2,0.0091,altered_knn,altered_knn,100000,200000,0.8664,0.8726,0.9055,0.0216,0.1923,0.0388,0.4557
flow,0,16,2,0.0091,quadratic,quadratic,100000,300000,0.9895,0.9939,0.9918,0.9583,0.5055,0.6619,0.8279
flow,0,16,2,0.0091,quadratic_cal,quadratic,100000,300000,0.9888,0.9906,0.9914,0.6729,0.7912,0.7273,0.8589
flow,0,16,2,0.0091,polar8,polar,100000,300000,0.9920,0.9931,0.9946,0.6605,0.8764,0.7532,0.8732
flow,0,16,2,0.0091,polar8_cal,polar,100000,300000,0.9923,0.9934,0.9947,0.6853,0.8736,0.7681,0.8808
flow,100,16,2,0.0087,knn,knn,20000,60000,0.8018,0.8086,0.8047,0.5455,0.0173,0.0336,0.4211
flow,100,16,2,0.0087,altered_knn,altered_knn,20000,40000,0.7627,0.7660,0.8570,0.0154,0.3902,0.0296,0.3978
flow,100,16,2,0.0087,quadratic,quadratic,20000,60000,0.9889,0.9940,0.9916,0.9216,0.4075,0.5651,0.7796
flow,100,16,2,0.0087,quadratic_cal,quadratic,20000,60000,0.9872,0.9899,0.9907,0.5666,0.6763,0.6166,0.8032
flow,100,16,2,0.0087,polar8,polar,20000,60000,0.9898,0.9905,0.9932,0.5569,0.9046,0.6894,0.8400
flow,100,16,2,0.0087,polar8_cal,polar,20000,60000,0.9926,0.9936,0.9943,0.7638,0.8786,0.8172,0.9054
flow,100,16,2,0.0087,knn,knn,50000,150000,0.8077,0.8147,0.8107,0.4286,0.0087,0.0170,0.4158
flow,100,16,2,0.0087,altered_knn,altered_knn,50000,100000,0.8683,0.8745,0.9058,0.0178,0.1590,0.0320,0.4533
flow,100,16,2,0.0087,quadratic,quadratic,50000,150000,0.9905,0.9954,0.9931,0.9193,0.4277,0.5838,0.7896
flow,100,16,2,0.0087,quadratic_cal,quadratic,50000,150000,0.9897,0.9926,0.9927,0.6387,0.6590,0.6486,0.8206
flow,100,16,2,0.0087,polar8,polar,50000,150000,0.9920,0.9927,0.9949,0.6023,0.9104,0.7250,0.8588
flow,100,16,2,0.0087,polar8_cal,polar,50000,150000,0.9942,0.9950,0.9958,0.7585,0.8988,0.8228,0.9089
flow,100,16,2,0.0087,knn,knn,100000,300000,0.8136,0.8207,0.8166,0.4286,0.0087,0.0170,0.4188
flow,100,16,2,0.0087,altered_knn,altered_knn,100000,200000,0.8675,0.8731,0.9068,0.0234,0.2225,0.0424,0.4578
flow,100,16,2,0.0087,quadratic,quadratic,100000,300000,0.9919,0.9967,0.9944,0.9337,0.4480,0.6055,0.8011
flow,100,16,2,0.0087,quadratic_cal,quadratic,100000,300000,0.9910,0.9935,0.9939,0.6395,0.7023,0.6694,0.8315
flow,100,16,2,0.0087,polar8,polar,100000,300000,0.9942,0.9948,0.9962,0.7026,0.9220,0.7975,0.8962
flow,100,16,2,0.0087,polar8_cal,polar,100000,300000,0.9948,0.9956,0.9964,0.7683,0.9104,0.8333,0.9144
flow,200,16,2,0.0093,knn,knn,20000,60000,0.8016,0.8089,0.8050,0.5882,0.0268,0.0513,0.4301
flow,200,16,2,0.0093,altered_knn,altered_knn,20000,40000,0.8663,0.8728,0.9028,0.0223,0.1796,0.0396,0.4562
flow,200,16,2,0.0093,quadratic,quadratic,20000,60000,0.9886,0.9939,0.9914,0.9408,0.4263,0.5867,0.7903
flow,200,16,2,0.0093,quadratic_cal,quadratic,20000,60000,0.9870,0.9898,0.9906,0.5905,0.6997,0.6405,0.8151
flow,200,16,2,0.0093,polar8,polar,20000,60000,0.9893,0.9906,0.9933,0.5442,0.8579,0.6660,0.8283
flow,200,16,2,0.0093,polar8_cal,polar,20000,60000,0.9908,0.9921,0.9939,0.6191,0.8499,0.7164,0.8543
flow,200,16,2,0.0093,knn,knn,50000,150000,0.8100,0.8175,0.8135,0.3333,0.0080,0.0157,0.4166
flow,200,16,2,0.0093,altered_knn,altered_knn,50000,100000,0.8644,0.8707,0.9052,0.0209,0.1903,0.0377,0.4542
flow,200,16,2,0.0093,quadratic,quadratic,50000,150000,0.9905,0.9958,0.9932,0.9515,0.4209,0.5836,0.7897
flow,200,16,2,0.0093,quadratic_cal,quadratic,50000,150000,0.9893,0.9918,0.9926,0.6150,0.7239,0.6650,0.8284
flow,200,16,2,0.0093,polar8,polar,50000,150000,0.9914,0.9927,0.9948,0.5874,0.8472,0.6937,0.8432
flow,200,16,2,0.0093,polar8_cal,polar,50000,150000,0.9930,0.9944,0.9954,0.6878,0.8445,0.7581,0.8762
flow,200,16,2,0.0093,knn,knn,100000,300000,0.8105,0.8181,0.8139,0.3333,0.0027,0.0053,0.4117
flow,200,16,2,0.0093,altered_knn,altered_knn,100000,200000,0.8700,0.8765,0.9060,0.0224,0.1769,0.0397,0.4581
flow,200,16,2,0.0093,quadratic,quadratic,100000,300000,0.9915,0.9964,0.9940,0.9560,0.4665,0.6270,0.8117
flow,200,16,2,0.0093,quadratic_cal,quadratic,100000,300000,0.9907,0.9929,0.9936,0.6543,0.7560,0.7015,0.8472
flow,200,16,2,0.0093,polar8,polar,100000,300000,0.9938,0.9951,0.9960,0.7127,0.8579,0.7786,0.8868
flow,200,16,2,0.0093,polar8_cal,polar,100000,300000,0.9940,0.9953,0.9960,0.7384,0.8552,0.7925,0.8939
flow,0,16,4,0.0101,knn,knn,20000,120000,0.6561,0.6623,0.6587,0.2640,0.0409,0.0709,0.3666
flow,0,16,4,0.0101,altered_knn,altered_knn,20000,80000,0.8414,0.8493,0.8509,0.0487,0.0658,0.0560,0.4527
flow,0,16,4,0.0101,quadratic,quadratic,20000,120000,0.9685,0.9734,0.9713,0.8361,0.4938,0.6209,0.7971
flow,0,16,4,0.0101,quadratic_cal,quadratic,20000,120000,0.9679,0.9714,0.9710,0.6773,0.6328,0.6543,0.8128
flow,0,16,4,0.0101,polar8,polar,20000,120000,0.9846,0.9871,0.9868,0.7815,0.7320,0.7559,0.8715
flow,0,16,4,0.0101,polar8_cal,polar,20000,120000,0.9838,0.9861,0.9866,0.6869,0.7593,0.7213,0.8537
flow,0,16,4,0.0101,knn,knn,50000,300000,0.6663,0.6727,0.6693,0.3168,0.0397,0.0706,0.3716
flow,0,16,4,0.0101,altered_knn,altered_knn,50000,200000,0.8431,0.8510,0.8537,0.0400,0.0645,0.0494,0.4502
flow,0,16,4,0.0101,quadratic,quadratic,50000,300000,0.9744,0.9792,0.9770,0.8734,0.5050,0.6399,0.8095
flow,0,16,4,0.0101,quadratic_cal,quadratic,50000,300000,0.9741,0.9774,0.9769,0.7268,0.6501,0.6863,0.8319
flow,0,16,4,0.0101,polar8,polar,50000,300000,0.9869,0.9894,0.9889,0.8217,0.7432,0.7805,0.8849
flow,0,16,4,0.0101,polar8_cal,polar,50000,300000,0.9862,0.9884,0.9887,0.7266,0.7717,0.7485,0.8684
flow,0,16,4,0.0101,knn,knn,100000,600000,0.6749,0.6814,0.6779,0.3372,0.0360,0.0650,0.3732
flow,0,16,4,0.0101,altered_knn,altered_knn,100000,400000,0.8466,0.8546,0.8563,0.0455,0.0633,0.0529,0.4537
flow,0,16,4,0.0101,quadratic,quadratic,100000,600000,0.9805,0.9848,0.9829,0.8913,0.5596,0.6875,0.8361
flow,0,16,4,0.0101,quadratic_cal,quadratic,100000,600000,0.9802,0.9831,0.9828,0.7434,0.7010,0.7216,0.8523
flow,0,16,4,0.0101,polar8,polar,100000,600000,0.9874,0.9897,0.9893,0.8290,0.7581,0.7920,0.8908
flow,0,16,4,0.0101,polar8_cal,polar,100000,600000,0.9870,0.9889,0.9892,0.7608,0.8052,0.7824,0.8856
flow,100,16,4,0.0095,knn,knn,20000,120000,0.6502,0.6561,0.6523,0.2887,0.0369,0.0655,0.3608
flow,100,16,4,0.0095,altered_knn,altered_knn,20000,80000,0.8269,0.8338,0.8470,0.0248,0.1042,0.0400,0.4369
flow,100,16,4,0.0095,quadratic,quadratic,20000,120000,0.9659,0.9706,0.9687,0.8213,0.4789,0.6050,0.7878
flow,100,16,4,0.0095,quadratic_cal,quadratic,20000,120000,0.9652,0.9686,0.9683,0.6545,0.6174,0.6354,0.8020
flow,100,16,4,0.0095,polar8,polar,20000,120000,0.9833,0.9852,0.9856,0.7311,0.7784,0.7540,0.8696
flow,100,16,4,0.0095,polar8_cal,polar,20000,120000,0.9834,0.9856,0.9856,0.7705,0.7573,0.7638,0.8747
flow,100,16,4,0.0095,knn,knn,50000,300000,0.6601,0.6661,0.6628,0.2653,0.0343,0.0607,0.3634
flow,100,16,4,0.0095,altered_knn,altered_knn,50000,200000,0.8411,0.8485,0.8527,0.0366,0.0739,0.0489,0.4487
flow,100,16,4,0.0095,quadratic,quadratic,50000,300000,0.9712,0.9759,0.9739,0.8660,0.4776,0.6156,0.7958
flow,100,16,4,0.0095,quadratic_cal,quadratic,50000,300000,0.9708,0.9737,0.9737,0.6737,0.6702,0.6720,0.8228
flow,100,16,4,0.0095,polar8,polar,50000,300000,0.9854,0.9873,0.9870,0.8343,0.7902,0.8117,0.8995
flow,100,16,4,0.0095,polar8_cal,polar,50000,300000,0.9851,0.9867,0.9870,0.7742,0.8140,0.7936,0.8901
flow,100,16,4,0.0095,knn,knn,100000,600000,0.6711,0.6772,0.6740,0.2500,0.0290,0.0520,0.3646
flow,100,16,4,0.0095,altered_knn,altered_knn,100000,400000,0.8452,0.8525,0.8548,0.0514,0.0792,0.0623,0.4574
flow,100,16,4,0.0095,quadratic,quadratic,100000,600000,0.9779,0.9823,0.9804,0.8886,0.5264,0.6611,0.8217
flow,100,16,4,0.0095,quadratic_cal,quadratic,100000,600000,0.9775,0.9801,0.9801,0.6993,0.7058,0.7026,0.8413
flow,100,16,4,0.0095,polar8,polar,100000,600000,0.9871,0.9889,0.9887,0.8277,0.8047,0.8161,0.9025
flow,100,16,4,0.0095,polar8_cal,polar,100000,600000,0.9870,0.9884,0.9888,0.7811,0.8377,0.8084,0.8984
flow,200,16,4,0.0088,knn,knn,20000,120000,0.6485,0.6540,0.6515,0.2419,0.0424,0.0722,0.3631
flow,200,16,4,0.0088,altered_knn,altered_knn,20000,80000,0.7988,0.8036,0.8414,0.0229,0.2532,0.0420,0.4228
flow,200,16,4,0.0088,quadratic,quadratic,20000,120000,0.9739,0.9780,0.9764,0.8147,0.5163,0.6320,0.8050
flow,200,16,4,0.0088,quadratic_cal,quadratic,20000,120000,0.9720,0.9746,0.9755,0.5755,0.6902,0.6277,0.8011
flow,200,16,4,0.0088,polar8,polar,20000,120000,0.9875,0.9891,0.9894,0.7589,0.8105,0.7839,0.8865
flow,200,16,4,0.0088,polar8_cal,polar,20000,120000,0.9871,0.9886,0.9893,0.7134,0.8204,0.7632,0.8759
flow,200,16,4,0.0088,knn,knn,50000,300000,0.6641,0.6698,0.6672,0.2222,0.0311,0.0546,0.3622
flow,200,16,4,0.0088,altered_knn,altered_knn,50000,200000,0.8355,0.8419,0.8537,0.0296,0.1216,0.0476,0.4447
flow,200,16,4,0.0088,quadratic,quadratic,50000,300000,0.9792,0.9836,0.9818,0.8426,0.4922,0.6214,0.8025
flow,200,16,4,0.0088,quadratic_cal,quadratic,50000,300000,0.9782,0.9807,0.9812,0.6267,0.7030,0.6627,0.8217
flow,200,16,4,0.0088,polar8,polar,50000,300000,0.9894,0.9911,0.9911,0.7961,0.8062,0.8011,0.8961
flow,200,16,4,0.0088,polar8_cal,polar,50000,300000,0.9889,0.9904,0.9909,0.7328,0.8303,0.7785,0.8844
flow,200,16,4,0.0088,knn,knn,100000,600000,0.6741,0.6797,0.6769,0.3409,0.0424,0.0755,0.3776
flow,200,16,4,0.0088,altered_knn,altered_knn,100000,400000,0.8105,0.8155,0.8498,0.0241,0.2419,0.0438,0.4296
flow,200,16,4,0.0088,quadratic,quadratic,100000,600000,0.9844,0.9884,0.9867,0.8674,0.5460,0.6701,0.8292
flow,200,16,4,0.0088,quadratic_cal,quadratic,100000,600000,0.9835,0.9854,0.9862,0.6487,0.7652,0.7021,0.8438
flow,200,16,4,0.0088,polar8,polar,100000,600000,0.9904,0.9919,0.9918,0.8295,0.8260,0.8278,0.9098
flow,200,16,4,0.0088,polar8_cal,polar,100000,600000,0.9899,0.9910,0.9917,0.7451,0.8685,0.8021,0.8965
flow,0,16,8,0.0112,knn,knn,20000,240000,0.5349,0.5400,0.5382,0.1552,0.0821,0.1074,0.3237
flow,0,16,8,0.0112,altered_knn,altered_knn,20000,160000,0.7823,0.7907,0.7902,0.0485,0.0441,0.0462,0.4184
flow,0,16,8,0.0112,quadratic,quadratic,20000,240000,0.9423,0.9472,0.9457,0.7147,0.5036,0.5909,0.7691
flow,0,16,8,0.0112,quadratic_cal,quadratic,20000,240000,0.9406,0.9442,0.9449,0.5561,0.6281,0.5899,0.7671
flow,0,16,8,0.0112,polar8,polar,20000,240000,0.9747,0.9781,0.9771,0.8368,0.6728,0.7459,0.8620
flow,0,16,8,0.0112,polar8_cal,polar,20000,240000,0.9745,0.9775,0.9771,0.7646,0.7035,0.7328,0.8551
flow,0,16,8,0.0112,knn,knn,50000,600000,0.5531,0.5586,0.5568,0.1246,0.0631,0.0838,0.3212
flow,0,16,8,0.0112,altered_knn,altered_knn,50000,400000,0.7792,0.7870,0.7941,0.0359,0.0932,0.0518,0.4194
flow,0,16,8,0.0112,quadratic,quadratic,50000,600000,0.9553,0.9604,0.9583,0.8372,0.5025,0.6281,0.7942
flow,0,16,8,0.0112,quadratic_cal,quadratic,50000,600000,0.9542,0.9573,0.9577,0.6362,0.6728,0.6540,0.8057
flow,0,16,8,0.0112,polar8,polar,50000,600000,0.9771,0.9803,0.9793,0.8523,0.6929,0.7644,0.8724
flow,0,16,8,0.0112,polar8_cal,polar,50000,600000,0.9770,0.9800,0.9793,0.8184,0.7147,0.7630,0.8715
flow,0,16,8,0.0112,knn,knn,100000,1200000,0.5643,0.5698,0.5680,0.1758,0.0771,0.1071,0.3385
flow,0,16,8,0.0112,altered_knn,altered_knn,100000,800000,0.7911,0.7996,0.7997,0.0373,0.0391,0.0382,0.4189
flow,0,16,8,0.0112,quadratic,quadratic,100000,1200000,0.9614,0.9663,0.9643,0.8506,0.5276,0.6513,0.8088
flow,0,16,8,0.0112,quadratic_cal,quadratic,100000,1200000,0.9600,0.9630,0.9635,0.6383,0.7024,0.6688,0.8159
flow,0,16,8,0.0112,polar8,polar,100000,1200000,0.9770,0.9801,0.9796,0.7735,0.7018,0.7359,0.8580
flow,0,16,8,0.0112,polar8_cal,polar,100000,1200000,0.9769,0.9798,0.9796,0.7509,0.7253,0.7379,0.8588
flow,100,16,8,0.0101,knn,knn,20000,240000,0.5340,0.5387,0.5369,0.1126,0.0694,0.0859,0.3123
flow,100,16,8,0.0101,altered_knn,altered_knn,20000,160000,0.7544,0.7593,0.7946,0.0278,0.2695,0.0503,0.4048
flow,100,16,8,0.0101,quadratic,quadratic,20000,240000,0.9438,0.9483,0.9470,0.6854,0.4981,0.5770,0.7626
flow,100,16,8,0.0101,quadratic_cal,quadratic,20000,240000,0.9432,0.9473,0.9467,0.6129,0.5415,0.5750,0.7611
flow,100,16,8,0.0101,polar8,polar,20000,240000,0.9765,0.9793,0.9787,0.7968,0.7020,0.7464,0.8628
flow,100,16,8,0.0101,polar8_cal,polar,20000,240000,0.9759,0.9783,0.9786,0.6908,0.7392,0.7142,0.8462
flow,100,16,8,0.0101,knn,knn,50000,600000,0.5523,0.5570,0.5554,0.1523,0.0855,0.1095,0.3333
flow,100,16,8,0.0101,altered_knn,altered_knn,50000,400000,0.7584,0.7632,0.7995,0.0295,0.2924,0.0536,0.4084
flow,100,16,8,0.0101,quadratic,quadratic,50000,600000,0.9588,0.9636,0.9617,0.8195,0.4895,0.6129,0.7883
flow,100,16,8,0.0101,quadratic_cal,quadratic,50000,600000,0.9582,0.9618,0.9613,0.6731,0.6010,0.6350,0.7984
flow,100,16,8,0.0101,polar8,polar,50000,600000,0.9785,0.9812,0.9807,0.7927,0.7131,0.7508,0.8660
flow,100,16,8,0.0101,polar8_cal,polar,50000,600000,0.9783,0.9806,0.9807,0.7346,0.7596,0.7469,0.8637
flow,100,16,8,0.0101,knn,knn,100000,1200000,0.5619,0.5668,0.5648,0.1555,0.0774,0.1034,0.3351
flow,100,16,8,0.0101,altered_knn,altered_knn,100000,800000,0.7711,0.7763,0.8048,0.0324,0.2571,0.0576,0.4170
flow,100,16,8,0.0101,quadratic,quadratic,100000,1200000,0.9638,0.9683,0.9665,0.8304,0.5186,0.6384,0.8034
flow,100,16,8,0.0101,quadratic_cal,quadratic,100000,1200000,0.9632,0.9666,0.9662,0.6935,0.6295,0.6600,0.8133
flow,100,16,8,0.0101,polar8,polar,100000,1200000,0.9784,0.9810,0.9809,0.7332,0.7218,0.7274,0.8542
flow,100,16,8,0.0101,polar8_cal,polar,100000,1200000,0.9784,0.9809,0.9809,0.7270,0.7243,0.7256,0.8533
flow,200,16,8,0.0096,knn,knn,20000,240000,0.5311,0.5355,0.5348,0.1031,0.0771,0.0882,0.3119
flow,200,16,8,0.0096,altered_knn,altered_knn,20000,160000,0.7440,0.7484,0.7879,0.0264,0.2986,0.0485,0.3984
flow,200,16,8,0.0096,quadratic,quadratic,20000,240000,0.9370,0.9413,0.9401,0.6768,0.5032,0.5773,0.7593
flow,200,16,8,0.0096,quadratic_cal,quadratic,20000,240000,0.9359,0.9393,0.9396,0.5549,0.5887,0.5713,0.7553
flow,200,16,8,0.0096,polar8,polar,20000,240000,0.9752,0.9781,0.9774,0.7935,0.6794,0.7320,0.8550
flow,200,16,8,0.0096,polar8_cal,polar,20000,240000,0.9744,0.9769,0.9772,0.6725,0.7247,0.6976,0.8372
flow,200,16,8,0.0096,knn,knn,50000,600000,0.5490,0.5536,0.5527,0.1560,0.0835,0.1088,0.3312
flow,200,16,8,0.0096,altered_knn,altered_knn,50000,400000,0.7534,0.7581,0.7940,0.0271,0.2778,0.0493,0.4037
flow,200,16,8,0.0096,quadratic,quadratic,50000,600000,0.9536,0.9580,0.9563,0.8002,0.5032,0.6179,0.7879
flow,200,16,8,0.0096,quadratic_cal,quadratic,50000,600000,0.9520,0.9549,0.9554,0.5878,0.6503,0.6175,0.7862
flow,200,16,8,0.0096,polar8,polar,50000,600000,0.9776,0.9802,0.9797,0.7887,0.7034,0.7436,0.8619
flow,200,16,8,0.0096,polar8_cal,polar,50000,600000,0.9768,0.9790,0.9795,0.6809,0.7558,0.7164,0.8477
flow,200,16,8,0.0096,knn,knn,100000,1200000,0.5601,0.5648,0.5637,0.1563,0.0764,0.1027,0.3337
flow,200,16,8,0.0096,altered_knn,altered_knn,100000,800000,0.7729,0.7782,0.8010,0.0335,0.2293,0.0585,0.4184
flow,200,16,8,0.0096,quadratic,quadratic,100000,1200000,0.9598,0.9641,0.9624,0.8205,0.5181,0.6352,0.7996
flow,200,16,8,0.0096,quadratic_cal,quadratic,100000,1200000,0.9578,0.9605,0.9614,0.5777,0.6859,0.6272,0.7938
flow,200,16,8,0.0096,polar8,polar,100000,1200000,0.9779,0.9804,0.9803,0.7377,0.7196,0.7285,0.8545
flow,200,16,8,0.0096,polar8_cal,polar,100000,1200000,0.9775,0.9796,0.9802,0.6718,0.7584,0.7125,0.8461
flow,0,16,16,0.0111,knn,knn,20000,480000,0.4534,0.4572,0.4579,0.0741,0.1178,0.0910,0.2741
flow,0,16,16,0.0111,altered_knn,altered_knn,20000,320000,0.7416,0.7486,0.7545,0.0478,0.1150,0.0675,0.4081
flow,0,16,16,0.0111,quadratic,quadratic,20000,480000,0.9406,0.9457,0.9442,0.6760,0.4835,0.5638,0.7547
flow,0,16,16,0.0111,quadratic_cal,quadratic,20000,480000,0.9396,0.9439,0.9437,0.5787,0.5585,0.5684,0.7562
flow,0,16,16,0.0111,polar8,polar,20000,480000,0.9615,0.9653,0.9655,0.5956,0.6250,0.6100,0.7876
flow,0,16,16,0.0111,polar8_cal,polar,20000,480000,0.9616,0.9655,0.9655,0.6103,0.6152,0.6127,0.7891
flow,0,16,16,0.0111,knn,knn,50000,1200000,0.4717,0.4755,0.4763,0.0831,0.1263,0.1002,0.2879
flow,0,16,16,0.0111,altered_knn,altered_knn,50000,800000,0.7401,0.7465,0.7605,0.0394,0.1683,0.0639,0.4052
flow,0,16,16,0.0111,quadratic,quadratic,50000,1200000,0.9477,0.9528,0.9510,0.7475,0.4917,0.5932,0.7730
flow,0,16,16,0.0111,quadratic_cal,quadratic,50000,1200000,0.9465,0.9506,0.9504,0.6044,0.5858,0.5950,0.7728
flow,0,16,16,0.0111,polar8,polar,50000,1200000,0.9649,0.9686,0.9681,0.7028,0.6374,0.6685,0.8186
flow,0,16,16,0.0111,polar8_cal,polar,50000,1200000,0.9645,0.9678,0.9680,0.6411,0.6668,0.6537,0.8107
flow,0,16,16,0.0111,knn,knn,100000,2400000,0.4843,0.4882,0.4883,0.1061,0.1376,0.1198,0.3040
flow,0,16,16,0.0111,altered_knn,altered_knn,100000,1600000,0.7375,0.7433,0.7653,0.0359,0.2202,0.0618,0.4025
flow,0,16,16,0.0111,quadratic,quadratic,100000,2400000,0.9497,0.9549,0.9530,0.7508,0.4900,0.5930,0.7739
flow,0,16,16,0.0111,quadratic_cal,quadratic,100000,2400000,0.9487,0.9527,0.9525,0.6178,0.5923,0.6048,0.7788
flow,0,16,16,0.0111,polar8,polar,100000,2400000,0.9660,0.9697,0.9688,0.7600,0.6400,0.6948,0.8322
flow,0,16,16,0.0111,polar8_cal,polar,100000,2400000,0.9656,0.9689,0.9688,0.6875,0.6780,0.6828,0.8258
flow,100,16,16,0.0118,knn,knn,20000,480000,0.4438,0.4476,0.4480,0.0799,0.1212,0.0963,0.2720
flow,100,16,16,0.0118,altered_knn,altered_knn,20000,320000,0.7183,0.7242,0.7491,0.0344,0.2258,0.0598,0.3920
flow,100,16,16,0.0118,quadratic,quadratic,20000,480000,0.9339,0.9397,0.9378,0.6870,0.4508,0.5444,0.7420
flow,100,16,16,0.0118,quadratic_cal,quadratic,20000,480000,0.9336,0.9389,0.9377,0.6393,0.4897,0.5546,0.7467
flow,100,16,16,0.0118,polar8,polar,20000,480000,0.9603,0.9647,0.9641,0.6620,0.5873,0.6224,0.7936
flow,100,16,16,0.0118,polar8_cal,polar,20000,480000,0.9601,0.9644,0.9641,0.6392,0.6035,0.6208,0.7926
flow,100,16,16,0.0118,knn,knn,50000,1200000,0.4633,0.4674,0.4679,0.0849,0.1220,0.1001,0.2837
flow,100,16,16,0.0118,altered_knn,altered_knn,50000,800000,0.7405,0.7477,0.7568,0.0449,0.1342,0.0673,0.4075
flow,100,16,16,0.0118,quadratic,quadratic,50000,1200000,0.9420,0.9480,0.9458,0.7435,0.4412,0.5538,0.7509
flow,100,16,16,0.0118,quadratic_cal,quadratic,50000,1200000,0.9416,0.9467,0.9456,0.6619,0.5151,0.5793,0.7630
flow,100,16,16,0.0118,polar8,polar,50000,1200000,0.9641,0.9686,0.9677,0.7041,0.5921,0.6433,0.8059
flow,100,16,16,0.0118,polar8_cal,polar,50000,1200000,0.9640,0.9683,0.9677,0.6787,0.6072,0.6410,0.8046
flow,100,16,16,0.0118,knn,knn,100000,2400000,0.4758,0.4801,0.4800,0.0961,0.1218,0.1074,0.2937
flow,100,16,16,0.0118,altered_knn,altered_knn,100000,1600000,0.7495,0.7573,0.7609,0.0550,0.0977,0.0704,0.4139
flow,100,16,16,0.0118,quadratic,quadratic,100000,2400000,0.9454,0.9514,0.9492,0.7538,0.4449,0.5596,0.7555
flow,100,16,16,0.0118,quadratic_cal,quadratic,100000,2400000,0.9449,0.9499,0.9489,0.6546,0.5238,0.5820,0.7660
flow,100,16,16,0.0118,polar8,polar,100000,2400000,0.9660,0.9704,0.9691,0.7716,0.5929,0.6706,0.8205
flow,100,16,16,0.0118,polar8_cal,polar,100000,2400000,0.9658,0.9699,0.9692,0.7158,0.6241,0.6669,0.8184
flow,200,16,16,0.0113,knn,knn,20000,480000,0.4471,0.4507,0.4518,0.0803,0.1327,0.1000,0.2754
flow,200,16,16,0.0113,altered_knn,altered_knn,20000,320000,0.7377,0.7449,0.7505,0.0454,0.1052,0.0634,0.4042
flow,200,16,16,0.0113,quadratic,quadratic,20000,480000,0.9357,0.9411,0.9394,0.6864,0.4599,0.5508,0.7460
flow,200,16,16,0.0113,quadratic_cal,quadratic,20000,480000,0.9357,0.9410,0.9393,0.6752,0.4691,0.5536,0.7473
flow,200,16,16,0.0113,polar8,polar,20000,480000,0.9610,0.9650,0.9649,0.6279,0.6106,0.6191,0.7921
flow,200,16,16,0.0113,polar8_cal,polar,20000,480000,0.9611,0.9652,0.9648,0.6425,0.5987,0.6198,0.7925
flow,200,16,16,0.0113,knn,knn,50000,1200000,0.4668,0.4706,0.4711,0.0936,0.1304,0.1090,0.2898
flow,200,16,16,0.0113,altered_knn,altered_knn,50000,800000,0.7426,0.7498,0.7554,0.0460,0.1069,0.0644,0.4071
flow,200,16,16,0.0113,quadratic,quadratic,50000,1200000,0.9436,0.9490,0.9470,0.7564,0.4627,0.5741,0.7616
flow,200,16,16,0.0113,quadratic_cal,quadratic,50000,1200000,0.9433,0.9484,0.9469,0.7047,0.4968,0.5828,0.7656
flow,200,16,16,0.0113,polar8,polar,50000,1200000,0.9643,0.9683,0.9678,0.6769,0.6192,0.6468,0.8075
flow,200,16,16,0.0113,polar8_cal,polar,50000,1200000,0.9640,0.9676,0.9678,0.6223,0.6475,0.6347,0.8011
flow,200,16,16,0.0113,knn,knn,100000,2400000,0.4784,0.4823,0.4827,0.1013,0.1341,0.1154,0.2989
flow,200,16,16,0.0113,altered_knn,altered_knn,100000,1600000,0.7485,0.7557,0.7613,0.0506,0.1160,0.0704,0.4131
flow,200,16,16,0.0113,quadratic,quadratic,100000,2400000,0.9461,0.9516,0.9495,0.7611,0.4624,0.5753,0.7634
flow,200,16,16,0.0113,quadratic_cal,quadratic,100000,2400000,0.9458,0.9507,0.9494,0.6897,0.5132,0.5885,0.7696
flow,200,16,16,0.0113,polar8,polar,100000,2400000,0.9664,0.9704,0.9694,0.7598,0.6217,0.6839,0.8271
flow,200,16,16,0.0113,polar8_cal,polar,100000,2400000,0.9660,0.9694,0.9694,0.6739,0.6642,0.6690,0.8192
flow,0,32,2,0.0093,knn,knn,20000,60000,0.7638,0.7709,0.7665,0.1667,0.0054,0.0104,0.3907
flow,0,32,2,0.0093,altered_knn,altered_knn,20000,40000,0.8719,0.8792,0.8990,0.0156,0.0889,0.0265,0.4529
flow,0,32,2,0.0093,quadratic,quadratic,20000,60000,0.9839,0.9899,0.9872,0.8366,0.3450,0.4885,0.7392
flow,0,32,2,0.0093,quadratic_cal,quadratic,20000,60000,0.9823,0.9856,0.9865,0.5314,0.6388,0.5802,0.7829
flow,0,32,2,0.0093,polar8,polar,20000,60000,0.9915,0.9926,0.9926,0.8663,0.8733,0.8698,0.9312
flow,0,32,2,0.0093,polar8_cal,polar,20000,60000,0.9911,0.9919,0.9926,0.7957,0.9030,0.8460,0.9189
flow,0,32,2,0.0093,knn,knn,50000,150000,0.7738,0.7810,0.7769,0.3333,0.0027,0.0053,0.3932
flow,0,32,2,0.0093,altered_knn,altered_knn,50000,100000,0.8433,0.8490,0.8909,0.0208,0.2291,0.0381,0.4435
flow,0,32,2,0.0093,quadratic,quadratic,50000,150000,0.9873,0.9932,0.9905,0.8535,0.3612,0.5076,0.7504
flow,0,32,2,0.0093,quadratic_cal,quadratic,50000,150000,0.9850,0.9881,0.9894,0.5180,0.6577,0.5796,0.7838
flow,0,32,2,0.0093,polar8,polar,50000,150000,0.9934,0.9943,0.9948,0.8198,0.8949,0.8557,0.9250
flow,0,32,2,0.0093,polar8_cal,polar,50000,150000,0.9928,0.9936,0.9946,0.7573,0.9084,0.8260,0.9098
flow,0,32,2,0.0093,knn,knn,100000,300000,0.7810,0.7883,0.7840,0.3333,0.0027,0.0053,0.3968
flow,0,32,2,0.0093,altered_knn,altered_knn,100000,200000,0.8415,0.8475,0.8900,0.0178,0.1995,0.0327,0.4401
flow,0,32,2,0.0093,quadratic,quadratic,100000,300000,0.9889,0.9948,0.9920,0.9103,0.3558,0.5116,0.7532
flow,0,32,2,0.0093,quadratic_cal,quadratic,100000,300000,0.9883,0.9910,0.9916,0.6128,0.6954,0.6515,0.8213
flow,0,32,2,0.0093,polar8,polar,100000,300000,0.9902,0.9911,0.9939,0.5557,0.8868,0.6833,0.8372
flow,0,32,2,0.0093,polar8_cal,polar,100000,300000,0.9930,0.9941,0.9950,0.7308,0.8706,0.7946,0.8944
flow,100,32,2,0.0096,knn,knn,20000,60000,0.7663,0.7738,0.7690,0.1000,0.0026,0.0051,0.3894
flow,100,32,2,0.0096,altered_knn,altered_knn,20000,40000,0.7672,0.7712,0.8555,0.0166,0.3542,0.0317,0.4014
flow,100,32,2,0.0096,quadratic,quadratic,20000,60000,0.9839,0.9899,0.9872,0.8393,0.3672,0.5109,0.7504
flow,100,32,2,0.0096,quadratic_cal,quadratic,20000,60000,0.9822,0.9860,0.9865,0.5416,0.5938,0.5665,0.7762
flow,100,32,2,0.0096,polar8,polar,20000,60000,0.9918,0.9930,0.9929,0.8859,0.8698,0.8778,0.9354
flow,100,32,2,0.0096,polar8_cal,polar,20000,60000,0.9909,0.9917,0.9927,0.7543,0.9115,0.8255,0.9086
flow,100,32,2,0.0096,knn,knn,50000,150000,0.7761,0.7836,0.7792,0.0000,0.0000,0.0000,0.3918
flow,100,32,2,0.0096,altered_knn,altered_knn,50000,100000,0.8334,0.8393,0.8877,0.0181,0.2214,0.0334,0.4363
flow,100,32,2,0.0096,quadratic,quadratic,50000,150000,0.9883,0.9945,0.9916,0.8816,0.3490,0.5000,0.7472
flow,100,32,2,0.0096,quadratic_cal,quadratic,50000,150000,0.9866,0.9904,0.9908,0.5516,0.5990,0.5743,0.7823
flow,100,32,2,0.0096,polar8,polar,50000,150000,0.9934,0.9944,0.9949,0.8109,0.8932,0.8501,0.9222
flow,100,32,2,0.0096,polar8_cal,polar,50000,150000,0.9926,0.9935,0.9946,0.7342,0.9062,0.8112,0.9023
flow,100,32,2,0.0096,knn,knn,100000,300000,0.7778,0.7853,0.7808,0.2500,0.0026,0.0052,0.3952
flow,100,32,2,0.0096,altered_knn,altered_knn,100000,200000,0.8371,0.8426,0.8894,0.0230,0.2734,0.0425,0.4425
flow,100,32,2,0.0096,quadratic,quadratic,100000,300000,0.9896,0.9959,0.9929,0.9225,0.3411,0.4981,0.7470
flow,100,32,2,0.0096,quadratic_cal,quadratic,100000,300000,0.9890,0.9923,0.9926,0.6148,0.6484,0.6312,0.8117
flow,100,32,2,0.0096,polar8,polar,100000,300000,0.9924,0.9934,0.9950,0.6732,0.8958,0.7687,0.8811
flow,100,32,2,0.0096,polar8_cal,polar,100000,300000,0.9936,0.9947,0.9954,0.7642,0.8776,0.8170,0.9058
flow,200,32,2,0.0086,knn,knn,20000,60000,0.7645,0.7712,0.7673,0.1667,0.0058,0.0112,0.3912
flow,200,32,2,0.0086,altered_knn,altered_knn,20000,40000,0.8220,0.8266,0.8811,0.0192,0.2928,0.0361,0.4313
flow,200,32,2,0.0086,quadratic,quadratic,20000,60000,0.9847,0.9903,0.9877,0.8467,0.3362,0.4813,0.7358
flow,200,32,2,0.0086,quadratic_cal,quadratic,20000,60000,0.9839,0.9876,0.9874,0.5796,0.5594,0.5693,0.7784
flow,200,32,2,0.0086,polar8,polar,20000,60000,0.9918,0.9925,0.9927,0.8634,0.9159,0.8889,0.9407
flow,200,32,2,0.0086,polar8_cal,polar,20000,60000,0.9902,0.9907,0.9921,0.7046,0.9333,0.8030,0.8968
flow,200,32,2,0.0086,knn,knn,50000,150000,0.7753,0.7820,0.7783,0.0000,0.0000,0.0000,0.3910
flow,200,32,2,0.0086,altered_knn,altered_knn,50000,100000,0.8431,0.8486,0.8915,0.0173,0.2087,0.0319,0.4403
flow,200,32,2,0.0086,quadratic,quadratic,50000,150000,0.9880,0.9936,0.9910,0.8686,0.3449,0.4938,0.7437
flow,200,32,2,0.0086,quadratic_cal,quadratic,50000,150000,0.9872,0.9911,0.9907,0.6078,0.5391,0.5714,0.7813
flow,200,32,2,0.0086,polar8,polar,50000,150000,0.9944,0.9951,0.9956,0.8208,0.9159,0.8658,0.9304
flow,200,32,2,0.0086,polar8_cal,polar,50000,150000,0.9935,0.9940,0.9952,0.7362,0.9304,0.8220,0.9080
flow,200,32,2,0.0086,knn,knn,100000,300000,0.7790,0.7858,0.7819,0.1429,0.0029,0.0057,0.3957
flow,200,32,2,0.0086,altered_knn,altered_knn,100000,200000,0.8378,0.8429,0.8908,0.0187,0.2493,0.0347,0.4388
flow,200,32,2,0.0086,quadratic,quadratic,100000,300000,0.9902,0.9955,0.9930,0.9103,0.3826,0.5388,0.7671
flow,200,32,2,0.0086,quadratic_cal,quadratic,100000,300000,0.9898,0.9928,0.9928,0.6490,0.6377,0.6433,0.8181
flow,200,32,2,0.0086,polar8,polar,100000,300000,0.9922,0.9928,0.9948,0.6292,0.9246,0.7488,0.8708
flow,200,32,2,0.0086,polar8_cal,polar,100000,300000,0.9936,0.9943,0.9955,0.7162,0.9217,0.8061,0.9002
flow,0,32,4,0.0102,knn,knn,20000,120000,0.5940,0.6000,0.5961,0.0971,0.0122,0.0217,0.3108
flow,0,32,4,0.0102,altered_knn,altered_knn,20000,80000,0.7831,0.7888,0.8249,0.0252,0.2378,0.0455,0.4171
flow,0,32,4,0.0102,quadratic,quadratic,20000,120000,0.9695,0.9756,0.9731,0.7603,0.3829,0.5093,0.7424
flow,0,32,4,0.0102,quadratic_cal,quadratic,20000,120000,0.9688,0.9731,0.9728,0.5966,0.5573,0.5763,0.7747
flow,0,32,4,0.0102,polar8,polar,20000,120000,0.9819,0.9842,0.9834,0.9063,0.7671,0.8309,0.9075
flow,0,32,4,0.0102,polar8_cal,polar,20000,120000,0.9817,0.9836,0.9834,0.8438,0.8037,0.8232,0.9034
flow,0,32,4,0.0102,knn,knn,50000,300000,0.6043,0.6104,0.6068,0.1026,0.0098,0.0178,0.3141
flow,0,32,4,0.0102,altered_knn,altered_knn,50000,200000,0.8191,0.8269,0.8325,0.0287,0.0659,0.0400,0.4335
flow,0,32,4,0.0102,quadratic,quadratic,50000,300000,0.9751,0.9813,0.9785,0.8449,0.3854,0.5293,0.7553
flow,0,32,4,0.0102,quadratic_cal,quadratic,50000,300000,0.9748,0.9783,0.9784,0.6241,0.6378,0.6309,0.8046
flow,0,32,4,0.0102,polar8,polar,50000,300000,0.9863,0.9883,0.9880,0.8562,0.7915,0.8226,0.9055
flow,0,32,4,0.0102,polar8_cal,polar,50000,300000,0.9859,0.9877,0.9878,0.8017,0.8085,0.8051,0.8964
flow,0,32,4,0.0102,knn,knn,100000,600000,0.6139,0.6201,0.6162,0.2121,0.0171,0.0316,0.3258
flow,0,32,4,0.0102,altered_knn,altered_knn,100000,400000,0.7590,0.7640,0.8168,0.0202,0.2720,0.0375,0.4008
flow,0,32,4,0.0102,quadratic,quadratic,100000,600000,0.9804,0.9863,0.9835,0.9125,0.4195,0.5748,0.7805
flow,0,32,4,0.0102,quadratic_cal,quadratic,100000,600000,0.9808,0.9838,0.9837,0.7037,0.6951,0.6994,0.8416
flow,0,32,4,0.0102,polar8,polar,100000,600000,0.9848,0.9867,0.9883,0.6121,0.8024,0.6945,0.8406
flow,0,32,4,0.0102,polar8_cal,polar,100000,600000,0.9870,0.9896,0.9890,0.8326,0.7341,0.7803,0.8850
flow,100,32,4,0.0098,knn,knn,20000,120000,0.5991,0.6050,0.6015,0.0899,0.0102,0.0183,0.3116
flow,100,32,4,0.0098,altered_knn,altered_knn,20000,80000,0.7691,0.7735,0.8209,0.0261,0.3295,0.0483,0.4109
flow,100,32,4,0.0098,quadratic,quadratic,20000,120000,0.9662,0.9717,0.9693,0.8214,0.4097,0.5467,0.7592
flow,100,32,4,0.0098,quadratic_cal,quadratic,20000,120000,0.9654,0.9693,0.9689,0.6168,0.5712,0.5931,0.7812
flow,100,32,4,0.0098,polar8,polar,20000,120000,0.9832,0.9852,0.9846,0.8990,0.7812,0.8359,0.9106
flow,100,32,4,0.0098,polar8_cal,polar,20000,120000,0.9831,0.9848,0.9846,0.8464,0.8130,0.8293,0.9071
flow,100,32,4,0.0098,knn,knn,50000,300000,0.6091,0.6151,0.6118,0.1143,0.0102,0.0187,0.3169
flow,100,32,4,0.0098,altered_knn,altered_knn,50000,200000,0.7923,0.7981,0.8283,0.0253,0.2112,0.0451,0.4216
flow,100,32,4,0.0098,quadratic,quadratic,50000,300000,0.9723,0.9780,0.9753,0.8911,0.4059,0.5577,0.7678
flow,100,32,4,0.0098,quadratic_cal,quadratic,50000,300000,0.9724,0.9758,0.9754,0.6895,0.6272,0.6569,0.8163
flow,100,32,4,0.0098,polar8,polar,50000,300000,0.9849,0.9868,0.9864,0.8562,0.8028,0.8286,0.9077
flow,100,32,4,0.0098,polar8_cal,polar,50000,300000,0.9847,0.9864,0.9864,0.8151,0.8130,0.8140,0.9002
flow,100,32,4,0.0098,knn,knn,100000,600000,0.6170,0.6231,0.6196,0.1167,0.0089,0.0165,0.3198
flow,100,32,4,0.0098,altered_knn,altered_knn,100000,400000,0.8069,0.8136,0.8312,0.0247,0.1298,0.0415,0.4275
flow,100,32,4,0.0098,quadratic,quadratic,100000,600000,0.9779,0.9834,0.9807,0.9309,0.4288,0.5871,0.7852
flow,100,32,4,0.0098,quadratic_cal,quadratic,100000,600000,0.9785,0.9813,0.9810,0.7366,0.6972,0.7163,0.8488
flow,100,32,4,0.0098,polar8,polar,100000,600000,0.9851,0.9869,0.9880,0.6608,0.8079,0.7270,0.8569
flow,100,32,4,0.0098,polar8_cal,polar,100000,600000,0.9864,0.9884,0.9884,0.7844,0.7824,0.7834,0.8859
flow,200,32,4,0.0095,knn,knn,20000,120000,0.5969,0.6024,0.5991,0.1455,0.0210,0.0367,0.3195
flow,200,32,4,0.0095,altered_knn,altered_knn,20000,80000,0.8216,0.8289,0.8338,0.0289,0.0642,0.0399,0.4344
flow,200,32,4,0.0095,quadratic,quadratic,20000,120000,0.9665,0.9720,0.9697,0.7891,0.3971,0.5283,0.7502
flow,200,32,4,0.0095,quadratic_cal,quadratic,20000,120000,0.9658,0.9691,0.9694,0.5825,0.6199,0.6006,0.7849
flow,200,32,4,0.0095,polar8,polar,20000,120000,0.9840,0.9858,0.9853,0.8892,0.7995,0.8420,0.9139
flow,200,32,4,0.0095,polar8_cal,polar,20000,120000,0.9834,0.9848,0.9851,0.7872,0.8388,0.8122,0.8985
flow,200,32,4,0.0095,knn,knn,50000,300000,0.6095,0.6153,0.6118,0.1200,0.0118,0.0215,0.3184
flow,200,32,4,0.0095,altered_knn,altered_knn,50000,200000,0.8257,0.8335,0.8314,0.0312,0.0144,0.0197,0.4266
flow,200,32,4,0.0095,quadratic,quadratic,50000,300000,0.9736,0.9793,0.9767,0.8501,0.3866,0.5315,0.7554
flow,200,32,4,0.0095,quadratic_cal,quadratic,50000,300000,0.9731,0.9757,0.9765,0.6007,0.6959,0.6448,0.8103
flow,200,32,4,0.0095,polar8,polar,50000,300000,0.9871,0.9887,0.9887,0.8259,0.8204,0.8231,0.9059
flow,200,32,4,0.0095,polar8_cal,polar,50000,300000,0.9869,0.9884,0.9886,0.7908,0.8375,0.8135,0.9009
flow,200,32,4,0.0095,knn,knn,100000,600000,0.6157,0.6214,0.6179,0.2462,0.0210,0.0386,0.3300
flow,200,32,4,0.0095,altered_knn,altered_knn,100000,400000,0.8253,0.8331,0.8339,0.0164,0.0197,0.0179,0.4255
flow,200,32,4,0.0095,quadratic,quadratic,100000,600000,0.9792,0.9844,0.9820,0.9079,0.4391,0.5919,0.7881
flow,200,32,4,0.0095,quadratic_cal,quadratic,100000,600000,0.9797,0.9820,0.9822,0.7084,0.7418,0.7247,0.8533
flow,200,32,4,0.0095,polar8,polar,100000,600000,0.9867,0.9883,0.9896,0.6456,0.8283,0.7256,0.8569
flow,200,32,4,0.0095,polar8_cal,polar,100000,600000,0.9879,0.9895,0.9900,0.7402,0.8178,0.7771,0.8833
flow,0,32,8,0.0103,knn,knn,20000,240000,0.4646,0.4691,0.4665,0.0965,0.0405,0.0570,0.2631
flow,0,32,8,0.0103,altered_knn,altered_knn,20000,160000,0.7753,0.7831,0.7811,0.0455,0.0230,0.0305,0.4068
flow,0,32,8,0.0103,quadratic,quadratic,20000,240000,0.9514,0.9563,0.9547,0.7110,0.4816,0.5742,0.7652
flow,0,32,8,0.0103,quadratic_cal,quadratic,20000,240000,0.9506,0.9544,0.9544,0.5968,0.5903,0.5936,0.7740
flow,0,32,8,0.0103,polar8,polar,20000,240000,0.9742,0.9767,0.9759,0.8869,0.7347,0.8037,0.8902
flow,0,32,8,0.0103,polar8_cal,polar,20000,240000,0.9732,0.9748,0.9755,0.7240,0.8133,0.7661,0.8705
flow,0,32,8,0.0103,knn,knn,50000,600000,0.4769,0.4816,0.4791,0.0846,0.0302,0.0445,0.2630
flow,0,32,8,0.0103,altered_knn,altered_knn,50000,400000,0.7656,0.7723,0.7813,0.0379,0.1215,0.0578,0.4150
flow,0,32,8,0.0103,quadratic,quadratic,50000,600000,0.9665,0.9715,0.9693,0.8886,0.4870,0.6292,0.8004
flow,0,32,8,0.0103,quadratic_cal,quadratic,50000,600000,0.9663,0.9694,0.9691,0.7085,0.6683,0.6878,0.8286
flow,0,32,8,0.0103,polar8,polar,50000,600000,0.9780,0.9803,0.9797,0.8529,0.7565,0.8018,0.8911
flow,0,32,8,0.0103,polar8_cal,polar,50000,600000,0.9773,0.9791,0.9795,0.7434,0.8000,0.7707,0.8749
flow,0,32,8,0.0103,knn,knn,100000,1200000,0.4843,0.4890,0.4865,0.1008,0.0320,0.0486,0.2688
flow,0,32,8,0.0103,altered_knn,altered_knn,100000,800000,0.7406,0.7462,0.7745,0.0261,0.2085,0.0464,0.3963
flow,0,32,8,0.0103,quadratic,quadratic,100000,1200000,0.9719,0.9767,0.9745,0.9114,0.5160,0.6590,0.8178
flow,0,32,8,0.0103,quadratic_cal,quadratic,100000,1200000,0.9722,0.9748,0.9746,0.7559,0.7202,0.7376,0.8562
flow,0,32,8,0.0103,polar8,polar,100000,1200000,0.9783,0.9805,0.9808,0.7374,0.7722,0.7544,0.8675
flow,0,32,8,0.0103,polar8_cal,polar,100000,1200000,0.9783,0.9805,0.9808,0.7379,0.7722,0.7547,0.8676
flow,100,32,8,0.0098,knn,knn,20000,240000,0.4660,0.4702,0.4674,0.0832,0.0396,0.0537,0.2619
flow,100,32,8,0.0098,altered_knn,altered_knn,20000,160000,0.7318,0.7357,0.7766,0.0283,0.3297,0.0521,0.3939
flow,100,32,8,0.0098,quadratic,quadratic,20000,240000,0.9465,0.9511,0.9495,0.7286,0.4786,0.5777,0.7644
flow,100,32,8,0.0098,quadratic_cal,quadratic,20000,240000,0.9455,0.9492,0.9491,0.5888,0.5764,0.5825,0.7658
flow,100,32,8,0.0098,polar8,polar,20000,240000,0.9738,0.9763,0.9754,0.8838,0.7240,0.7959,0.8861
flow,100,32,8,0.0098,polar8_cal,polar,20000,240000,0.9738,0.9759,0.9754,0.8476,0.7642,0.8038,0.8898
flow,100,32,8,0.0098,knn,knn,50000,600000,0.4748,0.4792,0.4764,0.0681,0.0256,0.0372,0.2582
flow,100,32,8,0.0098,altered_knn,altered_knn,50000,400000,0.7601,0.7661,0.7793,0.0339,0.1502,0.0554,0.4107
flow,100,32,8,0.0098,quadratic,quadratic,50000,600000,0.9619,0.9668,0.9645,0.8947,0.4671,0.6138,0.7903
flow,100,32,8,0.0098,quadratic_cal,quadratic,50000,600000,0.9617,0.9645,0.9644,0.6946,0.6786,0.6865,0.8255
flow,100,32,8,0.0098,polar8,polar,50000,600000,0.9786,0.9809,0.9806,0.7903,0.7489,0.7690,0.8749
flow,100,32,8,0.0098,polar8_cal,polar,50000,600000,0.9786,0.9807,0.9807,0.7725,0.7681,0.7703,0.8755
flow,100,32,8,0.0098,knn,knn,100000,1200000,0.4842,0.4887,0.4858,0.0922,0.0294,0.0446,0.2667
flow,100,32,8,0.0098,altered_knn,altered_knn,100000,800000,0.7590,0.7655,0.7755,0.0270,0.0978,0.0423,0.4039
flow,100,32,8,0.0098,quadratic,quadratic,100000,1200000,0.9696,0.9740,0.9719,0.9272,0.5208,0.6669,0.8205
flow,100,32,8,0.0098,quadratic_cal,quadratic,100000,1200000,0.9698,0.9725,0.9720,0.7770,0.6946,0.7335,0.8530
flow,100,32,8,0.0098,polar8,polar,100000,1200000,0.9790,0.9811,0.9816,0.6903,0.7649,0.7257,0.8534
flow,100,32,8,0.0098,polar8_cal,polar,100000,1200000,0.9790,0.9820,0.9816,0.7361,0.6843,0.7093,0.8456
flow,200,32,8,0.0099,knn,knn,20000,240000,0.4634,0.4677,0.4659,0.0752,0.0323,0.0452,0.2564
flow,200,32,8,0.0099,altered_knn,altered_knn,20000,160000,0.7326,0.7366,0.7769,0.0299,0.3403,0.0549,0.3957
flow,200,32,8,0.0099,quadratic,quadratic,20000,240000,0.9508,0.9554,0.9538,0.7252,0.4908,0.5854,0.7704
flow,200,32,8,0.0099,quadratic_cal,quadratic,20000,240000,0.9501,0.9538,0.9536,0.6150,0.5851,0.5997,0.7767
flow,200,32,8,0.0099,polar8,polar,20000,240000,0.9747,0.9772,0.9763,0.8753,0.7192,0.7896,0.8834
flow,200,32,8,0.0099,polar8_cal,polar,20000,240000,0.9736,0.9754,0.9759,0.7133,0.7995,0.7540,0.8647
flow,200,32,8,0.0099,knn,knn,50000,600000,0.4794,0.4839,0.4817,0.0633,0.0221,0.0328,0.2584
flow,200,32,8,0.0099,altered_knn,altered_knn,50000,400000,0.7705,0.7776,0.7794,0.0405,0.0595,0.0482,0.4129
flow,200,32,8,0.0099,quadratic,quadratic,50000,600000,0.9663,0.9712,0.9690,0.8831,0.4826,0.6241,0.7976
flow,200,32,8,0.0099,quadratic_cal,quadratic,50000,600000,0.9662,0.9688,0.9689,0.6901,0.7002,0.6951,0.8320
flow,200,32,8,0.0099,polar8,polar,50000,600000,0.9786,0.9809,0.9804,0.8277,0.7413,0.7821,0.8815
flow,200,32,8,0.0099,polar8_cal,polar,50000,600000,0.9779,0.9797,0.9803,0.7086,0.7906,0.7474,0.8636
flow,200,32,8,0.0099,knn,knn,100000,1200000,0.4882,0.4927,0.4906,0.1146,0.0392,0.0584,0.2756
flow,200,32,8,0.0099,altered_knn,altered_knn,100000,800000,0.6584,0.6600,0.7493,0.0200,0.4972,0.0384,0.3492
flow,200,32,8,0.0099,quadratic,quadratic,100000,1200000,0.9717,0.9760,0.9741,0.9056,0.5402,0.6767,0.8264
flow,200,32,8,0.0099,quadratic_cal,quadratic,100000,1200000,0.9715,0.9737,0.9739,0.7162,0.7533,0.7343,0.8540
flow,200,32,8,0.0099,polar8,polar,100000,1200000,0.9804,0.9826,0.9824,0.8032,0.7590,0.7805,0.8816
flow,200,32,8,0.0099,polar8_cal,polar,100000,1200000,0.9803,0.9822,0.9824,0.7606,0.7837,0.7720,0.8771
flow,0,32,16,0.0099,knn,knn,20000,480000,0.3613,0.3644,0.3628,0.0469,0.0491,0.0480,0.2062
flow,0,32,16,0.0099,altered_knn,altered_knn,20000,320000,0.7265,0.7330,0.7354,0.0485,0.0815,0.0608,0.3969
flow,0,32,16,0.0099,quadratic,quadratic,20000,480000,0.9431,0.9478,0.9460,0.7537,0.4813,0.5874,0.7676
flow,0,32,16,0.0099,quadratic_cal,quadratic,20000,480000,0.9423,0.9459,0.9456,0.6144,0.5923,0.6031,0.7745
flow,0,32,16,0.0099,polar8,polar,20000,480000,0.9504,0.9531,0.9591,0.3051,0.6807,0.4213,0.6872
flow,0,32,16,0.0099,polar8_cal,polar,20000,480000,0.9549,0.9605,0.9603,0.4068,0.3929,0.3997,0.6801
flow,0,32,16,0.0099,knn,knn,50000,1200000,0.3729,0.3762,0.3745,0.0518,0.0466,0.0490,0.2126
flow,0,32,16,0.0099,altered_knn,altered_knn,50000,800000,0.7159,0.7214,0.7345,0.0362,0.1658,0.0594,0.3904
flow,0,32,16,0.0099,quadratic,quadratic,50000,1200000,0.9556,0.9600,0.9581,0.8471,0.5159,0.6413,0.8006
flow,0,32,16,0.0099,quadratic_cal,quadratic,50000,1200000,0.9549,0.9576,0.9577,0.6630,0.6807,0.6717,0.8147
flow,0,32,16,0.0099,polar8,polar,50000,1200000,0.9291,0.9314,0.9487,0.1510,0.7015,0.2484,0.5899
flow,0,32,16,0.0099,polar8_cal,polar,50000,1200000,0.9399,0.9474,0.9479,0.1954,0.1982,0.1968,0.5721
flow,0,32,16,0.0099,knn,knn,100000,2400000,0.3837,0.3871,0.3854,0.0604,0.0462,0.0524,0.2197
flow,0,32,16,0.0099,altered_knn,altered_knn,100000,1600000,0.7079,0.7133,0.7277,0.0333,0.1651,0.0555,0.3844
flow,0,32,16,0.0099,quadratic,quadratic,100000,2400000,0.9583,0.9625,0.9607,0.8566,0.5451,0.6663,0.8144
flow,0,32,16,0.0099,quadratic_cal,quadratic,100000,2400000,0.9577,0.9603,0.9604,0.6899,0.6964,0.6932,0.8267
flow,0,32,16,0.0099,polar8,polar,100000,2400000,0.9286,0.9308,0.9495,0.1442,0.7134,0.2399,0.5853
flow,0,32,16,0.0099,polar8_cal,polar,100000,2400000,0.9429,0.9512,0.9505,0.1483,0.1180,0.1314,0.5413
flow,100,32,16,0.0097,knn,knn,20000,480000,0.3576,0.3606,0.3589,0.0534,0.0554,0.0544,0.2075
flow,100,32,16,0.0097,altered_knn,altered_knn,20000,320000,0.7144,0.7196,0.7331,0.0365,0.1751,0.0604,0.3900
flow,100,32,16,0.0097,quadratic,quadratic,20000,480000,0.9394,0.9441,0.9423,0.7363,0.4610,0.5670,0.7555
flow,100,32,16,0.0097,quadratic_cal,quadratic,20000,480000,0.9387,0.9424,0.9420,0.6054,0.5558,0.5796,0.7610
flow,100,32,16,0.0097,polar8,polar,20000,480000,0.9467,0.9494,0.9576,0.2442,0.6743,0.3585,0.6540
flow,100,32,16,0.0097,polar8_cal,polar,20000,480000,0.9557,0.9624,0.9612,0.3528,0.2658,0.3032,0.6328
flow,100,32,16,0.0097,knn,knn,50000,1200000,0.3680,0.3711,0.3690,0.0590,0.0524,0.0555,0.2133
flow,100,32,16,0.0097,altered_knn,altered_knn,50000,800000,0.7191,0.7255,0.7275,0.0377,0.0592,0.0461,0.3858
flow,100,32,16,0.0097,quadratic,quadratic,50000,1200000,0.9533,0.9577,0.9558,0.8391,0.5015,0.6278,0.7927
flow,100,32,16,0.0097,quadratic_cal,quadratic,50000,1200000,0.9530,0.9565,0.9557,0.7238,0.5973,0.6545,0.8055
flow,100,32,16,0.0097,polar8,polar,50000,1200000,0.9194,0.9216,0.9437,0.1192,0.6908,0.2033,0.5625
flow,100,32,16,0.0097,polar8_cal,polar,50000,1200000,0.9340,0.9416,0.9423,0.1422,0.1463,0.1442,0.5429
flow,100,32,16,0.0097,knn,knn,100000,2400000,0.3769,0.3801,0.3783,0.0550,0.0450,0.0495,0.2148
flow,100,32,16,0.0097,altered_knn,altered_knn,100000,1600000,0.7029,0.7081,0.7235,0.0319,0.1716,0.0538,0.3809
flow,100,32,16,0.0097,quadratic,quadratic,100000,2400000,0.9566,0.9607,0.9590,0.8594,0.5342,0.6588,0.8098
flow,100,32,16,0.0097,quadratic_cal,quadratic,100000,2400000,0.9563,0.9595,0.9588,0.7433,0.6235,0.6782,0.8189
flow,100,32,16,0.0097,polar8,polar,100000,2400000,0.9195,0.9216,0.9445,0.1179,0.7051,0.2019,0.5618
flow,100,32,16,0.0097,polar8_cal,polar,100000,2400000,0.9358,0.9437,0.9436,0.1408,0.1250,0.1324,0.5380
flow,200,32,16,0.0097,knn,knn,20000,480000,0.3606,0.3636,0.3621,0.0468,0.0494,0.0480,0.2058
flow,200,32,16,0.0097,altered_knn,altered_knn,20000,320000,0.7119,0.7162,0.7388,0.0370,0.2694,0.0651,0.3907
flow,200,32,16,0.0097,quadratic,quadratic,20000,480000,0.9452,0.9496,0.9480,0.7587,0.4971,0.6007,0.7751
flow,200,32,16,0.0097,quadratic_cal,quadratic,20000,480000,0.9439,0.9468,0.9473,0.5775,0.6381,0.6063,0.7766
flow,200,32,16,0.0097,polar8,polar,20000,480000,0.9517,0.9541,0.9606,0.2962,0.7032,0.4169,0.6855
flow,200,32,16,0.0097,polar8_cal,polar,20000,480000,0.9567,0.9620,0.9625,0.3821,0.4232,0.4016,0.6818
flow,200,32,16,0.0097,knn,knn,50000,1200000,0.3729,0.3760,0.3744,0.0558,0.0503,0.0529,0.2145
flow,200,32,16,0.0097,altered_knn,altered_knn,50000,800000,0.7232,0.7298,0.7318,0.0334,0.0523,0.0407,0.3853
flow,200,32,16,0.0097,quadratic,quadratic,50000,1200000,0.9572,0.9615,0.9596,0.8520,0.5142,0.6413,0.8014
flow,200,32,16,0.0097,quadratic_cal,quadratic,50000,1200000,0.9566,0.9593,0.9593,0.6759,0.6861,0.6810,0.8201
flow,200,32,16,0.0097,polar8,polar,50000,1200000,0.9263,0.9283,0.9486,0.1342,0.7210,0.2263,0.5773
flow,200,32,16,0.0097,polar8_cal,polar,50000,1200000,0.9423,0.9496,0.9500,0.2022,0.2019,0.2021,0.5758
flow,200,32,16,0.0097,knn,knn,100000,2400000,0.3822,0.3855,0.3838,0.0576,0.0461,0.0512,0.2183
flow,200,32,16,0.0097,altered_knn,altered_knn,100000,1600000,0.7082,0.7135,0.7283,0.0313,0.1613,0.0524,0.3830
flow,200,32,16,0.0097,quadratic,quadratic,100000,2400000,0.9608,0.9648,0.9631,0.8630,0.5468,0.6694,0.8171
flow,200,32,16,0.0097,quadratic_cal,quadratic,100000,2400000,0.9604,0.9631,0.9629,0.7179,0.6823,0.6996,0.8314
flow,200,32,16,0.0097,polar8,polar,100000,2400000,0.9336,0.9355,0.9520,0.1612,0.7316,0.2642,0.5999
flow,200,32,16,0.0097,polar8_cal,polar,100000,2400000,0.9432,0.9504,0.9508,0.2062,0.2032,0.2047,0.5776
flow,0,64,2,0.0080,knn,knn,20000,60000,0.7291,0.7349,0.7312,0.1053,0.0062,0.0117,0.3733
flow,0,64,2,0.0080,altered_knn,altered_knn,20000,40000,0.8007,0.8055,0.8587,0.0132,0.2143,0.0248,0.4152
flow,0,64,2,0.0080,quadratic,quadratic,20000,60000,0.9705,0.9758,0.9742,0.5337,0.3199,0.4000,0.6879
flow,0,64,2,0.0080,quadratic_cal,quadratic,20000,60000,0.9658,0.9696,0.9722,0.3011,0.4938,0.3741,0.6719
flow,0,64,2,0.0080,polar8,polar,20000,60000,0.9890,0.9902,0.9900,0.8918,0.8447,0.8676,0.9289
flow,0,64,2,0.0080,polar8_cal,polar,20000,60000,0.9882,0.9890,0.9897,0.7619,0.8944,0.8229,0.9059
flow,0,64,2,0.0080,knn,knn,50000,150000,0.7343,0.7403,0.7364,0.0000,0.0000,0.0000,0.3701
flow,0,64,2,0.0080,altered_knn,altered_knn,50000,100000,0.7050,0.7076,0.8153,0.0117,0.3913,0.0226,0.3651
flow,0,64,2,0.0080,quadratic,quadratic,50000,150000,0.9794,0.9847,0.9828,0.6391,0.3354,0.4399,0.7123
flow,0,64,2,0.0080,quadratic_cal,quadratic,50000,150000,0.9756,0.9793,0.9811,0.3567,0.5217,0.4237,0.7015
flow,0,64,2,0.0080,polar8,polar,50000,150000,0.9928,0.9936,0.9939,0.8372,0.8944,0.8649,0.9292
flow,0,64,2,0.0080,polar8_cal,polar,50000,150000,0.9924,0.9931,0.9937,0.7903,0.9130,0.8473,0.9202
flow,0,64,2,0.0080,knn,knn,100000,300000,0.7418,0.7478,0.7438,0.0909,0.0031,0.0060,0.3769
flow,0,64,2,0.0080,altered_knn,altered_knn,100000,200000,0.8384,0.8439,0.8810,0.0139,0.1584,0.0256,0.4348
flow,0,64,2,0.0080,quadratic,quadratic,100000,300000,0.9844,0.9898,0.9875,0.7353,0.3106,0.4367,0.7133
flow,0,64,2,0.0080,quadratic_cal,quadratic,100000,300000,0.9803,0.9831,0.9856,0.3862,0.6273,0.4781,0.7306
flow,0,64,2,0.0080,polar8,polar,100000,300000,0.9922,0.9930,0.9936,0.7847,0.8944,0.8360,0.9145
flow,0,64,2,0.0080,polar8_cal,polar,100000,300000,0.9923,0.9931,0.9936,0.7912,0.8944,0.8397,0.9164
flow,100,64,2,0.0082,knn,knn,20000,60000,0.7295,0.7355,0.7317,0.1176,0.0061,0.0116,0.3736
flow,100,64,2,0.0082,altered_knn,altered_knn,20000,40000,0.8033,0.8080,0.8611,0.0147,0.2348,0.0277,0.4179
flow,100,64,2,0.0082,quadratic,quadratic,20000,60000,0.9687,0.9743,0.9730,0.4424,0.2927,0.3523,0.6633
flow,100,64,2,0.0082,quadratic_cal,quadratic,20000,60000,0.9655,0.9698,0.9717,0.3010,0.4451,0.3592,0.6645
flow,100,64,2,0.0082,polar8,polar,20000,60000,0.9891,0.9896,0.9899,0.8754,0.9207,0.8975,0.9436
flow,100,64,2,0.0082,polar8_cal,polar,20000,60000,0.9869,0.9873,0.9889,0.6754,0.9451,0.7878,0.8875
flow,100,64,2,0.0082,knn,knn,50000,150000,0.7359,0.7420,0.7381,0.1429,0.0030,0.0060,0.3740
flow,100,64,2,0.0082,altered_knn,altered_knn,50000,100000,0.5486,0.5482,0.7042,0.0111,0.6067,0.0218,0.2850
flow,100,64,2,0.0082,quadratic,quadratic,50000,150000,0.9785,0.9842,0.9824,0.5385,0.2988,0.3843,0.6842
flow,100,64,2,0.0082,quadratic_cal,quadratic,50000,150000,0.9739,0.9780,0.9804,0.3015,0.4817,0.3709,0.6745
flow,100,64,2,0.0082,polar8,polar,50000,150000,0.9927,0.9930,0.9937,0.8103,0.9634,0.8802,0.9366
flow,100,64,2,0.0082,polar8_cal,polar,50000,150000,0.9915,0.9916,0.9932,0.7024,0.9787,0.8178,0.9047
flow,100,64,2,0.0082,knn,knn,100000,300000,0.7422,0.7483,0.7444,0.0909,0.0030,0.0059,0.3771
flow,100,64,2,0.0082,altered_knn,altered_knn,100000,200000,0.8450,0.8508,0.8839,0.0137,0.1372,0.0248,0.4378
flow,100,64,2,0.0082,quadratic,quadratic,100000,300000,0.9845,0.9901,0.9878,0.7143,0.3049,0.4274,0.7087
flow,100,64,2,0.0082,quadratic_cal,quadratic,100000,300000,0.9813,0.9844,0.9863,0.4151,0.6037,0.4919,0.7382
flow,100,64,2,0.0082,polar8,polar,100000,300000,0.9932,0.9934,0.9945,0.7613,0.9726,0.8541,0.9237
flow,100,64,2,0.0082,polar8_cal,polar,100000,300000,0.9925,0.9927,0.9942,0.7095,0.9756,0.8216,0.9071
flow,200,64,2,0.0077,knn,knn,20000,60000,0.7249,0.7305,0.7269,0.0000,0.0000,0.0000,0.3653
flow,200,64,2,0.0077,altered_knn,altered_knn,20000,40000,0.8018,0.8060,0.8593,0.0157,0.2645,0.0296,0.4178
flow,200,64,2,0.0077,quadratic,quadratic,20000,60000,0.9695,0.9743,0.9729,0.5692,0.3581,0.4396,0.7070
flow,200,64,2,0.0077,quadratic_cal,quadratic,20000,60000,0.9663,0.9698,0.9716,0.3471,0.5161,0.4150,0.6924
flow,200,64,2,0.0077,polar8,polar,20000,60000,0.9871,0.9882,0.9881,0.8632,0.8548,0.8590,0.9236
flow,200,64,2,0.0077,polar8_cal,polar,20000,60000,0.9863,0.9870,0.9878,0.7387,0.8935,0.8088,0.8979
flow,200,64,2,0.0077,knn,knn,50000,150000,0.7343,0.7400,0.7363,0.0000,0.0000,0.0000,0.3700
flow,200,64,2,0.0077,altered_knn,altered_knn,50000,100000,0.7148,0.7176,0.8218,0.0108,0.3613,0.0210,0.3693
flow,200,64,2,0.0077,quadratic,quadratic,50000,150000,0.9798,0.9848,0.9829,0.6522,0.3387,0.4459,0.7153
flow,200,64,2,0.0077,quadratic_cal,quadratic,50000,150000,0.9765,0.9798,0.9816,0.3786,0.5581,0.4511,0.7155
flow,200,64,2,0.0077,polar8,polar,50000,150000,0.9912,0.9918,0.9924,0.7949,0.9129,0.8498,0.9208
flow,200,64,2,0.0077,polar8_cal,polar,50000,150000,0.9906,0.9911,0.9921,0.7416,0.9258,0.8235,0.9073
flow,200,64,2,0.0077,knn,knn,100000,300000,0.7418,0.7475,0.7438,0.2308,0.0097,0.0186,0.3830
flow,200,64,2,0.0077,altered_knn,altered_knn,100000,200000,0.8399,0.8454,0.8829,0.0114,0.1355,0.0210,0.4332
flow,200,64,2,0.0077,quadratic,quadratic,100000,300000,0.9852,0.9899,0.9879,0.8014,0.3774,0.5132,0.7515
flow,200,64,2,0.0077,quadratic_cal,quadratic,100000,300000,0.9824,0.9854,0.9866,0.4583,0.6032,0.5209,0.7531
flow,200,64,2,0.0077,polar8,polar,100000,300000,0.9926,0.9932,0.9940,0.7580,0.9194,0.8309,0.9121
flow,200,64,2,0.0077,polar8_cal,polar,100000,300000,0.9923,0.9929,0.9939,0.7315,0.9226,0.8160,0.9044
flow,0,64,4,0.0086,knn,knn,20000,120000,0.5432,0.5479,0.5450,0.0560,0.0102,0.0172,0.2825
flow,0,64,4,0.0086,altered_knn,altered_knn,20000,80000,0.7871,0.7933,0.8008,0.0221,0.0699,0.0335,0.4134
flow,0,64,4,0.0086,quadratic,quadratic,20000,120000,0.9486,0.9538,0.9529,0.4449,0.3464,0.3895,0.6717
flow,0,64,4,0.0086,quadratic_cal,quadratic,20000,120000,0.9475,0.9521,0.9526,0.3809,0.4236,0.4011,0.6766
flow,0,64,4,0.0086,polar8,polar,20000,120000,0.9719,0.9733,0.9732,0.8371,0.8079,0.8222,0.8978
flow,0,64,4,0.0086,polar8_cal,polar,20000,120000,0.9698,0.9709,0.9724,0.6194,0.8384,0.7124,0.8417
flow,0,64,4,0.0086,knn,knn,50000,300000,0.5531,0.5579,0.5550,0.0417,0.0058,0.0102,0.2840
flow,0,64,4,0.0086,altered_knn,altered_knn,50000,200000,0.7218,0.7254,0.7938,0.0149,0.3115,0.0285,0.3769
flow,0,64,4,0.0086,quadratic,quadratic,50000,300000,0.9645,0.9698,0.9682,0.5845,0.3523,0.4396,0.7047
flow,0,64,4,0.0086,quadratic_cal,quadratic,50000,300000,0.9625,0.9664,0.9674,0.4217,0.5211,0.4661,0.7163
flow,0,64,4,0.0086,polar8,polar,50000,300000,0.9823,0.9837,0.9838,0.7980,0.8224,0.8100,0.8969
flow,0,64,4,0.0086,polar8_cal,polar,50000,300000,0.9804,0.9815,0.9830,0.6308,0.8530,0.7252,0.8534
flow,0,64,4,0.0086,knn,knn,100000,600000,0.5623,0.5671,0.5642,0.0543,0.0073,0.0128,0.2900
flow,0,64,4,0.0086,altered_knn,altered_knn,100000,400000,0.8100,0.8167,0.8196,0.0256,0.0466,0.0331,0.4249
flow,0,64,4,0.0086,quadratic,quadratic,100000,600000,0.9739,0.9789,0.9768,0.7890,0.3974,0.5286,0.7537
flow,0,64,4,0.0086,quadratic_cal,quadratic,100000,600000,0.9718,0.9743,0.9759,0.4963,0.6841,0.5753,0.7748
flow,0,64,4,0.0086,polar8,polar,100000,600000,0.9823,0.9835,0.9844,0.6951,0.8428,0.7618,0.8727
flow,0,64,4,0.0086,polar8_cal,polar,100000,600000,0.9808,0.9819,0.9837,0.6014,0.8501,0.7045,0.8432
flow,100,64,4,0.0098,knn,knn,20000,120000,0.5368,0.5421,0.5385,0.0160,0.0025,0.0044,0.2733
flow,100,64,4,0.0098,altered_knn,altered_knn,20000,80000,0.6589,0.6617,0.7593,0.0139,0.3758,0.0269,0.3443
flow,100,64,4,0.0098,quadratic,quadratic,20000,120000,0.9504,0.9565,0.9551,0.4765,0.3363,0.3943,0.6754
flow,100,64,4,0.0098,quadratic_cal,quadratic,20000,120000,0.9477,0.9526,0.9542,0.3423,0.4548,0.3906,0.6716
flow,100,64,4,0.0098,polar8,polar,20000,120000,0.9804,0.9823,0.9817,0.8970,0.7873,0.8385,0.9104
flow,100,64,4,0.0098,polar8_cal,polar,20000,120000,0.9799,0.9815,0.9815,0.8242,0.8242,0.8242,0.9028
flow,100,64,4,0.0098,knn,knn,50000,300000,0.5493,0.5547,0.5512,0.0400,0.0051,0.0090,0.2819
flow,100,64,4,0.0098,altered_knn,altered_knn,50000,200000,0.7830,0.7898,0.8084,0.0180,0.1019,0.0306,0.4102
flow,100,64,4,0.0098,quadratic,quadratic,50000,300000,0.9682,0.9747,0.9723,0.6269,0.3146,0.4190,0.6968
flow,100,64,4,0.0098,quadratic_cal,quadratic,50000,300000,0.9650,0.9691,0.9709,0.4061,0.5592,0.4705,0.7198
flow,100,64,4,0.0098,polar8,polar,50000,300000,0.9850,0.9866,0.9863,0.8867,0.8178,0.8509,0.9188
flow,100,64,4,0.0098,polar8_cal,polar,50000,300000,0.9842,0.9856,0.9859,0.7990,0.8357,0.8169,0.9013
flow,100,64,4,0.0098,knn,knn,100000,600000,0.5594,0.5649,0.5613,0.0714,0.0089,0.0159,0.2904
flow,100,64,4,0.0098,altered_knn,altered_knn,100000,400000,0.8141,0.8219,0.8202,0.0349,0.0204,0.0257,0.4238
flow,100,64,4,0.0098,quadratic,quadratic,100000,600000,0.9758,0.9821,0.9792,0.8224,0.3363,0.4774,0.7298
flow,100,64,4,0.0098,quadratic_cal,quadratic,100000,600000,0.9742,0.9772,0.9785,0.5278,0.6764,0.5930,0.7851
flow,100,64,4,0.0098,polar8,polar,100000,600000,0.9858,0.9873,0.9876,0.7834,0.8293,0.8057,0.8965
flow,100,64,4,0.0098,polar8_cal,polar,100000,600000,0.9863,0.9881,0.9879,0.8457,0.8102,0.8276,0.9078
flow,200,64,4,0.0095,knn,knn,20000,120000,0.5375,0.5426,0.5394,0.0435,0.0066,0.0114,0.2770
flow,200,64,4,0.0095,altered_knn,altered_knn,20000,80000,0.7036,0.7074,0.7771,0.0154,0.3035,0.0294,0.3684
flow,200,64,4,0.0095,quadratic,quadratic,20000,120000,0.9474,0.9531,0.9518,0.4972,0.3509,0.4114,0.6823
flow,200,64,4,0.0095,quadratic_cal,quadratic,20000,120000,0.9453,0.9501,0.9510,0.3735,0.4520,0.4090,0.6796
flow,200,64,4,0.0095,polar8,polar,20000,120000,0.9778,0.9795,0.9791,0.8670,0.7963,0.8301,0.9048
flow,200,64,4,0.0095,polar8_cal,polar,20000,120000,0.9756,0.9768,0.9781,0.6663,0.8502,0.7471,0.8620
flow,200,64,4,0.0095,knn,knn,50000,300000,0.5480,0.5532,0.5500,0.0100,0.0013,0.0023,0.2778
flow,200,64,4,0.0095,altered_knn,altered_knn,50000,200000,0.8013,0.8086,0.8124,0.0232,0.0460,0.0308,0.4197
flow,200,64,4,0.0095,quadratic,quadratic,50000,300000,0.9641,0.9703,0.9680,0.6231,0.3259,0.4280,0.6991
flow,200,64,4,0.0095,quadratic_cal,quadratic,50000,300000,0.9615,0.9655,0.9670,0.4109,0.5453,0.4687,0.7171
flow,200,64,4,0.0095,polar8,polar,50000,300000,0.9820,0.9836,0.9835,0.8336,0.8160,0.8247,0.9042
flow,200,64,4,0.0095,polar8_cal,polar,50000,300000,0.9812,0.9825,0.9832,0.7405,0.8476,0.7904,0.8865
flow,200,64,4,0.0095,knn,knn,100000,600000,0.5593,0.5646,0.5615,0.0213,0.0026,0.0047,0.2847
flow,200,64,4,0.0095,altered_knn,altered_knn,100000,400000,0.7429,0.7475,0.8032,0.0173,0.2668,0.0324,0.3900
flow,200,64,4,0.0095,quadratic,quadratic,100000,600000,0.9729,0.9789,0.9763,0.7661,0.3443,0.4751,0.7270
flow,200,64,4,0.0095,quadratic_cal,quadratic,100000,600000,0.9717,0.9748,0.9758,0.5367,0.6531,0.5892,0.7820
flow,200,64,4,0.0095,polar8,polar,100000,600000,0.9843,0.9858,0.9864,0.7276,0.8213,0.7716,0.8787
flow,200,64,4,0.0095,polar8_cal,polar,100000,600000,0.9832,0.9847,0.9859,0.6580,0.8318,0.7348,0.8597
flow,0,64,8,0.0082,knn,knn,20000,240000,0.4006,0.4037,0.4017,0.0338,0.0236,0.0278,0.2157
flow,0,64,8,0.0082,altered_knn,altered_knn,20000,160000,0.7377,0.7436,0.7438,0.0231,0.0251,0.0241,0.3839
flow,0,64,8,0.0082,quadratic,quadratic,20000,240000,0.9308,0.9350,0.9347,0.4602,0.4269,0.4430,0.6890
flow,0,64,8,0.0082,quadratic_cal,quadratic,20000,240000,0.9282,0.9314,0.9337,0.3418,0.5441,0.4198,0.6756
flow,0,64,8,0.0082,polar8,polar,20000,240000,0.9676,0.9692,0.9691,0.8040,0.7679,0.7855,0.8774
flow,0,64,8,0.0082,polar8_cal,polar,20000,240000,0.9663,0.9676,0.9685,0.6660,0.8166,0.7337,0.8506
flow,0,64,8,0.0082,knn,knn,50000,600000,0.4108,0.4141,0.4117,0.0286,0.0160,0.0205,0.2173
flow,0,64,8,0.0082,altered_knn,altered_knn,50000,400000,0.7377,0.7428,0.7572,0.0216,0.1210,0.0366,0.3897
flow,0,64,8,0.0082,quadratic,quadratic,50000,600000,0.9580,0.9625,0.9608,0.7452,0.4140,0.5323,0.7474
flow,0,64,8,0.0082,quadratic_cal,quadratic,50000,600000,0.9556,0.9578,0.9597,0.4703,0.6925,0.5602,0.7590
flow,0,64,8,0.0082,polar8,polar,50000,600000,0.9771,0.9787,0.9788,0.7780,0.7869,0.7824,0.8806
flow,0,64,8,0.0082,polar8_cal,polar,50000,600000,0.9759,0.9771,0.9782,0.6540,0.8272,0.7305,0.8538
flow,0,64,8,0.0082,knn,knn,100000,1200000,0.4217,0.4250,0.4229,0.0408,0.0198,0.0266,0.2258
flow,0,64,8,0.0082,altered_knn,altered_knn,100000,800000,0.7198,0.7233,0.7644,0.0212,0.2968,0.0396,0.3814
flow,0,64,8,0.0082,quadratic,quadratic,100000,1200000,0.9651,0.9690,0.9674,0.8241,0.4886,0.6135,0.7913
flow,0,64,8,0.0082,quadratic_cal,quadratic,100000,1200000,0.9631,0.9648,0.9664,0.5402,0.7618,0.6321,0.7985
flow,0,64,8,0.0082,polar8,polar,100000,1200000,0.9788,0.9803,0.9807,0.7159,0.7960,0.7539,0.8671
flow,0,64,8,0.0082,polar8_cal,polar,100000,1200000,0.9780,0.9794,0.9805,0.6336,0.8105,0.7112,0.8453
flow,100,64,8,0.0083,knn,knn,20000,240000,0.3965,0.3997,0.3977,0.0354,0.0233,0.0281,0.2139
flow,100,64,8,0.0083,altered_knn,altered_knn,20000,160000,0.7354,0.7413,0.7418,0.0278,0.0316,0.0296,0.3854
flow,100,64,8,0.0083,quadratic,quadratic,20000,240000,0.9287,0.9329,0.9325,0.4700,0.4290,0.4485,0.6907
flow,100,64,8,0.0083,quadratic_cal,quadratic,20000,240000,0.9280,0.9317,0.9323,0.4229,0.4921,0.4549,0.6933
flow,100,64,8,0.0083,polar8,polar,20000,240000,0.9691,0.9706,0.9705,0.8000,0.7904,0.7952,0.8829
flow,100,64,8,0.0083,polar8_cal,polar,20000,240000,0.9676,0.9687,0.9699,0.6526,0.8385,0.7340,0.8513
flow,100,64,8,0.0083,knn,knn,50000,600000,0.4076,0.4109,0.4090,0.0286,0.0165,0.0210,0.2159
flow,100,64,8,0.0083,altered_knn,altered_knn,50000,400000,0.7498,0.7557,0.7563,0.0354,0.0421,0.0385,0.3971
flow,100,64,8,0.0083,quadratic,quadratic,50000,600000,0.9573,0.9617,0.9599,0.7676,0.4343,0.5547,0.7582
flow,100,64,8,0.0083,quadratic_cal,quadratic,50000,600000,0.9560,0.9586,0.9594,0.5416,0.6551,0.5930,0.7758
flow,100,64,8,0.0083,polar8,polar,50000,600000,0.9765,0.9780,0.9782,0.7542,0.8024,0.7776,0.8778
flow,100,64,8,0.0083,polar8_cal,polar,50000,600000,0.9758,0.9771,0.9779,0.6840,0.8279,0.7492,0.8631
flow,100,64,8,0.0083,knn,knn,100000,1200000,0.4159,0.4192,0.4173,0.0404,0.0203,0.0270,0.2231
flow,100,64,8,0.0083,altered_knn,altered_knn,100000,800000,0.7444,0.7492,0.7648,0.0280,0.1638,0.0478,0.3985
flow,100,64,8,0.0083,quadratic,quadratic,100000,1200000,0.9663,0.9701,0.9684,0.8550,0.5139,0.6420,0.8060
flow,100,64,8,0.0083,quadratic_cal,quadratic,100000,1200000,0.9657,0.9677,0.9682,0.6480,0.7220,0.6830,0.8254
flow,100,64,8,0.0083,polar8,polar,100000,1200000,0.9766,0.9780,0.9800,0.5433,0.8099,0.6504,0.8142
flow,100,64,8,0.0083,polar8_cal,polar,100000,1200000,0.9780,0.9800,0.9805,0.6525,0.7393,0.6932,0.8366
flow,200,64,8,0.0083,knn,knn,20000,240000,0.3982,0.4013,0.3994,0.0418,0.0264,0.0323,0.2168
flow,200,64,8,0.0083,altered_knn,altered_knn,20000,160000,0.7348,0.7404,0.7451,0.0237,0.0595,0.0339,0.3872
flow,200,64,8,0.0083,quadratic,quadratic,20000,240000,0.9328,0.9368,0.9366,0.4683,0.4511,0.4595,0.6982
flow,200,64,8,0.0083,quadratic_cal,quadratic,20000,240000,0.9299,0.9329,0.9355,0.3454,0.5693,0.4299,0.6814
flow,200,64,8,0.0083,polar8,polar,20000,240000,0.9679,0.9695,0.9697,0.7487,0.7786,0.7634,0.8664
flow,200,64,8,0.0083,polar8_cal,polar,20000,240000,0.9660,0.9671,0.9688,0.5870,0.8411,0.6914,0.8292
flow,200,64,8,0.0083,knn,knn,50000,600000,0.4135,0.4168,0.4149,0.0339,0.0173,0.0229,0.2199
flow,200,64,8,0.0083,altered_knn,altered_knn,50000,400000,0.7531,0.7591,0.7590,0.0369,0.0354,0.0361,0.3976
flow,200,64,8,0.0083,quadratic,quadratic,50000,600000,0.9590,0.9633,0.9617,0.7408,0.4413,0.5531,0.7582
flow,200,64,8,0.0083,quadratic_cal,quadratic,50000,600000,0.9565,0.9586,0.9606,0.4762,0.7071,0.5691,0.7639
flow,200,64,8,0.0083,polar8,polar,50000,600000,0.9762,0.9777,0.9781,0.7196,0.7884,0.7524,0.8651
flow,200,64,8,0.0083,polar8_cal,polar,50000,600000,0.9746,0.9758,0.9775,0.5872,0.8291,0.6875,0.8316
flow,200,64,8,0.0083,knn,knn,100000,1200000,0.4221,0.4255,0.4237,0.0340,0.0166,0.0223,0.2239
flow,200,64,8,0.0083,altered_knn,altered_knn,100000,800000,0.7615,0.7676,0.7678,0.0381,0.0414,0.0397,0.4036
flow,200,64,8,0.0083,quadratic,quadratic,100000,1200000,0.9675,0.9713,0.9697,0.8259,0.5143,0.6339,0.8026
flow,200,64,8,0.0083,quadratic_cal,quadratic,100000,1200000,0.9644,0.9658,0.9682,0.5007,0.7989,0.6156,0.7907
flow,200,64,8,0.0083,polar8,polar,100000,1200000,0.9759,0.9775,0.9798,0.5082,0.7944,0.6199,0.7987
flow,200,64,8,0.0083,polar8_cal,polar,100000,1200000,0.9773,0.9791,0.9803,0.5862,0.7575,0.6610,0.8200
flow,0,64,16,0.0081,knn,knn,20000,480000,0.2947,0.2968,0.2951,0.0237,0.0322,0.0273,0.1621
flow,0,64,16,0.0081,altered_knn,altered_knn,20000,320000,0.6938,0.6990,0.7015,0.0312,0.0587,0.0407,0.3699
flow,0,64,16,0.0081,quadratic,quadratic,20000,480000,0.9293,0.9333,0.9322,0.6171,0.4488,0.5197,0.7265
flow,0,64,16,0.0081,quadratic_cal,quadratic,20000,480000,0.9274,0.9300,0.9315,0.4404,0.6103,0.5116,0.7208
flow,0,64,16,0.0081,polar8,polar,20000,480000,0.9527,0.9546,0.9558,0.5522,0.7288,0.6283,0.7914
flow,0,64,16,0.0081,polar8_cal,polar,20000,480000,0.9527,0.9546,0.9558,0.5525,0.7284,0.6284,0.7915
flow,0,64,16,0.0081,knn,knn,50000,1200000,0.3072,0.3095,0.3075,0.0257,0.0295,0.0275,0.1685
flow,0,64,16,0.0081,altered_knn,altered_knn,50000,800000,0.6939,0.6976,0.7202,0.0280,0.2432,0.0502,0.3739
flow,0,64,16,0.0081,quadratic,quadratic,50000,1200000,0.9536,0.9574,0.9559,0.8098,0.4898,0.6104,0.7839
flow,0,64,16,0.0081,quadratic_cal,quadratic,50000,1200000,0.9512,0.9529,0.9547,0.5095,0.7388,0.6031,0.7780
flow,0,64,16,0.0081,polar8,polar,50000,1200000,0.9314,0.9329,0.9523,0.1250,0.7445,0.2141,0.5735
flow,0,64,16,0.0081,polar8_cal,polar,50000,1200000,0.9561,0.9622,0.9631,0.1722,0.2098,0.1891,0.5757
flow,0,64,16,0.0081,knn,knn,100000,2400000,0.3157,0.3181,0.3161,0.0294,0.0315,0.0304,0.1742
flow,0,64,16,0.0081,altered_knn,altered_knn,100000,1600000,0.7210,0.7264,0.7275,0.0465,0.0637,0.0538,0.3901
flow,0,64,16,0.0081,quadratic,quadratic,100000,2400000,0.9614,0.9648,0.9634,0.8440,0.5439,0.6615,0.8132
flow,0,64,16,0.0081,quadratic_cal,quadratic,100000,2400000,0.9594,0.9609,0.9624,0.5621,0.7725,0.6507,0.8058
flow,0,64,16,0.0081,polar8,polar,100000,2400000,0.8715,0.8724,0.9185,0.0575,0.7583,0.1069,0.4897
flow,0,64,16,0.0081,polar8_cal,polar,100000,2400000,0.9007,0.9074,0.9167,0.0678,0.0836,0.0749,0.4911
flow,100,64,16,0.0081,knn,knn,20000,480000,0.2927,0.2947,0.2931,0.0275,0.0391,0.0323,0.1635
flow,100,64,16,0.0081,altered_knn,altered_knn,20000,320000,0.6830,0.6873,0.7016,0.0263,0.1582,0.0451,0.3662
flow,100,64,16,0.0081,quadratic,quadratic,20000,480000,0.9272,0.9310,0.9300,0.6231,0.4642,0.5320,0.7315
flow,100,64,16,0.0081,quadratic_cal,quadratic,20000,480000,0.9250,0.9274,0.9291,0.4265,0.6251,0.5071,0.7172
flow,100,64,16,0.0081,polar8,polar,20000,480000,0.9546,0.9562,0.9577,0.5383,0.7524,0.6276,0.7919
flow,100,64,16,0.0081,polar8_cal,polar,20000,480000,0.9555,0.9575,0.9582,0.6011,0.7095,0.6508,0.8041
flow,100,64,16,0.0081,knn,knn,50000,1200000,0.3035,0.3057,0.3040,0.0222,0.0282,0.0249,0.1653
flow,100,64,16,0.0081,altered_knn,altered_knn,50000,800000,0.6978,0.7019,0.7178,0.0306,0.1977,0.0530,0.3775
flow,100,64,16,0.0081,quadratic,quadratic,50000,1200000,0.9523,0.9559,0.9544,0.8149,0.5211,0.6357,0.7958
flow,100,64,16,0.0081,quadratic_cal,quadratic,50000,1200000,0.9504,0.9521,0.9535,0.5431,0.7319,0.6235,0.7878
flow,100,64,16,0.0081,polar8,polar,50000,1200000,0.9240,0.9253,0.9478,0.1123,0.7667,0.1960,0.5606
flow,100,64,16,0.0081,polar8_cal,polar,50000,1200000,0.9542,0.9606,0.9611,0.1469,0.1648,0.1553,0.5580
flow,100,64,16,0.0081,knn,knn,100000,2400000,0.3111,0.3134,0.3114,0.0238,0.0267,0.0252,0.1693
flow,100,64,16,0.0081,altered_knn,altered_knn,100000,1600000,0.7032,0.7070,0.7260,0.0316,0.2356,0.0558,0.3814
flow,100,64,16,0.0081,quadratic,quadratic,100000,2400000,0.9608,0.9639,0.9627,0.8405,0.5810,0.6871,0.8255
flow,100,64,16,0.0081,quadratic_cal,quadratic,100000,2400000,0.9591,0.9607,0.9618,0.5925,0.7660,0.6681,0.8144
flow,100,64,16,0.0081,polar8,polar,100000,2400000,0.8697,0.8704,0.9199,0.0546,0.7764,0.1021,0.4863
flow,100,64,16,0.0081,polar8_cal,polar,100000,2400000,0.9369,0.9442,0.9451,0.0343,0.0402,0.0371,0.4906
flow,200,64,16,0.0081,knn,knn,20000,480000,0.2948,0.2969,0.2952,0.0244,0.0343,0.0285,0.1627
flow,200,64,16,0.0081,altered_knn,altered_knn,20000,320000,0.6365,0.6387,0.6936,0.0177,0.3623,0.0338,0.3363
flow,200,64,16,0.0081,quadratic,quadratic,20000,480000,0.9299,0.9337,0.9327,0.6196,0.4668,0.5325,0.7331
flow,200,64,16,0.0081,quadratic_cal,quadratic,20000,480000,0.9280,0.9305,0.9320,0.4421,0.6188,0.5158,0.7231
flow,200,64,16,0.0081,polar8,polar,20000,480000,0.9561,0.9577,0.9596,0.5089,0.7585,0.6091,0.7834
flow,200,64,16,0.0081,polar8_cal,polar,20000,480000,0.9573,0.9595,0.9602,0.5872,0.6948,0.6365,0.7980
flow,200,64,16,0.0081,knn,knn,50000,1200000,0.3066,0.3089,0.3072,0.0278,0.0320,0.0297,0.1693
flow,200,64,16,0.0081,altered_knn,altered_knn,50000,800000,0.7061,0.7108,0.7203,0.0313,0.1331,0.0506,0.3807
flow,200,64,16,0.0081,quadratic,quadratic,50000,1200000,0.9549,0.9585,0.9571,0.7972,0.5231,0.6317,0.7951
flow,200,64,16,0.0081,quadratic_cal,quadratic,50000,1200000,0.9521,0.9536,0.9557,0.4967,0.7658,0.6026,0.7781
flow,200,64,16,0.0081,polar8,polar,50000,1200000,0.9313,0.9326,0.9525,0.1259,0.7712,0.2164,0.5745
flow,200,64,16,0.0081,polar8_cal,polar,50000,1200000,0.9563,0.9618,0.9643,0.1709,0.2805,0.2124,0.5871
flow,200,64,16,0.0081,knn,knn,100000,2400000,0.3153,0.3176,0.3158,0.0277,0.0297,0.0287,0.1732
flow,200,64,16,0.0081,altered_knn,altered_knn,100000,1600000,0.7192,0.7243,0.7288,0.0373,0.0941,0.0534,0.3889
flow,200,64,16,0.0081,quadratic,quadratic,100000,2400000,0.9627,0.9658,0.9646,0.8332,0.5856,0.6878,0.8268
flow,200,64,16,0.0081,quadratic_cal,quadratic,100000,2400000,0.9609,0.9624,0.9637,0.5828,0.7739,0.6649,0.8137
flow,200,64,16,0.0081,polar8,polar,100000,2400000,0.8716,0.8723,0.9216,0.0555,0.7828,0.1037,0.4880
flow,200,64,16,0.0081,polar8_cal,polar,100000,2400000,0.9362,0.9433,0.9466,0.0385,0.0671,0.0489,0.4961
