sampler,d,K,n_seeds,hall_gt,hall_gt_std,model,arch,n_per_mode,n_anchors,full_acc,full_acc_std,mode_acc,mode_acc_std,mode_f1,mode_f1_std,hall_prec,hall_prec_std,hall_rec,hall_rec_std,hall_f1,hall_f1_std,balanced,balanced_std
rk45,2,2,3,0.0106,0.0004,knn,knn,2000,6000,0.9625,0.0031,0.9663,0.0027,0.9736,0.0042,0.2617,0.0165,0.6041,0.0524,0.3644,0.0186,0.6654,0.0099
rk45,2,2,3,0.0106,0.0004,altered_knn,altered_knn,2000,4000,0.9538,0.0092,0.9630,0.0096,0.9709,0.0059,0.0442,0.0151,0.0938,0.0021,0.0586,0.0130,0.5108,0.0113
rk45,2,2,3,0.0106,0.0004,quadratic,quadratic,2000,6000,0.9497,0.0002,0.9535,0.0004,0.9557,0.0022,0.3855,0.0760,0.5878,0.0296,0.4585,0.0513,0.7060,0.0259
rk45,2,2,3,0.0106,0.0004,polar3,polar,2000,6000,0.9673,0.0021,0.9705,0.0021,0.9744,0.0040,0.3816,0.0557,0.6681,0.0137,0.4830,0.0458,0.7267,0.0219
rk45,2,2,3,0.0106,0.0004,knn,knn,5000,15000,0.9657,0.0028,0.9695,0.0026,0.9743,0.0041,0.3197,0.0204,0.6095,0.0316,0.4182,0.0113,0.6938,0.0045
rk45,2,2,3,0.0106,0.0004,altered_knn,altered_knn,5000,10000,0.9588,0.0047,0.9682,0.0048,0.9731,0.0058,0.0384,0.0167,0.0713,0.0357,0.0498,0.0229,0.5090,0.0138
rk45,2,2,3,0.0106,0.0004,quadratic,quadratic,5000,15000,0.9513,0.0006,0.9552,0.0008,0.9573,0.0019,0.3814,0.0677,0.5826,0.0338,0.4547,0.0432,0.7050,0.0218
rk45,2,2,3,0.0106,0.0004,polar3,polar,5000,15000,0.9672,0.0020,0.9704,0.0020,0.9745,0.0039,0.3770,0.0548,0.6641,0.0109,0.4782,0.0452,0.7243,0.0217
rk45,2,2,3,0.0106,0.0004,knn,knn,10000,30000,0.9671,0.0024,0.9709,0.0023,0.9744,0.0041,0.3697,0.0441,0.6162,0.0285,0.4591,0.0286,0.7150,0.0132
rk45,2,2,3,0.0106,0.0004,altered_knn,altered_knn,10000,20000,0.9630,0.0045,0.9728,0.0047,0.9735,0.0059,0.0349,0.0148,0.0408,0.0226,0.0374,0.0179,0.5051,0.0112
rk45,2,2,3,0.0106,0.0004,quadratic,quadratic,10000,30000,0.9518,0.0004,0.9557,0.0006,0.9578,0.0018,0.3845,0.0697,0.5865,0.0299,0.4583,0.0457,0.7070,0.0231
rk45,2,2,3,0.0106,0.0004,polar3,polar,10000,30000,0.9673,0.0018,0.9705,0.0018,0.9746,0.0039,0.3800,0.0595,0.6647,0.0120,0.4804,0.0491,0.7254,0.0237
rk45,2,2,3,0.0106,0.0004,knn,knn,15000,45000,0.9679,0.0024,0.9715,0.0023,0.9744,0.0042,0.4028,0.0573,0.6300,0.0226,0.4876,0.0386,0.7295,0.0182
rk45,2,2,3,0.0106,0.0004,altered_knn,altered_knn,15000,30000,0.9644,0.0057,0.9745,0.0061,0.9737,0.0057,0.0284,0.0105,0.0241,0.0068,0.0260,0.0085,0.5002,0.0069
rk45,2,2,3,0.0106,0.0004,quadratic,quadratic,15000,45000,0.9511,0.0006,0.9549,0.0007,0.9570,0.0020,0.3850,0.0704,0.5884,0.0294,0.4592,0.0466,0.7071,0.0236
rk45,2,2,3,0.0106,0.0004,polar3,polar,15000,45000,0.9673,0.0019,0.9705,0.0019,0.9745,0.0039,0.3791,0.0580,0.6662,0.0139,0.4801,0.0476,0.7253,0.0229
rk45,2,2,3,0.0106,0.0004,knn,knn,20000,60000,0.9681,0.0022,0.9717,0.0022,0.9743,0.0041,0.4176,0.0644,0.6331,0.0174,0.4992,0.0444,0.7354,0.0211
rk45,2,2,3,0.0106,0.0004,altered_knn,altered_knn,20000,40000,0.9649,0.0054,0.9749,0.0058,0.9737,0.0058,0.0316,0.0114,0.0237,0.0070,0.0267,0.0083,0.5008,0.0070
rk45,2,2,3,0.0106,0.0004,quadratic,quadratic,20000,60000,0.9507,0.0005,0.9546,0.0006,0.9566,0.0020,0.3863,0.0703,0.5878,0.0298,0.4600,0.0462,0.7073,0.0233
rk45,2,2,3,0.0106,0.0004,polar3,polar,20000,60000,0.9673,0.0018,0.9705,0.0018,0.9745,0.0039,0.3791,0.0575,0.6665,0.0144,0.4801,0.0468,0.7253,0.0226
rk45,2,4,3,0.0114,0.0005,knn,knn,2000,12000,0.9155,0.0338,0.9215,0.0330,0.9170,0.0373,0.1657,0.0540,0.3994,0.1044,0.2340,0.0717,0.5777,0.0518
rk45,2,4,3,0.0114,0.0005,altered_knn,altered_knn,2000,8000,0.9085,0.0357,0.9179,0.0355,0.9117,0.0387,0.0439,0.0325,0.0873,0.0478,0.0567,0.0385,0.4873,0.0366
rk45,2,4,3,0.0114,0.0005,quadratic,quadratic,2000,12000,0.8927,0.0361,0.8981,0.0366,0.8960,0.0375,0.2234,0.0874,0.4168,0.0839,0.2729,0.0629,0.5855,0.0490
rk45,2,4,3,0.0114,0.0005,polar3,polar,2000,12000,0.9188,0.0338,0.9244,0.0335,0.9181,0.0388,0.2038,0.0399,0.4251,0.0677,0.2752,0.0499,0.5998,0.0413
rk45,2,4,3,0.0114,0.0005,knn,knn,5000,30000,0.9191,0.0335,0.9253,0.0330,0.9176,0.0376,0.2117,0.0618,0.3827,0.0778,0.2720,0.0703,0.5986,0.0513
rk45,2,4,3,0.0114,0.0005,altered_knn,altered_knn,5000,20000,0.9119,0.0370,0.9217,0.0371,0.9156,0.0383,0.0416,0.0319,0.0642,0.0194,0.0471,0.0272,0.4844,0.0320
rk45,2,4,3,0.0114,0.0005,quadratic,quadratic,5000,30000,0.8938,0.0365,0.8992,0.0370,0.8972,0.0380,0.2224,0.0879,0.4148,0.0831,0.2721,0.0623,0.5857,0.0492
rk45,2,4,3,0.0114,0.0005,polar3,polar,5000,30000,0.9188,0.0338,0.9245,0.0335,0.9180,0.0392,0.2017,0.0356,0.4235,0.0674,0.2731,0.0461,0.5988,0.0393
rk45,2,4,3,0.0114,0.0005,knn,knn,10000,60000,0.9212,0.0335,0.9274,0.0330,0.9179,0.0379,0.2606,0.0723,0.3791,0.0697,0.3080,0.0726,0.6177,0.0526
rk45,2,4,3,0.0114,0.0005,altered_knn,altered_knn,10000,40000,0.9168,0.0337,0.9268,0.0336,0.9161,0.0377,0.0438,0.0372,0.0465,0.0281,0.0443,0.0328,0.4856,0.0331
rk45,2,4,3,0.0114,0.0005,quadratic,quadratic,10000,60000,0.8927,0.0361,0.8981,0.0367,0.8960,0.0375,0.2256,0.0883,0.4145,0.0826,0.2745,0.0625,0.5863,0.0489
rk45,2,4,3,0.0114,0.0005,polar3,polar,10000,60000,0.9188,0.0340,0.9245,0.0336,0.9179,0.0393,0.2047,0.0380,0.4247,0.0704,0.2759,0.0485,0.6002,0.0408
rk45,2,4,3,0.0114,0.0005,knn,knn,15000,90000,0.9220,0.0333,0.9282,0.0329,0.9180,0.0379,0.2879,0.0784,0.3761,0.0664,0.3250,0.0736,0.6266,0.0531
rk45,2,4,3,0.0114,0.0005,altered_knn,altered_knn,15000,60000,0.9200,0.0323,0.9302,0.0322,0.9165,0.0376,0.0465,0.0377,0.0310,0.0204,0.0362,0.0264,0.4832,0.0290
rk45,2,4,3,0.0114,0.0005,quadratic,quadratic,15000,90000,0.8928,0.0363,0.8983,0.0368,0.8961,0.0376,0.2260,0.0887,0.4138,0.0825,0.2748,0.0624,0.5865,0.0488
rk45,2,4,3,0.0114,0.0005,polar3,polar,15000,90000,0.9189,0.0341,0.9245,0.0337,0.9179,0.0394,0.2051,0.0384,0.4267,0.0710,0.2767,0.0491,0.6006,0.0410
rk45,2,4,3,0.0114,0.0005,knn,knn,20000,120000,0.9224,0.0333,0.9287,0.0329,0.9180,0.0379,0.3084,0.0830,0.3766,0.0628,0.3377,0.0738,0.6332,0.0532
rk45,2,4,3,0.0114,0.0005,altered_knn,altered_knn,20000,80000,0.9199,0.0325,0.9301,0.0325,0.9168,0.0373,0.0458,0.0372,0.0297,0.0185,0.0356,0.0251,0.4829,0.0287
rk45,2,4,3,0.0114,0.0005,quadratic,quadratic,20000,120000,0.8937,0.0359,0.8991,0.0364,0.8970,0.0373,0.2274,0.0873,0.4131,0.0815,0.2760,0.0611,0.5876,0.0479
rk45,2,4,3,0.0114,0.0005,polar3,polar,20000,120000,0.9190,0.0343,0.9246,0.0339,0.9182,0.0398,0.2052,0.0378,0.4317,0.0762,0.2778,0.0498,0.6012,0.0416
rk45,2,8,3,0.0117,0.0006,knn,knn,2000,24000,0.9395,0.0219,0.9458,0.0216,0.9500,0.0234,0.1653,0.0404,0.4098,0.0778,0.2355,0.0539,0.5906,0.0378
rk45,2,8,3,0.0117,0.0006,altered_knn,altered_knn,2000,16000,0.9316,0.0209,0.9407,0.0210,0.9441,0.0222,0.0683,0.0287,0.1630,0.0677,0.0959,0.0401,0.5183,0.0299
rk45,2,8,3,0.0117,0.0006,quadratic,quadratic,2000,24000,0.8010,0.0143,0.8041,0.0148,0.8578,0.0163,0.0436,0.0012,0.5480,0.0149,0.0808,0.0020,0.4424,0.0082
rk45,2,8,3,0.0117,0.0006,polar3,polar,2000,24000,0.9416,0.0231,0.9473,0.0231,0.9534,0.0242,0.1759,0.0375,0.4582,0.0491,0.2536,0.0468,0.6005,0.0348
rk45,2,8,3,0.0117,0.0006,knn,knn,5000,60000,0.9452,0.0231,0.9518,0.0230,0.9527,0.0250,0.2064,0.0471,0.3844,0.0637,0.2683,0.0555,0.6101,0.0391
rk45,2,8,3,0.0117,0.0006,altered_knn,altered_knn,5000,40000,0.9341,0.0195,0.9425,0.0190,0.9483,0.0236,0.0786,0.0343,0.2235,0.1051,0.1159,0.0517,0.5292,0.0353
rk45,2,8,3,0.0117,0.0006,quadratic,quadratic,5000,60000,0.7984,0.0156,0.8014,0.0161,0.8559,0.0167,0.0430,0.0015,0.5481,0.0149,0.0798,0.0025,0.4406,0.0092
rk45,2,8,3,0.0117,0.0006,polar3,polar,5000,60000,0.9415,0.0231,0.9473,0.0231,0.9531,0.0240,0.1758,0.0407,0.4507,0.0492,0.2522,0.0498,0.5997,0.0363
rk45,2,8,3,0.0117,0.0006,knn,knn,10000,120000,0.9481,0.0230,0.9550,0.0231,0.9536,0.0252,0.2461,0.0475,0.3637,0.0483,0.2933,0.0496,0.6242,0.0363
rk45,2,8,3,0.0117,0.0006,altered_knn,altered_knn,10000,80000,0.9405,0.0242,0.9499,0.0245,0.9507,0.0251,0.0827,0.0373,0.1435,0.0390,0.1040,0.0403,0.5270,0.0323
rk45,2,8,3,0.0117,0.0006,quadratic,quadratic,10000,120000,0.7997,0.0140,0.8027,0.0145,0.8569,0.0152,0.0433,0.0013,0.5495,0.0156,0.0803,0.0021,0.4415,0.0083
rk45,2,8,3,0.0117,0.0006,polar3,polar,10000,120000,0.9417,0.0228,0.9475,0.0228,0.9533,0.0236,0.1767,0.0386,0.4533,0.0484,0.2537,0.0477,0.6006,0.0351
rk45,2,8,3,0.0117,0.0006,knn,knn,15000,180000,0.9493,0.0229,0.9563,0.0231,0.9538,0.0252,0.2734,0.0484,0.3549,0.0416,0.3086,0.0467,0.6325,0.0348
rk45,2,8,3,0.0117,0.0006,altered_knn,altered_knn,15000,120000,0.9457,0.0213,0.9557,0.0215,0.9516,0.0250,0.0923,0.0354,0.0991,0.0451,0.0946,0.0401,0.5252,0.0307
rk45,2,8,3,0.0117,0.0006,quadratic,quadratic,15000,180000,0.8006,0.0131,0.8036,0.0135,0.8575,0.0147,0.0436,0.0011,0.5492,0.0155,0.0807,0.0018,0.4422,0.0077
rk45,2,8,3,0.0117,0.0006,polar3,polar,15000,180000,0.9420,0.0228,0.9478,0.0228,0.9534,0.0237,0.1782,0.0392,0.4511,0.0479,0.2548,0.0481,0.6013,0.0354
rk45,2,8,3,0.0117,0.0006,knn,knn,20000,240000,0.9500,0.0229,0.9571,0.0231,0.9539,0.0253,0.2944,0.0460,0.3506,0.0357,0.3198,0.0421,0.6384,0.0325
rk45,2,8,3,0.0117,0.0006,altered_knn,altered_knn,20000,160000,0.9463,0.0232,0.9565,0.0238,0.9520,0.0252,0.0937,0.0435,0.0835,0.0205,0.0869,0.0297,0.5217,0.0266
rk45,2,8,3,0.0117,0.0006,quadratic,quadratic,20000,240000,0.8079,0.0129,0.8111,0.0134,0.8631,0.0153,0.0448,0.0009,0.5446,0.0140,0.0828,0.0014,0.4469,0.0074
rk45,2,8,3,0.0117,0.0006,polar3,polar,20000,240000,0.9421,0.0233,0.9480,0.0234,0.9534,0.0241,0.1781,0.0393,0.4457,0.0457,0.2537,0.0479,0.6009,0.0356
rk45,4,2,3,0.0111,0.0004,knn,knn,2000,6000,0.9067,0.0066,0.9120,0.0065,0.9104,0.0067,0.4292,0.0203,0.4431,0.0368,0.4343,0.0085,0.6731,0.0075
rk45,4,2,3,0.0111,0.0004,altered_knn,altered_knn,2000,4000,0.8718,0.0105,0.8790,0.0111,0.9180,0.0050,0.0272,0.0027,0.2237,0.0422,0.0483,0.0049,0.4637,0.0050
rk45,4,2,3,0.0111,0.0004,quadratic,quadratic,2000,6000,0.9470,0.0047,0.9500,0.0052,0.9517,0.0036,0.4612,0.0641,0.6835,0.0420,0.5455,0.0362,0.7477,0.0207
rk45,4,2,3,0.0111,0.0004,polar3,polar,2000,6000,0.9616,0.0013,0.9636,0.0011,0.9677,0.0023,0.4324,0.0578,0.7799,0.0257,0.5531,0.0453,0.7584,0.0227
rk45,4,2,3,0.0111,0.0004,knn,knn,5000,15000,0.9208,0.0062,0.9255,0.0059,0.9242,0.0062,0.4849,0.0156,0.5048,0.0419,0.4934,0.0169,0.7094,0.0114
rk45,4,2,3,0.0111,0.0004,altered_knn,altered_knn,5000,10000,0.8978,0.0260,0.9062,0.0278,0.9281,0.0074,0.0338,0.0040,0.1641,0.1086,0.0500,0.0049,0.4781,0.0124
rk45,4,2,3,0.0111,0.0004,quadratic,quadratic,5000,15000,0.9465,0.0035,0.9494,0.0039,0.9510,0.0024,0.4661,0.0571,0.6834,0.0401,0.5498,0.0303,0.7496,0.0171
rk45,4,2,3,0.0111,0.0004,polar3,polar,5000,15000,0.9616,0.0016,0.9637,0.0014,0.9676,0.0023,0.4376,0.0577,0.7758,0.0251,0.5563,0.0439,0.7600,0.0221
rk45,4,2,3,0.0111,0.0004,knn,knn,10000,30000,0.9314,0.0063,0.9358,0.0058,0.9349,0.0066,0.5031,0.0230,0.5406,0.0483,0.5188,0.0093,0.7273,0.0075
rk45,4,2,3,0.0111,0.0004,altered_knn,altered_knn,10000,20000,0.8880,0.0208,0.8955,0.0217,0.9292,0.0047,0.0304,0.0016,0.2150,0.0902,0.0518,0.0059,0.4736,0.0087
rk45,4,2,3,0.0111,0.0004,quadratic,quadratic,10000,30000,0.9464,0.0023,0.9494,0.0026,0.9509,0.0015,0.4696,0.0507,0.6838,0.0412,0.5530,0.0248,0.7512,0.0136
rk45,4,2,3,0.0111,0.0004,polar3,polar,10000,30000,0.9618,0.0015,0.9639,0.0013,0.9677,0.0023,0.4382,0.0559,0.7752,0.0246,0.5567,0.0421,0.7603,0.0211
rk45,4,2,3,0.0111,0.0004,knn,knn,15000,45000,0.9356,0.0056,0.9397,0.0052,0.9393,0.0059,0.4983,0.0241,0.5721,0.0472,0.5306,0.0103,0.7351,0.0069
rk45,4,2,3,0.0111,0.0004,altered_knn,altered_knn,15000,30000,0.9009,0.0073,0.9090,0.0081,0.9361,0.0014,0.0311,0.0019,0.1859,0.0464,0.0528,0.0043,0.4809,0.0033
rk45,4,2,3,0.0111,0.0004,quadratic,quadratic,15000,45000,0.9463,0.0017,0.9492,0.0021,0.9508,0.0009,0.4678,0.0491,0.6834,0.0426,0.5517,0.0234,0.7505,0.0127
rk45,4,2,3,0.0111,0.0004,polar3,polar,15000,45000,0.9618,0.0015,0.9639,0.0014,0.9678,0.0022,0.4391,0.0558,0.7758,0.0251,0.5576,0.0421,0.7608,0.0212
rk45,4,2,3,0.0111,0.0004,knn,knn,20000,60000,0.9394,0.0054,0.9434,0.0050,0.9431,0.0059,0.5042,0.0295,0.5834,0.0455,0.5384,0.0045,0.7409,0.0038
rk45,4,2,3,0.0111,0.0004,altered_knn,altered_knn,20000,40000,0.9059,0.0118,0.9142,0.0123,0.9383,0.0017,0.0309,0.0004,0.1647,0.0577,0.0512,0.0035,0.4827,0.0044
rk45,4,2,3,0.0111,0.0004,quadratic,quadratic,20000,60000,0.9469,0.0020,0.9499,0.0024,0.9514,0.0012,0.4697,0.0514,0.6834,0.0420,0.5528,0.0251,0.7514,0.0137
rk45,4,2,3,0.0111,0.0004,polar3,polar,20000,60000,0.9618,0.0016,0.9639,0.0014,0.9677,0.0022,0.4379,0.0545,0.7761,0.0241,0.5568,0.0411,0.7603,0.0207
rk45,4,4,3,0.0121,0.0002,knn,knn,2000,12000,0.8252,0.0171,0.8300,0.0176,0.8269,0.0194,0.1936,0.0289,0.4353,0.0309,0.2676,0.0338,0.5488,0.0096
rk45,4,4,3,0.0121,0.0002,altered_knn,altered_knn,2000,8000,0.8274,0.0153,0.8358,0.0157,0.8467,0.0204,0.0303,0.0009,0.1444,0.0675,0.0478,0.0045,0.4418,0.0082
rk45,4,4,3,0.0121,0.0002,quadratic,quadratic,2000,12000,0.8814,0.0323,0.8848,0.0331,0.8754,0.0368,0.3285,0.0611,0.5986,0.0317,0.4186,0.0462,0.6517,0.0396
rk45,4,4,3,0.0121,0.0002,polar3,polar,2000,12000,0.9030,0.0197,0.9068,0.0203,0.8981,0.0243,0.3221,0.0194,0.5916,0.0358,0.4157,0.0067,0.6613,0.0134
rk45,4,4,3,0.0121,0.0002,knn,knn,5000,30000,0.8528,0.0189,0.8575,0.0196,0.8525,0.0209,0.2250,0.0234,0.4651,0.0387,0.3032,0.0295,0.5804,0.0058
rk45,4,4,3,0.0121,0.0002,altered_knn,altered_knn,5000,20000,0.8518,0.0173,0.8612,0.0177,0.8592,0.0197,0.0372,0.0027,0.0895,0.0407,0.0484,0.0090,0.4548,0.0069
rk45,4,4,3,0.0121,0.0002,quadratic,quadratic,5000,30000,0.8815,0.0331,0.8850,0.0338,0.8753,0.0379,0.3353,0.0610,0.5975,0.0325,0.4239,0.0447,0.6545,0.0393
rk45,4,4,3,0.0121,0.0002,polar3,polar,5000,30000,0.9037,0.0195,0.9075,0.0200,0.8985,0.0238,0.3333,0.0221,0.5946,0.0285,0.4259,0.0106,0.6667,0.0152
rk45,4,4,3,0.0121,0.0002,knn,knn,10000,60000,0.8691,0.0169,0.8738,0.0175,0.8681,0.0192,0.2487,0.0263,0.4821,0.0348,0.3280,0.0309,0.6009,0.0068
rk45,4,4,3,0.0121,0.0002,altered_knn,altered_knn,10000,40000,0.8394,0.0289,0.8473,0.0303,0.8641,0.0211,0.0365,0.0060,0.1945,0.1077,0.0579,0.0042,0.4526,0.0152
rk45,4,4,3,0.0121,0.0002,quadratic,quadratic,10000,60000,0.8833,0.0310,0.8868,0.0317,0.8770,0.0363,0.3401,0.0574,0.5937,0.0317,0.4274,0.0410,0.6571,0.0363
rk45,4,4,3,0.0121,0.0002,polar3,polar,10000,60000,0.9042,0.0189,0.9080,0.0195,0.8990,0.0235,0.3309,0.0165,0.5917,0.0295,0.4235,0.0074,0.6658,0.0122
rk45,4,4,3,0.0121,0.0002,knn,knn,15000,90000,0.8768,0.0171,0.8815,0.0177,0.8760,0.0200,0.2552,0.0295,0.4939,0.0354,0.3363,0.0338,0.6089,0.0082
rk45,4,4,3,0.0121,0.0002,altered_knn,altered_knn,15000,60000,0.8319,0.0190,0.8390,0.0203,0.8641,0.0193,0.0341,0.0027,0.2549,0.1285,0.0585,0.0041,0.4488,0.0104
rk45,4,4,3,0.0121,0.0002,quadratic,quadratic,15000,90000,0.8838,0.0306,0.8874,0.0313,0.8775,0.0360,0.3405,0.0563,0.5941,0.0313,0.4281,0.0403,0.6577,0.0357
rk45,4,4,3,0.0121,0.0002,polar3,polar,15000,90000,0.9044,0.0189,0.9082,0.0195,0.8993,0.0237,0.3310,0.0156,0.5925,0.0290,0.4239,0.0075,0.6661,0.0116
rk45,4,4,3,0.0121,0.0002,knn,knn,20000,120000,0.8815,0.0172,0.8862,0.0179,0.8801,0.0203,0.2647,0.0289,0.4986,0.0378,0.3457,0.0337,0.6159,0.0079
rk45,4,4,3,0.0121,0.0002,altered_knn,altered_knn,20000,80000,0.8642,0.0127,0.8734,0.0130,0.8730,0.0214,0.0477,0.0079,0.1203,0.0881,0.0557,0.0126,0.4646,0.0032
rk45,4,4,3,0.0121,0.0002,quadratic,quadratic,20000,120000,0.8836,0.0303,0.8871,0.0310,0.8774,0.0355,0.3415,0.0560,0.5945,0.0324,0.4289,0.0396,0.6580,0.0352
rk45,4,4,3,0.0121,0.0002,polar3,polar,20000,120000,0.9044,0.0188,0.9083,0.0193,0.8993,0.0236,0.3325,0.0134,0.5930,0.0288,0.4254,0.0079,0.6668,0.0103
rk45,4,8,3,0.0128,0.0001,knn,knn,2000,24000,0.7770,0.0109,0.7818,0.0110,0.7922,0.0077,0.1088,0.0057,0.4111,0.0054,0.1720,0.0074,0.4769,0.0087
rk45,4,8,3,0.0128,0.0001,altered_knn,altered_knn,2000,16000,0.7960,0.0534,0.8038,0.0559,0.8266,0.0238,0.0442,0.0132,0.1919,0.1519,0.0505,0.0161,0.4272,0.0271
rk45,4,8,3,0.0128,0.0001,quadratic,quadratic,2000,24000,0.8538,0.0285,0.8585,0.0287,0.8589,0.0261,0.2405,0.0299,0.4946,0.0149,0.3224,0.0270,0.5905,0.0276
rk45,4,8,3,0.0128,0.0001,polar3,polar,2000,24000,0.8923,0.0361,0.8979,0.0361,0.8988,0.0333,0.2284,0.0394,0.4601,0.0375,0.3045,0.0426,0.6012,0.0392
rk45,4,8,3,0.0128,0.0001,knn,knn,5000,60000,0.8129,0.0160,0.8180,0.0161,0.8251,0.0122,0.1324,0.0110,0.4191,0.0087,0.2011,0.0138,0.5095,0.0145
rk45,4,8,3,0.0128,0.0001,altered_knn,altered_knn,5000,40000,0.7713,0.1001,0.7771,0.1044,0.8235,0.0497,0.0408,0.0107,0.3280,0.2358,0.0661,0.0119,0.4216,0.0581
rk45,4,8,3,0.0128,0.0001,quadratic,quadratic,5000,60000,0.8528,0.0295,0.8574,0.0298,0.8579,0.0268,0.2429,0.0326,0.4938,0.0120,0.3244,0.0299,0.5909,0.0297
rk45,4,8,3,0.0128,0.0001,polar3,polar,5000,60000,0.8930,0.0350,0.8986,0.0350,0.8992,0.0323,0.2327,0.0367,0.4584,0.0328,0.3081,0.0392,0.6033,0.0370
rk45,4,8,3,0.0128,0.0001,knn,knn,10000,120000,0.8352,0.0186,0.8406,0.0186,0.8459,0.0152,0.1528,0.0142,0.4246,0.0167,0.2246,0.0178,0.5326,0.0179
rk45,4,8,3,0.0128,0.0001,altered_knn,altered_knn,10000,80000,0.8094,0.0417,0.8165,0.0436,0.8478,0.0220,0.0438,0.0134,0.2588,0.1346,0.0636,0.0040,0.4400,0.0234
rk45,4,8,3,0.0128,0.0001,quadratic,quadratic,10000,120000,0.8526,0.0295,0.8572,0.0298,0.8579,0.0267,0.2417,0.0321,0.4942,0.0105,0.3233,0.0288,0.5903,0.0291
rk45,4,8,3,0.0128,0.0001,polar3,polar,10000,120000,0.8931,0.0347,0.8988,0.0348,0.8994,0.0321,0.2326,0.0374,0.4562,0.0318,0.3074,0.0394,0.6031,0.0369
rk45,4,8,3,0.0128,0.0001,knn,knn,15000,180000,0.8460,0.0205,0.8515,0.0205,0.8558,0.0172,0.1647,0.0162,0.4273,0.0199,0.2376,0.0200,0.5445,0.0198
rk45,4,8,3,0.0128,0.0001,altered_knn,altered_knn,15000,120000,0.8458,0.0196,0.8550,0.0194,0.8590,0.0209,0.0528,0.0031,0.1300,0.0397,0.0739,0.0105,0.4645,0.0149
rk45,4,8,3,0.0128,0.0001,quadratic,quadratic,15000,180000,0.8533,0.0294,0.8580,0.0297,0.8586,0.0266,0.2421,0.0317,0.4925,0.0110,0.3234,0.0283,0.5907,0.0288
rk45,4,8,3,0.0128,0.0001,polar3,polar,15000,180000,0.8933,0.0346,0.8989,0.0346,0.8995,0.0321,0.2335,0.0354,0.4579,0.0305,0.3087,0.0372,0.6038,0.0357
rk45,4,8,3,0.0128,0.0001,knn,knn,20000,240000,0.8531,0.0217,0.8587,0.0217,0.8622,0.0186,0.1744,0.0198,0.4274,0.0279,0.2475,0.0246,0.5531,0.0227
rk45,4,8,3,0.0128,0.0001,altered_knn,altered_knn,20000,160000,0.8078,0.0522,0.8144,0.0542,0.8529,0.0286,0.0417,0.0124,0.3025,0.1181,0.0680,0.0111,0.4412,0.0327
rk45,4,8,3,0.0128,0.0001,quadratic,quadratic,20000,240000,0.8596,0.0277,0.8644,0.0280,0.8647,0.0250,0.2497,0.0307,0.4876,0.0131,0.3291,0.0271,0.5968,0.0274
rk45,4,8,3,0.0128,0.0001,polar3,polar,20000,240000,0.8937,0.0346,0.8993,0.0346,0.8997,0.0321,0.2353,0.0348,0.4577,0.0310,0.3103,0.0369,0.6048,0.0356
rk45,4,16,3,0.0139,0.0002,knn,knn,2000,48000,0.7643,0.0070,0.7698,0.0070,0.7827,0.0066,0.0929,0.0026,0.3807,0.0033,0.1493,0.0036,0.4595,0.0020
rk45,4,16,3,0.0139,0.0002,altered_knn,altered_knn,2000,32000,0.8350,0.0053,0.8456,0.0050,0.8432,0.0061,0.0618,0.0037,0.0864,0.0175,0.0709,0.0047,0.4582,0.0044
rk45,4,16,3,0.0139,0.0002,quadratic,quadratic,2000,48000,0.8637,0.0156,0.8698,0.0156,0.8720,0.0152,0.1865,0.0045,0.4325,0.0059,0.2605,0.0044,0.5651,0.0089
rk45,4,16,3,0.0139,0.0002,polar3,polar,2000,48000,0.9263,0.0063,0.9334,0.0061,0.9365,0.0058,0.2141,0.0023,0.4246,0.0095,0.2846,0.0041,0.6090,0.0050
rk45,4,16,3,0.0139,0.0002,knn,knn,5000,120000,0.8100,0.0076,0.8159,0.0076,0.8245,0.0071,0.1187,0.0026,0.3894,0.0066,0.1819,0.0028,0.4989,0.0024
rk45,4,16,3,0.0139,0.0002,altered_knn,altered_knn,5000,80000,0.8549,0.0067,0.8660,0.0066,0.8608,0.0059,0.0752,0.0038,0.0673,0.0109,0.0703,0.0046,0.4682,0.0044
rk45,4,16,3,0.0139,0.0002,quadratic,quadratic,5000,120000,0.8655,0.0167,0.8716,0.0168,0.8735,0.0163,0.1886,0.0087,0.4322,0.0055,0.2625,0.0080,0.5671,0.0109
rk45,4,16,3,0.0139,0.0002,polar3,polar,5000,120000,0.9262,0.0065,0.9334,0.0064,0.9361,0.0059,0.2162,0.0036,0.4218,0.0080,0.2859,0.0046,0.6096,0.0055
rk45,4,16,3,0.0139,0.0002,knn,knn,10000,240000,0.8398,0.0066,0.8461,0.0066,0.8524,0.0060,0.1386,0.0043,0.3884,0.0082,0.2043,0.0054,0.5252,0.0016
rk45,4,16,3,0.0139,0.0002,altered_knn,altered_knn,10000,160000,0.8618,0.0104,0.8722,0.0111,0.8723,0.0059,0.0758,0.0064,0.1248,0.0494,0.0881,0.0147,0.4802,0.0044
rk45,4,16,3,0.0139,0.0002,quadratic,quadratic,10000,240000,0.8699,0.0151,0.8761,0.0152,0.8778,0.0148,0.1928,0.0088,0.4307,0.0061,0.2662,0.0078,0.5711,0.0097
rk45,4,16,3,0.0139,0.0002,polar3,polar,10000,240000,0.9269,0.0064,0.9340,0.0063,0.9365,0.0056,0.2193,0.0036,0.4195,0.0061,0.2880,0.0040,0.6110,0.0051
rk45,4,16,3,0.0139,0.0002,knn,knn,15000,360000,0.8544,0.0069,0.8610,0.0069,0.8663,0.0064,0.1513,0.0029,0.3903,0.0076,0.2181,0.0034,0.5395,0.0020
rk45,4,16,3,0.0139,0.0002,altered_knn,altered_knn,15000,240000,0.8712,0.0115,0.8822,0.0122,0.8789,0.0061,0.0896,0.0133,0.0946,0.0593,0.0792,0.0194,0.4807,0.0056
rk45,4,16,3,0.0139,0.0002,quadratic,quadratic,15000,360000,0.8766,0.0120,0.8828,0.0120,0.8878,0.0119,0.1637,0.0054,0.4376,0.0066,0.2381,0.0048,0.5605,0.0049
rk45,4,16,3,0.0139,0.0002,polar3,polar,15000,360000,0.9272,0.0063,0.9344,0.0062,0.9367,0.0056,0.2227,0.0026,0.4193,0.0078,0.2909,0.0039,0.6126,0.0049
rk45,4,16,3,0.0139,0.0002,knn,knn,20000,480000,0.8642,0.0070,0.8709,0.0069,0.8753,0.0066,0.1616,0.0029,0.3894,0.0074,0.2284,0.0021,0.5496,0.0024
rk45,4,16,3,0.0139,0.0002,altered_knn,altered_knn,20000,320000,0.8678,0.0125,0.8783,0.0142,0.8816,0.0059,0.0824,0.0217,0.1276,0.1197,0.0684,0.0179,0.4734,0.0080
rk45,4,16,3,0.0139,0.0002,quadratic,quadratic,20000,480000,0.8767,0.0101,0.8828,0.0102,0.8927,0.0101,0.1307,0.0041,0.4442,0.0063,0.2019,0.0047,0.5423,0.0032
rk45,4,16,3,0.0139,0.0002,polar3,polar,20000,480000,0.9276,0.0058,0.9348,0.0058,0.9369,0.0051,0.2261,0.0011,0.4161,0.0092,0.2930,0.0029,0.6139,0.0039
rk45,8,2,3,0.0131,0.0004,knn,knn,2000,6000,0.8154,0.0151,0.8244,0.0154,0.8185,0.0135,0.3691,0.0108,0.1336,0.0232,0.1951,0.0263,0.5098,0.0171
rk45,8,2,3,0.0131,0.0004,altered_knn,altered_knn,2000,4000,0.7927,0.0478,0.7988,0.0495,0.8696,0.0226,0.0273,0.0037,0.3356,0.0894,0.0498,0.0046,0.4243,0.0270
rk45,8,2,3,0.0131,0.0004,quadratic,quadratic,2000,6000,0.9314,0.0025,0.9339,0.0027,0.9388,0.0022,0.3890,0.0388,0.7379,0.0211,0.5075,0.0281,0.7207,0.0150
rk45,8,2,3,0.0131,0.0004,polar3,polar,2000,6000,0.9520,0.0011,0.9533,0.0012,0.9611,0.0024,0.3766,0.0358,0.8582,0.0168,0.5221,0.0322,0.7377,0.0161
rk45,8,2,3,0.0131,0.0004,knn,knn,5000,15000,0.8331,0.0090,0.8421,0.0092,0.8360,0.0080,0.4529,0.0311,0.1534,0.0197,0.2279,0.0211,0.5350,0.0132
rk45,8,2,3,0.0131,0.0004,altered_knn,altered_knn,5000,10000,0.7976,0.0429,0.8039,0.0447,0.8708,0.0170,0.0274,0.0031,0.3199,0.0989,0.0496,0.0031,0.4268,0.0239
rk45,8,2,3,0.0131,0.0004,quadratic,quadratic,5000,15000,0.9335,0.0018,0.9362,0.0021,0.9404,0.0016,0.4093,0.0429,0.7286,0.0242,0.5219,0.0286,0.7290,0.0151
rk45,8,2,3,0.0131,0.0004,polar3,polar,5000,15000,0.9532,0.0014,0.9544,0.0015,0.9618,0.0031,0.3901,0.0427,0.8623,0.0146,0.5354,0.0388,0.7449,0.0191
rk45,8,2,3,0.0131,0.0004,knn,knn,10000,30000,0.8451,0.0104,0.8538,0.0108,0.8478,0.0093,0.5350,0.0046,0.1916,0.0199,0.2816,0.0219,0.5677,0.0128
rk45,8,2,3,0.0131,0.0004,altered_knn,altered_knn,10000,20000,0.8353,0.0367,0.8432,0.0384,0.8873,0.0129,0.0299,0.0008,0.2418,0.1109,0.0522,0.0014,0.4477,0.0186
rk45,8,2,3,0.0131,0.0004,quadratic,quadratic,10000,30000,0.9344,0.0020,0.9371,0.0023,0.9410,0.0012,0.4181,0.0403,0.7328,0.0211,0.5305,0.0272,0.7338,0.0147
rk45,8,2,3,0.0131,0.0004,polar3,polar,10000,30000,0.9531,0.0014,0.9544,0.0015,0.9618,0.0032,0.3890,0.0430,0.8606,0.0150,0.5340,0.0389,0.7442,0.0191
rk45,8,2,3,0.0131,0.0004,knn,knn,15000,45000,0.8518,0.0109,0.8604,0.0112,0.8547,0.0099,0.5449,0.0105,0.2064,0.0199,0.2989,0.0218,0.5797,0.0147
rk45,8,2,3,0.0131,0.0004,altered_knn,altered_knn,15000,30000,0.8149,0.0358,0.8216,0.0379,0.8823,0.0134,0.0286,0.0019,0.3097,0.1057,0.0514,0.0018,0.4365,0.0194
rk45,8,2,3,0.0131,0.0004,quadratic,quadratic,15000,45000,0.9347,0.0018,0.9374,0.0021,0.9411,0.0010,0.4222,0.0371,0.7322,0.0221,0.5339,0.0239,0.7356,0.0130
rk45,8,2,3,0.0131,0.0004,polar3,polar,15000,45000,0.9531,0.0014,0.9543,0.0015,0.9618,0.0031,0.3890,0.0425,0.8613,0.0155,0.5341,0.0382,0.7442,0.0188
rk45,8,2,3,0.0131,0.0004,knn,knn,20000,60000,0.8528,0.0105,0.8612,0.0107,0.8556,0.0096,0.5709,0.0252,0.2214,0.0150,0.3185,0.0152,0.5899,0.0129
rk45,8,2,3,0.0131,0.0004,altered_knn,altered_knn,20000,40000,0.8378,0.0397,0.8456,0.0414,0.8922,0.0148,0.0304,0.0027,0.2487,0.0983,0.0532,0.0028,0.4494,0.0216
rk45,8,2,3,0.0131,0.0004,quadratic,quadratic,20000,60000,0.9345,0.0024,0.9372,0.0027,0.9410,0.0015,0.4211,0.0371,0.7309,0.0223,0.5326,0.0239,0.7349,0.0133
rk45,8,2,3,0.0131,0.0004,polar3,polar,20000,60000,0.9529,0.0016,0.9541,0.0016,0.9616,0.0032,0.3886,0.0422,0.8613,0.0166,0.5337,0.0378,0.7439,0.0186
rk45,8,4,3,0.0129,0.0001,knn,knn,2000,12000,0.6879,0.0160,0.6945,0.0160,0.6888,0.0171,0.1886,0.0304,0.1815,0.0150,0.1822,0.0095,0.4384,0.0039
rk45,8,4,3,0.0129,0.0001,altered_knn,altered_knn,2000,8000,0.7570,0.0227,0.7637,0.0241,0.8018,0.0073,0.0292,0.0028,0.2426,0.0779,0.0514,0.0039,0.4076,0.0130
rk45,8,4,3,0.0129,0.0001,quadratic,quadratic,2000,12000,0.8950,0.0049,0.8985,0.0048,0.8966,0.0070,0.4869,0.0577,0.6264,0.0128,0.5453,0.0323,0.7219,0.0147
rk45,8,4,3,0.0129,0.0001,polar3,polar,2000,12000,0.9250,0.0051,0.9281,0.0053,0.9288,0.0036,0.4383,0.0465,0.6887,0.0087,0.5339,0.0330,0.7310,0.0182
rk45,8,4,3,0.0129,0.0001,knn,knn,5000,30000,0.7111,0.0175,0.7178,0.0176,0.7116,0.0177,0.2285,0.0223,0.2033,0.0137,0.2148,0.0155,0.4663,0.0146
rk45,8,4,3,0.0129,0.0001,altered_knn,altered_knn,5000,20000,0.7666,0.0167,0.7734,0.0179,0.8106,0.0017,0.0305,0.0009,0.2491,0.0700,0.0538,0.0008,0.4136,0.0087
rk45,8,4,3,0.0129,0.0001,quadratic,quadratic,5000,30000,0.8967,0.0038,0.9002,0.0037,0.8981,0.0062,0.5012,0.0534,0.6262,0.0159,0.5544,0.0271,0.7273,0.0120
rk45,8,4,3,0.0129,0.0001,polar3,polar,5000,30000,0.9284,0.0042,0.9315,0.0044,0.9313,0.0027,0.4785,0.0456,0.6933,0.0078,0.5647,0.0299,0.7481,0.0165
rk45,8,4,3,0.0129,0.0001,knn,knn,10000,60000,0.7306,0.0154,0.7370,0.0154,0.7300,0.0157,0.2944,0.0365,0.2336,0.0220,0.2598,0.0248,0.4984,0.0168
rk45,8,4,3,0.0129,0.0001,altered_knn,altered_knn,10000,40000,0.7776,0.0318,0.7848,0.0340,0.8186,0.0040,0.0303,0.0013,0.2265,0.1368,0.0513,0.0033,0.4181,0.0158
rk45,8,4,3,0.0129,0.0001,quadratic,quadratic,10000,60000,0.8969,0.0024,0.9004,0.0023,0.8982,0.0047,0.5061,0.0550,0.6260,0.0130,0.5574,0.0288,0.7289,0.0136
rk45,8,4,3,0.0129,0.0001,polar3,polar,10000,60000,0.9297,0.0045,0.9327,0.0047,0.9324,0.0027,0.4937,0.0471,0.6933,0.0081,0.5751,0.0302,0.7539,0.0169
rk45,8,4,3,0.0129,0.0001,knn,knn,15000,90000,0.7387,0.0141,0.7453,0.0141,0.7378,0.0144,0.3299,0.0179,0.2398,0.0177,0.2775,0.0164,0.5114,0.0134
rk45,8,4,3,0.0129,0.0001,altered_knn,altered_knn,15000,60000,0.8112,0.0104,0.8203,0.0110,0.8294,0.0054,0.0348,0.0049,0.1109,0.0334,0.0515,0.0035,0.4359,0.0060
rk45,8,4,3,0.0129,0.0001,quadratic,quadratic,15000,90000,0.8964,0.0029,0.9000,0.0028,0.8977,0.0049,0.5119,0.0545,0.6264,0.0146,0.5610,0.0272,0.7305,0.0128
rk45,8,4,3,0.0129,0.0001,polar3,polar,15000,90000,0.9299,0.0048,0.9330,0.0049,0.9325,0.0028,0.5004,0.0497,0.6923,0.0070,0.5793,0.0314,0.7561,0.0177
rk45,8,4,3,0.0129,0.0001,knn,knn,20000,120000,0.7447,0.0125,0.7512,0.0124,0.7437,0.0128,0.3417,0.0198,0.2499,0.0265,0.2884,0.0236,0.5198,0.0156
rk45,8,4,3,0.0129,0.0001,altered_knn,altered_knn,20000,80000,0.8090,0.0038,0.8177,0.0040,0.8322,0.0046,0.0334,0.0014,0.1393,0.0044,0.0538,0.0017,0.4358,0.0026
rk45,8,4,3,0.0129,0.0001,quadratic,quadratic,20000,120000,0.8972,0.0034,0.9007,0.0034,0.8984,0.0051,0.5121,0.0534,0.6256,0.0136,0.5610,0.0265,0.7308,0.0124
rk45,8,4,3,0.0129,0.0001,polar3,polar,20000,120000,0.9295,0.0048,0.9326,0.0049,0.9321,0.0029,0.4997,0.0498,0.6927,0.0070,0.5789,0.0316,0.7558,0.0178
rk45,8,8,3,0.0138,0.0002,knn,knn,2000,24000,0.5934,0.0039,0.5985,0.0041,0.6005,0.0027,0.0945,0.0157,0.2270,0.0100,0.1322,0.0147,0.3654,0.0094
rk45,8,8,3,0.0138,0.0002,altered_knn,altered_knn,2000,16000,0.7554,0.0222,0.7640,0.0242,0.7734,0.0071,0.0430,0.0064,0.1432,0.1115,0.0568,0.0064,0.4104,0.0090
rk45,8,8,3,0.0138,0.0002,quadratic,quadratic,2000,24000,0.8864,0.0103,0.8911,0.0104,0.8868,0.0095,0.4775,0.0298,0.5477,0.0235,0.5089,0.0105,0.7000,0.0101
rk45,8,8,3,0.0138,0.0002,polar3,polar,2000,24000,0.9239,0.0069,0.9291,0.0066,0.9264,0.0063,0.4598,0.0154,0.5504,0.0334,0.5001,0.0111,0.7146,0.0087
rk45,8,8,3,0.0138,0.0002,knn,knn,5000,60000,0.6233,0.0012,0.6286,0.0011,0.6287,0.0006,0.1156,0.0075,0.2478,0.0081,0.1573,0.0056,0.3930,0.0023
rk45,8,8,3,0.0138,0.0002,altered_knn,altered_knn,5000,40000,0.7598,0.0311,0.7682,0.0338,0.7829,0.0059,0.0420,0.0073,0.1630,0.1567,0.0483,0.0158,0.4083,0.0115
rk45,8,8,3,0.0138,0.0002,quadratic,quadratic,5000,60000,0.8882,0.0100,0.8930,0.0101,0.8885,0.0089,0.4819,0.0318,0.5487,0.0234,0.5118,0.0125,0.7024,0.0109
rk45,8,8,3,0.0138,0.0002,polar3,polar,5000,60000,0.9275,0.0072,0.9329,0.0070,0.9294,0.0066,0.5050,0.0235,0.5440,0.0321,0.5228,0.0160,0.7278,0.0114
rk45,8,8,3,0.0138,0.0002,knn,knn,10000,120000,0.6469,0.0011,0.6523,0.0009,0.6511,0.0005,0.1337,0.0030,0.2580,0.0130,0.1759,0.0019,0.4141,0.0013
rk45,8,8,3,0.0138,0.0002,altered_knn,altered_knn,10000,80000,0.7605,0.0229,0.7679,0.0248,0.7932,0.0058,0.0384,0.0021,0.2337,0.1136,0.0635,0.0057,0.4157,0.0114
rk45,8,8,3,0.0138,0.0002,quadratic,quadratic,10000,120000,0.8884,0.0097,0.8932,0.0098,0.8886,0.0089,0.4850,0.0333,0.5497,0.0225,0.5140,0.0131,0.7036,0.0111
rk45,8,8,3,0.0138,0.0002,polar3,polar,10000,120000,0.9284,0.0066,0.9337,0.0063,0.9301,0.0059,0.5226,0.0299,0.5446,0.0311,0.5325,0.0204,0.7331,0.0133
rk45,8,8,3,0.0138,0.0002,knn,knn,15000,180000,0.6597,0.0009,0.6653,0.0007,0.6630,0.0011,0.1483,0.0017,0.2589,0.0112,0.1885,0.0043,0.4269,0.0025
rk45,8,8,3,0.0138,0.0002,altered_knn,altered_knn,15000,120000,0.7763,0.0145,0.7848,0.0158,0.7995,0.0048,0.0417,0.0057,0.1691,0.0766,0.0632,0.0035,0.4240,0.0091
rk45,8,8,3,0.0138,0.0002,quadratic,quadratic,15000,180000,0.8885,0.0101,0.8933,0.0102,0.8886,0.0092,0.4884,0.0315,0.5484,0.0248,0.5153,0.0119,0.7043,0.0109
rk45,8,8,3,0.0138,0.0002,polar3,polar,15000,180000,0.9287,0.0065,0.9341,0.0063,0.9305,0.0058,0.5268,0.0250,0.5445,0.0312,0.5348,0.0197,0.7345,0.0130
rk45,8,8,3,0.0138,0.0002,knn,knn,20000,240000,0.6683,0.0008,0.6739,0.0005,0.6714,0.0010,0.1575,0.0030,0.2657,0.0162,0.1977,0.0068,0.4358,0.0036
rk45,8,8,3,0.0138,0.0002,altered_knn,altered_knn,20000,160000,0.7886,0.0030,0.7978,0.0033,0.8049,0.0037,0.0431,0.0023,0.1302,0.0396,0.0634,0.0032,0.4306,0.0007
rk45,8,8,3,0.0138,0.0002,quadratic,quadratic,20000,240000,0.8935,0.0086,0.8984,0.0087,0.8934,0.0077,0.5118,0.0306,0.5410,0.0240,0.5248,0.0115,0.7116,0.0100
rk45,8,8,3,0.0138,0.0002,polar3,polar,20000,240000,0.9293,0.0067,0.9347,0.0064,0.9309,0.0060,0.5314,0.0263,0.5446,0.0300,0.5372,0.0201,0.7359,0.0132
rk45,8,16,3,0.0149,0.0007,knn,knn,2000,48000,0.5167,0.0022,0.5204,0.0023,0.5331,0.0023,0.0599,0.0004,0.2741,0.0085,0.0984,0.0009,0.3094,0.0011
rk45,8,16,3,0.0149,0.0007,altered_knn,altered_knn,2000,32000,0.6972,0.0159,0.7034,0.0178,0.7344,0.0038,0.0424,0.0045,0.2851,0.1200,0.0704,0.0035,0.3869,0.0092
rk45,8,16,3,0.0149,0.0007,quadratic,quadratic,2000,48000,0.8608,0.0060,0.8664,0.0062,0.8635,0.0062,0.3786,0.0024,0.4880,0.0083,0.4264,0.0046,0.6464,0.0032
rk45,8,16,3,0.0149,0.0007,polar3,polar,2000,48000,0.9106,0.0076,0.9176,0.0077,0.9148,0.0079,0.3858,0.0059,0.4432,0.0042,0.4125,0.0051,0.6651,0.0064
rk45,8,16,3,0.0149,0.0007,knn,knn,5000,120000,0.5514,0.0028,0.5554,0.0029,0.5661,0.0027,0.0718,0.0037,0.2848,0.0045,0.1147,0.0051,0.3351,0.0031
rk45,8,16,3,0.0149,0.0007,altered_knn,altered_knn,5000,80000,0.7101,0.0158,0.7164,0.0178,0.7485,0.0026,0.0419,0.0032,0.2872,0.1303,0.0692,0.0043,0.3928,0.0070
rk45,8,16,3,0.0149,0.0007,quadratic,quadratic,5000,120000,0.8626,0.0065,0.8683,0.0067,0.8654,0.0066,0.3802,0.0055,0.4894,0.0066,0.4279,0.0060,0.6481,0.0032
rk45,8,16,3,0.0149,0.0007,polar3,polar,5000,120000,0.9142,0.0081,0.9213,0.0083,0.9183,0.0085,0.4033,0.0051,0.4407,0.0013,0.4211,0.0032,0.6712,0.0045
rk45,8,16,3,0.0149,0.0007,knn,knn,10000,240000,0.5800,0.0025,0.5844,0.0027,0.5935,0.0022,0.0826,0.0042,0.2912,0.0041,0.1287,0.0055,0.3566,0.0039
rk45,8,16,3,0.0149,0.0007,altered_knn,altered_knn,10000,160000,0.7363,0.0091,0.7443,0.0106,0.7613,0.0049,0.0456,0.0028,0.1972,0.1101,0.0681,0.0100,0.4062,0.0011
rk45,8,16,3,0.0149,0.0007,quadratic,quadratic,10000,240000,0.8682,0.0067,0.8741,0.0069,0.8706,0.0068,0.4078,0.0052,0.4809,0.0071,0.4413,0.0060,0.6577,0.0030
rk45,8,16,3,0.0149,0.0007,polar3,polar,10000,240000,0.9149,0.0084,0.9220,0.0085,0.9188,0.0087,0.4145,0.0082,0.4402,0.0021,0.4270,0.0049,0.6745,0.0057
rk45,8,16,3,0.0149,0.0007,knn,knn,15000,360000,0.5944,0.0029,0.5989,0.0031,0.6071,0.0023,0.0894,0.0041,0.2965,0.0039,0.1373,0.0046,0.3681,0.0038
rk45,8,16,3,0.0149,0.0007,altered_knn,altered_knn,15000,240000,0.7605,0.0034,0.7709,0.0033,0.7681,0.0064,0.0551,0.0026,0.0650,0.0358,0.0529,0.0206,0.4119,0.0119
rk45,8,16,3,0.0149,0.0007,quadratic,quadratic,15000,360000,0.8819,0.0059,0.8882,0.0061,0.8837,0.0060,0.4621,0.0059,0.4610,0.0059,0.4616,0.0058,0.6749,0.0021
rk45,8,16,3,0.0149,0.0007,polar3,polar,15000,360000,0.9151,0.0087,0.9223,0.0088,0.9188,0.0091,0.4272,0.0093,0.4381,0.0022,0.4326,0.0047,0.6774,0.0059
rk45,8,16,3,0.0149,0.0007,knn,knn,20000,480000,0.6046,0.0021,0.6093,0.0023,0.6169,0.0018,0.0936,0.0046,0.2951,0.0040,0.1420,0.0053,0.3757,0.0037
rk45,8,16,3,0.0149,0.0007,altered_knn,altered_knn,20000,320000,0.7592,0.0136,0.7689,0.0150,0.7734,0.0055,0.0500,0.0045,0.1156,0.0780,0.0577,0.0220,0.4133,0.0091
rk45,8,16,3,0.0149,0.0007,quadratic,quadratic,20000,480000,0.8893,0.0051,0.8959,0.0053,0.8909,0.0051,0.4821,0.0062,0.4528,0.0045,0.4670,0.0052,0.6814,0.0015
rk45,8,16,3,0.0149,0.0007,polar3,polar,20000,480000,0.9155,0.0083,0.9227,0.0084,0.9191,0.0086,0.4324,0.0097,0.4367,0.0014,0.4345,0.0046,0.6786,0.0055
rk45,16,2,3,0.0139,0.0005,knn,knn,2000,6000,0.7877,0.0101,0.7985,0.0099,0.7919,0.0095,0.2353,0.0332,0.0240,0.0029,0.0434,0.0047,0.4209,0.0066
rk45,16,2,3,0.0139,0.0005,altered_knn,altered_knn,2000,4000,0.7956,0.0465,0.8021,0.0485,0.8698,0.0196,0.0297,0.0030,0.3313,0.1133,0.0535,0.0031,0.4278,0.0251
rk45,16,2,3,0.0139,0.0005,quadratic,quadratic,2000,6000,0.9163,0.0015,0.9186,0.0016,0.9288,0.0018,0.2931,0.0259,0.7567,0.0148,0.4216,0.0259,0.6701,0.0133
rk45,16,2,3,0.0139,0.0005,polar3,polar,2000,6000,0.9419,0.0016,0.9425,0.0015,0.9529,0.0027,0.3470,0.0118,0.8994,0.0133,0.5005,0.0104,0.7215,0.0045
rk45,16,2,3,0.0139,0.0005,knn,knn,5000,15000,0.7916,0.0069,0.8024,0.0067,0.7957,0.0062,0.3111,0.0294,0.0257,0.0029,0.0475,0.0053,0.4249,0.0060
rk45,16,2,3,0.0139,0.0005,altered_knn,altered_knn,5000,10000,0.7625,0.0179,0.7675,0.0184,0.8545,0.0111,0.0277,0.0006,0.4081,0.0271,0.0518,0.0012,0.4097,0.0089
rk45,16,2,3,0.0139,0.0005,quadratic,quadratic,5000,15000,0.9169,0.0026,0.9191,0.0028,0.9288,0.0017,0.3042,0.0308,0.7649,0.0134,0.4342,0.0307,0.6766,0.0162
rk45,16,2,3,0.0139,0.0005,polar3,polar,5000,15000,0.9403,0.0025,0.9406,0.0027,0.9511,0.0008,0.3520,0.0251,0.9185,0.0085,0.5083,0.0254,0.7244,0.0140
rk45,16,2,3,0.0139,0.0005,knn,knn,10000,30000,0.7968,0.0099,0.8077,0.0097,0.8008,0.0086,0.3368,0.0432,0.0274,0.0028,0.0507,0.0053,0.4292,0.0047
rk45,16,2,3,0.0139,0.0005,altered_knn,altered_knn,10000,20000,0.7775,0.0768,0.7839,0.0800,0.8542,0.0382,0.0279,0.0038,0.3260,0.1529,0.0502,0.0054,0.4171,0.0419
rk45,16,2,3,0.0139,0.0005,quadratic,quadratic,10000,30000,0.9191,0.0042,0.9213,0.0044,0.9308,0.0025,0.3096,0.0361,0.7587,0.0148,0.4382,0.0357,0.6798,0.0196
rk45,16,2,3,0.0139,0.0005,polar3,polar,10000,30000,0.9408,0.0036,0.9410,0.0037,0.9518,0.0017,0.3488,0.0279,0.9224,0.0073,0.5054,0.0289,0.7232,0.0163
rk45,16,2,3,0.0139,0.0005,knn,knn,15000,45000,0.8007,0.0121,0.8116,0.0119,0.8043,0.0104,0.3810,0.0570,0.0281,0.0023,0.0523,0.0045,0.4319,0.0082
rk45,16,2,3,0.0139,0.0005,altered_knn,altered_knn,15000,30000,0.6925,0.0406,0.6950,0.0424,0.8131,0.0224,0.0252,0.0022,0.5188,0.0746,0.0479,0.0036,0.3715,0.0230
rk45,16,2,3,0.0139,0.0005,quadratic,quadratic,15000,45000,0.9195,0.0043,0.9217,0.0046,0.9310,0.0024,0.3139,0.0373,0.7621,0.0172,0.4429,0.0361,0.6823,0.0199
rk45,16,2,3,0.0139,0.0005,polar3,polar,15000,45000,0.9406,0.0044,0.9409,0.0046,0.9518,0.0026,0.3466,0.0304,0.9221,0.0074,0.5029,0.0317,0.7219,0.0180
rk45,16,2,3,0.0139,0.0005,knn,knn,20000,60000,0.8014,0.0124,0.8123,0.0121,0.8050,0.0107,0.3677,0.0464,0.0258,0.0034,0.0481,0.0062,0.4302,0.0090
rk45,16,2,3,0.0139,0.0005,altered_knn,altered_knn,20000,40000,0.7528,0.0699,0.7580,0.0729,0.8431,0.0338,0.0266,0.0026,0.3831,0.1506,0.0488,0.0032,0.4034,0.0375
rk45,16,2,3,0.0139,0.0005,quadratic,quadratic,20000,60000,0.9196,0.0046,0.9218,0.0048,0.9310,0.0025,0.3172,0.0379,0.7629,0.0158,0.4463,0.0369,0.6841,0.0204
rk45,16,2,3,0.0139,0.0005,polar3,polar,20000,60000,0.9409,0.0042,0.9411,0.0044,0.9520,0.0025,0.3471,0.0296,0.9231,0.0076,0.5036,0.0308,0.7224,0.0174
rk45,16,4,3,0.0132,0.0004,knn,knn,2000,12000,0.6261,0.0131,0.6339,0.0133,0.6275,0.0120,0.1352,0.0106,0.0440,0.0052,0.0660,0.0056,0.3499,0.0090
rk45,16,4,3,0.0132,0.0004,altered_knn,altered_knn,2000,8000,0.7457,0.0530,0.7518,0.0558,0.7977,0.0213,0.0329,0.0045,0.2823,0.1631,0.0563,0.0062,0.4040,0.0298
rk45,16,4,3,0.0132,0.0004,quadratic,quadratic,2000,12000,0.8851,0.0020,0.8880,0.0021,0.8891,0.0009,0.4532,0.0490,0.6739,0.0089,0.5400,0.0327,0.7140,0.0174
rk45,16,4,3,0.0132,0.0004,polar3,polar,2000,12000,0.9068,0.0088,0.9084,0.0091,0.9130,0.0081,0.4078,0.0155,0.7903,0.0138,0.5376,0.0107,0.7230,0.0098
rk45,16,4,3,0.0132,0.0004,knn,knn,5000,30000,0.6405,0.0112,0.6484,0.0113,0.6419,0.0108,0.1667,0.0056,0.0487,0.0058,0.0751,0.0065,0.3617,0.0079
rk45,16,4,3,0.0132,0.0004,altered_knn,altered_knn,5000,20000,0.7370,0.0370,0.7423,0.0387,0.8004,0.0165,0.0305,0.0045,0.3343,0.0844,0.0552,0.0061,0.3988,0.0220
rk45,16,4,3,0.0132,0.0004,quadratic,quadratic,5000,30000,0.8879,0.0034,0.8907,0.0035,0.8916,0.0020,0.4723,0.0474,0.6802,0.0083,0.5558,0.0301,0.7232,0.0168
rk45,16,4,3,0.0132,0.0004,polar3,polar,5000,30000,0.9194,0.0077,0.9210,0.0079,0.9250,0.0074,0.4457,0.0306,0.8026,0.0082,0.5723,0.0232,0.7466,0.0149
rk45,16,4,3,0.0132,0.0004,knn,knn,10000,60000,0.6499,0.0135,0.6580,0.0136,0.6512,0.0124,0.1800,0.0089,0.0477,0.0026,0.0753,0.0027,0.3666,0.0081
rk45,16,4,3,0.0132,0.0004,altered_knn,altered_knn,10000,40000,0.7276,0.0615,0.7330,0.0644,0.7935,0.0238,0.0303,0.0054,0.3308,0.1482,0.0540,0.0075,0.3935,0.0359
rk45,16,4,3,0.0132,0.0004,quadratic,quadratic,10000,60000,0.8888,0.0030,0.8917,0.0032,0.8924,0.0018,0.4816,0.0476,0.6758,0.0123,0.5605,0.0285,0.7261,0.0158
rk45,16,4,3,0.0132,0.0004,polar3,polar,10000,60000,0.9219,0.0068,0.9235,0.0069,0.9276,0.0063,0.4529,0.0338,0.8061,0.0077,0.5791,0.0258,0.7513,0.0160
rk45,16,4,3,0.0132,0.0004,knn,knn,15000,90000,0.6536,0.0139,0.6617,0.0140,0.6548,0.0128,0.2057,0.0145,0.0470,0.0044,0.0762,0.0048,0.3689,0.0088
rk45,16,4,3,0.0132,0.0004,altered_knn,altered_knn,15000,60000,0.7563,0.0164,0.7631,0.0172,0.8042,0.0091,0.0290,0.0022,0.2415,0.0289,0.0515,0.0029,0.4073,0.0099
rk45,16,4,3,0.0132,0.0004,quadratic,quadratic,15000,90000,0.8892,0.0032,0.8921,0.0033,0.8927,0.0022,0.4863,0.0485,0.6726,0.0117,0.5626,0.0290,0.7273,0.0160
rk45,16,4,3,0.0132,0.0004,polar3,polar,15000,90000,0.9215,0.0070,0.9230,0.0071,0.9268,0.0062,0.4605,0.0396,0.8057,0.0069,0.5849,0.0305,0.7539,0.0185
rk45,16,4,3,0.0132,0.0004,knn,knn,20000,120000,0.6560,0.0133,0.6641,0.0134,0.6570,0.0123,0.2167,0.0105,0.0490,0.0043,0.0798,0.0050,0.3719,0.0081
rk45,16,4,3,0.0132,0.0004,altered_knn,altered_knn,20000,80000,0.7795,0.0244,0.7880,0.0260,0.8078,0.0085,0.0353,0.0098,0.1428,0.0831,0.0475,0.0051,0.4178,0.0111
rk45,16,4,3,0.0132,0.0004,quadratic,quadratic,20000,120000,0.8897,0.0029,0.8927,0.0030,0.8932,0.0019,0.4872,0.0487,0.6708,0.0104,0.5626,0.0295,0.7276,0.0162
rk45,16,4,3,0.0132,0.0004,polar3,polar,20000,120000,0.9221,0.0070,0.9237,0.0072,0.9274,0.0063,0.4626,0.0381,0.8053,0.0064,0.5866,0.0291,0.7551,0.0178
rk45,16,8,3,0.0138,0.0003,knn,knn,2000,24000,0.4982,0.0070,0.5039,0.0071,0.5006,0.0061,0.0864,0.0092,0.0920,0.0039,0.0886,0.0035,0.2962,0.0048
rk45,16,8,3,0.0138,0.0003,altered_knn,altered_knn,2000,16000,0.7406,0.0144,0.7487,0.0150,0.7582,0.0101,0.0477,0.0005,0.1605,0.0646,0.0715,0.0054,0.4101,0.0061
rk45,16,8,3,0.0138,0.0003,quadratic,quadratic,2000,24000,0.8633,0.0129,0.8668,0.0131,0.8650,0.0129,0.4803,0.0226,0.6129,0.0116,0.5382,0.0132,0.7025,0.0131
rk45,16,8,3,0.0138,0.0003,polar3,polar,2000,24000,0.9078,0.0133,0.9110,0.0131,0.9100,0.0128,0.5145,0.0194,0.6771,0.0231,0.5847,0.0200,0.7478,0.0165
rk45,16,8,3,0.0138,0.0003,knn,knn,5000,60000,0.5139,0.0055,0.5199,0.0056,0.5158,0.0055,0.0974,0.0031,0.0885,0.0033,0.0926,0.0015,0.3062,0.0023
rk45,16,8,3,0.0138,0.0003,altered_knn,altered_knn,5000,40000,0.7290,0.0106,0.7360,0.0109,0.7593,0.0083,0.0392,0.0004,0.2274,0.0403,0.0666,0.0024,0.4013,0.0048
rk45,16,8,3,0.0138,0.0003,quadratic,quadratic,5000,60000,0.8687,0.0124,0.8722,0.0126,0.8703,0.0121,0.5007,0.0272,0.6209,0.0120,0.5538,0.0151,0.7130,0.0138
rk45,16,8,3,0.0138,0.0003,polar3,polar,5000,60000,0.9183,0.0135,0.9217,0.0132,0.9202,0.0128,0.5580,0.0125,0.6778,0.0256,0.6119,0.0138,0.7668,0.0133
rk45,16,8,3,0.0138,0.0003,knn,knn,10000,120000,0.5283,0.0062,0.5344,0.0063,0.5300,0.0061,0.1143,0.0073,0.0931,0.0021,0.1025,0.0034,0.3185,0.0040
rk45,16,8,3,0.0138,0.0003,altered_knn,altered_knn,10000,80000,0.7274,0.0101,0.7342,0.0101,0.7587,0.0089,0.0396,0.0007,0.2363,0.0107,0.0678,0.0008,0.4010,0.0053
rk45,16,8,3,0.0138,0.0003,quadratic,quadratic,10000,120000,0.8713,0.0127,0.8748,0.0129,0.8729,0.0125,0.5106,0.0292,0.6227,0.0128,0.5605,0.0152,0.7176,0.0141
rk45,16,8,3,0.0138,0.0003,polar3,polar,10000,120000,0.9217,0.0127,0.9251,0.0124,0.9234,0.0123,0.5747,0.0223,0.6787,0.0262,0.6220,0.0179,0.7735,0.0142
rk45,16,8,3,0.0138,0.0003,knn,knn,15000,180000,0.5349,0.0064,0.5411,0.0066,0.5361,0.0061,0.1244,0.0058,0.0913,0.0054,0.1051,0.0033,0.3231,0.0026
rk45,16,8,3,0.0138,0.0003,altered_knn,altered_knn,15000,120000,0.7345,0.0058,0.7422,0.0056,0.7583,0.0081,0.0400,0.0010,0.1811,0.0600,0.0642,0.0062,0.4032,0.0046
rk45,16,8,3,0.0138,0.0003,quadratic,quadratic,15000,180000,0.8732,0.0127,0.8767,0.0128,0.8746,0.0125,0.5150,0.0307,0.6220,0.0158,0.5627,0.0163,0.7197,0.0146
rk45,16,8,3,0.0138,0.0003,polar3,polar,15000,180000,0.9230,0.0122,0.9264,0.0119,0.9246,0.0118,0.5809,0.0222,0.6793,0.0254,0.6258,0.0162,0.7761,0.0130
rk45,16,8,3,0.0138,0.0003,knn,knn,20000,240000,0.5400,0.0061,0.5462,0.0063,0.5411,0.0059,0.1357,0.0032,0.0951,0.0050,0.1117,0.0033,0.3290,0.0019
rk45,16,8,3,0.0138,0.0003,altered_knn,altered_knn,20000,160000,0.7308,0.0087,0.7381,0.0084,0.7588,0.0089,0.0392,0.0005,0.2089,0.0201,0.0660,0.0013,0.4020,0.0048
rk45,16,8,3,0.0138,0.0003,quadratic,quadratic,20000,240000,0.8780,0.0118,0.8817,0.0119,0.8790,0.0115,0.5432,0.0291,0.6132,0.0153,0.5754,0.0138,0.7286,0.0128
rk45,16,8,3,0.0138,0.0003,polar3,polar,20000,240000,0.9239,0.0120,0.9274,0.0117,0.9254,0.0119,0.5913,0.0232,0.6797,0.0260,0.6319,0.0157,0.7796,0.0122
rk45,16,16,3,0.0147,0.0001,knn,knn,2000,48000,0.3973,0.0012,0.4012,0.0012,0.4024,0.0019,0.0612,0.0044,0.1344,0.0039,0.0839,0.0035,0.2425,0.0020
rk45,16,16,3,0.0147,0.0001,altered_knn,altered_knn,2000,32000,0.7044,0.0110,0.7117,0.0117,0.7268,0.0093,0.0544,0.0060,0.2111,0.0705,0.0833,0.0021,0.3975,0.0068
rk45,16,16,3,0.0147,0.0001,quadratic,quadratic,2000,48000,0.8611,0.0070,0.8659,0.0072,0.8632,0.0064,0.4675,0.0106,0.5440,0.0052,0.5027,0.0040,0.6843,0.0056
rk45,16,16,3,0.0147,0.0001,polar3,polar,2000,48000,0.9086,0.0060,0.9141,0.0061,0.9108,0.0057,0.5847,0.0165,0.5417,0.0018,0.5622,0.0067,0.7381,0.0062
rk45,16,16,3,0.0147,0.0001,knn,knn,5000,120000,0.4178,0.0010,0.4221,0.0010,0.4227,0.0005,0.0713,0.0054,0.1337,0.0009,0.0929,0.0046,0.2575,0.0028
rk45,16,16,3,0.0147,0.0001,altered_knn,altered_knn,5000,80000,0.7148,0.0089,0.7237,0.0090,0.7268,0.0091,0.0583,0.0003,0.1151,0.0054,0.0774,0.0013,0.4006,0.0050
rk45,16,16,3,0.0147,0.0001,quadratic,quadratic,5000,120000,0.8690,0.0081,0.8738,0.0082,0.8710,0.0075,0.4811,0.0114,0.5474,0.0054,0.5119,0.0040,0.6929,0.0061
rk45,16,16,3,0.0147,0.0001,polar3,polar,5000,120000,0.9174,0.0067,0.9231,0.0068,0.9193,0.0066,0.6235,0.0084,0.5353,0.0030,0.5760,0.0026,0.7496,0.0043
rk45,16,16,3,0.0147,0.0001,knn,knn,10000,240000,0.4340,0.0005,0.4385,0.0006,0.4386,0.0012,0.0809,0.0038,0.1326,0.0026,0.1004,0.0027,0.2695,0.0011
rk45,16,16,3,0.0147,0.0001,altered_knn,altered_knn,10000,160000,0.6917,0.0266,0.6981,0.0288,0.7259,0.0091,0.0454,0.0075,0.2667,0.1289,0.0726,0.0021,0.3853,0.0153
rk45,16,16,3,0.0147,0.0001,quadratic,quadratic,10000,240000,0.8765,0.0075,0.8816,0.0076,0.8780,0.0069,0.5287,0.0121,0.5363,0.0043,0.5323,0.0039,0.7069,0.0057
rk45,16,16,3,0.0147,0.0001,polar3,polar,10000,240000,0.9207,0.0067,0.9265,0.0068,0.9224,0.0068,0.6465,0.0085,0.5351,0.0035,0.5855,0.0024,0.7560,0.0044
rk45,16,16,3,0.0147,0.0001,knn,knn,15000,360000,0.4420,0.0001,0.4467,0.0001,0.4466,0.0008,0.0833,0.0035,0.1294,0.0023,0.1013,0.0021,0.2740,0.0010
rk45,16,16,3,0.0147,0.0001,altered_knn,altered_knn,15000,240000,0.6825,0.0164,0.6880,0.0185,0.7245,0.0075,0.0420,0.0044,0.3147,0.1355,0.0705,0.0011,0.3792,0.0090
rk45,16,16,3,0.0147,0.0001,quadratic,quadratic,15000,360000,0.8897,0.0064,0.8953,0.0066,0.8906,0.0061,0.6166,0.0120,0.5117,0.0047,0.5592,0.0034,0.7273,0.0045
rk45,16,16,3,0.0147,0.0001,polar3,polar,15000,360000,0.9219,0.0076,0.9277,0.0077,0.9233,0.0077,0.6739,0.0133,0.5366,0.0030,0.5974,0.0033,0.7625,0.0055
rk45,16,16,3,0.0147,0.0001,knn,knn,20000,480000,0.4480,0.0005,0.4527,0.0005,0.4526,0.0009,0.0849,0.0009,0.1299,0.0031,0.1027,0.0005,0.2777,0.0003
rk45,16,16,3,0.0147,0.0001,altered_knn,altered_knn,20000,320000,0.7110,0.0118,0.7194,0.0123,0.7279,0.0080,0.0498,0.0054,0.1429,0.0200,0.0730,0.0030,0.3962,0.0076
rk45,16,16,3,0.0147,0.0001,quadratic,quadratic,20000,480000,0.8983,0.0063,0.9043,0.0064,0.8991,0.0061,0.6575,0.0119,0.5006,0.0049,0.5683,0.0027,0.7363,0.0039
rk45,16,16,3,0.0147,0.0001,polar3,polar,20000,480000,0.9226,0.0079,0.9284,0.0080,0.9240,0.0079,0.6840,0.0163,0.5367,0.0035,0.6014,0.0043,0.7649,0.0061
rk45,32,2,3,0.0144,0.0002,knn,knn,2000,6000,0.7871,0.0056,0.7985,0.0057,0.7920,0.0051,0.1287,0.0183,0.0086,0.0010,0.0161,0.0019,0.4073,0.0031
rk45,32,2,3,0.0144,0.0002,altered_knn,altered_knn,2000,4000,0.7814,0.0439,0.7878,0.0456,0.8697,0.0242,0.0258,0.0009,0.3412,0.0764,0.0477,0.0010,0.4178,0.0232
rk45,32,2,3,0.0144,0.0002,quadratic,quadratic,2000,6000,0.8261,0.0060,0.8264,0.0061,0.8772,0.0023,0.0918,0.0045,0.8069,0.0016,0.1649,0.0073,0.4956,0.0067
rk45,32,2,3,0.0144,0.0002,polar3,polar,2000,6000,0.9151,0.0027,0.9148,0.0027,0.9315,0.0029,0.2690,0.0061,0.9410,0.0060,0.4184,0.0069,0.6666,0.0038
rk45,32,2,3,0.0144,0.0002,knn,knn,5000,15000,0.7984,0.0044,0.8100,0.0043,0.8029,0.0037,0.1484,0.0890,0.0067,0.0040,0.0129,0.0077,0.4114,0.0060
rk45,32,2,3,0.0144,0.0002,altered_knn,altered_knn,5000,10000,0.7627,0.0351,0.7680,0.0368,0.8594,0.0170,0.0266,0.0010,0.3954,0.0778,0.0497,0.0009,0.4089,0.0188
rk45,32,2,3,0.0144,0.0002,quadratic,quadratic,5000,15000,0.8501,0.0036,0.8502,0.0038,0.8950,0.0013,0.1088,0.0036,0.8406,0.0047,0.1926,0.0056,0.5214,0.0045
rk45,32,2,3,0.0144,0.0002,polar3,polar,5000,15000,0.9215,0.0080,0.9209,0.0082,0.9400,0.0074,0.2531,0.0062,0.9602,0.0049,0.4005,0.0073,0.6607,0.0076
rk45,32,2,3,0.0144,0.0002,knn,knn,10000,30000,0.7975,0.0076,0.8091,0.0077,0.8020,0.0064,0.1500,0.0462,0.0067,0.0030,0.0129,0.0056,0.4110,0.0054
rk45,32,2,3,0.0144,0.0002,altered_knn,altered_knn,10000,20000,0.7428,0.0073,0.7471,0.0078,0.8493,0.0037,0.0270,0.0002,0.4513,0.0283,0.0509,0.0005,0.3990,0.0038
rk45,32,2,3,0.0144,0.0002,quadratic,quadratic,10000,30000,0.8546,0.0032,0.8547,0.0033,0.8978,0.0013,0.1137,0.0032,0.8464,0.0050,0.2004,0.0048,0.5276,0.0041
rk45,32,2,3,0.0144,0.0002,polar3,polar,10000,30000,0.9197,0.0046,0.9190,0.0048,0.9390,0.0040,0.2460,0.0052,0.9668,0.0064,0.3921,0.0061,0.6556,0.0055
rk45,32,2,3,0.0144,0.0002,knn,knn,15000,45000,0.7975,0.0092,0.8091,0.0093,0.8021,0.0080,0.1794,0.0735,0.0067,0.0029,0.0130,0.0056,0.4110,0.0073
rk45,32,2,3,0.0144,0.0002,altered_knn,altered_knn,15000,30000,0.7159,0.0286,0.7189,0.0296,0.8330,0.0178,0.0272,0.0008,0.5143,0.0414,0.0517,0.0012,0.3853,0.0154
rk45,32,2,3,0.0144,0.0002,quadratic,quadratic,15000,45000,0.8557,0.0038,0.8558,0.0039,0.8982,0.0017,0.1160,0.0035,0.8527,0.0035,0.2042,0.0054,0.5300,0.0046
rk45,32,2,3,0.0144,0.0002,polar3,polar,15000,45000,0.9182,0.0047,0.9174,0.0048,0.9377,0.0040,0.2433,0.0055,0.9678,0.0063,0.3888,0.0067,0.6531,0.0058
rk45,32,2,3,0.0144,0.0002,knn,knn,20000,60000,0.7987,0.0115,0.8103,0.0116,0.8034,0.0103,0.1789,0.0939,0.0072,0.0031,0.0138,0.0060,0.4121,0.0088
rk45,32,2,3,0.0144,0.0002,altered_knn,altered_knn,20000,40000,0.6901,0.0955,0.6923,0.0992,0.8093,0.0607,0.0275,0.0035,0.5395,0.1571,0.0518,0.0052,0.3721,0.0522
rk45,32,2,3,0.0144,0.0002,quadratic,quadratic,20000,60000,0.8571,0.0050,0.8572,0.0051,0.8987,0.0026,0.1184,0.0043,0.8536,0.0041,0.2079,0.0065,0.5325,0.0058
rk45,32,2,3,0.0144,0.0002,polar3,polar,20000,60000,0.9179,0.0035,0.9172,0.0036,0.9377,0.0027,0.2413,0.0058,0.9685,0.0053,0.3863,0.0073,0.6517,0.0054
rk45,32,4,3,0.0143,0.0002,knn,knn,2000,12000,0.6154,0.0007,0.6241,0.0008,0.6151,0.0024,0.0846,0.0057,0.0219,0.0035,0.0347,0.0049,0.3294,0.0027
rk45,32,4,3,0.0143,0.0002,altered_knn,altered_knn,2000,8000,0.7892,0.0118,0.7978,0.0124,0.8248,0.0041,0.0373,0.0062,0.1952,0.0206,0.0621,0.0081,0.4300,0.0099
rk45,32,4,3,0.0143,0.0002,quadratic,quadratic,2000,12000,0.8286,0.0023,0.8298,0.0027,0.8479,0.0035,0.1855,0.0292,0.7461,0.0300,0.2953,0.0346,0.5626,0.0181
rk45,32,4,3,0.0143,0.0002,polar3,polar,2000,12000,0.9001,0.0034,0.9002,0.0036,0.9083,0.0029,0.3574,0.0325,0.8884,0.0116,0.5086,0.0315,0.7044,0.0171
rk45,32,4,3,0.0143,0.0002,knn,knn,5000,30000,0.6261,0.0034,0.6350,0.0034,0.6260,0.0017,0.0844,0.0075,0.0164,0.0023,0.0275,0.0036,0.3312,0.0035
rk45,32,4,3,0.0143,0.0002,altered_knn,altered_knn,5000,20000,0.7718,0.0462,0.7792,0.0490,0.8237,0.0129,0.0372,0.0070,0.2666,0.1345,0.0622,0.0076,0.4207,0.0283
rk45,32,4,3,0.0143,0.0002,quadratic,quadratic,5000,30000,0.8490,0.0027,0.8501,0.0031,0.8675,0.0011,0.2045,0.0341,0.7753,0.0202,0.3216,0.0405,0.5859,0.0218
rk45,32,4,3,0.0143,0.0002,polar3,polar,5000,30000,0.9126,0.0034,0.9127,0.0036,0.9218,0.0023,0.3554,0.0343,0.9109,0.0108,0.5101,0.0338,0.7114,0.0186
rk45,32,4,3,0.0143,0.0002,knn,knn,10000,60000,0.6336,0.0096,0.6425,0.0097,0.6334,0.0070,0.1054,0.0123,0.0167,0.0020,0.0288,0.0032,0.3357,0.0052
rk45,32,4,3,0.0143,0.0002,altered_knn,altered_knn,10000,40000,0.7710,0.0433,0.7782,0.0458,0.8238,0.0114,0.0377,0.0070,0.2796,0.1294,0.0639,0.0079,0.4210,0.0269
rk45,32,4,3,0.0143,0.0002,quadratic,quadratic,10000,60000,0.8563,0.0015,0.8573,0.0018,0.8740,0.0026,0.2150,0.0329,0.7874,0.0223,0.3359,0.0382,0.5966,0.0198
rk45,32,4,3,0.0143,0.0002,polar3,polar,10000,60000,0.9101,0.0013,0.9100,0.0011,0.9195,0.0025,0.3557,0.0342,0.9138,0.0110,0.5109,0.0339,0.7104,0.0164
rk45,32,4,3,0.0143,0.0002,knn,knn,15000,90000,0.6383,0.0098,0.6473,0.0098,0.6381,0.0072,0.1043,0.0063,0.0155,0.0022,0.0270,0.0035,0.3371,0.0050
rk45,32,4,3,0.0143,0.0002,altered_knn,altered_knn,15000,60000,0.7450,0.0818,0.7512,0.0862,0.8088,0.0312,0.0373,0.0081,0.3275,0.2202,0.0622,0.0086,0.4067,0.0474
rk45,32,4,3,0.0143,0.0002,quadratic,quadratic,15000,90000,0.8587,0.0011,0.8597,0.0014,0.8762,0.0027,0.2177,0.0318,0.7899,0.0226,0.3396,0.0366,0.5997,0.0189
rk45,32,4,3,0.0143,0.0002,polar3,polar,15000,90000,0.9101,0.0009,0.9100,0.0008,0.9194,0.0019,0.3560,0.0347,0.9139,0.0114,0.5112,0.0342,0.7106,0.0169
rk45,32,4,3,0.0143,0.0002,knn,knn,20000,120000,0.6420,0.0088,0.6511,0.0088,0.6417,0.0064,0.1101,0.0036,0.0151,0.0012,0.0266,0.0019,0.3389,0.0049
rk45,32,4,3,0.0143,0.0002,altered_knn,altered_knn,20000,80000,0.7542,0.0147,0.7602,0.0157,0.8218,0.0038,0.0323,0.0013,0.3466,0.0548,0.0589,0.0019,0.4096,0.0082
rk45,32,4,3,0.0143,0.0002,quadratic,quadratic,20000,120000,0.8605,0.0009,0.8615,0.0013,0.8778,0.0026,0.2210,0.0335,0.7926,0.0202,0.3438,0.0390,0.6026,0.0200
rk45,32,4,3,0.0143,0.0002,polar3,polar,20000,120000,0.9110,0.0008,0.9110,0.0008,0.9205,0.0013,0.3570,0.0351,0.9145,0.0110,0.5123,0.0347,0.7116,0.0175
rk45,32,8,3,0.0143,0.0002,knn,knn,2000,24000,0.4782,0.0073,0.4845,0.0075,0.4791,0.0081,0.0625,0.0016,0.0421,0.0037,0.0502,0.0022,0.2674,0.0033
rk45,32,8,3,0.0143,0.0002,altered_knn,altered_knn,2000,16000,0.7375,0.0309,0.7445,0.0331,0.7759,0.0100,0.0420,0.0066,0.2567,0.1185,0.0693,0.0060,0.4069,0.0195
rk45,32,8,3,0.0143,0.0002,quadratic,quadratic,2000,24000,0.8168,0.0048,0.8188,0.0051,0.8246,0.0042,0.2844,0.0270,0.6734,0.0176,0.3987,0.0233,0.6088,0.0140
rk45,32,8,3,0.0143,0.0002,polar3,polar,2000,24000,0.8868,0.0033,0.8880,0.0031,0.8900,0.0037,0.4861,0.0321,0.8074,0.0172,0.6058,0.0208,0.7469,0.0089
rk45,32,8,3,0.0143,0.0002,knn,knn,5000,60000,0.4908,0.0037,0.4974,0.0039,0.4914,0.0045,0.0711,0.0024,0.0381,0.0013,0.0496,0.0015,0.2735,0.0017
rk45,32,8,3,0.0143,0.0002,altered_knn,altered_knn,5000,40000,0.7676,0.0056,0.7764,0.0062,0.7859,0.0035,0.0538,0.0035,0.1585,0.0361,0.0789,0.0030,0.4277,0.0026
rk45,32,8,3,0.0143,0.0002,quadratic,quadratic,5000,60000,0.8430,0.0057,0.8450,0.0060,0.8499,0.0052,0.3236,0.0292,0.7021,0.0168,0.4418,0.0238,0.6434,0.0147
rk45,32,8,3,0.0143,0.0002,polar3,polar,5000,60000,0.8990,0.0079,0.9002,0.0078,0.9020,0.0083,0.5057,0.0296,0.8189,0.0140,0.6244,0.0190,0.7623,0.0069
rk45,32,8,3,0.0143,0.0002,knn,knn,10000,120000,0.4999,0.0054,0.5065,0.0055,0.5004,0.0059,0.0817,0.0043,0.0384,0.0018,0.0522,0.0021,0.2793,0.0022
rk45,32,8,3,0.0143,0.0002,altered_knn,altered_knn,10000,80000,0.7592,0.0072,0.7670,0.0080,0.7863,0.0016,0.0482,0.0044,0.2163,0.0430,0.0779,0.0035,0.4225,0.0057
rk45,32,8,3,0.0143,0.0002,quadratic,quadratic,10000,120000,0.8510,0.0060,0.8530,0.0063,0.8576,0.0056,0.3346,0.0287,0.7123,0.0153,0.4542,0.0233,0.6536,0.0145
rk45,32,8,3,0.0143,0.0002,polar3,polar,10000,120000,0.9008,0.0086,0.9020,0.0085,0.9039,0.0091,0.5087,0.0294,0.8196,0.0150,0.6270,0.0182,0.7645,0.0066
rk45,32,8,3,0.0143,0.0002,knn,knn,15000,180000,0.5042,0.0063,0.5110,0.0064,0.5047,0.0069,0.0820,0.0023,0.0360,0.0008,0.0500,0.0009,0.2805,0.0035
rk45,32,8,3,0.0143,0.0002,altered_knn,altered_knn,15000,120000,0.7620,0.0106,0.7702,0.0118,0.7857,0.0013,0.0520,0.0075,0.1922,0.0732,0.0784,0.0034,0.4243,0.0075
rk45,32,8,3,0.0143,0.0002,quadratic,quadratic,15000,180000,0.8537,0.0066,0.8557,0.0069,0.8602,0.0062,0.3403,0.0303,0.7138,0.0168,0.4597,0.0239,0.6577,0.0152
rk45,32,8,3,0.0143,0.0002,polar3,polar,15000,180000,0.8998,0.0088,0.9010,0.0087,0.9029,0.0095,0.5092,0.0291,0.8199,0.0140,0.6274,0.0182,0.7642,0.0064
rk45,32,8,3,0.0143,0.0002,knn,knn,20000,240000,0.5083,0.0062,0.5151,0.0064,0.5089,0.0067,0.0832,0.0040,0.0352,0.0011,0.0494,0.0009,0.2823,0.0027
rk45,32,8,3,0.0143,0.0002,altered_knn,altered_knn,20000,160000,0.7663,0.0022,0.7752,0.0023,0.7844,0.0016,0.0513,0.0021,0.1507,0.0130,0.0764,0.0024,0.4258,0.0009
rk45,32,8,3,0.0143,0.0002,quadratic,quadratic,20000,240000,0.8588,0.0057,0.8610,0.0061,0.8645,0.0054,0.3653,0.0323,0.7084,0.0161,0.4807,0.0242,0.6708,0.0149
rk45,32,8,3,0.0143,0.0002,polar3,polar,20000,240000,0.8997,0.0082,0.9008,0.0081,0.9028,0.0087,0.5083,0.0295,0.8212,0.0142,0.6271,0.0186,0.7640,0.0067
rk45,32,16,3,0.0158,0.0008,knn,knn,2000,48000,0.3605,0.0026,0.3653,0.0027,0.3625,0.0027,0.0527,0.0020,0.0621,0.0035,0.0569,0.0021,0.2111,0.0003
rk45,32,16,3,0.0158,0.0008,altered_knn,altered_knn,2000,32000,0.7095,0.0146,0.7160,0.0161,0.7455,0.0018,0.0529,0.0045,0.3004,0.0992,0.0873,0.0005,0.4016,0.0078
rk45,32,16,3,0.0158,0.0008,quadratic,quadratic,2000,48000,0.8033,0.0042,0.8064,0.0041,0.8093,0.0043,0.3403,0.0180,0.6122,0.0059,0.4370,0.0138,0.6217,0.0059
rk45,32,16,3,0.0158,0.0008,polar3,polar,2000,48000,0.8873,0.0057,0.8906,0.0056,0.8881,0.0055,0.6735,0.0339,0.6825,0.0042,0.6775,0.0155,0.7840,0.0062
rk45,32,16,3,0.0158,0.0008,knn,knn,5000,120000,0.3730,0.0013,0.3781,0.0014,0.3752,0.0013,0.0580,0.0027,0.0601,0.0021,0.0590,0.0021,0.2185,0.0006
rk45,32,16,3,0.0158,0.0008,altered_knn,altered_knn,5000,80000,0.7400,0.0052,0.7494,0.0058,0.7543,0.0012,0.0784,0.0073,0.1516,0.0599,0.0964,0.0145,0.4229,0.0044
rk45,32,16,3,0.0158,0.0008,quadratic,quadratic,5000,120000,0.8352,0.0039,0.8384,0.0038,0.8406,0.0040,0.3869,0.0216,0.6395,0.0077,0.4817,0.0154,0.6600,0.0064
rk45,32,16,3,0.0158,0.0008,polar3,polar,5000,120000,0.8991,0.0046,0.9026,0.0046,0.8999,0.0044,0.6964,0.0360,0.6834,0.0061,0.6892,0.0148,0.7959,0.0073
rk45,32,16,3,0.0158,0.0008,knn,knn,10000,240000,0.3828,0.0013,0.3880,0.0011,0.3850,0.0015,0.0651,0.0043,0.0574,0.0016,0.0610,0.0024,0.2245,0.0012
rk45,32,16,3,0.0158,0.0008,altered_knn,altered_knn,10000,160000,0.7328,0.0086,0.7409,0.0104,0.7553,0.0012,0.0703,0.0140,0.2318,0.0823,0.1005,0.0056,0.4207,0.0063
rk45,32,16,3,0.0158,0.0008,quadratic,quadratic,10000,240000,0.8510,0.0045,0.8545,0.0044,0.8550,0.0047,0.4483,0.0245,0.6337,0.0053,0.5246,0.0155,0.6896,0.0061
rk45,32,16,3,0.0158,0.0008,polar3,polar,10000,240000,0.9012,0.0040,0.9046,0.0038,0.9019,0.0035,0.6980,0.0341,0.6871,0.0064,0.6919,0.0138,0.7983,0.0053
rk45,32,16,3,0.0158,0.0008,knn,knn,15000,360000,0.3876,0.0012,0.3929,0.0011,0.3899,0.0014,0.0652,0.0047,0.0550,0.0015,0.0596,0.0029,0.2263,0.0014
rk45,32,16,3,0.0158,0.0008,altered_knn,altered_knn,15000,240000,0.7265,0.0077,0.7338,0.0082,0.7550,0.0020,0.0594,0.0012,0.2717,0.0498,0.0968,0.0023,0.4153,0.0031
rk45,32,16,3,0.0158,0.0008,quadratic,quadratic,15000,360000,0.8672,0.0035,0.8713,0.0033,0.8696,0.0036,0.5454,0.0281,0.6115,0.0062,0.5760,0.0135,0.7237,0.0054
rk45,32,16,3,0.0158,0.0008,polar3,polar,15000,360000,0.9070,0.0028,0.9103,0.0026,0.9080,0.0025,0.6880,0.0330,0.6965,0.0061,0.6917,0.0139,0.8010,0.0059
rk45,32,16,3,0.0158,0.0008,knn,knn,20000,480000,0.3919,0.0008,0.3973,0.0009,0.3942,0.0009,0.0684,0.0042,0.0550,0.0012,0.0609,0.0022,0.2291,0.0015
rk45,32,16,3,0.0158,0.0008,altered_knn,altered_knn,20000,320000,0.7324,0.0079,0.7411,0.0098,0.7534,0.0007,0.0628,0.0084,0.1927,0.0889,0.0863,0.0099,0.4137,0.0030
rk45,32,16,3,0.0158,0.0008,quadratic,quadratic,20000,480000,0.8765,0.0027,0.8809,0.0025,0.8784,0.0028,0.5902,0.0305,0.6063,0.0080,0.5976,0.0123,0.7392,0.0053
rk45,32,16,3,0.0158,0.0008,polar3,polar,20000,480000,0.9113,0.0024,0.9147,0.0022,0.9126,0.0023,0.6672,0.0334,0.7050,0.0058,0.6850,0.0154,0.7998,0.0069
rk45,64,2,3,0.0167,0.0005,knn,knn,2000,6000,0.7897,0.0201,0.8031,0.0200,0.7962,0.0196,0.0522,0.0246,0.0036,0.0018,0.0068,0.0033,0.4049,0.0107
rk45,64,2,3,0.0167,0.0005,altered_knn,altered_knn,2000,4000,0.6270,0.0368,0.6284,0.0377,0.7716,0.0272,0.0244,0.0007,0.5419,0.0245,0.0466,0.0012,0.3375,0.0195
rk45,64,2,3,0.0167,0.0005,quadratic,quadratic,2000,6000,0.3763,0.0206,0.3734,0.0217,0.4812,0.0169,0.0198,0.0005,0.5458,0.0371,0.0383,0.0010,0.2059,0.0104
rk45,64,2,3,0.0167,0.0005,polar3,polar,2000,6000,0.8450,0.0027,0.8429,0.0026,0.8843,0.0035,0.1486,0.0018,0.9671,0.0121,0.2576,0.0022,0.5502,0.0008
rk45,64,2,3,0.0167,0.0005,knn,knn,5000,15000,0.7993,0.0182,0.8128,0.0181,0.8056,0.0176,0.0676,0.0241,0.0032,0.0009,0.0061,0.0018,0.4094,0.0081
rk45,64,2,3,0.0167,0.0005,altered_knn,altered_knn,5000,10000,0.6489,0.0250,0.6510,0.0255,0.7888,0.0180,0.0250,0.0007,0.5227,0.0098,0.0477,0.0012,0.3494,0.0133
rk45,64,2,3,0.0167,0.0005,quadratic,quadratic,5000,15000,0.4755,0.0272,0.4679,0.0280,0.6252,0.0235,0.0303,0.0009,0.9218,0.0053,0.0587,0.0016,0.2633,0.0148
rk45,64,2,3,0.0167,0.0005,polar3,polar,5000,15000,0.8557,0.0020,0.8537,0.0019,0.8969,0.0020,0.1467,0.0032,0.9765,0.0115,0.2550,0.0050,0.5544,0.0031
rk45,64,2,3,0.0167,0.0005,knn,knn,10000,30000,0.8030,0.0201,0.8165,0.0200,0.8092,0.0193,0.0657,0.0188,0.0026,0.0006,0.0050,0.0012,0.4108,0.0104
rk45,64,2,3,0.0167,0.0005,altered_knn,altered_knn,10000,20000,0.6778,0.0233,0.6807,0.0238,0.8096,0.0159,0.0263,0.0007,0.5030,0.0107,0.0500,0.0012,0.3654,0.0125
rk45,64,2,3,0.0167,0.0005,quadratic,quadratic,10000,30000,0.4995,0.0321,0.4919,0.0328,0.6521,0.0279,0.0320,0.0015,0.9479,0.0048,0.0619,0.0028,0.2769,0.0177
rk45,64,2,3,0.0167,0.0005,polar3,polar,10000,30000,0.8631,0.0080,0.8611,0.0079,0.9076,0.0062,0.1395,0.0044,0.9769,0.0136,0.2441,0.0069,0.5526,0.0071
rk45,64,2,3,0.0167,0.0005,knn,knn,15000,45000,0.8072,0.0199,0.8208,0.0198,0.8135,0.0192,0.0977,0.0294,0.0044,0.0012,0.0084,0.0023,0.4146,0.0099
rk45,64,2,3,0.0167,0.0005,altered_knn,altered_knn,15000,30000,0.6548,0.0178,0.6568,0.0188,0.7935,0.0133,0.0262,0.0006,0.5413,0.0371,0.0499,0.0010,0.3533,0.0099
rk45,64,2,3,0.0167,0.0005,quadratic,quadratic,15000,45000,0.5111,0.0327,0.5036,0.0335,0.6639,0.0283,0.0329,0.0014,0.9565,0.0018,0.0636,0.0027,0.2836,0.0180
rk45,64,2,3,0.0167,0.0005,polar3,polar,15000,45000,0.8600,0.0046,0.8580,0.0046,0.9052,0.0016,0.1375,0.0052,0.9771,0.0133,0.2410,0.0082,0.5495,0.0064
rk45,64,2,3,0.0167,0.0005,knn,knn,20000,60000,0.8089,0.0177,0.8225,0.0175,0.8152,0.0171,0.0649,0.0142,0.0024,0.0005,0.0046,0.0010,0.4136,0.0089
rk45,64,2,3,0.0167,0.0005,altered_knn,altered_knn,20000,40000,0.6844,0.0220,0.6876,0.0225,0.8143,0.0149,0.0267,0.0007,0.4993,0.0121,0.0507,0.0011,0.3691,0.0117
rk45,64,2,3,0.0167,0.0005,quadratic,quadratic,20000,60000,0.5108,0.0290,0.5033,0.0297,0.6636,0.0248,0.0329,0.0013,0.9576,0.0012,0.0636,0.0024,0.2834,0.0160
rk45,64,2,3,0.0167,0.0005,polar3,polar,20000,60000,0.8610,0.0006,0.8590,0.0008,0.9068,0.0038,0.1362,0.0052,0.9771,0.0133,0.2391,0.0082,0.5491,0.0039
rk45,64,4,3,0.0160,0.0006,knn,knn,2000,12000,0.6321,0.0036,0.6422,0.0038,0.6349,0.0022,0.0482,0.0060,0.0114,0.0023,0.0184,0.0035,0.3303,0.0037
rk45,64,4,3,0.0160,0.0006,altered_knn,altered_knn,2000,8000,0.6578,0.0146,0.6608,0.0150,0.7821,0.0100,0.0250,0.0008,0.4710,0.0248,0.0475,0.0016,0.3541,0.0068
rk45,64,4,3,0.0160,0.0006,quadratic,quadratic,2000,12000,0.4119,0.0089,0.4103,0.0095,0.4840,0.0065,0.0250,0.0009,0.5047,0.0264,0.0477,0.0017,0.2290,0.0042
rk45,64,4,3,0.0160,0.0006,polar3,polar,2000,12000,0.8335,0.0082,0.8320,0.0079,0.8560,0.0066,0.2083,0.0069,0.9236,0.0315,0.3399,0.0113,0.5860,0.0093
rk45,64,4,3,0.0160,0.0006,knn,knn,5000,30000,0.6420,0.0045,0.6524,0.0047,0.6451,0.0031,0.0459,0.0069,0.0084,0.0011,0.0142,0.0019,0.3333,0.0021
rk45,64,4,3,0.0160,0.0006,altered_knn,altered_knn,5000,20000,0.6791,0.0780,0.6828,0.0814,0.7906,0.0424,0.0268,0.0011,0.4423,0.1420,0.0501,0.0012,0.3665,0.0411
rk45,64,4,3,0.0160,0.0006,quadratic,quadratic,5000,30000,0.6161,0.0154,0.6122,0.0158,0.7142,0.0098,0.0473,0.0016,0.8543,0.0021,0.0896,0.0028,0.3509,0.0093
rk45,64,4,3,0.0160,0.0006,polar3,polar,5000,30000,0.8617,0.0093,0.8606,0.0090,0.8870,0.0077,0.1992,0.0087,0.9294,0.0310,0.3280,0.0136,0.5943,0.0112
rk45,64,4,3,0.0160,0.0006,knn,knn,10000,60000,0.6490,0.0059,0.6595,0.0061,0.6521,0.0045,0.0438,0.0042,0.0074,0.0005,0.0127,0.0009,0.3361,0.0026
rk45,64,4,3,0.0160,0.0006,altered_knn,altered_knn,10000,40000,0.6681,0.0525,0.6710,0.0549,0.7895,0.0311,0.0265,0.0009,0.4830,0.0961,0.0501,0.0018,0.3606,0.0271
rk45,64,4,3,0.0160,0.0006,quadratic,quadratic,10000,60000,0.6432,0.0187,0.6391,0.0190,0.7465,0.0121,0.0497,0.0024,0.9001,0.0098,0.0942,0.0044,0.3666,0.0117
rk45,64,4,3,0.0160,0.0006,polar3,polar,10000,60000,0.8684,0.0117,0.8674,0.0115,0.8954,0.0105,0.1926,0.0093,0.9310,0.0313,0.3192,0.0146,0.5933,0.0130
rk45,64,4,3,0.0160,0.0006,knn,knn,15000,90000,0.6532,0.0052,0.6637,0.0056,0.6563,0.0041,0.0507,0.0038,0.0086,0.0011,0.0146,0.0018,0.3392,0.0032
rk45,64,4,3,0.0160,0.0006,altered_knn,altered_knn,15000,60000,0.7284,0.0358,0.7341,0.0377,0.8193,0.0129,0.0296,0.0025,0.3751,0.0861,0.0545,0.0035,0.3943,0.0197
rk45,64,4,3,0.0160,0.0006,quadratic,quadratic,15000,90000,0.6526,0.0170,0.6484,0.0173,0.7561,0.0113,0.0508,0.0021,0.9072,0.0107,0.0962,0.0038,0.3723,0.0105
rk45,64,4,3,0.0160,0.0006,polar3,polar,15000,90000,0.8723,0.0086,0.8713,0.0082,0.8999,0.0072,0.1907,0.0101,0.9313,0.0309,0.3166,0.0157,0.5939,0.0118
rk45,64,4,3,0.0160,0.0006,knn,knn,20000,120000,0.6565,0.0029,0.6671,0.0031,0.6595,0.0017,0.0547,0.0038,0.0073,0.0007,0.0129,0.0011,0.3400,0.0020
rk45,64,4,3,0.0160,0.0006,altered_knn,altered_knn,20000,80000,0.6718,0.0700,0.6748,0.0736,0.7888,0.0331,0.0279,0.0021,0.4846,0.1529,0.0522,0.0027,0.3635,0.0377
rk45,64,4,3,0.0160,0.0006,quadratic,quadratic,20000,120000,0.6571,0.0155,0.6530,0.0157,0.7604,0.0100,0.0513,0.0020,0.9093,0.0131,0.0972,0.0037,0.3751,0.0096
rk45,64,4,3,0.0160,0.0006,polar3,polar,20000,120000,0.8705,0.0088,0.8695,0.0084,0.8980,0.0070,0.1918,0.0102,0.9318,0.0305,0.3181,0.0157,0.5938,0.0120
rk45,64,8,3,0.0163,0.0004,knn,knn,2000,24000,0.4873,0.0034,0.4950,0.0034,0.4898,0.0025,0.0381,0.0020,0.0235,0.0025,0.0290,0.0023,0.2620,0.0006
rk45,64,8,3,0.0163,0.0004,altered_knn,altered_knn,2000,16000,0.7408,0.0004,0.7490,0.0002,0.7942,0.0008,0.0319,0.0009,0.2459,0.0091,0.0565,0.0016,0.4027,0.0009
rk45,64,8,3,0.0163,0.0004,quadratic,quadratic,2000,24000,0.4663,0.0030,0.4657,0.0030,0.5145,0.0020,0.0393,0.0019,0.5012,0.0022,0.0728,0.0033,0.2693,0.0030
rk45,64,8,3,0.0163,0.0004,polar3,polar,2000,24000,0.8510,0.0052,0.8509,0.0049,0.8628,0.0054,0.2918,0.0094,0.8587,0.0196,0.4356,0.0129,0.6432,0.0089
rk45,64,8,3,0.0163,0.0004,knn,knn,5000,60000,0.5009,0.0031,0.5089,0.0030,0.5030,0.0023,0.0424,0.0013,0.0215,0.0017,0.0285,0.0017,0.2687,0.0012
rk45,64,8,3,0.0163,0.0004,altered_knn,altered_knn,5000,40000,0.7019,0.0382,0.7075,0.0400,0.7866,0.0138,0.0303,0.0037,0.3667,0.0792,0.0554,0.0050,0.3814,0.0224
rk45,64,8,3,0.0163,0.0004,quadratic,quadratic,5000,60000,0.6866,0.0030,0.6851,0.0030,0.7363,0.0023,0.0822,0.0012,0.7731,0.0072,0.1486,0.0019,0.4169,0.0017
rk45,64,8,3,0.0163,0.0004,polar3,polar,5000,60000,0.8723,0.0008,0.8724,0.0008,0.8854,0.0006,0.2838,0.0067,0.8654,0.0212,0.4274,0.0097,0.6499,0.0050
rk45,64,8,3,0.0163,0.0004,knn,knn,10000,120000,0.5133,0.0032,0.5215,0.0031,0.5153,0.0026,0.0429,0.0023,0.0192,0.0008,0.0265,0.0012,0.2740,0.0017
rk45,64,8,3,0.0163,0.0004,altered_knn,altered_knn,10000,80000,0.7156,0.0324,0.7216,0.0346,0.7948,0.0071,0.0315,0.0025,0.3545,0.1001,0.0570,0.0022,0.3893,0.0184
rk45,64,8,3,0.0163,0.0004,quadratic,quadratic,10000,120000,0.7284,0.0015,0.7268,0.0017,0.7811,0.0010,0.0883,0.0015,0.8238,0.0123,0.1595,0.0025,0.4432,0.0007
rk45,64,8,3,0.0163,0.0004,polar3,polar,10000,120000,0.8800,0.0027,0.8802,0.0030,0.8934,0.0024,0.2812,0.0073,0.8668,0.0223,0.4246,0.0106,0.6524,0.0050
rk45,64,8,3,0.0163,0.0004,knn,knn,15000,180000,0.5178,0.0038,0.5260,0.0037,0.5201,0.0031,0.0475,0.0016,0.0213,0.0006,0.0295,0.0008,0.2777,0.0015
rk45,64,8,3,0.0163,0.0004,altered_knn,altered_knn,15000,120000,0.7566,0.0188,0.7647,0.0196,0.8081,0.0065,0.0378,0.0050,0.2676,0.0297,0.0658,0.0070,0.4152,0.0133
rk45,64,8,3,0.0163,0.0004,quadratic,quadratic,15000,180000,0.7423,0.0016,0.7407,0.0015,0.7949,0.0015,0.0913,0.0022,0.8348,0.0105,0.1646,0.0036,0.4527,0.0019
rk45,64,8,3,0.0163,0.0004,polar3,polar,15000,180000,0.8799,0.0038,0.8801,0.0042,0.8935,0.0036,0.2808,0.0087,0.8670,0.0222,0.4242,0.0122,0.6521,0.0058
rk45,64,8,3,0.0163,0.0004,knn,knn,20000,240000,0.5206,0.0029,0.5289,0.0028,0.5227,0.0024,0.0452,0.0031,0.0177,0.0012,0.0254,0.0017,0.2772,0.0020
rk45,64,8,3,0.0163,0.0004,altered_knn,altered_knn,20000,160000,0.7460,0.0340,0.7532,0.0357,0.8057,0.0089,0.0382,0.0050,0.3068,0.0843,0.0670,0.0063,0.4101,0.0210
rk45,64,8,3,0.0163,0.0004,quadratic,quadratic,20000,240000,0.7573,0.0018,0.7559,0.0019,0.8063,0.0013,0.0988,0.0012,0.8383,0.0092,0.1767,0.0020,0.4663,0.0000
rk45,64,8,3,0.0163,0.0004,polar3,polar,20000,240000,0.8786,0.0060,0.8788,0.0062,0.8917,0.0059,0.2822,0.0091,0.8676,0.0217,0.4259,0.0126,0.6524,0.0075
rk45,64,16,3,0.0175,0.0004,knn,knn,2000,48000,0.3614,0.0010,0.3671,0.0010,0.3641,0.0014,0.0386,0.0011,0.0409,0.0025,0.0396,0.0007,0.2033,0.0008
rk45,64,16,3,0.0175,0.0004,altered_knn,altered_knn,2000,32000,0.7147,0.0298,0.7233,0.0320,0.7612,0.0056,0.0382,0.0040,0.2311,0.1048,0.0630,0.0041,0.3931,0.0168
rk45,64,16,3,0.0175,0.0004,quadratic,quadratic,2000,48000,0.5010,0.0015,0.5005,0.0016,0.5330,0.0015,0.0649,0.0015,0.5294,0.0056,0.1156,0.0023,0.3081,0.0010
rk45,64,16,3,0.0175,0.0004,polar3,polar,2000,48000,0.8564,0.0038,0.8572,0.0037,0.8625,0.0042,0.4243,0.0171,0.8128,0.0133,0.5572,0.0123,0.7072,0.0063
rk45,64,16,3,0.0175,0.0004,knn,knn,5000,120000,0.3757,0.0012,0.3817,0.0011,0.3784,0.0013,0.0398,0.0011,0.0370,0.0027,0.0383,0.0018,0.2100,0.0014
rk45,64,16,3,0.0175,0.0004,altered_knn,altered_knn,5000,80000,0.7050,0.0256,0.7116,0.0277,0.7697,0.0068,0.0376,0.0049,0.3337,0.0799,0.0665,0.0054,0.3891,0.0165
rk45,64,16,3,0.0175,0.0004,quadratic,quadratic,5000,120000,0.7025,0.0027,0.7021,0.0029,0.7312,0.0016,0.1294,0.0049,0.7257,0.0059,0.2196,0.0068,0.4609,0.0048
rk45,64,16,3,0.0175,0.0004,polar3,polar,5000,120000,0.8816,0.0038,0.8828,0.0038,0.8881,0.0036,0.4332,0.0148,0.8169,0.0122,0.5659,0.0103,0.7243,0.0061
rk45,64,16,3,0.0175,0.0004,knn,knn,10000,240000,0.3868,0.0017,0.3931,0.0016,0.3897,0.0019,0.0424,0.0026,0.0344,0.0012,0.0380,0.0018,0.2155,0.0003
rk45,64,16,3,0.0175,0.0004,altered_knn,altered_knn,10000,160000,0.7343,0.0229,0.7426,0.0248,0.7818,0.0048,0.0442,0.0057,0.2733,0.0795,0.0746,0.0060,0.4086,0.0154
rk45,64,16,3,0.0175,0.0004,quadratic,quadratic,10000,240000,0.7635,0.0027,0.7634,0.0028,0.7895,0.0019,0.1601,0.0059,0.7693,0.0058,0.2649,0.0078,0.5142,0.0053
rk45,64,16,3,0.0175,0.0004,polar3,polar,10000,240000,0.8808,0.0024,0.8819,0.0025,0.8872,0.0019,0.4312,0.0148,0.8188,0.0121,0.5646,0.0104,0.7233,0.0062
rk45,64,16,3,0.0175,0.0004,knn,knn,15000,360000,0.3921,0.0008,0.3985,0.0008,0.3951,0.0010,0.0427,0.0012,0.0331,0.0006,0.0373,0.0005,0.2179,0.0002
rk45,64,16,3,0.0175,0.0004,altered_knn,altered_knn,15000,240000,0.7596,0.0032,0.7696,0.0035,0.7889,0.0019,0.0530,0.0042,0.1984,0.0031,0.0835,0.0051,0.4266,0.0041
rk45,64,16,3,0.0175,0.0004,quadratic,quadratic,15000,360000,0.8010,0.0028,0.8015,0.0029,0.8213,0.0021,0.2023,0.0078,0.7724,0.0054,0.3205,0.0094,0.5610,0.0062
rk45,64,16,3,0.0175,0.0004,polar3,polar,15000,360000,0.8675,0.0076,0.8683,0.0079,0.8744,0.0074,0.4232,0.0131,0.8219,0.0117,0.5585,0.0093,0.7134,0.0086
rk45,64,16,3,0.0175,0.0004,knn,knn,20000,480000,0.3959,0.0011,0.4024,0.0009,0.3987,0.0012,0.0456,0.0031,0.0329,0.0014,0.0383,0.0020,0.2203,0.0006
rk45,64,16,3,0.0175,0.0004,altered_knn,altered_knn,20000,320000,0.7438,0.0228,0.7521,0.0248,0.7877,0.0035,0.0492,0.0066,0.2740,0.0995,0.0812,0.0061,0.4167,0.0143
rk45,64,16,3,0.0175,0.0004,quadratic,quadratic,20000,480000,0.8182,0.0029,0.8190,0.0030,0.8355,0.0023,0.2305,0.0090,0.7759,0.0075,0.3553,0.0101,0.5871,0.0065
rk45,64,16,3,0.0175,0.0004,polar3,polar,20000,480000,0.8648,0.0027,0.8655,0.0025,0.8718,0.0026,0.4197,0.0130,0.8238,0.0122,0.5559,0.0094,0.7107,0.0043
rk45,128,2,3,0.0171,0.0003,knn,knn,2000,6000,0.8098,0.0086,0.8238,0.0087,0.8168,0.0082,0.0478,0.0232,0.0035,0.0019,0.0065,0.0035,0.4152,0.0053
rk45,128,2,3,0.0171,0.0003,altered_knn,altered_knn,2000,4000,0.5369,0.0092,0.5365,0.0093,0.6989,0.0075,0.0207,0.0002,0.5636,0.0048,0.0399,0.0004,0.2882,0.0048
rk45,128,2,3,0.0171,0.0003,quadratic,quadratic,2000,6000,0.2958,0.0081,0.2925,0.0085,0.3795,0.0083,0.0178,0.0005,0.4887,0.0171,0.0343,0.0009,0.1634,0.0039
rk45,128,2,3,0.0171,0.0003,polar3,polar,2000,6000,0.7227,0.0039,0.7180,0.0040,0.8128,0.0026,0.0696,0.0008,0.9945,0.0015,0.1301,0.0015,0.4240,0.0023
rk45,128,2,3,0.0171,0.0003,knn,knn,5000,15000,0.8195,0.0070,0.8337,0.0071,0.8265,0.0066,0.0377,0.0071,0.0024,0.0005,0.0044,0.0010,0.4191,0.0035
rk45,128,2,3,0.0171,0.0003,altered_knn,altered_knn,5000,10000,0.5746,0.0089,0.5755,0.0091,0.7306,0.0070,0.0210,0.0002,0.5252,0.0077,0.0404,0.0004,0.3080,0.0044
rk45,128,2,3,0.0171,0.0003,quadratic,quadratic,5000,15000,0.3010,0.0037,0.2970,0.0040,0.3919,0.0040,0.0183,0.0004,0.5308,0.0091,0.0354,0.0008,0.1662,0.0017
rk45,128,2,3,0.0171,0.0003,polar3,polar,5000,15000,0.7136,0.0050,0.7087,0.0052,0.8111,0.0071,0.0645,0.0016,0.9939,0.0019,0.1212,0.0028,0.4149,0.0013
rk45,128,2,3,0.0171,0.0003,knn,knn,10000,30000,0.8288,0.0078,0.8431,0.0080,0.8356,0.0071,0.0571,0.0364,0.0025,0.0010,0.0048,0.0019,0.4240,0.0043
rk45,128,2,3,0.0171,0.0003,altered_knn,altered_knn,10000,20000,0.5971,0.0103,0.5989,0.0106,0.7489,0.0079,0.0211,0.0002,0.4966,0.0091,0.0404,0.0004,0.3196,0.0052
rk45,128,2,3,0.0171,0.0003,quadratic,quadratic,10000,30000,0.2218,0.0097,0.2112,0.0103,0.3310,0.0120,0.0195,0.0003,0.8310,0.0123,0.0381,0.0005,0.1246,0.0049
rk45,128,2,3,0.0171,0.0003,polar3,polar,10000,30000,0.7084,0.0011,0.7034,0.0010,0.8104,0.0027,0.0619,0.0016,0.9943,0.0016,0.1165,0.0028,0.4099,0.0015
rk45,128,2,3,0.0171,0.0003,knn,knn,15000,45000,0.8300,0.0061,0.8444,0.0063,0.8369,0.0057,0.0457,0.0125,0.0022,0.0003,0.0041,0.0005,0.4242,0.0029
rk45,128,2,3,0.0171,0.0003,altered_knn,altered_knn,15000,30000,0.6089,0.0094,0.6111,0.0096,0.7582,0.0071,0.0212,0.0001,0.4852,0.0031,0.0406,0.0001,0.3259,0.0048
rk45,128,2,3,0.0171,0.0003,quadratic,quadratic,15000,45000,0.1146,0.0043,0.0995,0.0046,0.1813,0.0074,0.0188,0.0002,0.9865,0.0033,0.0369,0.0004,0.0682,0.0021
rk45,128,2,3,0.0171,0.0003,polar3,polar,15000,45000,0.7032,0.0073,0.6981,0.0075,0.8069,0.0077,0.0606,0.0011,0.9945,0.0019,0.1142,0.0019,0.4062,0.0036
rk45,128,2,3,0.0171,0.0003,knn,knn,20000,60000,0.8311,0.0068,0.8455,0.0069,0.8380,0.0064,0.0346,0.0265,0.0012,0.0009,0.0022,0.0018,0.4239,0.0039
rk45,128,2,3,0.0171,0.0003,altered_knn,altered_knn,20000,40000,0.6174,0.0087,0.6197,0.0089,0.7649,0.0066,0.0216,0.0003,0.4842,0.0070,0.0414,0.0006,0.3306,0.0045
rk45,128,2,3,0.0171,0.0003,quadratic,quadratic,20000,60000,0.1014,0.0030,0.0859,0.0034,0.1594,0.0055,0.0186,0.0002,0.9941,0.0013,0.0365,0.0005,0.0612,0.0015
rk45,128,2,3,0.0171,0.0003,polar3,polar,20000,60000,0.7023,0.0049,0.6973,0.0051,0.8058,0.0059,0.0606,0.0010,0.9939,0.0019,0.1143,0.0017,0.4058,0.0019
rk45,128,4,3,0.0158,0.0005,knn,knn,2000,12000,0.6658,0.0107,0.6764,0.0108,0.6699,0.0094,0.0295,0.0014,0.0076,0.0006,0.0120,0.0008,0.3442,0.0058
rk45,128,4,3,0.0158,0.0005,altered_knn,altered_knn,2000,8000,0.5087,0.0043,0.5072,0.0044,0.6783,0.0031,0.0195,0.0007,0.6015,0.0043,0.0378,0.0014,0.2725,0.0026
rk45,128,4,3,0.0158,0.0005,quadratic,quadratic,2000,12000,0.2040,0.0020,0.1998,0.0023,0.2573,0.0018,0.0160,0.0006,0.4665,0.0076,0.0309,0.0012,0.1153,0.0006
rk45,128,4,3,0.0158,0.0005,polar3,polar,2000,12000,0.6895,0.0260,0.6847,0.0263,0.7580,0.0272,0.0776,0.0033,0.9886,0.0015,0.1440,0.0056,0.4144,0.0156
rk45,128,4,3,0.0158,0.0005,knn,knn,5000,30000,0.6785,0.0119,0.6893,0.0119,0.6826,0.0104,0.0374,0.0040,0.0082,0.0019,0.0134,0.0029,0.3513,0.0069
rk45,128,4,3,0.0158,0.0005,altered_knn,altered_knn,5000,20000,0.5137,0.0032,0.5121,0.0034,0.6836,0.0029,0.0201,0.0008,0.6150,0.0088,0.0389,0.0015,0.2755,0.0014
rk45,128,4,3,0.0158,0.0005,quadratic,quadratic,5000,30000,0.2390,0.0010,0.2354,0.0011,0.2978,0.0012,0.0170,0.0006,0.4658,0.0040,0.0327,0.0011,0.1341,0.0004
rk45,128,4,3,0.0158,0.0005,polar3,polar,5000,30000,0.6878,0.0363,0.6829,0.0368,0.7561,0.0402,0.0773,0.0020,0.9890,0.0023,0.1434,0.0035,0.4132,0.0195
rk45,128,4,3,0.0158,0.0005,knn,knn,10000,60000,0.6848,0.0120,0.6957,0.0119,0.6892,0.0106,0.0331,0.0069,0.0055,0.0014,0.0095,0.0023,0.3526,0.0058
rk45,128,4,3,0.0158,0.0005,altered_knn,altered_knn,10000,40000,0.5373,0.0041,0.5362,0.0044,0.7038,0.0034,0.0208,0.0009,0.6040,0.0103,0.0402,0.0016,0.2882,0.0019
rk45,128,4,3,0.0158,0.0005,quadratic,quadratic,10000,60000,0.2493,0.0075,0.2404,0.0080,0.3541,0.0077,0.0198,0.0006,0.7992,0.0152,0.0386,0.0012,0.1395,0.0037
rk45,128,4,3,0.0158,0.0005,polar3,polar,10000,60000,0.6898,0.0435,0.6850,0.0441,0.7585,0.0477,0.0769,0.0025,0.9887,0.0021,0.1428,0.0043,0.4139,0.0237
rk45,128,4,3,0.0158,0.0005,knn,knn,15000,90000,0.6881,0.0112,0.6991,0.0112,0.6924,0.0099,0.0332,0.0025,0.0054,0.0007,0.0093,0.0011,0.3542,0.0060
rk45,128,4,3,0.0158,0.0005,altered_knn,altered_knn,15000,60000,0.5502,0.0035,0.5497,0.0036,0.7145,0.0029,0.0208,0.0008,0.5856,0.0063,0.0402,0.0014,0.2949,0.0016
rk45,128,4,3,0.0158,0.0005,quadratic,quadratic,15000,90000,0.1902,0.0054,0.1777,0.0057,0.2993,0.0079,0.0193,0.0006,0.9672,0.0032,0.0377,0.0011,0.1077,0.0027
rk45,128,4,3,0.0158,0.0005,polar3,polar,15000,90000,0.6823,0.0454,0.6774,0.0460,0.7503,0.0503,0.0764,0.0026,0.9888,0.0021,0.1419,0.0045,0.4097,0.0242
rk45,128,4,3,0.0158,0.0005,knn,knn,20000,120000,0.6915,0.0119,0.7025,0.0119,0.6958,0.0106,0.0415,0.0135,0.0067,0.0021,0.0115,0.0036,0.3570,0.0067
rk45,128,4,3,0.0158,0.0005,altered_knn,altered_knn,20000,80000,0.5580,0.0032,0.5576,0.0033,0.7209,0.0029,0.0210,0.0007,0.5821,0.0030,0.0406,0.0013,0.2991,0.0014
rk45,128,4,3,0.0158,0.0005,quadratic,quadratic,20000,120000,0.1780,0.0042,0.1650,0.0045,0.2850,0.0065,0.0190,0.0006,0.9834,0.0034,0.0372,0.0012,0.1011,0.0021
rk45,128,4,3,0.0158,0.0005,polar3,polar,20000,120000,0.6802,0.0497,0.6752,0.0504,0.7457,0.0545,0.0778,0.0023,0.9886,0.0022,0.1442,0.0040,0.4097,0.0265
rk45,128,8,3,0.0149,0.0005,knn,knn,2000,24000,0.5261,0.0013,0.5338,0.0012,0.5301,0.0008,0.0237,0.0027,0.0181,0.0016,0.0205,0.0020,0.2772,0.0011
rk45,128,8,3,0.0149,0.0005,altered_knn,altered_knn,2000,16000,0.5631,0.0186,0.5635,0.0191,0.7167,0.0135,0.0195,0.0011,0.5391,0.0172,0.0376,0.0019,0.3005,0.0105
rk45,128,8,3,0.0149,0.0005,quadratic,quadratic,2000,24000,0.1529,0.0016,0.1475,0.0017,0.1968,0.0012,0.0150,0.0003,0.5128,0.0129,0.0291,0.0006,0.0883,0.0010
rk45,128,8,3,0.0149,0.0005,polar3,polar,2000,24000,0.6737,0.0287,0.6691,0.0291,0.7171,0.0315,0.0975,0.0020,0.9813,0.0038,0.1774,0.0033,0.4232,0.0155
rk45,128,8,3,0.0149,0.0005,knn,knn,5000,60000,0.5419,0.0033,0.5498,0.0031,0.5458,0.0020,0.0289,0.0021,0.0199,0.0015,0.0235,0.0018,0.2867,0.0008
rk45,128,8,3,0.0149,0.0005,altered_knn,altered_knn,5000,40000,0.5088,0.0012,0.5072,0.0011,0.6778,0.0020,0.0190,0.0007,0.6153,0.0053,0.0369,0.0013,0.2720,0.0008
rk45,128,8,3,0.0149,0.0005,quadratic,quadratic,5000,60000,0.2119,0.0025,0.2083,0.0026,0.2599,0.0019,0.0164,0.0006,0.4513,0.0086,0.0317,0.0012,0.1200,0.0017
rk45,128,8,3,0.0149,0.0005,polar3,polar,5000,60000,0.6907,0.0179,0.6863,0.0183,0.7341,0.0202,0.1009,0.0033,0.9821,0.0035,0.1829,0.0055,0.4346,0.0074
rk45,128,8,3,0.0149,0.0005,knn,knn,10000,120000,0.5557,0.0048,0.5638,0.0046,0.5590,0.0034,0.0296,0.0022,0.0159,0.0002,0.0207,0.0006,0.2922,0.0023
rk45,128,8,3,0.0149,0.0005,altered_knn,altered_knn,10000,80000,0.5336,0.0014,0.5327,0.0014,0.6985,0.0023,0.0194,0.0007,0.5929,0.0056,0.0376,0.0014,0.2851,0.0009
rk45,128,8,3,0.0149,0.0005,quadratic,quadratic,10000,120000,0.2931,0.0028,0.2860,0.0026,0.3877,0.0028,0.0217,0.0009,0.7641,0.0023,0.0422,0.0017,0.1641,0.0020
rk45,128,8,3,0.0149,0.0005,polar3,polar,10000,120000,0.7172,0.0136,0.7132,0.0139,0.7603,0.0153,0.1027,0.0035,0.9819,0.0043,0.1859,0.0057,0.4495,0.0065
rk45,128,8,3,0.0149,0.0005,knn,knn,15000,180000,0.5611,0.0026,0.5694,0.0024,0.5646,0.0016,0.0283,0.0025,0.0142,0.0004,0.0189,0.0009,0.2941,0.0009
rk45,128,8,3,0.0149,0.0005,altered_knn,altered_knn,15000,120000,0.5469,0.0015,0.5465,0.0014,0.7093,0.0024,0.0195,0.0007,0.5765,0.0071,0.0377,0.0013,0.2921,0.0011
rk45,128,8,3,0.0149,0.0005,quadratic,quadratic,15000,180000,0.2909,0.0034,0.2812,0.0031,0.4193,0.0033,0.0215,0.0008,0.9328,0.0004,0.0421,0.0016,0.1616,0.0023
rk45,128,8,3,0.0149,0.0005,polar3,polar,15000,180000,0.7069,0.0241,0.7027,0.0244,0.7462,0.0268,0.1043,0.0027,0.9818,0.0043,0.1886,0.0043,0.4457,0.0134
rk45,128,8,3,0.0149,0.0005,knn,knn,20000,240000,0.5648,0.0037,0.5731,0.0036,0.5683,0.0022,0.0289,0.0015,0.0139,0.0007,0.0187,0.0008,0.2959,0.0015
rk45,128,8,3,0.0149,0.0005,altered_knn,altered_knn,20000,160000,0.5554,0.0015,0.5552,0.0015,0.7161,0.0023,0.0197,0.0007,0.5694,0.0041,0.0380,0.0014,0.2966,0.0010
rk45,128,8,3,0.0149,0.0005,quadratic,quadratic,20000,240000,0.2916,0.0014,0.2814,0.0012,0.4309,0.0017,0.0214,0.0007,0.9690,0.0030,0.0418,0.0014,0.1616,0.0012
rk45,128,8,3,0.0149,0.0005,polar3,polar,20000,240000,0.7249,0.0220,0.7211,0.0223,0.7664,0.0232,0.1059,0.0032,0.9817,0.0044,0.1912,0.0052,0.4561,0.0108
rk45,128,16,3,0.0143,0.0002,knn,knn,2000,48000,0.3989,0.0030,0.4042,0.0031,0.4029,0.0024,0.0250,0.0012,0.0351,0.0009,0.0292,0.0011,0.2167,0.0020
rk45,128,16,3,0.0143,0.0002,altered_knn,altered_knn,2000,32000,0.5197,0.0536,0.5187,0.0553,0.6756,0.0381,0.0187,0.0010,0.5885,0.0656,0.0361,0.0017,0.2774,0.0285
rk45,128,16,3,0.0143,0.0002,quadratic,quadratic,2000,48000,0.1221,0.0016,0.1151,0.0017,0.1645,0.0019,0.0144,0.0002,0.6049,0.0073,0.0281,0.0005,0.0716,0.0008
rk45,128,16,3,0.0143,0.0002,polar3,polar,2000,48000,0.6942,0.0114,0.6902,0.0116,0.7166,0.0121,0.1367,0.0036,0.9725,0.0011,0.2397,0.0055,0.4649,0.0033
rk45,128,16,3,0.0143,0.0002,knn,knn,5000,120000,0.4182,0.0022,0.4238,0.0023,0.4223,0.0016,0.0247,0.0009,0.0304,0.0009,0.0273,0.0009,0.2255,0.0013
rk45,128,16,3,0.0143,0.0002,altered_knn,altered_knn,5000,80000,0.5532,0.0377,0.5532,0.0390,0.7046,0.0257,0.0190,0.0007,0.5540,0.0495,0.0367,0.0012,0.2950,0.0201
rk45,128,16,3,0.0143,0.0002,quadratic,quadratic,5000,120000,0.2002,0.0012,0.1958,0.0013,0.2465,0.0012,0.0171,0.0002,0.5030,0.0047,0.0330,0.0004,0.1144,0.0006
rk45,128,16,3,0.0143,0.0002,polar3,polar,5000,120000,0.7204,0.0147,0.7167,0.0150,0.7415,0.0154,0.1386,0.0029,0.9741,0.0014,0.2427,0.0045,0.4797,0.0058
rk45,128,16,3,0.0143,0.0002,knn,knn,10000,240000,0.4305,0.0028,0.4363,0.0030,0.4342,0.0021,0.0260,0.0007,0.0267,0.0017,0.0264,0.0012,0.2314,0.0016
rk45,128,16,3,0.0143,0.0002,altered_knn,altered_knn,10000,160000,0.6128,0.0448,0.6147,0.0464,0.7444,0.0273,0.0203,0.0006,0.4841,0.0672,0.0389,0.0009,0.3268,0.0236
rk45,128,16,3,0.0143,0.0002,quadratic,quadratic,10000,240000,0.3319,0.0018,0.3256,0.0019,0.4141,0.0006,0.0254,0.0004,0.7679,0.0093,0.0491,0.0008,0.1874,0.0013
rk45,128,16,3,0.0143,0.0002,polar3,polar,10000,240000,0.7398,0.0122,0.7364,0.0125,0.7594,0.0134,0.1433,0.0038,0.9735,0.0017,0.2498,0.0059,0.4931,0.0044
rk45,128,16,3,0.0143,0.0002,knn,knn,15000,360000,0.4362,0.0025,0.4422,0.0026,0.4399,0.0018,0.0252,0.0019,0.0250,0.0015,0.0250,0.0016,0.2336,0.0014
rk45,128,16,3,0.0143,0.0002,altered_knn,altered_knn,15000,240000,0.5267,0.0289,0.5256,0.0298,0.6890,0.0216,0.0188,0.0003,0.6000,0.0304,0.0364,0.0006,0.2810,0.0151
rk45,128,16,3,0.0143,0.0002,quadratic,quadratic,15000,360000,0.4077,0.0040,0.4002,0.0040,0.5237,0.0031,0.0283,0.0007,0.9272,0.0029,0.0548,0.0014,0.2275,0.0027
rk45,128,16,3,0.0143,0.0002,polar3,polar,15000,360000,0.7603,0.0098,0.7572,0.0100,0.7819,0.0096,0.1469,0.0036,0.9730,0.0017,0.2553,0.0055,0.5062,0.0026
rk45,128,16,3,0.0143,0.0002,knn,knn,20000,480000,0.4413,0.0026,0.4473,0.0028,0.4450,0.0020,0.0250,0.0008,0.0244,0.0013,0.0247,0.0010,0.2360,0.0009
rk45,128,16,3,0.0143,0.0002,altered_knn,altered_knn,20000,320000,0.5718,0.0014,0.5721,0.0014,0.7227,0.0017,0.0196,0.0004,0.5511,0.0017,0.0378,0.0008,0.3049,0.0011
rk45,128,16,3,0.0143,0.0002,quadratic,quadratic,20000,480000,0.4459,0.0024,0.4384,0.0025,0.5720,0.0019,0.0297,0.0005,0.9622,0.0020,0.0576,0.0010,0.2480,0.0015
rk45,128,16,3,0.0143,0.0002,polar3,polar,20000,480000,0.7801,0.0101,0.7773,0.0103,0.8039,0.0099,0.1488,0.0036,0.9727,0.0018,0.2581,0.0056,0.5177,0.0045
rk45,256,2,3,0.0230,0.0009,knn,knn,2000,6000,0.8187,0.0109,0.8380,0.0118,0.8285,0.0107,0.0332,0.0071,0.0022,0.0007,0.0041,0.0012,0.4210,0.0053
rk45,256,2,3,0.0230,0.0009,altered_knn,altered_knn,2000,4000,0.5521,0.0046,0.5524,0.0046,0.7089,0.0040,0.0275,0.0012,0.5377,0.0034,0.0523,0.0022,0.3023,0.0031
rk45,256,2,3,0.0230,0.0009,quadratic,quadratic,2000,6000,0.2443,0.0059,0.2370,0.0059,0.3239,0.0055,0.0232,0.0011,0.5545,0.0076,0.0446,0.0020,0.1408,0.0040
rk45,256,2,3,0.0230,0.0009,polar3,polar,2000,6000,0.5703,0.0087,0.5603,0.0085,0.6993,0.0070,0.0557,0.0033,0.9917,0.0049,0.1055,0.0059,0.3329,0.0071
rk45,256,2,3,0.0230,0.0009,knn,knn,5000,15000,0.8290,0.0071,0.8485,0.0080,0.8388,0.0071,0.0433,0.0038,0.0019,0.0001,0.0036,0.0003,0.4261,0.0041
rk45,256,2,3,0.0230,0.0009,altered_knn,altered_knn,5000,10000,0.5878,0.0041,0.5898,0.0041,0.7388,0.0033,0.0280,0.0010,0.5029,0.0120,0.0531,0.0017,0.3214,0.0029
rk45,256,2,3,0.0230,0.0009,quadratic,quadratic,5000,15000,0.2554,0.0070,0.2488,0.0075,0.3348,0.0068,0.0233,0.0013,0.5370,0.0134,0.0447,0.0023,0.1467,0.0037
rk45,256,2,3,0.0230,0.0009,polar3,polar,5000,15000,0.5274,0.0030,0.5165,0.0028,0.6684,0.0030,0.0491,0.0021,0.9931,0.0029,0.0935,0.0038,0.3050,0.0029
rk45,256,2,3,0.0230,0.0009,knn,knn,10000,30000,0.8357,0.0088,0.8554,0.0096,0.8455,0.0088,0.0356,0.0027,0.0015,0.0002,0.0028,0.0005,0.4291,0.0048
rk45,256,2,3,0.0230,0.0009,altered_knn,altered_knn,10000,20000,0.6070,0.0059,0.6100,0.0062,0.7543,0.0046,0.0279,0.0009,0.4763,0.0099,0.0528,0.0016,0.3314,0.0039
rk45,256,2,3,0.0230,0.0009,quadratic,quadratic,10000,30000,0.2561,0.0035,0.2491,0.0034,0.3384,0.0034,0.0235,0.0011,0.5529,0.0142,0.0450,0.0020,0.1471,0.0027
rk45,256,2,3,0.0230,0.0009,polar3,polar,10000,30000,0.4979,0.0048,0.4863,0.0044,0.6421,0.0049,0.0462,0.0021,0.9944,0.0034,0.0883,0.0038,0.2873,0.0041
rk45,256,2,3,0.0230,0.0009,knn,knn,15000,45000,0.8401,0.0083,0.8598,0.0091,0.8498,0.0083,0.0541,0.0162,0.0016,0.0006,0.0031,0.0011,0.4315,0.0042
rk45,256,2,3,0.0230,0.0009,altered_knn,altered_knn,15000,30000,0.6177,0.0053,0.6213,0.0053,0.7629,0.0038,0.0280,0.0014,0.4635,0.0076,0.0528,0.0024,0.3371,0.0038
rk45,256,2,3,0.0230,0.0009,quadratic,quadratic,15000,45000,0.2464,0.0007,0.2381,0.0005,0.3309,0.0004,0.0239,0.0010,0.5968,0.0049,0.0460,0.0019,0.1421,0.0010
rk45,256,2,3,0.0230,0.0009,polar3,polar,15000,45000,0.4841,0.0034,0.4721,0.0030,0.6297,0.0029,0.0449,0.0020,0.9946,0.0023,0.0859,0.0036,0.2790,0.0032
rk45,256,2,3,0.0230,0.0009,knn,knn,20000,60000,0.8409,0.0094,0.8607,0.0103,0.8507,0.0095,0.0362,0.0065,0.0012,0.0002,0.0022,0.0004,0.4315,0.0053
rk45,256,2,3,0.0230,0.0009,altered_knn,altered_knn,20000,40000,0.6249,0.0058,0.6289,0.0060,0.7685,0.0043,0.0280,0.0009,0.4551,0.0113,0.0528,0.0016,0.3409,0.0038
rk45,256,2,3,0.0230,0.0009,quadratic,quadratic,20000,60000,0.2240,0.0036,0.2139,0.0045,0.3095,0.0040,0.0238,0.0012,0.6524,0.0174,0.0460,0.0023,0.1300,0.0012
rk45,256,2,3,0.0230,0.0009,polar3,polar,20000,60000,0.4770,0.0018,0.4649,0.0016,0.6238,0.0018,0.0441,0.0017,0.9942,0.0027,0.0844,0.0032,0.2746,0.0021
rk45,256,4,3,0.0192,0.0005,knn,knn,2000,12000,0.6904,0.0104,0.7037,0.0103,0.6970,0.0097,0.0291,0.0040,0.0066,0.0007,0.0107,0.0007,0.3572,0.0049
rk45,256,4,3,0.0192,0.0005,altered_knn,altered_knn,2000,8000,0.5111,0.0071,0.5098,0.0074,0.6780,0.0063,0.0228,0.0007,0.5795,0.0125,0.0438,0.0013,0.2768,0.0042
rk45,256,4,3,0.0192,0.0005,quadratic,quadratic,2000,12000,0.1477,0.0032,0.1390,0.0033,0.1946,0.0031,0.0194,0.0004,0.5900,0.0128,0.0375,0.0007,0.0883,0.0020
rk45,256,4,3,0.0192,0.0005,polar3,polar,2000,12000,0.5007,0.0088,0.4911,0.0088,0.6250,0.0071,0.0441,0.0023,0.9918,0.0005,0.0844,0.0042,0.2877,0.0064
rk45,256,4,3,0.0192,0.0005,knn,knn,5000,30000,0.7040,0.0120,0.7177,0.0119,0.7105,0.0112,0.0381,0.0018,0.0053,0.0005,0.0093,0.0009,0.3635,0.0063
rk45,256,4,3,0.0192,0.0005,altered_knn,altered_knn,5000,20000,0.5416,0.0031,0.5415,0.0031,0.7049,0.0024,0.0230,0.0008,0.5488,0.0066,0.0442,0.0014,0.2929,0.0019
rk45,256,4,3,0.0192,0.0005,quadratic,quadratic,5000,30000,0.1676,0.0017,0.1610,0.0019,0.2136,0.0018,0.0192,0.0003,0.5067,0.0091,0.0369,0.0006,0.0990,0.0010
rk45,256,4,3,0.0192,0.0005,polar3,polar,5000,30000,0.4806,0.0037,0.4706,0.0039,0.6151,0.0060,0.0401,0.0013,0.9928,0.0004,0.0772,0.0024,0.2739,0.0021
rk45,256,4,3,0.0192,0.0005,knn,knn,10000,60000,0.7160,0.0102,0.7299,0.0101,0.7226,0.0097,0.0300,0.0060,0.0043,0.0011,0.0075,0.0019,0.3687,0.0060
rk45,256,4,3,0.0192,0.0005,altered_knn,altered_knn,10000,40000,0.5651,0.0031,0.5660,0.0031,0.7242,0.0024,0.0232,0.0007,0.5217,0.0066,0.0444,0.0013,0.3052,0.0018
rk45,256,4,3,0.0192,0.0005,quadratic,quadratic,10000,60000,0.1826,0.0003,0.1767,0.0001,0.2296,0.0002,0.0195,0.0005,0.4840,0.0077,0.0376,0.0010,0.1071,0.0005
rk45,256,4,3,0.0192,0.0005,polar3,polar,10000,60000,0.4734,0.0071,0.4632,0.0075,0.6090,0.0123,0.0394,0.0014,0.9930,0.0005,0.0757,0.0026,0.2695,0.0029
rk45,256,4,3,0.0192,0.0005,knn,knn,15000,90000,0.7204,0.0087,0.7343,0.0085,0.7271,0.0081,0.0329,0.0070,0.0045,0.0008,0.0079,0.0014,0.3711,0.0039
rk45,256,4,3,0.0192,0.0005,altered_knn,altered_knn,15000,60000,0.5774,0.0025,0.5788,0.0023,0.7343,0.0018,0.0233,0.0010,0.5086,0.0143,0.0446,0.0019,0.3117,0.0016
rk45,256,4,3,0.0192,0.0005,quadratic,quadratic,15000,90000,0.1819,0.0016,0.1755,0.0017,0.2324,0.0019,0.0194,0.0003,0.5116,0.0062,0.0374,0.0006,0.1064,0.0007
rk45,256,4,3,0.0192,0.0005,polar3,polar,15000,90000,0.4740,0.0119,0.4638,0.0123,0.6090,0.0182,0.0392,0.0011,0.9929,0.0003,0.0755,0.0020,0.2696,0.0054
rk45,256,4,3,0.0192,0.0005,knn,knn,20000,120000,0.7220,0.0090,0.7361,0.0089,0.7288,0.0085,0.0400,0.0143,0.0048,0.0016,0.0086,0.0030,0.3723,0.0059
rk45,256,4,3,0.0192,0.0005,altered_knn,altered_knn,20000,80000,0.5840,0.0027,0.5856,0.0025,0.7395,0.0020,0.0234,0.0009,0.5031,0.0107,0.0448,0.0017,0.3152,0.0018
rk45,256,4,3,0.0192,0.0005,quadratic,quadratic,20000,120000,0.1829,0.0005,0.1754,0.0003,0.2382,0.0002,0.0201,0.0006,0.5665,0.0060,0.0389,0.0012,0.1071,0.0007
rk45,256,4,3,0.0192,0.0005,polar3,polar,20000,120000,0.4771,0.0134,0.4670,0.0139,0.6125,0.0203,0.0393,0.0010,0.9930,0.0001,0.0757,0.0019,0.2713,0.0060
rk45,256,8,3,0.0175,0.0012,knn,knn,2000,24000,0.5604,0.0018,0.5701,0.0015,0.5660,0.0019,0.0264,0.0015,0.0177,0.0022,0.0210,0.0011,0.2956,0.0012
rk45,256,8,3,0.0175,0.0012,altered_knn,altered_knn,2000,16000,0.5106,0.0278,0.5090,0.0288,0.6765,0.0233,0.0218,0.0017,0.5979,0.0272,0.0420,0.0031,0.2755,0.0151
rk45,256,8,3,0.0175,0.0012,quadratic,quadratic,2000,24000,0.0949,0.0027,0.0851,0.0025,0.1265,0.0024,0.0172,0.0011,0.6474,0.0154,0.0336,0.0022,0.0593,0.0022
rk45,256,8,3,0.0175,0.0012,polar3,polar,2000,24000,0.4640,0.0147,0.4548,0.0147,0.5836,0.0160,0.0387,0.0032,0.9796,0.0024,0.0745,0.0060,0.2647,0.0094
rk45,256,8,3,0.0175,0.0012,knn,knn,5000,60000,0.5808,0.0029,0.5909,0.0023,0.5862,0.0032,0.0284,0.0038,0.0143,0.0013,0.0190,0.0020,0.3050,0.0005
rk45,256,8,3,0.0175,0.0012,altered_knn,altered_knn,5000,40000,0.5278,0.0023,0.5268,0.0025,0.6927,0.0024,0.0220,0.0017,0.5840,0.0080,0.0424,0.0032,0.2846,0.0013
rk45,256,8,3,0.0175,0.0012,quadratic,quadratic,5000,60000,0.1126,0.0009,0.1051,0.0014,0.1436,0.0015,0.0172,0.0014,0.5363,0.0088,0.0333,0.0026,0.0692,0.0009
rk45,256,8,3,0.0175,0.0012,polar3,polar,5000,60000,0.4761,0.0231,0.4671,0.0232,0.5985,0.0277,0.0387,0.0030,0.9811,0.0038,0.0744,0.0055,0.2707,0.0136
rk45,256,8,3,0.0175,0.0012,knn,knn,10000,120000,0.5928,0.0025,0.6032,0.0021,0.5982,0.0024,0.0265,0.0014,0.0123,0.0011,0.0168,0.0011,0.3100,0.0016
rk45,256,8,3,0.0175,0.0012,altered_knn,altered_knn,10000,80000,0.5523,0.0014,0.5522,0.0015,0.7131,0.0013,0.0223,0.0016,0.5577,0.0026,0.0428,0.0029,0.2975,0.0009
rk45,256,8,3,0.0175,0.0012,quadratic,quadratic,10000,120000,0.1272,0.0013,0.1208,0.0018,0.1579,0.0020,0.0177,0.0013,0.4883,0.0052,0.0341,0.0024,0.0774,0.0007
rk45,256,8,3,0.0175,0.0012,polar3,polar,10000,120000,0.4888,0.0270,0.4801,0.0270,0.6048,0.0348,0.0404,0.0030,0.9786,0.0037,0.0775,0.0056,0.2788,0.0155
rk45,256,8,3,0.0175,0.0012,knn,knn,15000,180000,0.6009,0.0021,0.6114,0.0021,0.6062,0.0019,0.0274,0.0009,0.0120,0.0008,0.0167,0.0008,0.3140,0.0006
rk45,256,8,3,0.0175,0.0012,altered_knn,altered_knn,15000,120000,0.5418,0.0320,0.5413,0.0330,0.7043,0.0262,0.0223,0.0020,0.5706,0.0312,0.0428,0.0036,0.2921,0.0183
rk45,256,8,3,0.0175,0.0012,quadratic,quadratic,15000,180000,0.1401,0.0002,0.1339,0.0006,0.1747,0.0010,0.0178,0.0012,0.4917,0.0017,0.0344,0.0023,0.0841,0.0009
rk45,256,8,3,0.0175,0.0012,polar3,polar,15000,180000,0.4900,0.0166,0.4812,0.0164,0.6026,0.0204,0.0411,0.0030,0.9789,0.0035,0.0789,0.0055,0.2801,0.0106
rk45,256,8,3,0.0175,0.0012,knn,knn,20000,240000,0.6042,0.0027,0.6148,0.0025,0.6094,0.0028,0.0275,0.0047,0.0109,0.0015,0.0156,0.0023,0.3152,0.0017
rk45,256,8,3,0.0175,0.0012,altered_knn,altered_knn,20000,160000,0.5266,0.0338,0.5255,0.0350,0.6920,0.0278,0.0222,0.0016,0.5920,0.0323,0.0427,0.0030,0.2841,0.0183
rk45,256,8,3,0.0175,0.0012,quadratic,quadratic,20000,240000,0.1493,0.0020,0.1425,0.0023,0.1895,0.0018,0.0182,0.0013,0.5293,0.0131,0.0352,0.0025,0.0888,0.0015
rk45,256,8,3,0.0175,0.0012,polar3,polar,20000,240000,0.5048,0.0328,0.4964,0.0331,0.6193,0.0420,0.0417,0.0029,0.9777,0.0036,0.0801,0.0054,0.2882,0.0181
rk45,256,16,3,0.0166,0.0003,knn,knn,2000,48000,0.4414,0.0035,0.4484,0.0035,0.4479,0.0033,0.0228,0.0005,0.0287,0.0022,0.0254,0.0011,0.2369,0.0012
rk45,256,16,3,0.0166,0.0003,altered_knn,altered_knn,2000,32000,0.5033,0.0013,0.5016,0.0014,0.6668,0.0012,0.0208,0.0004,0.6026,0.0026,0.0402,0.0007,0.2709,0.0005
rk45,256,16,3,0.0166,0.0003,quadratic,quadratic,2000,48000,0.0572,0.0011,0.0447,0.0013,0.0751,0.0017,0.0165,0.0003,0.7940,0.0101,0.0323,0.0006,0.0385,0.0007
rk45,256,16,3,0.0166,0.0003,polar3,polar,2000,48000,0.4447,0.0077,0.4356,0.0077,0.5532,0.0114,0.0374,0.0005,0.9809,0.0033,0.0721,0.0010,0.2539,0.0039
rk45,256,16,3,0.0166,0.0003,knn,knn,5000,120000,0.4641,0.0034,0.4715,0.0033,0.4703,0.0028,0.0239,0.0011,0.0239,0.0006,0.0239,0.0008,0.2477,0.0017
rk45,256,16,3,0.0166,0.0003,altered_knn,altered_knn,5000,80000,0.5087,0.0011,0.5071,0.0012,0.6740,0.0014,0.0209,0.0004,0.6027,0.0054,0.0403,0.0008,0.2737,0.0003
rk45,256,16,3,0.0166,0.0003,quadratic,quadratic,5000,120000,0.0745,0.0007,0.0646,0.0007,0.0969,0.0008,0.0164,0.0003,0.6607,0.0077,0.0321,0.0005,0.0483,0.0005
rk45,256,16,3,0.0166,0.0003,polar3,polar,5000,120000,0.4926,0.0177,0.4844,0.0180,0.5855,0.0190,0.0432,0.0011,0.9788,0.0030,0.0827,0.0020,0.2835,0.0096
rk45,256,16,3,0.0166,0.0003,knn,knn,10000,240000,0.4777,0.0021,0.4854,0.0020,0.4840,0.0017,0.0234,0.0020,0.0218,0.0020,0.0226,0.0020,0.2540,0.0019
rk45,256,16,3,0.0166,0.0003,altered_knn,altered_knn,10000,160000,0.5327,0.0009,0.5319,0.0010,0.6945,0.0012,0.0212,0.0005,0.5786,0.0046,0.0408,0.0009,0.2864,0.0004
rk45,256,16,3,0.0166,0.0003,quadratic,quadratic,10000,240000,0.0971,0.0004,0.0897,0.0003,0.1213,0.0004,0.0167,0.0003,0.5330,0.0020,0.0323,0.0005,0.0610,0.0004
rk45,256,16,3,0.0166,0.0003,polar3,polar,10000,240000,0.5140,0.0168,0.5061,0.0170,0.5987,0.0170,0.0465,0.0007,0.9773,0.0034,0.0888,0.0013,0.2975,0.0086
rk45,256,16,3,0.0166,0.0003,knn,knn,15000,360000,0.4865,0.0028,0.4944,0.0027,0.4927,0.0026,0.0250,0.0011,0.0213,0.0016,0.0230,0.0014,0.2587,0.0019
rk45,256,16,3,0.0166,0.0003,altered_knn,altered_knn,15000,240000,0.5182,0.0185,0.5169,0.0191,0.6831,0.0148,0.0210,0.0006,0.5961,0.0189,0.0406,0.0010,0.2787,0.0100
rk45,256,16,3,0.0166,0.0003,quadratic,quadratic,15000,360000,0.1137,0.0009,0.1067,0.0010,0.1424,0.0010,0.0172,0.0001,0.5298,0.0057,0.0333,0.0003,0.0700,0.0004
rk45,256,16,3,0.0166,0.0003,polar3,polar,15000,360000,0.5259,0.0108,0.5182,0.0110,0.6066,0.0100,0.0485,0.0011,0.9770,0.0031,0.0925,0.0019,0.3054,0.0058
rk45,256,16,3,0.0166,0.0003,knn,knn,20000,480000,0.4909,0.0025,0.4989,0.0024,0.4971,0.0021,0.0256,0.0001,0.0210,0.0005,0.0230,0.0003,0.2610,0.0011
rk45,256,16,3,0.0166,0.0003,altered_knn,altered_knn,20000,320000,0.5032,0.0014,0.5013,0.0015,0.6712,0.0016,0.0208,0.0004,0.6137,0.0076,0.0403,0.0007,0.2708,0.0005
rk45,256,16,3,0.0166,0.0003,quadratic,quadratic,20000,480000,0.1266,0.0004,0.1191,0.0005,0.1608,0.0003,0.0179,0.0003,0.5692,0.0021,0.0347,0.0006,0.0769,0.0002
rk45,256,16,3,0.0166,0.0003,polar3,polar,20000,480000,0.5321,0.0158,0.5246,0.0161,0.6096,0.0157,0.0501,0.0008,0.9762,0.0033,0.0953,0.0014,0.3099,0.0084
rk45,512,2,3,0.0299,0.0011,knn,knn,2000,6000,0.8302,0.0069,0.8556,0.0062,0.8430,0.0060,0.0449,0.0017,0.0022,0.0005,0.0042,0.0009,0.4299,0.0028
rk45,512,2,3,0.0299,0.0011,altered_knn,altered_knn,2000,4000,0.5726,0.0074,0.5744,0.0075,0.7247,0.0060,0.0357,0.0025,0.5115,0.0160,0.0668,0.0045,0.3206,0.0050
rk45,512,2,3,0.0299,0.0011,quadratic,quadratic,2000,6000,0.2155,0.0054,0.2034,0.0059,0.2885,0.0059,0.0301,0.0011,0.6077,0.0118,0.0573,0.0020,0.1303,0.0030
rk45,512,2,3,0.0299,0.0011,polar3,polar,2000,6000,0.4177,0.0041,0.4009,0.0047,0.5446,0.0054,0.0533,0.0012,0.9646,0.0062,0.1010,0.0022,0.2509,0.0014
rk45,512,2,3,0.0299,0.0011,knn,knn,5000,15000,0.8374,0.0090,0.8631,0.0083,0.8504,0.0085,0.0534,0.0107,0.0026,0.0014,0.0050,0.0026,0.4340,0.0053
rk45,512,2,3,0.0299,0.0011,altered_knn,altered_knn,5000,10000,0.6020,0.0052,0.6056,0.0051,0.7490,0.0042,0.0364,0.0025,0.4829,0.0166,0.0676,0.0044,0.3366,0.0037
rk45,512,2,3,0.0299,0.0011,quadratic,quadratic,5000,15000,0.2064,0.0090,0.1934,0.0091,0.2770,0.0092,0.0302,0.0014,0.6304,0.0174,0.0577,0.0026,0.1255,0.0058
rk45,512,2,3,0.0299,0.0011,polar3,polar,5000,15000,0.3408,0.0033,0.3222,0.0039,0.4625,0.0045,0.0457,0.0011,0.9442,0.0104,0.0871,0.0020,0.2047,0.0010
rk45,512,2,3,0.0299,0.0011,knn,knn,10000,30000,0.8432,0.0075,0.8691,0.0067,0.8561,0.0069,0.0376,0.0094,0.0013,0.0006,0.0024,0.0012,0.4357,0.0040
rk45,512,2,3,0.0299,0.0011,altered_knn,altered_knn,10000,20000,0.6220,0.0055,0.6270,0.0055,0.7648,0.0043,0.0365,0.0024,0.4580,0.0143,0.0676,0.0043,0.3473,0.0039
rk45,512,2,3,0.0299,0.0011,quadratic,quadratic,10000,30000,0.1919,0.0040,0.1778,0.0042,0.2620,0.0039,0.0298,0.0009,0.6517,0.0179,0.0569,0.0016,0.1174,0.0028
rk45,512,2,3,0.0299,0.0011,polar3,polar,10000,30000,0.3115,0.0066,0.2921,0.0070,0.4257,0.0102,0.0441,0.0012,0.9425,0.0141,0.0842,0.0022,0.1881,0.0030
rk45,512,2,3,0.0299,0.0011,knn,knn,15000,45000,0.8468,0.0074,0.8728,0.0067,0.8596,0.0067,0.0531,0.0385,0.0014,0.0011,0.0028,0.0021,0.4378,0.0027
rk45,512,2,3,0.0299,0.0011,altered_knn,altered_knn,15000,30000,0.6331,0.0042,0.6388,0.0041,0.7735,0.0033,0.0370,0.0026,0.4499,0.0158,0.0683,0.0046,0.3535,0.0033
rk45,512,2,3,0.0299,0.0011,quadratic,quadratic,15000,45000,0.2038,0.0046,0.1907,0.0055,0.2756,0.0059,0.0299,0.0012,0.6304,0.0231,0.0571,0.0023,0.1239,0.0023
rk45,512,2,3,0.0299,0.0011,polar3,polar,15000,45000,0.2896,0.0077,0.2700,0.0078,0.3951,0.0104,0.0430,0.0015,0.9273,0.0122,0.0822,0.0028,0.1761,0.0043
rk45,512,2,3,0.0299,0.0011,knn,knn,20000,60000,0.8474,0.0080,0.8735,0.0072,0.8603,0.0072,0.0350,0.0094,0.0010,0.0003,0.0019,0.0005,0.4377,0.0035
rk45,512,2,3,0.0299,0.0011,altered_knn,altered_knn,20000,40000,0.6396,0.0037,0.6457,0.0037,0.7785,0.0029,0.0371,0.0024,0.4430,0.0133,0.0685,0.0042,0.3571,0.0030
rk45,512,2,3,0.0299,0.0011,quadratic,quadratic,20000,60000,0.1891,0.0027,0.1747,0.0025,0.2594,0.0027,0.0297,0.0011,0.6579,0.0073,0.0567,0.0019,0.1157,0.0022
rk45,512,2,3,0.0299,0.0011,polar3,polar,20000,60000,0.2802,0.0046,0.2602,0.0053,0.3798,0.0074,0.0434,0.0013,0.9284,0.0029,0.0829,0.0024,0.1715,0.0015
rk45,512,4,3,0.0263,0.0001,knn,knn,2000,12000,0.7061,0.0078,0.7250,0.0079,0.7154,0.0074,0.0310,0.0035,0.0058,0.0010,0.0098,0.0015,0.3674,0.0043
rk45,512,4,3,0.0263,0.0001,altered_knn,altered_knn,2000,8000,0.5139,0.0056,0.5116,0.0058,0.6766,0.0048,0.0322,0.0002,0.5993,0.0010,0.0611,0.0004,0.2864,0.0031
rk45,512,4,3,0.0263,0.0001,quadratic,quadratic,2000,12000,0.1289,0.0009,0.1152,0.0007,0.1678,0.0010,0.0261,0.0002,0.6353,0.0070,0.0502,0.0004,0.0827,0.0006
rk45,512,4,3,0.0263,0.0001,polar3,polar,2000,12000,0.3437,0.0027,0.3264,0.0030,0.4563,0.0032,0.0447,0.0004,0.9839,0.0068,0.0855,0.0007,0.2059,0.0015
rk45,512,4,3,0.0263,0.0001,knn,knn,5000,30000,0.7210,0.0057,0.7403,0.0059,0.7304,0.0050,0.0344,0.0020,0.0060,0.0009,0.0101,0.0013,0.3752,0.0024
rk45,512,4,3,0.0263,0.0001,altered_knn,altered_knn,5000,20000,0.5510,0.0039,0.5509,0.0040,0.7092,0.0034,0.0324,0.0004,0.5540,0.0037,0.0612,0.0007,0.3061,0.0023
rk45,512,4,3,0.0263,0.0001,quadratic,quadratic,5000,30000,0.1223,0.0025,0.1086,0.0031,0.1581,0.0034,0.0260,0.0005,0.6297,0.0188,0.0499,0.0009,0.0793,0.0012
rk45,512,4,3,0.0263,0.0001,polar3,polar,5000,30000,0.2698,0.0041,0.2504,0.0042,0.3741,0.0070,0.0389,0.0003,0.9867,0.0036,0.0748,0.0006,0.1626,0.0020
rk45,512,4,3,0.0263,0.0001,knn,knn,10000,60000,0.7307,0.0075,0.7503,0.0077,0.7399,0.0073,0.0363,0.0023,0.0043,0.0002,0.0077,0.0003,0.3790,0.0039
rk45,512,4,3,0.0263,0.0001,altered_knn,altered_knn,10000,40000,0.5736,0.0044,0.5749,0.0045,0.7284,0.0035,0.0325,0.0003,0.5258,0.0056,0.0612,0.0006,0.3180,0.0025
rk45,512,4,3,0.0263,0.0001,quadratic,quadratic,10000,60000,0.1226,0.0036,0.1090,0.0039,0.1575,0.0042,0.0260,0.0002,0.6256,0.0081,0.0498,0.0004,0.0794,0.0020
rk45,512,4,3,0.0263,0.0001,polar3,polar,10000,60000,0.2425,0.0092,0.2223,0.0094,0.3402,0.0144,0.0370,0.0002,0.9890,0.0040,0.0714,0.0004,0.1469,0.0047
rk45,512,4,3,0.0263,0.0001,knn,knn,15000,90000,0.7342,0.0071,0.7539,0.0073,0.7436,0.0067,0.0435,0.0089,0.0052,0.0009,0.0093,0.0017,0.3816,0.0028
rk45,512,4,3,0.0263,0.0001,altered_knn,altered_knn,15000,60000,0.5853,0.0045,0.5872,0.0047,0.7380,0.0037,0.0330,0.0001,0.5180,0.0046,0.0620,0.0001,0.3246,0.0024
rk45,512,4,3,0.0263,0.0001,quadratic,quadratic,15000,90000,0.1256,0.0002,0.1124,0.0002,0.1609,0.0004,0.0261,0.0002,0.6157,0.0043,0.0501,0.0004,0.0813,0.0003
rk45,512,4,3,0.0263,0.0001,polar3,polar,15000,90000,0.2353,0.0091,0.2150,0.0094,0.3302,0.0138,0.0367,0.0003,0.9886,0.0042,0.0708,0.0006,0.1429,0.0047
rk45,512,4,3,0.0263,0.0001,knn,knn,20000,120000,0.7390,0.0067,0.7589,0.0069,0.7484,0.0062,0.0364,0.0039,0.0039,0.0002,0.0070,0.0004,0.3829,0.0036
rk45,512,4,3,0.0263,0.0001,altered_knn,altered_knn,20000,80000,0.5932,0.0043,0.5954,0.0043,0.7442,0.0035,0.0330,0.0004,0.5084,0.0017,0.0620,0.0006,0.3287,0.0025
rk45,512,4,3,0.0263,0.0001,quadratic,quadratic,20000,120000,0.1305,0.0026,0.1177,0.0027,0.1664,0.0027,0.0262,0.0002,0.6045,0.0044,0.0502,0.0005,0.0839,0.0015
rk45,512,4,3,0.0263,0.0001,polar3,polar,20000,120000,0.2356,0.0161,0.2153,0.0166,0.3300,0.0264,0.0368,0.0002,0.9893,0.0041,0.0709,0.0004,0.1431,0.0082
rk45,512,8,3,0.0226,0.0010,knn,knn,2000,24000,0.5868,0.0016,0.6001,0.0013,0.5955,0.0016,0.0318,0.0034,0.0149,0.0014,0.0202,0.0020,0.3102,0.0013
rk45,512,8,3,0.0226,0.0010,altered_knn,altered_knn,2000,16000,0.5064,0.0024,0.5043,0.0025,0.6699,0.0020,0.0275,0.0012,0.5978,0.0022,0.0526,0.0022,0.2784,0.0015
rk45,512,8,3,0.0226,0.0010,quadratic,quadratic,2000,24000,0.0810,0.0008,0.0667,0.0005,0.1027,0.0006,0.0223,0.0011,0.6972,0.0022,0.0433,0.0020,0.0550,0.0011
rk45,512,8,3,0.0226,0.0010,polar3,polar,2000,24000,0.3107,0.0036,0.2952,0.0041,0.4191,0.0046,0.0370,0.0014,0.9822,0.0085,0.0714,0.0026,0.1833,0.0018
rk45,512,8,3,0.0226,0.0010,knn,knn,5000,60000,0.6042,0.0007,0.6179,0.0004,0.6134,0.0007,0.0295,0.0003,0.0134,0.0006,0.0184,0.0006,0.3182,0.0005
rk45,512,8,3,0.0226,0.0010,altered_knn,altered_knn,5000,40000,0.5429,0.0017,0.5425,0.0019,0.7019,0.0012,0.0280,0.0012,0.5616,0.0077,0.0534,0.0021,0.2979,0.0019
rk45,512,8,3,0.0226,0.0010,quadratic,quadratic,5000,60000,0.0804,0.0011,0.0671,0.0020,0.0995,0.0022,0.0224,0.0010,0.6549,0.0097,0.0434,0.0019,0.0552,0.0001
rk45,512,8,3,0.0226,0.0010,polar3,polar,5000,60000,0.2671,0.0055,0.2505,0.0053,0.3751,0.0065,0.0332,0.0016,0.9865,0.0062,0.0643,0.0030,0.1574,0.0035
rk45,512,8,3,0.0226,0.0010,knn,knn,10000,120000,0.6181,0.0026,0.6321,0.0021,0.6272,0.0022,0.0308,0.0031,0.0126,0.0013,0.0178,0.0018,0.3250,0.0013
rk45,512,8,3,0.0226,0.0010,altered_knn,altered_knn,10000,80000,0.5437,0.0322,0.5432,0.0338,0.7022,0.0275,0.0281,0.0007,0.5616,0.0315,0.0535,0.0013,0.2983,0.0162
rk45,512,8,3,0.0226,0.0010,quadratic,quadratic,10000,120000,0.0807,0.0012,0.0678,0.0021,0.0989,0.0020,0.0224,0.0010,0.6351,0.0105,0.0434,0.0019,0.0556,0.0001
rk45,512,8,3,0.0226,0.0010,polar3,polar,10000,120000,0.2604,0.0052,0.2436,0.0058,0.3652,0.0063,0.0327,0.0014,0.9865,0.0060,0.0634,0.0025,0.1535,0.0022
rk45,512,8,3,0.0226,0.0010,knn,knn,15000,180000,0.6256,0.0013,0.6398,0.0007,0.6345,0.0010,0.0310,0.0027,0.0112,0.0005,0.0164,0.0006,0.3281,0.0004
rk45,512,8,3,0.0226,0.0010,altered_knn,altered_knn,15000,120000,0.5089,0.0015,0.5068,0.0016,0.6735,0.0012,0.0275,0.0012,0.5982,0.0079,0.0526,0.0022,0.2797,0.0018
rk45,512,8,3,0.0226,0.0010,quadratic,quadratic,15000,180000,0.0777,0.0023,0.0650,0.0024,0.0942,0.0026,0.0222,0.0009,0.6240,0.0136,0.0430,0.0016,0.0540,0.0017
rk45,512,8,3,0.0226,0.0010,polar3,polar,15000,180000,0.2667,0.0068,0.2500,0.0072,0.3723,0.0083,0.0330,0.0015,0.9865,0.0061,0.0639,0.0028,0.1570,0.0033
rk45,512,8,3,0.0226,0.0010,knn,knn,20000,240000,0.6291,0.0030,0.6434,0.0024,0.6381,0.0026,0.0319,0.0023,0.0118,0.0008,0.0172,0.0011,0.3303,0.0015
rk45,512,8,3,0.0226,0.0010,altered_knn,altered_knn,20000,160000,0.5409,0.0330,0.5403,0.0344,0.7004,0.0270,0.0280,0.0013,0.5649,0.0281,0.0534,0.0023,0.2968,0.0174
rk45,512,8,3,0.0226,0.0010,quadratic,quadratic,20000,240000,0.0828,0.0003,0.0706,0.0009,0.1010,0.0009,0.0225,0.0011,0.6119,0.0061,0.0435,0.0020,0.0570,0.0006
rk45,512,8,3,0.0226,0.0010,polar3,polar,20000,240000,0.2672,0.0065,0.2505,0.0071,0.3734,0.0079,0.0330,0.0014,0.9865,0.0060,0.0639,0.0027,0.1572,0.0029
rk45,512,16,3,0.0243,0.0015,knn,knn,2000,48000,0.4703,0.0025,0.4813,0.0019,0.4800,0.0024,0.0317,0.0011,0.0311,0.0030,0.0313,0.0012,0.2563,0.0014
rk45,512,16,3,0.0243,0.0015,altered_knn,altered_knn,2000,32000,0.5125,0.0151,0.5075,0.0158,0.6717,0.0132,0.0357,0.0011,0.7123,0.0068,0.0679,0.0020,0.2877,0.0071
rk45,512,16,3,0.0243,0.0015,quadratic,quadratic,2000,48000,0.0479,0.0013,0.0287,0.0007,0.0501,0.0011,0.0234,0.0015,0.8185,0.0021,0.0454,0.0028,0.0371,0.0014
rk45,512,16,3,0.0243,0.0015,polar3,polar,2000,48000,0.2874,0.0022,0.2725,0.0028,0.3893,0.0038,0.0354,0.0026,0.8838,0.0084,0.0681,0.0048,0.1703,0.0019
rk45,512,16,3,0.0243,0.0015,knn,knn,5000,120000,0.4934,0.0032,0.5051,0.0025,0.5030,0.0030,0.0335,0.0020,0.0265,0.0012,0.0295,0.0005,0.2673,0.0011
rk45,512,16,3,0.0243,0.0015,altered_knn,altered_knn,5000,80000,0.5280,0.0005,0.5236,0.0004,0.6866,0.0011,0.0362,0.0015,0.7028,0.0138,0.0689,0.0026,0.2963,0.0011
rk45,512,16,3,0.0243,0.0015,quadratic,quadratic,5000,120000,0.0480,0.0017,0.0302,0.0009,0.0502,0.0011,0.0233,0.0014,0.7648,0.0053,0.0452,0.0026,0.0377,0.0017
rk45,512,16,3,0.0243,0.0015,polar3,polar,5000,120000,0.2927,0.0029,0.2776,0.0022,0.4025,0.0035,0.0346,0.0026,0.9013,0.0061,0.0666,0.0048,0.1721,0.0031
rk45,512,16,3,0.0243,0.0015,knn,knn,10000,240000,0.5089,0.0019,0.5209,0.0012,0.5185,0.0016,0.0340,0.0009,0.0253,0.0020,0.0289,0.0012,0.2749,0.0012
rk45,512,16,3,0.0243,0.0015,altered_knn,altered_knn,10000,160000,0.5348,0.0243,0.5306,0.0254,0.6926,0.0209,0.0366,0.0009,0.7000,0.0100,0.0696,0.0016,0.3001,0.0124
rk45,512,16,3,0.0243,0.0015,quadratic,quadratic,10000,240000,0.0521,0.0013,0.0370,0.0005,0.0553,0.0006,0.0238,0.0016,0.6601,0.0061,0.0459,0.0029,0.0414,0.0016
rk45,512,16,3,0.0243,0.0015,polar3,polar,10000,240000,0.3034,0.0031,0.2886,0.0029,0.4138,0.0054,0.0351,0.0026,0.8992,0.0066,0.0675,0.0049,0.1781,0.0029
rk45,512,16,3,0.0243,0.0015,knn,knn,15000,360000,0.5179,0.0028,0.5303,0.0021,0.5274,0.0022,0.0331,0.0012,0.0216,0.0005,0.0262,0.0007,0.2782,0.0009
rk45,512,16,3,0.0243,0.0015,altered_knn,altered_knn,15000,240000,0.5087,0.0081,0.5033,0.0084,0.6717,0.0079,0.0355,0.0012,0.7250,0.0082,0.0677,0.0022,0.2855,0.0034
rk45,512,16,3,0.0243,0.0015,quadratic,quadratic,15000,360000,0.0542,0.0012,0.0394,0.0004,0.0586,0.0004,0.0237,0.0016,0.6481,0.0036,0.0457,0.0030,0.0426,0.0016
rk45,512,16,3,0.0243,0.0015,polar3,polar,15000,360000,0.3022,0.0028,0.2873,0.0039,0.4089,0.0071,0.0352,0.0026,0.8999,0.0080,0.0678,0.0048,0.1775,0.0009
rk45,512,16,3,0.0243,0.0015,knn,knn,20000,480000,0.5237,0.0029,0.5362,0.0022,0.5329,0.0024,0.0356,0.0014,0.0219,0.0012,0.0271,0.0010,0.2816,0.0015
rk45,512,16,3,0.0243,0.0015,altered_knn,altered_knn,20000,320000,0.5178,0.0074,0.5128,0.0078,0.6797,0.0072,0.0360,0.0014,0.7198,0.0070,0.0686,0.0024,0.2907,0.0030
rk45,512,16,3,0.0243,0.0015,quadratic,quadratic,20000,480000,0.0580,0.0012,0.0438,0.0005,0.0641,0.0005,0.0236,0.0015,0.6270,0.0022,0.0456,0.0028,0.0447,0.0016
rk45,512,16,3,0.0243,0.0015,polar3,polar,20000,480000,0.3006,0.0031,0.2857,0.0041,0.4069,0.0087,0.0351,0.0026,0.9002,0.0066,0.0675,0.0049,0.1766,0.0007
